topology_id,perm_idx,circuit_log,toxicity,gate_assignments,part_names,source,gate_count
deab6c1f,0,4.6751127270413235,0.8728822469711304,"[4, 1, 2, 19]","[""BM3R1/B2"", ""AmtR/A1"", ""BetI/E1"", ""SrpR/S4""]","[""0x2B"", ""0x4D"", ""0x71""]",4
deab6c1f,0,4.909007959062401,0.8700499534606934,"[4, 1, 15, 2]","[""BM3R1/B2"", ""AmtR/A1"", ""QacR/Q2"", ""BetI/E1""]","[""0x2B"", ""0x4D"", ""0x71""]",4
deab6c1f,0,4.030258792307587,0.8743246793746948,"[4, 1, 19, 2]","[""BM3R1/B2"", ""AmtR/A1"", ""SrpR/S4"", ""BetI/E1""]","[""0x2B"", ""0x4D"", ""0x71""]",4
deab6c1f,0,0.09316429805950517,0.886237382888794,"[4, 15, 2, 10]","[""BM3R1/B2"", ""QacR/Q2"", ""BetI/E1"", ""PhlF/P1""]","[""0x2B"", ""0x4D"", ""0x71""]",4
deab6c1f,0,0.10766422729212433,0.8852872252464294,"[4, 15, 10, 19]","[""BM3R1/B2"", ""QacR/Q2"", ""PhlF/P1"", ""SrpR/S4""]","[""0x2B"", ""0x4D"", ""0x71""]",4
deab6c1f,0,0.054901861409539975,0.8873525857925415,"[4, 15, 19, 10]","[""BM3R1/B2"", ""QacR/Q2"", ""SrpR/S4"", ""PhlF/P1""]","[""0x2B"", ""0x4D"", ""0x71""]",4
deab6c1f,0,0.6132577765881805,0.8775099515914917,"[10, 15, 19, 4]","[""PhlF/P1"", ""QacR/Q2"", ""SrpR/S4"", ""BM3R1/B2""]","[""0x2B"", ""0x4D"", ""0x71""]",4
deab6c1f,1,4.755604911816711,0.8705331087112427,"[4, 1, 2, 19]","[""BM3R1/B2"", ""AmtR/A1"", ""BetI/E1"", ""SrpR/S4""]","[""0x2B"", ""0x4D"", ""0x71""]",4
deab6c1f,1,5.734006868476229,0.845016598701477,"[4, 1, 11, 2]","[""BM3R1/B2"", ""AmtR/A1"", ""PhlF/P2"", ""BetI/E1""]","[""0x2B"", ""0x4D"", ""0x71""]",4
deab6c1f,1,5.0892682977599595,0.8643820285797119,"[4, 1, 15, 2]","[""BM3R1/B2"", ""AmtR/A1"", ""QacR/Q2"", ""BetI/E1""]","[""0x2B"", ""0x4D"", ""0x71""]",4
deab6c1f,1,5.379538073819175,0.8602328896522522,"[4, 1, 19, 2]","[""BM3R1/B2"", ""AmtR/A1"", ""SrpR/S4"", ""BetI/E1""]","[""0x2B"", ""0x4D"", ""0x71""]",4
deab6c1f,1,6.399037179141615,0.7736178040504456,"[4, 14, 19, 11]","[""BM3R1/B2"", ""QacR/Q1"", ""SrpR/S4"", ""PhlF/P2""]","[""0x2B"", ""0x4D"", ""0x71""]",4
deab6c1f,1,6.260627853000372,0.8311724662780762,"[4, 19, 2, 11]","[""BM3R1/B2"", ""SrpR/S4"", ""BetI/E1"", ""PhlF/P2""]","[""0x2B"", ""0x4D"", ""0x71""]",4
deab6c1f,1,7.2599561316460814,0.7206032872200012,"[4, 19, 14, 11]","[""BM3R1/B2"", ""SrpR/S4"", ""QacR/Q1"", ""PhlF/P2""]","[""0x2B"", ""0x4D"", ""0x71""]",4
deab6c1f,1,6.586842421597519,0.741633951663971,"[19, 14, 11, 2]","[""SrpR/S4"", ""QacR/Q1"", ""PhlF/P2"", ""BetI/E1""]","[""0x2B"", ""0x4D"", ""0x71""]",4
deab6c1f,1,5.849636268869675,0.8371691107749939,"[19, 15, 11, 4]","[""SrpR/S4"", ""QacR/Q2"", ""PhlF/P2"", ""BM3R1/B2""]","[""0x2B"", ""0x4D"", ""0x71""]",4
ea89a821,0,5.689203764338313,0.6393730640411377,"[1, 2, 11, 14]","[""AmtR/A1"", ""BetI/E1"", ""PhlF/P2"", ""QacR/Q1""]","[""0x2B"", ""0x4D"", ""0x71""]",4
ea89a821,0,5.592765425337885,0.7149277925491333,"[1, 2, 14, 11]","[""AmtR/A1"", ""BetI/E1"", ""QacR/Q1"", ""PhlF/P2""]","[""0x2B"", ""0x4D"", ""0x71""]",4
ea89a821,0,5.459682879043912,0.8274834156036377,"[1, 2, 15, 11]","[""AmtR/A1"", ""BetI/E1"", ""QacR/Q2"", ""PhlF/P2""]","[""0x2B"", ""0x4D"", ""0x71""]",4
ea89a821,0,5.463173606851811,0.7931860685348511,"[1, 2, 15, 12]","[""AmtR/A1"", ""BetI/E1"", ""QacR/Q2"", ""PhlF/P3""]","[""0x2B"", ""0x4D"", ""0x71""]",4
ea89a821,0,4.836178385756362,0.8517885208129883,"[1, 4, 15, 11]","[""AmtR/A1"", ""BM3R1/B2"", ""QacR/Q2"", ""PhlF/P2""]","[""0x2B"", ""0x4D"", ""0x71""]",4
ea89a821,0,3.9704472723035016,0.8676871061325073,"[1, 4, 15, 19]","[""AmtR/A1"", ""BM3R1/B2"", ""QacR/Q2"", ""SrpR/S4""]","[""0x2B"", ""0x4D"", ""0x71""]",4
ea89a821,0,5.608215673303657,0.6745660305023193,"[1, 11, 2, 14]","[""AmtR/A1"", ""PhlF/P2"", ""BetI/E1"", ""QacR/Q1""]","[""0x2B"", ""0x4D"", ""0x71""]",4
ea89a821,0,4.6049392174075505,0.863640308380127,"[2, 4, 15, 11]","[""BetI/E1"", ""BM3R1/B2"", ""QacR/Q2"", ""PhlF/P2""]","[""0x2B"", ""0x4D"", ""0x71""]",4
ea89a821,0,3.3359229489407722,0.881534993648529,"[2, 4, 15, 19]","[""BetI/E1"", ""BM3R1/B2"", ""QacR/Q2"", ""SrpR/S4""]","[""0x2B"", ""0x4D"", ""0x71""]",4
ea89a821,0,4.629064963615324,0.8577224016189575,"[2, 4, 19, 11]","[""BetI/E1"", ""BM3R1/B2"", ""SrpR/S4"", ""PhlF/P2""]","[""0x2B"", ""0x4D"", ""0x71""]",4
ea89a821,0,4.977230828442458,0.842233419418335,"[2, 11, 15, 19]","[""BetI/E1"", ""PhlF/P2"", ""QacR/Q2"", ""SrpR/S4""]","[""0x2B"", ""0x4D"", ""0x71""]",4
ea89a821,0,5.678821038991135,0.6726522445678711,"[2, 11, 17, 14]","[""BetI/E1"", ""PhlF/P2"", ""SrpR/S2"", ""QacR/Q1""]","[""0x2B"", ""0x4D"", ""0x71""]",4
ea89a821,0,5.717952065721817,0.4800108075141907,"[2, 14, 7, 11]","[""BetI/E1"", ""QacR/Q1"", ""IcaRA/I1"", ""PhlF/P2""]","[""0x2B"", ""0x4D"", ""0x71""]",4
ea89a821,0,5.811188673045277,0.4607956111431122,"[2, 14, 7, 12]","[""BetI/E1"", ""QacR/Q1"", ""IcaRA/I1"", ""PhlF/P3""]","[""0x2B"", ""0x4D"", ""0x71""]",4
ea89a821,0,-3.9585071100141813,0.892011821269989,"[4, 2, 15, 10]","[""BM3R1/B2"", ""BetI/E1"", ""QacR/Q2"", ""PhlF/P1""]","[""0x2B"", ""0x4D"", ""0x71""]",4
ea89a821,0,-0.2019884727796502,0.8842535018920898,"[4, 2, 15, 19]","[""BM3R1/B2"", ""BetI/E1"", ""QacR/Q2"", ""SrpR/S4""]","[""0x2B"", ""0x4D"", ""0x71""]",4
ea89a821,0,-1.4546210486578044,0.8885313272476196,"[10, 4, 15, 19]","[""PhlF/P1"", ""BM3R1/B2"", ""QacR/Q2"", ""SrpR/S4""]","[""0x2B"", ""0x4D"", ""0x71""]",4
ea89a821,0,3.7687408227151464,0.8730908632278442,"[19, 4, 15, 2]","[""SrpR/S4"", ""BM3R1/B2"", ""QacR/Q2"", ""BetI/E1""]","[""0x2B"", ""0x4D"", ""0x71""]",4
ea89a821,0,4.678681798642061,0.8556491136550903,"[19, 4, 15, 11]","[""SrpR/S4"", ""BM3R1/B2"", ""QacR/Q2"", ""PhlF/P2""]","[""0x2B"", ""0x4D"", ""0x71""]",4
ea89a821,0,5.350680926350869,0.8390058279037476,"[19, 11, 15, 2]","[""SrpR/S4"", ""PhlF/P2"", ""QacR/Q2"", ""BetI/E1""]","[""0x2B"", ""0x4D"", ""0x71""]",4
e4c14f22,0,6.189772689864849,0.8243635296821594,"[2, 15, 11, 1, 19]","[""BetI/E1"", ""QacR/Q2"", ""PhlF/P2"", ""AmtR/A1"", ""SrpR/S4""]","[""0x2B"", ""0x4D"", ""0x71""]",5
e4c14f22,0,2.250732555398699,0.8754473328590393,"[2, 15, 19, 1, 4]","[""BetI/E1"", ""QacR/Q2"", ""SrpR/S4"", ""AmtR/A1"", ""BM3R1/B2""]","[""0x2B"", ""0x4D"", ""0x71""]",5
e4c14f22,0,6.735407071378945,0.8105294108390808,"[2, 19, 11, 1, 15]","[""BetI/E1"", ""SrpR/S4"", ""PhlF/P2"", ""AmtR/A1"", ""QacR/Q2""]","[""0x2B"", ""0x4D"", ""0x71""]",5
e4c14f22,0,5.014188054846883,0.8477724194526672,"[2, 19, 15, 1, 4]","[""BetI/E1"", ""SrpR/S4"", ""QacR/Q2"", ""AmtR/A1"", ""BM3R1/B2""]","[""0x2B"", ""0x4D"", ""0x71""]",5
e4c14f22,0,0.30509206183286547,0.8775302171707153,"[4, 2, 19, 15, 10]","[""BM3R1/B2"", ""BetI/E1"", ""SrpR/S4"", ""QacR/Q2"", ""PhlF/P1""]","[""0x2B"", ""0x4D"", ""0x71""]",5
e4c14f22,0,6.031329502119065,0.8467715382575989,"[4, 15, 11, 1, 17]","[""BM3R1/B2"", ""QacR/Q2"", ""PhlF/P2"", ""AmtR/A1"", ""SrpR/S2""]","[""0x2B"", ""0x4D"", ""0x71""]",5
e4c14f22,0,0.12023851026269919,0.8815330862998962,"[4, 15, 19, 1, 10]","[""BM3R1/B2"", ""QacR/Q2"", ""SrpR/S4"", ""AmtR/A1"", ""PhlF/P1""]","[""0x2B"", ""0x4D"", ""0x71""]",5
e4c14f22,0,4.345340540661005,0.8691509962081909,"[4, 15, 19, 1, 11]","[""BM3R1/B2"", ""QacR/Q2"", ""SrpR/S4"", ""AmtR/A1"", ""PhlF/P2""]","[""0x2B"", ""0x4D"", ""0x71""]",5
e4c14f22,0,3.676662270301427,0.8701807856559753,"[4, 15, 19, 2, 11]","[""BM3R1/B2"", ""QacR/Q2"", ""SrpR/S4"", ""BetI/E1"", ""PhlF/P2""]","[""0x2B"", ""0x4D"", ""0x71""]",5
e4c14f22,0,6.0810074474744065,0.8330563902854919,"[5, 15, 11, 1, 17]","[""BM3R1/B3"", ""QacR/Q2"", ""PhlF/P2"", ""AmtR/A1"", ""SrpR/S2""]","[""0x2B"", ""0x4D"", ""0x71""]",5
e4c14f22,0,6.175637869537624,0.8305142521858215,"[5, 15, 11, 1, 19]","[""BM3R1/B3"", ""QacR/Q2"", ""PhlF/P2"", ""AmtR/A1"", ""SrpR/S4""]","[""0x2B"", ""0x4D"", ""0x71""]",5
e4c14f22,0,-0.22932159091484763,0.8835000395774841,"[10, 15, 19, 1, 4]","[""PhlF/P1"", ""QacR/Q2"", ""SrpR/S4"", ""AmtR/A1"", ""BM3R1/B2""]","[""0x2B"", ""0x4D"", ""0x71""]",5
e4c14f22,0,-0.18132479718851086,0.8822358250617981,"[10, 15, 19, 2, 4]","[""PhlF/P1"", ""QacR/Q2"", ""SrpR/S4"", ""BetI/E1"", ""BM3R1/B2""]","[""0x2B"", ""0x4D"", ""0x71""]",5
e4c14f22,0,4.9131783180644915,0.860676109790802,"[11, 1, 19, 15, 4]","[""PhlF/P2"", ""AmtR/A1"", ""SrpR/S4"", ""QacR/Q2"", ""BM3R1/B2""]","[""0x2B"", ""0x4D"", ""0x71""]",5
e4c14f22,0,7.0432567928947725,0.7018843293190002,"[14, 19, 11, 1, 2]","[""QacR/Q1"", ""SrpR/S4"", ""PhlF/P2"", ""AmtR/A1"", ""BetI/E1""]","[""0x2B"", ""0x4D"", ""0x71""]",5
e4c14f22,0,6.309211539682483,0.8148182034492493,"[15, 2, 11, 1, 19]","[""QacR/Q2"", ""BetI/E1"", ""PhlF/P2"", ""AmtR/A1"", ""SrpR/S4""]","[""0x2B"", ""0x4D"", ""0x71""]",5
1df1418f,1,6.4937402768551875,0.7204807996749878,"[1, 2, 13, 15, 19, 11]","[""AmtR/A1"", ""BetI/E1"", ""PsrA/R1"", ""QacR/Q2"", ""SrpR/S4"", ""PhlF/P2""]","[""0x2B"", ""0x4D""]",6
1df1418f,1,6.404166033428791,0.723258376121521,"[1, 2, 19, 15, 13, 11]","[""AmtR/A1"", ""BetI/E1"", ""SrpR/S4"", ""QacR/Q2"", ""PsrA/R1"", ""PhlF/P2""]","[""0x2B"", ""0x4D""]",6
1df1418f,1,4.315825230491883,0.8083081245422363,"[1, 4, 15, 2, 11, 19]","[""AmtR/A1"", ""BM3R1/B2"", ""QacR/Q2"", ""BetI/E1"", ""PhlF/P2"", ""SrpR/S4""]","[""0x2B"", ""0x4D""]",6
1df1418f,1,5.699016587639211,0.8080883026123047,"[1, 4, 15, 19, 2, 11]","[""AmtR/A1"", ""BM3R1/B2"", ""QacR/Q2"", ""SrpR/S4"", ""BetI/E1"", ""PhlF/P2""]","[""0x2B"", ""0x4D""]",6
1df1418f,1,6.181043188781994,0.7594956159591675,"[1, 5, 2, 19, 15, 11]","[""AmtR/A1"", ""BM3R1/B3"", ""BetI/E1"", ""SrpR/S4"", ""QacR/Q2"", ""PhlF/P2""]","[""0x2B"", ""0x4D""]",6
1df1418f,1,5.994291969624468,0.8035827279090881,"[1, 11, 15, 19, 2, 5]","[""AmtR/A1"", ""PhlF/P2"", ""QacR/Q2"", ""SrpR/S4"", ""BetI/E1"", ""BM3R1/B3""]","[""0x2B"", ""0x4D""]",6
1df1418f,1,7.418680433085033,0.5877062082290649,"[1, 14, 4, 19, 13, 11]","[""AmtR/A1"", ""QacR/Q1"", ""BM3R1/B2"", ""SrpR/S4"", ""PsrA/R1"", ""PhlF/P2""]","[""0x2B"", ""0x4D""]",6
1df1418f,1,0.1076278345482098,0.8450003862380981,"[2, 4, 1, 10, 15, 19]","[""BetI/E1"", ""BM3R1/B2"", ""AmtR/A1"", ""PhlF/P1"", ""QacR/Q2"", ""SrpR/S4""]","[""0x2B"", ""0x4D""]",6
1df1418f,1,3.661653836866446,0.8106762170791626,"[2, 4, 1, 15, 19, 11]","[""BetI/E1"", ""BM3R1/B2"", ""AmtR/A1"", ""QacR/Q2"", ""SrpR/S4"", ""PhlF/P2""]","[""0x2B"", ""0x4D""]",6
1df1418f,1,0.189939297372455,0.8353262543678284,"[2, 4, 15, 10, 1, 19]","[""BetI/E1"", ""BM3R1/B2"", ""QacR/Q2"", ""PhlF/P1"", ""AmtR/A1"", ""SrpR/S4""]","[""0x2B"", ""0x4D""]",6
1df1418f,1,6.684031483111612,0.6479766368865967,"[2, 14, 19, 5, 1, 11]","[""BetI/E1"", ""QacR/Q1"", ""SrpR/S4"", ""BM3R1/B3"", ""AmtR/A1"", ""PhlF/P2""]","[""0x2B"", ""0x4D""]",6
1df1418f,1,0.127926487825808,0.8410353660583496,"[2, 17, 1, 10, 15, 4]","[""BetI/E1"", ""SrpR/S2"", ""AmtR/A1"", ""PhlF/P1"", ""QacR/Q2"", ""BM3R1/B2""]","[""0x2B"", ""0x4D""]",6
1df1418f,1,0.2796430257751051,0.816435694694519,"[4, 19, 2, 10, 1, 15]","[""BM3R1/B2"", ""SrpR/S4"", ""BetI/E1"", ""PhlF/P1"", ""AmtR/A1"", ""QacR/Q2""]","[""0x2B"", ""0x4D""]",6
1df1418f,1,0.25407824161389586,0.825552225112915,"[4, 19, 15, 10, 1, 2]","[""BM3R1/B2"", ""SrpR/S4"", ""QacR/Q2"", ""PhlF/P1"", ""AmtR/A1"", ""BetI/E1""]","[""0x2B"", ""0x4D""]",6
1df1418f,1,0.0021158980201640767,0.8482658863067627,"[10, 4, 1, 2, 15, 19]","[""PhlF/P1"", ""BM3R1/B2"", ""AmtR/A1"", ""BetI/E1"", ""QacR/Q2"", ""SrpR/S4""]","[""0x2B"", ""0x4D""]",6
1df1418f,1,0.03276663997615755,0.8459302186965942,"[10, 4, 1, 15, 2, 19]","[""PhlF/P1"", ""BM3R1/B2"", ""AmtR/A1"", ""QacR/Q2"", ""BetI/E1"", ""SrpR/S4""]","[""0x2B"", ""0x4D""]",6
1df1418f,1,4.284763113267218,0.8095197677612305,"[11, 4, 19, 1, 15, 2]","[""PhlF/P2"", ""BM3R1/B2"", ""SrpR/S4"", ""AmtR/A1"", ""QacR/Q2"", ""BetI/E1""]","[""0x2B"", ""0x4D""]",6
1df1418f,1,6.3398834308288965,0.7343441247940063,"[13, 11, 2, 19, 15, 5]","[""PsrA/R1"", ""PhlF/P2"", ""BetI/E1"", ""SrpR/S4"", ""QacR/Q2"", ""BM3R1/B3""]","[""0x2B"", ""0x4D""]",6
1df1418f,1,0.18320541460860487,0.8397010564804077,"[15, 4, 2, 10, 1, 19]","[""QacR/Q2"", ""BM3R1/B2"", ""BetI/E1"", ""PhlF/P1"", ""AmtR/A1"", ""SrpR/S4""]","[""0x2B"", ""0x4D""]",6
1df1418f,1,0.2381221771903915,0.8273782730102539,"[17, 4, 15, 10, 1, 2]","[""SrpR/S2"", ""BM3R1/B2"", ""QacR/Q2"", ""PhlF/P1"", ""AmtR/A1"", ""BetI/E1""]","[""0x2B"", ""0x4D""]",6
1df1418f,1,0.19078967591588256,0.8329556584358215,"[19, 4, 15, 10, 1, 2]","[""SrpR/S4"", ""BM3R1/B2"", ""QacR/Q2"", ""PhlF/P1"", ""AmtR/A1"", ""BetI/E1""]","[""0x2B"", ""0x4D""]",6
1df1418f,1,6.159626701385736,0.7748425006866455,"[19, 5, 1, 2, 15, 11]","[""SrpR/S4"", ""BM3R1/B3"", ""AmtR/A1"", ""BetI/E1"", ""QacR/Q2"", ""PhlF/P2""]","[""0x2B"", ""0x4D""]",6
1df1418f,1,6.348361031130413,0.7275546193122864,"[19, 11, 1, 2, 13, 15]","[""SrpR/S4"", ""PhlF/P2"", ""AmtR/A1"", ""BetI/E1"", ""PsrA/R1"", ""QacR/Q2""]","[""0x2B"", ""0x4D""]",6
1df1418f,1,6.596632011730787,0.6658074259757996,"[19, 11, 5, 1, 2, 14]","[""SrpR/S4"", ""PhlF/P2"", ""BM3R1/B3"", ""AmtR/A1"", ""BetI/E1"", ""QacR/Q1""]","[""0x2B"", ""0x4D""]",6
1df1418f,1,7.312962008891912,0.6470029950141907,"[19, 14, 5, 1, 2, 11]","[""SrpR/S4"", ""QacR/Q1"", ""BM3R1/B3"", ""AmtR/A1"", ""BetI/E1"", ""PhlF/P2""]","[""0x2B"", ""0x4D""]",6
1e873b88,0,6.143633265737478,0.7171459197998047,"[1, 2, 4, 19, 15, 11]","[""AmtR/A1"", ""BetI/E1"", ""BM3R1/B2"", ""SrpR/S4"", ""QacR/Q2"", ""PhlF/P2""]",0x2B,6
1e873b88,0,6.050141261483408,0.7335764765739441,"[1, 2, 5, 19, 15, 11]","[""AmtR/A1"", ""BetI/E1"", ""BM3R1/B3"", ""SrpR/S4"", ""QacR/Q2"", ""PhlF/P2""]",0x2B,6
1e873b88,0,0.007844775461649219,0.8281121253967285,"[1, 2, 10, 15, 4, 19]","[""AmtR/A1"", ""BetI/E1"", ""PhlF/P1"", ""QacR/Q2"", ""BM3R1/B2"", ""SrpR/S4""]",0x2B,6
1e873b88,0,-1.0894523264455838,0.8426003456115723,"[1, 4, 10, 15, 2, 19]","[""AmtR/A1"", ""BM3R1/B2"", ""PhlF/P1"", ""QacR/Q2"", ""BetI/E1"", ""SrpR/S4""]",0x2B,6
1e873b88,0,4.50265653278735,0.8068008422851562,"[1, 4, 15, 2, 11, 19]","[""AmtR/A1"", ""BM3R1/B2"", ""QacR/Q2"", ""BetI/E1"", ""PhlF/P2"", ""SrpR/S4""]",0x2B,6
1e873b88,0,4.7019581870282305,0.8021751046180725,"[1, 4, 15, 2, 19, 11]","[""AmtR/A1"", ""BM3R1/B2"", ""QacR/Q2"", ""BetI/E1"", ""SrpR/S4"", ""PhlF/P2""]",0x2B,6
1e873b88,0,5.397421737897407,0.8008793592453003,"[1, 4, 15, 19, 2, 11]","[""AmtR/A1"", ""BM3R1/B2"", ""QacR/Q2"", ""SrpR/S4"", ""BetI/E1"", ""PhlF/P2""]",0x2B,6
1e873b88,0,5.718591508611618,0.7807257175445557,"[1, 4, 19, 2, 15, 11]","[""AmtR/A1"", ""BM3R1/B2"", ""SrpR/S4"", ""BetI/E1"", ""QacR/Q2"", ""PhlF/P2""]",0x2B,6
1e873b88,0,5.736891054959759,0.7565134763717651,"[1, 5, 19, 2, 15, 11]","[""AmtR/A1"", ""BM3R1/B3"", ""SrpR/S4"", ""BetI/E1"", ""QacR/Q2"", ""PhlF/P2""]",0x2B,6
1e873b88,0,5.398169588812238,0.7809945344924927,"[1, 11, 19, 2, 15, 4]","[""AmtR/A1"", ""PhlF/P2"", ""SrpR/S4"", ""BetI/E1"", ""QacR/Q2"", ""BM3R1/B2""]",0x2B,6
1e873b88,0,6.593041709693353,0.607864260673523,"[1, 14, 19, 2, 13, 11]","[""AmtR/A1"", ""QacR/Q1"", ""SrpR/S4"", ""BetI/E1"", ""PsrA/R1"", ""PhlF/P2""]",0x2B,6
1e873b88,0,6.735845311484549,0.4261904060840606,"[1, 14, 19, 7, 13, 11]","[""AmtR/A1"", ""QacR/Q1"", ""SrpR/S4"", ""IcaRA/I1"", ""PsrA/R1"", ""PhlF/P2""]",0x2B,6
1e873b88,0,5.9664113649594235,0.7366384863853455,"[1, 15, 5, 19, 2, 11]","[""AmtR/A1"", ""QacR/Q2"", ""BM3R1/B3"", ""SrpR/S4"", ""BetI/E1"", ""PhlF/P2""]",0x2B,6
1e873b88,0,0.022483126756087903,0.8234013319015503,"[1, 15, 10, 2, 4, 19]","[""AmtR/A1"", ""QacR/Q2"", ""PhlF/P1"", ""BetI/E1"", ""BM3R1/B2"", ""SrpR/S4""]",0x2B,6
1e873b88,0,3.057863847184526,0.8144286870956421,"[2, 4, 1, 15, 11, 19]","[""BetI/E1"", ""BM3R1/B2"", ""AmtR/A1"", ""QacR/Q2"", ""PhlF/P2"", ""SrpR/S4""]",0x2B,6
1e873b88,0,-0.19832242370502434,0.8294596076011658,"[15, 2, 1, 10, 19, 4]","[""QacR/Q2"", ""BetI/E1"", ""AmtR/A1"", ""PhlF/P1"", ""SrpR/S4"", ""BM3R1/B2""]",0x2B,6
1e873b88,0,0.056534194960963194,0.8186133503913879,"[15, 4, 1, 10, 19, 2]","[""QacR/Q2"", ""BM3R1/B2"", ""AmtR/A1"", ""PhlF/P1"", ""SrpR/S4"", ""BetI/E1""]",0x2B,6
1e873b88,0,-0.29256113600306743,0.8315405249595642,"[15, 17, 1, 10, 2, 4]","[""QacR/Q2"", ""SrpR/S2"", ""AmtR/A1"", ""PhlF/P1"", ""BetI/E1"", ""BM3R1/B2""]",0x2B,6
1e873b88,0,-0.17254302733233604,0.8287288546562195,"[15, 19, 1, 10, 2, 4]","[""QacR/Q2"", ""SrpR/S4"", ""AmtR/A1"", ""PhlF/P1"", ""BetI/E1"", ""BM3R1/B2""]",0x2B,6
1e873b88,0,5.798474174286431,0.7387803196907043,"[19, 11, 2, 13, 15, 5]","[""SrpR/S4"", ""PhlF/P2"", ""BetI/E1"", ""PsrA/R1"", ""QacR/Q2"", ""BM3R1/B3""]",0x2B,6
1e873b88,0,6.278923686819441,0.6229444742202759,"[19, 14, 1, 2, 13, 11]","[""SrpR/S4"", ""QacR/Q1"", ""AmtR/A1"", ""BetI/E1"", ""PsrA/R1"", ""PhlF/P2""]",0x2B,6
1e873b88,0,6.695316131501868,0.4297930300235748,"[19, 14, 7, 13, 2, 11]","[""SrpR/S4"", ""QacR/Q1"", ""IcaRA/I1"", ""PsrA/R1"", ""BetI/E1"", ""PhlF/P2""]",0x2B,6
2d1a0fd5,0,7.460986504226036,0.5930868983268738,"[1, 11, 14, 2, 19, 3]","[""AmtR/A1"", ""PhlF/P2"", ""QacR/Q1"", ""BetI/E1"", ""SrpR/S4"", ""BM3R1/B1""]","[""0x2B"", ""0x4D"", ""0x71""]",6
2d1a0fd5,0,6.431289343019169,0.7752074599266052,"[1, 11, 19, 2, 15, 5]","[""AmtR/A1"", ""PhlF/P2"", ""SrpR/S4"", ""BetI/E1"", ""QacR/Q2"", ""BM3R1/B3""]","[""0x2B"", ""0x4D"", ""0x71""]",6
2d1a0fd5,0,6.574679097051528,0.7357860207557678,"[15, 11, 5, 19, 13, 2]","[""QacR/Q2"", ""PhlF/P2"", ""BM3R1/B3"", ""SrpR/S4"", ""PsrA/R1"", ""BetI/E1""]","[""0x2B"", ""0x4D"", ""0x71""]",6
2d1a0fd5,0,6.369670690400091,0.7948959469795227,"[15, 11, 19, 4, 1, 2]","[""QacR/Q2"", ""PhlF/P2"", ""SrpR/S4"", ""BM3R1/B2"", ""AmtR/A1"", ""BetI/E1""]","[""0x2B"", ""0x4D"", ""0x71""]",6
2d1a0fd5,0,6.419830210353708,0.7779926657676697,"[15, 11, 19, 5, 1, 2]","[""QacR/Q2"", ""PhlF/P2"", ""SrpR/S4"", ""BM3R1/B3"", ""AmtR/A1"", ""BetI/E1""]","[""0x2B"", ""0x4D"", ""0x71""]",6
2d1a0fd5,1,0.6296558874920505,0.8300635814666748,"[1, 2, 15, 4, 19, 10]","[""AmtR/A1"", ""BetI/E1"", ""QacR/Q2"", ""BM3R1/B2"", ""SrpR/S4"", ""PhlF/P1""]","[""0x2B"", ""0x4D"", ""0x71""]",6
2d1a0fd5,1,0.09436607159483987,0.8507582545280457,"[1, 2, 19, 4, 15, 10]","[""AmtR/A1"", ""BetI/E1"", ""SrpR/S4"", ""BM3R1/B2"", ""QacR/Q2"", ""PhlF/P1""]","[""0x2B"", ""0x4D"", ""0x71""]",6
2d1a0fd5,1,6.673654999568271,0.7115668654441833,"[1, 11, 14, 19, 2, 4]","[""AmtR/A1"", ""PhlF/P2"", ""QacR/Q1"", ""SrpR/S4"", ""BetI/E1"", ""BM3R1/B2""]","[""0x2B"", ""0x4D"", ""0x71""]",6
2d1a0fd5,1,7.502629584760257,0.5884130001068115,"[1, 14, 11, 13, 2, 5]","[""AmtR/A1"", ""QacR/Q1"", ""PhlF/P2"", ""PsrA/R1"", ""BetI/E1"", ""BM3R1/B3""]","[""0x2B"", ""0x4D"", ""0x71""]",6
2d1a0fd5,1,7.370603206632327,0.6392508149147034,"[1, 14, 11, 17, 2, 5]","[""AmtR/A1"", ""QacR/Q1"", ""PhlF/P2"", ""SrpR/S2"", ""BetI/E1"", ""BM3R1/B3""]","[""0x2B"", ""0x4D"", ""0x71""]",6
2d1a0fd5,1,7.358970792825006,0.6431002020835876,"[1, 14, 11, 19, 2, 5]","[""AmtR/A1"", ""QacR/Q1"", ""PhlF/P2"", ""SrpR/S4"", ""BetI/E1"", ""BM3R1/B3""]","[""0x2B"", ""0x4D"", ""0x71""]",6
2d1a0fd5,1,0.6811433820538428,0.8278250694274902,"[1, 15, 2, 4, 19, 10]","[""AmtR/A1"", ""QacR/Q2"", ""BetI/E1"", ""BM3R1/B2"", ""SrpR/S4"", ""PhlF/P1""]","[""0x2B"", ""0x4D"", ""0x71""]",6
2d1a0fd5,1,0.1513411523709936,0.8478578925132751,"[1, 15, 19, 4, 2, 10]","[""AmtR/A1"", ""QacR/Q2"", ""SrpR/S4"", ""BM3R1/B2"", ""BetI/E1"", ""PhlF/P1""]","[""0x2B"", ""0x4D"", ""0x71""]",6
2d1a0fd5,1,0.36899940601024994,0.8375161290168762,"[1, 17, 15, 4, 2, 10]","[""AmtR/A1"", ""SrpR/S2"", ""QacR/Q2"", ""BM3R1/B2"", ""BetI/E1"", ""PhlF/P1""]","[""0x2B"", ""0x4D"", ""0x71""]",6
2d1a0fd5,1,5.237603127625735,0.8237749338150024,"[2, 15, 11, 4, 1, 19]","[""BetI/E1"", ""QacR/Q2"", ""PhlF/P2"", ""BM3R1/B2"", ""AmtR/A1"", ""SrpR/S4""]","[""0x2B"", ""0x4D"", ""0x71""]",6
2d1a0fd5,1,0.34189203365403126,0.8420544266700745,"[2, 15, 19, 4, 1, 10]","[""BetI/E1"", ""QacR/Q2"", ""SrpR/S4"", ""BM3R1/B2"", ""AmtR/A1"", ""PhlF/P1""]","[""0x2B"", ""0x4D"", ""0x71""]",6
2d1a0fd5,1,5.441066802969433,0.8227881789207458,"[15, 11, 2, 4, 1, 19]","[""QacR/Q2"", ""PhlF/P2"", ""BetI/E1"", ""BM3R1/B2"", ""AmtR/A1"", ""SrpR/S4""]","[""0x2B"", ""0x4D"", ""0x71""]",6
2d1a0fd5,1,6.209143949606601,0.8201293349266052,"[15, 11, 19, 4, 1, 2]","[""QacR/Q2"", ""PhlF/P2"", ""SrpR/S4"", ""BM3R1/B2"", ""AmtR/A1"", ""BetI/E1""]","[""0x2B"", ""0x4D"", ""0x71""]",6
2d1a0fd5,1,6.2224886301371285,0.8005435466766357,"[15, 11, 19, 5, 1, 2]","[""QacR/Q2"", ""PhlF/P2"", ""SrpR/S4"", ""BM3R1/B3"", ""AmtR/A1"", ""BetI/E1""]","[""0x2B"", ""0x4D"", ""0x71""]",6
2d1a0fd5,1,7.118565364205609,0.6914483308792114,"[19, 11, 14, 4, 1, 2]","[""SrpR/S4"", ""PhlF/P2"", ""QacR/Q1"", ""BM3R1/B2"", ""AmtR/A1"", ""BetI/E1""]","[""0x2B"", ""0x4D"", ""0x71""]",6
2d1a0fd5,1,7.287912004299651,0.6703481078147888,"[19, 11, 14, 5, 1, 2]","[""SrpR/S4"", ""PhlF/P2"", ""QacR/Q1"", ""BM3R1/B3"", ""AmtR/A1"", ""BetI/E1""]","[""0x2B"", ""0x4D"", ""0x71""]",6
2d1a0fd5,1,7.398575529477028,0.610614001750946,"[19, 14, 11, 3, 1, 2]","[""SrpR/S4"", ""QacR/Q1"", ""PhlF/P2"", ""BM3R1/B1"", ""AmtR/A1"", ""BetI/E1""]","[""0x2B"", ""0x4D"", ""0x71""]",6
2d1a0fd5,1,7.253045607237875,0.6908004879951477,"[19, 14, 11, 4, 1, 2]","[""SrpR/S4"", ""QacR/Q1"", ""PhlF/P2"", ""BM3R1/B2"", ""AmtR/A1"", ""BetI/E1""]","[""0x2B"", ""0x4D"", ""0x71""]",6
2d1a0fd5,1,7.253264948780722,0.6709514260292053,"[19, 14, 11, 5, 1, 2]","[""SrpR/S4"", ""QacR/Q1"", ""PhlF/P2"", ""BM3R1/B3"", ""AmtR/A1"", ""BetI/E1""]","[""0x2B"", ""0x4D"", ""0x71""]",6
2d1a0fd5,1,0.7585562808547663,0.8270452618598938,"[19, 15, 2, 4, 1, 10]","[""SrpR/S4"", ""QacR/Q2"", ""BetI/E1"", ""BM3R1/B2"", ""AmtR/A1"", ""PhlF/P1""]","[""0x2B"", ""0x4D"", ""0x71""]",6
3ff42dea,1,-2.593222263345945,0.8268516659736633,"[2, 1, 4, 10, 19, 15]","[""BetI/E1"", ""AmtR/A1"", ""BM3R1/B2"", ""PhlF/P1"", ""SrpR/S4"", ""QacR/Q2""]",0x2B,6
3ff42dea,1,6.0530672750748264,0.7932428121566772,"[2, 1, 4, 15, 19, 12]","[""BetI/E1"", ""AmtR/A1"", ""BM3R1/B2"", ""QacR/Q2"", ""SrpR/S4"", ""PhlF/P3""]",0x2B,6
3ff42dea,1,0.004821550899876986,0.82084059715271,"[10, 2, 4, 1, 19, 15]","[""PhlF/P1"", ""BetI/E1"", ""BM3R1/B2"", ""AmtR/A1"", ""SrpR/S4"", ""QacR/Q2""]",0x2B,6
3ff42dea,1,0.004906395779079973,0.8096367716789246,"[10, 2, 4, 15, 19, 13]","[""PhlF/P1"", ""BetI/E1"", ""BM3R1/B2"", ""QacR/Q2"", ""SrpR/S4"", ""PsrA/R1""]",0x2B,6
3ff42dea,1,8.994943199254287,0.7809838652610779,"[11, 1, 2, 5, 19, 15]","[""PhlF/P2"", ""AmtR/A1"", ""BetI/E1"", ""BM3R1/B3"", ""SrpR/S4"", ""QacR/Q2""]",0x2B,6
3ff42dea,1,9.2652304425753,0.6308490037918091,"[11, 1, 2, 19, 14, 13]","[""PhlF/P2"", ""AmtR/A1"", ""BetI/E1"", ""SrpR/S4"", ""QacR/Q1"", ""PsrA/R1""]",0x2B,6
3ff42dea,1,5.775155718168207,0.79416424036026,"[11, 1, 4, 15, 2, 19]","[""PhlF/P2"", ""AmtR/A1"", ""BM3R1/B2"", ""QacR/Q2"", ""BetI/E1"", ""SrpR/S4""]",0x2B,6
3ff42dea,1,4.221301393203215,0.8069854378700256,"[11, 1, 4, 15, 19, 2]","[""PhlF/P2"", ""AmtR/A1"", ""BM3R1/B2"", ""QacR/Q2"", ""SrpR/S4"", ""BetI/E1""]",0x2B,6
3ff42dea,1,4.115575535228299,0.8094491958618164,"[11, 2, 4, 1, 19, 15]","[""PhlF/P2"", ""BetI/E1"", ""BM3R1/B2"", ""AmtR/A1"", ""SrpR/S4"", ""QacR/Q2""]",0x2B,6
3ff42dea,1,4.225692725125496,0.8008406758308411,"[11, 2, 4, 15, 19, 1]","[""PhlF/P2"", ""BetI/E1"", ""BM3R1/B2"", ""QacR/Q2"", ""SrpR/S4"", ""AmtR/A1""]",0x2B,6
3ff42dea,1,9.127002002297875,0.7428947687149048,"[11, 2, 13, 5, 19, 15]","[""PhlF/P2"", ""BetI/E1"", ""PsrA/R1"", ""BM3R1/B3"", ""SrpR/S4"", ""QacR/Q2""]",0x2B,6
3ff42dea,1,7.824403993439824,0.7928409576416016,"[11, 2, 19, 5, 1, 15]","[""PhlF/P2"", ""BetI/E1"", ""SrpR/S4"", ""BM3R1/B3"", ""AmtR/A1"", ""QacR/Q2""]",0x2B,6
3ff42dea,1,9.331942410339611,0.556826651096344,"[11, 18, 2, 4, 14, 13]","[""PhlF/P2"", ""SrpR/S3"", ""BetI/E1"", ""BM3R1/B2"", ""QacR/Q1"", ""PsrA/R1""]",0x2B,6
3ff42dea,1,9.300751930319969,0.5875097513198853,"[11, 18, 2, 5, 14, 13]","[""PhlF/P2"", ""SrpR/S3"", ""BetI/E1"", ""BM3R1/B3"", ""QacR/Q1"", ""PsrA/R1""]",0x2B,6
3ff42dea,1,4.8137868658689875,0.7990666627883911,"[11, 19, 2, 1, 4, 15]","[""PhlF/P2"", ""SrpR/S4"", ""BetI/E1"", ""AmtR/A1"", ""BM3R1/B2"", ""QacR/Q2""]",0x2B,6
3ff42dea,1,8.176084710747578,0.789340078830719,"[11, 19, 2, 5, 1, 15]","[""PhlF/P2"", ""SrpR/S4"", ""BetI/E1"", ""BM3R1/B3"", ""AmtR/A1"", ""QacR/Q2""]",0x2B,6
3ff42dea,1,0.029123409870883098,0.8094772100448608,"[15, 1, 2, 10, 19, 5]","[""QacR/Q2"", ""AmtR/A1"", ""BetI/E1"", ""PhlF/P1"", ""SrpR/S4"", ""BM3R1/B3""]",0x2B,6
3ff42dea,1,4.532189794186079,0.8004456758499146,"[15, 11, 4, 2, 19, 1]","[""QacR/Q2"", ""PhlF/P2"", ""BM3R1/B2"", ""BetI/E1"", ""SrpR/S4"", ""AmtR/A1""]",0x2B,6
3ff42dea,1,4.938564161073178,0.7957438826560974,"[15, 19, 11, 2, 4, 1]","[""QacR/Q2"", ""SrpR/S4"", ""PhlF/P2"", ""BetI/E1"", ""BM3R1/B2"", ""AmtR/A1""]",0x2B,6
3ff42dea,1,-1.0576770093544008,0.8235837817192078,"[19, 2, 4, 15, 1, 10]","[""SrpR/S4"", ""BetI/E1"", ""BM3R1/B2"", ""QacR/Q2"", ""AmtR/A1"", ""PhlF/P1""]",0x2B,6
3ff42dea,1,-0.440113691820988,0.82234787940979,"[19, 10, 4, 2, 1, 15]","[""SrpR/S4"", ""PhlF/P1"", ""BM3R1/B2"", ""BetI/E1"", ""AmtR/A1"", ""QacR/Q2""]",0x2B,6
461f6e8c,1,0.2595794977345214,0.8487141132354736,"[2, 10, 1, 4, 19, 15]","[""BetI/E1"", ""PhlF/P1"", ""AmtR/A1"", ""BM3R1/B2"", ""SrpR/S4"", ""QacR/Q2""]","[""0x2B"", ""0x4D"", ""0x71""]",6
461f6e8c,1,6.255150775345604,0.7845710515975952,"[5, 1, 15, 2, 19, 11]","[""BM3R1/B3"", ""AmtR/A1"", ""QacR/Q2"", ""BetI/E1"", ""SrpR/S4"", ""PhlF/P2""]","[""0x2B"", ""0x4D"", ""0x71""]",6
461f6e8c,1,5.2782517815005265,0.812686026096344,"[5, 1, 15, 11, 19, 2]","[""BM3R1/B3"", ""AmtR/A1"", ""QacR/Q2"", ""PhlF/P2"", ""SrpR/S4"", ""BetI/E1""]","[""0x2B"", ""0x4D"", ""0x71""]",6
461f6e8c,1,8.02889737241103,0.6448805928230286,"[11, 1, 14, 13, 19, 2]","[""PhlF/P2"", ""AmtR/A1"", ""QacR/Q1"", ""PsrA/R1"", ""SrpR/S4"", ""BetI/E1""]","[""0x2B"", ""0x4D"", ""0x71""]",6
461f6e8c,1,5.957482913821997,0.7858297228813171,"[11, 1, 15, 2, 5, 19]","[""PhlF/P2"", ""AmtR/A1"", ""QacR/Q2"", ""BetI/E1"", ""BM3R1/B3"", ""SrpR/S4""]","[""0x2B"", ""0x4D"", ""0x71""]",6
461f6e8c,1,5.777113416549108,0.8109050393104553,"[11, 1, 15, 4, 2, 19]","[""PhlF/P2"", ""AmtR/A1"", ""QacR/Q2"", ""BM3R1/B2"", ""BetI/E1"", ""SrpR/S4""]","[""0x2B"", ""0x4D"", ""0x71""]",6
461f6e8c,1,4.195387978382312,0.8244256377220154,"[11, 1, 15, 4, 19, 2]","[""PhlF/P2"", ""AmtR/A1"", ""QacR/Q2"", ""BM3R1/B2"", ""SrpR/S4"", ""BetI/E1""]","[""0x2B"", ""0x4D"", ""0x71""]",6
461f6e8c,1,7.439141239364591,0.7823856472969055,"[11, 4, 19, 1, 2, 15]","[""PhlF/P2"", ""BM3R1/B2"", ""SrpR/S4"", ""AmtR/A1"", ""BetI/E1"", ""QacR/Q2""]","[""0x2B"", ""0x4D"", ""0x71""]",6
461f6e8c,1,5.901211250268272,0.7883427739143372,"[11, 5, 1, 17, 2, 15]","[""PhlF/P2"", ""BM3R1/B3"", ""AmtR/A1"", ""SrpR/S2"", ""BetI/E1"", ""QacR/Q2""]","[""0x2B"", ""0x4D"", ""0x71""]",6
461f6e8c,1,7.184519901410772,0.7838157415390015,"[11, 5, 1, 19, 2, 15]","[""PhlF/P2"", ""BM3R1/B3"", ""AmtR/A1"", ""SrpR/S4"", ""BetI/E1"", ""QacR/Q2""]","[""0x2B"", ""0x4D"", ""0x71""]",6
461f6e8c,1,6.050669720420409,0.7848774790763855,"[11, 15, 19, 4, 2, 1]","[""PhlF/P2"", ""QacR/Q2"", ""SrpR/S4"", ""BM3R1/B2"", ""BetI/E1"", ""AmtR/A1""]","[""0x2B"", ""0x4D"", ""0x71""]",6
461f6e8c,1,7.689056135248283,0.653785765171051,"[11, 19, 14, 2, 1, 13]","[""PhlF/P2"", ""SrpR/S4"", ""QacR/Q1"", ""BetI/E1"", ""AmtR/A1"", ""PsrA/R1""]","[""0x2B"", ""0x4D"", ""0x71""]",6
461f6e8c,1,2.297690576068871,0.8298871517181396,"[15, 2, 5, 11, 19, 1]","[""QacR/Q2"", ""BetI/E1"", ""BM3R1/B3"", ""PhlF/P2"", ""SrpR/S4"", ""AmtR/A1""]","[""0x2B"", ""0x4D"", ""0x71""]",6
461f6e8c,1,2.4400479308081073,0.8285741209983826,"[15, 19, 5, 11, 2, 1]","[""QacR/Q2"", ""SrpR/S4"", ""BM3R1/B3"", ""PhlF/P2"", ""BetI/E1"", ""AmtR/A1""]","[""0x2B"", ""0x4D"", ""0x71""]",6
461f6e8c,1,-0.0013331373389070355,0.8488574624061584,"[19, 10, 1, 4, 2, 15]","[""SrpR/S4"", ""PhlF/P1"", ""AmtR/A1"", ""BM3R1/B2"", ""BetI/E1"", ""QacR/Q2""]","[""0x2B"", ""0x4D"", ""0x71""]",6
461f6e8c,1,-0.0019633133776143356,0.853618323802948,"[19, 10, 2, 4, 1, 15]","[""SrpR/S4"", ""PhlF/P1"", ""BetI/E1"", ""BM3R1/B2"", ""AmtR/A1"", ""QacR/Q2""]","[""0x2B"", ""0x4D"", ""0x71""]",6
02d9736d,0,5.786770946120092,0.7230840921401978,"[19, 4, 15, 1, 2, 13, 11]","[""SrpR/S4"", ""BM3R1/B2"", ""QacR/Q2"", ""AmtR/A1"", ""BetI/E1"", ""PsrA/R1"", ""PhlF/P2""]","[""0x2B"", ""0x4D"", ""0x71""]",7
02d9736d,0,6.210043898249852,0.7148064374923706,"[19, 2, 13, 5, 15, 1, 11]","[""SrpR/S4"", ""BetI/E1"", ""PsrA/R1"", ""BM3R1/B3"", ""QacR/Q2"", ""AmtR/A1"", ""PhlF/P2""]","[""0x2B"", ""0x4D"", ""0x71""]",7
02d9736d,0,6.426821135266249,0.6179075241088867,"[14, 19, 1, 4, 2, 13, 11]","[""QacR/Q1"", ""SrpR/S4"", ""AmtR/A1"", ""BM3R1/B2"", ""BetI/E1"", ""PsrA/R1"", ""PhlF/P2""]","[""0x2B"", ""0x4D"", ""0x71""]",7
02d9736d,0,6.89167525231355,0.5984813570976257,"[1, 14, 19, 2, 3, 13, 11]","[""AmtR/A1"", ""QacR/Q1"", ""SrpR/S4"", ""BetI/E1"", ""BM3R1/B1"", ""PsrA/R1"", ""PhlF/P2""]","[""0x2B"", ""0x4D"", ""0x71""]",7
02d9736d,0,7.336291207094061,0.5504685044288635,"[1, 14, 17, 4, 2, 13, 11]","[""AmtR/A1"", ""QacR/Q1"", ""SrpR/S2"", ""BM3R1/B2"", ""BetI/E1"", ""PsrA/R1"", ""PhlF/P2""]","[""0x2B"", ""0x4D"", ""0x71""]",7
02d9736d,0,0.041534164766565795,0.7788026332855225,"[1, 0, 10, 5, 15, 2, 19]","[""AmtR/A1"", ""AmeR/F1"", ""PhlF/P1"", ""BM3R1/B3"", ""QacR/Q2"", ""BetI/E1"", ""SrpR/S4""]","[""0x2B"", ""0x4D"", ""0x71""]",7
02d9736d,0,4.426756653204357,0.7606697082519531,"[1, 4, 15, 10, 2, 13, 19]","[""AmtR/A1"", ""BM3R1/B2"", ""QacR/Q2"", ""PhlF/P1"", ""BetI/E1"", ""PsrA/R1"", ""SrpR/S4""]","[""0x2B"", ""0x4D"", ""0x71""]",7
02d9736d,0,4.065625347997579,0.7654415965080261,"[15, 4, 1, 10, 2, 13, 19]","[""QacR/Q2"", ""BM3R1/B2"", ""AmtR/A1"", ""PhlF/P1"", ""BetI/E1"", ""PsrA/R1"", ""SrpR/S4""]","[""0x2B"", ""0x4D"", ""0x71""]",7
02d9736d,0,0.11544742442540826,0.7745051383972168,"[1, 0, 10, 15, 2, 19, 4]","[""AmtR/A1"", ""AmeR/F1"", ""PhlF/P1"", ""QacR/Q2"", ""BetI/E1"", ""SrpR/S4"", ""BM3R1/B2""]","[""0x2B"", ""0x4D"", ""0x71""]",7
02d9736d,0,0.0345828797879515,0.7943764328956604,"[1, 2, 10, 8, 15, 19, 5]","[""AmtR/A1"", ""BetI/E1"", ""PhlF/P1"", ""LitR/L1"", ""QacR/Q2"", ""SrpR/S4"", ""BM3R1/B3""]","[""0x2B"", ""0x4D"", ""0x71""]",7
02d9736d,0,6.3079816265404,0.6931692957878113,"[1, 2, 13, 4, 15, 19, 11]","[""AmtR/A1"", ""BetI/E1"", ""PsrA/R1"", ""BM3R1/B2"", ""QacR/Q2"", ""SrpR/S4"", ""PhlF/P2""]","[""0x2B"", ""0x4D"", ""0x71""]",7
02d9736d,0,6.900537024140843,0.5719690322875977,"[1, 14, 19, 2, 8, 13, 11]","[""AmtR/A1"", ""QacR/Q1"", ""SrpR/S4"", ""BetI/E1"", ""LitR/L1"", ""PsrA/R1"", ""PhlF/P2""]","[""0x2B"", ""0x4D"", ""0x71""]",7
02d9736d,0,0.06983848515878456,0.774641752243042,"[1, 2, 10, 15, 19, 4, 0]","[""AmtR/A1"", ""BetI/E1"", ""PhlF/P1"", ""QacR/Q2"", ""SrpR/S4"", ""BM3R1/B2"", ""AmeR/F1""]","[""0x2B"", ""0x4D"", ""0x71""]",7
02d9736d,0,0.05772670703492742,0.7787013649940491,"[1, 4, 10, 15, 2, 0, 19]","[""AmtR/A1"", ""BM3R1/B2"", ""PhlF/P1"", ""QacR/Q2"", ""BetI/E1"", ""AmeR/F1"", ""SrpR/S4""]","[""0x2B"", ""0x4D"", ""0x71""]",7
02d9736d,0,0.03772338853657294,0.780685305595398,"[1, 19, 10, 8, 2, 15, 5]","[""AmtR/A1"", ""SrpR/S4"", ""PhlF/P1"", ""LitR/L1"", ""BetI/E1"", ""QacR/Q2"", ""BM3R1/B3""]","[""0x2B"", ""0x4D"", ""0x71""]",7
02d9736d,0,0.5188665850094654,0.7731562852859497,"[2, 4, 1, 10, 15, 19, 0]","[""BetI/E1"", ""BM3R1/B2"", ""AmtR/A1"", ""PhlF/P1"", ""QacR/Q2"", ""SrpR/S4"", ""AmeR/F1""]","[""0x2B"", ""0x4D"", ""0x71""]",7
02d9736d,0,5.764000290511584,0.7423803806304932,"[1, 4, 15, 19, 2, 13, 11]","[""AmtR/A1"", ""BM3R1/B2"", ""QacR/Q2"", ""SrpR/S4"", ""BetI/E1"", ""PsrA/R1"", ""PhlF/P2""]","[""0x2B"", ""0x4D"", ""0x71""]",7
076cf7ed,1,0.004677731717698002,0.7628251910209656,"[2, 1, 4, 19, 15, 0, 10]","[""BetI/E1"", ""AmtR/A1"", ""BM3R1/B2"", ""SrpR/S4"", ""QacR/Q2"", ""AmeR/F1"", ""PhlF/P1""]","[""0x2B"", ""0x4D""]",7
076cf7ed,1,0.2385926460379414,0.7427197098731995,"[2, 1, 10, 19, 15, 4, 13]","[""BetI/E1"", ""AmtR/A1"", ""PhlF/P1"", ""SrpR/S4"", ""QacR/Q2"", ""BM3R1/B2"", ""PsrA/R1""]","[""0x2B"", ""0x4D""]",7
076cf7ed,1,6.545518825949699,0.5676507353782654,"[14, 1, 18, 2, 13, 4, 11]","[""QacR/Q1"", ""AmtR/A1"", ""SrpR/S3"", ""BetI/E1"", ""PsrA/R1"", ""BM3R1/B2"", ""PhlF/P2""]","[""0x2B"", ""0x4D""]",7
076cf7ed,1,6.431991546518955,0.6214206218719482,"[14, 1, 19, 2, 13, 4, 11]","[""QacR/Q1"", ""AmtR/A1"", ""SrpR/S4"", ""BetI/E1"", ""PsrA/R1"", ""BM3R1/B2"", ""PhlF/P2""]","[""0x2B"", ""0x4D""]",7
076cf7ed,1,5.762754285892987,0.7186580300331116,"[1, 2, 13, 19, 15, 11, 4]","[""AmtR/A1"", ""BetI/E1"", ""PsrA/R1"", ""SrpR/S4"", ""QacR/Q2"", ""PhlF/P2"", ""BM3R1/B2""]","[""0x2B"", ""0x4D""]",7
076cf7ed,1,6.411690319667053,0.628908097743988,"[1, 2, 15, 18, 13, 11, 5]","[""AmtR/A1"", ""BetI/E1"", ""QacR/Q2"", ""SrpR/S3"", ""PsrA/R1"", ""PhlF/P2"", ""BM3R1/B3""]","[""0x2B"", ""0x4D""]",7
076cf7ed,1,3.3433740150263374,0.7406626343727112,"[1, 15, 4, 19, 13, 2, 11]","[""AmtR/A1"", ""QacR/Q2"", ""BM3R1/B2"", ""SrpR/S4"", ""PsrA/R1"", ""BetI/E1"", ""PhlF/P2""]","[""0x2B"", ""0x4D""]",7
076cf7ed,1,6.201786812935713,0.6341191530227661,"[1, 13, 5, 17, 11, 15, 2]","[""AmtR/A1"", ""PsrA/R1"", ""BM3R1/B3"", ""SrpR/S2"", ""PhlF/P2"", ""QacR/Q2"", ""BetI/E1""]","[""0x2B"", ""0x4D""]",7
076cf7ed,1,6.726968979469468,0.4926009774208069,"[1, 7, 2, 15, 13, 11, 5]","[""AmtR/A1"", ""IcaRA/I1"", ""BetI/E1"", ""QacR/Q2"", ""PsrA/R1"", ""PhlF/P2"", ""BM3R1/B3""]","[""0x2B"", ""0x4D""]",7
076cf7ed,1,5.722629430004645,0.72698575258255,"[1, 15, 17, 2, 13, 11, 4]","[""AmtR/A1"", ""QacR/Q2"", ""SrpR/S2"", ""BetI/E1"", ""PsrA/R1"", ""PhlF/P2"", ""BM3R1/B2""]","[""0x2B"", ""0x4D""]",7
076cf7ed,1,5.080455179613068,0.7322241067886353,"[1, 15, 11, 2, 13, 19, 4]","[""AmtR/A1"", ""QacR/Q2"", ""PhlF/P2"", ""BetI/E1"", ""PsrA/R1"", ""SrpR/S4"", ""BM3R1/B2""]","[""0x2B"", ""0x4D""]",7
076cf7ed,1,6.6113630154241365,0.5660585761070251,"[4, 1, 14, 18, 13, 2, 11]","[""BM3R1/B2"", ""AmtR/A1"", ""QacR/Q1"", ""SrpR/S3"", ""PsrA/R1"", ""BetI/E1"", ""PhlF/P2""]","[""0x2B"", ""0x4D""]",7
076cf7ed,1,6.184078541825611,0.7164881825447083,"[1, 19, 2, 15, 13, 11, 4]","[""AmtR/A1"", ""SrpR/S4"", ""BetI/E1"", ""QacR/Q2"", ""PsrA/R1"", ""PhlF/P2"", ""BM3R1/B2""]","[""0x2B"", ""0x4D""]",7
076cf7ed,1,0.06470642408544364,0.7527663707733154,"[15, 1, 2, 19, 13, 10, 4]","[""QacR/Q2"", ""AmtR/A1"", ""BetI/E1"", ""SrpR/S4"", ""PsrA/R1"", ""PhlF/P1"", ""BM3R1/B2""]","[""0x2B"", ""0x4D""]",7
076cf7ed,1,4.007798420161872,0.7340070009231567,"[1, 15, 11, 2, 13, 4, 17]","[""AmtR/A1"", ""QacR/Q2"", ""PhlF/P2"", ""BetI/E1"", ""PsrA/R1"", ""BM3R1/B2"", ""SrpR/S2""]","[""0x2B"", ""0x4D""]",7
076cf7ed,1,5.7510769440375755,0.7208768725395203,"[2, 1, 15, 19, 13, 11, 5]","[""BetI/E1"", ""AmtR/A1"", ""QacR/Q2"", ""SrpR/S4"", ""PsrA/R1"", ""PhlF/P2"", ""BM3R1/B3""]","[""0x2B"", ""0x4D""]",7
076cf7ed,1,0.17575267602705705,0.7483049035072327,"[2, 1, 0, 4, 15, 19, 11]","[""BetI/E1"", ""AmtR/A1"", ""AmeR/F1"", ""BM3R1/B2"", ""QacR/Q2"", ""SrpR/S4"", ""PhlF/P2""]","[""0x2B"", ""0x4D""]",7
186e103b,0,6.529499781203908,0.5349312424659729,"[14, 1, 2, 11, 8, 4, 19]","[""QacR/Q1"", ""AmtR/A1"", ""BetI/E1"", ""PhlF/P2"", ""LitR/L1"", ""BM3R1/B2"", ""SrpR/S4""]",0x2B,7
186e103b,0,1.4098896562679823,0.7507834434509277,"[4, 19, 1, 15, 10, 2, 13]","[""BM3R1/B2"", ""SrpR/S4"", ""AmtR/A1"", ""QacR/Q2"", ""PhlF/P1"", ""BetI/E1"", ""PsrA/R1""]",0x2B,7
186e103b,0,5.900656326159919,0.7010637521743774,"[2, 19, 1, 11, 4, 15, 13]","[""BetI/E1"", ""SrpR/S4"", ""AmtR/A1"", ""PhlF/P2"", ""BM3R1/B2"", ""QacR/Q2"", ""PsrA/R1""]",0x2B,7
186e103b,0,6.231246380957257,0.6167948246002197,"[19, 14, 1, 11, 4, 2, 13]","[""SrpR/S4"", ""QacR/Q1"", ""AmtR/A1"", ""PhlF/P2"", ""BM3R1/B2"", ""BetI/E1"", ""PsrA/R1""]",0x2B,7
186e103b,0,6.83473962684675,0.3821386694908142,"[14, 2, 19, 11, 8, 7, 13]","[""QacR/Q1"", ""BetI/E1"", ""SrpR/S4"", ""PhlF/P2"", ""LitR/L1"", ""IcaRA/I1"", ""PsrA/R1""]",0x2B,7
186e103b,1,5.75084271657317,0.7077451348304749,"[2, 15, 19, 11, 4, 1, 13]","[""BetI/E1"", ""QacR/Q2"", ""SrpR/S4"", ""PhlF/P2"", ""BM3R1/B2"", ""AmtR/A1"", ""PsrA/R1""]",0x2B,7
186e103b,1,0.0848735763078611,0.7662915587425232,"[0, 8, 15, 19, 4, 10, 2]","[""AmeR/F1"", ""LitR/L1"", ""QacR/Q2"", ""SrpR/S4"", ""BM3R1/B2"", ""PhlF/P1"", ""BetI/E1""]",0x2B,7
186e103b,1,3.755342891301036,0.7253941297531128,"[13, 19, 2, 15, 4, 11, 1]","[""PsrA/R1"", ""SrpR/S4"", ""BetI/E1"", ""QacR/Q2"", ""BM3R1/B2"", ""PhlF/P2"", ""AmtR/A1""]",0x2B,7
186e103b,1,0.32980605367100985,0.7528086304664612,"[0, 15, 2, 19, 10, 4, 1]","[""AmeR/F1"", ""QacR/Q2"", ""BetI/E1"", ""SrpR/S4"", ""PhlF/P1"", ""BM3R1/B2"", ""AmtR/A1""]",0x2B,7
186e103b,1,0.1240165255904273,0.764811098575592,"[2, 1, 15, 19, 4, 0, 10]","[""BetI/E1"", ""AmtR/A1"", ""QacR/Q2"", ""SrpR/S4"", ""BM3R1/B2"", ""AmeR/F1"", ""PhlF/P1""]",0x2B,7
186e103b,1,0.26405381671846706,0.761607825756073,"[11, 1, 15, 19, 4, 0, 2]","[""PhlF/P2"", ""AmtR/A1"", ""QacR/Q2"", ""SrpR/S4"", ""BM3R1/B2"", ""AmeR/F1"", ""BetI/E1""]",0x2B,7
186e103b,1,0.05578551987386035,0.7799066305160522,"[0, 10, 2, 19, 4, 1, 15]","[""AmeR/F1"", ""PhlF/P1"", ""BetI/E1"", ""SrpR/S4"", ""BM3R1/B2"", ""AmtR/A1"", ""QacR/Q2""]",0x2B,7
186e103b,1,3.5028672441472746,0.7310379147529602,"[11, 1, 15, 5, 9, 19, 2]","[""PhlF/P2"", ""AmtR/A1"", ""QacR/Q2"", ""BM3R1/B3"", ""LmrA/N1"", ""SrpR/S4"", ""BetI/E1""]",0x2B,7
186e103b,1,3.084945409978737,0.7393658757209778,"[11, 19, 13, 15, 4, 1, 2]","[""PhlF/P2"", ""SrpR/S4"", ""PsrA/R1"", ""QacR/Q2"", ""BM3R1/B2"", ""AmtR/A1"", ""BetI/E1""]",0x2B,7
186e103b,1,4.898322573073356,0.7143077254295349,"[11, 2, 13, 15, 4, 1, 19]","[""PhlF/P2"", ""BetI/E1"", ""PsrA/R1"", ""QacR/Q2"", ""BM3R1/B2"", ""AmtR/A1"", ""SrpR/S4""]",0x2B,7
186e103b,1,6.748362396921888,0.4200823903083801,"[14, 2, 19, 12, 4, 7, 13]","[""QacR/Q1"", ""BetI/E1"", ""SrpR/S4"", ""PhlF/P3"", ""BM3R1/B2"", ""IcaRA/I1"", ""PsrA/R1""]",0x2B,7
186e103b,1,0.059319042628522965,0.7674728035926819,"[1, 8, 15, 19, 5, 2, 10]","[""AmtR/A1"", ""LitR/L1"", ""QacR/Q2"", ""SrpR/S4"", ""BM3R1/B3"", ""BetI/E1"", ""PhlF/P1""]",0x2B,7
186e103b,1,4.718576145234641,0.7229948043823242,"[11, 2, 15, 13, 4, 1, 19]","[""PhlF/P2"", ""BetI/E1"", ""QacR/Q2"", ""PsrA/R1"", ""BM3R1/B2"", ""AmtR/A1"", ""SrpR/S4""]",0x2B,7
186e103b,1,6.645462301313283,0.4994422197341919,"[19, 15, 2, 11, 5, 7, 13]","[""SrpR/S4"", ""QacR/Q2"", ""BetI/E1"", ""PhlF/P2"", ""BM3R1/B3"", ""IcaRA/I1"", ""PsrA/R1""]",0x2B,7
186e103b,1,2.042440742337307,0.748923659324646,"[4, 19, 13, 15, 10, 2, 1]","[""BM3R1/B2"", ""SrpR/S4"", ""PsrA/R1"", ""QacR/Q2"", ""PhlF/P1"", ""BetI/E1"", ""AmtR/A1""]",0x2B,7
1f7306eb,0,5.262141597003899,0.7428692579269409,"[4, 2, 1, 15, 11, 13, 19]","[""BM3R1/B2"", ""BetI/E1"", ""AmtR/A1"", ""QacR/Q2"", ""PhlF/P2"", ""PsrA/R1"", ""SrpR/S4""]","[""0x2B"", ""0x71""]",7
1f7306eb,0,0.04262542921139907,0.800964891910553,"[15, 5, 2, 10, 19, 8, 1]","[""QacR/Q2"", ""BM3R1/B3"", ""BetI/E1"", ""PhlF/P1"", ""SrpR/S4"", ""LitR/L1"", ""AmtR/A1""]","[""0x2B"", ""0x71""]",7
1f7306eb,0,0.16795510553876425,0.7954308390617371,"[15, 1, 2, 10, 19, 8, 5]","[""QacR/Q2"", ""AmtR/A1"", ""BetI/E1"", ""PhlF/P1"", ""SrpR/S4"", ""LitR/L1"", ""BM3R1/B3""]","[""0x2B"", ""0x71""]",7
1f7306eb,0,0.05126570671615069,0.7971859574317932,"[15, 4, 2, 10, 19, 8, 1]","[""QacR/Q2"", ""BM3R1/B2"", ""BetI/E1"", ""PhlF/P1"", ""SrpR/S4"", ""LitR/L1"", ""AmtR/A1""]","[""0x2B"", ""0x71""]",7
1f7306eb,0,5.720792006403217,0.4530529677867889,"[5, 13, 1, 2, 14, 7, 12]","[""BM3R1/B3"", ""PsrA/R1"", ""AmtR/A1"", ""BetI/E1"", ""QacR/Q1"", ""IcaRA/I1"", ""PhlF/P3""]","[""0x2B"", ""0x71""]",7
1f7306eb,0,-0.006647717272272451,0.8057726621627808,"[10, 4, 1, 19, 2, 15, 0]","[""PhlF/P1"", ""BM3R1/B2"", ""AmtR/A1"", ""SrpR/S4"", ""BetI/E1"", ""QacR/Q2"", ""AmeR/F1""]","[""0x2B"", ""0x71""]",7
1f7306eb,0,3.39566970913147,0.7663705348968506,"[4, 1, 2, 15, 19, 13, 11]","[""BM3R1/B2"", ""AmtR/A1"", ""BetI/E1"", ""QacR/Q2"", ""SrpR/S4"", ""PsrA/R1"", ""PhlF/P2""]","[""0x2B"", ""0x71""]",7
1f7306eb,1,5.041253071845451,0.7480324506759644,"[4, 19, 1, 15, 2, 13, 11]","[""BM3R1/B2"", ""SrpR/S4"", ""AmtR/A1"", ""QacR/Q2"", ""BetI/E1"", ""PsrA/R1"", ""PhlF/P2""]","[""0x2B"", ""0x71""]",7
1f7306eb,1,2.651233156543591,0.7704780101776123,"[4, 11, 2, 19, 13, 1, 15]","[""BM3R1/B2"", ""PhlF/P2"", ""BetI/E1"", ""SrpR/S4"", ""PsrA/R1"", ""AmtR/A1"", ""QacR/Q2""]","[""0x2B"", ""0x71""]",7
1f7306eb,1,4.432737112129358,0.7484533786773682,"[4, 15, 1, 2, 11, 13, 19]","[""BM3R1/B2"", ""QacR/Q2"", ""AmtR/A1"", ""BetI/E1"", ""PhlF/P2"", ""PsrA/R1"", ""SrpR/S4""]","[""0x2B"", ""0x71""]",7
1f7306eb,1,-0.03370297346155571,0.8059496879577637,"[2, 9, 5, 10, 15, 8, 19]","[""BetI/E1"", ""LmrA/N1"", ""BM3R1/B3"", ""PhlF/P1"", ""QacR/Q2"", ""LitR/L1"", ""SrpR/S4""]","[""0x2B"", ""0x71""]",7
1f7306eb,1,4.237899500235568,0.762864351272583,"[4, 15, 1, 2, 19, 13, 11]","[""BM3R1/B2"", ""QacR/Q2"", ""AmtR/A1"", ""BetI/E1"", ""SrpR/S4"", ""PsrA/R1"", ""PhlF/P2""]","[""0x2B"", ""0x71""]",7
1f7306eb,1,5.621934147096084,0.7204877138137817,"[4, 17, 1, 15, 12, 13, 2]","[""BM3R1/B2"", ""SrpR/S2"", ""AmtR/A1"", ""QacR/Q2"", ""PhlF/P3"", ""PsrA/R1"", ""BetI/E1""]","[""0x2B"", ""0x71""]",7
1f7306eb,1,2.5005742255127665,0.773943305015564,"[4, 11, 1, 19, 15, 13, 2]","[""BM3R1/B2"", ""PhlF/P2"", ""AmtR/A1"", ""SrpR/S4"", ""QacR/Q2"", ""PsrA/R1"", ""BetI/E1""]","[""0x2B"", ""0x71""]",7
1f7306eb,1,-0.06089063892786432,0.8103654384613037,"[10, 4, 1, 19, 2, 15, 0]","[""PhlF/P1"", ""BM3R1/B2"", ""AmtR/A1"", ""SrpR/S4"", ""BetI/E1"", ""QacR/Q2"", ""AmeR/F1""]","[""0x2B"", ""0x71""]",7
1f7306eb,1,1.3715811154998618,0.7743098735809326,"[4, 2, 1, 19, 15, 13, 11]","[""BM3R1/B2"", ""BetI/E1"", ""AmtR/A1"", ""SrpR/S4"", ""QacR/Q2"", ""PsrA/R1"", ""PhlF/P2""]","[""0x2B"", ""0x71""]",7
1f7306eb,1,-0.033909139995895725,0.8098663091659546,"[1, 9, 19, 10, 2, 15, 4]","[""AmtR/A1"", ""LmrA/N1"", ""SrpR/S4"", ""PhlF/P1"", ""BetI/E1"", ""QacR/Q2"", ""BM3R1/B2""]","[""0x2B"", ""0x71""]",7
1f7306eb,1,-0.0014897086623495237,0.8021855354309082,"[2, 5, 1, 10, 15, 8, 19]","[""BetI/E1"", ""BM3R1/B3"", ""AmtR/A1"", ""PhlF/P1"", ""QacR/Q2"", ""LitR/L1"", ""SrpR/S4""]","[""0x2B"", ""0x71""]",7
1f7306eb,1,0.9631706441045784,0.785067081451416,"[4, 11, 1, 2, 19, 15, 0]","[""BM3R1/B2"", ""PhlF/P2"", ""AmtR/A1"", ""BetI/E1"", ""SrpR/S4"", ""QacR/Q2"", ""AmeR/F1""]","[""0x2B"", ""0x71""]",7
1f7306eb,1,5.159907204937959,0.7450916767120361,"[4, 19, 1, 13, 2, 15, 11]","[""BM3R1/B2"", ""SrpR/S4"", ""AmtR/A1"", ""PsrA/R1"", ""BetI/E1"", ""QacR/Q2"", ""PhlF/P2""]","[""0x2B"", ""0x71""]",7
2905552f,0,0.5853646547581571,0.7682434320449829,"[15, 19, 5, 2, 10, 1, 0]","[""QacR/Q2"", ""SrpR/S4"", ""BM3R1/B3"", ""BetI/E1"", ""PhlF/P1"", ""AmtR/A1"", ""AmeR/F1""]","[""0x2B"", ""0x4D"", ""0x71""]",7
2905552f,0,3.633918260607145,0.7639197111129761,"[2, 11, 1, 15, 13, 19, 4]","[""BetI/E1"", ""PhlF/P2"", ""AmtR/A1"", ""QacR/Q2"", ""PsrA/R1"", ""SrpR/S4"", ""BM3R1/B2""]","[""0x2B"", ""0x4D"", ""0x71""]",7
2905552f,0,7.664894164224117,0.7312740087509155,"[11, 4, 1, 15, 8, 2, 19]","[""PhlF/P2"", ""BM3R1/B2"", ""AmtR/A1"", ""QacR/Q2"", ""LitR/L1"", ""BetI/E1"", ""SrpR/S4""]","[""0x2B"", ""0x4D"", ""0x71""]",7
2905552f,0,5.279160246634965,0.7557013630867004,"[15, 4, 1, 13, 17, 2, 11]","[""QacR/Q2"", ""BM3R1/B2"", ""AmtR/A1"", ""PsrA/R1"", ""SrpR/S2"", ""BetI/E1"", ""PhlF/P2""]","[""0x2B"", ""0x4D"", ""0x71""]",7
2905552f,0,-0.0465870779709804,0.7933146357536316,"[15, 1, 10, 2, 4, 19, 0]","[""QacR/Q2"", ""AmtR/A1"", ""PhlF/P1"", ""BetI/E1"", ""BM3R1/B2"", ""SrpR/S4"", ""AmeR/F1""]","[""0x2B"", ""0x4D"", ""0x71""]",7
2905552f,0,7.33805625999039,0.7410432696342468,"[11, 4, 1, 2, 13, 15, 19]","[""PhlF/P2"", ""BM3R1/B2"", ""AmtR/A1"", ""BetI/E1"", ""PsrA/R1"", ""QacR/Q2"", ""SrpR/S4""]","[""0x2B"", ""0x4D"", ""0x71""]",7
2905552f,0,0.013345336683515962,0.7782299518585205,"[10, 9, 15, 1, 2, 19, 4]","[""PhlF/P1"", ""LmrA/N1"", ""QacR/Q2"", ""AmtR/A1"", ""BetI/E1"", ""SrpR/S4"", ""BM3R1/B2""]","[""0x2B"", ""0x4D"", ""0x71""]",7
2905552f,0,8.86756361796718,0.6508010625839233,"[11, 5, 1, 15, 16, 13, 2]","[""PhlF/P2"", ""BM3R1/B3"", ""AmtR/A1"", ""QacR/Q2"", ""SrpR/S1"", ""PsrA/R1"", ""BetI/E1""]","[""0x2B"", ""0x4D"", ""0x71""]",7
2905552f,0,6.917143500517496,0.7501422166824341,"[11, 4, 1, 13, 2, 15, 19]","[""PhlF/P2"", ""BM3R1/B2"", ""AmtR/A1"", ""PsrA/R1"", ""BetI/E1"", ""QacR/Q2"", ""SrpR/S4""]","[""0x2B"", ""0x4D"", ""0x71""]",7
2905552f,0,2.46217298002446,0.7642912864685059,"[13, 19, 1, 15, 10, 2, 4]","[""PsrA/R1"", ""SrpR/S4"", ""AmtR/A1"", ""QacR/Q2"", ""PhlF/P1"", ""BetI/E1"", ""BM3R1/B2""]","[""0x2B"", ""0x4D"", ""0x71""]",7
2905552f,0,7.935620813493421,0.6682047843933105,"[11, 3, 1, 15, 13, 19, 2]","[""PhlF/P2"", ""BM3R1/B1"", ""AmtR/A1"", ""QacR/Q2"", ""PsrA/R1"", ""SrpR/S4"", ""BetI/E1""]","[""0x2B"", ""0x4D"", ""0x71""]",7
2905552f,0,7.779201349808048,0.7233304977416992,"[11, 5, 1, 15, 19, 2, 13]","[""PhlF/P2"", ""BM3R1/B3"", ""AmtR/A1"", ""QacR/Q2"", ""SrpR/S4"", ""BetI/E1"", ""PsrA/R1""]","[""0x2B"", ""0x4D"", ""0x71""]",7
2905552f,0,4.306377985459025,0.7586140036582947,"[11, 17, 15, 13, 2, 1, 4]","[""PhlF/P2"", ""SrpR/S2"", ""QacR/Q2"", ""PsrA/R1"", ""BetI/E1"", ""AmtR/A1"", ""BM3R1/B2""]","[""0x2B"", ""0x4D"", ""0x71""]",7
2905552f,0,6.898948307759306,0.7528071403503418,"[11, 4, 1, 13, 2, 15, 17]","[""PhlF/P2"", ""BM3R1/B2"", ""AmtR/A1"", ""PsrA/R1"", ""BetI/E1"", ""QacR/Q2"", ""SrpR/S2""]","[""0x2B"", ""0x4D"", ""0x71""]",7
2905552f,0,-0.014502943338534025,0.7846670150756836,"[19, 4, 2, 15, 10, 1, 9]","[""SrpR/S4"", ""BM3R1/B2"", ""BetI/E1"", ""QacR/Q2"", ""PhlF/P1"", ""AmtR/A1"", ""LmrA/N1""]","[""0x2B"", ""0x4D"", ""0x71""]",7
4ca37011,2,-1.5569698433125883,0.884367048740387,"[19, 1, 10, 4, 15]","[""SrpR/S4"", ""AmtR/A1"", ""PhlF/P1"", ""BM3R1/B2"", ""QacR/Q2""]",0x17,5
4ca37011,2,-1.1862959079901554,0.8809649348258972,"[19, 2, 10, 4, 15]","[""SrpR/S4"", ""BetI/E1"", ""PhlF/P1"", ""BM3R1/B2"", ""QacR/Q2""]",0x17,5
4ca37011,3,0.41295418881696455,0.8623591661453247,"[1, 4, 10, 15, 19]","[""AmtR/A1"", ""BM3R1/B2"", ""PhlF/P1"", ""QacR/Q2"", ""SrpR/S4""]",0x17,5
4ca37011,3,0.7524877380192315,0.8595943450927734,"[19, 2, 1, 15, 4]","[""SrpR/S4"", ""BetI/E1"", ""AmtR/A1"", ""QacR/Q2"", ""BM3R1/B2""]",0x17,5
4ca37011,4,6.340899352311086,0.8063227534294128,"[1, 2, 15, 11, 19]","[""AmtR/A1"", ""BetI/E1"", ""QacR/Q2"", ""PhlF/P2"", ""SrpR/S4""]",0x17,5
4ca37011,4,7.134266496031114,0.6741200089454651,"[1, 17, 2, 14, 11]","[""AmtR/A1"", ""SrpR/S2"", ""BetI/E1"", ""QacR/Q1"", ""PhlF/P2""]",0x17,5
4ca37011,4,7.238204414604663,0.6430625319480896,"[1, 17, 13, 14, 11]","[""AmtR/A1"", ""SrpR/S2"", ""PsrA/R1"", ""QacR/Q1"", ""PhlF/P2""]",0x17,5
4ca37011,4,-0.028418032077229767,0.8712725639343262,"[10, 4, 15, 2, 19]","[""PhlF/P1"", ""BM3R1/B2"", ""QacR/Q2"", ""BetI/E1"", ""SrpR/S4""]",0x17,5
4ca37011,4,0.08977890265427095,0.8648859262466431,"[10, 4, 15, 19, 2]","[""PhlF/P1"", ""BM3R1/B2"", ""QacR/Q2"", ""SrpR/S4"", ""BetI/E1""]",0x17,5
4ca37011,4,7.003660131483632,0.6770909428596497,"[19, 1, 2, 14, 11]","[""SrpR/S4"", ""AmtR/A1"", ""BetI/E1"", ""QacR/Q1"", ""PhlF/P2""]",0x17,5
4ca37011,4,5.9192800743669824,0.8248284459114075,"[19, 2, 15, 4, 11]","[""SrpR/S4"", ""BetI/E1"", ""QacR/Q2"", ""BM3R1/B2"", ""PhlF/P2""]",0x17,5
4ca37011,5,7.248486439293158,0.6386843323707581,"[1, 2, 13, 11, 14]","[""AmtR/A1"", ""BetI/E1"", ""PsrA/R1"", ""PhlF/P2"", ""QacR/Q1""]",0x17,5
4ca37011,5,6.651319117382,0.7587509751319885,"[1, 2, 13, 11, 15]","[""AmtR/A1"", ""BetI/E1"", ""PsrA/R1"", ""PhlF/P2"", ""QacR/Q2""]",0x17,5
4ca37011,5,7.170078325382527,0.6540510654449463,"[1, 2, 13, 14, 11]","[""AmtR/A1"", ""BetI/E1"", ""PsrA/R1"", ""QacR/Q1"", ""PhlF/P2""]",0x17,5
4ca37011,5,6.365735594550582,0.8027570843696594,"[1, 2, 15, 11, 5]","[""AmtR/A1"", ""BetI/E1"", ""QacR/Q2"", ""PhlF/P2"", ""BM3R1/B3""]",0x17,5
4ca37011,5,6.523643069767867,0.7948811054229736,"[1, 2, 15, 11, 19]","[""AmtR/A1"", ""BetI/E1"", ""QacR/Q2"", ""PhlF/P2"", ""SrpR/S4""]",0x17,5
4ca37011,5,6.211373533183561,0.8150904178619385,"[1, 2, 15, 19, 11]","[""AmtR/A1"", ""BetI/E1"", ""QacR/Q2"", ""SrpR/S4"", ""PhlF/P2""]",0x17,5
4ca37011,5,5.268705608638298,0.8331615924835205,"[1, 4, 11, 19, 2]","[""AmtR/A1"", ""BM3R1/B2"", ""PhlF/P2"", ""SrpR/S4"", ""BetI/E1""]",0x17,5
4ca37011,5,5.401602974095372,0.8310977220535278,"[1, 4, 11, 19, 15]","[""AmtR/A1"", ""BM3R1/B2"", ""PhlF/P2"", ""SrpR/S4"", ""QacR/Q2""]",0x17,5
4ca37011,5,5.026105816777364,0.8353744149208069,"[1, 4, 15, 2, 11]","[""AmtR/A1"", ""BM3R1/B2"", ""QacR/Q2"", ""BetI/E1"", ""PhlF/P2""]",0x17,5
4ca37011,5,4.858909165587454,0.8420904874801636,"[1, 4, 15, 19, 11]","[""AmtR/A1"", ""BM3R1/B2"", ""QacR/Q2"", ""SrpR/S4"", ""PhlF/P2""]",0x17,5
4ca37011,5,6.704507374257822,0.7498590350151062,"[1, 15, 13, 11, 2]","[""AmtR/A1"", ""QacR/Q2"", ""PsrA/R1"", ""PhlF/P2"", ""BetI/E1""]",0x17,5
4ca37011,5,6.251988548455884,0.8087742328643799,"[1, 17, 15, 2, 11]","[""AmtR/A1"", ""SrpR/S2"", ""QacR/Q2"", ""BetI/E1"", ""PhlF/P2""]",0x17,5
4ca37011,5,6.9796223136772655,0.6832816004753113,"[1, 19, 2, 11, 14]","[""AmtR/A1"", ""SrpR/S4"", ""BetI/E1"", ""PhlF/P2"", ""QacR/Q1""]",0x17,5
4ca37011,5,6.891112474411468,0.687751293182373,"[1, 19, 2, 14, 11]","[""AmtR/A1"", ""SrpR/S4"", ""BetI/E1"", ""QacR/Q1"", ""PhlF/P2""]",0x17,5
4ca37011,5,6.171821830908678,0.8162309527397156,"[1, 19, 15, 11, 4]","[""AmtR/A1"", ""SrpR/S4"", ""QacR/Q2"", ""PhlF/P2"", ""BM3R1/B2""]",0x17,5
4ca37011,5,6.348931531009752,0.8035399317741394,"[1, 19, 15, 11, 5]","[""AmtR/A1"", ""SrpR/S4"", ""QacR/Q2"", ""PhlF/P2"", ""BM3R1/B3""]",0x17,5
4ca37011,5,4.787370644297554,0.8547309637069702,"[2, 4, 15, 19, 11]","[""BetI/E1"", ""BM3R1/B2"", ""QacR/Q2"", ""SrpR/S4"", ""PhlF/P2""]",0x17,5
4ca37011,5,5.934420031503464,0.820991575717926,"[2, 19, 15, 5, 11]","[""BetI/E1"", ""SrpR/S4"", ""QacR/Q2"", ""BM3R1/B3"", ""PhlF/P2""]",0x17,5
4ca37011,5,5.9299977918090505,0.8239344358444214,"[2, 19, 15, 11, 4]","[""BetI/E1"", ""SrpR/S4"", ""QacR/Q2"", ""PhlF/P2"", ""BM3R1/B2""]",0x17,5
4ca37011,5,6.228184554304967,0.810723602771759,"[2, 19, 15, 11, 5]","[""BetI/E1"", ""SrpR/S4"", ""QacR/Q2"", ""PhlF/P2"", ""BM3R1/B3""]",0x17,5
4ca37011,5,-0.1684252326339563,0.8757102489471436,"[10, 4, 15, 2, 19]","[""PhlF/P1"", ""BM3R1/B2"", ""QacR/Q2"", ""BetI/E1"", ""SrpR/S4""]",0x17,5
4ca37011,5,5.997412609994221,0.8171680569648743,"[19, 2, 15, 4, 11]","[""SrpR/S4"", ""BetI/E1"", ""QacR/Q2"", ""BM3R1/B2"", ""PhlF/P2""]",0x17,5
4ca37011,5,5.994261925697516,0.8173550963401794,"[19, 2, 15, 5, 11]","[""SrpR/S4"", ""BetI/E1"", ""QacR/Q2"", ""BM3R1/B3"", ""PhlF/P2""]",0x17,5
4e6f5b1a,0,5.868947145031557,0.7763974070549011,"[2, 11, 4, 1, 19]","[""BetI/E1"", ""PhlF/P2"", ""BM3R1/B2"", ""AmtR/A1"", ""SrpR/S4""]",0x17,5
4e6f5b1a,0,-1.2030368509762666,0.8610733151435852,"[4, 15, 1, 19, 10]","[""BM3R1/B2"", ""QacR/Q2"", ""AmtR/A1"", ""SrpR/S4"", ""PhlF/P1""]",0x17,5
4e6f5b1a,0,1.478297611270683,0.848614513874054,"[4, 15, 2, 19, 1]","[""BM3R1/B2"", ""QacR/Q2"", ""BetI/E1"", ""SrpR/S4"", ""AmtR/A1""]",0x17,5
4e6f5b1a,0,6.552607656949756,0.6366251111030579,"[14, 11, 1, 2, 17]","[""QacR/Q1"", ""PhlF/P2"", ""AmtR/A1"", ""BetI/E1"", ""SrpR/S2""]",0x17,5
4e6f5b1a,0,6.389864208692049,0.6506833434104919,"[14, 11, 1, 17, 2]","[""QacR/Q1"", ""PhlF/P2"", ""AmtR/A1"", ""SrpR/S2"", ""BetI/E1""]",0x17,5
4e6f5b1a,0,6.879429285157512,0.581407368183136,"[14, 11, 13, 2, 18]","[""QacR/Q1"", ""PhlF/P2"", ""PsrA/R1"", ""BetI/E1"", ""SrpR/S3""]",0x17,5
4e6f5b1a,0,6.805960599361707,0.6102368235588074,"[14, 11, 13, 17, 2]","[""QacR/Q1"", ""PhlF/P2"", ""PsrA/R1"", ""SrpR/S2"", ""BetI/E1""]",0x17,5
4e6f5b1a,0,6.714059122294057,0.6261383891105652,"[14, 11, 19, 13, 2]","[""QacR/Q1"", ""PhlF/P2"", ""SrpR/S4"", ""PsrA/R1"", ""BetI/E1""]",0x17,5
4e6f5b1a,0,6.238264485781363,0.7198882699012756,"[15, 11, 13, 17, 2]","[""QacR/Q2"", ""PhlF/P2"", ""PsrA/R1"", ""SrpR/S2"", ""BetI/E1""]",0x17,5
4e6f5b1a,0,5.993673093850309,0.7762573957443237,"[19, 11, 1, 2, 15]","[""SrpR/S4"", ""PhlF/P2"", ""AmtR/A1"", ""BetI/E1"", ""QacR/Q2""]",0x17,5
4e6f5b1a,0,6.2341207140514605,0.7269273400306702,"[19, 11, 1, 13, 2]","[""SrpR/S4"", ""PhlF/P2"", ""AmtR/A1"", ""PsrA/R1"", ""BetI/E1""]",0x17,5
4e6f5b1a,0,6.114509186035631,0.7713409662246704,"[19, 11, 1, 15, 2]","[""SrpR/S4"", ""PhlF/P2"", ""AmtR/A1"", ""QacR/Q2"", ""BetI/E1""]",0x17,5
4e6f5b1a,0,6.4401673433494935,0.6374273896217346,"[19, 11, 14, 13, 2]","[""SrpR/S4"", ""PhlF/P2"", ""QacR/Q1"", ""PsrA/R1"", ""BetI/E1""]",0x17,5
4e6f5b1a,1,2.4428703677629597,0.8462080359458923,"[1, 2, 4, 15, 19]","[""AmtR/A1"", ""BetI/E1"", ""BM3R1/B2"", ""QacR/Q2"", ""SrpR/S4""]",0x17,5
4e6f5b1a,1,4.285077761363367,0.8323594331741333,"[1, 11, 4, 2, 19]","[""AmtR/A1"", ""PhlF/P2"", ""BM3R1/B2"", ""BetI/E1"", ""SrpR/S4""]",0x17,5
4e6f5b1a,1,3.8999300432730983,0.8379630446434021,"[2, 11, 4, 15, 19]","[""BetI/E1"", ""PhlF/P2"", ""BM3R1/B2"", ""QacR/Q2"", ""SrpR/S4""]",0x17,5
4e6f5b1a,1,0.057950750940851475,0.860859215259552,"[2, 19, 4, 15, 10]","[""BetI/E1"", ""SrpR/S4"", ""BM3R1/B2"", ""QacR/Q2"", ""PhlF/P1""]",0x17,5
4e6f5b1a,1,5.583691103531749,0.8045083284378052,"[5, 11, 19, 2, 15]","[""BM3R1/B3"", ""PhlF/P2"", ""SrpR/S4"", ""BetI/E1"", ""QacR/Q2""]",0x17,5
4e6f5b1a,1,5.3621495778551775,0.8103033304214478,"[11, 2, 1, 19, 15]","[""PhlF/P2"", ""BetI/E1"", ""AmtR/A1"", ""SrpR/S4"", ""QacR/Q2""]",0x17,5
4e6f5b1a,1,3.9736657519387517,0.8332542181015015,"[11, 2, 4, 1, 19]","[""PhlF/P2"", ""BetI/E1"", ""BM3R1/B2"", ""AmtR/A1"", ""SrpR/S4""]",0x17,5
4e6f5b1a,1,2.9940364899527148,0.8438574075698853,"[11, 2, 4, 15, 19]","[""PhlF/P2"", ""BetI/E1"", ""BM3R1/B2"", ""QacR/Q2"", ""SrpR/S4""]",0x17,5
4e6f5b1a,1,3.5855140009853517,0.8382002115249634,"[11, 2, 4, 19, 15]","[""PhlF/P2"", ""BetI/E1"", ""BM3R1/B2"", ""SrpR/S4"", ""QacR/Q2""]",0x17,5
4e6f5b1a,1,5.469610767851365,0.807659387588501,"[11, 2, 19, 1, 15]","[""PhlF/P2"", ""BetI/E1"", ""SrpR/S4"", ""AmtR/A1"", ""QacR/Q2""]",0x17,5
4e6f5b1a,1,4.553262614638448,0.8285239338874817,"[11, 15, 4, 1, 2]","[""PhlF/P2"", ""QacR/Q2"", ""BM3R1/B2"", ""AmtR/A1"", ""BetI/E1""]",0x17,5
4e6f5b1a,1,5.744574575013971,0.7823771834373474,"[11, 15, 19, 2, 13]","[""PhlF/P2"", ""QacR/Q2"", ""SrpR/S4"", ""BetI/E1"", ""PsrA/R1""]",0x17,5
4e6f5b1a,1,2.7050803290752023,0.8455579280853271,"[11, 19, 4, 2, 15]","[""PhlF/P2"", ""SrpR/S4"", ""BM3R1/B2"", ""BetI/E1"", ""QacR/Q2""]",0x17,5
4e6f5b1a,1,3.4337406593916486,0.8404657244682312,"[15, 2, 4, 1, 19]","[""QacR/Q2"", ""BetI/E1"", ""BM3R1/B2"", ""AmtR/A1"", ""SrpR/S4""]",0x17,5
4e6f5b1a,1,3.930940950652483,0.8336937427520752,"[15, 11, 4, 2, 19]","[""QacR/Q2"", ""PhlF/P2"", ""BM3R1/B2"", ""BetI/E1"", ""SrpR/S4""]",0x17,5
4e6f5b1a,1,0.06540216412833443,0.8603017330169678,"[15, 19, 4, 2, 10]","[""QacR/Q2"", ""SrpR/S4"", ""BM3R1/B2"", ""BetI/E1"", ""PhlF/P1""]",0x17,5
4e6f5b1a,1,4.591493926687193,0.8184797763824463,"[17, 15, 4, 1, 11]","[""SrpR/S2"", ""QacR/Q2"", ""BM3R1/B2"", ""AmtR/A1"", ""PhlF/P2""]",0x17,5
4e6f5b1a,1,5.431961460913447,0.8081781268119812,"[19, 11, 1, 15, 2]","[""SrpR/S4"", ""PhlF/P2"", ""AmtR/A1"", ""QacR/Q2"", ""BetI/E1""]",0x17,5
4e6f5b1a,1,3.998761021069099,0.8328782320022583,"[19, 15, 4, 1, 2]","[""SrpR/S4"", ""QacR/Q2"", ""BM3R1/B2"", ""AmtR/A1"", ""BetI/E1""]",0x17,5
4e6f5b1a,1,5.340267796528153,0.8178179860115051,"[19, 15, 4, 2, 11]","[""SrpR/S4"", ""QacR/Q2"", ""BM3R1/B2"", ""BetI/E1"", ""PhlF/P2""]",0x17,5
96cc1443,0,6.70632506191208,0.6482932567596436,"[14, 1, 11, 2, 4]","[""QacR/Q1"", ""AmtR/A1"", ""PhlF/P2"", ""BetI/E1"", ""BM3R1/B2""]",0x17,5
96cc1443,0,6.756999176876744,0.4573143124580383,"[14, 18, 11, 2, 7]","[""QacR/Q1"", ""SrpR/S3"", ""PhlF/P2"", ""BetI/E1"", ""IcaRA/I1""]",0x17,5
96cc1443,0,6.724706812068024,0.5720669031143188,"[14, 18, 11, 2, 13]","[""QacR/Q1"", ""SrpR/S3"", ""PhlF/P2"", ""BetI/E1"", ""PsrA/R1""]",0x17,5
96cc1443,0,6.22136113968157,0.772965669631958,"[19, 2, 11, 1, 15]","[""SrpR/S4"", ""BetI/E1"", ""PhlF/P2"", ""AmtR/A1"", ""QacR/Q2""]",0x17,5
96cc1443,0,6.245048078146644,0.7418602108955383,"[19, 2, 11, 13, 15]","[""SrpR/S4"", ""BetI/E1"", ""PhlF/P2"", ""PsrA/R1"", ""QacR/Q2""]",0x17,5
96cc1443,0,5.838694112732956,0.7753897905349731,"[19, 2, 11, 15, 1]","[""SrpR/S4"", ""BetI/E1"", ""PhlF/P2"", ""QacR/Q2"", ""AmtR/A1""]",0x17,5
96cc1443,2,0.0035880799939311176,0.8756365776062012,"[1, 15, 2, 4, 10]","[""AmtR/A1"", ""QacR/Q2"", ""BetI/E1"", ""BM3R1/B2"", ""PhlF/P1""]",0x17,5
96cc1443,2,-0.40820466844715203,0.8872503042221069,"[2, 15, 19, 4, 10]","[""BetI/E1"", ""QacR/Q2"", ""SrpR/S4"", ""BM3R1/B2"", ""PhlF/P1""]",0x17,5
96cc1443,2,6.380055148544896,0.7097127437591553,"[3, 13, 11, 2, 19]","[""BM3R1/B1"", ""PsrA/R1"", ""PhlF/P2"", ""BetI/E1"", ""SrpR/S4""]",0x17,5
96cc1443,2,6.270685283069887,0.7404224872589111,"[3, 15, 11, 2, 19]","[""BM3R1/B1"", ""QacR/Q2"", ""PhlF/P2"", ""BetI/E1"", ""SrpR/S4""]",0x17,5
96cc1443,2,3.9787542678256007,0.8392812013626099,"[4, 2, 19, 11, 1]","[""BM3R1/B2"", ""BetI/E1"", ""SrpR/S4"", ""PhlF/P2"", ""AmtR/A1""]",0x17,5
96cc1443,2,3.9502929090856345,0.8447479009628296,"[11, 15, 2, 4, 19]","[""PhlF/P2"", ""QacR/Q2"", ""BetI/E1"", ""BM3R1/B2"", ""SrpR/S4""]",0x17,5
96cc1443,2,6.440730046487821,0.6819095015525818,"[14, 2, 11, 17, 1]","[""QacR/Q1"", ""BetI/E1"", ""PhlF/P2"", ""SrpR/S2"", ""AmtR/A1""]",0x17,5
96cc1443,2,5.793630990566191,0.7934988737106323,"[19, 2, 11, 15, 1]","[""SrpR/S4"", ""BetI/E1"", ""PhlF/P2"", ""QacR/Q2"", ""AmtR/A1""]",0x17,5
96cc1443,2,-0.05333980125334294,0.8808243274688721,"[19, 15, 2, 4, 10]","[""SrpR/S4"", ""QacR/Q2"", ""BetI/E1"", ""BM3R1/B2"", ""PhlF/P1""]",0x17,5
96cc1443,3,3.9936096974157684,0.8372218608856201,"[2, 19, 11, 1, 4]","[""BetI/E1"", ""SrpR/S4"", ""PhlF/P2"", ""AmtR/A1"", ""BM3R1/B2""]",0x17,5
96cc1443,3,4.217778027621369,0.8327184915542603,"[4, 2, 11, 15, 17]","[""BM3R1/B2"", ""BetI/E1"", ""PhlF/P2"", ""QacR/Q2"", ""SrpR/S2""]",0x17,5
96cc1443,3,4.623135004692581,0.8291710615158081,"[4, 2, 11, 19, 15]","[""BM3R1/B2"", ""BetI/E1"", ""PhlF/P2"", ""SrpR/S4"", ""QacR/Q2""]",0x17,5
96cc1443,3,4.4620445130727155,0.8300614356994629,"[4, 15, 11, 2, 17]","[""BM3R1/B2"", ""QacR/Q2"", ""PhlF/P2"", ""BetI/E1"", ""SrpR/S2""]",0x17,5
96cc1443,3,4.684516106218357,0.8248323202133179,"[4, 15, 11, 2, 19]","[""BM3R1/B2"", ""QacR/Q2"", ""PhlF/P2"", ""BetI/E1"", ""SrpR/S4""]",0x17,5
96cc1443,3,3.676749096235559,0.8467550277709961,"[11, 2, 15, 19, 4]","[""PhlF/P2"", ""BetI/E1"", ""QacR/Q2"", ""SrpR/S4"", ""BM3R1/B2""]",0x17,5
96cc1443,3,4.957256528385644,0.8208343982696533,"[11, 2, 19, 1, 15]","[""PhlF/P2"", ""BetI/E1"", ""SrpR/S4"", ""AmtR/A1"", ""QacR/Q2""]",0x17,5
96cc1443,3,2.901760437971328,0.8641400337219238,"[11, 2, 19, 15, 4]","[""PhlF/P2"", ""BetI/E1"", ""SrpR/S4"", ""QacR/Q2"", ""BM3R1/B2""]",0x17,5
96cc1443,3,5.505694546089208,0.8131412267684937,"[11, 15, 2, 1, 17]","[""PhlF/P2"", ""QacR/Q2"", ""BetI/E1"", ""AmtR/A1"", ""SrpR/S2""]",0x17,5
96cc1443,3,5.592068493074379,0.8033983707427979,"[11, 15, 2, 1, 19]","[""PhlF/P2"", ""QacR/Q2"", ""BetI/E1"", ""AmtR/A1"", ""SrpR/S4""]",0x17,5
96cc1443,3,3.4680295950317874,0.8476033210754395,"[11, 15, 2, 19, 4]","[""PhlF/P2"", ""QacR/Q2"", ""BetI/E1"", ""SrpR/S4"", ""BM3R1/B2""]",0x17,5
96cc1443,3,5.249478650720678,0.8154988288879395,"[11, 15, 19, 1, 2]","[""PhlF/P2"", ""QacR/Q2"", ""SrpR/S4"", ""AmtR/A1"", ""BetI/E1""]",0x17,5
96cc1443,3,2.277078209714506,0.865301251411438,"[11, 15, 19, 2, 4]","[""PhlF/P2"", ""QacR/Q2"", ""SrpR/S4"", ""BetI/E1"", ""BM3R1/B2""]",0x17,5
96cc1443,3,3.4208661540189182,0.8477679491043091,"[11, 19, 2, 1, 4]","[""PhlF/P2"", ""SrpR/S4"", ""BetI/E1"", ""AmtR/A1"", ""BM3R1/B2""]",0x17,5
96cc1443,3,6.423124503993106,0.6890383958816528,"[14, 2, 11, 1, 17]","[""QacR/Q1"", ""BetI/E1"", ""PhlF/P2"", ""AmtR/A1"", ""SrpR/S2""]",0x17,5
96cc1443,3,6.6607546648411216,0.6787223815917969,"[14, 2, 11, 1, 19]","[""QacR/Q1"", ""BetI/E1"", ""PhlF/P2"", ""AmtR/A1"", ""SrpR/S4""]",0x17,5
a512820e,1,5.144149580417737,0.7962185144424438,"[4, 11, 15, 1, 19, 2]","[""BM3R1/B2"", ""PhlF/P2"", ""QacR/Q2"", ""AmtR/A1"", ""SrpR/S4"", ""BetI/E1""]",0x17,6
a512820e,1,1.6543989375779018,0.8192886710166931,"[4, 15, 1, 10, 19, 2]","[""BM3R1/B2"", ""QacR/Q2"", ""AmtR/A1"", ""PhlF/P1"", ""SrpR/S4"", ""BetI/E1""]",0x17,6
a512820e,1,-1.826501119612554,0.8329386711120605,"[4, 15, 10, 1, 19, 2]","[""BM3R1/B2"", ""QacR/Q2"", ""PhlF/P1"", ""AmtR/A1"", ""SrpR/S4"", ""BetI/E1""]",0x17,6
a512820e,1,-1.7707638418962603,0.832182765007019,"[4, 15, 10, 2, 1, 17]","[""BM3R1/B2"", ""QacR/Q2"", ""PhlF/P1"", ""BetI/E1"", ""AmtR/A1"", ""SrpR/S2""]",0x17,6
a512820e,1,3.96790010574694,0.8068085312843323,"[11, 4, 15, 1, 19, 2]","[""PhlF/P2"", ""BM3R1/B2"", ""QacR/Q2"", ""AmtR/A1"", ""SrpR/S4"", ""BetI/E1""]",0x17,6
a512820e,1,7.177281745681652,0.4162609279155731,"[14, 11, 2, 3, 19, 7]","[""QacR/Q1"", ""PhlF/P2"", ""BetI/E1"", ""BM3R1/B1"", ""SrpR/S4"", ""IcaRA/I1""]",0x17,6
a512820e,1,7.047245586171482,0.646415114402771,"[14, 11, 2, 4, 19, 1]","[""QacR/Q1"", ""PhlF/P2"", ""BetI/E1"", ""BM3R1/B2"", ""SrpR/S4"", ""AmtR/A1""]",0x17,6
a512820e,1,7.1669863814462795,0.6277205348014832,"[14, 11, 2, 5, 19, 1]","[""QacR/Q1"", ""PhlF/P2"", ""BetI/E1"", ""BM3R1/B3"", ""SrpR/S4"", ""AmtR/A1""]",0x17,6
a512820e,1,7.174707661057509,0.455849677324295,"[14, 11, 2, 5, 19, 7]","[""QacR/Q1"", ""PhlF/P2"", ""BetI/E1"", ""BM3R1/B3"", ""SrpR/S4"", ""IcaRA/I1""]",0x17,6
a512820e,1,-0.023920239179129135,0.8210599422454834,"[15, 2, 10, 4, 19, 1]","[""QacR/Q2"", ""BetI/E1"", ""PhlF/P1"", ""BM3R1/B2"", ""SrpR/S4"", ""AmtR/A1""]",0x17,6
a512820e,1,-0.0653944202248104,0.8258519768714905,"[19, 2, 10, 4, 15, 1]","[""SrpR/S4"", ""BetI/E1"", ""PhlF/P1"", ""BM3R1/B2"", ""QacR/Q2"", ""AmtR/A1""]",0x17,6
a512820e,1,6.077761064363275,0.7687199711799622,"[19, 11, 2, 4, 1, 15]","[""SrpR/S4"", ""PhlF/P2"", ""BetI/E1"", ""BM3R1/B2"", ""AmtR/A1"", ""QacR/Q2""]",0x17,6
a512820e,1,6.277072816344758,0.7659560441970825,"[19, 11, 15, 4, 2, 1]","[""SrpR/S4"", ""PhlF/P2"", ""QacR/Q2"", ""BM3R1/B2"", ""BetI/E1"", ""AmtR/A1""]",0x17,6
a512820e,1,6.395557668931985,0.7413020133972168,"[19, 11, 15, 5, 2, 1]","[""SrpR/S4"", ""PhlF/P2"", ""QacR/Q2"", ""BM3R1/B3"", ""BetI/E1"", ""AmtR/A1""]",0x17,6
a512820e,1,-0.16776745935243953,0.8306511640548706,"[19, 15, 10, 4, 2, 1]","[""SrpR/S4"", ""QacR/Q2"", ""PhlF/P1"", ""BM3R1/B2"", ""BetI/E1"", ""AmtR/A1""]",0x17,6
a512820e,3,3.366976342134826,0.8103696703910828,"[1, 15, 19, 10, 2, 4]","[""AmtR/A1"", ""QacR/Q2"", ""SrpR/S4"", ""PhlF/P1"", ""BetI/E1"", ""BM3R1/B2""]",0x17,6
a512820e,3,6.594953497049368,0.6726362109184265,"[11, 14, 2, 4, 1, 19]","[""PhlF/P2"", ""QacR/Q1"", ""BetI/E1"", ""BM3R1/B2"", ""AmtR/A1"", ""SrpR/S4""]",0x17,6
a512820e,3,5.773976141649302,0.7924198508262634,"[11, 19, 2, 4, 1, 15]","[""PhlF/P2"", ""SrpR/S4"", ""BetI/E1"", ""BM3R1/B2"", ""AmtR/A1"", ""QacR/Q2""]",0x17,6
a512820e,3,6.768227846775878,0.6668533682823181,"[14, 11, 2, 4, 1, 17]","[""QacR/Q1"", ""PhlF/P2"", ""BetI/E1"", ""BM3R1/B2"", ""AmtR/A1"", ""SrpR/S2""]",0x17,6
a512820e,3,6.814663722698909,0.6624765992164612,"[14, 11, 2, 4, 1, 19]","[""QacR/Q1"", ""PhlF/P2"", ""BetI/E1"", ""BM3R1/B2"", ""AmtR/A1"", ""SrpR/S4""]",0x17,6
a512820e,3,6.004269851789892,0.7770453095436096,"[19, 11, 2, 4, 1, 15]","[""SrpR/S4"", ""PhlF/P2"", ""BetI/E1"", ""BM3R1/B2"", ""AmtR/A1"", ""QacR/Q2""]",0x17,6
a512820e,3,4.209731634608949,0.8005251288414001,"[19, 15, 2, 10, 1, 4]","[""SrpR/S4"", ""QacR/Q2"", ""BetI/E1"", ""PhlF/P1"", ""AmtR/A1"", ""BM3R1/B2""]",0x17,6
a60f23fb,2,4.7601753747866375,0.7980697751045227,"[1, 19, 11, 2, 15, 4]","[""AmtR/A1"", ""SrpR/S4"", ""PhlF/P2"", ""BetI/E1"", ""QacR/Q2"", ""BM3R1/B2""]",0x17,6
a60f23fb,2,0.04494569255709815,0.813836395740509,"[1, 19, 15, 2, 10, 4]","[""AmtR/A1"", ""SrpR/S4"", ""QacR/Q2"", ""BetI/E1"", ""PhlF/P1"", ""BM3R1/B2""]",0x17,6
a60f23fb,2,4.096451045379155,0.7982611060142517,"[2, 19, 11, 15, 4, 1]","[""BetI/E1"", ""SrpR/S4"", ""PhlF/P2"", ""QacR/Q2"", ""BM3R1/B2"", ""AmtR/A1""]",0x17,6
a60f23fb,2,6.158985587596335,0.6666558384895325,"[3, 13, 11, 1, 17, 2]","[""BM3R1/B1"", ""PsrA/R1"", ""PhlF/P2"", ""AmtR/A1"", ""SrpR/S2"", ""BetI/E1""]",0x17,6
a60f23fb,2,6.114299158127894,0.6671096682548523,"[3, 13, 11, 2, 15, 17]","[""BM3R1/B1"", ""PsrA/R1"", ""PhlF/P2"", ""BetI/E1"", ""QacR/Q2"", ""SrpR/S2""]",0x17,6
a60f23fb,2,6.408581638051057,0.6648435592651367,"[3, 13, 11, 2, 17, 15]","[""BM3R1/B1"", ""PsrA/R1"", ""PhlF/P2"", ""BetI/E1"", ""SrpR/S2"", ""QacR/Q2""]",0x17,6
a60f23fb,2,4.08134072241857,0.8069844841957092,"[4, 2, 19, 1, 15, 10]","[""BM3R1/B2"", ""BetI/E1"", ""SrpR/S4"", ""AmtR/A1"", ""QacR/Q2"", ""PhlF/P1""]",0x17,6
a60f23fb,2,5.298812135358558,0.797002911567688,"[11, 2, 19, 1, 15, 4]","[""PhlF/P2"", ""BetI/E1"", ""SrpR/S4"", ""AmtR/A1"", ""QacR/Q2"", ""BM3R1/B2""]",0x17,6
a60f23fb,2,6.690349829164996,0.6267511248588562,"[14, 2, 11, 1, 13, 4]","[""QacR/Q1"", ""BetI/E1"", ""PhlF/P2"", ""AmtR/A1"", ""PsrA/R1"", ""BM3R1/B2""]",0x17,6
a60f23fb,2,6.694449181068771,0.6228359341621399,"[14, 2, 11, 19, 13, 4]","[""QacR/Q1"", ""BetI/E1"", ""PhlF/P2"", ""SrpR/S4"", ""PsrA/R1"", ""BM3R1/B2""]",0x17,6
a60f23fb,2,3.3483145600300372,0.810640275478363,"[15, 19, 2, 1, 4, 10]","[""QacR/Q2"", ""SrpR/S4"", ""BetI/E1"", ""AmtR/A1"", ""BM3R1/B2"", ""PhlF/P1""]",0x17,6
a60f23fb,2,5.630041441832324,0.7711365818977356,"[19, 2, 11, 1, 15, 4]","[""SrpR/S4"", ""BetI/E1"", ""PhlF/P2"", ""AmtR/A1"", ""QacR/Q2"", ""BM3R1/B2""]",0x17,6
a60f23fb,2,5.834661614519117,0.7411688566207886,"[19, 2, 11, 15, 13, 4]","[""SrpR/S4"", ""BetI/E1"", ""PhlF/P2"", ""QacR/Q2"", ""PsrA/R1"", ""BM3R1/B2""]",0x17,6
a60f23fb,2,5.834764022913987,0.7193503975868225,"[19, 2, 11, 15, 13, 5]","[""SrpR/S4"", ""BetI/E1"", ""PhlF/P2"", ""QacR/Q2"", ""PsrA/R1"", ""BM3R1/B3""]",0x17,6
a60f23fb,4,5.760493067163355,0.7425885200500488,"[2, 1, 11, 19, 4, 15]","[""BetI/E1"", ""AmtR/A1"", ""PhlF/P2"", ""SrpR/S4"", ""BM3R1/B2"", ""QacR/Q2""]",0x17,6
a60f23fb,4,-1.7227882398500638,0.8229901790618896,"[4, 8, 15, 10, 2, 1]","[""BM3R1/B2"", ""LitR/L1"", ""QacR/Q2"", ""PhlF/P1"", ""BetI/E1"", ""AmtR/A1""]",0x17,6
a60f23fb,4,-1.6903968079566805,0.8205314874649048,"[4, 8, 15, 10, 19, 1]","[""BM3R1/B2"", ""LitR/L1"", ""QacR/Q2"", ""PhlF/P1"", ""SrpR/S4"", ""AmtR/A1""]",0x17,6
a60f23fb,4,-2.010942687137118,0.8245370388031006,"[4, 8, 15, 10, 19, 2]","[""BM3R1/B2"", ""LitR/L1"", ""QacR/Q2"", ""PhlF/P1"", ""SrpR/S4"", ""BetI/E1""]",0x17,6
a60f23fb,4,-1.4549528189917833,0.8168715238571167,"[4, 10, 1, 19, 2, 15]","[""BM3R1/B2"", ""PhlF/P1"", ""AmtR/A1"", ""SrpR/S4"", ""BetI/E1"", ""QacR/Q2""]",0x17,6
a60f23fb,4,-1.5484647559575309,0.8181897401809692,"[4, 10, 15, 1, 17, 2]","[""BM3R1/B2"", ""PhlF/P1"", ""QacR/Q2"", ""AmtR/A1"", ""SrpR/S2"", ""BetI/E1""]",0x17,6
a60f23fb,4,6.920304056243068,0.5448748469352722,"[14, 1, 11, 4, 19, 13]","[""QacR/Q1"", ""AmtR/A1"", ""PhlF/P2"", ""BM3R1/B2"", ""SrpR/S4"", ""PsrA/R1""]",0x17,6
a60f23fb,4,6.6071185143573485,0.6303280591964722,"[14, 1, 11, 19, 4, 2]","[""QacR/Q1"", ""AmtR/A1"", ""PhlF/P2"", ""SrpR/S4"", ""BM3R1/B2"", ""BetI/E1""]",0x17,6
a60f23fb,4,6.646540802390119,0.6273068189620972,"[14, 2, 11, 1, 17, 5]","[""QacR/Q1"", ""BetI/E1"", ""PhlF/P2"", ""AmtR/A1"", ""SrpR/S2"", ""BM3R1/B3""]",0x17,6
a60f23fb,4,6.45291799360619,0.6327191591262817,"[14, 2, 11, 1, 19, 5]","[""QacR/Q1"", ""BetI/E1"", ""PhlF/P2"", ""AmtR/A1"", ""SrpR/S4"", ""BM3R1/B3""]",0x17,6
a60f23fb,4,6.807928542129197,0.5770007371902466,"[14, 2, 11, 13, 17, 1]","[""QacR/Q1"", ""BetI/E1"", ""PhlF/P2"", ""PsrA/R1"", ""SrpR/S2"", ""AmtR/A1""]",0x17,6
a60f23fb,4,6.796313851176258,0.5916564464569092,"[14, 2, 11, 13, 17, 4]","[""QacR/Q1"", ""BetI/E1"", ""PhlF/P2"", ""PsrA/R1"", ""SrpR/S2"", ""BM3R1/B2""]",0x17,6
a60f23fb,4,6.753651041434547,0.5918841361999512,"[14, 2, 11, 13, 17, 5]","[""QacR/Q1"", ""BetI/E1"", ""PhlF/P2"", ""PsrA/R1"", ""SrpR/S2"", ""BM3R1/B3""]",0x17,6
a60f23fb,4,6.8815765727174885,0.5527997016906738,"[14, 2, 11, 13, 17, 9]","[""QacR/Q1"", ""BetI/E1"", ""PhlF/P2"", ""PsrA/R1"", ""SrpR/S2"", ""LmrA/N1""]",0x17,6
a60f23fb,4,6.862180930972516,0.5637224912643433,"[14, 17, 11, 2, 1, 13]","[""QacR/Q1"", ""SrpR/S2"", ""PhlF/P2"", ""BetI/E1"", ""AmtR/A1"", ""PsrA/R1""]",0x17,6
a60f23fb,4,6.895757020393166,0.5457684993743896,"[14, 18, 11, 2, 1, 13]","[""QacR/Q1"", ""SrpR/S3"", ""PhlF/P2"", ""BetI/E1"", ""AmtR/A1"", ""PsrA/R1""]",0x17,6
a60f23fb,4,5.795746590282218,0.7419348359107971,"[15, 1, 11, 19, 4, 2]","[""QacR/Q2"", ""AmtR/A1"", ""PhlF/P2"", ""SrpR/S4"", ""BM3R1/B2"", ""BetI/E1""]",0x17,6
a60f23fb,4,5.718345988535159,0.7430236339569092,"[15, 19, 11, 2, 1, 5]","[""QacR/Q2"", ""SrpR/S4"", ""PhlF/P2"", ""BetI/E1"", ""AmtR/A1"", ""BM3R1/B3""]",0x17,6
a60f23fb,4,5.9304217120562095,0.6905461549758911,"[19, 1, 11, 5, 15, 2]","[""SrpR/S4"", ""AmtR/A1"", ""PhlF/P2"", ""BM3R1/B3"", ""QacR/Q2"", ""BetI/E1""]",0x17,6
a60f23fb,4,5.916328061999746,0.7092106938362122,"[19, 2, 11, 13, 15, 4]","[""SrpR/S4"", ""BetI/E1"", ""PhlF/P2"", ""PsrA/R1"", ""QacR/Q2"", ""BM3R1/B2""]",0x17,6
a60f23fb,4,6.105187906733934,0.67752605676651,"[19, 2, 11, 15, 1, 13]","[""SrpR/S4"", ""BetI/E1"", ""PhlF/P2"", ""QacR/Q2"", ""AmtR/A1"", ""PsrA/R1""]",0x17,6
a60f23fb,4,-0.10184749137341101,0.8163487911224365,"[19, 10, 15, 2, 1, 4]","[""SrpR/S4"", ""PhlF/P1"", ""QacR/Q2"", ""BetI/E1"", ""AmtR/A1"", ""BM3R1/B2""]",0x17,6
a60f23fb,4,5.914266595060678,0.7154709100723267,"[19, 14, 11, 1, 4, 2]","[""SrpR/S4"", ""QacR/Q1"", ""PhlF/P2"", ""AmtR/A1"", ""BM3R1/B2"", ""BetI/E1""]",0x17,6
a60f23fb,4,5.6966413671633545,0.7494710683822632,"[19, 15, 11, 1, 2, 5]","[""SrpR/S4"", ""QacR/Q2"", ""PhlF/P2"", ""AmtR/A1"", ""BetI/E1"", ""BM3R1/B3""]",0x17,6
a60f23fb,4,6.067940281221313,0.6854187250137329,"[19, 15, 11, 2, 1, 13]","[""SrpR/S4"", ""QacR/Q2"", ""PhlF/P2"", ""BetI/E1"", ""AmtR/A1"", ""PsrA/R1""]",0x17,6
a60f23fb,4,5.9322543176453575,0.6894068717956543,"[19, 15, 11, 13, 2, 1]","[""SrpR/S4"", ""QacR/Q2"", ""PhlF/P2"", ""PsrA/R1"", ""BetI/E1"", ""AmtR/A1""]",0x17,6
a60f23fb,4,5.885410770970537,0.7164110541343689,"[19, 15, 11, 13, 2, 5]","[""SrpR/S4"", ""QacR/Q2"", ""PhlF/P2"", ""PsrA/R1"", ""BetI/E1"", ""BM3R1/B3""]",0x17,6
acfb5670,1,6.467053607573722,0.6548305749893188,"[14, 2, 11, 4, 1, 19]","[""QacR/Q1"", ""BetI/E1"", ""PhlF/P2"", ""BM3R1/B2"", ""AmtR/A1"", ""SrpR/S4""]",0x17,6
acfb5670,1,6.761958176347611,0.6223397254943848,"[14, 2, 11, 4, 13, 19]","[""QacR/Q1"", ""BetI/E1"", ""PhlF/P2"", ""BM3R1/B2"", ""PsrA/R1"", ""SrpR/S4""]",0x17,6
acfb5670,1,6.58365564343428,0.6412392258644104,"[14, 2, 11, 4, 19, 1]","[""QacR/Q1"", ""BetI/E1"", ""PhlF/P2"", ""BM3R1/B2"", ""SrpR/S4"", ""AmtR/A1""]",0x17,6
acfb5670,1,5.952612135369617,0.7599551677703857,"[19, 2, 11, 4, 15, 1]","[""SrpR/S4"", ""BetI/E1"", ""PhlF/P2"", ""BM3R1/B2"", ""QacR/Q2"", ""AmtR/A1""]",0x17,6
acfb5670,1,6.040880146477776,0.7532309293746948,"[19, 15, 11, 4, 2, 1]","[""SrpR/S4"", ""QacR/Q2"", ""PhlF/P2"", ""BM3R1/B2"", ""BetI/E1"", ""AmtR/A1""]",0x17,6
acfb5670,1,6.090623371990896,0.7228586077690125,"[19, 15, 11, 5, 2, 1]","[""SrpR/S4"", ""QacR/Q2"", ""PhlF/P2"", ""BM3R1/B3"", ""BetI/E1"", ""AmtR/A1""]",0x17,6
acfb5670,3,4.693084591601955,0.8041614890098572,"[1, 19, 11, 4, 2, 15]","[""AmtR/A1"", ""SrpR/S4"", ""PhlF/P2"", ""BM3R1/B2"", ""BetI/E1"", ""QacR/Q2""]",0x17,6
acfb5670,3,0.1367497614388614,0.836456835269928,"[2, 10, 19, 15, 1, 4]","[""BetI/E1"", ""PhlF/P1"", ""SrpR/S4"", ""QacR/Q2"", ""AmtR/A1"", ""BM3R1/B2""]",0x17,6
acfb5670,3,1.3051304808345936,0.8264303803443909,"[2, 15, 19, 10, 1, 4]","[""BetI/E1"", ""QacR/Q2"", ""SrpR/S4"", ""PhlF/P1"", ""AmtR/A1"", ""BM3R1/B2""]",0x17,6
acfb5670,3,6.3636710551847475,0.6748408079147339,"[3, 13, 11, 17, 2, 15]","[""BM3R1/B1"", ""PsrA/R1"", ""PhlF/P2"", ""SrpR/S2"", ""BetI/E1"", ""QacR/Q2""]",0x17,6
acfb5670,3,3.9854713458345383,0.8236967325210571,"[4, 15, 19, 10, 1, 2]","[""BM3R1/B2"", ""QacR/Q2"", ""SrpR/S4"", ""PhlF/P1"", ""AmtR/A1"", ""BetI/E1""]",0x17,6
acfb5670,3,5.452950158184432,0.8038883209228516,"[11, 2, 19, 4, 1, 15]","[""PhlF/P2"", ""BetI/E1"", ""SrpR/S4"", ""BM3R1/B2"", ""AmtR/A1"", ""QacR/Q2""]",0x17,6
acfb5670,3,6.440436935955458,0.6625847220420837,"[14, 2, 11, 4, 1, 19]","[""QacR/Q1"", ""BetI/E1"", ""PhlF/P2"", ""BM3R1/B2"", ""AmtR/A1"", ""SrpR/S4""]",0x17,6
acfb5670,3,6.761432840119244,0.6307266354560852,"[14, 2, 11, 4, 19, 13]","[""QacR/Q1"", ""BetI/E1"", ""PhlF/P2"", ""BM3R1/B2"", ""SrpR/S4"", ""PsrA/R1""]",0x17,6
acfb5670,3,5.81880566219536,0.7882646322250366,"[19, 2, 11, 4, 1, 15]","[""SrpR/S4"", ""BetI/E1"", ""PhlF/P2"", ""BM3R1/B2"", ""AmtR/A1"", ""QacR/Q2""]",0x17,6
acfb5670,4,7.033747626246169,0.5296260714530945,"[14, 1, 11, 18, 2, 5]","[""QacR/Q1"", ""AmtR/A1"", ""PhlF/P2"", ""SrpR/S3"", ""BetI/E1"", ""BM3R1/B3""]",0x17,6
acfb5670,4,6.971572496079478,0.5913758873939514,"[14, 1, 11, 19, 2, 5]","[""QacR/Q1"", ""AmtR/A1"", ""PhlF/P2"", ""SrpR/S4"", ""BetI/E1"", ""BM3R1/B3""]",0x17,6
acfb5670,4,6.7166692941646655,0.6411193013191223,"[14, 2, 11, 4, 1, 19]","[""QacR/Q1"", ""BetI/E1"", ""PhlF/P2"", ""BM3R1/B2"", ""AmtR/A1"", ""SrpR/S4""]",0x17,6
acfb5670,4,6.535324150261552,0.6482769846916199,"[14, 2, 11, 4, 19, 1]","[""QacR/Q1"", ""BetI/E1"", ""PhlF/P2"", ""BM3R1/B2"", ""SrpR/S4"", ""AmtR/A1""]",0x17,6
acfb5670,4,6.8735170518507305,0.6136285662651062,"[14, 2, 11, 4, 19, 13]","[""QacR/Q1"", ""BetI/E1"", ""PhlF/P2"", ""BM3R1/B2"", ""SrpR/S4"", ""PsrA/R1""]",0x17,6
acfb5670,4,6.76218016190573,0.6184781789779663,"[14, 2, 11, 5, 1, 19]","[""QacR/Q1"", ""BetI/E1"", ""PhlF/P2"", ""BM3R1/B3"", ""AmtR/A1"", ""SrpR/S4""]",0x17,6
acfb5670,4,6.13555461389196,0.6948412656784058,"[15, 1, 11, 19, 2, 5]","[""QacR/Q2"", ""AmtR/A1"", ""PhlF/P2"", ""SrpR/S4"", ""BetI/E1"", ""BM3R1/B3""]",0x17,6
acfb5670,4,6.346899446875067,0.6938201785087585,"[19, 1, 11, 15, 2, 5]","[""SrpR/S4"", ""AmtR/A1"", ""PhlF/P2"", ""QacR/Q2"", ""BetI/E1"", ""BM3R1/B3""]",0x17,6
acfb5670,5,0.09155515568193599,0.8414114117622375,"[2, 10, 19, 15, 4, 1]","[""BetI/E1"", ""PhlF/P1"", ""SrpR/S4"", ""QacR/Q2"", ""BM3R1/B2"", ""AmtR/A1""]",0x17,6
acfb5670,5,0.1536701552471973,0.8278077840805054,"[2, 15, 4, 17, 10, 1]","[""BetI/E1"", ""QacR/Q2"", ""BM3R1/B2"", ""SrpR/S2"", ""PhlF/P1"", ""AmtR/A1""]",0x17,6
acfb5670,5,4.184473743578962,0.8078749775886536,"[11, 2, 19, 4, 1, 15]","[""PhlF/P2"", ""BetI/E1"", ""SrpR/S4"", ""BM3R1/B2"", ""AmtR/A1"", ""QacR/Q2""]",0x17,6
acfb5670,5,6.408727391853694,0.6703230738639832,"[14, 2, 11, 4, 19, 1]","[""QacR/Q1"", ""BetI/E1"", ""PhlF/P2"", ""BM3R1/B2"", ""SrpR/S4"", ""AmtR/A1""]",0x17,6
acfb5670,5,1.7249232617269612,0.8256937861442566,"[15, 2, 19, 10, 4, 1]","[""QacR/Q2"", ""BetI/E1"", ""SrpR/S4"", ""PhlF/P1"", ""BM3R1/B2"", ""AmtR/A1""]",0x17,6
b466eedb,1,0.05952039527923728,0.8246368765830994,"[2, 10, 19, 15, 1, 4]","[""BetI/E1"", ""PhlF/P1"", ""SrpR/S4"", ""QacR/Q2"", ""AmtR/A1"", ""BM3R1/B2""]",0x17,6
b466eedb,1,3.3897724568476257,0.8175752758979797,"[2, 19, 15, 10, 1, 4]","[""BetI/E1"", ""SrpR/S4"", ""QacR/Q2"", ""PhlF/P1"", ""AmtR/A1"", ""BM3R1/B2""]",0x17,6
b466eedb,1,6.284626447945748,0.6768298745155334,"[3, 13, 11, 15, 1, 2]","[""BM3R1/B1"", ""PsrA/R1"", ""PhlF/P2"", ""QacR/Q2"", ""AmtR/A1"", ""BetI/E1""]",0x17,6
b466eedb,1,6.248829072501106,0.6787200570106506,"[3, 13, 11, 15, 1, 17]","[""BM3R1/B1"", ""PsrA/R1"", ""PhlF/P2"", ""QacR/Q2"", ""AmtR/A1"", ""SrpR/S2""]",0x17,6
b466eedb,1,4.016788568645229,0.8054787516593933,"[4, 2, 19, 10, 1, 15]","[""BM3R1/B2"", ""BetI/E1"", ""SrpR/S4"", ""PhlF/P1"", ""AmtR/A1"", ""QacR/Q2""]",0x17,6
b466eedb,1,0.5753903648391427,0.8238716125488281,"[4, 15, 19, 2, 1, 10]","[""BM3R1/B2"", ""QacR/Q2"", ""SrpR/S4"", ""BetI/E1"", ""AmtR/A1"", ""PhlF/P1""]",0x17,6
b466eedb,1,3.795827726122,0.810116708278656,"[4, 15, 19, 10, 1, 2]","[""BM3R1/B2"", ""QacR/Q2"", ""SrpR/S4"", ""PhlF/P1"", ""AmtR/A1"", ""BetI/E1""]",0x17,6
b466eedb,1,5.471019612925034,0.7907638549804688,"[11, 2, 19, 4, 1, 15]","[""PhlF/P2"", ""BetI/E1"", ""SrpR/S4"", ""BM3R1/B2"", ""AmtR/A1"", ""QacR/Q2""]",0x17,6
b466eedb,1,2.4561551022145,0.8208388686180115,"[11, 15, 19, 2, 1, 4]","[""PhlF/P2"", ""QacR/Q2"", ""SrpR/S4"", ""BetI/E1"", ""AmtR/A1"", ""BM3R1/B2""]",0x17,6
b466eedb,1,6.795264139033593,0.6504408717155457,"[14, 2, 11, 4, 19, 1]","[""QacR/Q1"", ""BetI/E1"", ""PhlF/P2"", ""BM3R1/B2"", ""SrpR/S4"", ""AmtR/A1""]",0x17,6
b466eedb,1,3.5842637379994096,0.8157760500907898,"[15, 19, 2, 10, 1, 4]","[""QacR/Q2"", ""SrpR/S4"", ""BetI/E1"", ""PhlF/P1"", ""AmtR/A1"", ""BM3R1/B2""]",0x17,6
b466eedb,1,4.086874500169394,0.8045087456703186,"[19, 2, 15, 10, 1, 4]","[""SrpR/S4"", ""BetI/E1"", ""QacR/Q2"", ""PhlF/P1"", ""AmtR/A1"", ""BM3R1/B2""]",0x17,6
b466eedb,2,6.853633466675696,0.6103941798210144,"[14, 1, 11, 2, 4, 19]","[""QacR/Q1"", ""AmtR/A1"", ""PhlF/P2"", ""BetI/E1"", ""BM3R1/B2"", ""SrpR/S4""]",0x17,6
b466eedb,2,5.916103327729594,0.746925413608551,"[19, 2, 11, 4, 1, 15]","[""SrpR/S4"", ""BetI/E1"", ""PhlF/P2"", ""BM3R1/B2"", ""AmtR/A1"", ""QacR/Q2""]",0x17,6
b466eedb,2,6.084591233705309,0.7096627950668335,"[19, 13, 11, 4, 1, 15]","[""SrpR/S4"", ""PsrA/R1"", ""PhlF/P2"", ""BM3R1/B2"", ""AmtR/A1"", ""QacR/Q2""]",0x17,6
b466eedb,3,-0.18833495472754175,0.827847421169281,"[1, 15, 4, 17, 2, 10]","[""AmtR/A1"", ""QacR/Q2"", ""BM3R1/B2"", ""SrpR/S2"", ""BetI/E1"", ""PhlF/P1""]",0x17,6
b466eedb,3,-0.6922866579612802,0.8292719721794128,"[4, 15, 2, 1, 17, 10]","[""BM3R1/B2"", ""QacR/Q2"", ""BetI/E1"", ""AmtR/A1"", ""SrpR/S2"", ""PhlF/P1""]",0x17,6
b466eedb,3,3.9252652098092082,0.8084756135940552,"[4, 15, 19, 10, 2, 1]","[""BM3R1/B2"", ""QacR/Q2"", ""SrpR/S4"", ""PhlF/P1"", ""BetI/E1"", ""AmtR/A1""]",0x17,6
b466eedb,3,4.274341181710089,0.8040590286254883,"[11, 2, 19, 4, 1, 15]","[""PhlF/P2"", ""BetI/E1"", ""SrpR/S4"", ""BM3R1/B2"", ""AmtR/A1"", ""QacR/Q2""]",0x17,6
b466eedb,3,5.292490992033912,0.7984614968299866,"[11, 2, 19, 4, 15, 1]","[""PhlF/P2"", ""BetI/E1"", ""SrpR/S4"", ""BM3R1/B2"", ""QacR/Q2"", ""AmtR/A1""]",0x17,6
b466eedb,3,4.974196973968874,0.802760124206543,"[11, 15, 19, 4, 2, 1]","[""PhlF/P2"", ""QacR/Q2"", ""SrpR/S4"", ""BM3R1/B2"", ""BetI/E1"", ""AmtR/A1""]",0x17,6
b466eedb,3,6.498719339166231,0.6667565107345581,"[14, 2, 11, 4, 17, 1]","[""QacR/Q1"", ""BetI/E1"", ""PhlF/P2"", ""BM3R1/B2"", ""SrpR/S2"", ""AmtR/A1""]",0x17,6
b466eedb,3,6.532723914258573,0.6638749837875366,"[14, 2, 11, 4, 19, 1]","[""QacR/Q1"", ""BetI/E1"", ""PhlF/P2"", ""BM3R1/B2"", ""SrpR/S4"", ""AmtR/A1""]",0x17,6
b466eedb,3,6.384025236129662,0.6723883748054504,"[14, 17, 11, 4, 2, 1]","[""QacR/Q1"", ""SrpR/S2"", ""PhlF/P2"", ""BM3R1/B2"", ""BetI/E1"", ""AmtR/A1""]",0x17,6
b466eedb,3,-1.5495423335077712,0.8303413987159729,"[17, 15, 4, 1, 2, 10]","[""SrpR/S2"", ""QacR/Q2"", ""BM3R1/B2"", ""AmtR/A1"", ""BetI/E1"", ""PhlF/P1""]",0x17,6
b466eedb,3,5.657931379260968,0.7846629023551941,"[19, 2, 11, 4, 1, 15]","[""SrpR/S4"", ""BetI/E1"", ""PhlF/P2"", ""BM3R1/B2"", ""AmtR/A1"", ""QacR/Q2""]",0x17,6
b466eedb,3,5.8968284948702365,0.7609885931015015,"[19, 2, 11, 5, 1, 15]","[""SrpR/S4"", ""BetI/E1"", ""PhlF/P2"", ""BM3R1/B3"", ""AmtR/A1"", ""QacR/Q2""]",0x17,6
b466eedb,3,-0.4958333616025864,0.8283511996269226,"[19, 15, 2, 4, 1, 10]","[""SrpR/S4"", ""QacR/Q2"", ""BetI/E1"", ""BM3R1/B2"", ""AmtR/A1"", ""PhlF/P1""]",0x17,6
b466eedb,4,5.7012924999986,0.7665104866027832,"[2, 19, 11, 4, 1, 15]","[""BetI/E1"", ""SrpR/S4"", ""PhlF/P2"", ""BM3R1/B2"", ""AmtR/A1"", ""QacR/Q2""]",0x17,6
b466eedb,4,6.9031828423375865,0.5821363925933838,"[14, 2, 11, 1, 13, 17]","[""QacR/Q1"", ""BetI/E1"", ""PhlF/P2"", ""AmtR/A1"", ""PsrA/R1"", ""SrpR/S2""]",0x17,6
b466eedb,4,6.848965187835373,0.6131103038787842,"[14, 2, 11, 4, 13, 17]","[""QacR/Q1"", ""BetI/E1"", ""PhlF/P2"", ""BM3R1/B2"", ""PsrA/R1"", ""SrpR/S2""]",0x17,6
b466eedb,4,5.6919461275411845,0.7687968015670776,"[15, 19, 11, 4, 1, 2]","[""QacR/Q2"", ""SrpR/S4"", ""PhlF/P2"", ""BM3R1/B2"", ""AmtR/A1"", ""BetI/E1""]",0x17,6
b466eedb,4,6.13976195112822,0.6896448731422424,"[19, 1, 11, 15, 5, 2]","[""SrpR/S4"", ""AmtR/A1"", ""PhlF/P2"", ""QacR/Q2"", ""BM3R1/B3"", ""BetI/E1""]",0x17,6
b466eedb,4,5.97337978997679,0.7369957566261292,"[19, 2, 11, 5, 1, 15]","[""SrpR/S4"", ""BetI/E1"", ""PhlF/P2"", ""BM3R1/B3"", ""AmtR/A1"", ""QacR/Q2""]",0x17,6
b466eedb,4,6.065741363674748,0.7257561087608337,"[19, 13, 11, 4, 15, 2]","[""SrpR/S4"", ""PsrA/R1"", ""PhlF/P2"", ""BM3R1/B2"", ""QacR/Q2"", ""BetI/E1""]",0x17,6
00930f32,0,-1.762531952136727,0.8512473702430725,"[1, 4, 2, 15, 19, 10, 8]","[""AmtR/A1"", ""BM3R1/B2"", ""BetI/E1"", ""QacR/Q2"", ""SrpR/S4"", ""PhlF/P1"", ""LitR/L1""]",0x17,7
00930f32,0,6.437350276809297,0.6140564680099487,"[5, 11, 19, 14, 1, 13, 2]","[""BM3R1/B3"", ""PhlF/P2"", ""SrpR/S4"", ""QacR/Q1"", ""AmtR/A1"", ""PsrA/R1"", ""BetI/E1""]",0x17,7
00930f32,0,6.89636816142103,0.4232296645641327,"[2, 14, 7, 11, 5, 1, 18]","[""BetI/E1"", ""QacR/Q1"", ""IcaRA/I1"", ""PhlF/P2"", ""BM3R1/B3"", ""AmtR/A1"", ""SrpR/S3""]",0x17,7
00930f32,0,0.26912154140247263,0.7993284463882446,"[15, 2, 19, 5, 10, 8, 1]","[""QacR/Q2"", ""BetI/E1"", ""SrpR/S4"", ""BM3R1/B3"", ""PhlF/P1"", ""LitR/L1"", ""AmtR/A1""]",0x17,7
00930f32,0,5.7342297847413946,0.709943950176239,"[4, 15, 1, 11, 19, 13, 2]","[""BM3R1/B2"", ""QacR/Q2"", ""AmtR/A1"", ""PhlF/P2"", ""SrpR/S4"", ""PsrA/R1"", ""BetI/E1""]",0x17,7
00930f32,0,5.484511933401562,0.7402408719062805,"[4, 19, 2, 11, 13, 15, 1]","[""BM3R1/B2"", ""SrpR/S4"", ""BetI/E1"", ""PhlF/P2"", ""PsrA/R1"", ""QacR/Q2"", ""AmtR/A1""]",0x17,7
00930f32,0,4.958088824909092,0.7516252398490906,"[1, 4, 2, 11, 19, 15, 13]","[""AmtR/A1"", ""BM3R1/B2"", ""BetI/E1"", ""PhlF/P2"", ""SrpR/S4"", ""QacR/Q2"", ""PsrA/R1""]",0x17,7
00930f32,0,3.61876836797887,0.7635709047317505,"[4, 19, 11, 15, 13, 2, 1]","[""BM3R1/B2"", ""SrpR/S4"", ""PhlF/P2"", ""QacR/Q2"", ""PsrA/R1"", ""BetI/E1"", ""AmtR/A1""]",0x17,7
00930f32,0,0.149730996646646,0.8177294135093689,"[15, 4, 2, 19, 1, 10, 7]","[""QacR/Q2"", ""BM3R1/B2"", ""BetI/E1"", ""SrpR/S4"", ""AmtR/A1"", ""PhlF/P1"", ""IcaRA/I1""]",0x17,7
00930f32,0,1.849901846730617,0.7792667746543884,"[11, 4, 13, 15, 2, 19, 1]","[""PhlF/P2"", ""BM3R1/B2"", ""PsrA/R1"", ""QacR/Q2"", ""BetI/E1"", ""SrpR/S4"", ""AmtR/A1""]",0x17,7
00930f32,0,0.07328810499903941,0.8183387517929077,"[15, 19, 2, 4, 1, 10, 7]","[""QacR/Q2"", ""SrpR/S4"", ""BetI/E1"", ""BM3R1/B2"", ""AmtR/A1"", ""PhlF/P1"", ""IcaRA/I1""]",0x17,7
00930f32,0,6.553151854248595,0.4314914345741272,"[19, 14, 7, 11, 5, 1, 2]","[""SrpR/S4"", ""QacR/Q1"", ""IcaRA/I1"", ""PhlF/P2"", ""BM3R1/B3"", ""AmtR/A1"", ""BetI/E1""]",0x17,7
00930f32,0,-1.0434243476673921,0.8476389050483704,"[4, 1, 19, 15, 2, 10, 8]","[""BM3R1/B2"", ""AmtR/A1"", ""SrpR/S4"", ""QacR/Q2"", ""BetI/E1"", ""PhlF/P1"", ""LitR/L1""]",0x17,7
00930f32,0,2.7918750051287393,0.7754573225975037,"[11, 4, 19, 15, 1, 2, 13]","[""PhlF/P2"", ""BM3R1/B2"", ""SrpR/S4"", ""QacR/Q2"", ""AmtR/A1"", ""BetI/E1"", ""PsrA/R1""]",0x17,7
00930f32,0,-0.38350399025878174,0.8440155386924744,"[4, 2, 1, 15, 19, 10, 8]","[""BM3R1/B2"", ""BetI/E1"", ""AmtR/A1"", ""QacR/Q2"", ""SrpR/S4"", ""PhlF/P1"", ""LitR/L1""]",0x17,7
00930f32,0,6.242740036070748,0.6244121193885803,"[4, 11, 19, 14, 1, 13, 2]","[""BM3R1/B2"", ""PhlF/P2"", ""SrpR/S4"", ""QacR/Q1"", ""AmtR/A1"", ""PsrA/R1"", ""BetI/E1""]",0x17,7
00930f32,0,6.218420596846822,0.682497501373291,"[5, 19, 1, 11, 14, 13, 2]","[""BM3R1/B3"", ""SrpR/S4"", ""AmtR/A1"", ""PhlF/P2"", ""QacR/Q1"", ""PsrA/R1"", ""BetI/E1""]",0x17,7
00930f32,0,2.9723290828808158,0.7725830674171448,"[11, 4, 13, 19, 2, 1, 15]","[""PhlF/P2"", ""BM3R1/B2"", ""PsrA/R1"", ""SrpR/S4"", ""BetI/E1"", ""AmtR/A1"", ""QacR/Q2""]",0x17,7
00930f32,0,5.297202462603574,0.7411097884178162,"[4, 19, 1, 11, 2, 13, 15]","[""BM3R1/B2"", ""SrpR/S4"", ""AmtR/A1"", ""PhlF/P2"", ""BetI/E1"", ""PsrA/R1"", ""QacR/Q2""]",0x17,7
00930f32,0,0.23458678865708812,0.8097172379493713,"[17, 2, 15, 4, 10, 8, 1]","[""SrpR/S2"", ""BetI/E1"", ""QacR/Q2"", ""BM3R1/B2"", ""PhlF/P1"", ""LitR/L1"", ""AmtR/A1""]",0x17,7
00930f32,2,4.392175374495614,0.7625594735145569,"[4, 2, 19, 11, 13, 15, 1]","[""BM3R1/B2"", ""BetI/E1"", ""SrpR/S4"", ""PhlF/P2"", ""PsrA/R1"", ""QacR/Q2"", ""AmtR/A1""]",0x17,7
00930f32,2,0.025781157174308872,0.8246741890907288,"[5, 1, 10, 2, 15, 19, 8]","[""BM3R1/B3"", ""AmtR/A1"", ""PhlF/P1"", ""BetI/E1"", ""QacR/Q2"", ""SrpR/S4"", ""LitR/L1""]",0x17,7
00930f32,4,6.541812816158945,0.6026287078857422,"[17, 3, 1, 11, 2, 14, 13]","[""SrpR/S2"", ""BM3R1/B1"", ""AmtR/A1"", ""PhlF/P2"", ""BetI/E1"", ""QacR/Q1"", ""PsrA/R1""]",0x17,7
00930f32,5,-0.11581550395653309,0.8251370787620544,"[4, 2, 1, 15, 19, 10, 8]","[""BM3R1/B2"", ""BetI/E1"", ""AmtR/A1"", ""QacR/Q2"", ""SrpR/S4"", ""PhlF/P1"", ""LitR/L1""]",0x17,7
00930f32,5,5.91979897419874,0.688460111618042,"[4, 2, 17, 11, 1, 15, 13]","[""BM3R1/B2"", ""BetI/E1"", ""SrpR/S2"", ""PhlF/P2"", ""AmtR/A1"", ""QacR/Q2"", ""PsrA/R1""]",0x17,7
00930f32,5,4.8350222295125445,0.7537899017333984,"[1, 4, 19, 11, 15, 2, 13]","[""AmtR/A1"", ""BM3R1/B2"", ""SrpR/S4"", ""PhlF/P2"", ""QacR/Q2"", ""BetI/E1"", ""PsrA/R1""]",0x17,7
00930f32,5,5.852417305010602,0.7070826292037964,"[4, 19, 2, 11, 1, 15, 13]","[""BM3R1/B2"", ""SrpR/S4"", ""BetI/E1"", ""PhlF/P2"", ""AmtR/A1"", ""QacR/Q2"", ""PsrA/R1""]",0x17,7
00930f32,5,-0.323110723725103,0.8307538032531738,"[1, 19, 4, 15, 2, 10, 8]","[""AmtR/A1"", ""SrpR/S4"", ""BM3R1/B2"", ""QacR/Q2"", ""BetI/E1"", ""PhlF/P1"", ""LitR/L1""]",0x17,7
022059b9,1,4.153136512525423,0.7691677212715149,"[11, 4, 19, 15, 1, 13, 2]","[""PhlF/P2"", ""BM3R1/B2"", ""SrpR/S4"", ""QacR/Q2"", ""AmtR/A1"", ""PsrA/R1"", ""BetI/E1""]",0x17,7
022059b9,1,4.522674312385364,0.7648187875747681,"[11, 4, 15, 13, 1, 19, 2]","[""PhlF/P2"", ""BM3R1/B2"", ""QacR/Q2"", ""PsrA/R1"", ""AmtR/A1"", ""SrpR/S4"", ""BetI/E1""]",0x17,7
022059b9,1,6.509024105854395,0.6275550127029419,"[3, 15, 13, 11, 1, 2, 18]","[""BM3R1/B1"", ""QacR/Q2"", ""PsrA/R1"", ""PhlF/P2"", ""AmtR/A1"", ""BetI/E1"", ""SrpR/S3""]",0x17,7
022059b9,1,5.769166935616205,0.7054727077484131,"[19, 2, 15, 11, 13, 4, 1]","[""SrpR/S4"", ""BetI/E1"", ""QacR/Q2"", ""PhlF/P2"", ""PsrA/R1"", ""BM3R1/B2"", ""AmtR/A1""]",0x17,7
022059b9,1,5.437054827304792,0.7345348596572876,"[5, 19, 15, 11, 1, 2, 13]","[""BM3R1/B3"", ""SrpR/S4"", ""QacR/Q2"", ""PhlF/P2"", ""AmtR/A1"", ""BetI/E1"", ""PsrA/R1""]",0x17,7
022059b9,1,1.8464039075617793,0.7809966802597046,"[11, 4, 15, 19, 1, 13, 2]","[""PhlF/P2"", ""BM3R1/B2"", ""QacR/Q2"", ""SrpR/S4"", ""AmtR/A1"", ""PsrA/R1"", ""BetI/E1""]",0x17,7
022059b9,1,0.07777247139236053,0.8122416734695435,"[17, 4, 15, 1, 2, 10, 7]","[""SrpR/S2"", ""BM3R1/B2"", ""QacR/Q2"", ""AmtR/A1"", ""BetI/E1"", ""PhlF/P1"", ""IcaRA/I1""]",0x17,7
022059b9,1,-0.4503363468282343,0.8345282077789307,"[15, 4, 1, 19, 2, 10, 8]","[""QacR/Q2"", ""BM3R1/B2"", ""AmtR/A1"", ""SrpR/S4"", ""BetI/E1"", ""PhlF/P1"", ""LitR/L1""]",0x17,7
022059b9,1,5.322335567428474,0.7366654276847839,"[5, 19, 13, 11, 1, 15, 2]","[""BM3R1/B3"", ""SrpR/S4"", ""PsrA/R1"", ""PhlF/P2"", ""AmtR/A1"", ""QacR/Q2"", ""BetI/E1""]",0x17,7
022059b9,1,3.155697928445557,0.774554967880249,"[11, 4, 15, 1, 2, 19, 13]","[""PhlF/P2"", ""BM3R1/B2"", ""QacR/Q2"", ""AmtR/A1"", ""BetI/E1"", ""SrpR/S4"", ""PsrA/R1""]",0x17,7
022059b9,1,6.566375902963503,0.467801421880722,"[14, 19, 2, 11, 5, 1, 7]","[""QacR/Q1"", ""SrpR/S4"", ""BetI/E1"", ""PhlF/P2"", ""BM3R1/B3"", ""AmtR/A1"", ""IcaRA/I1""]",0x17,7
022059b9,1,6.2814174480534275,0.6594458818435669,"[3, 2, 13, 11, 1, 17, 15]","[""BM3R1/B1"", ""BetI/E1"", ""PsrA/R1"", ""PhlF/P2"", ""AmtR/A1"", ""SrpR/S2"", ""QacR/Q2""]",0x17,7
022059b9,1,1.8496695761406308,0.7788499593734741,"[0, 4, 11, 2, 1, 19, 15]","[""AmeR/F1"", ""BM3R1/B2"", ""PhlF/P2"", ""BetI/E1"", ""AmtR/A1"", ""SrpR/S4"", ""QacR/Q2""]",0x17,7
022059b9,1,0.06570997791777902,0.8148206472396851,"[15, 4, 8, 19, 2, 1, 10]","[""QacR/Q2"", ""BM3R1/B2"", ""LitR/L1"", ""SrpR/S4"", ""BetI/E1"", ""AmtR/A1"", ""PhlF/P1""]",0x17,7
022059b9,1,5.018480195780164,0.7479588985443115,"[11, 4, 13, 15, 1, 17, 2]","[""PhlF/P2"", ""BM3R1/B2"", ""PsrA/R1"", ""QacR/Q2"", ""AmtR/A1"", ""SrpR/S2"", ""BetI/E1""]",0x17,7
022059b9,1,0.053799964673943504,0.8224826455116272,"[1, 4, 15, 19, 2, 10, 7]","[""AmtR/A1"", ""BM3R1/B2"", ""QacR/Q2"", ""SrpR/S4"", ""BetI/E1"", ""PhlF/P1"", ""IcaRA/I1""]",0x17,7
022059b9,1,0.0377496926979588,0.8235043287277222,"[15, 4, 1, 17, 2, 10, 8]","[""QacR/Q2"", ""BM3R1/B2"", ""AmtR/A1"", ""SrpR/S2"", ""BetI/E1"", ""PhlF/P1"", ""LitR/L1""]",0x17,7
022059b9,1,5.640534120849133,0.7059961557388306,"[11, 17, 15, 2, 13, 5, 1]","[""PhlF/P2"", ""SrpR/S2"", ""QacR/Q2"", ""BetI/E1"", ""PsrA/R1"", ""BM3R1/B3"", ""AmtR/A1""]",0x17,7
022059b9,1,4.665674108960273,0.7500611543655396,"[11, 4, 1, 2, 15, 13, 19]","[""PhlF/P2"", ""BM3R1/B2"", ""AmtR/A1"", ""BetI/E1"", ""QacR/Q2"", ""PsrA/R1"", ""SrpR/S4""]",0x17,7
022059b9,3,6.1441424214533775,0.6762993335723877,"[2, 17, 1, 11, 13, 15, 5]","[""BetI/E1"", ""SrpR/S2"", ""AmtR/A1"", ""PhlF/P2"", ""PsrA/R1"", ""QacR/Q2"", ""BM3R1/B3""]",0x17,7
022059b9,3,4.771545988897791,0.7493772506713867,"[4, 1, 13, 11, 17, 15, 2]","[""BM3R1/B2"", ""AmtR/A1"", ""PsrA/R1"", ""PhlF/P2"", ""SrpR/S2"", ""QacR/Q2"", ""BetI/E1""]",0x17,7
022059b9,3,0.16200278894369,0.7870505452156067,"[2, 19, 15, 5, 10, 8, 1]","[""BetI/E1"", ""SrpR/S4"", ""QacR/Q2"", ""BM3R1/B3"", ""PhlF/P1"", ""LitR/L1"", ""AmtR/A1""]",0x17,7
022059b9,3,6.811646134500003,0.4289356470108032,"[14, 2, 7, 11, 13, 5, 1]","[""QacR/Q1"", ""BetI/E1"", ""IcaRA/I1"", ""PhlF/P2"", ""PsrA/R1"", ""BM3R1/B3"", ""AmtR/A1""]",0x17,7
022059b9,3,0.11700890176427568,0.7934663891792297,"[4, 17, 7, 15, 2, 1, 10]","[""BM3R1/B2"", ""SrpR/S2"", ""IcaRA/I1"", ""QacR/Q2"", ""BetI/E1"", ""AmtR/A1"", ""PhlF/P1""]",0x17,7
022059b9,3,-1.4473550562886548,0.838324248790741,"[4, 15, 19, 2, 1, 10, 7]","[""BM3R1/B2"", ""QacR/Q2"", ""SrpR/S4"", ""BetI/E1"", ""AmtR/A1"", ""PhlF/P1"", ""IcaRA/I1""]",0x17,7
022059b9,3,5.845396824362526,0.6796807646751404,"[19, 15, 1, 11, 13, 2, 5]","[""SrpR/S4"", ""QacR/Q2"", ""AmtR/A1"", ""PhlF/P2"", ""PsrA/R1"", ""BetI/E1"", ""BM3R1/B3""]",0x17,7
022059b9,3,0.10636900648130225,0.8107283711433411,"[4, 19, 7, 15, 2, 1, 10]","[""BM3R1/B2"", ""SrpR/S4"", ""IcaRA/I1"", ""QacR/Q2"", ""BetI/E1"", ""AmtR/A1"", ""PhlF/P1""]",0x17,7
022059b9,3,0.146733667690108,0.7909626364707947,"[15, 5, 1, 19, 2, 10, 8]","[""QacR/Q2"", ""BM3R1/B3"", ""AmtR/A1"", ""SrpR/S4"", ""BetI/E1"", ""PhlF/P1"", ""LitR/L1""]",0x17,7
022059b9,3,6.0513556643181055,0.6764354109764099,"[15, 17, 1, 11, 13, 2, 5]","[""QacR/Q2"", ""SrpR/S2"", ""AmtR/A1"", ""PhlF/P2"", ""PsrA/R1"", ""BetI/E1"", ""BM3R1/B3""]",0x17,7
022059b9,3,0.06343886129934324,0.8156313300132751,"[19, 1, 15, 4, 2, 10, 8]","[""SrpR/S4"", ""AmtR/A1"", ""QacR/Q2"", ""BM3R1/B2"", ""BetI/E1"", ""PhlF/P1"", ""LitR/L1""]",0x17,7
022059b9,3,0.15261721595332192,0.7876116633415222,"[19, 2, 14, 4, 1, 10, 8]","[""SrpR/S4"", ""BetI/E1"", ""QacR/Q1"", ""BM3R1/B2"", ""AmtR/A1"", ""PhlF/P1"", ""LitR/L1""]",0x17,7
022059b9,3,5.794830697031633,0.697594940662384,"[2, 5, 13, 11, 19, 1, 15]","[""BetI/E1"", ""BM3R1/B3"", ""PsrA/R1"", ""PhlF/P2"", ""SrpR/S4"", ""AmtR/A1"", ""QacR/Q2""]",0x17,7
024eae69,3,3.5041548761892165,0.7552238702774048,"[4, 13, 1, 11, 15, 19, 2]","[""BM3R1/B2"", ""PsrA/R1"", ""AmtR/A1"", ""PhlF/P2"", ""QacR/Q2"", ""SrpR/S4"", ""BetI/E1""]",0x17,7
024eae69,3,1.7595853921592717,0.7596133947372437,"[4, 19, 1, 11, 2, 0, 15]","[""BM3R1/B2"", ""SrpR/S4"", ""AmtR/A1"", ""PhlF/P2"", ""BetI/E1"", ""AmeR/F1"", ""QacR/Q2""]",0x17,7
024eae69,5,-0.11890826337508503,0.7953227162361145,"[19, 2, 1, 0, 4, 10, 15]","[""SrpR/S4"", ""BetI/E1"", ""AmtR/A1"", ""AmeR/F1"", ""BM3R1/B2"", ""PhlF/P1"", ""QacR/Q2""]",0x17,7
024eae69,5,0.09908289830977123,0.7717304229736328,"[10, 5, 19, 0, 2, 1, 15]","[""PhlF/P1"", ""BM3R1/B3"", ""SrpR/S4"", ""AmeR/F1"", ""BetI/E1"", ""AmtR/A1"", ""QacR/Q2""]",0x17,7
024eae69,5,0.0035446758122063995,0.7950458526611328,"[2, 1, 10, 19, 4, 8, 15]","[""BetI/E1"", ""AmtR/A1"", ""PhlF/P1"", ""SrpR/S4"", ""BM3R1/B2"", ""LitR/L1"", ""QacR/Q2""]",0x17,7
024eae69,5,0.8762953866250324,0.7709183692932129,"[2, 1, 13, 4, 11, 19, 15]","[""BetI/E1"", ""AmtR/A1"", ""PsrA/R1"", ""BM3R1/B2"", ""PhlF/P2"", ""SrpR/S4"", ""QacR/Q2""]",0x17,7
024eae69,5,0.06541284750090375,0.7779303789138794,"[10, 15, 1, 4, 2, 0, 19]","[""PhlF/P1"", ""QacR/Q2"", ""AmtR/A1"", ""BM3R1/B2"", ""BetI/E1"", ""AmeR/F1"", ""SrpR/S4""]",0x17,7
024eae69,5,0.04488417624915392,0.7806215286254883,"[19, 13, 2, 4, 10, 1, 15]","[""SrpR/S4"", ""PsrA/R1"", ""BetI/E1"", ""BM3R1/B2"", ""PhlF/P1"", ""AmtR/A1"", ""QacR/Q2""]",0x17,7
024eae69,5,6.148168705536445,0.7140499353408813,"[19, 1, 2, 5, 15, 13, 11]","[""SrpR/S4"", ""AmtR/A1"", ""BetI/E1"", ""BM3R1/B3"", ""QacR/Q2"", ""PsrA/R1"", ""PhlF/P2""]",0x17,7
024eae69,5,4.186467626066925,0.7457731366157532,"[2, 1, 13, 4, 11, 15, 19]","[""BetI/E1"", ""AmtR/A1"", ""PsrA/R1"", ""BM3R1/B2"", ""PhlF/P2"", ""QacR/Q2"", ""SrpR/S4""]",0x17,7
024eae69,5,0.14091478162331675,0.7716435790061951,"[10, 1, 15, 4, 13, 2, 19]","[""PhlF/P1"", ""AmtR/A1"", ""QacR/Q2"", ""BM3R1/B2"", ""PsrA/R1"", ""BetI/E1"", ""SrpR/S4""]",0x17,7
024eae69,5,5.839491284400909,0.7383911609649658,"[2, 1, 19, 4, 15, 13, 11]","[""BetI/E1"", ""AmtR/A1"", ""SrpR/S4"", ""BM3R1/B2"", ""QacR/Q2"", ""PsrA/R1"", ""PhlF/P2""]",0x17,7
024eae69,5,0.025603593886171602,0.7882238626480103,"[19, 1, 10, 2, 4, 8, 15]","[""SrpR/S4"", ""AmtR/A1"", ""PhlF/P1"", ""BetI/E1"", ""BM3R1/B2"", ""LitR/L1"", ""QacR/Q2""]",0x17,7
032fb3a9,4,6.7220355658580795,0.4860617518424988,"[1, 15, 7, 2, 3, 13, 11]","[""AmtR/A1"", ""QacR/Q2"", ""IcaRA/I1"", ""BetI/E1"", ""BM3R1/B1"", ""PsrA/R1"", ""PhlF/P2""]",0x17,7
032fb3a9,4,0.45387935457902084,0.7813782691955566,"[19, 4, 1, 2, 10, 15, 13]","[""SrpR/S4"", ""BM3R1/B2"", ""AmtR/A1"", ""BetI/E1"", ""PhlF/P1"", ""QacR/Q2"", ""PsrA/R1""]",0x17,7
032fb3a9,4,-0.11244431189076631,0.8026953339576721,"[13, 4, 10, 2, 17, 1, 15]","[""PsrA/R1"", ""BM3R1/B2"", ""PhlF/P1"", ""BetI/E1"", ""SrpR/S2"", ""AmtR/A1"", ""QacR/Q2""]",0x17,7
032fb3a9,4,-0.05010046086083187,0.798785924911499,"[2, 19, 8, 10, 1, 5, 15]","[""BetI/E1"", ""SrpR/S4"", ""LitR/L1"", ""PhlF/P1"", ""AmtR/A1"", ""BM3R1/B3"", ""QacR/Q2""]",0x17,7
032fb3a9,4,5.0342122568701475,0.7381044626235962,"[1, 19, 2, 15, 4, 13, 11]","[""AmtR/A1"", ""SrpR/S4"", ""BetI/E1"", ""QacR/Q2"", ""BM3R1/B2"", ""PsrA/R1"", ""PhlF/P2""]",0x17,7
032fb3a9,4,0.009214748596965718,0.7860015630722046,"[2, 4, 1, 19, 0, 15, 11]","[""BetI/E1"", ""BM3R1/B2"", ""AmtR/A1"", ""SrpR/S4"", ""AmeR/F1"", ""QacR/Q2"", ""PhlF/P2""]",0x17,7
032fb3a9,4,-0.42441920744361583,0.8164364695549011,"[1, 4, 10, 13, 2, 19, 15]","[""AmtR/A1"", ""BM3R1/B2"", ""PhlF/P1"", ""PsrA/R1"", ""BetI/E1"", ""SrpR/S4"", ""QacR/Q2""]",0x17,7
032fb3a9,4,0.008755158461472049,0.7941100597381592,"[2, 4, 8, 1, 10, 19, 15]","[""BetI/E1"", ""BM3R1/B2"", ""LitR/L1"", ""AmtR/A1"", ""PhlF/P1"", ""SrpR/S4"", ""QacR/Q2""]",0x17,7
032fb3a9,4,4.20406600749325,0.763105571269989,"[2, 4, 1, 19, 11, 13, 15]","[""BetI/E1"", ""BM3R1/B2"", ""AmtR/A1"", ""SrpR/S4"", ""PhlF/P2"", ""PsrA/R1"", ""QacR/Q2""]",0x17,7
032fb3a9,4,4.923648383878122,0.7449960112571716,"[2, 15, 1, 19, 5, 13, 11]","[""BetI/E1"", ""QacR/Q2"", ""AmtR/A1"", ""SrpR/S4"", ""BM3R1/B3"", ""PsrA/R1"", ""PhlF/P2""]",0x17,7
032fb3a9,4,-0.03709375983571689,0.7960330843925476,"[19, 4, 8, 2, 1, 10, 15]","[""SrpR/S4"", ""BM3R1/B2"", ""LitR/L1"", ""BetI/E1"", ""AmtR/A1"", ""PhlF/P1"", ""QacR/Q2""]",0x17,7
032fb3a9,4,0.026563459343081675,0.7823681235313416,"[13, 1, 10, 5, 19, 15, 2]","[""PsrA/R1"", ""AmtR/A1"", ""PhlF/P1"", ""BM3R1/B3"", ""SrpR/S4"", ""QacR/Q2"", ""BetI/E1""]",0x17,7
032fb3a9,5,5.552763363827663,0.7369335889816284,"[1, 17, 13, 2, 4, 15, 11]","[""AmtR/A1"", ""SrpR/S2"", ""PsrA/R1"", ""BetI/E1"", ""BM3R1/B2"", ""QacR/Q2"", ""PhlF/P2""]",0x17,7
032fb3a9,5,6.678634307733615,0.4886882305145263,"[7, 1, 2, 15, 19, 13, 11]","[""IcaRA/I1"", ""AmtR/A1"", ""BetI/E1"", ""QacR/Q2"", ""SrpR/S4"", ""PsrA/R1"", ""PhlF/P2""]",0x17,7
032fb3a9,5,6.630298235647578,0.7179145216941833,"[1, 19, 15, 2, 5, 13, 11]","[""AmtR/A1"", ""SrpR/S4"", ""QacR/Q2"", ""BetI/E1"", ""BM3R1/B3"", ""PsrA/R1"", ""PhlF/P2""]",0x17,7
032fb3a9,5,2.176535065797749,0.7792536616325378,"[13, 11, 2, 1, 4, 17, 15]","[""PsrA/R1"", ""PhlF/P2"", ""BetI/E1"", ""AmtR/A1"", ""BM3R1/B2"", ""SrpR/S2"", ""QacR/Q2""]",0x17,7
032fb3a9,5,6.746673611124627,0.4148430824279785,"[7, 1, 2, 19, 14, 13, 11]","[""IcaRA/I1"", ""AmtR/A1"", ""BetI/E1"", ""SrpR/S4"", ""QacR/Q1"", ""PsrA/R1"", ""PhlF/P2""]",0x17,7
032fb3a9,5,4.952061703289529,0.7382022738456726,"[1, 17, 2, 13, 4, 15, 11]","[""AmtR/A1"", ""SrpR/S2"", ""BetI/E1"", ""PsrA/R1"", ""BM3R1/B2"", ""QacR/Q2"", ""PhlF/P2""]",0x17,7
032fb3a9,5,5.96172407878484,0.7270238995552063,"[17, 1, 15, 2, 4, 13, 11]","[""SrpR/S2"", ""AmtR/A1"", ""QacR/Q2"", ""BetI/E1"", ""BM3R1/B2"", ""PsrA/R1"", ""PhlF/P2""]",0x17,7
048334c7,0,5.574023510477018,0.7081937789916992,"[2, 15, 5, 0, 19, 1, 11]","[""BetI/E1"", ""QacR/Q2"", ""BM3R1/B3"", ""AmeR/F1"", ""SrpR/S4"", ""AmtR/A1"", ""PhlF/P2""]",0x17,7
048334c7,0,1.245631765109052,0.7462863922119141,"[0, 2, 19, 4, 10, 1, 15]","[""AmeR/F1"", ""BetI/E1"", ""SrpR/S4"", ""BM3R1/B2"", ""PhlF/P1"", ""AmtR/A1"", ""QacR/Q2""]",0x17,7
048334c7,0,4.4280895919135626,0.7201372981071472,"[2, 17, 1, 9, 4, 15, 11]","[""BetI/E1"", ""SrpR/S2"", ""AmtR/A1"", ""LmrA/N1"", ""BM3R1/B2"", ""QacR/Q2"", ""PhlF/P2""]",0x17,7
048334c7,0,6.977329890419402,0.5783411860466003,"[14, 13, 17, 1, 4, 2, 11]","[""QacR/Q1"", ""PsrA/R1"", ""SrpR/S2"", ""AmtR/A1"", ""BM3R1/B2"", ""BetI/E1"", ""PhlF/P2""]",0x17,7
048334c7,0,0.0393166891454737,0.7725696563720703,"[15, 13, 4, 2, 19, 10, 1]","[""QacR/Q2"", ""PsrA/R1"", ""BM3R1/B2"", ""BetI/E1"", ""SrpR/S4"", ""PhlF/P1"", ""AmtR/A1""]",0x17,7
048334c7,0,-0.7952064964050242,0.7773665189743042,"[1, 10, 2, 17, 4, 8, 15]","[""AmtR/A1"", ""PhlF/P1"", ""BetI/E1"", ""SrpR/S2"", ""BM3R1/B2"", ""LitR/L1"", ""QacR/Q2""]",0x17,7
048334c7,0,5.970720916236135,0.7021076083183289,"[19, 15, 5, 9, 2, 1, 11]","[""SrpR/S4"", ""QacR/Q2"", ""BM3R1/B3"", ""LmrA/N1"", ""BetI/E1"", ""AmtR/A1"", ""PhlF/P2""]",0x17,7
048334c7,0,5.98270110112815,0.6904894113540649,"[15, 19, 4, 13, 2, 1, 11]","[""QacR/Q2"", ""SrpR/S4"", ""BM3R1/B2"", ""PsrA/R1"", ""BetI/E1"", ""AmtR/A1"", ""PhlF/P2""]",0x17,7
048334c7,0,6.154545884920403,0.6722394227981567,"[19, 13, 15, 1, 4, 2, 11]","[""SrpR/S4"", ""PsrA/R1"", ""QacR/Q2"", ""AmtR/A1"", ""BM3R1/B2"", ""BetI/E1"", ""PhlF/P2""]",0x17,7
048334c7,0,5.884878327227952,0.706220269203186,"[15, 2, 4, 9, 19, 1, 11]","[""QacR/Q2"", ""BetI/E1"", ""BM3R1/B2"", ""LmrA/N1"", ""SrpR/S4"", ""AmtR/A1"", ""PhlF/P2""]",0x17,7
048334c7,0,0.994319682002369,0.7477337718009949,"[11, 0, 4, 1, 19, 15, 2]","[""PhlF/P2"", ""AmeR/F1"", ""BM3R1/B2"", ""AmtR/A1"", ""SrpR/S4"", ""QacR/Q2"", ""BetI/E1""]",0x17,7
048334c7,0,6.5221176558383105,0.5997222065925598,"[14, 2, 4, 9, 19, 1, 11]","[""QacR/Q1"", ""BetI/E1"", ""BM3R1/B2"", ""LmrA/N1"", ""SrpR/S4"", ""AmtR/A1"", ""PhlF/P2""]",0x17,7
048334c7,0,0.2752950285779282,0.7534024715423584,"[0, 19, 4, 10, 1, 15, 2]","[""AmeR/F1"", ""SrpR/S4"", ""BM3R1/B2"", ""PhlF/P1"", ""AmtR/A1"", ""QacR/Q2"", ""BetI/E1""]",0x17,7
048334c7,0,-0.3573722616985822,0.7740975618362427,"[0, 10, 2, 5, 19, 8, 15]","[""AmeR/F1"", ""PhlF/P1"", ""BetI/E1"", ""BM3R1/B3"", ""SrpR/S4"", ""LitR/L1"", ""QacR/Q2""]",0x17,7
048334c7,0,0.2871832473829545,0.7517489194869995,"[1, 0, 4, 11, 19, 2, 15]","[""AmtR/A1"", ""AmeR/F1"", ""BM3R1/B2"", ""PhlF/P2"", ""SrpR/S4"", ""BetI/E1"", ""QacR/Q2""]",0x17,7
048334c7,0,6.6517567264648445,0.5786925554275513,"[14, 2, 1, 19, 5, 13, 11]","[""QacR/Q1"", ""BetI/E1"", ""AmtR/A1"", ""SrpR/S4"", ""BM3R1/B3"", ""PsrA/R1"", ""PhlF/P2""]",0x17,7
048334c7,0,3.949217408085405,0.7460619807243347,"[11, 2, 4, 0, 19, 1, 15]","[""PhlF/P2"", ""BetI/E1"", ""BM3R1/B2"", ""AmeR/F1"", ""SrpR/S4"", ""AmtR/A1"", ""QacR/Q2""]",0x17,7
048334c7,0,6.990210370689588,0.3831861615180969,"[14, 7, 18, 13, 4, 2, 11]","[""QacR/Q1"", ""IcaRA/I1"", ""SrpR/S3"", ""PsrA/R1"", ""BM3R1/B2"", ""BetI/E1"", ""PhlF/P2""]",0x17,7
048334c7,0,6.980773696653091,0.4228221178054809,"[14, 7, 19, 8, 4, 2, 11]","[""QacR/Q1"", ""IcaRA/I1"", ""SrpR/S4"", ""LitR/L1"", ""BM3R1/B2"", ""BetI/E1"", ""PhlF/P2""]",0x17,7
048334c7,0,6.6147381472681195,0.5874887704849243,"[14, 2, 1, 17, 4, 13, 11]","[""QacR/Q1"", ""BetI/E1"", ""AmtR/A1"", ""SrpR/S2"", ""BM3R1/B2"", ""PsrA/R1"", ""PhlF/P2""]",0x17,7
048334c7,0,0.18471541263697208,0.7628142833709717,"[17, 4, 0, 11, 1, 2, 15]","[""SrpR/S2"", ""BM3R1/B2"", ""AmeR/F1"", ""PhlF/P2"", ""AmtR/A1"", ""BetI/E1"", ""QacR/Q2""]",0x17,7
048334c7,0,4.675976409243297,0.7114242315292358,"[4, 13, 17, 2, 1, 15, 11]","[""BM3R1/B2"", ""PsrA/R1"", ""SrpR/S2"", ""BetI/E1"", ""AmtR/A1"", ""QacR/Q2"", ""PhlF/P2""]",0x17,7
048334c7,0,-2.254210598652186,0.7877309322357178,"[4, 10, 2, 17, 1, 8, 15]","[""BM3R1/B2"", ""PhlF/P1"", ""BetI/E1"", ""SrpR/S2"", ""AmtR/A1"", ""LitR/L1"", ""QacR/Q2""]",0x17,7
048334c7,0,4.171578755646399,0.7228474020957947,"[4, 15, 19, 0, 2, 1, 11]","[""BM3R1/B2"", ""QacR/Q2"", ""SrpR/S4"", ""AmeR/F1"", ""BetI/E1"", ""AmtR/A1"", ""PhlF/P2""]",0x17,7
048334c7,0,6.982649144102433,0.3851721882820129,"[14, 7, 13, 16, 4, 2, 11]","[""QacR/Q1"", ""IcaRA/I1"", ""PsrA/R1"", ""SrpR/S1"", ""BM3R1/B2"", ""BetI/E1"", ""PhlF/P2""]",0x17,7
048334c7,0,7.065743171210637,0.3399307131767273,"[14, 7, 13, 3, 16, 2, 11]","[""QacR/Q1"", ""IcaRA/I1"", ""PsrA/R1"", ""BM3R1/B1"", ""SrpR/S1"", ""BetI/E1"", ""PhlF/P2""]",0x17,7
048334c7,0,4.722266281459187,0.7095356583595276,"[4, 13, 1, 2, 19, 15, 11]","[""BM3R1/B2"", ""PsrA/R1"", ""AmtR/A1"", ""BetI/E1"", ""SrpR/S4"", ""QacR/Q2"", ""PhlF/P2""]",0x17,7
048334c7,0,-0.43155512167672416,0.7747423648834229,"[0, 2, 1, 4, 19, 10, 15]","[""AmeR/F1"", ""BetI/E1"", ""AmtR/A1"", ""BM3R1/B2"", ""SrpR/S4"", ""PhlF/P1"", ""QacR/Q2""]",0x17,7
00a8f4fe,0,3.493716337432118,0.7291697859764099,"[11, 1, 13, 15, 5, 2, 19]","[""PhlF/P2"", ""AmtR/A1"", ""PsrA/R1"", ""QacR/Q2"", ""BM3R1/B3"", ""BetI/E1"", ""SrpR/S4""]",0x6D,7
00a8f4fe,0,1.6912945492284606,0.7504672408103943,"[11, 1, 2, 4, 19, 15, 13]","[""PhlF/P2"", ""AmtR/A1"", ""BetI/E1"", ""BM3R1/B2"", ""SrpR/S4"", ""QacR/Q2"", ""PsrA/R1""]",0x6D,7
00a8f4fe,0,-0.05804471723039749,0.780468225479126,"[4, 19, 2, 15, 1, 10, 8]","[""BM3R1/B2"", ""SrpR/S4"", ""BetI/E1"", ""QacR/Q2"", ""AmtR/A1"", ""PhlF/P1"", ""LitR/L1""]",0x6D,7
00a8f4fe,0,-0.055574604488435576,0.7722181677818298,"[4, 1, 10, 2, 15, 19, 0]","[""BM3R1/B2"", ""AmtR/A1"", ""PhlF/P1"", ""BetI/E1"", ""QacR/Q2"", ""SrpR/S4"", ""AmeR/F1""]",0x6D,7
00a8f4fe,0,-0.289504209439882,0.7989436984062195,"[19, 2, 4, 10, 1, 8, 15]","[""SrpR/S4"", ""BetI/E1"", ""BM3R1/B2"", ""PhlF/P1"", ""AmtR/A1"", ""LitR/L1"", ""QacR/Q2""]",0x6D,7
00a8f4fe,0,3.0200555302026832,0.7435237765312195,"[4, 11, 1, 19, 15, 13, 2]","[""BM3R1/B2"", ""PhlF/P2"", ""AmtR/A1"", ""SrpR/S4"", ""QacR/Q2"", ""PsrA/R1"", ""BetI/E1""]",0x6D,7
00a8f4fe,0,5.151317459297083,0.5338931679725647,"[2, 17, 1, 14, 3, 13, 11]","[""BetI/E1"", ""SrpR/S2"", ""AmtR/A1"", ""QacR/Q1"", ""BM3R1/B1"", ""PsrA/R1"", ""PhlF/P2""]",0x6D,7
00a8f4fe,0,1.64271531495786,0.758517861366272,"[11, 13, 1, 4, 15, 19, 2]","[""PhlF/P2"", ""PsrA/R1"", ""AmtR/A1"", ""BM3R1/B2"", ""QacR/Q2"", ""SrpR/S4"", ""BetI/E1""]",0x6D,7
00a8f4fe,0,2.318183097288611,0.7481477856636047,"[11, 13, 15, 4, 1, 19, 2]","[""PhlF/P2"", ""PsrA/R1"", ""QacR/Q2"", ""BM3R1/B2"", ""AmtR/A1"", ""SrpR/S4"", ""BetI/E1""]",0x6D,7
00a8f4fe,0,-0.3278537420466139,0.8023602366447449,"[4, 2, 17, 10, 1, 8, 15]","[""BM3R1/B2"", ""BetI/E1"", ""SrpR/S2"", ""PhlF/P1"", ""AmtR/A1"", ""LitR/L1"", ""QacR/Q2""]",0x6D,7
00a8f4fe,0,4.072292100671901,0.7177869081497192,"[11, 19, 1, 15, 5, 13, 2]","[""PhlF/P2"", ""SrpR/S4"", ""AmtR/A1"", ""QacR/Q2"", ""BM3R1/B3"", ""PsrA/R1"", ""BetI/E1""]",0x6D,7
00a8f4fe,0,5.405138605887822,0.4452977180480957,"[7, 18, 1, 2, 11, 13, 15]","[""IcaRA/I1"", ""SrpR/S3"", ""AmtR/A1"", ""BetI/E1"", ""PhlF/P2"", ""PsrA/R1"", ""QacR/Q2""]",0x6D,7
00a8f4fe,0,1.9503070609273556,0.750393807888031,"[11, 1, 5, 2, 13, 19, 15]","[""PhlF/P2"", ""AmtR/A1"", ""BM3R1/B3"", ""BetI/E1"", ""PsrA/R1"", ""SrpR/S4"", ""QacR/Q2""]",0x6D,7
00a8f4fe,0,4.418566949006453,0.709135890007019,"[13, 2, 1, 17, 5, 15, 11]","[""PsrA/R1"", ""BetI/E1"", ""AmtR/A1"", ""SrpR/S2"", ""BM3R1/B3"", ""QacR/Q2"", ""PhlF/P2""]",0x6D,7
00a8f4fe,0,5.130085038988462,0.645089328289032,"[15, 2, 1, 19, 3, 13, 11]","[""QacR/Q2"", ""BetI/E1"", ""AmtR/A1"", ""SrpR/S4"", ""BM3R1/B1"", ""PsrA/R1"", ""PhlF/P2""]",0x6D,7
00a8f4fe,0,-0.032665545626580604,0.7721051573753357,"[4, 2, 10, 19, 13, 1, 15]","[""BM3R1/B2"", ""BetI/E1"", ""PhlF/P1"", ""SrpR/S4"", ""PsrA/R1"", ""AmtR/A1"", ""QacR/Q2""]",0x6D,7
00a8f4fe,0,5.185637075747905,0.5150439143180847,"[2, 18, 1, 14, 3, 13, 11]","[""BetI/E1"", ""SrpR/S3"", ""AmtR/A1"", ""QacR/Q1"", ""BM3R1/B1"", ""PsrA/R1"", ""PhlF/P2""]",0x6D,7
00a8f4fe,0,5.149796882189814,0.5514099597930908,"[2, 19, 1, 14, 3, 13, 12]","[""BetI/E1"", ""SrpR/S4"", ""AmtR/A1"", ""QacR/Q1"", ""BM3R1/B1"", ""PsrA/R1"", ""PhlF/P3""]",0x6D,7
00a8f4fe,0,4.752501009048683,0.7063999772071838,"[15, 2, 1, 19, 5, 13, 11]","[""QacR/Q2"", ""BetI/E1"", ""AmtR/A1"", ""SrpR/S4"", ""BM3R1/B3"", ""PsrA/R1"", ""PhlF/P2""]",0x6D,7
00a8f4fe,0,4.144653886741767,0.7109230160713196,"[11, 15, 1, 19, 5, 13, 2]","[""PhlF/P2"", ""QacR/Q2"", ""AmtR/A1"", ""SrpR/S4"", ""BM3R1/B3"", ""PsrA/R1"", ""BetI/E1""]",0x6D,7
00a8f4fe,0,-0.28079335915374476,0.7841925024986267,"[19, 2, 5, 10, 1, 8, 15]","[""SrpR/S4"", ""BetI/E1"", ""BM3R1/B3"", ""PhlF/P1"", ""AmtR/A1"", ""LitR/L1"", ""QacR/Q2""]",0x6D,7
00a8f4fe,0,1.6170120402849226,0.7701522707939148,"[11, 19, 13, 4, 2, 1, 15]","[""PhlF/P2"", ""SrpR/S4"", ""PsrA/R1"", ""BM3R1/B2"", ""BetI/E1"", ""AmtR/A1"", ""QacR/Q2""]",0x6D,7
62c3e40b,0,2.7657611791606453,0.7314786911010742,"[19, 4, 11, 2, 13, 15, 1]","[""SrpR/S4"", ""BM3R1/B2"", ""PhlF/P2"", ""BetI/E1"", ""PsrA/R1"", ""QacR/Q2"", ""AmtR/A1""]",0x6D,7
62c3e40b,0,0.0138378763897104,0.7697129845619202,"[4, 19, 2, 10, 8, 15, 1]","[""BM3R1/B2"", ""SrpR/S4"", ""BetI/E1"", ""PhlF/P1"", ""LitR/L1"", ""QacR/Q2"", ""AmtR/A1""]",0x6D,7
62c3e40b,0,4.00950625350625,0.7306903004646301,"[1, 19, 2, 13, 15, 11, 5]","[""AmtR/A1"", ""SrpR/S4"", ""BetI/E1"", ""PsrA/R1"", ""QacR/Q2"", ""PhlF/P2"", ""BM3R1/B3""]",0x6D,7
62c3e40b,0,-0.08737841636241203,0.7939586043357849,"[19, 0, 4, 10, 1, 15, 2]","[""SrpR/S4"", ""AmeR/F1"", ""BM3R1/B2"", ""PhlF/P1"", ""AmtR/A1"", ""QacR/Q2"", ""BetI/E1""]",0x6D,7
62c3e40b,0,0.009750552814627802,0.7920361161231995,"[4, 13, 1, 10, 19, 2, 15]","[""BM3R1/B2"", ""PsrA/R1"", ""AmtR/A1"", ""PhlF/P1"", ""SrpR/S4"", ""BetI/E1"", ""QacR/Q2""]",0x6D,7
62c3e40b,0,-0.15217665348840226,0.8039193749427795,"[17, 2, 10, 8, 5, 15, 1]","[""SrpR/S2"", ""BetI/E1"", ""PhlF/P1"", ""LitR/L1"", ""BM3R1/B3"", ""QacR/Q2"", ""AmtR/A1""]",0x6D,7
62c3e40b,0,2.209068965735228,0.7374285459518433,"[11, 13, 4, 17, 15, 2, 1]","[""PhlF/P2"", ""PsrA/R1"", ""BM3R1/B2"", ""SrpR/S2"", ""QacR/Q2"", ""BetI/E1"", ""AmtR/A1""]",0x6D,7
62c3e40b,0,0.927718021881604,0.7656472325325012,"[11, 1, 4, 15, 2, 13, 19]","[""PhlF/P2"", ""AmtR/A1"", ""BM3R1/B2"", ""QacR/Q2"", ""BetI/E1"", ""PsrA/R1"", ""SrpR/S4""]",0x6D,7
62c3e40b,0,2.0544663707683943,0.754364013671875,"[11, 19, 4, 2, 13, 15, 1]","[""PhlF/P2"", ""SrpR/S4"", ""BM3R1/B2"", ""BetI/E1"", ""PsrA/R1"", ""QacR/Q2"", ""AmtR/A1""]",0x6D,7
62c3e40b,0,2.5357336176691416,0.737359344959259,"[11, 4, 19, 1, 15, 13, 2]","[""PhlF/P2"", ""BM3R1/B2"", ""SrpR/S4"", ""AmtR/A1"", ""QacR/Q2"", ""PsrA/R1"", ""BetI/E1""]",0x6D,7
62c3e40b,1,4.892807282001708,0.5458199977874756,"[13, 4, 2, 1, 17, 11, 14]","[""PsrA/R1"", ""BM3R1/B2"", ""BetI/E1"", ""AmtR/A1"", ""SrpR/S2"", ""PhlF/P2"", ""QacR/Q1""]",0x6D,7
62c3e40b,1,4.797792316402556,0.6953139305114746,"[19, 1, 2, 13, 15, 11, 4]","[""SrpR/S4"", ""AmtR/A1"", ""BetI/E1"", ""PsrA/R1"", ""QacR/Q2"", ""PhlF/P2"", ""BM3R1/B2""]",0x6D,7
62c3e40b,1,4.704642983566861,0.6966277360916138,"[1, 15, 13, 2, 19, 5, 11]","[""AmtR/A1"", ""QacR/Q2"", ""PsrA/R1"", ""BetI/E1"", ""SrpR/S4"", ""BM3R1/B3"", ""PhlF/P2""]",0x6D,7
62c3e40b,1,4.216141629179663,0.7052776217460632,"[1, 2, 11, 15, 13, 19, 5]","[""AmtR/A1"", ""BetI/E1"", ""PhlF/P2"", ""QacR/Q2"", ""PsrA/R1"", ""SrpR/S4"", ""BM3R1/B3""]",0x6D,7
62c3e40b,1,4.495004593148014,0.7005413174629211,"[19, 1, 13, 2, 15, 11, 4]","[""SrpR/S4"", ""AmtR/A1"", ""PsrA/R1"", ""BetI/E1"", ""QacR/Q2"", ""PhlF/P2"", ""BM3R1/B2""]",0x6D,7
62c3e40b,1,0.07766996785201834,0.7676453590393066,"[15, 2, 4, 10, 19, 1, 0]","[""QacR/Q2"", ""BetI/E1"", ""BM3R1/B2"", ""PhlF/P1"", ""SrpR/S4"", ""AmtR/A1"", ""AmeR/F1""]",0x6D,7
62c3e40b,1,4.127789552723108,0.71149742603302,"[15, 1, 2, 19, 13, 11, 4]","[""QacR/Q2"", ""AmtR/A1"", ""BetI/E1"", ""SrpR/S4"", ""PsrA/R1"", ""PhlF/P2"", ""BM3R1/B2""]",0x6D,7
62c3e40b,1,5.026964410530546,0.4967652857303619,"[1, 4, 18, 11, 13, 2, 14]","[""AmtR/A1"", ""BM3R1/B2"", ""SrpR/S3"", ""PhlF/P2"", ""PsrA/R1"", ""BetI/E1"", ""QacR/Q1""]",0x6D,7
62c3e40b,1,4.353871549785828,0.703941285610199,"[2, 1, 13, 15, 19, 5, 11]","[""BetI/E1"", ""AmtR/A1"", ""PsrA/R1"", ""QacR/Q2"", ""SrpR/S4"", ""BM3R1/B3"", ""PhlF/P2""]",0x6D,7
62c3e40b,1,4.946967028531606,0.5114356279373169,"[1, 19, 15, 7, 2, 11, 5]","[""AmtR/A1"", ""SrpR/S4"", ""QacR/Q2"", ""IcaRA/I1"", ""BetI/E1"", ""PhlF/P2"", ""BM3R1/B3""]",0x6D,7
62c3e40b,1,4.058713825265071,0.7130962610244751,"[11, 1, 13, 15, 2, 19, 4]","[""PhlF/P2"", ""AmtR/A1"", ""PsrA/R1"", ""QacR/Q2"", ""BetI/E1"", ""SrpR/S4"", ""BM3R1/B2""]",0x6D,7
a33c0bce,0,-5.074468377674026,0.8224223256111145,"[0, 10, 19, 15, 2, 4, 1]","[""AmeR/F1"", ""PhlF/P1"", ""SrpR/S4"", ""QacR/Q2"", ""BetI/E1"", ""BM3R1/B2"", ""AmtR/A1""]",0x6D,7
a33c0bce,0,4.6992553564801725,0.7576290369033813,"[13, 2, 19, 15, 1, 11, 5]","[""PsrA/R1"", ""BetI/E1"", ""SrpR/S4"", ""QacR/Q2"", ""AmtR/A1"", ""PhlF/P2"", ""BM3R1/B3""]",0x6D,7
a33c0bce,0,-0.07740362075132269,0.7950932383537292,"[19, 4, 1, 10, 13, 15, 2]","[""SrpR/S4"", ""BM3R1/B2"", ""AmtR/A1"", ""PhlF/P1"", ""PsrA/R1"", ""QacR/Q2"", ""BetI/E1""]",0x6D,7
a33c0bce,0,1.9035738037730006,0.7836108803749084,"[11, 1, 19, 13, 5, 2, 15]","[""PhlF/P2"", ""AmtR/A1"", ""SrpR/S4"", ""PsrA/R1"", ""BM3R1/B3"", ""BetI/E1"", ""QacR/Q2""]",0x6D,7
a33c0bce,0,1.6968323606022315,0.7878739237785339,"[11, 2, 19, 13, 1, 4, 15]","[""PhlF/P2"", ""BetI/E1"", ""SrpR/S4"", ""PsrA/R1"", ""AmtR/A1"", ""BM3R1/B2"", ""QacR/Q2""]",0x6D,7
a33c0bce,0,2.5056562681757972,0.7795886397361755,"[4, 1, 19, 2, 11, 13, 15]","[""BM3R1/B2"", ""AmtR/A1"", ""SrpR/S4"", ""BetI/E1"", ""PhlF/P2"", ""PsrA/R1"", ""QacR/Q2""]",0x6D,7
a33c0bce,0,1.0193693011003395,0.7895837426185608,"[11, 4, 19, 15, 1, 13, 2]","[""PhlF/P2"", ""BM3R1/B2"", ""SrpR/S4"", ""QacR/Q2"", ""AmtR/A1"", ""PsrA/R1"", ""BetI/E1""]",0x6D,7
a33c0bce,0,-0.00703599932269886,0.7943498492240906,"[4, 17, 10, 2, 1, 0, 15]","[""BM3R1/B2"", ""SrpR/S2"", ""PhlF/P1"", ""BetI/E1"", ""AmtR/A1"", ""AmeR/F1"", ""QacR/Q2""]",0x6D,7
a33c0bce,0,2.985188409614127,0.7689685821533203,"[11, 2, 4, 15, 1, 13, 19]","[""PhlF/P2"", ""BetI/E1"", ""BM3R1/B2"", ""QacR/Q2"", ""AmtR/A1"", ""PsrA/R1"", ""SrpR/S4""]",0x6D,7
a33c0bce,0,5.165750567069007,0.6436598896980286,"[2, 14, 19, 13, 1, 11, 5]","[""BetI/E1"", ""QacR/Q1"", ""SrpR/S4"", ""PsrA/R1"", ""AmtR/A1"", ""PhlF/P2"", ""BM3R1/B3""]",0x6D,7
a33c0bce,0,3.661028999990103,0.7645977139472961,"[11, 2, 15, 13, 1, 17, 5]","[""PhlF/P2"", ""BetI/E1"", ""QacR/Q2"", ""PsrA/R1"", ""AmtR/A1"", ""SrpR/S2"", ""BM3R1/B3""]",0x6D,7
a33c0bce,0,3.7675686154346817,0.7621373534202576,"[11, 17, 2, 13, 1, 15, 5]","[""PhlF/P2"", ""SrpR/S2"", ""BetI/E1"", ""PsrA/R1"", ""AmtR/A1"", ""QacR/Q2"", ""BM3R1/B3""]",0x6D,7
a33c0bce,0,1.8418973351923151,0.7843340039253235,"[11, 2, 19, 13, 15, 4, 1]","[""PhlF/P2"", ""BetI/E1"", ""SrpR/S4"", ""PsrA/R1"", ""QacR/Q2"", ""BM3R1/B2"", ""AmtR/A1""]",0x6D,7
a33c0bce,0,5.262715973479809,0.5909510254859924,"[17, 14, 2, 13, 1, 12, 3]","[""SrpR/S2"", ""QacR/Q1"", ""BetI/E1"", ""PsrA/R1"", ""AmtR/A1"", ""PhlF/P3"", ""BM3R1/B1""]",0x6D,7
a33c0bce,1,5.142560664650224,0.7258603572845459,"[1, 2, 19, 15, 13, 11, 4]","[""AmtR/A1"", ""BetI/E1"", ""SrpR/S4"", ""QacR/Q2"", ""PsrA/R1"", ""PhlF/P2"", ""BM3R1/B2""]",0x6D,7
a33c0bce,1,-0.16115799460413796,0.8213708996772766,"[1, 2, 10, 8, 5, 15, 19]","[""AmtR/A1"", ""BetI/E1"", ""PhlF/P1"", ""LitR/L1"", ""BM3R1/B3"", ""QacR/Q2"", ""SrpR/S4""]",0x6D,7
a33c0bce,1,-0.13463475776023442,0.8012456893920898,"[1, 4, 10, 8, 19, 15, 2]","[""AmtR/A1"", ""BM3R1/B2"", ""PhlF/P1"", ""LitR/L1"", ""SrpR/S4"", ""QacR/Q2"", ""BetI/E1""]",0x6D,7
a56bf54d,0,4.908804249497769,0.7175711989402771,"[19, 1, 13, 15, 11, 2, 5]","[""SrpR/S4"", ""AmtR/A1"", ""PsrA/R1"", ""QacR/Q2"", ""PhlF/P2"", ""BetI/E1"", ""BM3R1/B3""]",0x6D,7
a56bf54d,0,4.274151474386501,0.7313191890716553,"[1, 2, 13, 11, 4, 15, 19]","[""AmtR/A1"", ""BetI/E1"", ""PsrA/R1"", ""PhlF/P2"", ""BM3R1/B2"", ""QacR/Q2"", ""SrpR/S4""]",0x6D,7
a56bf54d,0,3.0324017721678485,0.7477913498878479,"[1, 15, 19, 11, 4, 13, 2]","[""AmtR/A1"", ""QacR/Q2"", ""SrpR/S4"", ""PhlF/P2"", ""BM3R1/B2"", ""PsrA/R1"", ""BetI/E1""]",0x6D,7
a56bf54d,0,5.2859975969467925,0.4927914440631866,"[19, 1, 7, 13, 2, 15, 12]","[""SrpR/S4"", ""AmtR/A1"", ""IcaRA/I1"", ""PsrA/R1"", ""BetI/E1"", ""QacR/Q2"", ""PhlF/P3""]",0x6D,7
a56bf54d,0,5.143243845047983,0.7119269967079163,"[1, 19, 13, 15, 4, 2, 11]","[""AmtR/A1"", ""SrpR/S4"", ""PsrA/R1"", ""QacR/Q2"", ""BM3R1/B2"", ""BetI/E1"", ""PhlF/P2""]",0x6D,7
a56bf54d,1,-1.8437300212751826,0.7949487566947937,"[10, 1, 2, 4, 15, 0, 19]","[""PhlF/P1"", ""AmtR/A1"", ""BetI/E1"", ""BM3R1/B2"", ""QacR/Q2"", ""AmeR/F1"", ""SrpR/S4""]",0x6D,7
a56bf54d,1,-0.12421690779067229,0.7736024856567383,"[19, 15, 1, 4, 13, 10, 2]","[""SrpR/S4"", ""QacR/Q2"", ""AmtR/A1"", ""BM3R1/B2"", ""PsrA/R1"", ""PhlF/P1"", ""BetI/E1""]",0x6D,7
a56bf54d,1,-0.20354543292092234,0.7944356203079224,"[19, 2, 5, 10, 1, 8, 15]","[""SrpR/S4"", ""BetI/E1"", ""BM3R1/B3"", ""PhlF/P1"", ""AmtR/A1"", ""LitR/L1"", ""QacR/Q2""]",0x6D,7
a56bf54d,1,4.209008856801899,0.739534854888916,"[19, 2, 15, 1, 5, 13, 11]","[""SrpR/S4"", ""BetI/E1"", ""QacR/Q2"", ""AmtR/A1"", ""BM3R1/B3"", ""PsrA/R1"", ""PhlF/P2""]",0x6D,7
a56bf54d,1,4.24456751625629,0.7376853227615356,"[19, 2, 1, 15, 5, 13, 11]","[""SrpR/S4"", ""BetI/E1"", ""AmtR/A1"", ""QacR/Q2"", ""BM3R1/B3"", ""PsrA/R1"", ""PhlF/P2""]",0x6D,7
a56bf54d,1,0.010611420780236146,0.7685946226119995,"[4, 2, 1, 15, 8, 19, 10]","[""BM3R1/B2"", ""BetI/E1"", ""AmtR/A1"", ""QacR/Q2"", ""LitR/L1"", ""SrpR/S4"", ""PhlF/P1""]",0x6D,7
a56bf54d,1,-0.127703595041347,0.7764523029327393,"[19, 2, 1, 5, 13, 10, 15]","[""SrpR/S4"", ""BetI/E1"", ""AmtR/A1"", ""BM3R1/B3"", ""PsrA/R1"", ""PhlF/P1"", ""QacR/Q2""]",0x6D,7
a56bf54d,1,3.039845279456871,0.7433880567550659,"[11, 13, 19, 4, 1, 2, 15]","[""PhlF/P2"", ""PsrA/R1"", ""SrpR/S4"", ""BM3R1/B2"", ""AmtR/A1"", ""BetI/E1"", ""QacR/Q2""]",0x6D,7
a56bf54d,1,-0.06101927212505538,0.770426332950592,"[19, 10, 1, 5, 2, 6, 15]","[""SrpR/S4"", ""PhlF/P1"", ""AmtR/A1"", ""BM3R1/B3"", ""BetI/E1"", ""HlyIIR/H1"", ""QacR/Q2""]",0x6D,7
a56bf54d,1,2.4371085614451578,0.7678234577178955,"[11, 19, 2, 4, 15, 1, 13]","[""PhlF/P2"", ""SrpR/S4"", ""BetI/E1"", ""BM3R1/B2"", ""QacR/Q2"", ""AmtR/A1"", ""PsrA/R1""]",0x6D,7
a987d27b,0,5.0290797558800024,0.7108860015869141,"[19, 1, 2, 4, 15, 13, 11]","[""SrpR/S4"", ""AmtR/A1"", ""BetI/E1"", ""BM3R1/B2"", ""QacR/Q2"", ""PsrA/R1"", ""PhlF/P2""]",0x6D,7
a987d27b,0,4.967364888403819,0.7129327058792114,"[1, 19, 13, 4, 15, 2, 11]","[""AmtR/A1"", ""SrpR/S4"", ""PsrA/R1"", ""BM3R1/B2"", ""QacR/Q2"", ""BetI/E1"", ""PhlF/P2""]",0x6D,7
a987d27b,0,5.051382053030247,0.653114914894104,"[1, 2, 13, 4, 15, 18, 11]","[""AmtR/A1"", ""BetI/E1"", ""PsrA/R1"", ""BM3R1/B2"", ""QacR/Q2"", ""SrpR/S3"", ""PhlF/P2""]",0x6D,7
a987d27b,0,-0.3308596352280109,0.8089240789413452,"[1, 10, 2, 5, 8, 19, 15]","[""AmtR/A1"", ""PhlF/P1"", ""BetI/E1"", ""BM3R1/B3"", ""LitR/L1"", ""SrpR/S4"", ""QacR/Q2""]",0x6D,7
a987d27b,0,-0.012141239660436141,0.7977808713912964,"[1, 10, 2, 17, 8, 4, 15]","[""AmtR/A1"", ""PhlF/P1"", ""BetI/E1"", ""SrpR/S2"", ""LitR/L1"", ""BM3R1/B2"", ""QacR/Q2""]",0x6D,7
a987d27b,0,-0.008211764216246196,0.7808802127838135,"[2, 10, 19, 1, 8, 4, 15]","[""BetI/E1"", ""PhlF/P1"", ""SrpR/S4"", ""AmtR/A1"", ""LitR/L1"", ""BM3R1/B2"", ""QacR/Q2""]",0x6D,7
a987d27b,0,4.172750849866957,0.7191687822341919,"[1, 5, 11, 2, 19, 13, 15]","[""AmtR/A1"", ""BM3R1/B3"", ""PhlF/P2"", ""BetI/E1"", ""SrpR/S4"", ""PsrA/R1"", ""QacR/Q2""]",0x6D,7
a987d27b,0,5.05238214469031,0.6275583505630493,"[1, 18, 13, 5, 15, 2, 11]","[""AmtR/A1"", ""SrpR/S3"", ""PsrA/R1"", ""BM3R1/B3"", ""QacR/Q2"", ""BetI/E1"", ""PhlF/P2""]",0x6D,7
a987d27b,0,-0.00590341342925093,0.776308536529541,"[13, 10, 2, 1, 8, 4, 15]","[""PsrA/R1"", ""PhlF/P1"", ""BetI/E1"", ""AmtR/A1"", ""LitR/L1"", ""BM3R1/B2"", ""QacR/Q2""]",0x6D,7
a987d27b,0,5.249761745784225,0.5863749980926514,"[4, 19, 1, 14, 2, 13, 11]","[""BM3R1/B2"", ""SrpR/S4"", ""AmtR/A1"", ""QacR/Q1"", ""BetI/E1"", ""PsrA/R1"", ""PhlF/P2""]",0x6D,7
a987d27b,0,2.0862219283823356,0.7526992559432983,"[2, 1, 11, 4, 19, 0, 15]","[""BetI/E1"", ""AmtR/A1"", ""PhlF/P2"", ""BM3R1/B2"", ""SrpR/S4"", ""AmeR/F1"", ""QacR/Q2""]",0x6D,7
a987d27b,1,2.244901212428044,0.7449848651885986,"[11, 13, 4, 1, 2, 19, 15]","[""PhlF/P2"", ""PsrA/R1"", ""BM3R1/B2"", ""AmtR/A1"", ""BetI/E1"", ""SrpR/S4"", ""QacR/Q2""]",0x6D,7
a987d27b,1,0.3424636048143367,0.7629070281982422,"[4, 11, 1, 19, 0, 15, 2]","[""BM3R1/B2"", ""PhlF/P2"", ""AmtR/A1"", ""SrpR/S4"", ""AmeR/F1"", ""QacR/Q2"", ""BetI/E1""]",0x6D,7
a987d27b,1,1.1036425468682218,0.7557916641235352,"[11, 1, 2, 5, 0, 15, 19]","[""PhlF/P2"", ""AmtR/A1"", ""BetI/E1"", ""BM3R1/B3"", ""AmeR/F1"", ""QacR/Q2"", ""SrpR/S4""]",0x6D,7
a987d27b,1,2.668282643753651,0.7421462535858154,"[11, 5, 19, 1, 2, 15, 13]","[""PhlF/P2"", ""BM3R1/B3"", ""SrpR/S4"", ""AmtR/A1"", ""BetI/E1"", ""QacR/Q2"", ""PsrA/R1""]",0x6D,7
a987d27b,1,2.3826890605739575,0.7448433637619019,"[11, 4, 1, 19, 13, 15, 2]","[""PhlF/P2"", ""BM3R1/B2"", ""AmtR/A1"", ""SrpR/S4"", ""PsrA/R1"", ""QacR/Q2"", ""BetI/E1""]",0x6D,7
a987d27b,1,1.9714339194101036,0.7552266120910645,"[11, 1, 13, 2, 19, 5, 15]","[""PhlF/P2"", ""AmtR/A1"", ""PsrA/R1"", ""BetI/E1"", ""SrpR/S4"", ""BM3R1/B3"", ""QacR/Q2""]",0x6D,7
a987d27b,1,0.03630845637399542,0.7630075216293335,"[19, 13, 2, 1, 10, 5, 15]","[""SrpR/S4"", ""PsrA/R1"", ""BetI/E1"", ""AmtR/A1"", ""PhlF/P1"", ""BM3R1/B3"", ""QacR/Q2""]",0x6D,7
a987d27b,1,5.280103690436651,0.5861890316009521,"[2, 19, 14, 3, 13, 1, 11]","[""BetI/E1"", ""SrpR/S4"", ""QacR/Q1"", ""BM3R1/B1"", ""PsrA/R1"", ""AmtR/A1"", ""PhlF/P2""]",0x6D,7
a987d27b,1,-0.006711991729087972,0.778732180595398,"[17, 5, 1, 10, 15, 2, 9]","[""SrpR/S2"", ""BM3R1/B3"", ""AmtR/A1"", ""PhlF/P1"", ""QacR/Q2"", ""BetI/E1"", ""LmrA/N1""]",0x6D,7
a987d27b,1,3.2730240927273613,0.7411520481109619,"[4, 11, 1, 15, 13, 19, 2]","[""BM3R1/B2"", ""PhlF/P2"", ""AmtR/A1"", ""QacR/Q2"", ""PsrA/R1"", ""SrpR/S4"", ""BetI/E1""]",0x6D,7
a987d27b,1,5.2970392548083,0.4163942635059356,"[2, 19, 14, 3, 7, 13, 11]","[""BetI/E1"", ""SrpR/S4"", ""QacR/Q1"", ""BM3R1/B1"", ""IcaRA/I1"", ""PsrA/R1"", ""PhlF/P2""]",0x6D,7
a987d27b,1,2.6900477547490556,0.7412291765213013,"[11, 1, 13, 2, 15, 5, 19]","[""PhlF/P2"", ""AmtR/A1"", ""PsrA/R1"", ""BetI/E1"", ""QacR/Q2"", ""BM3R1/B3"", ""SrpR/S4""]",0x6D,7
a987d27b,1,4.236193941645991,0.719071626663208,"[1, 15, 19, 5, 13, 2, 11]","[""AmtR/A1"", ""QacR/Q2"", ""SrpR/S4"", ""BM3R1/B3"", ""PsrA/R1"", ""BetI/E1"", ""PhlF/P2""]",0x6D,7
a987d27b,1,3.9545889543690422,0.7323075532913208,"[1, 19, 2, 5, 15, 13, 11]","[""AmtR/A1"", ""SrpR/S4"", ""BetI/E1"", ""BM3R1/B3"", ""QacR/Q2"", ""PsrA/R1"", ""PhlF/P2""]",0x6D,7
a987d27b,1,0.525288764603617,0.7566019296646118,"[11, 19, 2, 1, 15, 5, 0]","[""PhlF/P2"", ""SrpR/S4"", ""BetI/E1"", ""AmtR/A1"", ""QacR/Q2"", ""BM3R1/B3"", ""AmeR/F1""]",0x6D,7
03b5c679,1,9.40728981027648,0.8043701648712158,"[1, 0, 5, 11]","[""AmtR/A1"", ""AmeR/F1"", ""BM3R1/B3"", ""PhlF/P2""]",0xEE,4
03b5c679,1,7.30398665984777,0.8484727740287781,"[1, 4, 2, 11]","[""AmtR/A1"", ""BM3R1/B2"", ""BetI/E1"", ""PhlF/P2""]",0xEE,4
03b5c679,1,9.87085449006726,0.774600088596344,"[1, 4, 16, 11]","[""AmtR/A1"", ""BM3R1/B2"", ""SrpR/S1"", ""PhlF/P2""]",0xEE,4
03b5c679,1,7.53738407212123,0.8474658727645874,"[1, 4, 19, 11]","[""AmtR/A1"", ""BM3R1/B2"", ""SrpR/S4"", ""PhlF/P2""]",0xEE,4
03b5c679,1,7.652469185769166,0.8437624573707581,"[1, 5, 2, 11]","[""AmtR/A1"", ""BM3R1/B3"", ""BetI/E1"", ""PhlF/P2""]",0xEE,4
03b5c679,1,6.0819732453358615,0.8800199031829834,"[1, 5, 10, 2]","[""AmtR/A1"", ""BM3R1/B3"", ""PhlF/P1"", ""BetI/E1""]",0xEE,4
03b5c679,1,10.27193471533923,0.7734704613685608,"[1, 5, 16, 11]","[""AmtR/A1"", ""BM3R1/B3"", ""SrpR/S1"", ""PhlF/P2""]",0xEE,4
03b5c679,1,7.8472349751208474,0.8344765305519104,"[1, 5, 19, 11]","[""AmtR/A1"", ""BM3R1/B3"", ""SrpR/S4"", ""PhlF/P2""]",0xEE,4
03b5c679,1,6.74056166862195,0.8533002734184265,"[1, 10, 2, 15]","[""AmtR/A1"", ""PhlF/P1"", ""BetI/E1"", ""QacR/Q2""]",0xEE,4
03b5c679,1,6.362626373940758,0.8693501353263855,"[1, 10, 4, 2]","[""AmtR/A1"", ""PhlF/P1"", ""BM3R1/B2"", ""BetI/E1""]",0xEE,4
03b5c679,1,6.728121264404029,0.8583400845527649,"[1, 10, 4, 15]","[""AmtR/A1"", ""PhlF/P1"", ""BM3R1/B2"", ""QacR/Q2""]",0xEE,4
03b5c679,1,6.512921021751462,0.8618444800376892,"[1, 10, 5, 2]","[""AmtR/A1"", ""PhlF/P1"", ""BM3R1/B3"", ""BetI/E1""]",0xEE,4
03b5c679,1,6.866502344776126,0.8523460030555725,"[1, 10, 5, 15]","[""AmtR/A1"", ""PhlF/P1"", ""BM3R1/B3"", ""QacR/Q2""]",0xEE,4
03b5c679,1,9.202238186300452,0.8109008073806763,"[1, 17, 5, 11]","[""AmtR/A1"", ""SrpR/S2"", ""BM3R1/B3"", ""PhlF/P2""]",0xEE,4
03b5c679,1,6.185295283511662,0.8762619495391846,"[1, 19, 4, 2]","[""AmtR/A1"", ""SrpR/S4"", ""BM3R1/B2"", ""BetI/E1""]",0xEE,4
03b5c679,1,6.407359836613343,0.8684293627738953,"[1, 19, 5, 2]","[""AmtR/A1"", ""SrpR/S4"", ""BM3R1/B3"", ""BetI/E1""]",0xEE,4
03b5c679,1,9.086786730329644,0.8220134377479553,"[1, 19, 5, 11]","[""AmtR/A1"", ""SrpR/S4"", ""BM3R1/B3"", ""PhlF/P2""]",0xEE,4
03b5c679,1,6.065221685355183,0.8859043717384338,"[1, 19, 10, 2]","[""AmtR/A1"", ""SrpR/S4"", ""PhlF/P1"", ""BetI/E1""]",0xEE,4
03b5c679,1,4.90025425277389,0.8879805207252502,"[2, 4, 15, 19]","[""BetI/E1"", ""BM3R1/B2"", ""QacR/Q2"", ""SrpR/S4""]",0xEE,4
03b5c679,1,5.333633089667352,0.8864697217941284,"[2, 4, 19, 15]","[""BetI/E1"", ""BM3R1/B2"", ""SrpR/S4"", ""QacR/Q2""]",0xEE,4
03b5c679,1,0.7746675369169395,0.9148629307746888,"[10, 4, 15, 2]","[""PhlF/P1"", ""BM3R1/B2"", ""QacR/Q2"", ""BetI/E1""]",0xEE,4
03b5c679,1,0.25416692887310227,0.9161524176597596,"[10, 19, 2, 15]","[""PhlF/P1"", ""SrpR/S4"", ""BetI/E1"", ""QacR/Q2""]",0xEE,4
03b5c679,1,7.113235680757719,0.8491209745407104,"[11, 19, 4, 15]","[""PhlF/P2"", ""SrpR/S4"", ""BM3R1/B2"", ""QacR/Q2""]",0xEE,4
03b5c679,1,4.755120666316458,0.8953407406806946,"[17, 4, 15, 2]","[""SrpR/S2"", ""BM3R1/B2"", ""QacR/Q2"", ""BetI/E1""]",0xEE,4
03b5c679,1,5.2175906439522155,0.8867139220237732,"[17, 10, 15, 2]","[""SrpR/S2"", ""PhlF/P1"", ""QacR/Q2"", ""BetI/E1""]",0xEE,4
0c2c6466,0,8.134684821870827,0.826306164264679,"[4, 2, 11, 1]","[""BM3R1/B2"", ""BetI/E1"", ""PhlF/P2"", ""AmtR/A1""]",0xEE,4
0c2c6466,0,7.186489993216337,0.8710936307907104,"[4, 2, 11, 17]","[""BM3R1/B2"", ""BetI/E1"", ""PhlF/P2"", ""SrpR/S2""]",0xEE,4
0c2c6466,0,6.50114958387885,0.8916270732879639,"[4, 2, 15, 11]","[""BM3R1/B2"", ""BetI/E1"", ""QacR/Q2"", ""PhlF/P2""]",0xEE,4
0c2c6466,0,6.911688583314566,0.8821308016777039,"[4, 2, 19, 11]","[""BM3R1/B2"", ""BetI/E1"", ""SrpR/S4"", ""PhlF/P2""]",0xEE,4
0c2c6466,0,5.425128421890636,0.9055079221725464,"[4, 10, 2, 15]","[""BM3R1/B2"", ""PhlF/P1"", ""BetI/E1"", ""QacR/Q2""]",0xEE,4
0c2c6466,0,8.189261891564085,0.8059005737304688,"[4, 15, 11, 1]","[""BM3R1/B2"", ""QacR/Q2"", ""PhlF/P2"", ""AmtR/A1""]",0xEE,4
0c2c6466,0,8.570634454124901,0.7818318009376526,"[4, 15, 11, 13]","[""BM3R1/B2"", ""QacR/Q2"", ""PhlF/P2"", ""PsrA/R1""]",0xEE,4
0c2c6466,0,6.759877417504127,0.8862708210945129,"[4, 19, 2, 11]","[""BM3R1/B2"", ""SrpR/S4"", ""BetI/E1"", ""PhlF/P2""]",0xEE,4
0c2c6466,0,8.51136540052913,0.7894974946975708,"[4, 19, 11, 13]","[""BM3R1/B2"", ""SrpR/S4"", ""PhlF/P2"", ""PsrA/R1""]",0xEE,4
0c2c6466,0,7.936351012523846,0.857485294342041,"[4, 19, 11, 15]","[""BM3R1/B2"", ""SrpR/S4"", ""PhlF/P2"", ""QacR/Q2""]",0xEE,4
0c2c6466,0,8.809821892838684,0.7083731293678284,"[8, 15, 11, 13]","[""LitR/L1"", ""QacR/Q2"", ""PhlF/P2"", ""PsrA/R1""]",0xEE,4
0c2c6466,0,8.669291992458525,0.7510695457458496,"[9, 2, 11, 13]","[""LmrA/N1"", ""BetI/E1"", ""PhlF/P2"", ""PsrA/R1""]",0xEE,4
0c2c6466,0,8.19048105338588,0.8050402402877808,"[9, 2, 11, 19]","[""LmrA/N1"", ""BetI/E1"", ""PhlF/P2"", ""SrpR/S4""]",0xEE,4
0c2c6466,0,8.548744196843105,0.7829635143280029,"[9, 4, 11, 13]","[""LmrA/N1"", ""BM3R1/B2"", ""PhlF/P2"", ""PsrA/R1""]",0xEE,4
0c2c6466,0,8.80424596103612,0.7477111220359802,"[9, 15, 11, 13]","[""LmrA/N1"", ""QacR/Q2"", ""PhlF/P2"", ""PsrA/R1""]",0xEE,4
0c2c6466,0,8.619346842359038,0.7537172436714172,"[9, 17, 11, 13]","[""LmrA/N1"", ""SrpR/S2"", ""PhlF/P2"", ""PsrA/R1""]",0xEE,4
0c2c6466,0,8.678121263289093,0.7510608434677124,"[9, 19, 11, 13]","[""LmrA/N1"", ""SrpR/S4"", ""PhlF/P2"", ""PsrA/R1""]",0xEE,4
0c2c6466,0,8.262518279578428,0.802812933921814,"[9, 19, 11, 15]","[""LmrA/N1"", ""SrpR/S4"", ""PhlF/P2"", ""QacR/Q2""]",0xEE,4
0c2c6466,0,5.613867908379274,0.8932280540466309,"[10, 2, 19, 4]","[""PhlF/P1"", ""BetI/E1"", ""SrpR/S4"", ""BM3R1/B2""]",0xEE,4
0c2c6466,0,8.84830506655143,0.6785799860954285,"[16, 15, 11, 13]","[""SrpR/S1"", ""QacR/Q2"", ""PhlF/P2"", ""PsrA/R1""]",0xEE,4
0c2c6466,0,6.591047010323219,0.8897404670715332,"[19, 4, 2, 11]","[""SrpR/S4"", ""BM3R1/B2"", ""BetI/E1"", ""PhlF/P2""]",0xEE,4
0c2c6466,0,8.460601876683837,0.8026127815246582,"[19, 4, 11, 13]","[""SrpR/S4"", ""BM3R1/B2"", ""PhlF/P2"", ""PsrA/R1""]",0xEE,4
0dc43646,1,9.350138102610131,0.8232406973838806,"[1, 2, 4, 11]","[""AmtR/A1"", ""BetI/E1"", ""BM3R1/B2"", ""PhlF/P2""]",0xEE,4
0dc43646,1,9.331837607957393,0.826495885848999,"[1, 2, 5, 11]","[""AmtR/A1"", ""BetI/E1"", ""BM3R1/B3"", ""PhlF/P2""]",0xEE,4
0dc43646,1,9.58560763536221,0.7509990334510803,"[1, 2, 16, 11]","[""AmtR/A1"", ""BetI/E1"", ""SrpR/S1"", ""PhlF/P2""]",0xEE,4
0dc43646,1,6.27739993032331,0.872062087059021,"[1, 4, 10, 2]","[""AmtR/A1"", ""BM3R1/B2"", ""PhlF/P1"", ""BetI/E1""]",0xEE,4
0dc43646,1,6.3694302781442875,0.8649622797966003,"[1, 4, 10, 15]","[""AmtR/A1"", ""BM3R1/B2"", ""PhlF/P1"", ""QacR/Q2""]",0xEE,4
0dc43646,1,8.124435782658505,0.8548069596290588,"[1, 4, 19, 11]","[""AmtR/A1"", ""BM3R1/B2"", ""SrpR/S4"", ""PhlF/P2""]",0xEE,4
0dc43646,1,9.653024025526369,0.5434110760688782,"[1, 7, 16, 11]","[""AmtR/A1"", ""IcaRA/I1"", ""SrpR/S1"", ""PhlF/P2""]",0xEE,4
0dc43646,1,9.609404777424434,0.7152833938598633,"[1, 13, 16, 11]","[""AmtR/A1"", ""PsrA/R1"", ""SrpR/S1"", ""PhlF/P2""]",0xEE,4
0dc43646,1,9.355575585898292,0.8211946487426758,"[1, 15, 5, 11]","[""AmtR/A1"", ""QacR/Q2"", ""BM3R1/B3"", ""PhlF/P2""]",0xEE,4
0dc43646,1,9.117247393529825,0.8268062472343445,"[1, 15, 19, 11]","[""AmtR/A1"", ""QacR/Q2"", ""SrpR/S4"", ""PhlF/P2""]",0xEE,4
0dc43646,1,9.457604569325177,0.818864107131958,"[1, 17, 4, 11]","[""AmtR/A1"", ""SrpR/S2"", ""BM3R1/B2"", ""PhlF/P2""]",0xEE,4
0dc43646,1,2.3936689335165893,0.8827850222587585,"[5, 2, 10, 15]","[""BM3R1/B3"", ""BetI/E1"", ""PhlF/P1"", ""QacR/Q2""]",0xEE,4
0dc43646,1,-0.19987740572457338,0.8906428813934326,"[10, 2, 5, 15]","[""PhlF/P1"", ""BetI/E1"", ""BM3R1/B3"", ""QacR/Q2""]",0xEE,4
0dc43646,1,-0.2940822790038312,0.902677059173584,"[10, 4, 15, 2]","[""PhlF/P1"", ""BM3R1/B2"", ""QacR/Q2"", ""BetI/E1""]",0xEE,4
0dc43646,1,-0.008571228936565076,0.889677882194519,"[10, 19, 4, 2]","[""PhlF/P1"", ""SrpR/S4"", ""BM3R1/B2"", ""BetI/E1""]",0xEE,4
0dc43646,1,6.613697866260977,0.8614122867584229,"[12, 4, 15, 2]","[""PhlF/P3"", ""BM3R1/B2"", ""QacR/Q2"", ""BetI/E1""]",0xEE,4
0dc43646,1,6.882704985106345,0.8574002981185913,"[12, 4, 19, 15]","[""PhlF/P3"", ""BM3R1/B2"", ""SrpR/S4"", ""QacR/Q2""]",0xEE,4
0dc43646,1,6.505008417932656,0.8643776774406433,"[13, 4, 10, 15]","[""PsrA/R1"", ""BM3R1/B2"", ""PhlF/P1"", ""QacR/Q2""]",0xEE,4
0dc43646,1,8.464018819042082,0.8327577114105225,"[15, 2, 5, 11]","[""QacR/Q2"", ""BetI/E1"", ""BM3R1/B3"", ""PhlF/P2""]",0xEE,4
0dc43646,1,3.4776448894818395,0.8815397024154663,"[15, 4, 2, 19]","[""QacR/Q2"", ""BM3R1/B2"", ""BetI/E1"", ""SrpR/S4""]",0xEE,4
0dc43646,1,5.857379286214948,0.8779205083847046,"[15, 4, 10, 2]","[""QacR/Q2"", ""BM3R1/B2"", ""PhlF/P1"", ""BetI/E1""]",0xEE,4
0dc43646,1,5.089715066722796,0.8814340829849243,"[15, 4, 10, 19]","[""QacR/Q2"", ""BM3R1/B2"", ""PhlF/P1"", ""SrpR/S4""]",0xEE,4
0dc43646,1,5.716397069789548,0.880191445350647,"[19, 4, 10, 2]","[""SrpR/S4"", ""BM3R1/B2"", ""PhlF/P1"", ""BetI/E1""]",0xEE,4
1b87f351,1,5.906539249601392,0.9337029457092284,"[2, 1, 4, 15]","[""BetI/E1"", ""AmtR/A1"", ""BM3R1/B2"", ""QacR/Q2""]",0xEE,4
1b87f351,1,5.560187623433299,0.9381861686706544,"[2, 15, 10, 19]","[""BetI/E1"", ""QacR/Q2"", ""PhlF/P1"", ""SrpR/S4""]",0xEE,4
1b87f351,1,5.376202244968652,0.9460616111755372,"[5, 1, 10, 15]","[""BM3R1/B3"", ""AmtR/A1"", ""PhlF/P1"", ""QacR/Q2""]",0xEE,4
1b87f351,1,6.067544979346928,0.9272329211235046,"[5, 1, 19, 15]","[""BM3R1/B3"", ""AmtR/A1"", ""SrpR/S4"", ""QacR/Q2""]",0xEE,4
1b87f351,1,-0.15058287206196933,0.954126000404358,"[8, 2, 4, 10]","[""LitR/L1"", ""BetI/E1"", ""BM3R1/B2"", ""PhlF/P1""]",0xEE,4
1b87f351,1,8.91855100807491,0.7769860029220581,"[11, 1, 2, 14]","[""PhlF/P2"", ""AmtR/A1"", ""BetI/E1"", ""QacR/Q1""]",0xEE,4
1b87f351,1,9.294289662923271,0.7735592126846313,"[11, 1, 3, 14]","[""PhlF/P2"", ""AmtR/A1"", ""BM3R1/B1"", ""QacR/Q1""]",0xEE,4
1b87f351,1,8.70081781875152,0.8058908581733704,"[11, 1, 3, 15]","[""PhlF/P2"", ""AmtR/A1"", ""BM3R1/B1"", ""QacR/Q2""]",0xEE,4
1b87f351,1,9.321024834474029,0.7727663516998291,"[11, 1, 4, 14]","[""PhlF/P2"", ""AmtR/A1"", ""BM3R1/B2"", ""QacR/Q1""]",0xEE,4
1b87f351,1,8.681259433309156,0.8912613391876221,"[11, 1, 4, 15]","[""PhlF/P2"", ""AmtR/A1"", ""BM3R1/B2"", ""QacR/Q2""]",0xEE,4
1b87f351,1,8.816273833771614,0.7968578338623047,"[11, 2, 3, 1]","[""PhlF/P2"", ""BetI/E1"", ""BM3R1/B1"", ""AmtR/A1""]",0xEE,4
1b87f351,1,9.22412992269011,0.7752685546875,"[11, 2, 4, 14]","[""PhlF/P2"", ""BetI/E1"", ""BM3R1/B2"", ""QacR/Q1""]",0xEE,4
1b87f351,1,8.584488323963962,0.902022659778595,"[11, 2, 4, 15]","[""PhlF/P2"", ""BetI/E1"", ""BM3R1/B2"", ""QacR/Q2""]",0xEE,4
1b87f351,1,9.430107819363519,0.5558979511260986,"[11, 7, 3, 1]","[""PhlF/P2"", ""IcaRA/I1"", ""BM3R1/B1"", ""AmtR/A1""]",0xEE,4
1b87f351,1,5.47450236034253,0.94430410861969,"[15, 1, 10, 2]","[""QacR/Q2"", ""AmtR/A1"", ""PhlF/P1"", ""BetI/E1""]",0xEE,4
1b87f351,1,5.290465805106189,0.9485141038894652,"[15, 5, 10, 2]","[""QacR/Q2"", ""BM3R1/B3"", ""PhlF/P1"", ""BetI/E1""]",0xEE,4
20e11378,1,-0.15741208080507815,0.884045422077179,"[1, 4, 19, 10]","[""AmtR/A1"", ""BM3R1/B2"", ""SrpR/S4"", ""PhlF/P1""]",0xEE,4
20e11378,1,6.65038225128226,0.8155642151832581,"[5, 2, 19, 11]","[""BM3R1/B3"", ""BetI/E1"", ""SrpR/S4"", ""PhlF/P2""]",0xEE,4
20e11378,1,6.080194909456732,0.8378371596336365,"[5, 2, 19, 15]","[""BM3R1/B3"", ""BetI/E1"", ""SrpR/S4"", ""QacR/Q2""]",0xEE,4
20e11378,1,6.188257865375157,0.832507848739624,"[5, 11, 19, 15]","[""BM3R1/B3"", ""PhlF/P2"", ""SrpR/S4"", ""QacR/Q2""]",0xEE,4
20e11378,1,7.9160054398158115,0.7541526556015015,"[11, 0, 5, 15]","[""PhlF/P2"", ""AmeR/F1"", ""BM3R1/B3"", ""QacR/Q2""]",0xEE,4
20e11378,1,8.425246257980463,0.7231093049049377,"[11, 1, 4, 13]","[""PhlF/P2"", ""AmtR/A1"", ""BM3R1/B2"", ""PsrA/R1""]",0xEE,4
20e11378,1,8.628483253712142,0.6489612460136414,"[11, 1, 16, 13]","[""PhlF/P2"", ""AmtR/A1"", ""SrpR/S1"", ""PsrA/R1""]",0xEE,4
20e11378,1,8.486557268374305,0.7187414765357971,"[11, 2, 5, 13]","[""PhlF/P2"", ""BetI/E1"", ""BM3R1/B3"", ""PsrA/R1""]",0xEE,4
20e11378,1,8.529187339472704,0.6537038087844849,"[11, 2, 16, 13]","[""PhlF/P2"", ""BetI/E1"", ""SrpR/S1"", ""PsrA/R1""]",0xEE,4
20e11378,1,8.083945903419965,0.7356950044631958,"[11, 2, 19, 13]","[""PhlF/P2"", ""BetI/E1"", ""SrpR/S4"", ""PsrA/R1""]",0xEE,4
20e11378,1,7.63113308299548,0.7922845482826233,"[11, 2, 19, 15]","[""PhlF/P2"", ""BetI/E1"", ""SrpR/S4"", ""QacR/Q2""]",0xEE,4
20e11378,1,6.715126638333322,0.7978487610816956,"[11, 4, 1, 2]","[""PhlF/P2"", ""BM3R1/B2"", ""AmtR/A1"", ""BetI/E1""]",0xEE,4
20e11378,1,6.694579150584051,0.8106814026832581,"[11, 4, 19, 15]","[""PhlF/P2"", ""BM3R1/B2"", ""SrpR/S4"", ""QacR/Q2""]",0xEE,4
20e11378,1,8.50301421409379,0.6555271744728088,"[11, 5, 16, 13]","[""PhlF/P2"", ""BM3R1/B3"", ""SrpR/S1"", ""PsrA/R1""]",0xEE,4
20e11378,1,8.294634069269843,0.7281330823898315,"[11, 17, 4, 13]","[""PhlF/P2"", ""SrpR/S2"", ""BM3R1/B2"", ""PsrA/R1""]",0xEE,4
20e11378,1,7.33019995323448,0.7938999533653259,"[11, 17, 5, 2]","[""PhlF/P2"", ""SrpR/S2"", ""BM3R1/B3"", ""BetI/E1""]",0xEE,4
20e11378,1,8.357933705267985,0.726604163646698,"[11, 17, 5, 13]","[""PhlF/P2"", ""SrpR/S2"", ""BM3R1/B3"", ""PsrA/R1""]",0xEE,4
20e11378,1,7.903618483587845,0.7801145911216736,"[11, 17, 5, 15]","[""PhlF/P2"", ""SrpR/S2"", ""BM3R1/B3"", ""QacR/Q2""]",0xEE,4
20e11378,1,8.46543823968858,0.7210891842842102,"[11, 19, 5, 13]","[""PhlF/P2"", ""SrpR/S4"", ""BM3R1/B3"", ""PsrA/R1""]",0xEE,4
20e11378,1,-0.144498158371453,0.8657293915748596,"[15, 4, 2, 10]","[""QacR/Q2"", ""BM3R1/B2"", ""BetI/E1"", ""PhlF/P1""]",0xEE,4
20e11378,1,5.149654565646848,0.8623012900352478,"[15, 4, 10, 1]","[""QacR/Q2"", ""BM3R1/B2"", ""PhlF/P1"", ""AmtR/A1""]",0xEE,4
20e11378,1,6.253206941958237,0.8246728777885437,"[15, 4, 10, 13]","[""QacR/Q2"", ""BM3R1/B2"", ""PhlF/P1"", ""PsrA/R1""]",0xEE,4
20e11378,1,3.61897924797191,0.8637108206748962,"[15, 4, 19, 2]","[""QacR/Q2"", ""BM3R1/B2"", ""SrpR/S4"", ""BetI/E1""]",0xEE,4
20e11378,1,-0.1683528512949097,0.8840913772583008,"[15, 4, 19, 10]","[""QacR/Q2"", ""BM3R1/B2"", ""SrpR/S4"", ""PhlF/P1""]",0xEE,4
20e11378,1,6.328623983188035,0.8188520669937134,"[15, 19, 4, 11]","[""QacR/Q2"", ""SrpR/S4"", ""BM3R1/B2"", ""PhlF/P2""]",0xEE,4
20e11378,1,5.564370018047248,0.8536407351493835,"[19, 4, 10, 2]","[""SrpR/S4"", ""BM3R1/B2"", ""PhlF/P1"", ""BetI/E1""]",0xEE,4
20e11378,1,5.827918509517205,0.8418340682983398,"[19, 4, 10, 15]","[""SrpR/S4"", ""BM3R1/B2"", ""PhlF/P1"", ""QacR/Q2""]",0xEE,4
0367de62,1,3.3348672451853156,0.8721519708633423,"[1, 5, 10, 2, 19]","[""AmtR/A1"", ""BM3R1/B3"", ""PhlF/P1"", ""BetI/E1"", ""SrpR/S4""]",0xEE,5
0367de62,1,6.150116035675665,0.8452404737472534,"[2, 11, 4, 15, 19]","[""BetI/E1"", ""PhlF/P2"", ""BM3R1/B2"", ""QacR/Q2"", ""SrpR/S4""]",0xEE,5
0367de62,1,6.241671178350105,0.8383927345275879,"[2, 12, 4, 15, 19]","[""BetI/E1"", ""PhlF/P3"", ""BM3R1/B2"", ""QacR/Q2"", ""SrpR/S4""]",0xEE,5
0367de62,1,7.312175433404185,0.808756947517395,"[11, 2, 1, 15, 4]","[""PhlF/P2"", ""BetI/E1"", ""AmtR/A1"", ""QacR/Q2"", ""BM3R1/B2""]",0xEE,5
0367de62,1,7.248400732080013,0.814655065536499,"[11, 2, 1, 15, 5]","[""PhlF/P2"", ""BetI/E1"", ""AmtR/A1"", ""QacR/Q2"", ""BM3R1/B3""]",0xEE,5
0367de62,1,7.157935288804709,0.817108154296875,"[11, 2, 1, 15, 19]","[""PhlF/P2"", ""BetI/E1"", ""AmtR/A1"", ""QacR/Q2"", ""SrpR/S4""]",0xEE,5
0367de62,1,7.064578484506295,0.8283936977386475,"[11, 2, 4, 15, 19]","[""PhlF/P2"", ""BetI/E1"", ""BM3R1/B2"", ""QacR/Q2"", ""SrpR/S4""]",0xEE,5
0367de62,1,7.277426465168091,0.8092930316925049,"[11, 2, 17, 15, 5]","[""PhlF/P2"", ""BetI/E1"", ""SrpR/S2"", ""QacR/Q2"", ""BM3R1/B3""]",0xEE,5
0367de62,1,7.309431388825205,0.8091305494308472,"[11, 2, 19, 15, 4]","[""PhlF/P2"", ""BetI/E1"", ""SrpR/S4"", ""QacR/Q2"", ""BM3R1/B2""]",0xEE,5
0367de62,1,8.6012570987787,0.6446883678436279,"[11, 13, 0, 9, 3]","[""PhlF/P2"", ""PsrA/R1"", ""AmeR/F1"", ""LmrA/N1"", ""BM3R1/B1""]",0xEE,5
0367de62,1,8.544203681221436,0.7284227609634399,"[11, 13, 1, 14, 5]","[""PhlF/P2"", ""PsrA/R1"", ""AmtR/A1"", ""QacR/Q1"", ""BM3R1/B3""]",0xEE,5
0367de62,1,8.514062431547455,0.7528212070465088,"[11, 13, 1, 15, 5]","[""PhlF/P2"", ""PsrA/R1"", ""AmtR/A1"", ""QacR/Q2"", ""BM3R1/B3""]",0xEE,5
0367de62,1,8.51907542229884,0.7523428201675415,"[11, 13, 1, 19, 5]","[""PhlF/P2"", ""PsrA/R1"", ""AmtR/A1"", ""SrpR/S4"", ""BM3R1/B3""]",0xEE,5
0367de62,1,8.296898007773656,0.7755564451217651,"[11, 13, 5, 2, 19]","[""PhlF/P2"", ""PsrA/R1"", ""BM3R1/B3"", ""BetI/E1"", ""SrpR/S4""]",0xEE,5
0367de62,1,8.375244569271471,0.7723616361618042,"[11, 13, 5, 15, 19]","[""PhlF/P2"", ""PsrA/R1"", ""BM3R1/B3"", ""QacR/Q2"", ""SrpR/S4""]",0xEE,5
0367de62,1,8.56456283616474,0.7114644050598145,"[11, 13, 9, 15, 5]","[""PhlF/P2"", ""PsrA/R1"", ""LmrA/N1"", ""QacR/Q2"", ""BM3R1/B3""]",0xEE,5
0367de62,1,8.587773511216602,0.6806732416152954,"[11, 13, 9, 19, 3]","[""PhlF/P2"", ""PsrA/R1"", ""LmrA/N1"", ""SrpR/S4"", ""BM3R1/B1""]",0xEE,5
0367de62,1,8.582942354661864,0.686998724937439,"[11, 13, 15, 1, 3]","[""PhlF/P2"", ""PsrA/R1"", ""QacR/Q2"", ""AmtR/A1"", ""BM3R1/B1""]",0xEE,5
0367de62,1,8.503704444856815,0.7577555179595947,"[11, 13, 15, 2, 4]","[""PhlF/P2"", ""PsrA/R1"", ""QacR/Q2"", ""BetI/E1"", ""BM3R1/B2""]",0xEE,5
0367de62,1,8.576360245446077,0.7095565795898438,"[11, 13, 17, 1, 3]","[""PhlF/P2"", ""PsrA/R1"", ""SrpR/S2"", ""AmtR/A1"", ""BM3R1/B1""]",0xEE,5
0367de62,1,8.427438430716771,0.760584831237793,"[11, 13, 17, 2, 5]","[""PhlF/P2"", ""PsrA/R1"", ""SrpR/S2"", ""BetI/E1"", ""BM3R1/B3""]",0xEE,5
0367de62,1,8.533539575798423,0.7384817600250244,"[11, 13, 19, 15, 5]","[""PhlF/P2"", ""PsrA/R1"", ""SrpR/S4"", ""QacR/Q2"", ""BM3R1/B3""]",0xEE,5
0367de62,1,7.746177950333838,0.8044583797454834,"[11, 15, 1, 2, 19]","[""PhlF/P2"", ""QacR/Q2"", ""AmtR/A1"", ""BetI/E1"", ""SrpR/S4""]",0xEE,5
0367de62,1,7.81614392666085,0.7961164712905884,"[11, 15, 1, 19, 5]","[""PhlF/P2"", ""QacR/Q2"", ""AmtR/A1"", ""SrpR/S4"", ""BM3R1/B3""]",0xEE,5
0367de62,1,7.724684124598522,0.807317852973938,"[11, 15, 4, 2, 19]","[""PhlF/P2"", ""QacR/Q2"", ""BM3R1/B2"", ""BetI/E1"", ""SrpR/S4""]",0xEE,5
0367de62,1,1.9239205339756464,0.8856486082077026,"[15, 4, 10, 2, 19]","[""QacR/Q2"", ""BM3R1/B2"", ""PhlF/P1"", ""BetI/E1"", ""SrpR/S4""]",0xEE,5
0367de62,1,1.8583555602956097,0.8981114625930786,"[15, 5, 10, 2, 19]","[""QacR/Q2"", ""BM3R1/B3"", ""PhlF/P1"", ""BetI/E1"", ""SrpR/S4""]",0xEE,5
0367de62,1,6.4049849555084055,0.8327925205230713,"[15, 11, 19, 2, 4]","[""QacR/Q2"", ""PhlF/P2"", ""SrpR/S4"", ""BetI/E1"", ""BM3R1/B2""]",0xEE,5
0367de62,1,6.544113689804524,0.8315112590789795,"[15, 12, 19, 2, 4]","[""QacR/Q2"", ""PhlF/P3"", ""SrpR/S4"", ""BetI/E1"", ""BM3R1/B2""]",0xEE,5
0367de62,1,4.5909813596043705,0.8718581199645996,"[15, 19, 4, 2, 10]","[""QacR/Q2"", ""SrpR/S4"", ""BM3R1/B2"", ""BetI/E1"", ""PhlF/P1""]",0xEE,5
0367de62,1,5.888797492803033,0.856208324432373,"[19, 2, 4, 1, 10]","[""SrpR/S4"", ""BetI/E1"", ""BM3R1/B2"", ""AmtR/A1"", ""PhlF/P1""]",0xEE,5
0367de62,1,5.74556190446961,0.8681600093841553,"[19, 2, 4, 15, 10]","[""SrpR/S4"", ""BetI/E1"", ""BM3R1/B2"", ""QacR/Q2"", ""PhlF/P1""]",0xEE,5
0367de62,1,6.832795100757322,0.8299316167831421,"[19, 11, 2, 15, 4]","[""SrpR/S4"", ""PhlF/P2"", ""BetI/E1"", ""QacR/Q2"", ""BM3R1/B2""]",0xEE,5
0367de62,1,5.958183190608921,0.8509420156478882,"[19, 15, 4, 1, 10]","[""SrpR/S4"", ""QacR/Q2"", ""BM3R1/B2"", ""AmtR/A1"", ""PhlF/P1""]",0xEE,5
0367de62,1,5.891676179278902,0.8554649353027344,"[19, 15, 4, 2, 10]","[""SrpR/S4"", ""QacR/Q2"", ""BM3R1/B2"", ""BetI/E1"", ""PhlF/P1""]",0xEE,5
0392d2d2,1,10.10668225917967,0.6885652542114258,"[1, 0, 4, 16, 11]","[""AmtR/A1"", ""AmeR/F1"", ""BM3R1/B2"", ""SrpR/S1"", ""PhlF/P2""]",0xEE,5
0392d2d2,1,9.138520708249544,0.8187172412872314,"[1, 2, 8, 5, 11]","[""AmtR/A1"", ""BetI/E1"", ""LitR/L1"", ""BM3R1/B3"", ""PhlF/P2""]",0xEE,5
0392d2d2,1,8.545065804596927,0.8324581384658813,"[1, 2, 15, 4, 11]","[""AmtR/A1"", ""BetI/E1"", ""QacR/Q2"", ""BM3R1/B2"", ""PhlF/P2""]",0xEE,5
0392d2d2,1,9.091940706747557,0.8198838233947754,"[1, 2, 15, 5, 11]","[""AmtR/A1"", ""BetI/E1"", ""QacR/Q2"", ""BM3R1/B3"", ""PhlF/P2""]",0xEE,5
0392d2d2,1,7.65893786355515,0.840766966342926,"[1, 4, 2, 19, 11]","[""AmtR/A1"", ""BM3R1/B2"", ""BetI/E1"", ""SrpR/S4"", ""PhlF/P2""]",0xEE,5
0392d2d2,1,10.053699886070248,0.7528797388076782,"[1, 4, 6, 16, 11]","[""AmtR/A1"", ""BM3R1/B2"", ""HlyIIR/H1"", ""SrpR/S1"", ""PhlF/P2""]",0xEE,5
0392d2d2,1,5.920066125277787,0.8676876425743103,"[1, 4, 15, 10, 2]","[""AmtR/A1"", ""BM3R1/B2"", ""QacR/Q2"", ""PhlF/P1"", ""BetI/E1""]",0xEE,5
0392d2d2,1,5.763083774266836,0.8689274787902832,"[1, 4, 15, 10, 19]","[""AmtR/A1"", ""BM3R1/B2"", ""QacR/Q2"", ""PhlF/P1"", ""SrpR/S4""]",0xEE,5
0392d2d2,1,7.5994494571535185,0.8458359837532043,"[1, 4, 15, 19, 11]","[""AmtR/A1"", ""BM3R1/B2"", ""QacR/Q2"", ""SrpR/S4"", ""PhlF/P2""]",0xEE,5
0392d2d2,1,6.108101347328977,0.8592953681945801,"[1, 4, 18, 10, 15]","[""AmtR/A1"", ""BM3R1/B2"", ""SrpR/S3"", ""PhlF/P1"", ""QacR/Q2""]",0xEE,5
0392d2d2,1,10.080905823943535,0.7247809767723083,"[1, 5, 6, 16, 11]","[""AmtR/A1"", ""BM3R1/B3"", ""HlyIIR/H1"", ""SrpR/S1"", ""PhlF/P2""]",0xEE,5
0392d2d2,1,6.014257535407467,0.8635719418525696,"[1, 5, 18, 10, 15]","[""AmtR/A1"", ""BM3R1/B3"", ""SrpR/S3"", ""PhlF/P1"", ""QacR/Q2""]",0xEE,5
0392d2d2,1,9.30422583157039,0.7602839469909668,"[1, 8, 2, 5, 11]","[""AmtR/A1"", ""LitR/L1"", ""BetI/E1"", ""BM3R1/B3"", ""PhlF/P2""]",0xEE,5
0392d2d2,1,9.317034672554728,0.7591453790664673,"[1, 8, 15, 5, 11]","[""AmtR/A1"", ""LitR/L1"", ""QacR/Q2"", ""BM3R1/B3"", ""PhlF/P2""]",0xEE,5
0392d2d2,1,10.13893467867353,0.682387113571167,"[1, 8, 15, 16, 11]","[""AmtR/A1"", ""LitR/L1"", ""QacR/Q2"", ""SrpR/S1"", ""PhlF/P2""]",0xEE,5
0392d2d2,1,9.24379067338711,0.7715041637420654,"[1, 9, 19, 5, 11]","[""AmtR/A1"", ""LmrA/N1"", ""SrpR/S4"", ""BM3R1/B3"", ""PhlF/P2""]",0xEE,5
0392d2d2,1,6.2413424082696345,0.8516212701797485,"[1, 10, 8, 5, 2]","[""AmtR/A1"", ""PhlF/P1"", ""LitR/L1"", ""BM3R1/B3"", ""BetI/E1""]",0xEE,5
0392d2d2,1,5.925493773375872,0.8659449815750122,"[1, 10, 15, 4, 2]","[""AmtR/A1"", ""PhlF/P1"", ""QacR/Q2"", ""BM3R1/B2"", ""BetI/E1""]",0xEE,5
0392d2d2,1,8.667771641954838,0.8258482813835144,"[1, 17, 2, 4, 11]","[""AmtR/A1"", ""SrpR/S2"", ""BetI/E1"", ""BM3R1/B2"", ""PhlF/P2""]",0xEE,5
0392d2d2,1,8.576608898757,0.8259626030921936,"[1, 17, 15, 4, 11]","[""AmtR/A1"", ""SrpR/S2"", ""QacR/Q2"", ""BM3R1/B2"", ""PhlF/P2""]",0xEE,5
0392d2d2,1,9.141742634529441,0.8064262270927429,"[1, 19, 2, 5, 11]","[""AmtR/A1"", ""SrpR/S4"", ""BetI/E1"", ""BM3R1/B3"", ""PhlF/P2""]",0xEE,5
0392d2d2,1,9.202939261791165,0.8017303943634033,"[1, 19, 8, 5, 11]","[""AmtR/A1"", ""SrpR/S4"", ""LitR/L1"", ""BM3R1/B3"", ""PhlF/P2""]",0xEE,5
0392d2d2,1,5.458960121518275,0.8698217868804932,"[2, 4, 10, 19, 15]","[""BetI/E1"", ""BM3R1/B2"", ""PhlF/P1"", ""SrpR/S4"", ""QacR/Q2""]",0xEE,5
0392d2d2,1,5.102204644156452,0.8822805285453796,"[2, 4, 15, 10, 19]","[""BetI/E1"", ""BM3R1/B2"", ""QacR/Q2"", ""PhlF/P1"", ""SrpR/S4""]",0xEE,5
0392d2d2,1,6.517585054574429,0.8515075445175171,"[2, 4, 15, 19, 11]","[""BetI/E1"", ""BM3R1/B2"", ""QacR/Q2"", ""SrpR/S4"", ""PhlF/P2""]",0xEE,5
0392d2d2,1,2.8271511704290107,0.8827812671661377,"[5, 19, 1, 10, 15]","[""BM3R1/B3"", ""SrpR/S4"", ""AmtR/A1"", ""PhlF/P1"", ""QacR/Q2""]",0xEE,5
0392d2d2,1,1.11612515544454,0.8883339166641235,"[10, 4, 6, 15, 1]","[""PhlF/P1"", ""BM3R1/B2"", ""HlyIIR/H1"", ""QacR/Q2"", ""AmtR/A1""]",0xEE,5
0392d2d2,1,0.421012470417611,0.8885717988014221,"[10, 4, 6, 15, 8]","[""PhlF/P1"", ""BM3R1/B2"", ""HlyIIR/H1"", ""QacR/Q2"", ""LitR/L1""]",0xEE,5
0392d2d2,1,-0.07658219516628974,0.8915514945983887,"[10, 4, 15, 19, 2]","[""PhlF/P1"", ""BM3R1/B2"", ""QacR/Q2"", ""SrpR/S4"", ""BetI/E1""]",0xEE,5
0392d2d2,1,10.144553537453078,0.5377612709999084,"[14, 8, 0, 16, 11]","[""QacR/Q1"", ""LitR/L1"", ""AmeR/F1"", ""SrpR/S1"", ""PhlF/P2""]",0xEE,5
0392d2d2,1,8.144760296036612,0.8349189758300781,"[19, 2, 15, 4, 11]","[""SrpR/S4"", ""BetI/E1"", ""QacR/Q2"", ""BM3R1/B2"", ""PhlF/P2""]",0xEE,5
127e231c,0,9.623534584805359,0.7601237893104553,"[1, 3, 2, 19, 11]","[""AmtR/A1"", ""BM3R1/B1"", ""BetI/E1"", ""SrpR/S4"", ""PhlF/P2""]",0xEE,5
127e231c,0,9.377678801677122,0.7648395299911499,"[1, 3, 15, 19, 11]","[""AmtR/A1"", ""BM3R1/B1"", ""QacR/Q2"", ""SrpR/S4"", ""PhlF/P2""]",0xEE,5
127e231c,0,9.14524292855217,0.7673946619033813,"[1, 3, 19, 15, 11]","[""AmtR/A1"", ""BM3R1/B1"", ""SrpR/S4"", ""QacR/Q2"", ""PhlF/P2""]",0xEE,5
127e231c,0,6.3191613384173175,0.849290132522583,"[1, 4, 2, 10, 15]","[""AmtR/A1"", ""BM3R1/B2"", ""BetI/E1"", ""PhlF/P1"", ""QacR/Q2""]",0xEE,5
127e231c,0,6.514845498851643,0.8422785997390747,"[1, 4, 2, 19, 15]","[""AmtR/A1"", ""BM3R1/B2"", ""BetI/E1"", ""SrpR/S4"", ""QacR/Q2""]",0xEE,5
127e231c,0,7.102091844542799,0.8310567140579224,"[1, 4, 15, 2, 11]","[""AmtR/A1"", ""BM3R1/B2"", ""QacR/Q2"", ""BetI/E1"", ""PhlF/P2""]",0xEE,5
127e231c,0,6.373811972664476,0.8462459444999695,"[1, 4, 19, 10, 15]","[""AmtR/A1"", ""BM3R1/B2"", ""SrpR/S4"", ""PhlF/P1"", ""QacR/Q2""]",0xEE,5
127e231c,0,6.48913673089784,0.8441427946090698,"[1, 5, 19, 10, 15]","[""AmtR/A1"", ""BM3R1/B3"", ""SrpR/S4"", ""PhlF/P1"", ""QacR/Q2""]",0xEE,5
127e231c,0,6.840592679073307,0.8373183012008667,"[1, 10, 2, 19, 15]","[""AmtR/A1"", ""PhlF/P1"", ""BetI/E1"", ""SrpR/S4"", ""QacR/Q2""]",0xEE,5
127e231c,0,5.745209510942416,0.8587749004364014,"[1, 10, 19, 15, 2]","[""AmtR/A1"", ""PhlF/P1"", ""SrpR/S4"", ""QacR/Q2"", ""BetI/E1""]",0xEE,5
127e231c,0,11.019473486434174,0.7433503866195679,"[1, 16, 2, 15, 11]","[""AmtR/A1"", ""SrpR/S1"", ""BetI/E1"", ""QacR/Q2"", ""PhlF/P2""]",0xEE,5
127e231c,0,4.769618042120667,0.8731833696365356,"[1, 19, 10, 8, 2]","[""AmtR/A1"", ""SrpR/S4"", ""PhlF/P1"", ""LitR/L1"", ""BetI/E1""]",0xEE,5
127e231c,0,3.8813950000049484,0.8739630579948425,"[1, 19, 10, 8, 4]","[""AmtR/A1"", ""SrpR/S4"", ""PhlF/P1"", ""LitR/L1"", ""BM3R1/B2""]",0xEE,5
127e231c,0,5.72613478005857,0.8606922030448914,"[2, 10, 19, 5, 15]","[""BetI/E1"", ""PhlF/P1"", ""SrpR/S4"", ""BM3R1/B3"", ""QacR/Q2""]",0xEE,5
127e231c,0,2.127110981322816,0.8798431158065796,"[5, 19, 10, 8, 2]","[""BM3R1/B3"", ""SrpR/S4"", ""PhlF/P1"", ""LitR/L1"", ""BetI/E1""]",0xEE,5
127e231c,0,9.781065399301871,0.7600016593933105,"[19, 3, 15, 2, 11]","[""SrpR/S4"", ""BM3R1/B1"", ""QacR/Q2"", ""BetI/E1"", ""PhlF/P2""]",0xEE,5
127e231c,0,6.5690009888912115,0.8413352370262146,"[19, 10, 2, 5, 15]","[""SrpR/S4"", ""PhlF/P1"", ""BetI/E1"", ""BM3R1/B3"", ""QacR/Q2""]",0xEE,5
127e231c,1,10.567582459877874,0.7537626624107361,"[1, 3, 15, 2, 11]","[""AmtR/A1"", ""BM3R1/B1"", ""QacR/Q2"", ""BetI/E1"", ""PhlF/P2""]",0xEE,5
127e231c,1,8.2826775591182,0.8264315128326416,"[1, 4, 15, 2, 11]","[""AmtR/A1"", ""BM3R1/B2"", ""QacR/Q2"", ""BetI/E1"", ""PhlF/P2""]",0xEE,5
127e231c,1,5.773218001318547,0.8555139899253845,"[1, 5, 10, 8, 2]","[""AmtR/A1"", ""BM3R1/B3"", ""PhlF/P1"", ""LitR/L1"", ""BetI/E1""]",0xEE,5
127e231c,1,5.976449188336769,0.8513105511665344,"[1, 5, 10, 8, 15]","[""AmtR/A1"", ""BM3R1/B3"", ""PhlF/P1"", ""LitR/L1"", ""QacR/Q2""]",0xEE,5
127e231c,1,8.29801416806592,0.8081575036048889,"[1, 5, 15, 2, 11]","[""AmtR/A1"", ""BM3R1/B3"", ""QacR/Q2"", ""BetI/E1"", ""PhlF/P2""]",0xEE,5
127e231c,1,8.463162877942954,0.8043179512023926,"[1, 5, 15, 19, 11]","[""AmtR/A1"", ""BM3R1/B3"", ""QacR/Q2"", ""SrpR/S4"", ""PhlF/P2""]",0xEE,5
127e231c,1,11.497933800174536,0.7317991852760315,"[1, 16, 15, 2, 11]","[""AmtR/A1"", ""SrpR/S1"", ""QacR/Q2"", ""BetI/E1"", ""PhlF/P2""]",0xEE,5
127e231c,1,9.447022418958994,0.7638574242591858,"[2, 3, 15, 19, 11]","[""BetI/E1"", ""BM3R1/B1"", ""QacR/Q2"", ""SrpR/S4"", ""PhlF/P2""]",0xEE,5
127e231c,1,-0.09136128570580604,0.8858715295791626,"[10, 19, 2, 5, 15]","[""PhlF/P1"", ""SrpR/S4"", ""BetI/E1"", ""BM3R1/B3"", ""QacR/Q2""]",0xEE,5
127e231c,1,5.471611466039611,0.8701135516166687,"[17, 5, 10, 8, 15]","[""SrpR/S2"", ""BM3R1/B3"", ""PhlF/P1"", ""LitR/L1"", ""QacR/Q2""]",0xEE,5
127e231c,1,10.40117053588682,0.7584872245788574,"[19, 3, 15, 2, 11]","[""SrpR/S4"", ""BM3R1/B1"", ""QacR/Q2"", ""BetI/E1"", ""PhlF/P2""]",0xEE,5
127e231c,1,5.790198133933711,0.8542413115501404,"[19, 5, 10, 8, 15]","[""SrpR/S4"", ""BM3R1/B3"", ""PhlF/P1"", ""LitR/L1"", ""QacR/Q2""]",0xEE,5
127e231c,1,6.681086640103172,0.8380215167999268,"[19, 10, 2, 5, 15]","[""SrpR/S4"", ""PhlF/P1"", ""BetI/E1"", ""BM3R1/B3"", ""QacR/Q2""]",0xEE,5
14ec46f1,0,6.616867489590924,0.8638620376586914,"[1, 2, 4, 19, 10]","[""AmtR/A1"", ""BetI/E1"", ""BM3R1/B2"", ""SrpR/S4"", ""PhlF/P1""]",0xEE,5
14ec46f1,0,6.46166179104062,0.8653566837310791,"[1, 2, 19, 4, 10]","[""AmtR/A1"", ""BetI/E1"", ""SrpR/S4"", ""BM3R1/B2"", ""PhlF/P1""]",0xEE,5
14ec46f1,0,9.073799003695093,0.8456233739852905,"[1, 11, 4, 2, 19]","[""AmtR/A1"", ""PhlF/P2"", ""BM3R1/B2"", ""BetI/E1"", ""SrpR/S4""]",0xEE,5
14ec46f1,0,6.833645043672228,0.8540527820587158,"[1, 11, 4, 17, 15]","[""AmtR/A1"", ""PhlF/P2"", ""BM3R1/B2"", ""SrpR/S2"", ""QacR/Q2""]",0xEE,5
14ec46f1,0,9.92708501708657,0.7788722515106201,"[1, 11, 8, 2, 5]","[""AmtR/A1"", ""PhlF/P2"", ""LitR/L1"", ""BetI/E1"", ""BM3R1/B3""]",0xEE,5
14ec46f1,0,10.162712010443055,0.7155852317810059,"[1, 11, 8, 2, 14]","[""AmtR/A1"", ""PhlF/P2"", ""LitR/L1"", ""BetI/E1"", ""QacR/Q1""]",0xEE,5
14ec46f1,0,9.959621105313332,0.7429471015930176,"[1, 11, 8, 13, 2]","[""AmtR/A1"", ""PhlF/P2"", ""LitR/L1"", ""PsrA/R1"", ""BetI/E1""]",0xEE,5
14ec46f1,0,10.086265507152783,0.7360672950744629,"[1, 11, 8, 13, 5]","[""AmtR/A1"", ""PhlF/P2"", ""LitR/L1"", ""PsrA/R1"", ""BM3R1/B3""]",0xEE,5
14ec46f1,0,10.076786734251463,0.7419328689575195,"[1, 11, 8, 13, 15]","[""AmtR/A1"", ""PhlF/P2"", ""LitR/L1"", ""PsrA/R1"", ""QacR/Q2""]",0xEE,5
14ec46f1,0,9.70105216386999,0.8136429786682129,"[1, 11, 15, 2, 5]","[""AmtR/A1"", ""PhlF/P2"", ""QacR/Q2"", ""BetI/E1"", ""BM3R1/B3""]",0xEE,5
14ec46f1,0,10.06778785094638,0.7421129941940308,"[1, 11, 16, 2, 5]","[""AmtR/A1"", ""PhlF/P2"", ""SrpR/S1"", ""BetI/E1"", ""BM3R1/B3""]",0xEE,5
14ec46f1,0,10.393888717528288,0.6741230487823486,"[1, 11, 16, 2, 14]","[""AmtR/A1"", ""PhlF/P2"", ""SrpR/S1"", ""BetI/E1"", ""QacR/Q1""]",0xEE,5
14ec46f1,0,9.58689887185013,0.8304752111434937,"[1, 11, 19, 2, 5]","[""AmtR/A1"", ""PhlF/P2"", ""SrpR/S4"", ""BetI/E1"", ""BM3R1/B3""]",0xEE,5
14ec46f1,0,6.7738197374034765,0.8583248853683472,"[1, 15, 4, 19, 10]","[""AmtR/A1"", ""QacR/Q2"", ""BM3R1/B2"", ""SrpR/S4"", ""PhlF/P1""]",0xEE,5
14ec46f1,0,5.881387157789453,0.8713347911834717,"[2, 15, 4, 19, 10]","[""BetI/E1"", ""QacR/Q2"", ""BM3R1/B2"", ""SrpR/S4"", ""PhlF/P1""]",0xEE,5
14ec46f1,0,4.132155940319071,0.8810106515884399,"[2, 19, 10, 4, 15]","[""BetI/E1"", ""SrpR/S4"", ""PhlF/P1"", ""BM3R1/B2"", ""QacR/Q2""]",0xEE,5
14ec46f1,0,2.238947109367782,0.8890056610107422,"[5, 15, 19, 2, 10]","[""BM3R1/B3"", ""QacR/Q2"", ""SrpR/S4"", ""BetI/E1"", ""PhlF/P1""]",0xEE,5
14ec46f1,0,1.0776112980017263,0.9211442470550536,"[10, 2, 19, 15, 4]","[""PhlF/P1"", ""BetI/E1"", ""SrpR/S4"", ""QacR/Q2"", ""BM3R1/B2""]",0xEE,5
14ec46f1,0,1.5589647072345372,0.909882664680481,"[10, 2, 19, 15, 5]","[""PhlF/P1"", ""BetI/E1"", ""SrpR/S4"", ""QacR/Q2"", ""BM3R1/B3""]",0xEE,5
14ec46f1,0,6.794507488359993,0.8553100824356079,"[13, 15, 4, 17, 10]","[""PsrA/R1"", ""QacR/Q2"", ""BM3R1/B2"", ""SrpR/S2"", ""PhlF/P1""]",0xEE,5
14ec46f1,0,6.8214518880755275,0.8553099632263184,"[13, 15, 4, 19, 10]","[""PsrA/R1"", ""QacR/Q2"", ""BM3R1/B2"", ""SrpR/S4"", ""PhlF/P1""]",0xEE,5
14ec46f1,0,9.811268357034463,0.7993613481521606,"[14, 11, 19, 2, 5]","[""QacR/Q1"", ""PhlF/P2"", ""SrpR/S4"", ""BetI/E1"", ""BM3R1/B3""]",0xEE,5
14ec46f1,0,5.595090241029107,0.8762353658676147,"[15, 2, 19, 4, 10]","[""QacR/Q2"", ""BetI/E1"", ""SrpR/S4"", ""BM3R1/B2"", ""PhlF/P1""]",0xEE,5
14ec46f1,0,7.805077549364207,0.8539611101150513,"[19, 11, 4, 2, 15]","[""SrpR/S4"", ""PhlF/P2"", ""BM3R1/B2"", ""BetI/E1"", ""QacR/Q2""]",0xEE,5
14ec46f1,0,8.575478888001381,0.8502451181411743,"[19, 11, 4, 15, 2]","[""SrpR/S4"", ""PhlF/P2"", ""BM3R1/B2"", ""QacR/Q2"", ""BetI/E1""]",0xEE,5
14ec46f1,0,6.053053515976939,0.8685315847396851,"[19, 15, 4, 1, 10]","[""SrpR/S4"", ""QacR/Q2"", ""BM3R1/B2"", ""AmtR/A1"", ""PhlF/P1""]",0xEE,5
1b94262d,0,6.153443021694023,0.8363747596740723,"[2, 4, 17, 15, 11]","[""BetI/E1"", ""BM3R1/B2"", ""SrpR/S2"", ""QacR/Q2"", ""PhlF/P2""]",0xEE,5
1b94262d,0,7.123496584912767,0.8190934062004089,"[2, 4, 19, 15, 11]","[""BetI/E1"", ""BM3R1/B2"", ""SrpR/S4"", ""QacR/Q2"", ""PhlF/P2""]",0xEE,5
1b94262d,0,7.319994540275435,0.8049874305725098,"[2, 19, 1, 15, 11]","[""BetI/E1"", ""SrpR/S4"", ""AmtR/A1"", ""QacR/Q2"", ""PhlF/P2""]",0xEE,5
1b94262d,0,0.08412194596747594,0.9091436266899108,"[4, 10, 1, 2, 15]","[""BM3R1/B2"", ""PhlF/P1"", ""AmtR/A1"", ""BetI/E1"", ""QacR/Q2""]",0xEE,5
1b94262d,0,0.9075078583261269,0.893505334854126,"[4, 10, 1, 15, 19]","[""BM3R1/B2"", ""PhlF/P1"", ""AmtR/A1"", ""QacR/Q2"", ""SrpR/S4""]",0xEE,5
1b94262d,0,-0.0103358592653925,0.911459743976593,"[4, 10, 1, 19, 15]","[""BM3R1/B2"", ""PhlF/P1"", ""AmtR/A1"", ""SrpR/S4"", ""QacR/Q2""]",0xEE,5
1b94262d,0,0.426272177934163,0.8965705633163452,"[4, 10, 2, 15, 19]","[""BM3R1/B2"", ""PhlF/P1"", ""BetI/E1"", ""QacR/Q2"", ""SrpR/S4""]",0xEE,5
1b94262d,0,-0.06885618655031057,0.9240150451660156,"[4, 10, 2, 19, 15]","[""BM3R1/B2"", ""PhlF/P1"", ""BetI/E1"", ""SrpR/S4"", ""QacR/Q2""]",0xEE,5
1b94262d,0,-0.055521520600826046,0.9134795665740968,"[4, 10, 17, 2, 15]","[""BM3R1/B2"", ""PhlF/P1"", ""SrpR/S2"", ""BetI/E1"", ""QacR/Q2""]",0xEE,5
1b94262d,0,7.973305684613328,0.754265546798706,"[8, 2, 19, 15, 11]","[""LitR/L1"", ""BetI/E1"", ""SrpR/S4"", ""QacR/Q2"", ""PhlF/P2""]",0xEE,5
1b94262d,0,8.029294642116955,0.7205092906951904,"[8, 15, 2, 13, 11]","[""LitR/L1"", ""QacR/Q2"", ""BetI/E1"", ""PsrA/R1"", ""PhlF/P2""]",0xEE,5
1b94262d,0,7.736812521486574,0.7595765590667725,"[8, 19, 2, 15, 11]","[""LitR/L1"", ""SrpR/S4"", ""BetI/E1"", ""QacR/Q2"", ""PhlF/P2""]",0xEE,5
1b94262d,0,5.432297593655065,0.8591836094856262,"[10, 2, 1, 15, 19]","[""PhlF/P1"", ""BetI/E1"", ""AmtR/A1"", ""QacR/Q2"", ""SrpR/S4""]",0xEE,5
1b94262d,0,6.2274492239264525,0.8297536373138428,"[10, 2, 19, 15, 5]","[""PhlF/P1"", ""BetI/E1"", ""SrpR/S4"", ""QacR/Q2"", ""BM3R1/B3""]",0xEE,5
1b94262d,0,4.077121148561673,0.8594752550125122,"[10, 4, 2, 15, 19]","[""PhlF/P1"", ""BM3R1/B2"", ""BetI/E1"", ""QacR/Q2"", ""SrpR/S4""]",0xEE,5
1b94262d,0,3.821311253536204,0.8713710308074951,"[10, 4, 17, 15, 2]","[""PhlF/P1"", ""BM3R1/B2"", ""SrpR/S2"", ""QacR/Q2"", ""BetI/E1""]",0xEE,5
1b94262d,0,2.636483128059007,0.8772976398468018,"[10, 5, 17, 2, 15]","[""PhlF/P1"", ""BM3R1/B3"", ""SrpR/S2"", ""BetI/E1"", ""QacR/Q2""]",0xEE,5
1b94262d,0,3.4099622748038216,0.8756675720214844,"[10, 5, 17, 15, 2]","[""PhlF/P1"", ""BM3R1/B3"", ""SrpR/S2"", ""QacR/Q2"", ""BetI/E1""]",0xEE,5
1b94262d,0,6.012475186928065,0.8519864082336426,"[10, 19, 1, 15, 2]","[""PhlF/P1"", ""SrpR/S4"", ""AmtR/A1"", ""QacR/Q2"", ""BetI/E1""]",0xEE,5
1b94262d,0,6.064149195568005,0.8421783447265625,"[10, 19, 2, 15, 5]","[""PhlF/P1"", ""SrpR/S4"", ""BetI/E1"", ""QacR/Q2"", ""BM3R1/B3""]",0xEE,5
1b94262d,0,7.603983161763161,0.7732031345367432,"[15, 19, 1, 13, 11]","[""QacR/Q2"", ""SrpR/S4"", ""AmtR/A1"", ""PsrA/R1"", ""PhlF/P2""]",0xEE,5
1b94262d,0,8.351340295724697,0.6430233120918274,"[16, 2, 14, 13, 11]","[""SrpR/S1"", ""BetI/E1"", ""QacR/Q1"", ""PsrA/R1"", ""PhlF/P2""]",0xEE,5
1b94262d,0,8.327534142109172,0.708633303642273,"[16, 15, 2, 13, 11]","[""SrpR/S1"", ""QacR/Q2"", ""BetI/E1"", ""PsrA/R1"", ""PhlF/P2""]",0xEE,5
1b94262d,0,7.1466009920341325,0.8190827369689941,"[19, 2, 1, 15, 11]","[""SrpR/S4"", ""BetI/E1"", ""AmtR/A1"", ""QacR/Q2"", ""PhlF/P2""]",0xEE,5
1b94262d,0,6.493278884457165,0.820425271987915,"[19, 15, 1, 2, 11]","[""SrpR/S4"", ""QacR/Q2"", ""AmtR/A1"", ""BetI/E1"", ""PhlF/P2""]",0xEE,5
01bb328f,0,2.553661398818121,0.8460362553596497,"[1, 2, 4, 17, 10, 15]","[""AmtR/A1"", ""BetI/E1"", ""BM3R1/B2"", ""SrpR/S2"", ""PhlF/P1"", ""QacR/Q2""]",0xEE,6
01bb328f,0,6.373597604240969,0.8215500712394714,"[2, 1, 4, 15, 10, 7]","[""BetI/E1"", ""AmtR/A1"", ""BM3R1/B2"", ""QacR/Q2"", ""PhlF/P1"", ""IcaRA/I1""]",0xEE,6
01bb328f,0,7.623648443200902,0.8176131844520569,"[2, 11, 4, 1, 19, 15]","[""BetI/E1"", ""PhlF/P2"", ""BM3R1/B2"", ""AmtR/A1"", ""SrpR/S4"", ""QacR/Q2""]",0xEE,6
01bb328f,0,9.254472605773108,0.7840317487716675,"[11, 1, 2, 4, 17, 15]","[""PhlF/P2"", ""AmtR/A1"", ""BetI/E1"", ""BM3R1/B2"", ""SrpR/S2"", ""QacR/Q2""]",0xEE,6
01bb328f,0,10.008088330128743,0.7649551033973694,"[11, 1, 4, 0, 19, 15]","[""PhlF/P2"", ""AmtR/A1"", ""BM3R1/B2"", ""AmeR/F1"", ""SrpR/S4"", ""QacR/Q2""]",0xEE,6
01bb328f,0,9.980915300283772,0.7802090644836426,"[11, 1, 4, 2, 19, 15]","[""PhlF/P2"", ""AmtR/A1"", ""BM3R1/B2"", ""BetI/E1"", ""SrpR/S4"", ""QacR/Q2""]",0xEE,6
01bb328f,0,9.980110196573138,0.7815179228782654,"[11, 1, 4, 17, 2, 15]","[""PhlF/P2"", ""AmtR/A1"", ""BM3R1/B2"", ""SrpR/S2"", ""BetI/E1"", ""QacR/Q2""]",0xEE,6
01bb328f,0,9.99202457222378,0.7772338390350342,"[11, 1, 4, 19, 2, 15]","[""PhlF/P2"", ""AmtR/A1"", ""BM3R1/B2"", ""SrpR/S4"", ""BetI/E1"", ""QacR/Q2""]",0xEE,6
01bb328f,0,10.08539351943841,0.721644937992096,"[11, 1, 5, 0, 2, 13]","[""PhlF/P2"", ""AmtR/A1"", ""BM3R1/B3"", ""AmeR/F1"", ""BetI/E1"", ""PsrA/R1""]",0xEE,6
01bb328f,0,10.067904513238075,0.7379506826400757,"[11, 1, 5, 0, 2, 15]","[""PhlF/P2"", ""AmtR/A1"", ""BM3R1/B3"", ""AmeR/F1"", ""BetI/E1"", ""QacR/Q2""]",0xEE,6
01bb328f,0,10.120819414407572,0.658888041973114,"[11, 1, 5, 9, 16, 14]","[""PhlF/P2"", ""AmtR/A1"", ""BM3R1/B3"", ""LmrA/N1"", ""SrpR/S1"", ""QacR/Q1""]",0xEE,6
01bb328f,0,10.072479057201688,0.7330895066261292,"[11, 1, 5, 15, 2, 13]","[""PhlF/P2"", ""AmtR/A1"", ""BM3R1/B3"", ""QacR/Q2"", ""BetI/E1"", ""PsrA/R1""]",0xEE,6
01bb328f,0,10.079242896814076,0.7222235202789307,"[11, 1, 5, 15, 19, 13]","[""PhlF/P2"", ""AmtR/A1"", ""BM3R1/B3"", ""QacR/Q2"", ""SrpR/S4"", ""PsrA/R1""]",0xEE,6
01bb328f,0,10.038063797692814,0.7610698938369751,"[11, 1, 5, 17, 2, 15]","[""PhlF/P2"", ""AmtR/A1"", ""BM3R1/B3"", ""SrpR/S2"", ""BetI/E1"", ""QacR/Q2""]",0xEE,6
01bb328f,0,10.053973097519354,0.7380658388137817,"[11, 1, 5, 19, 2, 13]","[""PhlF/P2"", ""AmtR/A1"", ""BM3R1/B3"", ""SrpR/S4"", ""BetI/E1"", ""PsrA/R1""]",0xEE,6
01bb328f,0,10.049195132216994,0.7563645243644714,"[11, 1, 5, 19, 2, 15]","[""PhlF/P2"", ""AmtR/A1"", ""BM3R1/B3"", ""SrpR/S4"", ""BetI/E1"", ""QacR/Q2""]",0xEE,6
01bb328f,0,10.112244133690568,0.6715306043624878,"[11, 1, 16, 15, 2, 5]","[""PhlF/P2"", ""AmtR/A1"", ""SrpR/S1"", ""QacR/Q2"", ""BetI/E1"", ""BM3R1/B3""]",0xEE,6
01bb328f,0,10.088468326258248,0.6798341870307922,"[11, 1, 16, 15, 5, 6]","[""PhlF/P2"", ""AmtR/A1"", ""SrpR/S1"", ""QacR/Q2"", ""BM3R1/B3"", ""HlyIIR/H1""]",0xEE,6
01bb328f,0,10.152490495927218,0.6497451663017273,"[11, 14, 4, 0, 2, 13]","[""PhlF/P2"", ""QacR/Q1"", ""BM3R1/B2"", ""AmeR/F1"", ""BetI/E1"", ""PsrA/R1""]",0xEE,6
01bb328f,0,10.15084103754455,0.6515686511993408,"[11, 14, 4, 0, 19, 13]","[""PhlF/P2"", ""QacR/Q1"", ""BM3R1/B2"", ""AmeR/F1"", ""SrpR/S4"", ""PsrA/R1""]",0xEE,6
01bb328f,0,10.12457855787415,0.6523475050926208,"[11, 14, 4, 1, 19, 13]","[""PhlF/P2"", ""QacR/Q1"", ""BM3R1/B2"", ""AmtR/A1"", ""SrpR/S4"", ""PsrA/R1""]",0xEE,6
01bb328f,0,10.193725820478624,0.6230453848838806,"[11, 14, 5, 0, 2, 13]","[""PhlF/P2"", ""QacR/Q1"", ""BM3R1/B3"", ""AmeR/F1"", ""BetI/E1"", ""PsrA/R1""]",0xEE,6
01bb328f,0,10.172609711714829,0.630999743938446,"[11, 14, 5, 0, 19, 13]","[""PhlF/P2"", ""QacR/Q1"", ""BM3R1/B3"", ""AmeR/F1"", ""SrpR/S4"", ""PsrA/R1""]",0xEE,6
01bb328f,0,9.084832063571634,0.7840476036071777,"[11, 19, 2, 4, 1, 15]","[""PhlF/P2"", ""SrpR/S4"", ""BetI/E1"", ""BM3R1/B2"", ""AmtR/A1"", ""QacR/Q2""]",0xEE,6
01bb328f,0,9.44409243584339,0.7832014560699463,"[11, 19, 4, 1, 2, 15]","[""PhlF/P2"", ""SrpR/S4"", ""BM3R1/B2"", ""AmtR/A1"", ""BetI/E1"", ""QacR/Q2""]",0xEE,6
01bb328f,0,8.806765048404676,0.7892957329750061,"[12, 1, 4, 17, 2, 15]","[""PhlF/P3"", ""AmtR/A1"", ""BM3R1/B2"", ""SrpR/S2"", ""BetI/E1"", ""QacR/Q2""]",0xEE,6
01bb328f,0,8.833450387727563,0.7854043841362,"[12, 1, 4, 19, 2, 15]","[""PhlF/P3"", ""AmtR/A1"", ""BM3R1/B2"", ""SrpR/S4"", ""BetI/E1"", ""QacR/Q2""]",0xEE,6
01bb328f,0,8.31390339679524,0.7952002286911011,"[12, 1, 19, 4, 2, 15]","[""PhlF/P3"", ""AmtR/A1"", ""SrpR/S4"", ""BM3R1/B2"", ""BetI/E1"", ""QacR/Q2""]",0xEE,6
01bb328f,0,6.332015507885406,0.8412776589393616,"[15, 1, 4, 17, 10, 2]","[""QacR/Q2"", ""AmtR/A1"", ""BM3R1/B2"", ""SrpR/S2"", ""PhlF/P1"", ""BetI/E1""]",0xEE,6
01bb328f,0,6.34207507503352,0.8332249522209167,"[15, 1, 4, 17, 10, 7]","[""QacR/Q2"", ""AmtR/A1"", ""BM3R1/B2"", ""SrpR/S2"", ""PhlF/P1"", ""IcaRA/I1""]",0xEE,6
01bb328f,0,5.351411338610289,0.8423221707344055,"[15, 2, 19, 4, 10, 7]","[""QacR/Q2"", ""BetI/E1"", ""SrpR/S4"", ""BM3R1/B2"", ""PhlF/P1"", ""IcaRA/I1""]",0xEE,6
01bb328f,0,7.651836307346602,0.798130452632904,"[19, 11, 4, 2, 1, 15]","[""SrpR/S4"", ""PhlF/P2"", ""BM3R1/B2"", ""BetI/E1"", ""AmtR/A1"", ""QacR/Q2""]",0xEE,6
01f602ff,0,9.559879424904128,0.8153794407844543,"[11, 1, 2, 4, 15, 19]","[""PhlF/P2"", ""AmtR/A1"", ""BetI/E1"", ""BM3R1/B2"", ""QacR/Q2"", ""SrpR/S4""]",0xEE,6
01f602ff,0,10.52142048457414,0.7742767333984375,"[11, 1, 15, 4, 13, 19]","[""PhlF/P2"", ""AmtR/A1"", ""QacR/Q2"", ""BM3R1/B2"", ""PsrA/R1"", ""SrpR/S4""]",0xEE,6
01f602ff,0,5.154325225175773,0.8492881059646606,"[15, 1, 2, 10, 19, 4]","[""QacR/Q2"", ""AmtR/A1"", ""BetI/E1"", ""PhlF/P1"", ""SrpR/S4"", ""BM3R1/B2""]",0xEE,6
01f602ff,0,0.10377651158102977,0.8583998680114746,"[15, 10, 2, 1, 4, 19]","[""QacR/Q2"", ""PhlF/P1"", ""BetI/E1"", ""AmtR/A1"", ""BM3R1/B2"", ""SrpR/S4""]",0xEE,6
01f602ff,0,0.10254331045620753,0.8774421215057373,"[15, 10, 7, 4, 19, 2]","[""QacR/Q2"", ""PhlF/P1"", ""IcaRA/I1"", ""BM3R1/B2"", ""SrpR/S4"", ""BetI/E1""]",0xEE,6
01f602ff,1,5.525064929379102,0.8448931574821472,"[2, 1, 19, 10, 15, 4]","[""BetI/E1"", ""AmtR/A1"", ""SrpR/S4"", ""PhlF/P1"", ""QacR/Q2"", ""BM3R1/B2""]",0xEE,6
01f602ff,1,0.007962795147108829,0.8883972764015198,"[7, 10, 15, 4, 19, 2]","[""IcaRA/I1"", ""PhlF/P1"", ""QacR/Q2"", ""BM3R1/B2"", ""SrpR/S4"", ""BetI/E1""]",0xEE,6
01f602ff,1,9.54162024141971,0.8180216550827026,"[11, 1, 2, 4, 15, 19]","[""PhlF/P2"", ""AmtR/A1"", ""BetI/E1"", ""BM3R1/B2"", ""QacR/Q2"", ""SrpR/S4""]",0xEE,6
01f602ff,1,9.62527697397015,0.794821560382843,"[11, 1, 2, 5, 15, 19]","[""PhlF/P2"", ""AmtR/A1"", ""BetI/E1"", ""BM3R1/B3"", ""QacR/Q2"", ""SrpR/S4""]",0xEE,6
01f602ff,1,10.88687700152277,0.6816118359565735,"[11, 1, 15, 3, 13, 2]","[""PhlF/P2"", ""AmtR/A1"", ""QacR/Q2"", ""BM3R1/B1"", ""PsrA/R1"", ""BetI/E1""]",0xEE,6
01f602ff,1,10.716471907830329,0.7593144774436951,"[11, 1, 15, 4, 13, 2]","[""PhlF/P2"", ""AmtR/A1"", ""QacR/Q2"", ""BM3R1/B2"", ""PsrA/R1"", ""BetI/E1""]",0xEE,6
01f602ff,1,10.57254885393899,0.7741227149963379,"[11, 1, 15, 4, 13, 19]","[""PhlF/P2"", ""AmtR/A1"", ""QacR/Q2"", ""BM3R1/B2"", ""PsrA/R1"", ""SrpR/S4""]",0xEE,6
01f602ff,1,10.771856252027767,0.7376611828804016,"[11, 1, 15, 5, 13, 2]","[""PhlF/P2"", ""AmtR/A1"", ""QacR/Q2"", ""BM3R1/B3"", ""PsrA/R1"", ""BetI/E1""]",0xEE,6
01f602ff,1,10.145939606782031,0.7868140339851379,"[11, 2, 15, 4, 13, 19]","[""PhlF/P2"", ""BetI/E1"", ""QacR/Q2"", ""BM3R1/B2"", ""PsrA/R1"", ""SrpR/S4""]",0xEE,6
01f602ff,1,10.864838285360367,0.6827145218849182,"[11, 19, 15, 3, 13, 2]","[""PhlF/P2"", ""SrpR/S4"", ""QacR/Q2"", ""BM3R1/B1"", ""PsrA/R1"", ""BetI/E1""]",0xEE,6
01f602ff,1,10.631061346862014,0.7629921436309814,"[11, 19, 15, 4, 13, 2]","[""PhlF/P2"", ""SrpR/S4"", ""QacR/Q2"", ""BM3R1/B2"", ""PsrA/R1"", ""BetI/E1""]",0xEE,6
01f602ff,1,10.739343048526745,0.7410354018211365,"[11, 19, 15, 5, 13, 2]","[""PhlF/P2"", ""SrpR/S4"", ""QacR/Q2"", ""BM3R1/B3"", ""PsrA/R1"", ""BetI/E1""]",0xEE,6
01f602ff,1,7.233668384166782,0.818842351436615,"[15, 1, 2, 4, 13, 19]","[""QacR/Q2"", ""AmtR/A1"", ""BetI/E1"", ""BM3R1/B2"", ""PsrA/R1"", ""SrpR/S4""]",0xEE,6
01f602ff,1,4.976957717609407,0.8495209813117981,"[15, 1, 2, 4, 19, 11]","[""QacR/Q2"", ""AmtR/A1"", ""BetI/E1"", ""BM3R1/B2"", ""SrpR/S4"", ""PhlF/P2""]",0xEE,6
01f602ff,1,4.77979378434076,0.8577030301094055,"[15, 1, 2, 10, 19, 4]","[""QacR/Q2"", ""AmtR/A1"", ""BetI/E1"", ""PhlF/P1"", ""SrpR/S4"", ""BM3R1/B2""]",0xEE,6
01f602ff,1,5.206569208143822,0.846019446849823,"[15, 1, 19, 10, 2, 4]","[""QacR/Q2"", ""AmtR/A1"", ""SrpR/S4"", ""PhlF/P1"", ""BetI/E1"", ""BM3R1/B2""]",0xEE,6
01f602ff,1,5.930468816644011,0.8237330913543701,"[19, 1, 2, 4, 15, 11]","[""SrpR/S4"", ""AmtR/A1"", ""BetI/E1"", ""BM3R1/B2"", ""QacR/Q2"", ""PhlF/P2""]",0xEE,6
01f602ff,1,5.719854090567946,0.8337926268577576,"[19, 1, 2, 10, 15, 4]","[""SrpR/S4"", ""AmtR/A1"", ""BetI/E1"", ""PhlF/P1"", ""QacR/Q2"", ""BM3R1/B2""]",0xEE,6
01f602ff,1,5.9994470558184085,0.8221753835678101,"[19, 1, 15, 4, 2, 11]","[""SrpR/S4"", ""AmtR/A1"", ""QacR/Q2"", ""BM3R1/B2"", ""BetI/E1"", ""PhlF/P2""]",0xEE,6
01f602ff,1,5.843776744826656,0.8333563208580017,"[19, 1, 15, 10, 2, 4]","[""SrpR/S4"", ""AmtR/A1"", ""QacR/Q2"", ""PhlF/P1"", ""BetI/E1"", ""BM3R1/B2""]",0xEE,6
01f602ff,1,6.146005199407957,0.8202229142189026,"[19, 2, 13, 10, 15, 4]","[""SrpR/S4"", ""BetI/E1"", ""PsrA/R1"", ""PhlF/P1"", ""QacR/Q2"", ""BM3R1/B2""]",0xEE,6
02f0b000,1,10.171653270506937,0.6075145602226257,"[1, 2, 3, 14, 16, 11]","[""AmtR/A1"", ""BetI/E1"", ""BM3R1/B1"", ""QacR/Q1"", ""SrpR/S1"", ""PhlF/P2""]",0xEE,6
02f0b000,1,10.172645417157446,0.5603258013725281,"[1, 2, 13, 14, 16, 11]","[""AmtR/A1"", ""BetI/E1"", ""PsrA/R1"", ""QacR/Q1"", ""SrpR/S1"", ""PhlF/P2""]",0xEE,6
02f0b000,1,7.882877066704281,0.7957984805107117,"[1, 2, 15, 19, 4, 11]","[""AmtR/A1"", ""BetI/E1"", ""QacR/Q2"", ""SrpR/S4"", ""BM3R1/B2"", ""PhlF/P2""]",0xEE,6
02f0b000,1,8.313557609843054,0.7723541259765625,"[1, 2, 15, 19, 5, 11]","[""AmtR/A1"", ""BetI/E1"", ""QacR/Q2"", ""SrpR/S4"", ""BM3R1/B3"", ""PhlF/P2""]",0xEE,6
02f0b000,1,6.2793505718794735,0.8177065253257751,"[1, 4, 19, 13, 10, 15]","[""AmtR/A1"", ""BM3R1/B2"", ""SrpR/S4"", ""PsrA/R1"", ""PhlF/P1"", ""QacR/Q2""]",0xEE,6
02f0b000,1,8.29801151023447,0.7779417037963867,"[1, 15, 2, 19, 5, 11]","[""AmtR/A1"", ""QacR/Q2"", ""BetI/E1"", ""SrpR/S4"", ""BM3R1/B3"", ""PhlF/P2""]",0xEE,6
02f0b000,1,7.184301811577863,0.7959484457969666,"[1, 19, 15, 2, 4, 11]","[""AmtR/A1"", ""SrpR/S4"", ""QacR/Q2"", ""BetI/E1"", ""BM3R1/B2"", ""PhlF/P2""]",0xEE,6
02f0b000,1,6.56498083037795,0.8079720139503479,"[1, 19, 15, 11, 4, 2]","[""AmtR/A1"", ""SrpR/S4"", ""QacR/Q2"", ""PhlF/P2"", ""BM3R1/B2"", ""BetI/E1""]",0xEE,6
02f0b000,1,10.095279342873024,0.7314111590385437,"[2, 4, 8, 1, 16, 11]","[""BetI/E1"", ""BM3R1/B2"", ""LitR/L1"", ""AmtR/A1"", ""SrpR/S1"", ""PhlF/P2""]",0xEE,6
02f0b000,1,5.986268689364435,0.8327426314353943,"[2, 4, 17, 1, 10, 15]","[""BetI/E1"", ""BM3R1/B2"", ""SrpR/S2"", ""AmtR/A1"", ""PhlF/P1"", ""QacR/Q2""]",0xEE,6
02f0b000,1,5.979665920292588,0.8377930521965027,"[2, 4, 19, 1, 10, 15]","[""BetI/E1"", ""BM3R1/B2"", ""SrpR/S4"", ""AmtR/A1"", ""PhlF/P1"", ""QacR/Q2""]",0xEE,6
02f0b000,1,10.078528719143986,0.7444284558296204,"[2, 5, 8, 1, 16, 11]","[""BetI/E1"", ""BM3R1/B3"", ""LitR/L1"", ""AmtR/A1"", ""SrpR/S1"", ""PhlF/P2""]",0xEE,6
02f0b000,1,8.904952816024036,0.7548622488975525,"[2, 5, 8, 15, 16, 11]","[""BetI/E1"", ""BM3R1/B3"", ""LitR/L1"", ""QacR/Q2"", ""SrpR/S1"", ""PhlF/P2""]",0xEE,6
02f0b000,1,10.136897736225476,0.6866586208343506,"[2, 15, 3, 1, 16, 11]","[""BetI/E1"", ""QacR/Q2"", ""BM3R1/B1"", ""AmtR/A1"", ""SrpR/S1"", ""PhlF/P2""]",0xEE,6
02f0b000,1,-0.21472055929715955,0.8695299029350281,"[4, 1, 2, 10, 19, 15]","[""BM3R1/B2"", ""AmtR/A1"", ""BetI/E1"", ""PhlF/P1"", ""SrpR/S4"", ""QacR/Q2""]",0xEE,6
02f0b000,1,5.161190482666967,0.8603025674819946,"[4, 1, 19, 2, 10, 15]","[""BM3R1/B2"", ""AmtR/A1"", ""SrpR/S4"", ""BetI/E1"", ""PhlF/P1"", ""QacR/Q2""]",0xEE,6
02f0b000,1,6.360400110115552,0.814164936542511,"[4, 1, 19, 13, 10, 15]","[""BM3R1/B2"", ""AmtR/A1"", ""SrpR/S4"", ""PsrA/R1"", ""PhlF/P1"", ""QacR/Q2""]",0xEE,6
02f0b000,1,5.471294294721319,0.857775866985321,"[4, 1, 19, 15, 10, 2]","[""BM3R1/B2"", ""AmtR/A1"", ""SrpR/S4"", ""QacR/Q2"", ""PhlF/P1"", ""BetI/E1""]",0xEE,6
02f0b000,1,10.150763116157414,0.6297703385353088,"[4, 2, 1, 14, 16, 11]","[""BM3R1/B2"", ""BetI/E1"", ""AmtR/A1"", ""QacR/Q1"", ""SrpR/S1"", ""PhlF/P2""]",0xEE,6
02f0b000,1,10.11671739352643,0.6892510652542114,"[4, 2, 13, 1, 16, 11]","[""BM3R1/B2"", ""BetI/E1"", ""PsrA/R1"", ""AmtR/A1"", ""SrpR/S1"", ""PhlF/P2""]",0xEE,6
02f0b000,1,6.737996055681823,0.8054225444793701,"[4, 2, 15, 1, 19, 11]","[""BM3R1/B2"", ""BetI/E1"", ""QacR/Q2"", ""AmtR/A1"", ""SrpR/S4"", ""PhlF/P2""]",0xEE,6
02f0b000,1,5.982822849039654,0.835115909576416,"[4, 2, 19, 1, 10, 15]","[""BM3R1/B2"", ""BetI/E1"", ""SrpR/S4"", ""AmtR/A1"", ""PhlF/P1"", ""QacR/Q2""]",0xEE,6
02f0b000,1,5.569950496185461,0.8388344049453735,"[4, 15, 1, 19, 10, 2]","[""BM3R1/B2"", ""QacR/Q2"", ""AmtR/A1"", ""SrpR/S4"", ""PhlF/P1"", ""BetI/E1""]",0xEE,6
02f0b000,1,10.107778028501603,0.7186862826347351,"[4, 15, 2, 1, 16, 11]","[""BM3R1/B2"", ""QacR/Q2"", ""BetI/E1"", ""AmtR/A1"", ""SrpR/S1"", ""PhlF/P2""]",0xEE,6
02f0b000,1,5.990881617724908,0.8236595988273621,"[4, 15, 19, 1, 10, 2]","[""BM3R1/B2"", ""QacR/Q2"", ""SrpR/S4"", ""AmtR/A1"", ""PhlF/P1"", ""BetI/E1""]",0xEE,6
02f0b000,1,6.034803831202798,0.8192025423049927,"[4, 19, 15, 1, 11, 2]","[""BM3R1/B2"", ""SrpR/S4"", ""QacR/Q2"", ""AmtR/A1"", ""PhlF/P2"", ""BetI/E1""]",0xEE,6
02f0b000,1,10.172908145418594,0.4196018278598785,"[7, 9, 0, 14, 16, 11]","[""IcaRA/I1"", ""LmrA/N1"", ""AmeR/F1"", ""QacR/Q1"", ""SrpR/S1"", ""PhlF/P2""]",0xEE,6
02f0b000,1,6.0018194605496396,0.8203131556510925,"[15, 4, 17, 1, 10, 2]","[""QacR/Q2"", ""BM3R1/B2"", ""SrpR/S2"", ""AmtR/A1"", ""PhlF/P1"", ""BetI/E1""]",0xEE,6
02f0b000,1,8.362514814567739,0.7686311602592468,"[17, 15, 2, 1, 5, 11]","[""SrpR/S2"", ""QacR/Q2"", ""BetI/E1"", ""AmtR/A1"", ""BM3R1/B3"", ""PhlF/P2""]",0xEE,6
02f0b000,1,7.978837867227767,0.7841070294380188,"[19, 2, 15, 1, 4, 11]","[""SrpR/S4"", ""BetI/E1"", ""QacR/Q2"", ""AmtR/A1"", ""BM3R1/B2"", ""PhlF/P2""]",0xEE,6
02f0b000,1,8.50909963625065,0.7637208104133606,"[19, 2, 15, 1, 5, 11]","[""SrpR/S4"", ""BetI/E1"", ""QacR/Q2"", ""AmtR/A1"", ""BM3R1/B3"", ""PhlF/P2""]",0xEE,6
02f0b000,1,5.541402589207774,0.8504359126091003,"[19, 4, 1, 15, 10, 2]","[""SrpR/S4"", ""BM3R1/B2"", ""AmtR/A1"", ""QacR/Q2"", ""PhlF/P1"", ""BetI/E1""]",0xEE,6
043ead30,0,-0.003638491723474578,0.931270956993103,"[1, 4, 2, 10, 7, 19]","[""AmtR/A1"", ""BM3R1/B2"", ""BetI/E1"", ""PhlF/P1"", ""IcaRA/I1"", ""SrpR/S4""]",0xEE,6
043ead30,0,0.0002466020441061541,0.9271580576896667,"[2, 4, 15, 10, 7, 19]","[""BetI/E1"", ""BM3R1/B2"", ""QacR/Q2"", ""PhlF/P1"", ""IcaRA/I1"", ""SrpR/S4""]",0xEE,6
043ead30,0,-0.0016439725649938664,0.928376317024231,"[7, 4, 2, 10, 15, 19]","[""IcaRA/I1"", ""BM3R1/B2"", ""BetI/E1"", ""PhlF/P1"", ""QacR/Q2"", ""SrpR/S4""]",0xEE,6
043ead30,0,0.009436714601359924,0.9193651080131532,"[8, 4, 2, 10, 7, 19]","[""LitR/L1"", ""BM3R1/B2"", ""BetI/E1"", ""PhlF/P1"", ""IcaRA/I1"", ""SrpR/S4""]",0xEE,6
043ead30,0,0.010535788813726452,0.9139193296432496,"[8, 4, 15, 10, 2, 19]","[""LitR/L1"", ""BM3R1/B2"", ""QacR/Q2"", ""PhlF/P1"", ""BetI/E1"", ""SrpR/S4""]",0xEE,6
043ead30,0,0.010653076422909287,0.9049425721168518,"[8, 4, 19, 10, 7, 2]","[""LitR/L1"", ""BM3R1/B2"", ""SrpR/S4"", ""PhlF/P1"", ""IcaRA/I1"", ""BetI/E1""]",0xEE,6
043ead30,0,9.742108432293284,0.7278279066085815,"[11, 3, 19, 1, 15, 13]","[""PhlF/P2"", ""BM3R1/B1"", ""SrpR/S4"", ""AmtR/A1"", ""QacR/Q2"", ""PsrA/R1""]",0xEE,6
043ead30,0,6.489901478342655,0.8698758482933044,"[11, 4, 1, 2, 19, 15]","[""PhlF/P2"", ""BM3R1/B2"", ""AmtR/A1"", ""BetI/E1"", ""SrpR/S4"", ""QacR/Q2""]",0xEE,6
043ead30,0,9.01728979062188,0.8557490110397339,"[11, 4, 19, 1, 2, 15]","[""PhlF/P2"", ""BM3R1/B2"", ""SrpR/S4"", ""AmtR/A1"", ""BetI/E1"", ""QacR/Q2""]",0xEE,6
043ead30,0,8.957188233785368,0.8572297096252441,"[11, 4, 19, 1, 15, 2]","[""PhlF/P2"", ""BM3R1/B2"", ""SrpR/S4"", ""AmtR/A1"", ""QacR/Q2"", ""BetI/E1""]",0xEE,6
043ead30,0,9.601551143867175,0.813502311706543,"[11, 4, 19, 1, 15, 13]","[""PhlF/P2"", ""BM3R1/B2"", ""SrpR/S4"", ""AmtR/A1"", ""QacR/Q2"", ""PsrA/R1""]",0xEE,6
043ead30,0,9.398485765228848,0.8172405958175659,"[11, 4, 19, 2, 15, 13]","[""PhlF/P2"", ""BM3R1/B2"", ""SrpR/S4"", ""BetI/E1"", ""QacR/Q2"", ""PsrA/R1""]",0xEE,6
043ead30,0,9.651779933447735,0.7686104774475098,"[11, 5, 1, 19, 15, 13]","[""PhlF/P2"", ""BM3R1/B3"", ""AmtR/A1"", ""SrpR/S4"", ""QacR/Q2"", ""PsrA/R1""]",0xEE,6
043ead30,0,9.618381133104952,0.7786432504653931,"[11, 5, 2, 19, 15, 13]","[""PhlF/P2"", ""BM3R1/B3"", ""BetI/E1"", ""SrpR/S4"", ""QacR/Q2"", ""PsrA/R1""]",0xEE,6
043ead30,0,0.000626912515203428,0.9238170981407166,"[15, 4, 2, 10, 7, 19]","[""QacR/Q2"", ""BM3R1/B2"", ""BetI/E1"", ""PhlF/P1"", ""IcaRA/I1"", ""SrpR/S4""]",0xEE,6
043ead30,0,-0.00584418271795072,0.9513367414474488,"[15, 4, 19, 10, 8, 1]","[""QacR/Q2"", ""BM3R1/B2"", ""SrpR/S4"", ""PhlF/P1"", ""LitR/L1"", ""AmtR/A1""]",0xEE,6
043ead30,0,5.574819161756701,0.8730816841125488,"[15, 4, 19, 11, 2, 1]","[""QacR/Q2"", ""BM3R1/B2"", ""SrpR/S4"", ""PhlF/P2"", ""BetI/E1"", ""AmtR/A1""]",0xEE,6
043ead30,0,4.372367190536476,0.9029488563537598,"[15, 10, 4, 2, 19, 1]","[""QacR/Q2"", ""PhlF/P1"", ""BM3R1/B2"", ""BetI/E1"", ""SrpR/S4"", ""AmtR/A1""]",0xEE,6
043ead30,0,0.0016129831739527783,0.919686496257782,"[19, 4, 2, 10, 8, 15]","[""SrpR/S4"", ""BM3R1/B2"", ""BetI/E1"", ""PhlF/P1"", ""LitR/L1"", ""QacR/Q2""]",0xEE,6
054721c9,1,10.326420023223521,0.5880830883979797,"[0, 1, 4, 14, 16, 11]","[""AmeR/F1"", ""AmtR/A1"", ""BM3R1/B2"", ""QacR/Q1"", ""SrpR/S1"", ""PhlF/P2""]",0xEE,6
054721c9,1,10.318823841575515,0.5967438220977783,"[0, 1, 5, 14, 16, 11]","[""AmeR/F1"", ""AmtR/A1"", ""BM3R1/B3"", ""QacR/Q1"", ""SrpR/S1"", ""PhlF/P2""]",0xEE,6
054721c9,1,10.220913497248727,0.6910744309425354,"[0, 4, 2, 1, 16, 11]","[""AmeR/F1"", ""BM3R1/B2"", ""BetI/E1"", ""AmtR/A1"", ""SrpR/S1"", ""PhlF/P2""]",0xEE,6
054721c9,1,10.218718866970546,0.700248122215271,"[0, 4, 15, 1, 16, 11]","[""AmeR/F1"", ""BM3R1/B2"", ""QacR/Q2"", ""AmtR/A1"", ""SrpR/S1"", ""PhlF/P2""]",0xEE,6
054721c9,1,8.035635117922382,0.7843652963638306,"[1, 2, 15, 19, 4, 11]","[""AmtR/A1"", ""BetI/E1"", ""QacR/Q2"", ""SrpR/S4"", ""BM3R1/B2"", ""PhlF/P2""]",0xEE,6
054721c9,1,7.8139260835282744,0.7861150503158569,"[1, 15, 2, 19, 4, 11]","[""AmtR/A1"", ""QacR/Q2"", ""BetI/E1"", ""SrpR/S4"", ""BM3R1/B2"", ""PhlF/P2""]",0xEE,6
054721c9,1,8.20358309621508,0.7735581994056702,"[1, 15, 2, 19, 5, 11]","[""AmtR/A1"", ""QacR/Q2"", ""BetI/E1"", ""SrpR/S4"", ""BM3R1/B3"", ""PhlF/P2""]",0xEE,6
054721c9,1,10.332627469121496,0.5654327869415283,"[2, 1, 3, 14, 16, 11]","[""BetI/E1"", ""AmtR/A1"", ""BM3R1/B1"", ""QacR/Q1"", ""SrpR/S1"", ""PhlF/P2""]",0xEE,6
054721c9,1,7.744085790873069,0.7936481833457947,"[2, 1, 15, 19, 4, 11]","[""BetI/E1"", ""AmtR/A1"", ""QacR/Q2"", ""SrpR/S4"", ""BM3R1/B2"", ""PhlF/P2""]",0xEE,6
054721c9,1,8.17538812625879,0.7750972509384155,"[2, 1, 15, 19, 5, 11]","[""BetI/E1"", ""AmtR/A1"", ""QacR/Q2"", ""SrpR/S4"", ""BM3R1/B3"", ""PhlF/P2""]",0xEE,6
054721c9,1,10.217560766800359,0.7046945691108704,"[2, 4, 15, 1, 16, 11]","[""BetI/E1"", ""BM3R1/B2"", ""QacR/Q2"", ""AmtR/A1"", ""SrpR/S1"", ""PhlF/P2""]",0xEE,6
054721c9,1,9.126993182825972,0.7257208824157715,"[2, 15, 1, 19, 3, 11]","[""BetI/E1"", ""QacR/Q2"", ""AmtR/A1"", ""SrpR/S4"", ""BM3R1/B1"", ""PhlF/P2""]",0xEE,6
054721c9,1,8.03012102382523,0.7851772308349609,"[2, 19, 15, 1, 4, 11]","[""BetI/E1"", ""SrpR/S4"", ""QacR/Q2"", ""AmtR/A1"", ""BM3R1/B2"", ""PhlF/P2""]",0xEE,6
054721c9,1,8.48054160421123,0.7644448280334473,"[2, 19, 15, 1, 5, 11]","[""BetI/E1"", ""SrpR/S4"", ""QacR/Q2"", ""AmtR/A1"", ""BM3R1/B3"", ""PhlF/P2""]",0xEE,6
054721c9,1,-0.03048102876097684,0.870114803314209,"[4, 1, 2, 10, 19, 15]","[""BM3R1/B2"", ""AmtR/A1"", ""BetI/E1"", ""PhlF/P1"", ""SrpR/S4"", ""QacR/Q2""]",0xEE,6
054721c9,1,10.300257868292094,0.6147857904434204,"[4, 1, 2, 14, 16, 11]","[""BM3R1/B2"", ""AmtR/A1"", ""BetI/E1"", ""QacR/Q1"", ""SrpR/S1"", ""PhlF/P2""]",0xEE,6
054721c9,1,0.000926173186863133,0.8633686900138855,"[4, 1, 15, 10, 19, 2]","[""BM3R1/B2"", ""AmtR/A1"", ""QacR/Q2"", ""PhlF/P1"", ""SrpR/S4"", ""BetI/E1""]",0xEE,6
054721c9,1,5.376939983812716,0.8602098226547241,"[4, 1, 19, 2, 10, 15]","[""BM3R1/B2"", ""AmtR/A1"", ""SrpR/S4"", ""BetI/E1"", ""PhlF/P1"", ""QacR/Q2""]",0xEE,6
054721c9,1,6.38285789783931,0.8145010471343994,"[4, 1, 19, 13, 10, 15]","[""BM3R1/B2"", ""AmtR/A1"", ""SrpR/S4"", ""PsrA/R1"", ""PhlF/P1"", ""QacR/Q2""]",0xEE,6
054721c9,1,5.675375192091544,0.8574196696281433,"[4, 1, 19, 15, 10, 2]","[""BM3R1/B2"", ""AmtR/A1"", ""SrpR/S4"", ""QacR/Q2"", ""PhlF/P1"", ""BetI/E1""]",0xEE,6
054721c9,1,10.295422556725342,0.6159069538116455,"[4, 2, 1, 14, 16, 11]","[""BM3R1/B2"", ""BetI/E1"", ""AmtR/A1"", ""QacR/Q1"", ""SrpR/S1"", ""PhlF/P2""]",0xEE,6
054721c9,1,10.20701283024246,0.7100512981414795,"[4, 2, 15, 1, 16, 11]","[""BM3R1/B2"", ""BetI/E1"", ""QacR/Q2"", ""AmtR/A1"", ""SrpR/S1"", ""PhlF/P2""]",0xEE,6
054721c9,1,6.752553479461923,0.8066383600234985,"[4, 2, 15, 1, 19, 11]","[""BM3R1/B2"", ""BetI/E1"", ""QacR/Q2"", ""AmtR/A1"", ""SrpR/S4"", ""PhlF/P2""]",0xEE,6
054721c9,1,6.073955211707094,0.8390432000160217,"[4, 2, 19, 1, 10, 15]","[""BM3R1/B2"", ""BetI/E1"", ""SrpR/S4"", ""AmtR/A1"", ""PhlF/P1"", ""QacR/Q2""]",0xEE,6
054721c9,1,10.334581002053392,0.5449472665786743,"[4, 6, 1, 14, 16, 11]","[""BM3R1/B2"", ""HlyIIR/H1"", ""AmtR/A1"", ""QacR/Q1"", ""SrpR/S1"", ""PhlF/P2""]",0xEE,6
054721c9,1,10.242385340456169,0.673260509967804,"[4, 13, 2, 1, 16, 11]","[""BM3R1/B2"", ""PsrA/R1"", ""BetI/E1"", ""AmtR/A1"", ""SrpR/S1"", ""PhlF/P2""]",0xEE,6
054721c9,1,10.225549318056691,0.6757601499557495,"[4, 13, 15, 1, 16, 11]","[""BM3R1/B2"", ""PsrA/R1"", ""QacR/Q2"", ""AmtR/A1"", ""SrpR/S1"", ""PhlF/P2""]",0xEE,6
054721c9,1,6.09578219238749,0.8344273567199707,"[4, 15, 19, 1, 10, 2]","[""BM3R1/B2"", ""QacR/Q2"", ""SrpR/S4"", ""AmtR/A1"", ""PhlF/P1"", ""BetI/E1""]",0xEE,6
054721c9,1,6.178047953436228,0.8279144763946533,"[4, 19, 15, 1, 11, 2]","[""BM3R1/B2"", ""SrpR/S4"", ""QacR/Q2"", ""AmtR/A1"", ""PhlF/P2"", ""BetI/E1""]",0xEE,6
054721c9,1,10.252512410524979,0.6301493644714355,"[5, 9, 2, 1, 16, 11]","[""BM3R1/B3"", ""LmrA/N1"", ""BetI/E1"", ""AmtR/A1"", ""SrpR/S1"", ""PhlF/P2""]",0xEE,6
054721c9,1,10.332922156053874,0.5469931364059448,"[8, 1, 2, 14, 16, 11]","[""LitR/L1"", ""AmtR/A1"", ""BetI/E1"", ""QacR/Q1"", ""SrpR/S1"", ""PhlF/P2""]",0xEE,6
054721c9,1,10.338614936196427,0.5345072746276855,"[8, 1, 3, 14, 16, 11]","[""LitR/L1"", ""AmtR/A1"", ""BM3R1/B1"", ""QacR/Q1"", ""SrpR/S1"", ""PhlF/P2""]",0xEE,6
054721c9,1,10.370060243585419,0.4869106709957123,"[8, 6, 3, 14, 16, 11]","[""LitR/L1"", ""HlyIIR/H1"", ""BM3R1/B1"", ""QacR/Q1"", ""SrpR/S1"", ""PhlF/P2""]",0xEE,6
054721c9,1,10.352898795729045,0.5216419100761414,"[8, 9, 3, 14, 16, 11]","[""LitR/L1"", ""LmrA/N1"", ""BM3R1/B1"", ""QacR/Q1"", ""SrpR/S1"", ""PhlF/P2""]",0xEE,6
054721c9,1,10.243574099259325,0.6465737819671631,"[9, 8, 3, 1, 16, 11]","[""LmrA/N1"", ""LitR/L1"", ""BM3R1/B1"", ""AmtR/A1"", ""SrpR/S1"", ""PhlF/P2""]",0xEE,6
054721c9,1,5.985113170687263,0.8453279733657837,"[10, 19, 2, 1, 4, 15]","[""PhlF/P1"", ""SrpR/S4"", ""BetI/E1"", ""AmtR/A1"", ""BM3R1/B2"", ""QacR/Q2""]",0xEE,6
054721c9,1,6.121033714032234,0.8284752368927002,"[10, 19, 2, 1, 5, 15]","[""PhlF/P1"", ""SrpR/S4"", ""BetI/E1"", ""AmtR/A1"", ""BM3R1/B3"", ""QacR/Q2""]",0xEE,6
054721c9,1,5.9933626493074295,0.8415402770042419,"[10, 19, 15, 1, 4, 2]","[""PhlF/P1"", ""SrpR/S4"", ""QacR/Q2"", ""AmtR/A1"", ""BM3R1/B2"", ""BetI/E1""]",0xEE,6
054721c9,1,9.362977181312305,0.7207940816879272,"[15, 1, 2, 19, 3, 11]","[""QacR/Q2"", ""AmtR/A1"", ""BetI/E1"", ""SrpR/S4"", ""BM3R1/B1"", ""PhlF/P2""]",0xEE,6
054721c9,1,8.705840857288866,0.741828441619873,"[15, 1, 19, 2, 3, 11]","[""QacR/Q2"", ""AmtR/A1"", ""SrpR/S4"", ""BetI/E1"", ""BM3R1/B1"", ""PhlF/P2""]",0xEE,6
054721c9,1,9.12664870877532,0.728922963142395,"[15, 2, 1, 19, 3, 11]","[""QacR/Q2"", ""BetI/E1"", ""AmtR/A1"", ""SrpR/S4"", ""BM3R1/B1"", ""PhlF/P2""]",0xEE,6
054721c9,1,9.445802831317998,0.7185482978820801,"[15, 2, 19, 1, 3, 11]","[""QacR/Q2"", ""BetI/E1"", ""SrpR/S4"", ""AmtR/A1"", ""BM3R1/B1"", ""PhlF/P2""]",0xEE,6
054721c9,1,10.220172088312811,0.6982024312019348,"[15, 4, 2, 1, 16, 11]","[""QacR/Q2"", ""BM3R1/B2"", ""BetI/E1"", ""AmtR/A1"", ""SrpR/S1"", ""PhlF/P2""]",0xEE,6
054721c9,1,9.624366994896137,0.7181140184402466,"[15, 19, 2, 1, 3, 11]","[""QacR/Q2"", ""SrpR/S4"", ""BetI/E1"", ""AmtR/A1"", ""BM3R1/B1"", ""PhlF/P2""]",0xEE,6
054721c9,1,7.039550303428253,0.7979283928871155,"[17, 1, 15, 2, 4, 11]","[""SrpR/S2"", ""AmtR/A1"", ""QacR/Q2"", ""BetI/E1"", ""BM3R1/B2"", ""PhlF/P2""]",0xEE,6
054721c9,1,8.018226501703602,0.7854394912719727,"[17, 2, 15, 1, 4, 11]","[""SrpR/S2"", ""BetI/E1"", ""QacR/Q2"", ""AmtR/A1"", ""BM3R1/B2"", ""PhlF/P2""]",0xEE,6
054721c9,1,8.154735303969064,0.7834515571594238,"[19, 2, 15, 1, 4, 11]","[""SrpR/S4"", ""BetI/E1"", ""QacR/Q2"", ""AmtR/A1"", ""BM3R1/B2"", ""PhlF/P2""]",0xEE,6
054721c9,1,7.577671650704385,0.7965196371078491,"[19, 2, 15, 1, 4, 12]","[""SrpR/S4"", ""BetI/E1"", ""QacR/Q2"", ""AmtR/A1"", ""BM3R1/B2"", ""PhlF/P3""]",0xEE,6
054721c9,1,8.494626122556763,0.7596155405044556,"[19, 2, 15, 1, 5, 11]","[""SrpR/S4"", ""BetI/E1"", ""QacR/Q2"", ""AmtR/A1"", ""BM3R1/B3"", ""PhlF/P2""]",0xEE,6
054721c9,1,7.601509772602988,0.7958702445030212,"[19, 15, 2, 1, 4, 12]","[""SrpR/S4"", ""QacR/Q2"", ""BetI/E1"", ""AmtR/A1"", ""BM3R1/B2"", ""PhlF/P3""]",0xEE,6
03442896,0,7.8254170009351585,0.7216406464576721,"[19, 8, 15, 1, 2, 4, 11]","[""SrpR/S4"", ""LitR/L1"", ""QacR/Q2"", ""AmtR/A1"", ""BetI/E1"", ""BM3R1/B2"", ""PhlF/P2""]",0xEE,7
03442896,0,8.402151636359807,0.6976343989372253,"[15, 8, 2, 1, 17, 5, 11]","[""QacR/Q2"", ""LitR/L1"", ""BetI/E1"", ""AmtR/A1"", ""SrpR/S2"", ""BM3R1/B3"", ""PhlF/P2""]",0xEE,7
03442896,0,7.50413777837536,0.7349985241889954,"[19, 8, 2, 1, 15, 4, 12]","[""SrpR/S4"", ""LitR/L1"", ""BetI/E1"", ""AmtR/A1"", ""QacR/Q2"", ""BM3R1/B2"", ""PhlF/P3""]",0xEE,7
03442896,0,9.648613659771993,0.6335682272911072,"[13, 15, 5, 1, 0, 11, 16]","[""PsrA/R1"", ""QacR/Q2"", ""BM3R1/B3"", ""AmtR/A1"", ""AmeR/F1"", ""PhlF/P2"", ""SrpR/S1""]",0xEE,7
03442896,0,7.7926249953501046,0.7274293303489685,"[2, 15, 8, 1, 17, 11, 4]","[""BetI/E1"", ""QacR/Q2"", ""LitR/L1"", ""AmtR/A1"", ""SrpR/S2"", ""PhlF/P2"", ""BM3R1/B2""]",0xEE,7
03442896,0,10.13974758955264,0.5461072325706482,"[8, 2, 3, 14, 0, 11, 16]","[""LitR/L1"", ""BetI/E1"", ""BM3R1/B1"", ""QacR/Q1"", ""AmeR/F1"", ""PhlF/P2"", ""SrpR/S1""]",0xEE,7
03442896,0,8.229530880578213,0.7197650074958801,"[19, 2, 8, 1, 15, 11, 5]","[""SrpR/S4"", ""BetI/E1"", ""LitR/L1"", ""AmtR/A1"", ""QacR/Q2"", ""PhlF/P2"", ""BM3R1/B3""]",0xEE,7
03442896,0,6.963868078025155,0.7602401971817017,"[19, 1, 4, 11, 0, 15, 2]","[""SrpR/S4"", ""AmtR/A1"", ""BM3R1/B2"", ""PhlF/P2"", ""AmeR/F1"", ""QacR/Q2"", ""BetI/E1""]",0xEE,7
03442896,0,3.8616786475672096,0.8098832964897156,"[4, 1, 10, 17, 9, 2, 15]","[""BM3R1/B2"", ""AmtR/A1"", ""PhlF/P1"", ""SrpR/S2"", ""LmrA/N1"", ""BetI/E1"", ""QacR/Q2""]",0xEE,7
03442896,0,10.052635873207958,0.6021475791931152,"[13, 15, 3, 1, 0, 11, 16]","[""PsrA/R1"", ""QacR/Q2"", ""BM3R1/B1"", ""AmtR/A1"", ""AmeR/F1"", ""PhlF/P2"", ""SrpR/S1""]",0xEE,7
03442896,0,3.7563336735046438,0.8104082345962524,"[4, 1, 10, 17, 0, 2, 15]","[""BM3R1/B2"", ""AmtR/A1"", ""PhlF/P1"", ""SrpR/S2"", ""AmeR/F1"", ""BetI/E1"", ""QacR/Q2""]",0xEE,7
03442896,0,10.21940444751631,0.4904890060424804,"[2, 6, 3, 14, 0, 11, 16]","[""BetI/E1"", ""HlyIIR/H1"", ""BM3R1/B1"", ""QacR/Q1"", ""AmeR/F1"", ""PhlF/P2"", ""SrpR/S1""]",0xEE,7
03442896,0,1.8374369900961378,0.8232806324958801,"[2, 19, 10, 4, 9, 1, 15]","[""BetI/E1"", ""SrpR/S4"", ""PhlF/P1"", ""BM3R1/B2"", ""LmrA/N1"", ""AmtR/A1"", ""QacR/Q2""]",0xEE,7
03442896,0,6.033076284865217,0.7851093411445618,"[1, 10, 15, 13, 4, 19, 2]","[""AmtR/A1"", ""PhlF/P1"", ""QacR/Q2"", ""PsrA/R1"", ""BM3R1/B2"", ""SrpR/S4"", ""BetI/E1""]",0xEE,7
03442896,0,5.690292169173185,0.7990076541900635,"[4, 2, 10, 1, 9, 15, 19]","[""BM3R1/B2"", ""BetI/E1"", ""PhlF/P1"", ""AmtR/A1"", ""LmrA/N1"", ""QacR/Q2"", ""SrpR/S4""]",0xEE,7
03442896,0,6.064979203373858,0.7830166220664978,"[19, 2, 8, 1, 10, 15, 5]","[""SrpR/S4"", ""BetI/E1"", ""LitR/L1"", ""AmtR/A1"", ""PhlF/P1"", ""QacR/Q2"", ""BM3R1/B3""]",0xEE,7
03442896,0,8.62549604608186,0.6820294857025146,"[2, 8, 1, 19, 15, 3, 11]","[""BetI/E1"", ""LitR/L1"", ""AmtR/A1"", ""SrpR/S4"", ""QacR/Q2"", ""BM3R1/B1"", ""PhlF/P2""]",0xEE,7
03442896,0,7.207456315971275,0.7553158402442932,"[2, 19, 1, 11, 0, 15, 4]","[""BetI/E1"", ""SrpR/S4"", ""AmtR/A1"", ""PhlF/P2"", ""AmeR/F1"", ""QacR/Q2"", ""BM3R1/B2""]",0xEE,7
03442896,0,9.618532029287273,0.6422609686851501,"[13, 2, 5, 1, 0, 11, 16]","[""PsrA/R1"", ""BetI/E1"", ""BM3R1/B3"", ""AmtR/A1"", ""AmeR/F1"", ""PhlF/P2"", ""SrpR/S1""]",0xEE,7
03442896,0,6.365528832994335,0.7800716757774353,"[19, 10, 5, 1, 0, 2, 15]","[""SrpR/S4"", ""PhlF/P1"", ""BM3R1/B3"", ""AmtR/A1"", ""AmeR/F1"", ""BetI/E1"", ""QacR/Q2""]",0xEE,7
03442896,0,7.359792179977852,0.7413578629493713,"[1, 2, 19, 11, 0, 15, 5]","[""AmtR/A1"", ""BetI/E1"", ""SrpR/S4"", ""PhlF/P2"", ""AmeR/F1"", ""QacR/Q2"", ""BM3R1/B3""]",0xEE,7
03442896,0,6.222568815614276,0.7818673253059387,"[1, 4, 10, 13, 19, 15, 2]","[""AmtR/A1"", ""BM3R1/B2"", ""PhlF/P1"", ""PsrA/R1"", ""SrpR/S4"", ""QacR/Q2"", ""BetI/E1""]",0xEE,7
03442896,0,8.018242974493898,0.7206018567085266,"[2, 1, 8, 19, 15, 11, 5]","[""BetI/E1"", ""AmtR/A1"", ""LitR/L1"", ""SrpR/S4"", ""QacR/Q2"", ""PhlF/P2"", ""BM3R1/B3""]",0xEE,7
03442896,0,9.988416596433884,0.6302021741867065,"[2, 15, 3, 1, 0, 11, 16]","[""BetI/E1"", ""QacR/Q2"", ""BM3R1/B1"", ""AmtR/A1"", ""AmeR/F1"", ""PhlF/P2"", ""SrpR/S1""]",0xEE,7
03442896,0,10.198804411449174,0.532415509223938,"[8, 1, 3, 14, 0, 11, 16]","[""LitR/L1"", ""AmtR/A1"", ""BM3R1/B1"", ""QacR/Q1"", ""AmeR/F1"", ""PhlF/P2"", ""SrpR/S1""]",0xEE,7
03442896,0,6.926077876718454,0.7668582797050476,"[19, 4, 1, 11, 0, 15, 2]","[""SrpR/S4"", ""BM3R1/B2"", ""AmtR/A1"", ""PhlF/P2"", ""AmeR/F1"", ""QacR/Q2"", ""BetI/E1""]",0xEE,7
03442896,0,5.536725183880643,0.8053959012031555,"[4, 19, 6, 1, 10, 15, 2]","[""BM3R1/B2"", ""SrpR/S4"", ""HlyIIR/H1"", ""AmtR/A1"", ""PhlF/P1"", ""QacR/Q2"", ""BetI/E1""]",0xEE,7
03442896,0,10.087608189618187,0.5815022587776184,"[0, 2, 3, 1, 9, 11, 16]","[""AmeR/F1"", ""BetI/E1"", ""BM3R1/B1"", ""AmtR/A1"", ""LmrA/N1"", ""PhlF/P2"", ""SrpR/S1""]",0xEE,7
03442896,0,2.3578498310471883,0.8105807900428772,"[19, 10, 1, 4, 0, 15, 2]","[""SrpR/S4"", ""PhlF/P1"", ""AmtR/A1"", ""BM3R1/B2"", ""AmeR/F1"", ""QacR/Q2"", ""BetI/E1""]",0xEE,7
03442896,1,10.040001861622358,0.6040937900543213,"[15, 2, 3, 1, 0, 11, 16]","[""QacR/Q2"", ""BetI/E1"", ""BM3R1/B1"", ""AmtR/A1"", ""AmeR/F1"", ""PhlF/P2"", ""SrpR/S1""]",0xEE,7
03442896,1,7.386191681302263,0.7363309264183044,"[19, 1, 8, 11, 6, 2, 5]","[""SrpR/S4"", ""AmtR/A1"", ""LitR/L1"", ""PhlF/P2"", ""HlyIIR/H1"", ""BetI/E1"", ""BM3R1/B3""]",0xEE,7
03442896,1,8.396327655303537,0.7025688290596008,"[2, 19, 8, 1, 15, 11, 5]","[""BetI/E1"", ""SrpR/S4"", ""LitR/L1"", ""AmtR/A1"", ""QacR/Q2"", ""PhlF/P2"", ""BM3R1/B3""]",0xEE,7
03442896,1,8.804602049008441,0.6769669055938721,"[19, 15, 8, 1, 2, 11, 3]","[""SrpR/S4"", ""QacR/Q2"", ""LitR/L1"", ""AmtR/A1"", ""BetI/E1"", ""PhlF/P2"", ""BM3R1/B1""]",0xEE,7
03442896,1,10.200502489668835,0.5252561569213867,"[13, 2, 3, 14, 0, 11, 16]","[""PsrA/R1"", ""BetI/E1"", ""BM3R1/B1"", ""QacR/Q1"", ""AmeR/F1"", ""PhlF/P2"", ""SrpR/S1""]",0xEE,7
03442896,1,6.014150247841986,0.7953817844390869,"[19, 8, 2, 1, 10, 4, 15]","[""SrpR/S4"", ""LitR/L1"", ""BetI/E1"", ""AmtR/A1"", ""PhlF/P1"", ""BM3R1/B2"", ""QacR/Q2""]",0xEE,7
03442896,1,9.386004150570294,0.6689605116844177,"[2, 4, 8, 1, 15, 11, 16]","[""BetI/E1"", ""BM3R1/B2"", ""LitR/L1"", ""AmtR/A1"", ""QacR/Q2"", ""PhlF/P2"", ""SrpR/S1""]",0xEE,7
03442896,1,5.838816139697622,0.7975772619247437,"[4, 2, 10, 1, 13, 15, 19]","[""BM3R1/B2"", ""BetI/E1"", ""PhlF/P1"", ""AmtR/A1"", ""PsrA/R1"", ""QacR/Q2"", ""SrpR/S4""]",0xEE,7
03442896,1,6.55632782852594,0.7692658305168152,"[19, 2, 8, 13, 10, 15, 5]","[""SrpR/S4"", ""BetI/E1"", ""LitR/L1"", ""PsrA/R1"", ""PhlF/P1"", ""QacR/Q2"", ""BM3R1/B3""]",0xEE,7
03442896,1,8.895027711388153,0.6743896007537842,"[19, 8, 15, 1, 2, 3, 11]","[""SrpR/S4"", ""LitR/L1"", ""QacR/Q2"", ""AmtR/A1"", ""BetI/E1"", ""BM3R1/B1"", ""PhlF/P2""]",0xEE,7
03442896,1,10.186967932589583,0.5403863191604614,"[2, 8, 3, 14, 13, 11, 16]","[""BetI/E1"", ""LitR/L1"", ""BM3R1/B1"", ""QacR/Q1"", ""PsrA/R1"", ""PhlF/P2"", ""SrpR/S1""]",0xEE,7
03442896,1,6.823137656452054,0.7681020498275757,"[2, 19, 10, 13, 1, 15, 5]","[""BetI/E1"", ""SrpR/S4"", ""PhlF/P1"", ""PsrA/R1"", ""AmtR/A1"", ""QacR/Q2"", ""BM3R1/B3""]",0xEE,7
03442896,1,8.734563474401483,0.6788680553436279,"[2, 0, 8, 1, 19, 11, 5]","[""BetI/E1"", ""AmeR/F1"", ""LitR/L1"", ""AmtR/A1"", ""SrpR/S4"", ""PhlF/P2"", ""BM3R1/B3""]",0xEE,7
03442896,1,9.410585271880839,0.6445037126541138,"[4, 15, 8, 1, 2, 11, 16]","[""BM3R1/B2"", ""QacR/Q2"", ""LitR/L1"", ""AmtR/A1"", ""BetI/E1"", ""PhlF/P2"", ""SrpR/S1""]",0xEE,7
069067ff,0,2.1522430580782017,0.8520529866218567,"[19, 1, 10, 15, 13, 4, 8]","[""SrpR/S4"", ""AmtR/A1"", ""PhlF/P1"", ""QacR/Q2"", ""PsrA/R1"", ""BM3R1/B2"", ""LitR/L1""]",0xEE,7
069067ff,0,9.93574668974407,0.7787206768989563,"[11, 1, 2, 19, 13, 4, 15]","[""PhlF/P2"", ""AmtR/A1"", ""BetI/E1"", ""SrpR/S4"", ""PsrA/R1"", ""BM3R1/B2"", ""QacR/Q2""]",0xEE,7
069067ff,0,10.101636069938875,0.7291067242622375,"[11, 1, 5, 16, 15, 2, 8]","[""PhlF/P2"", ""AmtR/A1"", ""BM3R1/B3"", ""SrpR/S1"", ""QacR/Q2"", ""BetI/E1"", ""LitR/L1""]",0xEE,7
069067ff,0,10.097488867025856,0.7382166385650635,"[11, 1, 17, 5, 15, 8, 2]","[""PhlF/P2"", ""AmtR/A1"", ""SrpR/S2"", ""BM3R1/B3"", ""QacR/Q2"", ""LitR/L1"", ""BetI/E1""]",0xEE,7
069067ff,0,10.236666645203707,0.5407477021217346,"[11, 14, 0, 5, 6, 16, 1]","[""PhlF/P2"", ""QacR/Q1"", ""AmeR/F1"", ""BM3R1/B3"", ""HlyIIR/H1"", ""SrpR/S1"", ""AmtR/A1""]",0xEE,7
069067ff,0,10.05655867004444,0.7442583441734314,"[11, 1, 15, 5, 2, 19, 13]","[""PhlF/P2"", ""AmtR/A1"", ""QacR/Q2"", ""BM3R1/B3"", ""BetI/E1"", ""SrpR/S4"", ""PsrA/R1""]",0xEE,7
069067ff,0,10.157878560770214,0.6718447804450989,"[11, 1, 0, 4, 2, 16, 14]","[""PhlF/P2"", ""AmtR/A1"", ""AmeR/F1"", ""BM3R1/B2"", ""BetI/E1"", ""SrpR/S1"", ""QacR/Q1""]",0xEE,7
069067ff,0,7.631239459115862,0.7901999354362488,"[2, 11, 4, 19, 13, 1, 15]","[""BetI/E1"", ""PhlF/P2"", ""BM3R1/B2"", ""SrpR/S4"", ""PsrA/R1"", ""AmtR/A1"", ""QacR/Q2""]",0xEE,7
069067ff,0,8.845099014091687,0.7847971320152283,"[11, 1, 2, 4, 8, 19, 15]","[""PhlF/P2"", ""AmtR/A1"", ""BetI/E1"", ""BM3R1/B2"", ""LitR/L1"", ""SrpR/S4"", ""QacR/Q2""]",0xEE,7
069067ff,0,10.05386424991625,0.7590619921684265,"[11, 1, 2, 4, 15, 19, 13]","[""PhlF/P2"", ""AmtR/A1"", ""BetI/E1"", ""BM3R1/B2"", ""QacR/Q2"", ""SrpR/S4"", ""PsrA/R1""]",0xEE,7
069067ff,0,10.146405684940786,0.7161484360694885,"[11, 1, 2, 5, 19, 8, 15]","[""PhlF/P2"", ""AmtR/A1"", ""BetI/E1"", ""BM3R1/B3"", ""SrpR/S4"", ""LitR/L1"", ""QacR/Q2""]",0xEE,7
069067ff,0,10.174093946546929,0.5894095301628113,"[11, 14, 2, 16, 8, 5, 1]","[""PhlF/P2"", ""QacR/Q1"", ""BetI/E1"", ""SrpR/S1"", ""LitR/L1"", ""BM3R1/B3"", ""AmtR/A1""]",0xEE,7
069067ff,0,6.267257615833657,0.846642792224884,"[15, 1, 10, 19, 13, 4, 2]","[""QacR/Q2"", ""AmtR/A1"", ""PhlF/P1"", ""SrpR/S4"", ""PsrA/R1"", ""BM3R1/B2"", ""BetI/E1""]",0xEE,7
069067ff,0,10.153723338604577,0.6895425915718079,"[11, 1, 2, 5, 15, 16, 13]","[""PhlF/P2"", ""AmtR/A1"", ""BetI/E1"", ""BM3R1/B3"", ""QacR/Q2"", ""SrpR/S1"", ""PsrA/R1""]",0xEE,7
069067ff,0,10.212748246114103,0.5700893998146057,"[11, 14, 1, 3, 8, 16, 6]","[""PhlF/P2"", ""QacR/Q1"", ""AmtR/A1"", ""BM3R1/B1"", ""LitR/L1"", ""SrpR/S1"", ""HlyIIR/H1""]",0xEE,7
069067ff,1,6.88256357369833,0.7949261665344238,"[15, 13, 10, 4, 18, 1, 2]","[""QacR/Q2"", ""PsrA/R1"", ""PhlF/P1"", ""BM3R1/B2"", ""SrpR/S3"", ""AmtR/A1"", ""BetI/E1""]",0xEE,7
069067ff,1,6.737121470819762,0.8005244135856628,"[15, 13, 10, 8, 18, 4, 6]","[""QacR/Q2"", ""PsrA/R1"", ""PhlF/P1"", ""LitR/L1"", ""SrpR/S3"", ""BM3R1/B2"", ""HlyIIR/H1""]",0xEE,7
069067ff,1,10.185470273104409,0.585416316986084,"[11, 14, 6, 16, 7, 4, 1]","[""PhlF/P2"", ""QacR/Q1"", ""HlyIIR/H1"", ""SrpR/S1"", ""IcaRA/I1"", ""BM3R1/B2"", ""AmtR/A1""]",0xEE,7
069067ff,1,6.7106226410857,0.8142375349998474,"[5, 1, 10, 19, 7, 2, 15]","[""BM3R1/B3"", ""AmtR/A1"", ""PhlF/P1"", ""SrpR/S4"", ""IcaRA/I1"", ""BetI/E1"", ""QacR/Q2""]",0xEE,7
069067ff,1,1.649774984365144,0.8556714653968811,"[19, 1, 10, 2, 13, 4, 8]","[""SrpR/S4"", ""AmtR/A1"", ""PhlF/P1"", ""BetI/E1"", ""PsrA/R1"", ""BM3R1/B2"", ""LitR/L1""]",0xEE,7
069067ff,1,4.8291538449380464,0.850896418094635,"[15, 17, 10, 2, 7, 4, 1]","[""QacR/Q2"", ""SrpR/S2"", ""PhlF/P1"", ""BetI/E1"", ""IcaRA/I1"", ""BM3R1/B2"", ""AmtR/A1""]",0xEE,7
069067ff,1,1.310959690976294,0.8661500811576843,"[19, 2, 10, 15, 7, 4, 8]","[""SrpR/S4"", ""BetI/E1"", ""PhlF/P1"", ""QacR/Q2"", ""IcaRA/I1"", ""BM3R1/B2"", ""LitR/L1""]",0xEE,7
069067ff,1,10.174008734348062,0.614947497844696,"[11, 1, 14, 16, 13, 4, 2]","[""PhlF/P2"", ""AmtR/A1"", ""QacR/Q1"", ""SrpR/S1"", ""PsrA/R1"", ""BM3R1/B2"", ""BetI/E1""]",0xEE,7
069067ff,1,6.638948354575703,0.8383654952049255,"[2, 13, 10, 19, 15, 4, 7]","[""BetI/E1"", ""PsrA/R1"", ""PhlF/P1"", ""SrpR/S4"", ""QacR/Q2"", ""BM3R1/B2"", ""IcaRA/I1""]",0xEE,7
07012647,0,6.957095397549207,0.7763856053352356,"[15, 13, 10, 5, 2, 1, 17]","[""QacR/Q2"", ""PsrA/R1"", ""PhlF/P1"", ""BM3R1/B3"", ""BetI/E1"", ""AmtR/A1"", ""SrpR/S2""]",0xEE,7
07012647,0,6.260712262720111,0.8284820318222046,"[15, 1, 10, 2, 19, 4, 7]","[""QacR/Q2"", ""AmtR/A1"", ""PhlF/P1"", ""BetI/E1"", ""SrpR/S4"", ""BM3R1/B2"", ""IcaRA/I1""]",0xEE,7
07012647,0,10.153714680982324,0.6259171962738037,"[11, 14, 1, 19, 2, 4, 13]","[""PhlF/P2"", ""QacR/Q1"", ""AmtR/A1"", ""SrpR/S4"", ""BetI/E1"", ""BM3R1/B2"", ""PsrA/R1""]",0xEE,7
07012647,0,6.91153645318049,0.8135069608688354,"[15, 13, 10, 19, 2, 4, 7]","[""QacR/Q2"", ""PsrA/R1"", ""PhlF/P1"", ""SrpR/S4"", ""BetI/E1"", ""BM3R1/B2"", ""IcaRA/I1""]",0xEE,7
07012647,0,9.796287013580079,0.7484906315803528,"[11, 1, 15, 19, 0, 5, 2]","[""PhlF/P2"", ""AmtR/A1"", ""QacR/Q2"", ""SrpR/S4"", ""AmeR/F1"", ""BM3R1/B3"", ""BetI/E1""]",0xEE,7
07012647,0,-0.0259872285600143,0.8355366587638855,"[7, 10, 1, 4, 15, 19, 2]","[""IcaRA/I1"", ""PhlF/P1"", ""AmtR/A1"", ""BM3R1/B2"", ""QacR/Q2"", ""SrpR/S4"", ""BetI/E1""]",0xEE,7
07012647,0,8.795385237671127,0.7571826577186584,"[11, 15, 1, 4, 2, 19, 13]","[""PhlF/P2"", ""QacR/Q2"", ""AmtR/A1"", ""BM3R1/B2"", ""BetI/E1"", ""SrpR/S4"", ""PsrA/R1""]",0xEE,7
07012647,0,2.1193317248180956,0.8296299576759338,"[15, 1, 10, 2, 19, 4, 8]","[""QacR/Q2"", ""AmtR/A1"", ""PhlF/P1"", ""BetI/E1"", ""SrpR/S4"", ""BM3R1/B2"", ""LitR/L1""]",0xEE,7
07012647,0,6.942548420478638,0.7950834631919861,"[15, 13, 10, 4, 2, 19, 7]","[""QacR/Q2"", ""PsrA/R1"", ""PhlF/P1"", ""BM3R1/B2"", ""BetI/E1"", ""SrpR/S4"", ""IcaRA/I1""]",0xEE,7
07012647,1,10.072928438874294,0.6975927352905273,"[11, 1, 17, 4, 0, 9, 15]","[""PhlF/P2"", ""AmtR/A1"", ""SrpR/S2"", ""BM3R1/B2"", ""AmeR/F1"", ""LmrA/N1"", ""QacR/Q2""]",0xEE,7
07012647,1,10.165262938367995,0.5855645537376404,"[11, 14, 0, 4, 19, 9, 2]","[""PhlF/P2"", ""QacR/Q1"", ""AmeR/F1"", ""BM3R1/B2"", ""SrpR/S4"", ""LmrA/N1"", ""BetI/E1""]",0xEE,7
07012647,1,10.156824832894634,0.5980280637741089,"[11, 1, 9, 16, 13, 0, 15]","[""PhlF/P2"", ""AmtR/A1"", ""LmrA/N1"", ""SrpR/S1"", ""PsrA/R1"", ""AmeR/F1"", ""QacR/Q2""]",0xEE,7
07012647,1,10.224840015678138,0.5815542340278625,"[11, 14, 4, 2, 1, 16, 13]","[""PhlF/P2"", ""QacR/Q1"", ""BM3R1/B2"", ""BetI/E1"", ""AmtR/A1"", ""SrpR/S1"", ""PsrA/R1""]",0xEE,7
07012647,1,10.123154433079314,0.6830518245697021,"[11, 1, 0, 4, 17, 8, 15]","[""PhlF/P2"", ""AmtR/A1"", ""AmeR/F1"", ""BM3R1/B2"", ""SrpR/S2"", ""LitR/L1"", ""QacR/Q2""]",0xEE,7
07012647,1,7.756749623640313,0.7602041959762573,"[15, 12, 2, 19, 0, 4, 7]","[""QacR/Q2"", ""PhlF/P3"", ""BetI/E1"", ""SrpR/S4"", ""AmeR/F1"", ""BM3R1/B2"", ""IcaRA/I1""]",0xEE,7
07012647,1,10.26799250597785,0.5087748169898987,"[11, 14, 13, 5, 8, 16, 1]","[""PhlF/P2"", ""QacR/Q1"", ""PsrA/R1"", ""BM3R1/B3"", ""LitR/L1"", ""SrpR/S1"", ""AmtR/A1""]",0xEE,7
07012647,1,6.960718925670329,0.7728819251060486,"[15, 13, 17, 4, 1, 10, 2]","[""QacR/Q2"", ""PsrA/R1"", ""SrpR/S2"", ""BM3R1/B2"", ""AmtR/A1"", ""PhlF/P1"", ""BetI/E1""]",0xEE,7
07012647,1,10.18576439533996,0.5855221152305603,"[11, 14, 4, 19, 1, 9, 13]","[""PhlF/P2"", ""QacR/Q1"", ""BM3R1/B2"", ""SrpR/S4"", ""AmtR/A1"", ""LmrA/N1"", ""PsrA/R1""]",0xEE,7
07012647,1,7.505690185365522,0.7619724273681641,"[12, 2, 1, 19, 15, 4, 7]","[""PhlF/P3"", ""BetI/E1"", ""AmtR/A1"", ""SrpR/S4"", ""QacR/Q2"", ""BM3R1/B2"", ""IcaRA/I1""]",0xEE,7
07012647,1,6.985025068388364,0.768245279788971,"[15, 13, 5, 19, 2, 10, 7]","[""QacR/Q2"", ""PsrA/R1"", ""BM3R1/B3"", ""SrpR/S4"", ""BetI/E1"", ""PhlF/P1"", ""IcaRA/I1""]",0xEE,7
07012647,1,10.099165588215563,0.6911443471908569,"[11, 1, 15, 4, 19, 8, 13]","[""PhlF/P2"", ""AmtR/A1"", ""QacR/Q2"", ""BM3R1/B2"", ""SrpR/S4"", ""LitR/L1"", ""PsrA/R1""]",0xEE,7
07012647,1,10.258236202819853,0.5195291042327881,"[11, 14, 0, 3, 17, 9, 6]","[""PhlF/P2"", ""QacR/Q1"", ""AmeR/F1"", ""BM3R1/B1"", ""SrpR/S2"", ""LmrA/N1"", ""HlyIIR/H1""]",0xEE,7
07012647,1,10.236431480674915,0.5560275316238403,"[11, 14, 19, 2, 4, 8, 13]","[""PhlF/P2"", ""QacR/Q1"", ""SrpR/S4"", ""BetI/E1"", ""BM3R1/B2"", ""LitR/L1"", ""PsrA/R1""]",0xEE,7
07012647,1,10.14856486733898,0.6292188167572021,"[11, 1, 2, 16, 13, 0, 15]","[""PhlF/P2"", ""AmtR/A1"", ""BetI/E1"", ""SrpR/S1"", ""PsrA/R1"", ""AmeR/F1"", ""QacR/Q2""]",0xEE,7
07012647,1,10.132600450184315,0.6673471927642822,"[11, 1, 0, 5, 17, 8, 15]","[""PhlF/P2"", ""AmtR/A1"", ""AmeR/F1"", ""BM3R1/B3"", ""SrpR/S2"", ""LitR/L1"", ""QacR/Q2""]",0xEE,7
07012647,1,10.254856916981204,0.5491868257522583,"[11, 14, 0, 4, 9, 16, 2]","[""PhlF/P2"", ""QacR/Q1"", ""AmeR/F1"", ""BM3R1/B2"", ""LmrA/N1"", ""SrpR/S1"", ""BetI/E1""]",0xEE,7
07012647,1,10.049472023158748,0.7323822975158691,"[11, 1, 2, 5, 19, 9, 15]","[""PhlF/P2"", ""AmtR/A1"", ""BetI/E1"", ""BM3R1/B3"", ""SrpR/S4"", ""LmrA/N1"", ""QacR/Q2""]",0xEE,7
07012647,1,10.071453196939096,0.7234644889831543,"[11, 1, 19, 5, 2, 9, 15]","[""PhlF/P2"", ""AmtR/A1"", ""SrpR/S4"", ""BM3R1/B3"", ""BetI/E1"", ""LmrA/N1"", ""QacR/Q2""]",0xEE,7
07012647,1,10.272089109252827,0.4923537671566009,"[11, 14, 0, 3, 8, 13, 16]","[""PhlF/P2"", ""QacR/Q1"", ""AmeR/F1"", ""BM3R1/B1"", ""LitR/L1"", ""PsrA/R1"", ""SrpR/S1""]",0xEE,7
07012647,1,6.456431500446872,0.8263194561004639,"[15, 1, 2, 4, 19, 10, 7]","[""QacR/Q2"", ""AmtR/A1"", ""BetI/E1"", ""BM3R1/B2"", ""SrpR/S4"", ""PhlF/P1"", ""IcaRA/I1""]",0xEE,7
07012647,1,10.217777583963446,0.5821323394775391,"[11, 14, 0, 5, 17, 8, 2]","[""PhlF/P2"", ""QacR/Q1"", ""AmeR/F1"", ""BM3R1/B3"", ""SrpR/S2"", ""LitR/L1"", ""BetI/E1""]",0xEE,7
08077746,0,6.289342098591908,0.8396323323249817,"[2, 1, 17, 4, 8, 15, 10]","[""BetI/E1"", ""AmtR/A1"", ""SrpR/S2"", ""BM3R1/B2"", ""LitR/L1"", ""QacR/Q2"", ""PhlF/P1""]",0xEE,7
08077746,0,9.966165512946032,0.7578682899475098,"[11, 1, 19, 4, 8, 15, 2]","[""PhlF/P2"", ""AmtR/A1"", ""SrpR/S4"", ""BM3R1/B2"", ""LitR/L1"", ""QacR/Q2"", ""BetI/E1""]",0xEE,7
08077746,0,8.534651142047462,0.7755094170570374,"[11, 2, 0, 19, 8, 15, 5]","[""PhlF/P2"", ""BetI/E1"", ""AmeR/F1"", ""SrpR/S4"", ""LitR/L1"", ""QacR/Q2"", ""BM3R1/B3""]",0xEE,7
08077746,0,9.792639490790476,0.7631610631942749,"[11, 1, 4, 19, 8, 15, 2]","[""PhlF/P2"", ""AmtR/A1"", ""BM3R1/B2"", ""SrpR/S4"", ""LitR/L1"", ""QacR/Q2"", ""BetI/E1""]",0xEE,7
08077746,0,1.9879485107330466,0.8503124117851257,"[1, 2, 4, 19, 8, 15, 10]","[""AmtR/A1"", ""BetI/E1"", ""BM3R1/B2"", ""SrpR/S4"", ""LitR/L1"", ""QacR/Q2"", ""PhlF/P1""]",0xEE,7
08077746,0,6.877785974442644,0.8362425565719604,"[15, 13, 4, 19, 8, 2, 10]","[""QacR/Q2"", ""PsrA/R1"", ""BM3R1/B2"", ""SrpR/S4"", ""LitR/L1"", ""BetI/E1"", ""PhlF/P1""]",0xEE,7
08077746,1,10.062064753555948,0.7453895807266235,"[11, 1, 19, 5, 8, 15, 2]","[""PhlF/P2"", ""AmtR/A1"", ""SrpR/S4"", ""BM3R1/B3"", ""LitR/L1"", ""QacR/Q2"", ""BetI/E1""]",0xEE,7
08077746,1,10.114684874247187,0.6889667510986328,"[11, 1, 15, 5, 8, 13, 17]","[""PhlF/P2"", ""AmtR/A1"", ""QacR/Q2"", ""BM3R1/B3"", ""LitR/L1"", ""PsrA/R1"", ""SrpR/S2""]",0xEE,7
08077746,1,8.81411106667338,0.7732537984848022,"[11, 19, 2, 1, 6, 7, 4]","[""PhlF/P2"", ""SrpR/S4"", ""BetI/E1"", ""AmtR/A1"", ""HlyIIR/H1"", ""IcaRA/I1"", ""BM3R1/B2""]",0xEE,7
08077746,1,10.11260176724921,0.6924354434013367,"[11, 1, 15, 16, 6, 2, 4]","[""PhlF/P2"", ""AmtR/A1"", ""QacR/Q2"", ""SrpR/S1"", ""HlyIIR/H1"", ""BetI/E1"", ""BM3R1/B2""]",0xEE,7
08077746,1,8.488269453223758,0.7921954393386841,"[11, 15, 1, 19, 6, 2, 4]","[""PhlF/P2"", ""QacR/Q2"", ""AmtR/A1"", ""SrpR/S4"", ""HlyIIR/H1"", ""BetI/E1"", ""BM3R1/B2""]",0xEE,7
08077746,1,10.20585110663749,0.5981050729751587,"[11, 14, 2, 4, 1, 9, 16]","[""PhlF/P2"", ""QacR/Q1"", ""BetI/E1"", ""BM3R1/B2"", ""AmtR/A1"", ""LmrA/N1"", ""SrpR/S1""]",0xEE,7
08077746,1,9.700992814146067,0.767448365688324,"[11, 1, 15, 19, 5, 2, 0]","[""PhlF/P2"", ""AmtR/A1"", ""QacR/Q2"", ""SrpR/S4"", ""BM3R1/B3"", ""BetI/E1"", ""AmeR/F1""]",0xEE,7
08077746,1,10.222533882415664,0.5954914093017578,"[11, 14, 2, 5, 13, 19, 8]","[""PhlF/P2"", ""QacR/Q1"", ""BetI/E1"", ""BM3R1/B3"", ""PsrA/R1"", ""SrpR/S4"", ""LitR/L1""]",0xEE,7
08077746,1,10.292145090449916,0.5302696824073792,"[11, 14, 6, 5, 1, 9, 16]","[""PhlF/P2"", ""QacR/Q1"", ""HlyIIR/H1"", ""BM3R1/B3"", ""AmtR/A1"", ""LmrA/N1"", ""SrpR/S1""]",0xEE,7
08077746,1,10.250822604858406,0.5853344202041626,"[11, 14, 2, 5, 16, 13, 0]","[""PhlF/P2"", ""QacR/Q1"", ""BetI/E1"", ""BM3R1/B3"", ""SrpR/S1"", ""PsrA/R1"", ""AmeR/F1""]",0xEE,7
08077746,1,10.14765211971376,0.6860935688018799,"[11, 1, 2, 5, 6, 13, 19]","[""PhlF/P2"", ""AmtR/A1"", ""BetI/E1"", ""BM3R1/B3"", ""HlyIIR/H1"", ""PsrA/R1"", ""SrpR/S4""]",0xEE,7
08077746,1,10.194191748468727,0.6404712796211243,"[11, 14, 2, 16, 5, 8, 0]","[""PhlF/P2"", ""QacR/Q1"", ""BetI/E1"", ""SrpR/S1"", ""BM3R1/B3"", ""LitR/L1"", ""AmeR/F1""]",0xEE,7
08077746,1,0.01306636638960336,0.8509738445281982,"[2, 10, 15, 19, 6, 7, 4]","[""BetI/E1"", ""PhlF/P1"", ""QacR/Q2"", ""SrpR/S4"", ""HlyIIR/H1"", ""IcaRA/I1"", ""BM3R1/B2""]",0xEE,7
08077746,1,10.165375046222186,0.6661636829376221,"[11, 1, 2, 4, 16, 13, 0]","[""PhlF/P2"", ""AmtR/A1"", ""BetI/E1"", ""BM3R1/B2"", ""SrpR/S1"", ""PsrA/R1"", ""AmeR/F1""]",0xEE,7
08c0d645,0,-0.31238169145130756,0.8725406527519226,"[2, 5, 7, 15, 10, 1, 19]","[""BetI/E1"", ""BM3R1/B3"", ""IcaRA/I1"", ""QacR/Q2"", ""PhlF/P1"", ""AmtR/A1"", ""SrpR/S4""]",0xEE,7
08c0d645,0,9.618444316500657,0.7559273838996887,"[11, 5, 13, 15, 19, 1, 2]","[""PhlF/P2"", ""BM3R1/B3"", ""PsrA/R1"", ""QacR/Q2"", ""SrpR/S4"", ""AmtR/A1"", ""BetI/E1""]",0xEE,7
08c0d645,0,9.345021976693056,0.7737173438072205,"[11, 5, 13, 15, 2, 1, 19]","[""PhlF/P2"", ""BM3R1/B3"", ""PsrA/R1"", ""QacR/Q2"", ""BetI/E1"", ""AmtR/A1"", ""SrpR/S4""]",0xEE,7
08c0d645,0,-0.05641857891701064,0.8700193762779236,"[8, 4, 15, 19, 10, 1, 2]","[""LitR/L1"", ""BM3R1/B2"", ""QacR/Q2"", ""SrpR/S4"", ""PhlF/P1"", ""AmtR/A1"", ""BetI/E1""]",0xEE,7
08c0d645,0,11.003151748509131,0.7122997045516968,"[11, 5, 15, 13, 1, 2, 17]","[""PhlF/P2"", ""BM3R1/B3"", ""QacR/Q2"", ""PsrA/R1"", ""AmtR/A1"", ""BetI/E1"", ""SrpR/S2""]",0xEE,7
08c0d645,0,5.5605419353831556,0.8285466432571411,"[2, 19, 4, 1, 15, 10, 7]","[""BetI/E1"", ""SrpR/S4"", ""BM3R1/B2"", ""AmtR/A1"", ""QacR/Q2"", ""PhlF/P1"", ""IcaRA/I1""]",0xEE,7
08c0d645,0,9.901290073624073,0.7366576790809631,"[11, 19, 15, 13, 1, 5, 2]","[""PhlF/P2"", ""SrpR/S4"", ""QacR/Q2"", ""PsrA/R1"", ""AmtR/A1"", ""BM3R1/B3"", ""BetI/E1""]",0xEE,7
08c0d645,0,3.178235983919363,0.8295609951019287,"[1, 4, 15, 2, 17, 10, 7]","[""AmtR/A1"", ""BM3R1/B2"", ""QacR/Q2"", ""BetI/E1"", ""SrpR/S2"", ""PhlF/P1"", ""IcaRA/I1""]",0xEE,7
08c0d645,0,-0.04553333602767253,0.8599773049354553,"[8, 19, 15, 5, 10, 1, 2]","[""LitR/L1"", ""SrpR/S4"", ""QacR/Q2"", ""BM3R1/B3"", ""PhlF/P1"", ""AmtR/A1"", ""BetI/E1""]",0xEE,7
08c0d645,0,6.608939018893886,0.7961772084236145,"[5, 10, 13, 15, 2, 1, 19]","[""BM3R1/B3"", ""PhlF/P1"", ""PsrA/R1"", ""QacR/Q2"", ""BetI/E1"", ""AmtR/A1"", ""SrpR/S4""]",0xEE,7
08c0d645,0,-0.002592903340106521,0.859578549861908,"[7, 19, 13, 4, 10, 15, 2]","[""IcaRA/I1"", ""SrpR/S4"", ""PsrA/R1"", ""BM3R1/B2"", ""PhlF/P1"", ""QacR/Q2"", ""BetI/E1""]",0xEE,7
08c0d645,0,9.37954600581269,0.7569536566734314,"[11, 4, 13, 15, 19, 1, 2]","[""PhlF/P2"", ""BM3R1/B2"", ""PsrA/R1"", ""QacR/Q2"", ""SrpR/S4"", ""AmtR/A1"", ""BetI/E1""]",0xEE,7
08c0d645,0,7.259819106887897,0.7917763590812683,"[2, 19, 15, 13, 1, 10, 7]","[""BetI/E1"", ""SrpR/S4"", ""QacR/Q2"", ""PsrA/R1"", ""AmtR/A1"", ""PhlF/P1"", ""IcaRA/I1""]",0xEE,7
08c0d645,0,0.7439439806568326,0.8525830507278442,"[15, 1, 19, 4, 2, 10, 8]","[""QacR/Q2"", ""AmtR/A1"", ""SrpR/S4"", ""BM3R1/B2"", ""BetI/E1"", ""PhlF/P1"", ""LitR/L1""]",0xEE,7
08c0d645,0,11.033655891884997,0.6659331321716309,"[11, 5, 15, 13, 1, 2, 0]","[""PhlF/P2"", ""BM3R1/B3"", ""QacR/Q2"", ""PsrA/R1"", ""AmtR/A1"", ""BetI/E1"", ""AmeR/F1""]",0xEE,7
08c0d645,0,3.043390475666408,0.8485704064369202,"[1, 19, 15, 2, 5, 10, 7]","[""AmtR/A1"", ""SrpR/S4"", ""QacR/Q2"", ""BetI/E1"", ""BM3R1/B3"", ""PhlF/P1"", ""IcaRA/I1""]",0xEE,7
08c0d645,0,6.071996159317104,0.797429084777832,"[15, 19, 4, 1, 13, 10, 7]","[""QacR/Q2"", ""SrpR/S4"", ""BM3R1/B2"", ""AmtR/A1"", ""PsrA/R1"", ""PhlF/P1"", ""IcaRA/I1""]",0xEE,7
08c0d645,0,9.973473073231803,0.7190311551094055,"[11, 4, 2, 13, 19, 8, 15]","[""PhlF/P2"", ""BM3R1/B2"", ""BetI/E1"", ""PsrA/R1"", ""SrpR/S4"", ""LitR/L1"", ""QacR/Q2""]",0xEE,7
08c0d645,0,9.929305370601817,0.7293407917022705,"[11, 5, 13, 15, 1, 17, 2]","[""PhlF/P2"", ""BM3R1/B3"", ""PsrA/R1"", ""QacR/Q2"", ""AmtR/A1"", ""SrpR/S2"", ""BetI/E1""]",0xEE,7
08c0d645,0,6.0481645512707525,0.816685140132904,"[15, 2, 5, 1, 19, 10, 7]","[""QacR/Q2"", ""BetI/E1"", ""BM3R1/B3"", ""AmtR/A1"", ""SrpR/S4"", ""PhlF/P1"", ""IcaRA/I1""]",0xEE,7
08c0d645,0,9.805530556388547,0.7549903988838196,"[11, 4, 2, 13, 1, 19, 15]","[""PhlF/P2"", ""BM3R1/B2"", ""BetI/E1"", ""PsrA/R1"", ""AmtR/A1"", ""SrpR/S4"", ""QacR/Q2""]",0xEE,7
08c0d645,0,9.879773088441803,0.7417717576026917,"[11, 19, 15, 13, 1, 4, 2]","[""PhlF/P2"", ""SrpR/S4"", ""QacR/Q2"", ""PsrA/R1"", ""AmtR/A1"", ""BM3R1/B2"", ""BetI/E1""]",0xEE,7
08c0d645,0,10.149451918630389,0.7130517363548279,"[11, 19, 15, 13, 1, 8, 2]","[""PhlF/P2"", ""SrpR/S4"", ""QacR/Q2"", ""PsrA/R1"", ""AmtR/A1"", ""LitR/L1"", ""BetI/E1""]",0xEE,7
08c0d645,0,1.1111749999227705,0.8497552871704102,"[1, 4, 19, 15, 2, 10, 7]","[""AmtR/A1"", ""BM3R1/B2"", ""SrpR/S4"", ""QacR/Q2"", ""BetI/E1"", ""PhlF/P1"", ""IcaRA/I1""]",0xEE,7
08c0d645,0,7.774769468574387,0.7804571986198425,"[2, 5, 15, 12, 13, 1, 19]","[""BetI/E1"", ""BM3R1/B3"", ""QacR/Q2"", ""PhlF/P3"", ""PsrA/R1"", ""AmtR/A1"", ""SrpR/S4""]",0xEE,7
08c0d645,1,6.7414643118273485,0.7923328280448914,"[15, 4, 19, 13, 2, 10, 7]","[""QacR/Q2"", ""BM3R1/B2"", ""SrpR/S4"", ""PsrA/R1"", ""BetI/E1"", ""PhlF/P1"", ""IcaRA/I1""]",0xEE,7
0e00a42e,0,6.722158069698345,0.651962161064148,"[2, 14, 11, 4, 1, 17]","[""BetI/E1"", ""QacR/Q1"", ""PhlF/P2"", ""BM3R1/B2"", ""AmtR/A1"", ""SrpR/S2""]",0x4D,6
0e00a42e,0,6.529786901007252,0.6765616536140442,"[2, 14, 11, 19, 4, 1]","[""BetI/E1"", ""QacR/Q1"", ""PhlF/P2"", ""SrpR/S4"", ""BM3R1/B2"", ""AmtR/A1""]",0x4D,6
0e00a42e,0,6.47627786008364,0.7094171047210693,"[2, 14, 11, 19, 5, 1]","[""BetI/E1"", ""QacR/Q1"", ""PhlF/P2"", ""SrpR/S4"", ""BM3R1/B3"", ""AmtR/A1""]",0x4D,6
0e00a42e,0,4.852402921643224,0.8110844492912292,"[2, 15, 11, 5, 1, 19]","[""BetI/E1"", ""QacR/Q2"", ""PhlF/P2"", ""BM3R1/B3"", ""AmtR/A1"", ""SrpR/S4""]",0x4D,6
0e00a42e,0,5.918824849099122,0.7926541566848755,"[2, 19, 11, 4, 1, 15]","[""BetI/E1"", ""SrpR/S4"", ""PhlF/P2"", ""BM3R1/B2"", ""AmtR/A1"", ""QacR/Q2""]",0x4D,6
0e00a42e,0,5.851364463757548,0.8000996112823486,"[2, 19, 11, 5, 1, 15]","[""BetI/E1"", ""SrpR/S4"", ""PhlF/P2"", ""BM3R1/B3"", ""AmtR/A1"", ""QacR/Q2""]",0x4D,6
0e00a42e,0,-0.03439077953216436,0.8568170070648193,"[10, 1, 19, 2, 5, 15]","[""PhlF/P1"", ""AmtR/A1"", ""SrpR/S4"", ""BetI/E1"", ""BM3R1/B3"", ""QacR/Q2""]",0x4D,6
0e00a42e,0,-0.0878026652431618,0.8698773980140686,"[10, 2, 19, 4, 1, 15]","[""PhlF/P1"", ""BetI/E1"", ""SrpR/S4"", ""BM3R1/B2"", ""AmtR/A1"", ""QacR/Q2""]",0x4D,6
0e00a42e,0,5.956389983653763,0.726606547832489,"[15, 11, 2, 19, 3, 1]","[""QacR/Q2"", ""PhlF/P2"", ""BetI/E1"", ""SrpR/S4"", ""BM3R1/B1"", ""AmtR/A1""]",0x4D,6
0e00a42e,0,5.865524490558759,0.7953311204910278,"[15, 19, 11, 4, 1, 2]","[""QacR/Q2"", ""SrpR/S4"", ""PhlF/P2"", ""BM3R1/B2"", ""AmtR/A1"", ""BetI/E1""]",0x4D,6
0e00a42e,0,6.564190318134763,0.6718778610229492,"[17, 14, 11, 4, 1, 2]","[""SrpR/S2"", ""QacR/Q1"", ""PhlF/P2"", ""BM3R1/B2"", ""AmtR/A1"", ""BetI/E1""]",0x4D,6
0e00a42e,0,6.579494914330568,0.6608532667160034,"[18, 14, 11, 4, 1, 2]","[""SrpR/S3"", ""QacR/Q1"", ""PhlF/P2"", ""BM3R1/B2"", ""AmtR/A1"", ""BetI/E1""]",0x4D,6
0e00a42e,0,1.970614378553086,0.8368455171585083,"[19, 1, 2, 10, 5, 15]","[""SrpR/S4"", ""AmtR/A1"", ""BetI/E1"", ""PhlF/P1"", ""BM3R1/B3"", ""QacR/Q2""]",0x4D,6
0e00a42e,0,2.348177839857127,0.8240412473678589,"[19, 1, 11, 2, 5, 15]","[""SrpR/S4"", ""AmtR/A1"", ""PhlF/P2"", ""BetI/E1"", ""BM3R1/B3"", ""QacR/Q2""]",0x4D,6
0e00a42e,0,4.214741693822357,0.8133746385574341,"[19, 1, 11, 4, 2, 15]","[""SrpR/S4"", ""AmtR/A1"", ""PhlF/P2"", ""BM3R1/B2"", ""BetI/E1"", ""QacR/Q2""]",0x4D,6
0e00a42e,0,4.18450340583062,0.8181424140930176,"[19, 2, 11, 4, 1, 15]","[""SrpR/S4"", ""BetI/E1"", ""PhlF/P2"", ""BM3R1/B2"", ""AmtR/A1"", ""QacR/Q2""]",0x4D,6
0e00a42e,0,5.984693550485562,0.7109388709068298,"[19, 14, 11, 2, 5, 1]","[""SrpR/S4"", ""QacR/Q1"", ""PhlF/P2"", ""BetI/E1"", ""BM3R1/B3"", ""AmtR/A1""]",0x4D,6
0e00a42e,1,6.688111015223443,0.6556234359741211,"[2, 11, 14, 13, 19, 1]","[""BetI/E1"", ""PhlF/P2"", ""QacR/Q1"", ""PsrA/R1"", ""SrpR/S4"", ""AmtR/A1""]",0x4D,6
0e00a42e,1,6.540273863259783,0.6754547953605652,"[2, 11, 14, 19, 5, 1]","[""BetI/E1"", ""PhlF/P2"", ""QacR/Q1"", ""SrpR/S4"", ""BM3R1/B3"", ""AmtR/A1""]",0x4D,6
0973762a,0,4.962284254338788,0.7125550508499146,"[1, 13, 5, 2, 19, 15, 11]","[""AmtR/A1"", ""PsrA/R1"", ""BM3R1/B3"", ""BetI/E1"", ""SrpR/S4"", ""QacR/Q2"", ""PhlF/P2""]",0x4D,7
0973762a,0,5.18717882228452,0.7024012804031372,"[19, 2, 5, 15, 1, 13, 11]","[""SrpR/S4"", ""BetI/E1"", ""BM3R1/B3"", ""QacR/Q2"", ""AmtR/A1"", ""PsrA/R1"", ""PhlF/P2""]",0x4D,7
0973762a,0,6.432909238427591,0.5719010829925537,"[2, 13, 14, 16, 4, 1, 11]","[""BetI/E1"", ""PsrA/R1"", ""QacR/Q1"", ""SrpR/S1"", ""BM3R1/B2"", ""AmtR/A1"", ""PhlF/P2""]",0x4D,7
0973762a,0,6.222044286450489,0.5930616855621338,"[19, 2, 3, 14, 8, 13, 11]","[""SrpR/S4"", ""BetI/E1"", ""BM3R1/B1"", ""QacR/Q1"", ""LitR/L1"", ""PsrA/R1"", ""PhlF/P2""]",0x4D,7
0973762a,0,3.745723556075643,0.7310974597930908,"[19, 5, 2, 10, 1, 13, 15]","[""SrpR/S4"", ""BM3R1/B3"", ""BetI/E1"", ""PhlF/P1"", ""AmtR/A1"", ""PsrA/R1"", ""QacR/Q2""]",0x4D,7
0973762a,0,6.184980490805797,0.6123499870300293,"[19, 15, 3, 6, 2, 13, 11]","[""SrpR/S4"", ""QacR/Q2"", ""BM3R1/B1"", ""HlyIIR/H1"", ""BetI/E1"", ""PsrA/R1"", ""PhlF/P2""]",0x4D,7
0973762a,0,4.4833874903491715,0.7221823930740356,"[19, 13, 1, 2, 5, 15, 11]","[""SrpR/S4"", ""PsrA/R1"", ""AmtR/A1"", ""BetI/E1"", ""BM3R1/B3"", ""QacR/Q2"", ""PhlF/P2""]",0x4D,7
0973762a,0,2.913528598957685,0.7506669163703918,"[1, 0, 5, 15, 2, 11, 19]","[""AmtR/A1"", ""AmeR/F1"", ""BM3R1/B3"", ""QacR/Q2"", ""BetI/E1"", ""PhlF/P2"", ""SrpR/S4""]",0x4D,7
0973762a,0,4.541549466697287,0.714570164680481,"[1, 17, 5, 15, 2, 13, 11]","[""AmtR/A1"", ""SrpR/S2"", ""BM3R1/B3"", ""QacR/Q2"", ""BetI/E1"", ""PsrA/R1"", ""PhlF/P2""]",0x4D,7
0973762a,0,5.6771109760665555,0.6795483827590942,"[19, 15, 5, 6, 2, 13, 11]","[""SrpR/S4"", ""QacR/Q2"", ""BM3R1/B3"", ""HlyIIR/H1"", ""BetI/E1"", ""PsrA/R1"", ""PhlF/P2""]",0x4D,7
0973762a,0,6.103459585713844,0.6579878330230713,"[19, 15, 3, 8, 2, 13, 11]","[""SrpR/S4"", ""QacR/Q2"", ""BM3R1/B1"", ""LitR/L1"", ""BetI/E1"", ""PsrA/R1"", ""PhlF/P2""]",0x4D,7
0973762a,0,3.730969150801193,0.7427090406417847,"[2, 4, 1, 19, 6, 15, 11]","[""BetI/E1"", ""BM3R1/B2"", ""AmtR/A1"", ""SrpR/S4"", ""HlyIIR/H1"", ""QacR/Q2"", ""PhlF/P2""]",0x4D,7
0973762a,0,4.974816646310306,0.7100235223770142,"[1, 15, 5, 2, 19, 13, 11]","[""AmtR/A1"", ""QacR/Q2"", ""BM3R1/B3"", ""BetI/E1"", ""SrpR/S4"", ""PsrA/R1"", ""PhlF/P2""]",0x4D,7
0973762a,0,4.050537042614151,0.7232649922370911,"[19, 4, 1, 10, 14, 13, 2]","[""SrpR/S4"", ""BM3R1/B2"", ""AmtR/A1"", ""PhlF/P1"", ""QacR/Q1"", ""PsrA/R1"", ""BetI/E1""]",0x4D,7
0973762a,0,0.41364419717991724,0.7839285135269165,"[17, 0, 15, 5, 10, 1, 2]","[""SrpR/S2"", ""AmeR/F1"", ""QacR/Q2"", ""BM3R1/B3"", ""PhlF/P1"", ""AmtR/A1"", ""BetI/E1""]",0x4D,7
0973762a,1,2.409059007860096,0.7559151649475098,"[5, 2, 1, 10, 13, 19, 15]","[""BM3R1/B3"", ""BetI/E1"", ""AmtR/A1"", ""PhlF/P1"", ""PsrA/R1"", ""SrpR/S4"", ""QacR/Q2""]",0x4D,7
0973762a,1,0.056967243389277236,0.7977041006088257,"[4, 2, 13, 19, 15, 10, 1]","[""BM3R1/B2"", ""BetI/E1"", ""PsrA/R1"", ""SrpR/S4"", ""QacR/Q2"", ""PhlF/P1"", ""AmtR/A1""]",0x4D,7
0973762a,1,3.601918672627204,0.7498109340667725,"[13, 17, 2, 10, 15, 5, 1]","[""PsrA/R1"", ""SrpR/S2"", ""BetI/E1"", ""PhlF/P1"", ""QacR/Q2"", ""BM3R1/B3"", ""AmtR/A1""]",0x4D,7
0973762a,1,3.8649597262844275,0.7308270931243896,"[11, 15, 19, 2, 13, 5, 1]","[""PhlF/P2"", ""QacR/Q2"", ""SrpR/S4"", ""BetI/E1"", ""PsrA/R1"", ""BM3R1/B3"", ""AmtR/A1""]",0x4D,7
0973762a,1,2.3884481653670018,0.7780261039733887,"[4, 13, 1, 10, 2, 19, 15]","[""BM3R1/B2"", ""PsrA/R1"", ""AmtR/A1"", ""PhlF/P1"", ""BetI/E1"", ""SrpR/S4"", ""QacR/Q2""]",0x4D,7
0973762a,1,-1.4465785850356594,0.797788143157959,"[1, 0, 4, 15, 2, 10, 19]","[""AmtR/A1"", ""AmeR/F1"", ""BM3R1/B2"", ""QacR/Q2"", ""BetI/E1"", ""PhlF/P1"", ""SrpR/S4""]",0x4D,7
0b104926,0,5.090035026026668,0.6643320322036743,"[19, 3, 15, 1, 2, 13, 11]","[""SrpR/S4"", ""BM3R1/B1"", ""QacR/Q2"", ""AmtR/A1"", ""BetI/E1"", ""PsrA/R1"", ""PhlF/P2""]",0x4D,7
0b104926,0,4.343200357333029,0.7488481998443604,"[2, 1, 13, 4, 15, 19, 11]","[""BetI/E1"", ""AmtR/A1"", ""PsrA/R1"", ""BM3R1/B2"", ""QacR/Q2"", ""SrpR/S4"", ""PhlF/P2""]",0x4D,7
0b104926,0,4.535941925649281,0.7149139046669006,"[15, 5, 19, 1, 2, 13, 11]","[""QacR/Q2"", ""BM3R1/B3"", ""SrpR/S4"", ""AmtR/A1"", ""BetI/E1"", ""PsrA/R1"", ""PhlF/P2""]",0x4D,7
0b104926,0,4.743583796037671,0.7127490043640137,"[17, 5, 2, 1, 15, 13, 11]","[""SrpR/S2"", ""BM3R1/B3"", ""BetI/E1"", ""AmtR/A1"", ""QacR/Q2"", ""PsrA/R1"", ""PhlF/P2""]",0x4D,7
0b104926,0,6.244132245367735,0.4769327640533447,"[14, 3, 19, 6, 2, 13, 11]","[""QacR/Q1"", ""BM3R1/B1"", ""SrpR/S4"", ""HlyIIR/H1"", ""BetI/E1"", ""PsrA/R1"", ""PhlF/P2""]",0x4D,7
0b104926,0,-0.03996933537355668,0.7709566354751587,"[5, 1, 0, 2, 15, 10, 19]","[""BM3R1/B3"", ""AmtR/A1"", ""AmeR/F1"", ""BetI/E1"", ""QacR/Q2"", ""PhlF/P1"", ""SrpR/S4""]",0x4D,7
0b104926,0,-0.014113515089629743,0.7637628316879272,"[2, 1, 13, 19, 10, 15, 4]","[""BetI/E1"", ""AmtR/A1"", ""PsrA/R1"", ""SrpR/S4"", ""PhlF/P1"", ""QacR/Q2"", ""BM3R1/B2""]",0x4D,7
0b104926,0,-0.07780153083261508,0.7721976041793823,"[2, 1, 0, 19, 5, 15, 10]","[""BetI/E1"", ""AmtR/A1"", ""AmeR/F1"", ""SrpR/S4"", ""BM3R1/B3"", ""QacR/Q2"", ""PhlF/P1""]",0x4D,7
0b104926,0,0.7688169307454756,0.763568103313446,"[17, 15, 0, 10, 5, 1, 2]","[""SrpR/S2"", ""QacR/Q2"", ""AmeR/F1"", ""PhlF/P1"", ""BM3R1/B3"", ""AmtR/A1"", ""BetI/E1""]",0x4D,7
0b104926,0,2.083788663849965,0.7532999515533447,"[2, 5, 17, 10, 1, 15, 13]","[""BetI/E1"", ""BM3R1/B3"", ""SrpR/S2"", ""PhlF/P1"", ""AmtR/A1"", ""QacR/Q2"", ""PsrA/R1""]",0x4D,7
0b104926,0,-1.4167061223106163,0.7839072942733765,"[10, 1, 4, 0, 15, 2, 19]","[""PhlF/P1"", ""AmtR/A1"", ""BM3R1/B2"", ""AmeR/F1"", ""QacR/Q2"", ""BetI/E1"", ""SrpR/S4""]",0x4D,7
0b104926,0,1.8205999875587133,0.7582869529724121,"[2, 1, 4, 10, 13, 15, 19]","[""BetI/E1"", ""AmtR/A1"", ""BM3R1/B2"", ""PhlF/P1"", ""PsrA/R1"", ""QacR/Q2"", ""SrpR/S4""]",0x4D,7
0b104926,0,5.759771279477508,0.6081636548042297,"[2, 14, 13, 19, 5, 1, 11]","[""BetI/E1"", ""QacR/Q1"", ""PsrA/R1"", ""SrpR/S4"", ""BM3R1/B3"", ""AmtR/A1"", ""PhlF/P2""]",0x4D,7
0b104926,0,-0.929748821739752,0.7803717255592346,"[10, 2, 4, 0, 15, 1, 19]","[""PhlF/P1"", ""BetI/E1"", ""BM3R1/B2"", ""AmeR/F1"", ""QacR/Q2"", ""AmtR/A1"", ""SrpR/S4""]",0x4D,7
0b104926,0,3.4435823865428463,0.7492722272872925,"[4, 19, 1, 10, 15, 2, 13]","[""BM3R1/B2"", ""SrpR/S4"", ""AmtR/A1"", ""PhlF/P1"", ""QacR/Q2"", ""BetI/E1"", ""PsrA/R1""]",0x4D,7
0b104926,1,-0.7002697555494236,0.7745019197463989,"[4, 19, 0, 2, 1, 10, 15]","[""BM3R1/B2"", ""SrpR/S4"", ""AmeR/F1"", ""BetI/E1"", ""AmtR/A1"", ""PhlF/P1"", ""QacR/Q2""]",0x4D,7
0b104926,1,6.347793548959891,0.4100377559661865,"[2, 14, 4, 16, 1, 7, 11]","[""BetI/E1"", ""QacR/Q1"", ""BM3R1/B2"", ""SrpR/S1"", ""AmtR/A1"", ""IcaRA/I1"", ""PhlF/P2""]",0x4D,7
0b104926,1,2.659431423818547,0.7512022256851196,"[4, 1, 17, 10, 13, 2, 15]","[""BM3R1/B2"", ""AmtR/A1"", ""SrpR/S2"", ""PhlF/P1"", ""PsrA/R1"", ""BetI/E1"", ""QacR/Q2""]",0x4D,7
0b104926,1,5.0624370198299555,0.6950420141220093,"[13, 2, 4, 1, 17, 15, 11]","[""PsrA/R1"", ""BetI/E1"", ""BM3R1/B2"", ""AmtR/A1"", ""SrpR/S2"", ""QacR/Q2"", ""PhlF/P2""]",0x4D,7
0b104926,1,4.91106734522823,0.7088456749916077,"[13, 4, 19, 2, 1, 15, 11]","[""PsrA/R1"", ""BM3R1/B2"", ""SrpR/S4"", ""BetI/E1"", ""AmtR/A1"", ""QacR/Q2"", ""PhlF/P2""]",0x4D,7
0b104926,1,5.591165059926013,0.6427351236343384,"[2, 19, 1, 8, 15, 13, 11]","[""BetI/E1"", ""SrpR/S4"", ""AmtR/A1"", ""LitR/L1"", ""QacR/Q2"", ""PsrA/R1"", ""PhlF/P2""]",0x4D,7
0b104926,1,6.0634202631863765,0.5649591684341431,"[17, 14, 13, 5, 2, 1, 11]","[""SrpR/S2"", ""QacR/Q1"", ""PsrA/R1"", ""BM3R1/B3"", ""BetI/E1"", ""AmtR/A1"", ""PhlF/P2""]",0x4D,7
121452f9,0,8.728708062854178,0.9066855311393738,"[10, 15, 4, 1]","[""PhlF/P1"", ""QacR/Q2"", ""BM3R1/B2"", ""AmtR/A1""]",0xCC,4
121452f9,0,8.741560181914574,0.9016410708427428,"[10, 15, 4, 2]","[""PhlF/P1"", ""QacR/Q2"", ""BM3R1/B2"", ""BetI/E1""]",0xCC,4
121452f9,0,8.670777792473158,0.9317149519920348,"[10, 19, 4, 1]","[""PhlF/P1"", ""SrpR/S4"", ""BM3R1/B2"", ""AmtR/A1""]",0xCC,4
121452f9,0,0.49967390178291227,0.937978208065033,"[15, 4, 1, 10]","[""QacR/Q2"", ""BM3R1/B2"", ""AmtR/A1"", ""PhlF/P1""]",0xCC,4
121452f9,1,9.625404630720922,0.8644833564758301,"[5, 2, 10, 15]","[""BM3R1/B3"", ""BetI/E1"", ""PhlF/P1"", ""QacR/Q2""]",0xCC,4
121452f9,1,9.001509733403472,0.8960562944412231,"[5, 2, 10, 19]","[""BM3R1/B3"", ""BetI/E1"", ""PhlF/P1"", ""SrpR/S4""]",0xCC,4
121452f9,1,9.230170143632558,0.870667576789856,"[5, 15, 10, 2]","[""BM3R1/B3"", ""QacR/Q2"", ""PhlF/P1"", ""BetI/E1""]",0xCC,4
121452f9,1,8.931404092714168,0.8992679119110107,"[10, 5, 15, 19]","[""PhlF/P1"", ""BM3R1/B3"", ""QacR/Q2"", ""SrpR/S4""]",0xCC,4
121452f9,1,9.05359333780771,0.8875807523727417,"[10, 19, 15, 4]","[""PhlF/P1"", ""SrpR/S4"", ""QacR/Q2"", ""BM3R1/B2""]",0xCC,4
121452f9,1,11.412598401446923,0.8455939292907715,"[16, 10, 2, 4]","[""SrpR/S1"", ""PhlF/P1"", ""BetI/E1"", ""BM3R1/B2""]",0xCC,4
121452f9,1,11.392986984203207,0.8474111557006836,"[16, 10, 15, 4]","[""SrpR/S1"", ""PhlF/P1"", ""QacR/Q2"", ""BM3R1/B2""]",0xCC,4
121452f9,1,11.437413779120648,0.7793875932693481,"[16, 13, 2, 4]","[""SrpR/S1"", ""PsrA/R1"", ""BetI/E1"", ""BM3R1/B2""]",0xCC,4
0489dcd5,0,10.056045598653842,0.7944893836975098,"[11, 2, 19, 4, 15]","[""PhlF/P2"", ""BetI/E1"", ""SrpR/S4"", ""BM3R1/B2"", ""QacR/Q2""]",0xCC,5
0489dcd5,0,11.897478236049132,0.6321006417274475,"[11, 5, 0, 16, 13]","[""PhlF/P2"", ""BM3R1/B3"", ""AmeR/F1"", ""SrpR/S1"", ""PsrA/R1""]",0xCC,5
0489dcd5,1,5.85156643937936,0.8639467358589172,"[2, 4, 1, 10, 15]","[""BetI/E1"", ""BM3R1/B2"", ""AmtR/A1"", ""PhlF/P1"", ""QacR/Q2""]",0xCC,5
0489dcd5,1,5.751455796967817,0.8733058571815491,"[2, 4, 1, 10, 19]","[""BetI/E1"", ""BM3R1/B2"", ""AmtR/A1"", ""PhlF/P1"", ""SrpR/S4""]",0xCC,5
0489dcd5,1,6.008353730531914,0.8626665472984314,"[2, 4, 19, 10, 15]","[""BetI/E1"", ""BM3R1/B2"", ""SrpR/S4"", ""PhlF/P1"", ""QacR/Q2""]",0xCC,5
0489dcd5,1,6.6653350496468144,0.8496827483177185,"[2, 19, 5, 10, 15]","[""BetI/E1"", ""SrpR/S4"", ""BM3R1/B3"", ""PhlF/P1"", ""QacR/Q2""]",0xCC,5
0489dcd5,1,11.605312554089751,0.7089550495147705,"[11, 2, 15, 3, 13]","[""PhlF/P2"", ""BetI/E1"", ""QacR/Q2"", ""BM3R1/B1"", ""PsrA/R1""]",0xCC,5
0489dcd5,1,11.099497263580917,0.7691290974617004,"[11, 2, 15, 5, 13]","[""PhlF/P2"", ""BetI/E1"", ""QacR/Q2"", ""BM3R1/B3"", ""PsrA/R1""]",0xCC,5
0489dcd5,1,10.011365645491116,0.8049346208572388,"[11, 2, 19, 5, 15]","[""PhlF/P2"", ""BetI/E1"", ""SrpR/S4"", ""BM3R1/B3"", ""QacR/Q2""]",0xCC,5
0489dcd5,1,9.536333074284599,0.8264333009719849,"[11, 4, 2, 19, 15]","[""PhlF/P2"", ""BM3R1/B2"", ""BetI/E1"", ""SrpR/S4"", ""QacR/Q2""]",0xCC,5
0489dcd5,1,11.549011408494625,0.735225260257721,"[11, 4, 15, 8, 13]","[""PhlF/P2"", ""BM3R1/B2"", ""QacR/Q2"", ""LitR/L1"", ""PsrA/R1""]",0xCC,5
0489dcd5,1,11.672595399184623,0.7041367888450623,"[11, 4, 15, 16, 13]","[""PhlF/P2"", ""BM3R1/B2"", ""QacR/Q2"", ""SrpR/S1"", ""PsrA/R1""]",0xCC,5
0489dcd5,1,8.729740219754198,0.8384036421775818,"[11, 4, 15, 19, 2]","[""PhlF/P2"", ""BM3R1/B2"", ""QacR/Q2"", ""SrpR/S4"", ""BetI/E1""]",0xCC,5
0489dcd5,1,10.347411453685584,0.7913592457771301,"[11, 4, 15, 19, 13]","[""PhlF/P2"", ""BM3R1/B2"", ""QacR/Q2"", ""SrpR/S4"", ""PsrA/R1""]",0xCC,5
0489dcd5,1,11.739768251107378,0.67864590883255,"[11, 5, 1, 16, 13]","[""PhlF/P2"", ""BM3R1/B3"", ""AmtR/A1"", ""SrpR/S1"", ""PsrA/R1""]",0xCC,5
0489dcd5,1,11.77588451649644,0.6762757897377014,"[11, 5, 15, 16, 13]","[""PhlF/P2"", ""BM3R1/B3"", ""QacR/Q2"", ""SrpR/S1"", ""PsrA/R1""]",0xCC,5
0489dcd5,1,10.461342049780647,0.7712697386741638,"[11, 5, 15, 19, 13]","[""PhlF/P2"", ""BM3R1/B3"", ""QacR/Q2"", ""SrpR/S4"", ""PsrA/R1""]",0xCC,5
0489dcd5,1,11.913864737504179,0.5097505450248718,"[11, 14, 0, 16, 13]","[""PhlF/P2"", ""QacR/Q1"", ""AmeR/F1"", ""SrpR/S1"", ""PsrA/R1""]",0xCC,5
0489dcd5,1,11.134023278587039,0.7529932856559753,"[11, 15, 2, 5, 13]","[""PhlF/P2"", ""QacR/Q2"", ""BetI/E1"", ""BM3R1/B3"", ""PsrA/R1""]",0xCC,5
0489dcd5,1,11.836065865777618,0.6454632878303528,"[11, 16, 15, 3, 13]","[""PhlF/P2"", ""SrpR/S1"", ""QacR/Q2"", ""BM3R1/B1"", ""PsrA/R1""]",0xCC,5
0489dcd5,1,5.776381423391359,0.8721560835838318,"[15, 4, 1, 10, 19]","[""QacR/Q2"", ""BM3R1/B2"", ""AmtR/A1"", ""PhlF/P1"", ""SrpR/S4""]",0xCC,5
0489dcd5,1,5.709473643108732,0.8807404041290283,"[15, 4, 2, 10, 1]","[""QacR/Q2"", ""BM3R1/B2"", ""BetI/E1"", ""PhlF/P1"", ""AmtR/A1""]",0xCC,5
0489dcd5,1,5.303357547835353,0.8843634128570557,"[15, 4, 2, 10, 19]","[""QacR/Q2"", ""BM3R1/B2"", ""BetI/E1"", ""PhlF/P1"", ""SrpR/S4""]",0xCC,5
0489dcd5,1,6.617287420300306,0.8617521524429321,"[19, 4, 2, 10, 15]","[""SrpR/S4"", ""BM3R1/B2"", ""BetI/E1"", ""PhlF/P1"", ""QacR/Q2""]",0xCC,5
0489dcd5,1,5.817591778244215,0.8664633631706238,"[19, 4, 15, 10, 2]","[""SrpR/S4"", ""BM3R1/B2"", ""QacR/Q2"", ""PhlF/P1"", ""BetI/E1""]",0xCC,5
05ce3955,0,11.633668317943826,0.6114557981491089,"[2, 3, 13, 16, 11]","[""BetI/E1"", ""BM3R1/B1"", ""PsrA/R1"", ""SrpR/S1"", ""PhlF/P2""]",0xCC,5
05ce3955,0,11.681382982241683,0.5174791812896729,"[14, 3, 13, 16, 11]","[""QacR/Q1"", ""BM3R1/B1"", ""PsrA/R1"", ""SrpR/S1"", ""PhlF/P2""]",0xCC,5
05ce3955,0,11.648058218416766,0.60727858543396,"[15, 3, 13, 16, 11]","[""QacR/Q2"", ""BM3R1/B1"", ""PsrA/R1"", ""SrpR/S1"", ""PhlF/P2""]",0xCC,5
05ce3955,0,9.021556970121793,0.8199870586395264,"[19, 2, 15, 5, 11]","[""SrpR/S4"", ""BetI/E1"", ""QacR/Q2"", ""BM3R1/B3"", ""PhlF/P2""]",0xCC,5
05ce3955,1,9.225227445987612,0.8090421557426453,"[1, 19, 15, 5, 11]","[""AmtR/A1"", ""SrpR/S4"", ""QacR/Q2"", ""BM3R1/B3"", ""PhlF/P2""]",0xCC,5
05ce3955,1,6.9152270218804155,0.8484708666801453,"[2, 5, 12, 19, 15]","[""BetI/E1"", ""BM3R1/B3"", ""PhlF/P3"", ""SrpR/S4"", ""QacR/Q2""]",0xCC,5
05ce3955,1,11.478376372327483,0.7109230160713196,"[2, 5, 13, 16, 11]","[""BetI/E1"", ""BM3R1/B3"", ""PsrA/R1"", ""SrpR/S1"", ""PhlF/P2""]",0xCC,5
05ce3955,1,10.280846648429122,0.7569709420204163,"[2, 5, 15, 16, 11]","[""BetI/E1"", ""BM3R1/B3"", ""QacR/Q2"", ""SrpR/S1"", ""PhlF/P2""]",0xCC,5
05ce3955,1,7.966352304443107,0.8479757308959961,"[2, 5, 15, 19, 11]","[""BetI/E1"", ""BM3R1/B3"", ""QacR/Q2"", ""SrpR/S4"", ""PhlF/P2""]",0xCC,5
05ce3955,1,10.335319608987465,0.7340138554573059,"[2, 8, 13, 5, 11]","[""BetI/E1"", ""LitR/L1"", ""PsrA/R1"", ""BM3R1/B3"", ""PhlF/P2""]",0xCC,5
05ce3955,1,11.550199448368662,0.6560177803039551,"[2, 8, 13, 16, 11]","[""BetI/E1"", ""LitR/L1"", ""PsrA/R1"", ""SrpR/S1"", ""PhlF/P2""]",0xCC,5
05ce3955,1,6.828475877857093,0.8521480560302734,"[2, 10, 15, 5, 19]","[""BetI/E1"", ""PhlF/P1"", ""QacR/Q2"", ""BM3R1/B3"", ""SrpR/S4""]",0xCC,5
05ce3955,1,10.435005084852726,0.7251871824264526,"[2, 19, 13, 3, 11]","[""BetI/E1"", ""SrpR/S4"", ""PsrA/R1"", ""BM3R1/B1"", ""PhlF/P2""]",0xCC,5
05ce3955,1,9.51190197786829,0.7979550957679749,"[2, 19, 13, 4, 11]","[""BetI/E1"", ""SrpR/S4"", ""PsrA/R1"", ""BM3R1/B2"", ""PhlF/P2""]",0xCC,5
05ce3955,1,10.130519975392652,0.7900556325912476,"[2, 19, 13, 5, 11]","[""BetI/E1"", ""SrpR/S4"", ""PsrA/R1"", ""BM3R1/B3"", ""PhlF/P2""]",0xCC,5
05ce3955,1,8.684145589687727,0.8285608887672424,"[2, 19, 15, 4, 11]","[""BetI/E1"", ""SrpR/S4"", ""QacR/Q2"", ""BM3R1/B2"", ""PhlF/P2""]",0xCC,5
05ce3955,1,8.992948100831736,0.8262335658073425,"[2, 19, 15, 5, 11]","[""BetI/E1"", ""SrpR/S4"", ""QacR/Q2"", ""BM3R1/B3"", ""PhlF/P2""]",0xCC,5
05ce3955,1,-0.39061810673703706,0.9084340929985046,"[5, 15, 10, 19, 1]","[""BM3R1/B3"", ""QacR/Q2"", ""PhlF/P1"", ""SrpR/S4"", ""AmtR/A1""]",0xCC,5
05ce3955,1,-0.5933521265046242,0.9084908366203308,"[5, 15, 10, 19, 8]","[""BM3R1/B3"", ""QacR/Q2"", ""PhlF/P1"", ""SrpR/S4"", ""LitR/L1""]",0xCC,5
05ce3955,1,-0.2879143921861882,0.9070641398429872,"[10, 2, 4, 19, 15]","[""PhlF/P1"", ""BetI/E1"", ""BM3R1/B2"", ""SrpR/S4"", ""QacR/Q2""]",0xCC,5
05ce3955,1,3.175510719063195,0.900170624256134,"[10, 5, 2, 19, 15]","[""PhlF/P1"", ""BM3R1/B3"", ""BetI/E1"", ""SrpR/S4"", ""QacR/Q2""]",0xCC,5
05ce3955,1,3.7023674928380466,0.89933842420578,"[10, 5, 15, 19, 2]","[""PhlF/P1"", ""BM3R1/B3"", ""QacR/Q2"", ""SrpR/S4"", ""BetI/E1""]",0xCC,5
05ce3955,1,0.7869993133059852,0.9004909992218018,"[10, 15, 2, 19, 1]","[""PhlF/P1"", ""QacR/Q2"", ""BetI/E1"", ""SrpR/S4"", ""AmtR/A1""]",0xCC,5
05ce3955,1,-0.2020988654000478,0.9034380316734314,"[10, 15, 17, 4, 2]","[""PhlF/P1"", ""QacR/Q2"", ""SrpR/S2"", ""BM3R1/B2"", ""BetI/E1""]",0xCC,5
05ce3955,1,-0.14122615739391547,0.9018386006355286,"[10, 15, 19, 4, 2]","[""PhlF/P1"", ""QacR/Q2"", ""SrpR/S4"", ""BM3R1/B2"", ""BetI/E1""]",0xCC,5
05ce3955,1,11.549383047820704,0.6617794632911682,"[15, 3, 13, 16, 11]","[""QacR/Q2"", ""BM3R1/B1"", ""PsrA/R1"", ""SrpR/S1"", ""PhlF/P2""]",0xCC,5
05ce3955,1,11.485810395763353,0.7091057896614075,"[15, 5, 13, 16, 11]","[""QacR/Q2"", ""BM3R1/B3"", ""PsrA/R1"", ""SrpR/S1"", ""PhlF/P2""]",0xCC,5
05ce3955,1,10.412694526946703,0.7298182845115662,"[15, 8, 13, 5, 11]","[""QacR/Q2"", ""LitR/L1"", ""PsrA/R1"", ""BM3R1/B3"", ""PhlF/P2""]",0xCC,5
05ce3955,1,11.576011412732132,0.6483868956565857,"[15, 8, 13, 16, 11]","[""QacR/Q2"", ""LitR/L1"", ""PsrA/R1"", ""SrpR/S1"", ""PhlF/P2""]",0xCC,5
05ce3955,1,10.442709169237677,0.7240127325057983,"[15, 19, 13, 3, 11]","[""QacR/Q2"", ""SrpR/S4"", ""PsrA/R1"", ""BM3R1/B1"", ""PhlF/P2""]",0xCC,5
05ce3955,1,5.75375661070708,0.8833196759223938,"[19, 5, 2, 10, 15]","[""SrpR/S4"", ""BM3R1/B3"", ""BetI/E1"", ""PhlF/P1"", ""QacR/Q2""]",0xCC,5
05ce3955,1,6.454528482319626,0.8785566687583923,"[19, 5, 15, 10, 2]","[""SrpR/S4"", ""BM3R1/B3"", ""QacR/Q2"", ""PhlF/P1"", ""BetI/E1""]",0xCC,5
05ce3955,1,6.698193941470908,0.8690194487571716,"[19, 10, 15, 5, 2]","[""SrpR/S4"", ""PhlF/P1"", ""QacR/Q2"", ""BM3R1/B3"", ""BetI/E1""]",0xCC,5
00340848,0,7.418033376998509,0.7926416397094727,"[2, 1, 11, 4, 15, 19]","[""BetI/E1"", ""AmtR/A1"", ""PhlF/P2"", ""BM3R1/B2"", ""QacR/Q2"", ""SrpR/S4""]",0xCC,6
00340848,0,11.582086264037713,0.6306092739105225,"[11, 2, 13, 4, 1, 16]","[""PhlF/P2"", ""BetI/E1"", ""PsrA/R1"", ""BM3R1/B2"", ""AmtR/A1"", ""SrpR/S1""]",0xCC,6
00340848,0,11.526188774133479,0.6560422778129578,"[11, 2, 13, 9, 15, 5]","[""PhlF/P2"", ""BetI/E1"", ""PsrA/R1"", ""LmrA/N1"", ""QacR/Q2"", ""BM3R1/B3""]",0xCC,6
00340848,0,10.217166093679268,0.7367963790893555,"[11, 2, 15, 4, 0, 19]","[""PhlF/P2"", ""BetI/E1"", ""QacR/Q2"", ""BM3R1/B2"", ""AmeR/F1"", ""SrpR/S4""]",0xCC,6
00340848,0,10.229350298689244,0.7309743762016296,"[11, 2, 15, 4, 13, 19]","[""PhlF/P2"", ""BetI/E1"", ""QacR/Q2"", ""BM3R1/B2"", ""PsrA/R1"", ""SrpR/S4""]",0xCC,6
00340848,0,11.69288150471489,0.5538725852966309,"[11, 3, 13, 1, 0, 16]","[""PhlF/P2"", ""BM3R1/B1"", ""PsrA/R1"", ""AmtR/A1"", ""AmeR/F1"", ""SrpR/S1""]",0xCC,6
00340848,0,11.591959873634252,0.6222188472747803,"[11, 4, 13, 1, 0, 16]","[""PhlF/P2"", ""BM3R1/B2"", ""PsrA/R1"", ""AmtR/A1"", ""AmeR/F1"", ""SrpR/S1""]",0xCC,6
00340848,0,11.54131124111954,0.6392354965209961,"[11, 4, 13, 1, 2, 16]","[""PhlF/P2"", ""BM3R1/B2"", ""PsrA/R1"", ""AmtR/A1"", ""BetI/E1"", ""SrpR/S1""]",0xCC,6
00340848,0,11.548758657869216,0.638322114944458,"[11, 4, 13, 2, 1, 16]","[""PhlF/P2"", ""BM3R1/B2"", ""PsrA/R1"", ""BetI/E1"", ""AmtR/A1"", ""SrpR/S1""]",0xCC,6
00340848,0,11.479307722848004,0.6972647309303284,"[11, 4, 13, 9, 15, 19]","[""PhlF/P2"", ""BM3R1/B2"", ""PsrA/R1"", ""LmrA/N1"", ""QacR/Q2"", ""SrpR/S4""]",0xCC,6
00340848,0,11.583928629283948,0.6241350173950195,"[11, 4, 13, 15, 0, 16]","[""PhlF/P2"", ""BM3R1/B2"", ""PsrA/R1"", ""QacR/Q2"", ""AmeR/F1"", ""SrpR/S1""]",0xCC,6
00340848,0,11.580669854524324,0.6349632143974304,"[11, 4, 13, 15, 1, 16]","[""PhlF/P2"", ""BM3R1/B2"", ""PsrA/R1"", ""QacR/Q2"", ""AmtR/A1"", ""SrpR/S1""]",0xCC,6
00340848,0,11.527732319444516,0.6407926082611084,"[11, 4, 13, 15, 2, 16]","[""PhlF/P2"", ""BM3R1/B2"", ""PsrA/R1"", ""QacR/Q2"", ""BetI/E1"", ""SrpR/S1""]",0xCC,6
00340848,0,11.491613493135931,0.6833813190460205,"[11, 5, 13, 9, 15, 19]","[""PhlF/P2"", ""BM3R1/B3"", ""PsrA/R1"", ""LmrA/N1"", ""QacR/Q2"", ""SrpR/S4""]",0xCC,6
00340848,0,11.617773916118768,0.6096728444099426,"[11, 5, 13, 15, 0, 16]","[""PhlF/P2"", ""BM3R1/B3"", ""PsrA/R1"", ""QacR/Q2"", ""AmeR/F1"", ""SrpR/S1""]",0xCC,6
00340848,0,11.599109683086889,0.6178873181343079,"[11, 5, 13, 15, 1, 16]","[""PhlF/P2"", ""BM3R1/B3"", ""PsrA/R1"", ""QacR/Q2"", ""AmtR/A1"", ""SrpR/S1""]",0xCC,6
00340848,0,11.63812221805915,0.5904344916343689,"[11, 16, 13, 8, 15, 5]","[""PhlF/P2"", ""SrpR/S1"", ""PsrA/R1"", ""LitR/L1"", ""QacR/Q2"", ""BM3R1/B3""]",0xCC,6
00340848,0,11.611744147604355,0.6123508214950562,"[11, 16, 13, 9, 15, 5]","[""PhlF/P2"", ""SrpR/S1"", ""PsrA/R1"", ""LmrA/N1"", ""QacR/Q2"", ""BM3R1/B3""]",0xCC,6
00340848,0,11.501760666012595,0.6589400768280029,"[11, 19, 13, 9, 15, 5]","[""PhlF/P2"", ""SrpR/S4"", ""PsrA/R1"", ""LmrA/N1"", ""QacR/Q2"", ""BM3R1/B3""]",0xCC,6
00340848,1,1.1969128934723816,0.8364660143852234,"[1, 4, 15, 19, 10, 2]","[""AmtR/A1"", ""BM3R1/B2"", ""QacR/Q2"", ""SrpR/S4"", ""PhlF/P1"", ""BetI/E1""]",0xCC,6
00340848,1,0.9279016317306934,0.8380467891693115,"[1, 4, 19, 2, 10, 15]","[""AmtR/A1"", ""BM3R1/B2"", ""SrpR/S4"", ""BetI/E1"", ""PhlF/P1"", ""QacR/Q2""]",0xCC,6
00340848,1,1.5422970929909663,0.8360569477081299,"[1, 4, 19, 15, 10, 2]","[""AmtR/A1"", ""BM3R1/B2"", ""SrpR/S4"", ""QacR/Q2"", ""PhlF/P1"", ""BetI/E1""]",0xCC,6
00340848,1,6.733597961269825,0.7993181943893433,"[2, 1, 11, 4, 15, 19]","[""BetI/E1"", ""AmtR/A1"", ""PhlF/P2"", ""BM3R1/B2"", ""QacR/Q2"", ""SrpR/S4""]",0xCC,6
00340848,1,6.253682759868899,0.8194892406463623,"[2, 4, 15, 17, 1, 10]","[""BetI/E1"", ""BM3R1/B2"", ""QacR/Q2"", ""SrpR/S2"", ""AmtR/A1"", ""PhlF/P1""]",0xCC,6
00340848,1,0.4755868711151146,0.840670108795166,"[2, 4, 17, 1, 10, 15]","[""BetI/E1"", ""BM3R1/B2"", ""SrpR/S2"", ""AmtR/A1"", ""PhlF/P1"", ""QacR/Q2""]",0xCC,6
00340848,1,4.343448704451568,0.8307557106018066,"[2, 4, 19, 10, 1, 15]","[""BetI/E1"", ""BM3R1/B2"", ""SrpR/S4"", ""PhlF/P1"", ""AmtR/A1"", ""QacR/Q2""]",0xCC,6
00340848,1,6.86633603461442,0.7950966954231262,"[2, 19, 11, 4, 15, 1]","[""BetI/E1"", ""SrpR/S4"", ""PhlF/P2"", ""BM3R1/B2"", ""QacR/Q2"", ""AmtR/A1""]",0xCC,6
00340848,1,6.276832081203109,0.8157581090927124,"[2, 19, 15, 4, 1, 10]","[""BetI/E1"", ""SrpR/S4"", ""QacR/Q2"", ""BM3R1/B2"", ""AmtR/A1"", ""PhlF/P1""]",0xCC,6
00340848,1,5.904517669443035,0.8250147104263306,"[2, 19, 15, 10, 4, 1]","[""BetI/E1"", ""SrpR/S4"", ""QacR/Q2"", ""PhlF/P1"", ""BM3R1/B2"", ""AmtR/A1""]",0xCC,6
00340848,1,10.854939605349715,0.7244694232940674,"[11, 2, 13, 4, 19, 1]","[""PhlF/P2"", ""BetI/E1"", ""PsrA/R1"", ""BM3R1/B2"", ""SrpR/S4"", ""AmtR/A1""]",0xCC,6
00340848,1,9.992654094937654,0.7616173028945923,"[11, 2, 15, 1, 19, 5]","[""PhlF/P2"", ""BetI/E1"", ""QacR/Q2"", ""AmtR/A1"", ""SrpR/S4"", ""BM3R1/B3""]",0xCC,6
00340848,1,10.181455753432367,0.7525075078010559,"[11, 2, 15, 4, 0, 19]","[""PhlF/P2"", ""BetI/E1"", ""QacR/Q2"", ""BM3R1/B2"", ""AmeR/F1"", ""SrpR/S4""]",0xCC,6
00340848,1,9.946642441841613,0.7732164263725281,"[11, 2, 15, 4, 19, 1]","[""PhlF/P2"", ""BetI/E1"", ""QacR/Q2"", ""BM3R1/B2"", ""SrpR/S4"", ""AmtR/A1""]",0xCC,6
00340848,1,9.505109122188138,0.791249692440033,"[11, 2, 15, 19, 4, 1]","[""PhlF/P2"", ""BetI/E1"", ""QacR/Q2"", ""SrpR/S4"", ""BM3R1/B2"", ""AmtR/A1""]",0xCC,6
00340848,1,11.344218281854886,0.7153878211975098,"[11, 4, 13, 9, 2, 19]","[""PhlF/P2"", ""BM3R1/B2"", ""PsrA/R1"", ""LmrA/N1"", ""BetI/E1"", ""SrpR/S4""]",0xCC,6
00340848,1,11.418814106393546,0.7090019583702087,"[11, 4, 13, 9, 15, 19]","[""PhlF/P2"", ""BM3R1/B2"", ""PsrA/R1"", ""LmrA/N1"", ""QacR/Q2"", ""SrpR/S4""]",0xCC,6
00340848,1,10.090804899844972,0.7545795440673828,"[11, 4, 15, 2, 0, 19]","[""PhlF/P2"", ""BM3R1/B2"", ""QacR/Q2"", ""BetI/E1"", ""AmeR/F1"", ""SrpR/S4""]",0xCC,6
00340848,1,11.61793619436132,0.6055591106414795,"[11, 5, 13, 0, 2, 16]","[""PhlF/P2"", ""BM3R1/B3"", ""PsrA/R1"", ""AmeR/F1"", ""BetI/E1"", ""SrpR/S1""]",0xCC,6
00340848,1,11.630066334276268,0.601270318031311,"[11, 5, 13, 9, 2, 16]","[""PhlF/P2"", ""BM3R1/B3"", ""PsrA/R1"", ""LmrA/N1"", ""BetI/E1"", ""SrpR/S1""]",0xCC,6
00340848,1,11.092641987324816,0.7155008316040039,"[11, 15, 13, 4, 2, 19]","[""PhlF/P2"", ""QacR/Q2"", ""PsrA/R1"", ""BM3R1/B2"", ""BetI/E1"", ""SrpR/S4""]",0xCC,6
00340848,1,11.697513046539008,0.4927787482738495,"[11, 16, 13, 6, 15, 3]","[""PhlF/P2"", ""SrpR/S1"", ""PsrA/R1"", ""HlyIIR/H1"", ""QacR/Q2"", ""BM3R1/B1""]",0xCC,6
00340848,1,11.687789360356252,0.5539973974227905,"[11, 16, 13, 8, 15, 3]","[""PhlF/P2"", ""SrpR/S1"", ""PsrA/R1"", ""LitR/L1"", ""QacR/Q2"", ""BM3R1/B1""]",0xCC,6
00340848,1,11.644412480782455,0.5882596969604492,"[11, 16, 13, 9, 2, 3]","[""PhlF/P2"", ""SrpR/S1"", ""PsrA/R1"", ""LmrA/N1"", ""BetI/E1"", ""BM3R1/B1""]",0xCC,6
00340848,1,11.68685120894582,0.5767133831977844,"[11, 16, 13, 9, 15, 3]","[""PhlF/P2"", ""SrpR/S1"", ""PsrA/R1"", ""LmrA/N1"", ""QacR/Q2"", ""BM3R1/B1""]",0xCC,6
00340848,1,10.058538122704896,0.7547789812088013,"[11, 17, 15, 4, 0, 2]","[""PhlF/P2"", ""SrpR/S2"", ""QacR/Q2"", ""BM3R1/B2"", ""AmeR/F1"", ""BetI/E1""]",0xCC,6
00340848,1,9.819135268213662,0.7801142930984497,"[11, 17, 15, 4, 2, 1]","[""PhlF/P2"", ""SrpR/S2"", ""QacR/Q2"", ""BM3R1/B2"", ""BetI/E1"", ""AmtR/A1""]",0xCC,6
00340848,1,10.958441469652236,0.722602367401123,"[11, 19, 13, 4, 2, 1]","[""PhlF/P2"", ""SrpR/S4"", ""PsrA/R1"", ""BM3R1/B2"", ""BetI/E1"", ""AmtR/A1""]",0xCC,6
00340848,1,10.00844435221936,0.7614065408706665,"[11, 19, 15, 1, 2, 5]","[""PhlF/P2"", ""SrpR/S4"", ""QacR/Q2"", ""AmtR/A1"", ""BetI/E1"", ""BM3R1/B3""]",0xCC,6
00340848,1,10.112951837720958,0.7533739805221558,"[11, 19, 15, 4, 0, 2]","[""PhlF/P2"", ""SrpR/S4"", ""QacR/Q2"", ""BM3R1/B2"", ""AmeR/F1"", ""BetI/E1""]",0xCC,6
00340848,1,0.5514105682408376,0.840130627155304,"[15, 4, 17, 1, 10, 2]","[""QacR/Q2"", ""BM3R1/B2"", ""SrpR/S2"", ""AmtR/A1"", ""PhlF/P1"", ""BetI/E1""]",0xCC,6
00340848,1,0.4563304739453798,0.8451122045516968,"[15, 4, 17, 2, 10, 1]","[""QacR/Q2"", ""BM3R1/B2"", ""SrpR/S2"", ""BetI/E1"", ""PhlF/P1"", ""AmtR/A1""]",0xCC,6
00340848,1,2.4605192646048644,0.8336377143859863,"[15, 4, 19, 2, 11, 1]","[""QacR/Q2"", ""BM3R1/B2"", ""SrpR/S4"", ""BetI/E1"", ""PhlF/P2"", ""AmtR/A1""]",0xCC,6
00340848,1,6.0036465792162845,0.8234280347824097,"[19, 4, 2, 10, 1, 15]","[""SrpR/S4"", ""BM3R1/B2"", ""BetI/E1"", ""PhlF/P1"", ""AmtR/A1"", ""QacR/Q2""]",0xCC,6
00340848,1,6.346008173053972,0.8066161870956421,"[19, 4, 2, 15, 1, 10]","[""SrpR/S4"", ""BM3R1/B2"", ""BetI/E1"", ""QacR/Q2"", ""AmtR/A1"", ""PhlF/P1""]",0xCC,6
00340848,1,6.393771826447986,0.8009446859359741,"[19, 4, 15, 10, 2, 1]","[""SrpR/S4"", ""BM3R1/B2"", ""QacR/Q2"", ""PhlF/P1"", ""BetI/E1"", ""AmtR/A1""]",0xCC,6
0064e4f7,0,11.491696423093385,0.7075645923614502,"[11, 13, 2, 5, 0, 19]","[""PhlF/P2"", ""PsrA/R1"", ""BetI/E1"", ""BM3R1/B3"", ""AmeR/F1"", ""SrpR/S4""]",0xCC,6
0064e4f7,0,11.486877483754277,0.7328872084617615,"[11, 13, 2, 5, 15, 19]","[""PhlF/P2"", ""PsrA/R1"", ""BetI/E1"", ""BM3R1/B3"", ""QacR/Q2"", ""SrpR/S4""]",0xCC,6
0064e4f7,0,11.426784416667648,0.7457619309425354,"[11, 13, 15, 4, 2, 19]","[""PhlF/P2"", ""PsrA/R1"", ""QacR/Q2"", ""BM3R1/B2"", ""BetI/E1"", ""SrpR/S4""]",0xCC,6
0064e4f7,0,11.576012797155634,0.7052319049835205,"[11, 13, 15, 5, 0, 19]","[""PhlF/P2"", ""PsrA/R1"", ""QacR/Q2"", ""BM3R1/B3"", ""AmeR/F1"", ""SrpR/S4""]",0xCC,6
0064e4f7,0,11.599166336577293,0.6518632769584656,"[11, 13, 15, 5, 1, 16]","[""PhlF/P2"", ""PsrA/R1"", ""QacR/Q2"", ""BM3R1/B3"", ""AmtR/A1"", ""SrpR/S1""]",0xCC,6
0064e4f7,0,11.48181802780143,0.734643280506134,"[11, 13, 15, 5, 2, 19]","[""PhlF/P2"", ""PsrA/R1"", ""QacR/Q2"", ""BM3R1/B3"", ""BetI/E1"", ""SrpR/S4""]",0xCC,6
0064e4f7,0,11.688103970116682,0.5824219584465027,"[11, 13, 15, 16, 0, 3]","[""PhlF/P2"", ""PsrA/R1"", ""QacR/Q2"", ""SrpR/S1"", ""AmeR/F1"", ""BM3R1/B1""]",0xCC,6
0064e4f7,0,11.597769446206359,0.6553702354431152,"[11, 13, 15, 16, 2, 5]","[""PhlF/P2"", ""PsrA/R1"", ""QacR/Q2"", ""SrpR/S1"", ""BetI/E1"", ""BM3R1/B3""]",0xCC,6
0064e4f7,0,10.121026755725262,0.7779781818389893,"[11, 15, 1, 5, 2, 19]","[""PhlF/P2"", ""QacR/Q2"", ""AmtR/A1"", ""BM3R1/B3"", ""BetI/E1"", ""SrpR/S4""]",0xCC,6
0064e4f7,1,2.531879599879489,0.8470256924629211,"[1, 2, 19, 4, 10, 15]","[""AmtR/A1"", ""BetI/E1"", ""SrpR/S4"", ""BM3R1/B2"", ""PhlF/P1"", ""QacR/Q2""]",0xCC,6
0064e4f7,1,-0.23964886536791397,0.8987922072410583,"[1, 10, 2, 4, 17, 15]","[""AmtR/A1"", ""PhlF/P1"", ""BetI/E1"", ""BM3R1/B2"", ""SrpR/S2"", ""QacR/Q2""]",0xCC,6
0064e4f7,1,-0.031039104571118643,0.8909663558006287,"[1, 10, 2, 4, 19, 15]","[""AmtR/A1"", ""PhlF/P1"", ""BetI/E1"", ""BM3R1/B2"", ""SrpR/S4"", ""QacR/Q2""]",0xCC,6
0064e4f7,1,0.17513255149059964,0.8891079425811768,"[1, 10, 15, 4, 19, 2]","[""AmtR/A1"", ""PhlF/P1"", ""QacR/Q2"", ""BM3R1/B2"", ""SrpR/S4"", ""BetI/E1""]",0xCC,6
0064e4f7,1,2.2862304611898496,0.8579488396644592,"[1, 17, 15, 4, 10, 2]","[""AmtR/A1"", ""SrpR/S2"", ""QacR/Q2"", ""BM3R1/B2"", ""PhlF/P1"", ""BetI/E1""]",0xCC,6
0064e4f7,1,2.6054188164021816,0.8454263210296631,"[1, 17, 15, 5, 10, 2]","[""AmtR/A1"", ""SrpR/S2"", ""QacR/Q2"", ""BM3R1/B3"", ""PhlF/P1"", ""BetI/E1""]",0xCC,6
0064e4f7,1,2.8807004252099606,0.842842161655426,"[1, 17, 15, 10, 5, 2]","[""AmtR/A1"", ""SrpR/S2"", ""QacR/Q2"", ""PhlF/P1"", ""BM3R1/B3"", ""BetI/E1""]",0xCC,6
0064e4f7,1,1.7353252545680384,0.8793988823890686,"[1, 19, 15, 4, 10, 2]","[""AmtR/A1"", ""SrpR/S4"", ""QacR/Q2"", ""BM3R1/B2"", ""PhlF/P1"", ""BetI/E1""]",0xCC,6
0064e4f7,1,5.1014193502124705,0.8396862149238586,"[2, 17, 15, 4, 1, 10]","[""BetI/E1"", ""SrpR/S2"", ""QacR/Q2"", ""BM3R1/B2"", ""AmtR/A1"", ""PhlF/P1""]",0xCC,6
0064e4f7,1,-0.22950375925108032,0.8970469236373901,"[8, 10, 2, 4, 17, 15]","[""LitR/L1"", ""PhlF/P1"", ""BetI/E1"", ""BM3R1/B2"", ""SrpR/S2"", ""QacR/Q2""]",0xCC,6
0064e4f7,1,-0.1760647899149887,0.8948842883110046,"[8, 10, 15, 4, 2, 1]","[""LitR/L1"", ""PhlF/P1"", ""QacR/Q2"", ""BM3R1/B2"", ""BetI/E1"", ""AmtR/A1""]",0xCC,6
0064e4f7,1,-0.1735487839205543,0.8915326595306396,"[8, 10, 15, 4, 19, 1]","[""LitR/L1"", ""PhlF/P1"", ""QacR/Q2"", ""BM3R1/B2"", ""SrpR/S4"", ""AmtR/A1""]",0xCC,6
0064e4f7,1,11.593774980633135,0.6767802834510803,"[11, 13, 1, 16, 2, 5]","[""PhlF/P2"", ""PsrA/R1"", ""AmtR/A1"", ""SrpR/S1"", ""BetI/E1"", ""BM3R1/B3""]",0xCC,6
0064e4f7,1,11.682104009496301,0.5925487875938416,"[11, 13, 2, 3, 0, 16]","[""PhlF/P2"", ""PsrA/R1"", ""BetI/E1"", ""BM3R1/B1"", ""AmeR/F1"", ""SrpR/S1""]",0xCC,6
0064e4f7,1,10.295121230174102,0.7673341035842896,"[11, 13, 2, 4, 1, 15]","[""PhlF/P2"", ""PsrA/R1"", ""BetI/E1"", ""BM3R1/B2"", ""AmtR/A1"", ""QacR/Q2""]",0xCC,6
0064e4f7,1,11.66636694304442,0.6507537961006165,"[11, 13, 2, 16, 0, 5]","[""PhlF/P2"", ""PsrA/R1"", ""BetI/E1"", ""SrpR/S1"", ""AmeR/F1"", ""BM3R1/B3""]",0xCC,6
0064e4f7,1,11.702525602624016,0.5286140441894531,"[11, 13, 9, 16, 0, 3]","[""PhlF/P2"", ""PsrA/R1"", ""LmrA/N1"", ""SrpR/S1"", ""AmeR/F1"", ""BM3R1/B1""]",0xCC,6
0064e4f7,1,11.692188411069086,0.5577002167701721,"[11, 13, 14, 16, 0, 5]","[""PhlF/P2"", ""PsrA/R1"", ""QacR/Q1"", ""SrpR/S1"", ""AmeR/F1"", ""BM3R1/B3""]",0xCC,6
0064e4f7,1,11.679336519566178,0.592903196811676,"[11, 13, 15, 3, 0, 16]","[""PhlF/P2"", ""PsrA/R1"", ""QacR/Q2"", ""BM3R1/B1"", ""AmeR/F1"", ""SrpR/S1""]",0xCC,6
0064e4f7,1,11.239980997551097,0.7652140259742737,"[11, 13, 15, 4, 2, 19]","[""PhlF/P2"", ""PsrA/R1"", ""QacR/Q2"", ""BM3R1/B2"", ""BetI/E1"", ""SrpR/S4""]",0xCC,6
0064e4f7,1,11.490864216508756,0.7098119854927063,"[11, 13, 15, 5, 0, 19]","[""PhlF/P2"", ""PsrA/R1"", ""QacR/Q2"", ""BM3R1/B3"", ""AmeR/F1"", ""SrpR/S4""]",0xCC,6
0064e4f7,1,11.33614353364882,0.7470782399177551,"[11, 13, 15, 5, 2, 19]","[""PhlF/P2"", ""PsrA/R1"", ""QacR/Q2"", ""BM3R1/B3"", ""BetI/E1"", ""SrpR/S4""]",0xCC,6
0064e4f7,1,11.589603032533569,0.6877257227897644,"[11, 13, 15, 16, 2, 5]","[""PhlF/P2"", ""PsrA/R1"", ""QacR/Q2"", ""SrpR/S1"", ""BetI/E1"", ""BM3R1/B3""]",0xCC,6
0064e4f7,1,9.92435403684349,0.7977146506309509,"[11, 15, 1, 4, 2, 19]","[""PhlF/P2"", ""QacR/Q2"", ""AmtR/A1"", ""BM3R1/B2"", ""BetI/E1"", ""SrpR/S4""]",0xCC,6
0064e4f7,1,9.745640373406031,0.801607608795166,"[11, 15, 1, 4, 19, 2]","[""PhlF/P2"", ""QacR/Q2"", ""AmtR/A1"", ""BM3R1/B2"", ""SrpR/S4"", ""BetI/E1""]",0xCC,6
0064e4f7,1,9.95045524640412,0.7949697375297546,"[11, 15, 2, 4, 1, 19]","[""PhlF/P2"", ""QacR/Q2"", ""BetI/E1"", ""BM3R1/B2"", ""AmtR/A1"", ""SrpR/S4""]",0xCC,6
0064e4f7,1,9.928373341325454,0.7975279688835144,"[11, 15, 2, 4, 19, 1]","[""PhlF/P2"", ""QacR/Q2"", ""BetI/E1"", ""BM3R1/B2"", ""SrpR/S4"", ""AmtR/A1""]",0xCC,6
0064e4f7,1,10.068470134157344,0.7866446375846863,"[11, 15, 13, 4, 2, 19]","[""PhlF/P2"", ""QacR/Q2"", ""PsrA/R1"", ""BM3R1/B2"", ""BetI/E1"", ""SrpR/S4""]",0xCC,6
0064e4f7,1,10.162209674827938,0.7683054804801941,"[11, 15, 13, 19, 2, 5]","[""PhlF/P2"", ""QacR/Q2"", ""PsrA/R1"", ""SrpR/S4"", ""BetI/E1"", ""BM3R1/B3""]",0xCC,6
0064e4f7,1,9.93462249569541,0.7964645028114319,"[11, 15, 19, 4, 2, 1]","[""PhlF/P2"", ""QacR/Q2"", ""SrpR/S4"", ""BM3R1/B2"", ""BetI/E1"", ""AmtR/A1""]",0xCC,6
0064e4f7,1,7.787408409862231,0.8179875612258911,"[11, 17, 15, 4, 2, 1]","[""PhlF/P2"", ""SrpR/S2"", ""QacR/Q2"", ""BM3R1/B2"", ""BetI/E1"", ""AmtR/A1""]",0xCC,6
0064e4f7,1,7.860297318445264,0.8066157698631287,"[11, 17, 15, 5, 2, 1]","[""PhlF/P2"", ""SrpR/S2"", ""QacR/Q2"", ""BM3R1/B3"", ""BetI/E1"", ""AmtR/A1""]",0xCC,6
0064e4f7,1,7.4355732381009565,0.8194863200187683,"[11, 19, 15, 4, 2, 1]","[""PhlF/P2"", ""SrpR/S4"", ""QacR/Q2"", ""BM3R1/B2"", ""BetI/E1"", ""AmtR/A1""]",0xCC,6
0064e4f7,1,4.217383709792013,0.8415728807449341,"[15, 17, 5, 10, 2, 1]","[""QacR/Q2"", ""SrpR/S2"", ""BM3R1/B3"", ""PhlF/P1"", ""BetI/E1"", ""AmtR/A1""]",0xCC,6
0064e4f7,1,5.945342828442851,0.837906002998352,"[19, 2, 15, 4, 1, 10]","[""SrpR/S4"", ""BetI/E1"", ""QacR/Q2"", ""BM3R1/B2"", ""AmtR/A1"", ""PhlF/P1""]",0xCC,6
0064e4f7,1,2.173198891074395,0.868378221988678,"[19, 2, 15, 4, 10, 1]","[""SrpR/S4"", ""BetI/E1"", ""QacR/Q2"", ""BM3R1/B2"", ""PhlF/P1"", ""AmtR/A1""]",0xCC,6
0064e4f7,1,6.521659860728787,0.8200955986976624,"[19, 15, 1, 10, 2, 5]","[""SrpR/S4"", ""QacR/Q2"", ""AmtR/A1"", ""PhlF/P1"", ""BetI/E1"", ""BM3R1/B3""]",0xCC,6
0064e4f7,1,6.3067634557224626,0.8284918665885925,"[19, 15, 2, 4, 1, 10]","[""SrpR/S4"", ""QacR/Q2"", ""BetI/E1"", ""BM3R1/B2"", ""AmtR/A1"", ""PhlF/P1""]",0xCC,6
0064e4f7,1,2.490507671850242,0.8526621460914612,"[19, 15, 2, 4, 10, 1]","[""SrpR/S4"", ""QacR/Q2"", ""BetI/E1"", ""BM3R1/B2"", ""PhlF/P1"", ""AmtR/A1""]",0xCC,6
01316716,0,4.1391203800130505,0.8971173167228699,"[1, 2, 4, 10, 8, 19]","[""AmtR/A1"", ""BetI/E1"", ""BM3R1/B2"", ""PhlF/P1"", ""LitR/L1"", ""SrpR/S4""]",0xCC,6
01316716,0,6.526458524263778,0.885955274105072,"[2, 4, 1, 10, 8, 19]","[""BetI/E1"", ""BM3R1/B2"", ""AmtR/A1"", ""PhlF/P1"", ""LitR/L1"", ""SrpR/S4""]",0xCC,6
01316716,0,5.997712107449064,0.8907333016395569,"[2, 4, 15, 10, 8, 19]","[""BetI/E1"", ""BM3R1/B2"", ""QacR/Q2"", ""PhlF/P1"", ""LitR/L1"", ""SrpR/S4""]",0xCC,6
01316716,0,8.22520287601961,0.8601221442222595,"[2, 15, 1, 10, 18, 4]","[""BetI/E1"", ""QacR/Q2"", ""AmtR/A1"", ""PhlF/P1"", ""SrpR/S3"", ""BM3R1/B2""]",0xCC,6
01316716,0,4.410520318815802,0.8933085799217224,"[2, 15, 4, 10, 8, 19]","[""BetI/E1"", ""QacR/Q2"", ""BM3R1/B2"", ""PhlF/P1"", ""LitR/L1"", ""SrpR/S4""]",0xCC,6
01316716,0,8.378522153845303,0.8489789962768555,"[2, 19, 11, 5, 15, 1]","[""BetI/E1"", ""SrpR/S4"", ""PhlF/P2"", ""BM3R1/B3"", ""QacR/Q2"", ""AmtR/A1""]",0xCC,6
01316716,0,12.539134311694005,0.7462112307548523,"[11, 2, 13, 5, 15, 1]","[""PhlF/P2"", ""BetI/E1"", ""PsrA/R1"", ""BM3R1/B3"", ""QacR/Q2"", ""AmtR/A1""]",0xCC,6
01316716,0,12.504021968698982,0.7532817721366882,"[11, 2, 13, 5, 15, 19]","[""PhlF/P2"", ""BetI/E1"", ""PsrA/R1"", ""BM3R1/B3"", ""QacR/Q2"", ""SrpR/S4""]",0xCC,6
01316716,0,11.171871906653793,0.8149800896644592,"[11, 2, 17, 5, 15, 1]","[""PhlF/P2"", ""BetI/E1"", ""SrpR/S2"", ""BM3R1/B3"", ""QacR/Q2"", ""AmtR/A1""]",0xCC,6
01316716,0,11.725626498927229,0.8139392733573914,"[11, 2, 19, 5, 15, 1]","[""PhlF/P2"", ""BetI/E1"", ""SrpR/S4"", ""BM3R1/B3"", ""QacR/Q2"", ""AmtR/A1""]",0xCC,6
01316716,0,11.862803905476204,0.7791556715965271,"[11, 2, 19, 6, 15, 4]","[""PhlF/P2"", ""BetI/E1"", ""SrpR/S4"", ""HlyIIR/H1"", ""QacR/Q2"", ""BM3R1/B2""]",0xCC,6
01316716,0,10.20721902262742,0.8252206444740295,"[11, 4, 15, 1, 2, 19]","[""PhlF/P2"", ""BM3R1/B2"", ""QacR/Q2"", ""AmtR/A1"", ""BetI/E1"", ""SrpR/S4""]",0xCC,6
01316716,0,10.16643848724655,0.82711261510849,"[11, 4, 15, 2, 19, 1]","[""PhlF/P2"", ""BM3R1/B2"", ""QacR/Q2"", ""BetI/E1"", ""SrpR/S4"", ""AmtR/A1""]",0xCC,6
01316716,0,12.639970703435663,0.7176215052604675,"[11, 13, 2, 6, 7, 4]","[""PhlF/P2"", ""PsrA/R1"", ""BetI/E1"", ""HlyIIR/H1"", ""IcaRA/I1"", ""BM3R1/B2""]",0xCC,6
01316716,0,13.125214327620368,0.5351837277412415,"[11, 13, 14, 1, 0, 16]","[""PhlF/P2"", ""PsrA/R1"", ""QacR/Q1"", ""AmtR/A1"", ""AmeR/F1"", ""SrpR/S1""]",0xCC,6
01316716,0,13.096257838729992,0.5489645004272461,"[11, 13, 14, 2, 1, 16]","[""PhlF/P2"", ""PsrA/R1"", ""QacR/Q1"", ""BetI/E1"", ""AmtR/A1"", ""SrpR/S1""]",0xCC,6
01316716,0,13.087682638567273,0.5593077540397644,"[11, 13, 14, 2, 4, 16]","[""PhlF/P2"", ""PsrA/R1"", ""QacR/Q1"", ""BetI/E1"", ""BM3R1/B2"", ""SrpR/S1""]",0xCC,6
01316716,0,13.081196692060029,0.5627860426902771,"[11, 13, 14, 5, 2, 16]","[""PhlF/P2"", ""PsrA/R1"", ""QacR/Q1"", ""BM3R1/B3"", ""BetI/E1"", ""SrpR/S1""]",0xCC,6
01316716,0,13.127329072133865,0.5147677063941956,"[11, 13, 14, 5, 9, 16]","[""PhlF/P2"", ""PsrA/R1"", ""QacR/Q1"", ""BM3R1/B3"", ""LmrA/N1"", ""SrpR/S1""]",0xCC,6
01316716,0,13.009803678166875,0.6076893210411072,"[11, 13, 14, 6, 2, 4]","[""PhlF/P2"", ""PsrA/R1"", ""QacR/Q1"", ""HlyIIR/H1"", ""BetI/E1"", ""BM3R1/B2""]",0xCC,6
01316716,0,13.033466020189993,0.5925878882408142,"[11, 13, 14, 6, 2, 5]","[""PhlF/P2"", ""PsrA/R1"", ""QacR/Q1"", ""HlyIIR/H1"", ""BetI/E1"", ""BM3R1/B3""]",0xCC,6
01316716,0,13.027376219103841,0.6027361750602722,"[11, 13, 14, 8, 2, 4]","[""PhlF/P2"", ""PsrA/R1"", ""QacR/Q1"", ""LitR/L1"", ""BetI/E1"", ""BM3R1/B2""]",0xCC,6
01316716,0,13.17570486647711,0.4962754249572754,"[11, 13, 14, 16, 1, 3]","[""PhlF/P2"", ""PsrA/R1"", ""QacR/Q1"", ""SrpR/S1"", ""AmtR/A1"", ""BM3R1/B1""]",0xCC,6
01316716,0,12.948799955800947,0.651573121547699,"[11, 13, 15, 5, 2, 16]","[""PhlF/P2"", ""PsrA/R1"", ""QacR/Q2"", ""BM3R1/B3"", ""BetI/E1"", ""SrpR/S1""]",0xCC,6
01316716,0,12.894029306603764,0.7078272700309753,"[11, 13, 15, 6, 2, 4]","[""PhlF/P2"", ""PsrA/R1"", ""QacR/Q2"", ""HlyIIR/H1"", ""BetI/E1"", ""BM3R1/B2""]",0xCC,6
01316716,0,12.84250073908624,0.7168833017349243,"[11, 13, 19, 6, 2, 4]","[""PhlF/P2"", ""PsrA/R1"", ""SrpR/S4"", ""HlyIIR/H1"", ""BetI/E1"", ""BM3R1/B2""]",0xCC,6
01316716,0,12.796432782263706,0.7171084880828857,"[11, 13, 19, 6, 7, 4]","[""PhlF/P2"", ""PsrA/R1"", ""SrpR/S4"", ""HlyIIR/H1"", ""IcaRA/I1"", ""BM3R1/B2""]",0xCC,6
01316716,0,12.868026731435396,0.7154772281646729,"[11, 13, 19, 6, 15, 4]","[""PhlF/P2"", ""PsrA/R1"", ""SrpR/S4"", ""HlyIIR/H1"", ""QacR/Q2"", ""BM3R1/B2""]",0xCC,6
01316716,0,12.904765435233374,0.6911792159080505,"[11, 13, 19, 6, 15, 5]","[""PhlF/P2"", ""PsrA/R1"", ""SrpR/S4"", ""HlyIIR/H1"", ""QacR/Q2"", ""BM3R1/B3""]",0xCC,6
01316716,0,12.89552240211806,0.6943442225456238,"[11, 15, 13, 1, 0, 5]","[""PhlF/P2"", ""QacR/Q2"", ""PsrA/R1"", ""AmtR/A1"", ""AmeR/F1"", ""BM3R1/B3""]",0xCC,6
01316716,0,12.917394206911585,0.6778733134269714,"[11, 15, 13, 6, 2, 19]","[""PhlF/P2"", ""QacR/Q2"", ""PsrA/R1"", ""HlyIIR/H1"", ""BetI/E1"", ""SrpR/S4""]",0xCC,6
01316716,0,12.93915017325328,0.6535841226577759,"[11, 15, 13, 16, 1, 4]","[""PhlF/P2"", ""QacR/Q2"", ""PsrA/R1"", ""SrpR/S1"", ""AmtR/A1"", ""BM3R1/B2""]",0xCC,6
01316716,0,12.964856061293297,0.6408438086509705,"[11, 15, 13, 16, 1, 5]","[""PhlF/P2"", ""QacR/Q2"", ""PsrA/R1"", ""SrpR/S1"", ""AmtR/A1"", ""BM3R1/B3""]",0xCC,6
01316716,0,12.013021201189114,0.7781499028205872,"[11, 15, 19, 5, 2, 1]","[""PhlF/P2"", ""QacR/Q2"", ""SrpR/S4"", ""BM3R1/B3"", ""BetI/E1"", ""AmtR/A1""]",0xCC,6
01316716,0,12.210192720135261,0.7749949097633362,"[11, 15, 19, 6, 2, 4]","[""PhlF/P2"", ""QacR/Q2"", ""SrpR/S4"", ""HlyIIR/H1"", ""BetI/E1"", ""BM3R1/B2""]",0xCC,6
01316716,0,12.23311934333139,0.7534460425376892,"[11, 15, 19, 6, 2, 5]","[""PhlF/P2"", ""QacR/Q2"", ""SrpR/S4"", ""HlyIIR/H1"", ""BetI/E1"", ""BM3R1/B3""]",0xCC,6
01316716,0,12.030790037772077,0.7755095958709717,"[11, 19, 15, 6, 2, 4]","[""PhlF/P2"", ""SrpR/S4"", ""QacR/Q2"", ""HlyIIR/H1"", ""BetI/E1"", ""BM3R1/B2""]",0xCC,6
01316716,0,7.984863185938941,0.8743531107902527,"[15, 2, 1, 10, 7, 4]","[""QacR/Q2"", ""BetI/E1"", ""AmtR/A1"", ""PhlF/P1"", ""IcaRA/I1"", ""BM3R1/B2""]",0xCC,6
01316716,0,3.6066738151053714,0.8992335200309753,"[15, 2, 4, 10, 8, 19]","[""QacR/Q2"", ""BetI/E1"", ""BM3R1/B2"", ""PhlF/P1"", ""LitR/L1"", ""SrpR/S4""]",0xCC,6
01316716,0,6.532021503020943,0.8814482092857361,"[15, 4, 1, 10, 8, 19]","[""QacR/Q2"", ""BM3R1/B2"", ""AmtR/A1"", ""PhlF/P1"", ""LitR/L1"", ""SrpR/S4""]",0xCC,6
01316716,0,8.958012867545147,0.8324319124221802,"[15, 13, 1, 10, 2, 4]","[""QacR/Q2"", ""PsrA/R1"", ""AmtR/A1"", ""PhlF/P1"", ""BetI/E1"", ""BM3R1/B2""]",0xCC,6
01316716,0,8.843493935124283,0.8332361578941345,"[15, 13, 1, 10, 7, 4]","[""QacR/Q2"", ""PsrA/R1"", ""AmtR/A1"", ""PhlF/P1"", ""IcaRA/I1"", ""BM3R1/B2""]",0xCC,6
01316716,0,8.553479656901974,0.8382964730262756,"[15, 13, 2, 10, 7, 4]","[""QacR/Q2"", ""PsrA/R1"", ""BetI/E1"", ""PhlF/P1"", ""IcaRA/I1"", ""BM3R1/B2""]",0xCC,6
01316716,0,8.499226814371935,0.8453170657157898,"[15, 13, 17, 10, 2, 4]","[""QacR/Q2"", ""PsrA/R1"", ""SrpR/S2"", ""PhlF/P1"", ""BetI/E1"", ""BM3R1/B2""]",0xCC,6
01316716,0,8.7927933717596,0.8366469144821167,"[15, 13, 19, 10, 2, 4]","[""QacR/Q2"", ""PsrA/R1"", ""SrpR/S4"", ""PhlF/P1"", ""BetI/E1"", ""BM3R1/B2""]",0xCC,6
01316716,0,7.759615156056192,0.8808901906013489,"[15, 17, 1, 10, 2, 4]","[""QacR/Q2"", ""SrpR/S2"", ""AmtR/A1"", ""PhlF/P1"", ""BetI/E1"", ""BM3R1/B2""]",0xCC,6
01316716,0,8.114955512951814,0.8734472393989563,"[15, 19, 1, 10, 2, 4]","[""QacR/Q2"", ""SrpR/S4"", ""AmtR/A1"", ""PhlF/P1"", ""BetI/E1"", ""BM3R1/B2""]",0xCC,6
01316716,0,7.998399932345468,0.8742411136627197,"[15, 19, 1, 10, 7, 4]","[""QacR/Q2"", ""SrpR/S4"", ""AmtR/A1"", ""PhlF/P1"", ""IcaRA/I1"", ""BM3R1/B2""]",0xCC,6
01316716,0,8.557650083601741,0.8374633193016052,"[15, 19, 13, 10, 2, 4]","[""QacR/Q2"", ""SrpR/S4"", ""PsrA/R1"", ""PhlF/P1"", ""BetI/E1"", ""BM3R1/B2""]",0xCC,6
01316716,1,12.547811566094024,0.7338141202926636,"[11, 2, 13, 4, 15, 1]","[""PhlF/P2"", ""BetI/E1"", ""PsrA/R1"", ""BM3R1/B2"", ""QacR/Q2"", ""AmtR/A1""]",0xCC,6
01316716,1,12.584520208207515,0.7187997698783875,"[11, 2, 13, 5, 15, 1]","[""PhlF/P2"", ""BetI/E1"", ""PsrA/R1"", ""BM3R1/B3"", ""QacR/Q2"", ""AmtR/A1""]",0xCC,6
01316716,1,13.128622295049581,0.5142821073532104,"[11, 13, 14, 16, 1, 3]","[""PhlF/P2"", ""PsrA/R1"", ""QacR/Q1"", ""SrpR/S1"", ""AmtR/A1"", ""BM3R1/B1""]",0xCC,6
01316716,1,13.064612854993674,0.5818182229995728,"[11, 14, 13, 8, 2, 5]","[""PhlF/P2"", ""QacR/Q1"", ""PsrA/R1"", ""LitR/L1"", ""BetI/E1"", ""BM3R1/B3""]",0xCC,6
0492607b,0,4.451517008036186,0.8471391201019287,"[15, 19, 4, 8, 2, 1, 10]","[""QacR/Q2"", ""SrpR/S4"", ""BM3R1/B2"", ""LitR/L1"", ""BetI/E1"", ""AmtR/A1"", ""PhlF/P1""]",0xCC,7
0492607b,0,11.475539375108308,0.7165737748146057,"[11, 1, 19, 15, 13, 4, 2]","[""PhlF/P2"", ""AmtR/A1"", ""SrpR/S4"", ""QacR/Q2"", ""PsrA/R1"", ""BM3R1/B2"", ""BetI/E1""]",0xCC,7
0492607b,0,11.66809021399409,0.5865526795387268,"[11, 15, 2, 7, 13, 16, 3]","[""PhlF/P2"", ""QacR/Q2"", ""BetI/E1"", ""IcaRA/I1"", ""PsrA/R1"", ""SrpR/S1"", ""BM3R1/B1""]",0xCC,7
0492607b,0,11.565237729173287,0.660347580909729,"[11, 15, 2, 7, 13, 4, 16]","[""PhlF/P2"", ""QacR/Q2"", ""BetI/E1"", ""IcaRA/I1"", ""PsrA/R1"", ""BM3R1/B2"", ""SrpR/S1""]",0xCC,7
0492607b,0,11.541442530021456,0.6873015761375427,"[11, 19, 8, 15, 13, 4, 2]","[""PhlF/P2"", ""SrpR/S4"", ""LitR/L1"", ""QacR/Q2"", ""PsrA/R1"", ""BM3R1/B2"", ""BetI/E1""]",0xCC,7
0492607b,0,11.745908161389817,0.5126922130584717,"[11, 14, 2, 1, 13, 16, 3]","[""PhlF/P2"", ""QacR/Q1"", ""BetI/E1"", ""AmtR/A1"", ""PsrA/R1"", ""SrpR/S1"", ""BM3R1/B1""]",0xCC,7
0492607b,0,9.952320102776138,0.7648719549179077,"[11, 1, 4, 7, 15, 19, 2]","[""PhlF/P2"", ""AmtR/A1"", ""BM3R1/B2"", ""IcaRA/I1"", ""QacR/Q2"", ""SrpR/S4"", ""BetI/E1""]",0xCC,7
0492607b,0,11.55467784080685,0.6635738611221313,"[11, 17, 8, 15, 13, 4, 2]","[""PhlF/P2"", ""SrpR/S2"", ""LitR/L1"", ""QacR/Q2"", ""PsrA/R1"", ""BM3R1/B2"", ""BetI/E1""]",0xCC,7
0492607b,0,11.662047347368176,0.6139019727706909,"[11, 2, 15, 7, 13, 16, 5]","[""PhlF/P2"", ""BetI/E1"", ""QacR/Q2"", ""IcaRA/I1"", ""PsrA/R1"", ""SrpR/S1"", ""BM3R1/B3""]",0xCC,7
0492607b,0,11.69269892552051,0.5715419054031372,"[11, 2, 15, 7, 13, 16, 3]","[""PhlF/P2"", ""BetI/E1"", ""QacR/Q2"", ""IcaRA/I1"", ""PsrA/R1"", ""SrpR/S1"", ""BM3R1/B1""]",0xCC,7
0492607b,1,8.949282874598776,0.7907902002334595,"[11, 1, 19, 7, 2, 15, 4]","[""PhlF/P2"", ""AmtR/A1"", ""SrpR/S4"", ""IcaRA/I1"", ""BetI/E1"", ""QacR/Q2"", ""BM3R1/B2""]",0xCC,7
0492607b,1,11.615465639723432,0.6594550013542175,"[11, 1, 9, 15, 13, 16, 4]","[""PhlF/P2"", ""AmtR/A1"", ""LmrA/N1"", ""QacR/Q2"", ""PsrA/R1"", ""SrpR/S1"", ""BM3R1/B2""]",0xCC,7
0492607b,1,5.5474778836367244,0.8227845430374146,"[2, 13, 10, 7, 19, 15, 4]","[""BetI/E1"", ""PsrA/R1"", ""PhlF/P1"", ""IcaRA/I1"", ""SrpR/S4"", ""QacR/Q2"", ""BM3R1/B2""]",0xCC,7
0492607b,1,11.378844649061163,0.7503626346588135,"[11, 2, 1, 15, 13, 19, 4]","[""PhlF/P2"", ""BetI/E1"", ""AmtR/A1"", ""QacR/Q2"", ""PsrA/R1"", ""SrpR/S4"", ""BM3R1/B2""]",0xCC,7
0492607b,1,6.033299987999581,0.8206631541252136,"[2, 1, 5, 7, 15, 19, 10]","[""BetI/E1"", ""AmtR/A1"", ""BM3R1/B3"", ""IcaRA/I1"", ""QacR/Q2"", ""SrpR/S4"", ""PhlF/P1""]",0xCC,7
0492607b,1,5.359616198235181,0.8314893841743469,"[19, 15, 10, 7, 1, 2, 4]","[""SrpR/S4"", ""QacR/Q2"", ""PhlF/P1"", ""IcaRA/I1"", ""AmtR/A1"", ""BetI/E1"", ""BM3R1/B2""]",0xCC,7
0492607b,1,1.9651936661670224,0.8535150289535522,"[4, 13, 10, 8, 2, 15, 19]","[""BM3R1/B2"", ""PsrA/R1"", ""PhlF/P1"", ""LitR/L1"", ""BetI/E1"", ""QacR/Q2"", ""SrpR/S4""]",0xCC,7
0492607b,1,6.278963659505646,0.8174450993537903,"[19, 13, 10, 7, 15, 2, 4]","[""SrpR/S4"", ""PsrA/R1"", ""PhlF/P1"", ""IcaRA/I1"", ""QacR/Q2"", ""BetI/E1"", ""BM3R1/B2""]",0xCC,7
0492607b,1,6.232959551191391,0.8186222910881042,"[2, 15, 19, 7, 1, 4, 11]","[""BetI/E1"", ""QacR/Q2"", ""SrpR/S4"", ""IcaRA/I1"", ""AmtR/A1"", ""BM3R1/B2"", ""PhlF/P2""]",0xCC,7
0492607b,1,0.13189102074227835,0.8587250113487244,"[15, 2, 5, 8, 1, 10, 19]","[""QacR/Q2"", ""BetI/E1"", ""BM3R1/B3"", ""LitR/L1"", ""AmtR/A1"", ""PhlF/P1"", ""SrpR/S4""]",0xCC,7
0492607b,1,11.489285718784723,0.6927101016044617,"[11, 1, 8, 15, 13, 5, 19]","[""PhlF/P2"", ""AmtR/A1"", ""LitR/L1"", ""QacR/Q2"", ""PsrA/R1"", ""BM3R1/B3"", ""SrpR/S4""]",0xCC,7
0492607b,1,11.232025906008273,0.7557778358459473,"[11, 15, 1, 2, 13, 19, 4]","[""PhlF/P2"", ""QacR/Q2"", ""AmtR/A1"", ""BetI/E1"", ""PsrA/R1"", ""SrpR/S4"", ""BM3R1/B2""]",0xCC,7
0492607b,1,9.608253242513058,0.7692117094993591,"[11, 13, 5, 1, 15, 19, 2]","[""PhlF/P2"", ""PsrA/R1"", ""BM3R1/B3"", ""AmtR/A1"", ""QacR/Q2"", ""SrpR/S4"", ""BetI/E1""]",0xCC,7
0492607b,1,9.548479287522142,0.7844487428665161,"[11, 2, 19, 7, 15, 5, 9]","[""PhlF/P2"", ""BetI/E1"", ""SrpR/S4"", ""IcaRA/I1"", ""QacR/Q2"", ""BM3R1/B3"", ""LmrA/N1""]",0xCC,7
0492607b,1,2.4562111382444947,0.8499715328216553,"[2, 1, 5, 8, 15, 10, 19]","[""BetI/E1"", ""AmtR/A1"", ""BM3R1/B3"", ""LitR/L1"", ""QacR/Q2"", ""PhlF/P1"", ""SrpR/S4""]",0xCC,7
0492607b,1,7.41123257250382,0.8049992918968201,"[15, 1, 19, 2, 13, 4, 10]","[""QacR/Q2"", ""AmtR/A1"", ""SrpR/S4"", ""BetI/E1"", ""PsrA/R1"", ""BM3R1/B2"", ""PhlF/P1""]",0xCC,7
0492607b,1,7.480298019063304,0.8016020059585571,"[15, 1, 10, 2, 13, 4, 19]","[""QacR/Q2"", ""AmtR/A1"", ""PhlF/P1"", ""BetI/E1"", ""PsrA/R1"", ""BM3R1/B2"", ""SrpR/S4""]",0xCC,7
0492607b,1,0.04682975473214895,0.865537703037262,"[15, 1, 10, 8, 4, 2, 19]","[""QacR/Q2"", ""AmtR/A1"", ""PhlF/P1"", ""LitR/L1"", ""BM3R1/B2"", ""BetI/E1"", ""SrpR/S4""]",0xCC,7
0492607b,1,11.427614898477515,0.7391563653945923,"[11, 1, 19, 15, 13, 5, 2]","[""PhlF/P2"", ""AmtR/A1"", ""SrpR/S4"", ""QacR/Q2"", ""PsrA/R1"", ""BM3R1/B3"", ""BetI/E1""]",0xCC,7
0492607b,1,6.3175807091955045,0.8092638850212097,"[2, 1, 19, 13, 15, 11, 4]","[""BetI/E1"", ""AmtR/A1"", ""SrpR/S4"", ""PsrA/R1"", ""QacR/Q2"", ""PhlF/P2"", ""BM3R1/B2""]",0xCC,7
11476b01,1,5.975201181941277,0.736862301826477,"[1, 2, 13, 19, 11, 15]","[""AmtR/A1"", ""BetI/E1"", ""PsrA/R1"", ""SrpR/S4"", ""PhlF/P2"", ""QacR/Q2""]",0xE8,6
11476b01,1,6.01809216502142,0.7168927192687988,"[1, 15, 13, 19, 11, 2]","[""AmtR/A1"", ""QacR/Q2"", ""PsrA/R1"", ""SrpR/S4"", ""PhlF/P2"", ""BetI/E1""]",0xE8,6
11476b01,1,4.976999570000521,0.7929089069366455,"[2, 1, 19, 15, 11, 5]","[""BetI/E1"", ""AmtR/A1"", ""SrpR/S4"", ""QacR/Q2"", ""PhlF/P2"", ""BM3R1/B3""]",0xE8,6
11476b01,1,4.110189683228546,0.8139773011207581,"[19, 4, 2, 1, 11, 15]","[""SrpR/S4"", ""BM3R1/B2"", ""BetI/E1"", ""AmtR/A1"", ""PhlF/P2"", ""QacR/Q2""]",0xE8,6
11476b01,1,4.182965310429684,0.8100724816322327,"[19, 4, 15, 1, 11, 2]","[""SrpR/S4"", ""BM3R1/B2"", ""QacR/Q2"", ""AmtR/A1"", ""PhlF/P2"", ""BetI/E1""]",0xE8,6
11476b01,2,0.12036034233403271,0.8451474905014038,"[2, 10, 5, 19, 1, 15]","[""BetI/E1"", ""PhlF/P1"", ""BM3R1/B3"", ""SrpR/S4"", ""AmtR/A1"", ""QacR/Q2""]",0xE8,6
11476b01,2,-0.008955616216841341,0.8719751834869385,"[4, 1, 10, 2, 19, 15]","[""BM3R1/B2"", ""AmtR/A1"", ""PhlF/P1"", ""BetI/E1"", ""SrpR/S4"", ""QacR/Q2""]",0xE8,6
11476b01,2,-0.02751191688291631,0.8751972913742065,"[4, 1, 10, 19, 2, 15]","[""BM3R1/B2"", ""AmtR/A1"", ""PhlF/P1"", ""SrpR/S4"", ""BetI/E1"", ""QacR/Q2""]",0xE8,6
11476b01,2,3.934748459076392,0.835031270980835,"[4, 2, 1, 19, 15, 11]","[""BM3R1/B2"", ""BetI/E1"", ""AmtR/A1"", ""SrpR/S4"", ""QacR/Q2"", ""PhlF/P2""]",0xE8,6
11476b01,2,-0.03465385607025298,0.8765908479690552,"[4, 2, 10, 19, 1, 15]","[""BM3R1/B2"", ""BetI/E1"", ""PhlF/P1"", ""SrpR/S4"", ""AmtR/A1"", ""QacR/Q2""]",0xE8,6
11476b01,2,4.0280723133154215,0.8183735609054565,"[4, 15, 1, 19, 2, 11]","[""BM3R1/B2"", ""QacR/Q2"", ""AmtR/A1"", ""SrpR/S4"", ""BetI/E1"", ""PhlF/P2""]",0xE8,6
11476b01,2,4.003529235274566,0.8226348161697388,"[4, 19, 1, 2, 15, 11]","[""BM3R1/B2"", ""SrpR/S4"", ""AmtR/A1"", ""BetI/E1"", ""QacR/Q2"", ""PhlF/P2""]",0xE8,6
11476b01,2,6.453810420169697,0.6536022424697876,"[13, 2, 1, 19, 14, 11]","[""PsrA/R1"", ""BetI/E1"", ""AmtR/A1"", ""SrpR/S4"", ""QacR/Q1"", ""PhlF/P2""]",0xE8,6
11476b01,2,5.70060004997998,0.7500325441360474,"[13, 19, 1, 2, 5, 11]","[""PsrA/R1"", ""SrpR/S4"", ""AmtR/A1"", ""BetI/E1"", ""BM3R1/B3"", ""PhlF/P2""]",0xE8,6
11476b01,2,6.616328969662075,0.651479959487915,"[13, 19, 1, 2, 14, 11]","[""PsrA/R1"", ""SrpR/S4"", ""AmtR/A1"", ""BetI/E1"", ""QacR/Q1"", ""PhlF/P2""]",0xE8,6
11476b01,2,5.502575929982276,0.784536600112915,"[15, 19, 1, 2, 5, 11]","[""QacR/Q2"", ""SrpR/S4"", ""AmtR/A1"", ""BetI/E1"", ""BM3R1/B3"", ""PhlF/P2""]",0xE8,6
11476b01,3,5.942633070619859,0.7417462468147278,"[1, 19, 13, 2, 11, 15]","[""AmtR/A1"", ""SrpR/S4"", ""PsrA/R1"", ""BetI/E1"", ""PhlF/P2"", ""QacR/Q2""]",0xE8,6
11476b01,3,4.8117358849781855,0.7982686161994934,"[2, 1, 19, 15, 4, 11]","[""BetI/E1"", ""AmtR/A1"", ""SrpR/S4"", ""QacR/Q2"", ""BM3R1/B2"", ""PhlF/P2""]",0xE8,6
11476b01,3,5.028586829207216,0.7860817313194275,"[19, 1, 2, 15, 4, 11]","[""SrpR/S4"", ""AmtR/A1"", ""BetI/E1"", ""QacR/Q2"", ""BM3R1/B2"", ""PhlF/P2""]",0xE8,6
11476b01,4,5.947849235479414,0.7383177280426025,"[2, 1, 19, 13, 15, 11]","[""BetI/E1"", ""AmtR/A1"", ""SrpR/S4"", ""PsrA/R1"", ""QacR/Q2"", ""PhlF/P2""]",0xE8,6
11476b01,4,0.11293625256441088,0.8584449887275696,"[4, 1, 10, 2, 19, 15]","[""BM3R1/B2"", ""AmtR/A1"", ""PhlF/P1"", ""BetI/E1"", ""SrpR/S4"", ""QacR/Q2""]",0xE8,6
11476b01,4,4.46576317651741,0.8032315373420715,"[4, 1, 19, 2, 15, 11]","[""BM3R1/B2"", ""AmtR/A1"", ""SrpR/S4"", ""BetI/E1"", ""QacR/Q2"", ""PhlF/P2""]",0xE8,6
11476b01,4,2.5447484635127413,0.8359987735748291,"[4, 11, 15, 1, 2, 19]","[""BM3R1/B2"", ""PhlF/P2"", ""QacR/Q2"", ""AmtR/A1"", ""BetI/E1"", ""SrpR/S4""]",0xE8,6
11476b01,4,2.227053573623008,0.8416227698326111,"[4, 11, 15, 2, 1, 19]","[""BM3R1/B2"", ""PhlF/P2"", ""QacR/Q2"", ""BetI/E1"", ""AmtR/A1"", ""SrpR/S4""]",0xE8,6
11476b01,4,0.07553023524098879,0.8698597550392151,"[4, 17, 10, 2, 1, 15]","[""BM3R1/B2"", ""SrpR/S2"", ""PhlF/P1"", ""BetI/E1"", ""AmtR/A1"", ""QacR/Q2""]",0xE8,6
11476b01,4,4.105870473373043,0.8160625100135803,"[4, 19, 1, 2, 15, 11]","[""BM3R1/B2"", ""SrpR/S4"", ""AmtR/A1"", ""BetI/E1"", ""QacR/Q2"", ""PhlF/P2""]",0xE8,6
11476b01,4,1.1208858427877897,0.8447632789611816,"[11, 4, 2, 1, 15, 19]","[""PhlF/P2"", ""BM3R1/B2"", ""BetI/E1"", ""AmtR/A1"", ""QacR/Q2"", ""SrpR/S4""]",0xE8,6
11476b01,4,5.5506973562640125,0.7695821523666382,"[15, 19, 1, 2, 5, 11]","[""QacR/Q2"", ""SrpR/S4"", ""AmtR/A1"", ""BetI/E1"", ""BM3R1/B3"", ""PhlF/P2""]",0xE8,6
1977316a,0,5.325669571609195,0.8213579058647156,"[2, 11, 1, 15, 4, 19]","[""BetI/E1"", ""PhlF/P2"", ""AmtR/A1"", ""QacR/Q2"", ""BM3R1/B2"", ""SrpR/S4""]",0xE8,6
1977316a,0,7.567550431186394,0.7926080226898193,"[11, 2, 1, 15, 4, 19]","[""PhlF/P2"", ""BetI/E1"", ""AmtR/A1"", ""QacR/Q2"", ""BM3R1/B2"", ""SrpR/S4""]",0xE8,6
1977316a,1,9.233524304942227,0.6170759201049805,"[11, 2, 17, 14, 13, 1]","[""PhlF/P2"", ""BetI/E1"", ""SrpR/S2"", ""QacR/Q1"", ""PsrA/R1"", ""AmtR/A1""]",0xE8,6
1977316a,1,7.960647966970355,0.7763990163803101,"[11, 2, 19, 15, 1, 4]","[""PhlF/P2"", ""BetI/E1"", ""SrpR/S4"", ""QacR/Q2"", ""AmtR/A1"", ""BM3R1/B2""]",0xE8,6
1977316a,2,7.4040248870927,0.801307201385498,"[11, 2, 19, 15, 4, 1]","[""PhlF/P2"", ""BetI/E1"", ""SrpR/S4"", ""QacR/Q2"", ""BM3R1/B2"", ""AmtR/A1""]",0xE8,6
1977316a,2,8.39345762654969,0.7529428005218506,"[11, 19, 15, 2, 1, 13]","[""PhlF/P2"", ""SrpR/S4"", ""QacR/Q2"", ""BetI/E1"", ""AmtR/A1"", ""PsrA/R1""]",0xE8,6
1977316a,3,-0.8571995778866668,0.867751955986023,"[1, 2, 15, 19, 10, 4]","[""AmtR/A1"", ""BetI/E1"", ""QacR/Q2"", ""SrpR/S4"", ""PhlF/P1"", ""BM3R1/B2""]",0xE8,6
1977316a,3,3.4297993921887313,0.8343802690505981,"[1, 4, 2, 19, 15, 11]","[""AmtR/A1"", ""BM3R1/B2"", ""BetI/E1"", ""SrpR/S4"", ""QacR/Q2"", ""PhlF/P2""]",0xE8,6
1977316a,3,-0.4302662836383589,0.8673774003982544,"[2, 1, 15, 19, 10, 4]","[""BetI/E1"", ""AmtR/A1"", ""QacR/Q2"", ""SrpR/S4"", ""PhlF/P1"", ""BM3R1/B2""]",0xE8,6
1977316a,3,-0.4609900854697829,0.867683470249176,"[2, 17, 15, 1, 10, 4]","[""BetI/E1"", ""SrpR/S2"", ""QacR/Q2"", ""AmtR/A1"", ""PhlF/P1"", ""BM3R1/B2""]",0xE8,6
1977316a,3,-0.3876330429647326,0.8669610023498535,"[2, 19, 15, 1, 10, 4]","[""BetI/E1"", ""SrpR/S4"", ""QacR/Q2"", ""AmtR/A1"", ""PhlF/P1"", ""BM3R1/B2""]",0xE8,6
1977316a,3,5.942937537411625,0.8166295886039734,"[11, 2, 1, 15, 19, 4]","[""PhlF/P2"", ""BetI/E1"", ""AmtR/A1"", ""QacR/Q2"", ""SrpR/S4"", ""BM3R1/B2""]",0xE8,6
1977316a,3,7.116354432618814,0.8068445324897766,"[11, 2, 19, 15, 1, 4]","[""PhlF/P2"", ""BetI/E1"", ""SrpR/S4"", ""QacR/Q2"", ""AmtR/A1"", ""BM3R1/B2""]",0xE8,6
1977316a,3,6.538969432835484,0.8104056119918823,"[11, 15, 1, 2, 19, 4]","[""PhlF/P2"", ""QacR/Q2"", ""AmtR/A1"", ""BetI/E1"", ""SrpR/S4"", ""BM3R1/B2""]",0xE8,6
1977316a,3,7.16547932477764,0.8063988089561462,"[11, 15, 19, 2, 1, 4]","[""PhlF/P2"", ""QacR/Q2"", ""SrpR/S4"", ""BetI/E1"", ""AmtR/A1"", ""BM3R1/B2""]",0xE8,6
1977316a,3,7.266620427160858,0.8023813962936401,"[11, 19, 2, 15, 1, 4]","[""PhlF/P2"", ""SrpR/S4"", ""BetI/E1"", ""QacR/Q2"", ""AmtR/A1"", ""BM3R1/B2""]",0xE8,6
1977316a,3,9.109400753760584,0.7303149700164795,"[11, 19, 13, 15, 1, 2]","[""PhlF/P2"", ""SrpR/S4"", ""PsrA/R1"", ""QacR/Q2"", ""AmtR/A1"", ""BetI/E1""]",0xE8,6
1977316a,3,8.617042765253338,0.739716112613678,"[11, 19, 13, 15, 2, 1]","[""PhlF/P2"", ""SrpR/S4"", ""PsrA/R1"", ""QacR/Q2"", ""BetI/E1"", ""AmtR/A1""]",0xE8,6
1977316a,3,9.276875092846169,0.5146576166152954,"[11, 19, 13, 15, 7, 2]","[""PhlF/P2"", ""SrpR/S4"", ""PsrA/R1"", ""QacR/Q2"", ""IcaRA/I1"", ""BetI/E1""]",0xE8,6
1977316a,3,8.813015789247375,0.7335771322250366,"[11, 19, 15, 2, 1, 13]","[""PhlF/P2"", ""SrpR/S4"", ""QacR/Q2"", ""BetI/E1"", ""AmtR/A1"", ""PsrA/R1""]",0xE8,6
1977316a,3,8.314922702274053,0.7541142702102661,"[11, 19, 15, 2, 13, 1]","[""PhlF/P2"", ""SrpR/S4"", ""QacR/Q2"", ""BetI/E1"", ""PsrA/R1"", ""AmtR/A1""]",0xE8,6
1977316a,3,5.214535980993634,0.8269665241241455,"[15, 1, 11, 2, 19, 4]","[""QacR/Q2"", ""AmtR/A1"", ""PhlF/P2"", ""BetI/E1"", ""SrpR/S4"", ""BM3R1/B2""]",0xE8,6
1977316a,3,3.3408950070653667,0.8570418953895569,"[15, 2, 1, 19, 11, 4]","[""QacR/Q2"", ""BetI/E1"", ""AmtR/A1"", ""SrpR/S4"", ""PhlF/P2"", ""BM3R1/B2""]",0xE8,6
1977316a,3,0.1113784781081258,0.8662553429603577,"[15, 4, 1, 19, 10, 2]","[""QacR/Q2"", ""BM3R1/B2"", ""AmtR/A1"", ""SrpR/S4"", ""PhlF/P1"", ""BetI/E1""]",0xE8,6
1977316a,3,0.19465677465740414,0.8628042936325073,"[15, 4, 19, 1, 2, 10]","[""QacR/Q2"", ""BM3R1/B2"", ""SrpR/S4"", ""AmtR/A1"", ""BetI/E1"", ""PhlF/P1""]",0xE8,6
1977316a,3,3.609210194108538,0.8291590213775635,"[19, 4, 15, 2, 1, 11]","[""SrpR/S4"", ""BM3R1/B2"", ""QacR/Q2"", ""BetI/E1"", ""AmtR/A1"", ""PhlF/P2""]",0xE8,6
1bb98c9c,1,-0.8264852601953608,0.8476337790489197,"[1, 15, 10, 4, 2, 19]","[""AmtR/A1"", ""QacR/Q2"", ""PhlF/P1"", ""BM3R1/B2"", ""BetI/E1"", ""SrpR/S4""]",0xE8,6
1bb98c9c,1,3.1542226099887016,0.8183339834213257,"[2, 1, 19, 4, 15, 11]","[""BetI/E1"", ""AmtR/A1"", ""SrpR/S4"", ""BM3R1/B2"", ""QacR/Q2"", ""PhlF/P2""]",0xE8,6
1bb98c9c,1,5.980941440972772,0.7996504902839661,"[2, 19, 15, 4, 1, 11]","[""BetI/E1"", ""SrpR/S4"", ""QacR/Q2"", ""BM3R1/B2"", ""AmtR/A1"", ""PhlF/P2""]",0xE8,6
1bb98c9c,1,7.174584999991469,0.7946257591247559,"[11, 2, 15, 4, 1, 19]","[""PhlF/P2"", ""BetI/E1"", ""QacR/Q2"", ""BM3R1/B2"", ""AmtR/A1"", ""SrpR/S4""]",0xE8,6
1bb98c9c,1,8.526056686839752,0.7435853481292725,"[11, 2, 15, 19, 1, 13]","[""PhlF/P2"", ""BetI/E1"", ""QacR/Q2"", ""SrpR/S4"", ""AmtR/A1"", ""PsrA/R1""]",0xE8,6
1bb98c9c,1,5.068620688433375,0.8094882369041443,"[15, 1, 2, 4, 19, 11]","[""QacR/Q2"", ""AmtR/A1"", ""BetI/E1"", ""BM3R1/B2"", ""SrpR/S4"", ""PhlF/P2""]",0xE8,6
1bb98c9c,1,2.83866584023773,0.8201277852058411,"[15, 1, 19, 4, 2, 11]","[""QacR/Q2"", ""AmtR/A1"", ""SrpR/S4"", ""BM3R1/B2"", ""BetI/E1"", ""PhlF/P2""]",0xE8,6
1bb98c9c,3,0.22734066229074895,0.8398261666297913,"[2, 4, 10, 15, 19, 1]","[""BetI/E1"", ""BM3R1/B2"", ""PhlF/P1"", ""QacR/Q2"", ""SrpR/S4"", ""AmtR/A1""]",0xE8,6
1bb98c9c,3,0.27989306651430534,0.8353971838951111,"[2, 4, 10, 19, 15, 1]","[""BetI/E1"", ""BM3R1/B2"", ""PhlF/P1"", ""SrpR/S4"", ""QacR/Q2"", ""AmtR/A1""]",0xE8,6
1bb98c9c,3,5.7621862459992705,0.8048225045204163,"[5, 11, 15, 1, 19, 2]","[""BM3R1/B3"", ""PhlF/P2"", ""QacR/Q2"", ""AmtR/A1"", ""SrpR/S4"", ""BetI/E1""]",0xE8,6
1bb98c9c,3,0.41954876682023745,0.8248664736747742,"[10, 4, 15, 2, 19, 1]","[""PhlF/P1"", ""BM3R1/B2"", ""QacR/Q2"", ""BetI/E1"", ""SrpR/S4"", ""AmtR/A1""]",0xE8,6
1bb98c9c,3,0.3538605147384812,0.830904483795166,"[10, 4, 15, 19, 2, 1]","[""PhlF/P1"", ""BM3R1/B2"", ""QacR/Q2"", ""SrpR/S4"", ""BetI/E1"", ""AmtR/A1""]",0xE8,6
1bb98c9c,3,8.84854997317245,0.6183600425720215,"[11, 2, 1, 19, 14, 5]","[""PhlF/P2"", ""BetI/E1"", ""AmtR/A1"", ""SrpR/S4"", ""QacR/Q1"", ""BM3R1/B3""]",0xE8,6
1bb98c9c,3,9.002292082858368,0.6090595126152039,"[11, 2, 14, 1, 13, 17]","[""PhlF/P2"", ""BetI/E1"", ""QacR/Q1"", ""AmtR/A1"", ""PsrA/R1"", ""SrpR/S2""]",0xE8,6
1bb98c9c,3,8.869027186004976,0.611534595489502,"[11, 2, 14, 1, 13, 19]","[""PhlF/P2"", ""BetI/E1"", ""QacR/Q1"", ""AmtR/A1"", ""PsrA/R1"", ""SrpR/S4""]",0xE8,6
1bb98c9c,3,9.051661013602002,0.43325275182724,"[11, 2, 14, 7, 13, 17]","[""PhlF/P2"", ""BetI/E1"", ""QacR/Q1"", ""IcaRA/I1"", ""PsrA/R1"", ""SrpR/S2""]",0xE8,6
1bb98c9c,3,7.554254273695571,0.7551395893096924,"[11, 2, 15, 4, 19, 1]","[""PhlF/P2"", ""BetI/E1"", ""QacR/Q2"", ""BM3R1/B2"", ""SrpR/S4"", ""AmtR/A1""]",0xE8,6
1bb98c9c,3,7.650477795008846,0.7538720369338989,"[11, 2, 15, 5, 19, 1]","[""PhlF/P2"", ""BetI/E1"", ""QacR/Q2"", ""BM3R1/B3"", ""SrpR/S4"", ""AmtR/A1""]",0xE8,6
1bb98c9c,3,7.650862425975452,0.7482138276100159,"[11, 2, 15, 19, 5, 1]","[""PhlF/P2"", ""BetI/E1"", ""QacR/Q2"", ""SrpR/S4"", ""BM3R1/B3"", ""AmtR/A1""]",0xE8,6
1bb98c9c,3,8.349220071571636,0.7442546486854553,"[11, 15, 1, 2, 19, 5]","[""PhlF/P2"", ""QacR/Q2"", ""AmtR/A1"", ""BetI/E1"", ""SrpR/S4"", ""BM3R1/B3""]",0xE8,6
1bb98c9c,3,8.797911224598801,0.7344759702682495,"[11, 15, 1, 19, 2, 5]","[""PhlF/P2"", ""QacR/Q2"", ""AmtR/A1"", ""SrpR/S4"", ""BetI/E1"", ""BM3R1/B3""]",0xE8,6
1bb98c9c,3,-0.02322246249807868,0.8475877046585083,"[15, 4, 10, 1, 19, 2]","[""QacR/Q2"", ""BM3R1/B2"", ""PhlF/P1"", ""AmtR/A1"", ""SrpR/S4"", ""BetI/E1""]",0xE8,6
1bb98c9c,3,0.07126725326778842,0.845922589302063,"[15, 4, 19, 10, 2, 1]","[""QacR/Q2"", ""BM3R1/B2"", ""SrpR/S4"", ""PhlF/P1"", ""BetI/E1"", ""AmtR/A1""]",0xE8,6
1bb98c9c,3,0.43187132782303145,0.8204494118690491,"[19, 4, 10, 15, 2, 1]","[""SrpR/S4"", ""BM3R1/B2"", ""PhlF/P1"", ""QacR/Q2"", ""BetI/E1"", ""AmtR/A1""]",0xE8,6
1fdd9f06,0,7.349142169956768,0.7366921305656433,"[2, 15, 19, 5, 1, 12]","[""BetI/E1"", ""QacR/Q2"", ""SrpR/S4"", ""BM3R1/B3"", ""AmtR/A1"", ""PhlF/P3""]",0xE8,6
1fdd9f06,0,5.074541494452168,0.8054747581481934,"[2, 19, 11, 5, 1, 15]","[""BetI/E1"", ""SrpR/S4"", ""PhlF/P2"", ""BM3R1/B3"", ""AmtR/A1"", ""QacR/Q2""]",0xE8,6
1fdd9f06,0,2.5004060958787364,0.8445457220077515,"[4, 19, 11, 1, 2, 15]","[""BM3R1/B2"", ""SrpR/S4"", ""PhlF/P2"", ""AmtR/A1"", ""BetI/E1"", ""QacR/Q2""]",0xE8,6
1fdd9f06,0,8.49183609669994,0.5876278281211853,"[13, 14, 2, 3, 1, 11]","[""PsrA/R1"", ""QacR/Q1"", ""BetI/E1"", ""BM3R1/B1"", ""AmtR/A1"", ""PhlF/P2""]",0xE8,6
1fdd9f06,0,8.025729292707334,0.6891686320304871,"[13, 19, 2, 3, 1, 11]","[""PsrA/R1"", ""SrpR/S4"", ""BetI/E1"", ""BM3R1/B1"", ""AmtR/A1"", ""PhlF/P2""]",0xE8,6
1fdd9f06,0,7.822473971932073,0.7252234220504761,"[15, 19, 2, 3, 1, 11]","[""QacR/Q2"", ""SrpR/S4"", ""BetI/E1"", ""BM3R1/B1"", ""AmtR/A1"", ""PhlF/P2""]",0xE8,6
1fdd9f06,0,6.745698529981556,0.7562938928604126,"[15, 19, 2, 5, 1, 12]","[""QacR/Q2"", ""SrpR/S4"", ""BetI/E1"", ""BM3R1/B3"", ""AmtR/A1"", ""PhlF/P3""]",0xE8,6
1fdd9f06,0,7.176106021691538,0.7369692325592041,"[19, 2, 15, 5, 1, 12]","[""SrpR/S4"", ""BetI/E1"", ""QacR/Q2"", ""BM3R1/B3"", ""AmtR/A1"", ""PhlF/P3""]",0xE8,6
1fdd9f06,0,8.089491537897056,0.6277724504470825,"[19, 14, 2, 3, 1, 11]","[""SrpR/S4"", ""QacR/Q1"", ""BetI/E1"", ""BM3R1/B1"", ""AmtR/A1"", ""PhlF/P2""]",0xE8,6
1fdd9f06,0,7.961590469733176,0.7164137363433838,"[19, 15, 2, 5, 1, 11]","[""SrpR/S4"", ""QacR/Q2"", ""BetI/E1"", ""BM3R1/B3"", ""AmtR/A1"", ""PhlF/P2""]",0xE8,6
1fdd9f06,0,7.517615088458498,0.7326411008834839,"[19, 15, 2, 5, 1, 12]","[""SrpR/S4"", ""QacR/Q2"", ""BetI/E1"", ""BM3R1/B3"", ""AmtR/A1"", ""PhlF/P3""]",0xE8,6
1fdd9f06,1,8.30847263439888,0.6259807348251343,"[2, 1, 13, 14, 19, 11]","[""BetI/E1"", ""AmtR/A1"", ""PsrA/R1"", ""QacR/Q1"", ""SrpR/S4"", ""PhlF/P2""]",0xE8,6
1fdd9f06,1,5.067049427301858,0.8077552914619446,"[2, 11, 19, 5, 1, 15]","[""BetI/E1"", ""PhlF/P2"", ""SrpR/S4"", ""BM3R1/B3"", ""AmtR/A1"", ""QacR/Q2""]",0xE8,6
1fdd9f06,1,7.693013849545569,0.7323553562164307,"[2, 15, 19, 5, 1, 11]","[""BetI/E1"", ""QacR/Q2"", ""SrpR/S4"", ""BM3R1/B3"", ""AmtR/A1"", ""PhlF/P2""]",0xE8,6
1fdd9f06,1,7.1198299021561,0.752548098564148,"[2, 15, 19, 5, 1, 12]","[""BetI/E1"", ""QacR/Q2"", ""SrpR/S4"", ""BM3R1/B3"", ""AmtR/A1"", ""PhlF/P3""]",0xE8,6
1fdd9f06,1,7.142614414914915,0.7377816438674927,"[2, 19, 15, 5, 1, 12]","[""BetI/E1"", ""SrpR/S4"", ""QacR/Q2"", ""BM3R1/B3"", ""AmtR/A1"", ""PhlF/P3""]",0xE8,6
1fdd9f06,1,0.025430571145147372,0.8552541732788086,"[4, 10, 2, 1, 19, 15]","[""BM3R1/B2"", ""PhlF/P1"", ""BetI/E1"", ""AmtR/A1"", ""SrpR/S4"", ""QacR/Q2""]",0xE8,6
1fdd9f06,1,6.833882899390689,0.7526955604553223,"[15, 2, 19, 5, 1, 12]","[""QacR/Q2"", ""BetI/E1"", ""SrpR/S4"", ""BM3R1/B3"", ""AmtR/A1"", ""PhlF/P3""]",0xE8,6
1fdd9f06,1,0.032960974285281025,0.845346212387085,"[15, 4, 19, 1, 10, 2]","[""QacR/Q2"", ""BM3R1/B2"", ""SrpR/S4"", ""AmtR/A1"", ""PhlF/P1"", ""BetI/E1""]",0xE8,6
1fdd9f06,2,-0.04916016537822558,0.8734954595565796,"[1, 2, 4, 19, 10, 15]","[""AmtR/A1"", ""BetI/E1"", ""BM3R1/B2"", ""SrpR/S4"", ""PhlF/P1"", ""QacR/Q2""]",0xE8,6
1fdd9f06,2,3.6943805252333046,0.8366371393203735,"[1, 2, 4, 19, 11, 15]","[""AmtR/A1"", ""BetI/E1"", ""BM3R1/B2"", ""SrpR/S4"", ""PhlF/P2"", ""QacR/Q2""]",0xE8,6
1fdd9f06,2,5.606499986035556,0.8044916391372681,"[1, 2, 17, 4, 11, 15]","[""AmtR/A1"", ""BetI/E1"", ""SrpR/S2"", ""BM3R1/B2"", ""PhlF/P2"", ""QacR/Q2""]",0xE8,6
1fdd9f06,2,5.863354766883792,0.7972931861877441,"[1, 2, 19, 4, 11, 15]","[""AmtR/A1"", ""BetI/E1"", ""SrpR/S4"", ""BM3R1/B2"", ""PhlF/P2"", ""QacR/Q2""]",0xE8,6
1fdd9f06,2,6.108304940365972,0.7943254709243774,"[1, 19, 2, 4, 11, 15]","[""AmtR/A1"", ""SrpR/S4"", ""BetI/E1"", ""BM3R1/B2"", ""PhlF/P2"", ""QacR/Q2""]",0xE8,6
1fdd9f06,2,4.989249654250089,0.8285143971443176,"[2, 1, 11, 4, 19, 15]","[""BetI/E1"", ""AmtR/A1"", ""PhlF/P2"", ""BM3R1/B2"", ""SrpR/S4"", ""QacR/Q2""]",0xE8,6
1fdd9f06,2,4.994774658667098,0.8115407228469849,"[2, 1, 11, 5, 19, 15]","[""BetI/E1"", ""AmtR/A1"", ""PhlF/P2"", ""BM3R1/B3"", ""SrpR/S4"", ""QacR/Q2""]",0xE8,6
1fdd9f06,2,6.584096136009562,0.7738050222396851,"[2, 1, 15, 4, 19, 11]","[""BetI/E1"", ""AmtR/A1"", ""QacR/Q2"", ""BM3R1/B2"", ""SrpR/S4"", ""PhlF/P2""]",0xE8,6
1fdd9f06,2,6.591989311223125,0.76934415102005,"[2, 1, 15, 5, 19, 11]","[""BetI/E1"", ""AmtR/A1"", ""QacR/Q2"", ""BM3R1/B3"", ""SrpR/S4"", ""PhlF/P2""]",0xE8,6
1fdd9f06,2,5.608576432686887,0.8011474609375,"[2, 1, 19, 4, 11, 15]","[""BetI/E1"", ""AmtR/A1"", ""SrpR/S4"", ""BM3R1/B2"", ""PhlF/P2"", ""QacR/Q2""]",0xE8,6
1fdd9f06,2,3.1240471416339273,0.8407871723175049,"[2, 11, 4, 1, 19, 15]","[""BetI/E1"", ""PhlF/P2"", ""BM3R1/B2"", ""AmtR/A1"", ""SrpR/S4"", ""QacR/Q2""]",0xE8,6
1fdd9f06,2,-0.0005666221085057616,0.8689798712730408,"[10, 2, 4, 19, 1, 15]","[""PhlF/P1"", ""BetI/E1"", ""BM3R1/B2"", ""SrpR/S4"", ""AmtR/A1"", ""QacR/Q2""]",0xE8,6
1fdd9f06,2,6.248925608862985,0.7804673910140991,"[15, 1, 2, 4, 19, 11]","[""QacR/Q2"", ""AmtR/A1"", ""BetI/E1"", ""BM3R1/B2"", ""SrpR/S4"", ""PhlF/P2""]",0xE8,6
1fdd9f06,2,-1.0566086999667388,0.8826131224632263,"[15, 2, 4, 19, 10, 1]","[""QacR/Q2"", ""BetI/E1"", ""BM3R1/B2"", ""SrpR/S4"", ""PhlF/P1"", ""AmtR/A1""]",0xE8,6
1fdd9f06,2,3.9664661984159206,0.830538809299469,"[17, 1, 4, 11, 2, 15]","[""SrpR/S2"", ""AmtR/A1"", ""BM3R1/B2"", ""PhlF/P2"", ""BetI/E1"", ""QacR/Q2""]",0xE8,6
1fdd9f06,2,4.00592996875785,0.8293700814247131,"[17, 1, 11, 4, 2, 15]","[""SrpR/S2"", ""AmtR/A1"", ""PhlF/P2"", ""BM3R1/B2"", ""BetI/E1"", ""QacR/Q2""]",0xE8,6
039d4a44,0,9.0190069694162,0.5335159301757812,"[11, 19, 2, 14, 3, 13, 1]","[""PhlF/P2"", ""SrpR/S4"", ""BetI/E1"", ""QacR/Q1"", ""BM3R1/B1"", ""PsrA/R1"", ""AmtR/A1""]",0xE8,7
039d4a44,0,8.120159076540535,0.7119895219802856,"[11, 17, 15, 2, 4, 13, 1]","[""PhlF/P2"", ""SrpR/S2"", ""QacR/Q2"", ""BetI/E1"", ""BM3R1/B2"", ""PsrA/R1"", ""AmtR/A1""]",0xE8,7
039d4a44,1,6.593404345247131,0.7223137617111206,"[15, 13, 19, 11, 4, 1, 2]","[""QacR/Q2"", ""PsrA/R1"", ""SrpR/S4"", ""PhlF/P2"", ""BM3R1/B2"", ""AmtR/A1"", ""BetI/E1""]",0xE8,7
039d4a44,1,8.88015969914981,0.7066166400909424,"[11, 1, 15, 13, 4, 2, 17]","[""PhlF/P2"", ""AmtR/A1"", ""QacR/Q2"", ""PsrA/R1"", ""BM3R1/B2"", ""BetI/E1"", ""SrpR/S2""]",0xE8,7
039d4a44,1,6.3326286982466815,0.7346091866493225,"[15, 1, 11, 13, 4, 19, 2]","[""QacR/Q2"", ""AmtR/A1"", ""PhlF/P2"", ""PsrA/R1"", ""BM3R1/B2"", ""SrpR/S4"", ""BetI/E1""]",0xE8,7
039d4a44,1,2.558520910439822,0.7747475504875183,"[13, 4, 15, 2, 10, 1, 17]","[""PsrA/R1"", ""BM3R1/B2"", ""QacR/Q2"", ""BetI/E1"", ""PhlF/P1"", ""AmtR/A1"", ""SrpR/S2""]",0xE8,7
039d4a44,1,0.09219047721678948,0.7898464798927307,"[15, 2, 8, 5, 1, 10, 19]","[""QacR/Q2"", ""BetI/E1"", ""LitR/L1"", ""BM3R1/B3"", ""AmtR/A1"", ""PhlF/P1"", ""SrpR/S4""]",0xE8,7
039d4a44,1,7.963672410754059,0.7210143804550171,"[11, 19, 2, 15, 4, 1, 13]","[""PhlF/P2"", ""SrpR/S4"", ""BetI/E1"", ""QacR/Q2"", ""BM3R1/B2"", ""AmtR/A1"", ""PsrA/R1""]",0xE8,7
039d4a44,1,8.98009415443292,0.6299747824668884,"[11, 1, 15, 13, 4, 2, 18]","[""PhlF/P2"", ""AmtR/A1"", ""QacR/Q2"", ""PsrA/R1"", ""BM3R1/B2"", ""BetI/E1"", ""SrpR/S3""]",0xE8,7
039d4a44,1,6.2254273740632495,0.7502406239509583,"[15, 1, 2, 13, 4, 19, 11]","[""QacR/Q2"", ""AmtR/A1"", ""BetI/E1"", ""PsrA/R1"", ""BM3R1/B2"", ""SrpR/S4"", ""PhlF/P2""]",0xE8,7
039d4a44,1,0.10094764786575505,0.7895881533622742,"[15, 2, 8, 4, 1, 10, 19]","[""QacR/Q2"", ""BetI/E1"", ""LitR/L1"", ""BM3R1/B2"", ""AmtR/A1"", ""PhlF/P1"", ""SrpR/S4""]",0xE8,7
039d4a44,1,2.752724148229606,0.7692044377326965,"[15, 4, 2, 13, 10, 1, 17]","[""QacR/Q2"", ""BM3R1/B2"", ""BetI/E1"", ""PsrA/R1"", ""PhlF/P1"", ""AmtR/A1"", ""SrpR/S2""]",0xE8,7
039d4a44,1,0.037687868780523714,0.7901527881622314,"[8, 17, 15, 2, 1, 10, 4]","[""LitR/L1"", ""SrpR/S2"", ""QacR/Q2"", ""BetI/E1"", ""AmtR/A1"", ""PhlF/P1"", ""BM3R1/B2""]",0xE8,7
039d4a44,1,2.386184970096648,0.7766062617301941,"[2, 1, 15, 19, 10, 13, 4]","[""BetI/E1"", ""AmtR/A1"", ""QacR/Q2"", ""SrpR/S4"", ""PhlF/P1"", ""PsrA/R1"", ""BM3R1/B2""]",0xE8,7
039d4a44,1,8.612528269782455,0.7092599272727966,"[11, 1, 13, 15, 4, 2, 17]","[""PhlF/P2"", ""AmtR/A1"", ""PsrA/R1"", ""QacR/Q2"", ""BM3R1/B2"", ""BetI/E1"", ""SrpR/S2""]",0xE8,7
039d4a44,2,7.173809327280208,0.7215965986251831,"[15, 13, 19, 11, 4, 1, 2]","[""QacR/Q2"", ""PsrA/R1"", ""SrpR/S4"", ""PhlF/P2"", ""BM3R1/B2"", ""AmtR/A1"", ""BetI/E1""]",0xE8,7
039d4a44,4,1.9190257844132135,0.7807886600494385,"[1, 19, 15, 2, 10, 4, 13]","[""AmtR/A1"", ""SrpR/S4"", ""QacR/Q2"", ""BetI/E1"", ""PhlF/P1"", ""BM3R1/B2"", ""PsrA/R1""]",0xE8,7
039d4a44,4,0.011062227964905027,0.8030890822410583,"[2, 1, 8, 19, 15, 4, 10]","[""BetI/E1"", ""AmtR/A1"", ""LitR/L1"", ""SrpR/S4"", ""QacR/Q2"", ""BM3R1/B2"", ""PhlF/P1""]",0xE8,7
039d4a44,4,4.950959585956529,0.7662609219551086,"[15, 1, 19, 13, 10, 4, 2]","[""QacR/Q2"", ""AmtR/A1"", ""SrpR/S4"", ""PsrA/R1"", ""PhlF/P1"", ""BM3R1/B2"", ""BetI/E1""]",0xE8,7
4f845bff,3,2.2419411211236286,0.7633110880851746,"[13, 4, 15, 2, 1, 19, 11]","[""PsrA/R1"", ""BM3R1/B2"", ""QacR/Q2"", ""BetI/E1"", ""AmtR/A1"", ""SrpR/S4"", ""PhlF/P2""]",0xE8,7
4f845bff,3,1.6758198843455325,0.769057035446167,"[13, 11, 15, 2, 19, 4, 1]","[""PsrA/R1"", ""PhlF/P2"", ""QacR/Q2"", ""BetI/E1"", ""SrpR/S4"", ""BM3R1/B2"", ""AmtR/A1""]",0xE8,7
4f845bff,3,8.780744096940579,0.4160085320472717,"[11, 14, 5, 1, 2, 7, 19]","[""PhlF/P2"", ""QacR/Q1"", ""BM3R1/B3"", ""AmtR/A1"", ""BetI/E1"", ""IcaRA/I1"", ""SrpR/S4""]",0xE8,7
4f845bff,3,8.193965794441064,0.6601125001907349,"[11, 19, 5, 1, 15, 2, 9]","[""PhlF/P2"", ""SrpR/S4"", ""BM3R1/B3"", ""AmtR/A1"", ""QacR/Q2"", ""BetI/E1"", ""LmrA/N1""]",0xE8,7
4f845bff,3,8.222295075871953,0.6500374674797058,"[11, 17, 5, 1, 2, 15, 13]","[""PhlF/P2"", ""SrpR/S2"", ""BM3R1/B3"", ""AmtR/A1"", ""BetI/E1"", ""QacR/Q2"", ""PsrA/R1""]",0xE8,7
4f845bff,3,2.0326630739774547,0.7636286616325378,"[2, 4, 15, 13, 1, 17, 10]","[""BetI/E1"", ""BM3R1/B2"", ""QacR/Q2"", ""PsrA/R1"", ""AmtR/A1"", ""SrpR/S2"", ""PhlF/P1""]",0xE8,7
4f845bff,3,8.439071216548859,0.6436389088630676,"[11, 17, 5, 1, 2, 15, 8]","[""PhlF/P2"", ""SrpR/S2"", ""BM3R1/B3"", ""AmtR/A1"", ""BetI/E1"", ""QacR/Q2"", ""LitR/L1""]",0xE8,7
4f845bff,3,1.4901612017994181,0.7732458710670471,"[2, 4, 15, 19, 1, 0, 10]","[""BetI/E1"", ""BM3R1/B2"", ""QacR/Q2"", ""SrpR/S4"", ""AmtR/A1"", ""AmeR/F1"", ""PhlF/P1""]",0xE8,7
4f845bff,3,7.574793874905686,0.7125317454338074,"[11, 15, 1, 2, 19, 4, 13]","[""PhlF/P2"", ""QacR/Q2"", ""AmtR/A1"", ""BetI/E1"", ""SrpR/S4"", ""BM3R1/B2"", ""PsrA/R1""]",0xE8,7
4f845bff,3,8.613760693145469,0.64194256067276,"[11, 2, 4, 1, 13, 15, 17]","[""PhlF/P2"", ""BetI/E1"", ""BM3R1/B2"", ""AmtR/A1"", ""PsrA/R1"", ""QacR/Q2"", ""SrpR/S2""]",0xE8,7
4f845bff,5,4.111775639611286,0.7526267170906067,"[13, 2, 19, 15, 1, 5, 10]","[""PsrA/R1"", ""BetI/E1"", ""SrpR/S4"", ""QacR/Q2"", ""AmtR/A1"", ""BM3R1/B3"", ""PhlF/P1""]",0xE8,7
4f845bff,5,5.747332724781342,0.7428394556045532,"[15, 19, 2, 13, 1, 11, 4]","[""QacR/Q2"", ""SrpR/S4"", ""BetI/E1"", ""PsrA/R1"", ""AmtR/A1"", ""PhlF/P2"", ""BM3R1/B2""]",0xE8,7
4f845bff,5,1.187436802994977,0.7767348289489746,"[15, 1, 19, 0, 2, 4, 10]","[""QacR/Q2"", ""AmtR/A1"", ""SrpR/S4"", ""AmeR/F1"", ""BetI/E1"", ""BM3R1/B2"", ""PhlF/P1""]",0xE8,7
4f845bff,5,0.0621894569850272,0.790974497795105,"[8, 2, 19, 10, 1, 15, 4]","[""LitR/L1"", ""BetI/E1"", ""SrpR/S4"", ""PhlF/P1"", ""AmtR/A1"", ""QacR/Q2"", ""BM3R1/B2""]",0xE8,7
4f845bff,5,6.306352812281482,0.7315119504928589,"[15, 13, 19, 11, 1, 2, 4]","[""QacR/Q2"", ""PsrA/R1"", ""SrpR/S4"", ""PhlF/P2"", ""AmtR/A1"", ""BetI/E1"", ""BM3R1/B2""]",0xE8,7
4f845bff,5,7.948210631141393,0.7025754451751709,"[11, 19, 2, 13, 1, 15, 4]","[""PhlF/P2"", ""SrpR/S4"", ""BetI/E1"", ""PsrA/R1"", ""AmtR/A1"", ""QacR/Q2"", ""BM3R1/B2""]",0xE8,7
4f845bff,5,3.154283345461386,0.755427360534668,"[19, 1, 13, 15, 2, 4, 11]","[""SrpR/S4"", ""AmtR/A1"", ""PsrA/R1"", ""QacR/Q2"", ""BetI/E1"", ""BM3R1/B2"", ""PhlF/P2""]",0xE8,7
4f845bff,5,4.706373547218234,0.74650639295578,"[15, 1, 13, 2, 19, 11, 4]","[""QacR/Q2"", ""AmtR/A1"", ""PsrA/R1"", ""BetI/E1"", ""SrpR/S4"", ""PhlF/P2"", ""BM3R1/B2""]",0xE8,7
4f845bff,5,6.27239101270178,0.7338356971740723,"[2, 13, 19, 11, 1, 15, 4]","[""BetI/E1"", ""PsrA/R1"", ""SrpR/S4"", ""PhlF/P2"", ""AmtR/A1"", ""QacR/Q2"", ""BM3R1/B2""]",0xE8,7
4f845bff,5,7.838386547454745,0.7081648707389832,"[11, 1, 13, 2, 19, 15, 4]","[""PhlF/P2"", ""AmtR/A1"", ""PsrA/R1"", ""BetI/E1"", ""SrpR/S4"", ""QacR/Q2"", ""BM3R1/B2""]",0xE8,7
4f845bff,5,7.279039065955029,0.7270228862762451,"[12, 1, 13, 15, 2, 19, 4]","[""PhlF/P3"", ""AmtR/A1"", ""PsrA/R1"", ""QacR/Q2"", ""BetI/E1"", ""SrpR/S4"", ""BM3R1/B2""]",0xE8,7
4f845bff,5,2.6910800251730183,0.7589830160140991,"[2, 19, 13, 15, 1, 4, 10]","[""BetI/E1"", ""SrpR/S4"", ""PsrA/R1"", ""QacR/Q2"", ""AmtR/A1"", ""BM3R1/B2"", ""PhlF/P1""]",0xE8,7
4f845bff,5,2.3211726869362463,0.761481523513794,"[15, 4, 19, 1, 2, 13, 10]","[""QacR/Q2"", ""BM3R1/B2"", ""SrpR/S4"", ""AmtR/A1"", ""BetI/E1"", ""PsrA/R1"", ""PhlF/P1""]",0xE8,7
4f845bff,5,4.511014973441023,0.7475907802581787,"[15, 13, 1, 2, 19, 11, 4]","[""QacR/Q2"", ""PsrA/R1"", ""AmtR/A1"", ""BetI/E1"", ""SrpR/S4"", ""PhlF/P2"", ""BM3R1/B2""]",0xE8,7
810fcebd,0,0.042403835525449976,0.8490649461746216,"[2, 10, 1, 15, 4, 7, 19]","[""BetI/E1"", ""PhlF/P1"", ""AmtR/A1"", ""QacR/Q2"", ""BM3R1/B2"", ""IcaRA/I1"", ""SrpR/S4""]",0xE8,7
810fcebd,0,0.06037368652703144,0.8205955624580383,"[19, 10, 15, 2, 4, 7, 1]","[""SrpR/S4"", ""PhlF/P1"", ""QacR/Q2"", ""BetI/E1"", ""BM3R1/B2"", ""IcaRA/I1"", ""AmtR/A1""]",0xE8,7
810fcebd,0,7.226085366914793,0.7202370762825012,"[11, 13, 2, 4, 1, 15, 19]","[""PhlF/P2"", ""PsrA/R1"", ""BetI/E1"", ""BM3R1/B2"", ""AmtR/A1"", ""QacR/Q2"", ""SrpR/S4""]",0xE8,7
810fcebd,0,8.06189357766459,0.6874269247055054,"[11, 19, 15, 5, 1, 13, 2]","[""PhlF/P2"", ""SrpR/S4"", ""QacR/Q2"", ""BM3R1/B3"", ""AmtR/A1"", ""PsrA/R1"", ""BetI/E1""]",0xE8,7
810fcebd,0,8.433334306219031,0.4878125786781311,"[11, 1, 2, 13, 15, 7, 17]","[""PhlF/P2"", ""AmtR/A1"", ""BetI/E1"", ""PsrA/R1"", ""QacR/Q2"", ""IcaRA/I1"", ""SrpR/S2""]",0xE8,7
810fcebd,0,8.088446974671081,0.5058796405792236,"[11, 18, 15, 5, 1, 2, 7]","[""PhlF/P2"", ""SrpR/S3"", ""QacR/Q2"", ""BM3R1/B3"", ""AmtR/A1"", ""BetI/E1"", ""IcaRA/I1""]",0xE8,7
810fcebd,1,-0.10178834026062257,0.865206241607666,"[2, 10, 4, 15, 19, 7, 9]","[""BetI/E1"", ""PhlF/P1"", ""BM3R1/B2"", ""QacR/Q2"", ""SrpR/S4"", ""IcaRA/I1"", ""LmrA/N1""]",0xE8,7
810fcebd,1,0.001114361056781503,0.8625856637954712,"[15, 10, 4, 2, 1, 7, 17]","[""QacR/Q2"", ""PhlF/P1"", ""BM3R1/B2"", ""BetI/E1"", ""AmtR/A1"", ""IcaRA/I1"", ""SrpR/S2""]",0xE8,7
810fcebd,1,-4.187818580681713,0.8754723072052002,"[2, 10, 1, 15, 19, 8, 4]","[""BetI/E1"", ""PhlF/P1"", ""AmtR/A1"", ""QacR/Q2"", ""SrpR/S4"", ""LitR/L1"", ""BM3R1/B2""]",0xE8,7
810fcebd,1,-0.003380148070656512,0.864730715751648,"[15, 10, 4, 2, 1, 7, 19]","[""QacR/Q2"", ""PhlF/P1"", ""BM3R1/B2"", ""BetI/E1"", ""AmtR/A1"", ""IcaRA/I1"", ""SrpR/S4""]",0xE8,7
810fcebd,1,0.010120510621883029,0.8605300188064575,"[15, 10, 1, 2, 4, 7, 17]","[""QacR/Q2"", ""PhlF/P1"", ""AmtR/A1"", ""BetI/E1"", ""BM3R1/B2"", ""IcaRA/I1"", ""SrpR/S2""]",0xE8,7
810fcebd,2,0.5534924299703011,0.8072914481163025,"[19, 4, 2, 0, 11, 15, 1]","[""SrpR/S4"", ""BM3R1/B2"", ""BetI/E1"", ""AmeR/F1"", ""PhlF/P2"", ""QacR/Q2"", ""AmtR/A1""]",0xE8,7
810fcebd,2,4.969581854333386,0.7757031917572021,"[2, 19, 15, 4, 11, 13, 1]","[""BetI/E1"", ""SrpR/S4"", ""QacR/Q2"", ""BM3R1/B2"", ""PhlF/P2"", ""PsrA/R1"", ""AmtR/A1""]",0xE8,7
810fcebd,2,2.823073790337466,0.7824069857597351,"[11, 19, 15, 13, 4, 1, 2]","[""PhlF/P2"", ""SrpR/S4"", ""QacR/Q2"", ""PsrA/R1"", ""BM3R1/B2"", ""AmtR/A1"", ""BetI/E1""]",0xE8,7
810fcebd,2,7.18361690719448,0.7249313592910767,"[11, 13, 2, 5, 1, 19, 15]","[""PhlF/P2"", ""PsrA/R1"", ""BetI/E1"", ""BM3R1/B3"", ""AmtR/A1"", ""SrpR/S4"", ""QacR/Q2""]",0xE8,7
810fcebd,2,1.2180575049979483,0.7929262518882751,"[15, 4, 19, 11, 2, 13, 1]","[""QacR/Q2"", ""BM3R1/B2"", ""SrpR/S4"", ""PhlF/P2"", ""BetI/E1"", ""PsrA/R1"", ""AmtR/A1""]",0xE8,7
810fcebd,2,0.5042777077175877,0.8121493458747864,"[2, 4, 19, 0, 11, 15, 1]","[""BetI/E1"", ""BM3R1/B2"", ""SrpR/S4"", ""AmeR/F1"", ""PhlF/P2"", ""QacR/Q2"", ""AmtR/A1""]",0xE8,7
810fcebd,2,0.16044235048282524,0.8148742914199829,"[1, 10, 19, 15, 4, 7, 2]","[""AmtR/A1"", ""PhlF/P1"", ""SrpR/S4"", ""QacR/Q2"", ""BM3R1/B2"", ""IcaRA/I1"", ""BetI/E1""]",0xE8,7
810fcebd,2,2.318229859457067,0.7898749709129333,"[13, 4, 2, 11, 19, 15, 1]","[""PsrA/R1"", ""BM3R1/B2"", ""BetI/E1"", ""PhlF/P2"", ""SrpR/S4"", ""QacR/Q2"", ""AmtR/A1""]",0xE8,7
810fcebd,2,1.7108762036087373,0.791451096534729,"[13, 1, 4, 2, 19, 15, 11]","[""PsrA/R1"", ""AmtR/A1"", ""BM3R1/B2"", ""BetI/E1"", ""SrpR/S4"", ""QacR/Q2"", ""PhlF/P2""]",0xE8,7
810fcebd,2,7.119724170600887,0.7273712754249573,"[11, 13, 19, 4, 1, 15, 2]","[""PhlF/P2"", ""PsrA/R1"", ""SrpR/S4"", ""BM3R1/B2"", ""AmtR/A1"", ""QacR/Q2"", ""BetI/E1""]",0xE8,7
810fcebd,2,6.7093392234226545,0.7663251757621765,"[12, 19, 1, 15, 2, 5, 13]","[""PhlF/P3"", ""SrpR/S4"", ""AmtR/A1"", ""QacR/Q2"", ""BetI/E1"", ""BM3R1/B3"", ""PsrA/R1""]",0xE8,7
810fcebd,2,7.579878459811561,0.7176951169967651,"[11, 13, 2, 4, 1, 17, 15]","[""PhlF/P2"", ""PsrA/R1"", ""BetI/E1"", ""BM3R1/B2"", ""AmtR/A1"", ""SrpR/S2"", ""QacR/Q2""]",0xE8,7
810fcebd,2,7.151503431724613,0.7251524925231934,"[11, 2, 15, 5, 1, 13, 19]","[""PhlF/P2"", ""BetI/E1"", ""QacR/Q2"", ""BM3R1/B3"", ""AmtR/A1"", ""PsrA/R1"", ""SrpR/S4""]",0xE8,7
810fcebd,2,3.1034402157644614,0.7766945362091064,"[13, 19, 15, 5, 2, 1, 11]","[""PsrA/R1"", ""SrpR/S4"", ""QacR/Q2"", ""BM3R1/B3"", ""BetI/E1"", ""AmtR/A1"", ""PhlF/P2""]",0xE8,7
810fcebd,2,5.6466191334861815,0.7667441964149475,"[15, 11, 19, 2, 13, 4, 1]","[""QacR/Q2"", ""PhlF/P2"", ""SrpR/S4"", ""BetI/E1"", ""PsrA/R1"", ""BM3R1/B2"", ""AmtR/A1""]",0xE8,7
810fcebd,2,2.96148122432131,0.7772778868675232,"[2, 19, 15, 11, 5, 13, 1]","[""BetI/E1"", ""SrpR/S4"", ""QacR/Q2"", ""PhlF/P2"", ""BM3R1/B3"", ""PsrA/R1"", ""AmtR/A1""]",0xE8,7
810fcebd,2,0.1369584233981719,0.8164246678352356,"[1, 10, 19, 2, 4, 7, 15]","[""AmtR/A1"", ""PhlF/P1"", ""SrpR/S4"", ""BetI/E1"", ""BM3R1/B2"", ""IcaRA/I1"", ""QacR/Q2""]",0xE8,7
810fcebd,2,2.474976725315668,0.7893152832984924,"[15, 2, 19, 11, 5, 1, 13]","[""QacR/Q2"", ""BetI/E1"", ""SrpR/S4"", ""PhlF/P2"", ""BM3R1/B3"", ""AmtR/A1"", ""PsrA/R1""]",0xE8,7
810fcebd,2,6.729628833399785,0.7382572293281555,"[11, 19, 13, 4, 1, 2, 15]","[""PhlF/P2"", ""SrpR/S4"", ""PsrA/R1"", ""BM3R1/B2"", ""AmtR/A1"", ""BetI/E1"", ""QacR/Q2""]",0xE8,7
e42ec999,0,5.19333209251685,0.7749473452568054,"[15, 19, 13, 2, 10, 1, 4]","[""QacR/Q2"", ""SrpR/S4"", ""PsrA/R1"", ""BetI/E1"", ""PhlF/P1"", ""AmtR/A1"", ""BM3R1/B2""]",0xE8,7
e42ec999,0,7.6268006476719,0.7303662300109863,"[11, 15, 2, 17, 4, 13, 1]","[""PhlF/P2"", ""QacR/Q2"", ""BetI/E1"", ""SrpR/S2"", ""BM3R1/B2"", ""PsrA/R1"", ""AmtR/A1""]",0xE8,7
e42ec999,0,-0.07082441070682247,0.7929773926734924,"[2, 15, 19, 4, 1, 10, 9]","[""BetI/E1"", ""QacR/Q2"", ""SrpR/S4"", ""BM3R1/B2"", ""AmtR/A1"", ""PhlF/P1"", ""LmrA/N1""]",0xE8,7
e42ec999,0,0.09130834245821952,0.7775918245315552,"[13, 15, 2, 19, 1, 10, 4]","[""PsrA/R1"", ""QacR/Q2"", ""BetI/E1"", ""SrpR/S4"", ""AmtR/A1"", ""PhlF/P1"", ""BM3R1/B2""]",0xE8,7
e42ec999,0,5.683914048815946,0.7446439862251282,"[2, 19, 13, 15, 10, 1, 5]","[""BetI/E1"", ""SrpR/S4"", ""PsrA/R1"", ""QacR/Q2"", ""PhlF/P1"", ""AmtR/A1"", ""BM3R1/B3""]",0xE8,7
e42ec999,1,0.0474349844618876,0.7857412099838257,"[15, 13, 17, 2, 1, 10, 4]","[""QacR/Q2"", ""PsrA/R1"", ""SrpR/S2"", ""BetI/E1"", ""AmtR/A1"", ""PhlF/P1"", ""BM3R1/B2""]",0xE8,7
e42ec999,1,8.134821730648472,0.7158809900283813,"[11, 13, 2, 15, 4, 19, 1]","[""PhlF/P2"", ""PsrA/R1"", ""BetI/E1"", ""QacR/Q2"", ""BM3R1/B2"", ""SrpR/S4"", ""AmtR/A1""]",0xE8,7
e42ec999,1,8.555405589268997,0.7115536332130432,"[11, 15, 19, 2, 5, 13, 1]","[""PhlF/P2"", ""QacR/Q2"", ""SrpR/S4"", ""BetI/E1"", ""BM3R1/B3"", ""PsrA/R1"", ""AmtR/A1""]",0xE8,7
e42ec999,1,6.810555259141996,0.7316579818725586,"[11, 13, 15, 19, 4, 2, 1]","[""PhlF/P2"", ""PsrA/R1"", ""QacR/Q2"", ""SrpR/S4"", ""BM3R1/B2"", ""BetI/E1"", ""AmtR/A1""]",0xE8,7
e42ec999,1,8.043461567825256,0.7217391729354858,"[11, 15, 1, 19, 4, 13, 2]","[""PhlF/P2"", ""QacR/Q2"", ""AmtR/A1"", ""SrpR/S4"", ""BM3R1/B2"", ""PsrA/R1"", ""BetI/E1""]",0xE8,7
e42ec999,1,6.248271582540935,0.7379491329193115,"[15, 19, 11, 13, 4, 1, 2]","[""QacR/Q2"", ""SrpR/S4"", ""PhlF/P2"", ""PsrA/R1"", ""BM3R1/B2"", ""AmtR/A1"", ""BetI/E1""]",0xE8,7
e42ec999,1,0.01185817911799175,0.7883155345916748,"[8, 15, 19, 2, 1, 10, 5]","[""LitR/L1"", ""QacR/Q2"", ""SrpR/S4"", ""BetI/E1"", ""AmtR/A1"", ""PhlF/P1"", ""BM3R1/B3""]",0xE8,7
e42ec999,1,8.759781538134842,0.5450601577758789,"[11, 2, 1, 14, 4, 13, 18]","[""PhlF/P2"", ""BetI/E1"", ""AmtR/A1"", ""QacR/Q1"", ""BM3R1/B2"", ""PsrA/R1"", ""SrpR/S3""]",0xE8,7
e42ec999,4,5.41335999451467,0.7472299933433533,"[2, 19, 11, 15, 1, 13, 4]","[""BetI/E1"", ""SrpR/S4"", ""PhlF/P2"", ""QacR/Q2"", ""AmtR/A1"", ""PsrA/R1"", ""BM3R1/B2""]",0xE8,7
e42ec999,4,8.580169416847408,0.6641034483909607,"[11, 15, 2, 19, 9, 13, 1]","[""PhlF/P2"", ""QacR/Q2"", ""BetI/E1"", ""SrpR/S4"", ""LmrA/N1"", ""PsrA/R1"", ""AmtR/A1""]",0xE8,7
e42ec999,4,6.1714283399507,0.7398769855499268,"[2, 15, 11, 19, 4, 13, 1]","[""BetI/E1"", ""QacR/Q2"", ""PhlF/P2"", ""SrpR/S4"", ""BM3R1/B2"", ""PsrA/R1"", ""AmtR/A1""]",0xE8,7
2846df4c,0,6.6086798608105175,0.8966779708862305,"[2, 10, 4, 19]","[""BetI/E1"", ""PhlF/P1"", ""BM3R1/B2"", ""SrpR/S4""]","[""0x33"", ""0x0F""]",4
2846df4c,0,9.939919199713993,0.787205159664154,"[2, 19, 3, 11]","[""BetI/E1"", ""SrpR/S4"", ""BM3R1/B1"", ""PhlF/P2""]","[""0x33"", ""0x0F""]",4
2846df4c,0,9.09622389217504,0.8860973119735718,"[2, 19, 4, 11]","[""BetI/E1"", ""SrpR/S4"", ""BM3R1/B2"", ""PhlF/P2""]","[""0x33"", ""0x0F""]",4
2846df4c,0,9.633985865151011,0.8594841957092285,"[2, 19, 5, 11]","[""BetI/E1"", ""SrpR/S4"", ""BM3R1/B3"", ""PhlF/P2""]","[""0x33"", ""0x0F""]",4
2846df4c,0,3.9926759616358414,0.921922206878662,"[10, 1, 4, 2]","[""PhlF/P1"", ""AmtR/A1"", ""BM3R1/B2"", ""BetI/E1""]","[""0x33"", ""0x0F""]",4
2846df4c,0,4.348227287581275,0.911066234111786,"[10, 1, 4, 15]","[""PhlF/P1"", ""AmtR/A1"", ""BM3R1/B2"", ""QacR/Q2""]","[""0x33"", ""0x0F""]",4
2846df4c,0,1.0612694950982589,0.9264647960662842,"[10, 15, 4, 19]","[""PhlF/P1"", ""QacR/Q2"", ""BM3R1/B2"", ""SrpR/S4""]","[""0x33"", ""0x0F""]",4
2846df4c,0,2.039936621118705,0.9247756600379944,"[10, 19, 4, 2]","[""PhlF/P1"", ""SrpR/S4"", ""BM3R1/B2"", ""BetI/E1""]","[""0x33"", ""0x0F""]",4
2846df4c,0,10.785478210954645,0.733525276184082,"[13, 4, 16, 11]","[""PsrA/R1"", ""BM3R1/B2"", ""SrpR/S1"", ""PhlF/P2""]","[""0x33"", ""0x0F""]",4
2846df4c,0,9.851558814574528,0.8234017491340637,"[13, 19, 5, 11]","[""PsrA/R1"", ""SrpR/S4"", ""BM3R1/B3"", ""PhlF/P2""]","[""0x33"", ""0x0F""]",4
2846df4c,0,10.77300585995122,0.7763540744781494,"[15, 4, 16, 11]","[""QacR/Q2"", ""BM3R1/B2"", ""SrpR/S1"", ""PhlF/P2""]","[""0x33"", ""0x0F""]",4
2846df4c,0,10.705537790918656,0.7825906276702881,"[15, 5, 16, 11]","[""QacR/Q2"", ""BM3R1/B3"", ""SrpR/S1"", ""PhlF/P2""]","[""0x33"", ""0x0F""]",4
2846df4c,0,8.583628904337784,0.891079306602478,"[15, 19, 4, 11]","[""QacR/Q2"", ""SrpR/S4"", ""BM3R1/B2"", ""PhlF/P2""]","[""0x33"", ""0x0F""]",4
2846df4c,0,9.407456571110004,0.8687602281570435,"[15, 19, 5, 11]","[""QacR/Q2"", ""SrpR/S4"", ""BM3R1/B3"", ""PhlF/P2""]","[""0x33"", ""0x0F""]",4
2846df4c,0,6.228948859438366,0.8971534967422485,"[19, 10, 4, 2]","[""SrpR/S4"", ""PhlF/P1"", ""BM3R1/B2"", ""BetI/E1""]","[""0x33"", ""0x0F""]",4
2846df4c,1,11.169126781161719,0.6794337630271912,"[1, 3, 16, 11]","[""AmtR/A1"", ""BM3R1/B1"", ""SrpR/S1"", ""PhlF/P2""]","[""0x33"", ""0x0F""]",4
2846df4c,1,9.924489417484933,0.8120688796043396,"[15, 2, 5, 11]","[""QacR/Q2"", ""BetI/E1"", ""BM3R1/B3"", ""PhlF/P2""]","[""0x33"", ""0x0F""]",4
2846df4c,1,11.091910854024654,0.7280849814414978,"[15, 2, 16, 11]","[""QacR/Q2"", ""BetI/E1"", ""SrpR/S1"", ""PhlF/P2""]","[""0x33"", ""0x0F""]",4
2846df4c,1,9.877368394332603,0.8188981413841248,"[15, 19, 5, 11]","[""QacR/Q2"", ""SrpR/S4"", ""BM3R1/B3"", ""PhlF/P2""]","[""0x33"", ""0x0F""]",4
2846df4c,1,9.701002018273908,0.8299571871757507,"[19, 2, 5, 11]","[""SrpR/S4"", ""BetI/E1"", ""BM3R1/B3"", ""PhlF/P2""]","[""0x33"", ""0x0F""]",4
038b4a59,0,7.152327553822588,0.8587768077850342,"[2, 4, 1, 10, 15]","[""BetI/E1"", ""BM3R1/B2"", ""AmtR/A1"", ""PhlF/P1"", ""QacR/Q2""]","[""0x33"", ""0x0F""]",5
038b4a59,0,7.2312154666406805,0.85508793592453,"[2, 4, 1, 10, 19]","[""BetI/E1"", ""BM3R1/B2"", ""AmtR/A1"", ""PhlF/P1"", ""SrpR/S4""]","[""0x33"", ""0x0F""]",5
038b4a59,0,7.081750626295033,0.8646242618560791,"[2, 10, 4, 15, 19]","[""BetI/E1"", ""PhlF/P1"", ""BM3R1/B2"", ""QacR/Q2"", ""SrpR/S4""]","[""0x33"", ""0x0F""]",5
038b4a59,0,7.178999406462911,0.8557998538017273,"[4, 10, 15, 1, 2]","[""BM3R1/B2"", ""PhlF/P1"", ""QacR/Q2"", ""AmtR/A1"", ""BetI/E1""]","[""0x33"", ""0x0F""]",5
038b4a59,0,7.261977816233357,0.8524366617202759,"[4, 10, 15, 19, 2]","[""BM3R1/B2"", ""PhlF/P1"", ""QacR/Q2"", ""SrpR/S4"", ""BetI/E1""]","[""0x33"", ""0x0F""]",5
038b4a59,0,7.045138560019418,0.8649991154670715,"[4, 19, 1, 10, 7]","[""BM3R1/B2"", ""SrpR/S4"", ""AmtR/A1"", ""PhlF/P1"", ""IcaRA/I1""]","[""0x33"", ""0x0F""]",5
038b4a59,0,4.934886466326198,0.8712964057922363,"[4, 19, 1, 10, 8]","[""BM3R1/B2"", ""SrpR/S4"", ""AmtR/A1"", ""PhlF/P1"", ""LitR/L1""]","[""0x33"", ""0x0F""]",5
038b4a59,0,11.422353932787738,0.7832462787628174,"[11, 2, 15, 3, 13]","[""PhlF/P2"", ""BetI/E1"", ""QacR/Q2"", ""BM3R1/B1"", ""PsrA/R1""]","[""0x33"", ""0x0F""]",5
038b4a59,0,11.478097726528249,0.7614188194274902,"[11, 2, 17, 4, 13]","[""PhlF/P2"", ""BetI/E1"", ""SrpR/S2"", ""BM3R1/B2"", ""PsrA/R1""]","[""0x33"", ""0x0F""]",5
038b4a59,0,11.412373308351352,0.8008381128311157,"[11, 2, 19, 4, 15]","[""PhlF/P2"", ""BetI/E1"", ""SrpR/S4"", ""BM3R1/B2"", ""QacR/Q2""]","[""0x33"", ""0x0F""]",5
038b4a59,0,11.345828877853371,0.8338672518730164,"[11, 2, 19, 5, 15]","[""PhlF/P2"", ""BetI/E1"", ""SrpR/S4"", ""BM3R1/B3"", ""QacR/Q2""]","[""0x33"", ""0x0F""]",5
038b4a59,0,11.555482006725036,0.6209251284599304,"[11, 3, 8, 16, 1]","[""PhlF/P2"", ""BM3R1/B1"", ""LitR/L1"", ""SrpR/S1"", ""AmtR/A1""]","[""0x33"", ""0x0F""]",5
038b4a59,0,11.726969395097756,0.5986083149909973,"[11, 3, 8, 16, 9]","[""PhlF/P2"", ""BM3R1/B1"", ""LitR/L1"", ""SrpR/S1"", ""LmrA/N1""]","[""0x33"", ""0x0F""]",5
038b4a59,0,11.545365870546489,0.6432555913925171,"[11, 3, 9, 16, 8]","[""PhlF/P2"", ""BM3R1/B1"", ""LmrA/N1"", ""SrpR/S1"", ""LitR/L1""]","[""0x33"", ""0x0F""]",5
038b4a59,0,11.518542947513657,0.688387930393219,"[11, 3, 17, 14, 1]","[""PhlF/P2"", ""BM3R1/B1"", ""SrpR/S2"", ""QacR/Q1"", ""AmtR/A1""]","[""0x33"", ""0x0F""]",5
038b4a59,0,11.408495344860336,0.8059309720993042,"[11, 4, 19, 8, 15]","[""PhlF/P2"", ""BM3R1/B2"", ""SrpR/S4"", ""LitR/L1"", ""QacR/Q2""]","[""0x33"", ""0x0F""]",5
038b4a59,0,11.53761216530947,0.6462905406951904,"[11, 8, 9, 16, 6]","[""PhlF/P2"", ""LitR/L1"", ""LmrA/N1"", ""SrpR/S1"", ""HlyIIR/H1""]","[""0x33"", ""0x0F""]",5
038b4a59,0,11.522977754798136,0.6609192490577698,"[11, 14, 2, 3, 13]","[""PhlF/P2"", ""QacR/Q1"", ""BetI/E1"", ""BM3R1/B1"", ""PsrA/R1""]","[""0x33"", ""0x0F""]",5
038b4a59,0,11.294439158838337,0.8431917428970337,"[11, 19, 2, 5, 15]","[""PhlF/P2"", ""SrpR/S4"", ""BetI/E1"", ""BM3R1/B3"", ""QacR/Q2""]","[""0x33"", ""0x0F""]",5
038b4a59,0,11.472622797864384,0.7809304594993591,"[11, 19, 15, 3, 13]","[""PhlF/P2"", ""SrpR/S4"", ""QacR/Q2"", ""BM3R1/B1"", ""PsrA/R1""]","[""0x33"", ""0x0F""]",5
038b4a59,0,7.179970727280299,0.8556798696517944,"[19, 4, 1, 10, 15]","[""SrpR/S4"", ""BM3R1/B2"", ""AmtR/A1"", ""PhlF/P1"", ""QacR/Q2""]","[""0x33"", ""0x0F""]",5
038b4a59,0,7.773974230702959,0.8513052463531494,"[19, 10, 4, 15, 2]","[""SrpR/S4"", ""PhlF/P1"", ""BM3R1/B2"", ""QacR/Q2"", ""BetI/E1""]","[""0x33"", ""0x0F""]",5
038b4a59,1,11.400435705728459,0.8141738176345825,"[11, 4, 17, 1, 15]","[""PhlF/P2"", ""BM3R1/B2"", ""SrpR/S2"", ""AmtR/A1"", ""QacR/Q2""]","[""0x33"", ""0x0F""]",5
072f2e06,0,6.959305898904321,0.8243001103401184,"[2, 11, 4, 15, 19]","[""BetI/E1"", ""PhlF/P2"", ""BM3R1/B2"", ""QacR/Q2"", ""SrpR/S4""]","[""0x33"", ""0x0F""]",5
072f2e06,0,7.239693500376961,0.8002574443817139,"[2, 11, 19, 15, 5]","[""BetI/E1"", ""PhlF/P2"", ""SrpR/S4"", ""QacR/Q2"", ""BM3R1/B3""]","[""0x33"", ""0x0F""]",5
072f2e06,0,9.347314933953076,0.7698935270309448,"[4, 11, 2, 15, 8]","[""BM3R1/B2"", ""PhlF/P2"", ""BetI/E1"", ""QacR/Q2"", ""LitR/L1""]","[""0x33"", ""0x0F""]",5
072f2e06,0,9.203710932618428,0.7759973406791687,"[4, 11, 17, 15, 8]","[""BM3R1/B2"", ""PhlF/P2"", ""SrpR/S2"", ""QacR/Q2"", ""LitR/L1""]","[""0x33"", ""0x0F""]",5
072f2e06,0,9.21874798121627,0.7752415537834167,"[4, 11, 19, 15, 8]","[""BM3R1/B2"", ""PhlF/P2"", ""SrpR/S4"", ""QacR/Q2"", ""LitR/L1""]","[""0x33"", ""0x0F""]",5
072f2e06,0,7.0179522105974526,0.8176890015602112,"[4, 19, 1, 15, 10]","[""BM3R1/B2"", ""SrpR/S4"", ""AmtR/A1"", ""QacR/Q2"", ""PhlF/P1""]","[""0x33"", ""0x0F""]",5
072f2e06,0,6.999076243479009,0.819232165813446,"[4, 19, 2, 15, 10]","[""BM3R1/B2"", ""SrpR/S4"", ""BetI/E1"", ""QacR/Q2"", ""PhlF/P1""]","[""0x33"", ""0x0F""]",5
072f2e06,0,9.737628091184748,0.7531119585037231,"[5, 11, 2, 15, 8]","[""BM3R1/B3"", ""PhlF/P2"", ""BetI/E1"", ""QacR/Q2"", ""LitR/L1""]","[""0x33"", ""0x0F""]",5
072f2e06,0,9.946364370539364,0.730352520942688,"[5, 11, 2, 15, 16]","[""BM3R1/B3"", ""PhlF/P2"", ""BetI/E1"", ""QacR/Q2"", ""SrpR/S1""]","[""0x33"", ""0x0F""]",5
072f2e06,0,7.3623384957138205,0.7918606996536255,"[5, 11, 17, 15, 1]","[""BM3R1/B3"", ""PhlF/P2"", ""SrpR/S2"", ""QacR/Q2"", ""AmtR/A1""]","[""0x33"", ""0x0F""]",5
072f2e06,0,9.627838761189727,0.7568734884262085,"[5, 11, 17, 15, 8]","[""BM3R1/B3"", ""PhlF/P2"", ""SrpR/S2"", ""QacR/Q2"", ""LitR/L1""]","[""0x33"", ""0x0F""]",5
072f2e06,0,7.218584224416366,0.8007911443710327,"[5, 19, 2, 15, 10]","[""BM3R1/B3"", ""SrpR/S4"", ""BetI/E1"", ""QacR/Q2"", ""PhlF/P1""]","[""0x33"", ""0x0F""]",5
072f2e06,0,10.87764801133147,0.7081854343414307,"[16, 11, 4, 2, 8]","[""SrpR/S1"", ""PhlF/P2"", ""BM3R1/B2"", ""BetI/E1"", ""LitR/L1""]","[""0x33"", ""0x0F""]",5
072f2e06,0,10.764405025605212,0.7126129865646362,"[16, 11, 4, 15, 8]","[""SrpR/S1"", ""PhlF/P2"", ""BM3R1/B2"", ""QacR/Q2"", ""LitR/L1""]","[""0x33"", ""0x0F""]",5
072f2e06,0,11.260491609888025,0.5931923389434814,"[16, 11, 9, 0, 3]","[""SrpR/S1"", ""PhlF/P2"", ""LmrA/N1"", ""AmeR/F1"", ""BM3R1/B1""]","[""0x33"", ""0x0F""]",5
072f2e06,0,6.149970650565476,0.8265951871871948,"[19, 2, 4, 15, 10]","[""SrpR/S4"", ""BetI/E1"", ""BM3R1/B2"", ""QacR/Q2"", ""PhlF/P1""]","[""0x33"", ""0x0F""]",5
072f2e06,0,7.253630540099586,0.7961525917053223,"[19, 11, 2, 15, 4]","[""SrpR/S4"", ""PhlF/P2"", ""BetI/E1"", ""QacR/Q2"", ""BM3R1/B2""]","[""0x33"", ""0x0F""]",5
072f2e06,0,7.191520733311502,0.8156256079673767,"[19, 11, 4, 15, 2]","[""SrpR/S4"", ""PhlF/P2"", ""BM3R1/B2"", ""QacR/Q2"", ""BetI/E1""]","[""0x33"", ""0x0F""]",5
072f2e06,0,7.925126641364056,0.776835024356842,"[19, 11, 4, 15, 8]","[""SrpR/S4"", ""PhlF/P2"", ""BM3R1/B2"", ""QacR/Q2"", ""LitR/L1""]","[""0x33"", ""0x0F""]",5
072f2e06,0,7.394193270514659,0.7812725305557251,"[19, 11, 9, 15, 5]","[""SrpR/S4"", ""PhlF/P2"", ""LmrA/N1"", ""QacR/Q2"", ""BM3R1/B3""]","[""0x33"", ""0x0F""]",5
072f2e06,0,7.470215613832394,0.7793888449668884,"[19, 11, 15, 5, 2]","[""SrpR/S4"", ""PhlF/P2"", ""QacR/Q2"", ""BM3R1/B3"", ""BetI/E1""]","[""0x33"", ""0x0F""]",5
072f2e06,1,4.914150968665041,0.8424650430679321,"[2, 17, 4, 10, 15]","[""BetI/E1"", ""SrpR/S2"", ""BM3R1/B2"", ""PhlF/P1"", ""QacR/Q2""]","[""0x33"", ""0x0F""]",5
072f2e06,1,5.59730980555356,0.838787317276001,"[2, 19, 4, 10, 15]","[""BetI/E1"", ""SrpR/S4"", ""BM3R1/B2"", ""PhlF/P1"", ""QacR/Q2""]","[""0x33"", ""0x0F""]",5
072f2e06,1,11.264299414068864,0.5846319794654846,"[16, 11, 2, 0, 6]","[""SrpR/S1"", ""PhlF/P2"", ""BetI/E1"", ""AmeR/F1"", ""HlyIIR/H1""]","[""0x33"", ""0x0F""]",5
072f2e06,1,11.231555341214039,0.6247427463531494,"[16, 11, 2, 4, 6]","[""SrpR/S1"", ""PhlF/P2"", ""BetI/E1"", ""BM3R1/B2"", ""HlyIIR/H1""]","[""0x33"", ""0x0F""]",5
072f2e06,1,11.157129634129529,0.657437801361084,"[16, 11, 2, 4, 8]","[""SrpR/S1"", ""PhlF/P2"", ""BetI/E1"", ""BM3R1/B2"", ""LitR/L1""]","[""0x33"", ""0x0F""]",5
072f2e06,1,10.94939064293263,0.6798792481422424,"[16, 11, 4, 1, 8]","[""SrpR/S1"", ""PhlF/P2"", ""BM3R1/B2"", ""AmtR/A1"", ""LitR/L1""]","[""0x33"", ""0x0F""]",5
072f2e06,1,10.877867211134266,0.6837071180343628,"[16, 11, 4, 2, 8]","[""SrpR/S1"", ""PhlF/P2"", ""BM3R1/B2"", ""BetI/E1"", ""LitR/L1""]","[""0x33"", ""0x0F""]",5
072f2e06,1,11.264431432217286,0.5844789743423462,"[16, 11, 5, 0, 6]","[""SrpR/S1"", ""PhlF/P2"", ""BM3R1/B3"", ""AmeR/F1"", ""HlyIIR/H1""]","[""0x33"", ""0x0F""]",5
072f2e06,1,11.028564909951813,0.6639844179153442,"[16, 11, 5, 2, 8]","[""SrpR/S1"", ""PhlF/P2"", ""BM3R1/B3"", ""BetI/E1"", ""LitR/L1""]","[""0x33"", ""0x0F""]",5
072f2e06,1,11.516656338626047,0.5434973835945129,"[16, 11, 8, 0, 6]","[""SrpR/S1"", ""PhlF/P2"", ""LitR/L1"", ""AmeR/F1"", ""HlyIIR/H1""]","[""0x33"", ""0x0F""]",5
072f2e06,1,11.29227233794688,0.5802537202835083,"[16, 11, 8, 2, 6]","[""SrpR/S1"", ""PhlF/P2"", ""LitR/L1"", ""BetI/E1"", ""HlyIIR/H1""]","[""0x33"", ""0x0F""]",5
072f2e06,1,11.397470962556351,0.5790144205093384,"[16, 11, 8, 4, 6]","[""SrpR/S1"", ""PhlF/P2"", ""LitR/L1"", ""BM3R1/B2"", ""HlyIIR/H1""]","[""0x33"", ""0x0F""]",5
072f2e06,1,11.255225275287078,0.5934021472930908,"[16, 11, 8, 5, 6]","[""SrpR/S1"", ""PhlF/P2"", ""LitR/L1"", ""BM3R1/B3"", ""HlyIIR/H1""]","[""0x33"", ""0x0F""]",5
072f2e06,1,11.250261402472509,0.6059487462043762,"[16, 11, 9, 4, 6]","[""SrpR/S1"", ""PhlF/P2"", ""LmrA/N1"", ""BM3R1/B2"", ""HlyIIR/H1""]","[""0x33"", ""0x0F""]",5
072f2e06,1,11.16861703481794,0.6400374174118042,"[16, 11, 9, 4, 8]","[""SrpR/S1"", ""PhlF/P2"", ""LmrA/N1"", ""BM3R1/B2"", ""LitR/L1""]","[""0x33"", ""0x0F""]",5
072f2e06,1,5.928857273105165,0.836159884929657,"[19, 2, 4, 10, 15]","[""SrpR/S4"", ""BetI/E1"", ""BM3R1/B2"", ""PhlF/P1"", ""QacR/Q2""]","[""0x33"", ""0x0F""]",5
02aaa5f4,1,7.023097469934364,0.8595511317253113,"[2, 4, 1, 15, 10, 19]","[""BetI/E1"", ""BM3R1/B2"", ""AmtR/A1"", ""QacR/Q2"", ""PhlF/P1"", ""SrpR/S4""]",0x33,6
02aaa5f4,1,7.084039849535371,0.8542840480804443,"[2, 4, 1, 15, 19, 10]","[""BetI/E1"", ""BM3R1/B2"", ""AmtR/A1"", ""QacR/Q2"", ""SrpR/S4"", ""PhlF/P1""]",0x33,6
02aaa5f4,1,7.08457696104399,0.8471599221229553,"[4, 10, 1, 8, 19, 15]","[""BM3R1/B2"", ""PhlF/P1"", ""AmtR/A1"", ""LitR/L1"", ""SrpR/S4"", ""QacR/Q2""]",0x33,6
02aaa5f4,1,10.714993058665176,0.8426591157913208,"[11, 2, 1, 15, 4, 19]","[""PhlF/P2"", ""BetI/E1"", ""AmtR/A1"", ""QacR/Q2"", ""BM3R1/B2"", ""SrpR/S4""]",0x33,6
02aaa5f4,1,11.259115968048617,0.6914265155792236,"[11, 3, 0, 1, 19, 2]","[""PhlF/P2"", ""BM3R1/B1"", ""AmeR/F1"", ""AmtR/A1"", ""SrpR/S4"", ""BetI/E1""]",0x33,6
02aaa5f4,1,11.264263472112011,0.5816606283187866,"[11, 3, 0, 1, 19, 14]","[""PhlF/P2"", ""BM3R1/B1"", ""AmeR/F1"", ""AmtR/A1"", ""SrpR/S4"", ""QacR/Q1""]",0x33,6
02aaa5f4,1,11.255566311974269,0.7272535562515259,"[11, 3, 13, 1, 19, 2]","[""PhlF/P2"", ""BM3R1/B1"", ""PsrA/R1"", ""AmtR/A1"", ""SrpR/S4"", ""BetI/E1""]",0x33,6
02aaa5f4,1,11.237819287280558,0.7773501873016357,"[11, 3, 15, 1, 19, 2]","[""PhlF/P2"", ""BM3R1/B1"", ""QacR/Q2"", ""AmtR/A1"", ""SrpR/S4"", ""BetI/E1""]",0x33,6
02aaa5f4,1,11.183308563817105,0.8113487958908081,"[11, 4, 1, 2, 15, 17]","[""PhlF/P2"", ""BM3R1/B2"", ""AmtR/A1"", ""BetI/E1"", ""QacR/Q2"", ""SrpR/S2""]",0x33,6
02aaa5f4,1,11.156782408589358,0.8242952823638916,"[11, 4, 1, 2, 15, 19]","[""PhlF/P2"", ""BM3R1/B2"", ""AmtR/A1"", ""BetI/E1"", ""QacR/Q2"", ""SrpR/S4""]",0x33,6
02aaa5f4,1,11.13568862235557,0.8245378732681274,"[11, 4, 1, 2, 19, 15]","[""PhlF/P2"", ""BM3R1/B2"", ""AmtR/A1"", ""BetI/E1"", ""SrpR/S4"", ""QacR/Q2""]",0x33,6
02aaa5f4,1,11.19618876728075,0.7944449186325073,"[11, 5, 2, 15, 19, 1]","[""PhlF/P2"", ""BM3R1/B3"", ""BetI/E1"", ""QacR/Q2"", ""SrpR/S4"", ""AmtR/A1""]",0x33,6
02aaa5f4,1,11.022490068991793,0.840328574180603,"[11, 19, 1, 2, 4, 15]","[""PhlF/P2"", ""SrpR/S4"", ""AmtR/A1"", ""BetI/E1"", ""BM3R1/B2"", ""QacR/Q2""]",0x33,6
02aaa5f4,1,11.040055891908604,0.8384071588516235,"[11, 19, 1, 2, 15, 4]","[""PhlF/P2"", ""SrpR/S4"", ""AmtR/A1"", ""BetI/E1"", ""QacR/Q2"", ""BM3R1/B2""]",0x33,6
02aaa5f4,1,11.16638776280316,0.819861650466919,"[11, 19, 2, 15, 4, 1]","[""PhlF/P2"", ""SrpR/S4"", ""BetI/E1"", ""QacR/Q2"", ""BM3R1/B2"", ""AmtR/A1""]",0x33,6
02aaa5f4,1,7.310047454126672,0.846543550491333,"[19, 4, 1, 15, 2, 10]","[""SrpR/S4"", ""BM3R1/B2"", ""AmtR/A1"", ""QacR/Q2"", ""BetI/E1"", ""PhlF/P1""]",0x33,6
02aaa5f4,1,7.337844948640158,0.8465111255645752,"[19, 4, 1, 15, 10, 2]","[""SrpR/S4"", ""BM3R1/B2"", ""AmtR/A1"", ""QacR/Q2"", ""PhlF/P1"", ""BetI/E1""]",0x33,6
02aaa5f4,1,7.385091811320594,0.8436357975006104,"[19, 10, 1, 15, 2, 4]","[""SrpR/S4"", ""PhlF/P1"", ""AmtR/A1"", ""QacR/Q2"", ""BetI/E1"", ""BM3R1/B2""]",0x33,6
02aaa5f4,1,7.395611532984388,0.8429449796676636,"[19, 10, 2, 1, 4, 15]","[""SrpR/S4"", ""PhlF/P1"", ""BetI/E1"", ""AmtR/A1"", ""BM3R1/B2"", ""QacR/Q2""]",0x33,6
0595ffad,0,6.190644565244439,0.8628122806549072,"[5, 2, 10, 19, 15, 1]","[""BM3R1/B3"", ""BetI/E1"", ""PhlF/P1"", ""SrpR/S4"", ""QacR/Q2"", ""AmtR/A1""]",0x33,6
0595ffad,0,8.413612693600859,0.8390333652496338,"[5, 11, 2, 19, 15, 1]","[""BM3R1/B3"", ""PhlF/P2"", ""BetI/E1"", ""SrpR/S4"", ""QacR/Q2"", ""AmtR/A1""]",0x33,6
0595ffad,0,9.016777349070379,0.8118593692779541,"[5, 11, 19, 2, 15, 1]","[""BM3R1/B3"", ""PhlF/P2"", ""SrpR/S4"", ""BetI/E1"", ""QacR/Q2"", ""AmtR/A1""]",0x33,6
0595ffad,0,11.1667614880858,0.6852166652679443,"[16, 11, 1, 5, 14, 2]","[""SrpR/S1"", ""PhlF/P2"", ""AmtR/A1"", ""BM3R1/B3"", ""QacR/Q1"", ""BetI/E1""]",0x33,6
0595ffad,0,11.171639375609702,0.6063292026519775,"[16, 11, 1, 5, 14, 6]","[""SrpR/S1"", ""PhlF/P2"", ""AmtR/A1"", ""BM3R1/B3"", ""QacR/Q1"", ""HlyIIR/H1""]",0x33,6
0595ffad,0,11.157437609236524,0.7457150220870972,"[16, 11, 2, 3, 8, 15]","[""SrpR/S1"", ""PhlF/P2"", ""BetI/E1"", ""BM3R1/B1"", ""LitR/L1"", ""QacR/Q2""]",0x33,6
0595ffad,0,11.163646758755284,0.7436683177947998,"[16, 11, 2, 5, 6, 15]","[""SrpR/S1"", ""PhlF/P2"", ""BetI/E1"", ""BM3R1/B3"", ""HlyIIR/H1"", ""QacR/Q2""]",0x33,6
0595ffad,0,11.165779543586488,0.7007133960723877,"[16, 11, 2, 5, 8, 15]","[""SrpR/S1"", ""PhlF/P2"", ""BetI/E1"", ""BM3R1/B3"", ""LitR/L1"", ""QacR/Q2""]",0x33,6
0595ffad,0,11.1691315228542,0.68242347240448,"[16, 11, 2, 5, 14, 1]","[""SrpR/S1"", ""PhlF/P2"", ""BetI/E1"", ""BM3R1/B3"", ""QacR/Q1"", ""AmtR/A1""]",0x33,6
0595ffad,0,11.175608176717175,0.5999577045440674,"[16, 11, 2, 5, 14, 6]","[""SrpR/S1"", ""PhlF/P2"", ""BetI/E1"", ""BM3R1/B3"", ""QacR/Q1"", ""HlyIIR/H1""]",0x33,6
0595ffad,0,11.170792908750414,0.6441320180892944,"[16, 11, 2, 5, 14, 8]","[""SrpR/S1"", ""PhlF/P2"", ""BetI/E1"", ""BM3R1/B3"", ""QacR/Q1"", ""LitR/L1""]",0x33,6
0595ffad,0,11.164968134422182,0.7147266864776611,"[16, 11, 2, 5, 15, 1]","[""SrpR/S1"", ""PhlF/P2"", ""BetI/E1"", ""BM3R1/B3"", ""QacR/Q2"", ""AmtR/A1""]",0x33,6
0595ffad,0,11.178674423834739,0.5818773508071899,"[16, 11, 6, 5, 14, 2]","[""SrpR/S1"", ""PhlF/P2"", ""HlyIIR/H1"", ""BM3R1/B3"", ""QacR/Q1"", ""BetI/E1""]",0x33,6
0595ffad,0,11.181127076371121,0.5528793334960938,"[16, 11, 6, 5, 14, 8]","[""SrpR/S1"", ""PhlF/P2"", ""HlyIIR/H1"", ""BM3R1/B3"", ""QacR/Q1"", ""LitR/L1""]",0x33,6
0595ffad,0,4.272992068140518,0.8831874132156372,"[19, 4, 1, 10, 7, 15]","[""SrpR/S4"", ""BM3R1/B2"", ""AmtR/A1"", ""PhlF/P1"", ""IcaRA/I1"", ""QacR/Q2""]",0x33,6
0595ffad,0,4.136634311795092,0.8902513980865479,"[19, 4, 2, 10, 7, 15]","[""SrpR/S4"", ""BM3R1/B2"", ""BetI/E1"", ""PhlF/P1"", ""IcaRA/I1"", ""QacR/Q2""]",0x33,6
0595ffad,0,5.939542270146857,0.8628580570220947,"[19, 15, 4, 10, 7, 2]","[""SrpR/S4"", ""QacR/Q2"", ""BM3R1/B2"", ""PhlF/P1"", ""IcaRA/I1"", ""BetI/E1""]",0x33,6
0595ffad,1,9.99600706171847,0.7999016642570496,"[3, 11, 2, 19, 1, 15]","[""BM3R1/B1"", ""PhlF/P2"", ""BetI/E1"", ""SrpR/S4"", ""AmtR/A1"", ""QacR/Q2""]",0x33,6
0595ffad,1,10.030741215131995,0.7911548018455505,"[3, 11, 15, 19, 1, 2]","[""BM3R1/B1"", ""PhlF/P2"", ""QacR/Q2"", ""SrpR/S4"", ""AmtR/A1"", ""BetI/E1""]",0x33,6
0595ffad,1,6.2864106900809364,0.8605510592460632,"[5, 2, 10, 19, 15, 1]","[""BM3R1/B3"", ""BetI/E1"", ""PhlF/P1"", ""SrpR/S4"", ""QacR/Q2"", ""AmtR/A1""]",0x33,6
0595ffad,1,8.829218023255764,0.8182041049003601,"[5, 11, 2, 1, 15, 19]","[""BM3R1/B3"", ""PhlF/P2"", ""BetI/E1"", ""AmtR/A1"", ""QacR/Q2"", ""SrpR/S4""]",0x33,6
0595ffad,1,6.681348771400348,0.853245198726654,"[5, 19, 10, 1, 15, 2]","[""BM3R1/B3"", ""SrpR/S4"", ""PhlF/P1"", ""AmtR/A1"", ""QacR/Q2"", ""BetI/E1""]",0x33,6
0595ffad,1,11.149377023508517,0.7461572289466858,"[16, 11, 5, 6, 8, 1]","[""SrpR/S1"", ""PhlF/P2"", ""BM3R1/B3"", ""HlyIIR/H1"", ""LitR/L1"", ""AmtR/A1""]",0x33,6
0595ffad,1,11.17722653381241,0.5938366055488586,"[16, 11, 6, 1, 8, 3]","[""SrpR/S1"", ""PhlF/P2"", ""HlyIIR/H1"", ""AmtR/A1"", ""LitR/L1"", ""BM3R1/B1""]",0x33,6
0595ffad,1,11.179205084611555,0.5532681941986084,"[16, 11, 6, 13, 8, 3]","[""SrpR/S1"", ""PhlF/P2"", ""HlyIIR/H1"", ""PsrA/R1"", ""LitR/L1"", ""BM3R1/B1""]",0x33,6
0595ffad,1,11.140590933671405,0.7854217886924744,"[16, 11, 15, 5, 8, 0]","[""SrpR/S1"", ""PhlF/P2"", ""QacR/Q2"", ""BM3R1/B3"", ""LitR/L1"", ""AmeR/F1""]",0x33,6
0595ffad,1,4.610061499611498,0.8703909516334534,"[19, 4, 15, 10, 7, 2]","[""SrpR/S4"", ""BM3R1/B2"", ""QacR/Q2"", ""PhlF/P1"", ""IcaRA/I1"", ""BetI/E1""]",0x33,6
0595ffad,1,6.695276301448404,0.8447754383087158,"[19, 11, 1, 4, 15, 2]","[""SrpR/S4"", ""PhlF/P2"", ""AmtR/A1"", ""BM3R1/B2"", ""QacR/Q2"", ""BetI/E1""]",0x33,6
0595ffad,1,5.803991150570489,0.8644022345542908,"[19, 15, 2, 10, 7, 4]","[""SrpR/S4"", ""QacR/Q2"", ""BetI/E1"", ""PhlF/P1"", ""IcaRA/I1"", ""BM3R1/B2""]",0x33,6
01665019,0,13.024378301596972,0.6492189168930054,"[11, 8, 2, 15, 3, 16, 13]","[""PhlF/P2"", ""LitR/L1"", ""BetI/E1"", ""QacR/Q2"", ""BM3R1/B1"", ""SrpR/S1"", ""PsrA/R1""]",0x33,7
01665019,0,12.131002211806148,0.7375380992889404,"[11, 8, 15, 19, 5, 6, 2]","[""PhlF/P2"", ""LitR/L1"", ""QacR/Q2"", ""SrpR/S4"", ""BM3R1/B3"", ""HlyIIR/H1"", ""BetI/E1""]",0x33,7
01665019,0,11.602554005662087,0.7586902976036072,"[11, 1, 2, 17, 5, 6, 15]","[""PhlF/P2"", ""AmtR/A1"", ""BetI/E1"", ""SrpR/S2"", ""BM3R1/B3"", ""HlyIIR/H1"", ""QacR/Q2""]",0x33,7
01665019,0,8.121890436300404,0.793678343296051,"[15, 10, 1, 2, 5, 6, 19]","[""QacR/Q2"", ""PhlF/P1"", ""AmtR/A1"", ""BetI/E1"", ""BM3R1/B3"", ""HlyIIR/H1"", ""SrpR/S4""]",0x33,7
01665019,0,8.754203588021243,0.7881715893745422,"[5, 10, 19, 15, 2, 8, 1]","[""BM3R1/B3"", ""PhlF/P1"", ""SrpR/S4"", ""QacR/Q2"", ""BetI/E1"", ""LitR/L1"", ""AmtR/A1""]",0x33,7
01665019,0,7.380932641074281,0.7996002435684204,"[4, 1, 2, 19, 10, 8, 15]","[""BM3R1/B2"", ""AmtR/A1"", ""BetI/E1"", ""SrpR/S4"", ""PhlF/P1"", ""LitR/L1"", ""QacR/Q2""]",0x33,7
01665019,0,12.897208623439072,0.678773045539856,"[11, 16, 1, 13, 5, 6, 15]","[""PhlF/P2"", ""SrpR/S1"", ""AmtR/A1"", ""PsrA/R1"", ""BM3R1/B3"", ""HlyIIR/H1"", ""QacR/Q2""]",0x33,7
01665019,0,8.32645211793288,0.7921750545501709,"[4, 10, 1, 15, 2, 8, 19]","[""BM3R1/B2"", ""PhlF/P1"", ""AmtR/A1"", ""QacR/Q2"", ""BetI/E1"", ""LitR/L1"", ""SrpR/S4""]",0x33,7
01665019,0,12.203337098742526,0.7199108004570007,"[11, 2, 0, 19, 5, 6, 15]","[""PhlF/P2"", ""BetI/E1"", ""AmeR/F1"", ""SrpR/S4"", ""BM3R1/B3"", ""HlyIIR/H1"", ""QacR/Q2""]",0x33,7
01665019,0,11.796843865674118,0.7521781325340271,"[11, 5, 2, 19, 1, 8, 15]","[""PhlF/P2"", ""BM3R1/B3"", ""BetI/E1"", ""SrpR/S4"", ""AmtR/A1"", ""LitR/L1"", ""QacR/Q2""]",0x33,7
01665019,0,11.131226624538888,0.7610121965408325,"[11, 15, 1, 19, 4, 2, 13]","[""PhlF/P2"", ""QacR/Q2"", ""AmtR/A1"", ""SrpR/S4"", ""BM3R1/B2"", ""BetI/E1"", ""PsrA/R1""]",0x33,7
01665019,0,12.45448982653736,0.7180913090705872,"[11, 17, 0, 2, 5, 6, 15]","[""PhlF/P2"", ""SrpR/S2"", ""AmeR/F1"", ""BetI/E1"", ""BM3R1/B3"", ""HlyIIR/H1"", ""QacR/Q2""]",0x33,7
01665019,0,12.758147765990612,0.697033166885376,"[11, 8, 2, 15, 5, 6, 13]","[""PhlF/P2"", ""LitR/L1"", ""BetI/E1"", ""QacR/Q2"", ""BM3R1/B3"", ""HlyIIR/H1"", ""PsrA/R1""]",0x33,7
01665019,0,7.870752918919812,0.7958283424377441,"[19, 10, 15, 2, 5, 6, 1]","[""SrpR/S4"", ""PhlF/P1"", ""QacR/Q2"", ""BetI/E1"", ""BM3R1/B3"", ""HlyIIR/H1"", ""AmtR/A1""]",0x33,7
01665019,0,4.642699342253381,0.8132632374763489,"[4, 1, 2, 15, 10, 8, 19]","[""BM3R1/B2"", ""AmtR/A1"", ""BetI/E1"", ""QacR/Q2"", ""PhlF/P1"", ""LitR/L1"", ""SrpR/S4""]",0x33,7
01665019,0,4.807272957711702,0.8001004457473755,"[4, 17, 1, 2, 10, 8, 15]","[""BM3R1/B2"", ""SrpR/S2"", ""AmtR/A1"", ""BetI/E1"", ""PhlF/P1"", ""LitR/L1"", ""QacR/Q2""]",0x33,7
01665019,0,13.083405472762513,0.44412562251091,"[11, 3, 7, 15, 2, 16, 13]","[""PhlF/P2"", ""BM3R1/B1"", ""IcaRA/I1"", ""QacR/Q2"", ""BetI/E1"", ""SrpR/S1"", ""PsrA/R1""]",0x33,7
01665019,0,12.596999658601577,0.7087223529815674,"[11, 3, 1, 15, 17, 8, 2]","[""PhlF/P2"", ""BM3R1/B1"", ""AmtR/A1"", ""QacR/Q2"", ""SrpR/S2"", ""LitR/L1"", ""BetI/E1""]",0x33,7
01665019,0,12.828386775378052,0.6929906010627747,"[11, 16, 2, 15, 5, 6, 13]","[""PhlF/P2"", ""SrpR/S1"", ""BetI/E1"", ""QacR/Q2"", ""BM3R1/B3"", ""HlyIIR/H1"", ""PsrA/R1""]",0x33,7
01665019,0,11.063806495131894,0.780982494354248,"[11, 1, 19, 2, 5, 6, 15]","[""PhlF/P2"", ""AmtR/A1"", ""SrpR/S4"", ""BetI/E1"", ""BM3R1/B3"", ""HlyIIR/H1"", ""QacR/Q2""]",0x33,7
01665019,0,11.127416614117625,0.7685065269470215,"[11, 1, 2, 19, 4, 15, 0]","[""PhlF/P2"", ""AmtR/A1"", ""BetI/E1"", ""SrpR/S4"", ""BM3R1/B2"", ""QacR/Q2"", ""AmeR/F1""]",0x33,7
01665019,0,11.129538668614911,0.7658878564834595,"[11, 13, 1, 19, 4, 2, 15]","[""PhlF/P2"", ""PsrA/R1"", ""AmtR/A1"", ""SrpR/S4"", ""BM3R1/B2"", ""BetI/E1"", ""QacR/Q2""]",0x33,7
01665019,1,13.048934646670252,0.5876898765563965,"[11, 3, 0, 13, 2, 16, 15]","[""PhlF/P2"", ""BM3R1/B1"", ""AmeR/F1"", ""PsrA/R1"", ""BetI/E1"", ""SrpR/S1"", ""QacR/Q2""]",0x33,7
01874d6e,0,6.491430492175674,0.7844753861427307,"[4, 10, 7, 1, 19, 2, 15]","[""BM3R1/B2"", ""PhlF/P1"", ""IcaRA/I1"", ""AmtR/A1"", ""SrpR/S4"", ""BetI/E1"", ""QacR/Q2""]",0x33,7
01874d6e,0,11.18768205335253,0.6401357650756836,"[16, 8, 15, 9, 2, 4, 11]","[""SrpR/S1"", ""LitR/L1"", ""QacR/Q2"", ""LmrA/N1"", ""BetI/E1"", ""BM3R1/B2"", ""PhlF/P2""]",0x33,7
01874d6e,0,10.740130830949465,0.6639890074729919,"[16, 6, 7, 4, 2, 15, 11]","[""SrpR/S1"", ""HlyIIR/H1"", ""IcaRA/I1"", ""BM3R1/B2"", ""BetI/E1"", ""QacR/Q2"", ""PhlF/P2""]",0x33,7
01874d6e,0,9.983382374393562,0.678097128868103,"[5, 1, 15, 0, 2, 16, 11]","[""BM3R1/B3"", ""AmtR/A1"", ""QacR/Q2"", ""AmeR/F1"", ""BetI/E1"", ""SrpR/S1"", ""PhlF/P2""]",0x33,7
01874d6e,0,6.59060064071866,0.7779567837715149,"[4, 10, 7, 2, 19, 1, 15]","[""BM3R1/B2"", ""PhlF/P1"", ""IcaRA/I1"", ""BetI/E1"", ""SrpR/S4"", ""AmtR/A1"", ""QacR/Q2""]",0x33,7
01874d6e,0,5.269978578479791,0.8006832599639893,"[2, 10, 8, 4, 19, 1, 15]","[""BetI/E1"", ""PhlF/P1"", ""LitR/L1"", ""BM3R1/B2"", ""SrpR/S4"", ""AmtR/A1"", ""QacR/Q2""]",0x33,7
01874d6e,0,11.184675313809999,0.6525405645370483,"[16, 8, 15, 2, 1, 4, 11]","[""SrpR/S1"", ""LitR/L1"", ""QacR/Q2"", ""BetI/E1"", ""AmtR/A1"", ""BM3R1/B2"", ""PhlF/P2""]",0x33,7
01874d6e,0,9.907623559960035,0.716932475566864,"[5, 6, 14, 2, 1, 19, 11]","[""BM3R1/B3"", ""HlyIIR/H1"", ""QacR/Q1"", ""BetI/E1"", ""AmtR/A1"", ""SrpR/S4"", ""PhlF/P2""]",0x33,7
01874d6e,0,9.956498197277915,0.6808512210845947,"[5, 6, 15, 2, 13, 19, 11]","[""BM3R1/B3"", ""HlyIIR/H1"", ""QacR/Q2"", ""BetI/E1"", ""PsrA/R1"", ""SrpR/S4"", ""PhlF/P2""]",0x33,7
01874d6e,0,2.489227277179503,0.817054033279419,"[2, 10, 8, 19, 1, 15, 4]","[""BetI/E1"", ""PhlF/P1"", ""LitR/L1"", ""SrpR/S4"", ""AmtR/A1"", ""QacR/Q2"", ""BM3R1/B2""]",0x33,7
01874d6e,0,9.31214620552363,0.747961163520813,"[4, 6, 7, 15, 2, 19, 11]","[""BM3R1/B2"", ""HlyIIR/H1"", ""IcaRA/I1"", ""QacR/Q2"", ""BetI/E1"", ""SrpR/S4"", ""PhlF/P2""]",0x33,7
01874d6e,0,3.3429908828877437,0.8161641359329224,"[4, 10, 8, 1, 19, 2, 15]","[""BM3R1/B2"", ""PhlF/P1"", ""LitR/L1"", ""AmtR/A1"", ""SrpR/S4"", ""BetI/E1"", ""QacR/Q2""]",0x33,7
01874d6e,0,9.816278131250579,0.7345355749130249,"[5, 6, 7, 15, 2, 19, 11]","[""BM3R1/B3"", ""HlyIIR/H1"", ""IcaRA/I1"", ""QacR/Q2"", ""BetI/E1"", ""SrpR/S4"", ""PhlF/P2""]",0x33,7
01874d6e,0,4.241400021184553,0.8032035827636719,"[2, 10, 8, 4, 1, 19, 15]","[""BetI/E1"", ""PhlF/P1"", ""LitR/L1"", ""BM3R1/B2"", ""AmtR/A1"", ""SrpR/S4"", ""QacR/Q2""]",0x33,7
01874d6e,0,11.051332096632558,0.6526620984077454,"[16, 15, 4, 2, 1, 6, 11]","[""SrpR/S1"", ""QacR/Q2"", ""BM3R1/B2"", ""BetI/E1"", ""AmtR/A1"", ""HlyIIR/H1"", ""PhlF/P2""]",0x33,7
01874d6e,0,9.313504468366695,0.7460089325904846,"[4, 6, 7, 15, 1, 19, 11]","[""BM3R1/B2"", ""HlyIIR/H1"", ""IcaRA/I1"", ""QacR/Q2"", ""AmtR/A1"", ""SrpR/S4"", ""PhlF/P2""]",0x33,7
01874d6e,0,9.9149738406996,0.7049532532691956,"[5, 8, 2, 0, 1, 19, 11]","[""BM3R1/B3"", ""LitR/L1"", ""BetI/E1"", ""AmeR/F1"", ""AmtR/A1"", ""SrpR/S4"", ""PhlF/P2""]",0x33,7
01874d6e,0,2.4837700272321395,0.8185214996337891,"[19, 10, 8, 2, 1, 15, 4]","[""SrpR/S4"", ""PhlF/P1"", ""LitR/L1"", ""BetI/E1"", ""AmtR/A1"", ""QacR/Q2"", ""BM3R1/B2""]",0x33,7
01874d6e,1,7.111270533161233,0.7560199499130249,"[4, 1, 15, 0, 2, 19, 11]","[""BM3R1/B2"", ""AmtR/A1"", ""QacR/Q2"", ""AmeR/F1"", ""BetI/E1"", ""SrpR/S4"", ""PhlF/P2""]",0x33,7
01874d6e,1,11.273875828140344,0.5655738115310669,"[16, 8, 2, 1, 6, 5, 11]","[""SrpR/S1"", ""LitR/L1"", ""BetI/E1"", ""AmtR/A1"", ""HlyIIR/H1"", ""BM3R1/B3"", ""PhlF/P2""]",0x33,7
01874d6e,1,10.366116070494336,0.6657376885414124,"[16, 4, 13, 2, 15, 1, 11]","[""SrpR/S1"", ""BM3R1/B2"", ""PsrA/R1"", ""BetI/E1"", ""QacR/Q2"", ""AmtR/A1"", ""PhlF/P2""]",0x33,7
01874d6e,1,10.033374267920466,0.6756159067153931,"[5, 2, 1, 9, 15, 16, 11]","[""BM3R1/B3"", ""BetI/E1"", ""AmtR/A1"", ""LmrA/N1"", ""QacR/Q2"", ""SrpR/S1"", ""PhlF/P2""]",0x33,7
01874d6e,1,6.718558900432945,0.7725635766983032,"[4, 19, 1, 9, 15, 10, 2]","[""BM3R1/B2"", ""SrpR/S4"", ""AmtR/A1"", ""LmrA/N1"", ""QacR/Q2"", ""PhlF/P1"", ""BetI/E1""]",0x33,7
01874d6e,1,11.047432155320626,0.653967559337616,"[16, 9, 15, 2, 1, 4, 11]","[""SrpR/S1"", ""LmrA/N1"", ""QacR/Q2"", ""BetI/E1"", ""AmtR/A1"", ""BM3R1/B2"", ""PhlF/P2""]",0x33,7
01874d6e,1,7.143899618150855,0.7491486072540283,"[11, 1, 2, 9, 15, 4, 19]","[""PhlF/P2"", ""AmtR/A1"", ""BetI/E1"", ""LmrA/N1"", ""QacR/Q2"", ""BM3R1/B2"", ""SrpR/S4""]",0x33,7
01874d6e,1,10.887344556787742,0.6580905914306641,"[16, 8, 15, 5, 2, 1, 11]","[""SrpR/S1"", ""LitR/L1"", ""QacR/Q2"", ""BM3R1/B3"", ""BetI/E1"", ""AmtR/A1"", ""PhlF/P2""]",0x33,7
01874d6e,1,10.35588739355389,0.6669211387634277,"[3, 8, 15, 2, 1, 19, 11]","[""BM3R1/B1"", ""LitR/L1"", ""QacR/Q2"", ""BetI/E1"", ""AmtR/A1"", ""SrpR/S4"", ""PhlF/P2""]",0x33,7
01874d6e,1,6.981425045409487,0.7647982835769653,"[4, 2, 1, 0, 15, 10, 19]","[""BM3R1/B2"", ""BetI/E1"", ""AmtR/A1"", ""AmeR/F1"", ""QacR/Q2"", ""PhlF/P1"", ""SrpR/S4""]",0x33,7
01874d6e,1,11.208423705354415,0.6394994258880615,"[16, 8, 2, 15, 1, 5, 11]","[""SrpR/S1"", ""LitR/L1"", ""BetI/E1"", ""QacR/Q2"", ""AmtR/A1"", ""BM3R1/B3"", ""PhlF/P2""]",0x33,7
01874d6e,1,11.321404622326426,0.5625327229499817,"[16, 8, 13, 15, 6, 4, 11]","[""SrpR/S1"", ""LitR/L1"", ""PsrA/R1"", ""QacR/Q2"", ""HlyIIR/H1"", ""BM3R1/B2"", ""PhlF/P2""]",0x33,7
01874d6e,1,11.253994452381738,0.5775725245475769,"[16, 8, 15, 1, 6, 4, 11]","[""SrpR/S1"", ""LitR/L1"", ""QacR/Q2"", ""AmtR/A1"", ""HlyIIR/H1"", ""BM3R1/B2"", ""PhlF/P2""]",0x33,7
01874d6e,1,11.230515688218846,0.6237021684646606,"[16, 8, 13, 15, 1, 4, 11]","[""SrpR/S1"", ""LitR/L1"", ""PsrA/R1"", ""QacR/Q2"", ""AmtR/A1"", ""BM3R1/B2"", ""PhlF/P2""]",0x33,7
01874d6e,1,9.93606978178402,0.69829922914505,"[5, 9, 15, 0, 2, 19, 11]","[""BM3R1/B3"", ""LmrA/N1"", ""QacR/Q2"", ""AmeR/F1"", ""BetI/E1"", ""SrpR/S4"", ""PhlF/P2""]",0x33,7
01a3ec20,0,10.174049892925828,0.6455938220024109,"[13, 5, 1, 15, 2, 16, 11]","[""PsrA/R1"", ""BM3R1/B3"", ""AmtR/A1"", ""QacR/Q2"", ""BetI/E1"", ""SrpR/S1"", ""PhlF/P2""]",0x33,7
01a3ec20,0,6.634216472554724,0.7861583828926086,"[13, 19, 4, 2, 1, 10, 15]","[""PsrA/R1"", ""SrpR/S4"", ""BM3R1/B2"", ""BetI/E1"", ""AmtR/A1"", ""PhlF/P1"", ""QacR/Q2""]",0x33,7
01a3ec20,0,11.140216452353888,0.5751921534538269,"[13, 1, 5, 15, 9, 16, 11]","[""PsrA/R1"", ""AmtR/A1"", ""BM3R1/B3"", ""QacR/Q2"", ""LmrA/N1"", ""SrpR/S1"", ""PhlF/P2""]",0x33,7
01a3ec20,0,6.653737171229843,0.7671510577201843,"[13, 19, 5, 2, 1, 10, 15]","[""PsrA/R1"", ""SrpR/S4"", ""BM3R1/B3"", ""BetI/E1"", ""AmtR/A1"", ""PhlF/P1"", ""QacR/Q2""]",0x33,7
01a3ec20,0,11.000704269011246,0.6053392291069031,"[13, 1, 4, 15, 8, 16, 11]","[""PsrA/R1"", ""AmtR/A1"", ""BM3R1/B2"", ""QacR/Q2"", ""LitR/L1"", ""SrpR/S1"", ""PhlF/P2""]",0x33,7
01a3ec20,0,6.170444524805109,0.8039566874504089,"[15, 2, 4, 1, 13, 10, 19]","[""QacR/Q2"", ""BetI/E1"", ""BM3R1/B2"", ""AmtR/A1"", ""PsrA/R1"", ""PhlF/P1"", ""SrpR/S4""]",0x33,7
01a3ec20,0,-0.3325869575171789,0.8458700776100159,"[2, 19, 4, 0, 10, 1, 15]","[""BetI/E1"", ""SrpR/S4"", ""BM3R1/B2"", ""AmeR/F1"", ""PhlF/P1"", ""AmtR/A1"", ""QacR/Q2""]",0x33,7
01a3ec20,0,8.979772750930069,0.7076641917228699,"[15, 19, 1, 2, 13, 3, 11]","[""QacR/Q2"", ""SrpR/S4"", ""AmtR/A1"", ""BetI/E1"", ""PsrA/R1"", ""BM3R1/B1"", ""PhlF/P2""]",0x33,7
01a3ec20,0,8.454402219664809,0.7640438675880432,"[15, 2, 19, 1, 13, 5, 11]","[""QacR/Q2"", ""BetI/E1"", ""SrpR/S4"", ""AmtR/A1"", ""PsrA/R1"", ""BM3R1/B3"", ""PhlF/P2""]",0x33,7
01a3ec20,0,-0.3450735062271515,0.8516897559165955,"[10, 19, 1, 2, 5, 15, 8]","[""PhlF/P1"", ""SrpR/S4"", ""AmtR/A1"", ""BetI/E1"", ""BM3R1/B3"", ""QacR/Q2"", ""LitR/L1""]",0x33,7
01a3ec20,0,-0.31646583149351676,0.821282148361206,"[8, 19, 4, 10, 15, 2, 7]","[""LitR/L1"", ""SrpR/S4"", ""BM3R1/B2"", ""PhlF/P1"", ""QacR/Q2"", ""BetI/E1"", ""IcaRA/I1""]",0x33,7
01a3ec20,0,-0.0699268374927384,0.8146907687187195,"[15, 0, 4, 1, 10, 2, 19]","[""QacR/Q2"", ""AmeR/F1"", ""BM3R1/B2"", ""AmtR/A1"", ""PhlF/P1"", ""BetI/E1"", ""SrpR/S4""]",0x33,7
01a3ec20,0,-0.12899918481452297,0.817857563495636,"[10, 2, 4, 9, 15, 19, 8]","[""PhlF/P1"", ""BetI/E1"", ""BM3R1/B2"", ""LmrA/N1"", ""QacR/Q2"", ""SrpR/S4"", ""LitR/L1""]",0x33,7
01a3ec20,0,10.90833516847631,0.6382856965065002,"[13, 0, 4, 15, 1, 16, 11]","[""PsrA/R1"", ""AmeR/F1"", ""BM3R1/B2"", ""QacR/Q2"", ""AmtR/A1"", ""SrpR/S1"", ""PhlF/P2""]",0x33,7
01a3ec20,0,3.876448655395025,0.8135401606559753,"[15, 19, 1, 4, 13, 10, 2]","[""QacR/Q2"", ""SrpR/S4"", ""AmtR/A1"", ""BM3R1/B2"", ""PsrA/R1"", ""PhlF/P1"", ""BetI/E1""]",0x33,7
01a3ec20,0,9.991244333319713,0.6842723488807678,"[13, 15, 19, 1, 2, 3, 11]","[""PsrA/R1"", ""QacR/Q2"", ""SrpR/S4"", ""AmtR/A1"", ""BetI/E1"", ""BM3R1/B1"", ""PhlF/P2""]",0x33,7
01a3ec20,0,-0.30812041174405197,0.8202988505363464,"[10, 19, 1, 15, 2, 5, 8]","[""PhlF/P1"", ""SrpR/S4"", ""AmtR/A1"", ""QacR/Q2"", ""BetI/E1"", ""BM3R1/B3"", ""LitR/L1""]",0x33,7
01a3ec20,0,10.144891274479932,0.6464863419532776,"[15, 2, 5, 1, 13, 16, 11]","[""QacR/Q2"", ""BetI/E1"", ""BM3R1/B3"", ""AmtR/A1"", ""PsrA/R1"", ""SrpR/S1"", ""PhlF/P2""]",0x33,7
01a3ec20,0,9.531760999539406,0.6880817413330078,"[13, 19, 2, 1, 15, 3, 11]","[""PsrA/R1"", ""SrpR/S4"", ""BetI/E1"", ""AmtR/A1"", ""QacR/Q2"", ""BM3R1/B1"", ""PhlF/P2""]",0x33,7
01a3ec20,0,10.04527140186624,0.6502241492271423,"[13, 5, 2, 15, 1, 16, 11]","[""PsrA/R1"", ""BM3R1/B3"", ""BetI/E1"", ""QacR/Q2"", ""AmtR/A1"", ""SrpR/S1"", ""PhlF/P2""]",0x33,7
01a3ec20,0,-0.3311547168058411,0.8219908475875854,"[10, 19, 1, 2, 15, 4, 8]","[""PhlF/P1"", ""SrpR/S4"", ""AmtR/A1"", ""BetI/E1"", ""QacR/Q2"", ""BM3R1/B2"", ""LitR/L1""]",0x33,7
01a3ec20,0,5.940495431826769,0.8106451630592346,"[2, 15, 4, 1, 13, 10, 19]","[""BetI/E1"", ""QacR/Q2"", ""BM3R1/B2"", ""AmtR/A1"", ""PsrA/R1"", ""PhlF/P1"", ""SrpR/S4""]",0x33,7
87c860fb,1,6.19473852201174,0.8162077069282532,"[2, 1, 15, 19, 11, 4]","[""BetI/E1"", ""AmtR/A1"", ""QacR/Q2"", ""SrpR/S4"", ""PhlF/P2"", ""BM3R1/B2""]",0x66,6
87c860fb,1,6.254472461601158,0.7949711084365845,"[2, 1, 15, 19, 11, 5]","[""BetI/E1"", ""AmtR/A1"", ""QacR/Q2"", ""SrpR/S4"", ""PhlF/P2"", ""BM3R1/B3""]",0x66,6
87c860fb,1,6.781861540405114,0.7921813130378723,"[11, 2, 15, 1, 17, 4]","[""PhlF/P2"", ""BetI/E1"", ""QacR/Q2"", ""AmtR/A1"", ""SrpR/S2"", ""BM3R1/B2""]",0x66,6
87c860fb,1,6.447668963970689,0.7937383651733398,"[11, 15, 2, 1, 17, 4]","[""PhlF/P2"", ""QacR/Q2"", ""BetI/E1"", ""AmtR/A1"", ""SrpR/S2"", ""BM3R1/B2""]",0x66,6
87c860fb,1,7.476985693979369,0.7876385450363159,"[11, 17, 2, 1, 15, 4]","[""PhlF/P2"", ""SrpR/S2"", ""BetI/E1"", ""AmtR/A1"", ""QacR/Q2"", ""BM3R1/B2""]",0x66,6
87c860fb,1,9.007959374422523,0.7865541577339172,"[11, 19, 15, 1, 2, 4]","[""PhlF/P2"", ""SrpR/S4"", ""QacR/Q2"", ""AmtR/A1"", ""BetI/E1"", ""BM3R1/B2""]",0x66,6
87c860fb,1,9.407812073012991,0.7459845542907715,"[11, 19, 15, 1, 13, 4]","[""PhlF/P2"", ""SrpR/S4"", ""QacR/Q2"", ""AmtR/A1"", ""PsrA/R1"", ""BM3R1/B2""]",0x66,6
87c860fb,1,3.6456477690155284,0.8237711787223816,"[15, 1, 2, 19, 4, 10]","[""QacR/Q2"", ""AmtR/A1"", ""BetI/E1"", ""SrpR/S4"", ""BM3R1/B2"", ""PhlF/P1""]",0x66,6
87c860fb,1,2.980849859348604,0.8469672203063965,"[15, 1, 19, 2, 4, 10]","[""QacR/Q2"", ""AmtR/A1"", ""SrpR/S4"", ""BetI/E1"", ""BM3R1/B2"", ""PhlF/P1""]",0x66,6
87c860fb,1,3.316688392606417,0.8339585661888123,"[15, 1, 19, 2, 11, 4]","[""QacR/Q2"", ""AmtR/A1"", ""SrpR/S4"", ""BetI/E1"", ""PhlF/P2"", ""BM3R1/B2""]",0x66,6
87c860fb,1,3.09840080681189,0.8448036313056946,"[15, 2, 19, 1, 4, 10]","[""QacR/Q2"", ""BetI/E1"", ""SrpR/S4"", ""AmtR/A1"", ""BM3R1/B2"", ""PhlF/P1""]",0x66,6
87c860fb,1,2.6132546285922804,0.8513690233230591,"[15, 4, 19, 1, 2, 10]","[""QacR/Q2"", ""BM3R1/B2"", ""SrpR/S4"", ""AmtR/A1"", ""BetI/E1"", ""PhlF/P1""]",0x66,6
87c860fb,1,-0.0022952134327350305,0.8516437411308289,"[15, 10, 19, 1, 2, 4]","[""QacR/Q2"", ""PhlF/P1"", ""SrpR/S4"", ""AmtR/A1"", ""BetI/E1"", ""BM3R1/B2""]",0x66,6
87c860fb,1,3.551312457950224,0.8267512917518616,"[15, 19, 2, 1, 4, 10]","[""QacR/Q2"", ""SrpR/S4"", ""BetI/E1"", ""AmtR/A1"", ""BM3R1/B2"", ""PhlF/P1""]",0x66,6
87c860fb,1,5.168491406391696,0.8209455609321594,"[19, 1, 15, 2, 11, 4]","[""SrpR/S4"", ""AmtR/A1"", ""QacR/Q2"", ""BetI/E1"", ""PhlF/P2"", ""BM3R1/B2""]",0x66,6
4fc3e01f,1,4.151433752940653,0.7305387854576111,"[13, 4, 2, 19, 11, 1, 15]","[""PsrA/R1"", ""BM3R1/B2"", ""BetI/E1"", ""SrpR/S4"", ""PhlF/P2"", ""AmtR/A1"", ""QacR/Q2""]",0x66,7
4fc3e01f,1,6.172485651320763,0.3962671458721161,"[7, 1, 11, 3, 2, 13, 14]","[""IcaRA/I1"", ""AmtR/A1"", ""PhlF/P2"", ""BM3R1/B1"", ""BetI/E1"", ""PsrA/R1"", ""QacR/Q1""]",0x66,7
4fc3e01f,1,2.7039242673046155,0.7627179026603699,"[10, 4, 2, 1, 15, 13, 19]","[""PhlF/P1"", ""BM3R1/B2"", ""BetI/E1"", ""AmtR/A1"", ""QacR/Q2"", ""PsrA/R1"", ""SrpR/S4""]",0x66,7
4fc3e01f,1,4.218301596759821,0.7274584174156189,"[10, 5, 19, 2, 1, 13, 15]","[""PhlF/P1"", ""BM3R1/B3"", ""SrpR/S4"", ""BetI/E1"", ""AmtR/A1"", ""PsrA/R1"", ""QacR/Q2""]",0x66,7
4fc3e01f,1,5.965847418799715,0.6801277995109558,"[4, 2, 1, 11, 19, 13, 15]","[""BM3R1/B2"", ""BetI/E1"", ""AmtR/A1"", ""PhlF/P2"", ""SrpR/S4"", ""PsrA/R1"", ""QacR/Q2""]",0x66,7
4fc3e01f,1,4.29184392141723,0.7244930863380432,"[4, 13, 19, 2, 1, 15, 11]","[""BM3R1/B2"", ""PsrA/R1"", ""SrpR/S4"", ""BetI/E1"", ""AmtR/A1"", ""QacR/Q2"", ""PhlF/P2""]",0x66,7
4fc3e01f,1,5.1075435530901565,0.7014794945716858,"[4, 2, 11, 19, 1, 13, 15]","[""BM3R1/B2"", ""BetI/E1"", ""PhlF/P2"", ""SrpR/S4"", ""AmtR/A1"", ""PsrA/R1"", ""QacR/Q2""]",0x66,7
4fc3e01f,1,6.134683411987454,0.4275226593017578,"[3, 7, 1, 11, 19, 13, 15]","[""BM3R1/B1"", ""IcaRA/I1"", ""AmtR/A1"", ""PhlF/P2"", ""SrpR/S4"", ""PsrA/R1"", ""QacR/Q2""]",0x66,7
4fc3e01f,1,-2.785901182052797,0.8009899258613586,"[4, 19, 10, 15, 2, 8, 1]","[""BM3R1/B2"", ""SrpR/S4"", ""PhlF/P1"", ""QacR/Q2"", ""BetI/E1"", ""LitR/L1"", ""AmtR/A1""]",0x66,7
4fc3e01f,1,4.957713425553762,0.7142993211746216,"[1, 19, 2, 5, 15, 13, 11]","[""AmtR/A1"", ""SrpR/S4"", ""BetI/E1"", ""BM3R1/B3"", ""QacR/Q2"", ""PsrA/R1"", ""PhlF/P2""]",0x66,7
4fc3e01f,1,-0.015486361363902086,0.7753538489341736,"[1, 19, 4, 15, 13, 10, 2]","[""AmtR/A1"", ""SrpR/S4"", ""BM3R1/B2"", ""QacR/Q2"", ""PsrA/R1"", ""PhlF/P1"", ""BetI/E1""]",0x66,7
4fc3e01f,1,3.896718020847535,0.7587118744850159,"[10, 4, 19, 1, 15, 13, 2]","[""PhlF/P1"", ""BM3R1/B2"", ""SrpR/S4"", ""AmtR/A1"", ""QacR/Q2"", ""PsrA/R1"", ""BetI/E1""]",0x66,7
4fc3e01f,1,2.613052692788756,0.7692102193832397,"[4, 10, 2, 19, 15, 1, 13]","[""BM3R1/B2"", ""PhlF/P1"", ""BetI/E1"", ""SrpR/S4"", ""QacR/Q2"", ""AmtR/A1"", ""PsrA/R1""]",0x66,7
4fc3e01f,1,-0.06171870278239032,0.7948897480964661,"[1, 19, 5, 2, 10, 8, 15]","[""AmtR/A1"", ""SrpR/S4"", ""BM3R1/B3"", ""BetI/E1"", ""PhlF/P1"", ""LitR/L1"", ""QacR/Q2""]",0x66,7
4fc3e01f,1,5.984847804857931,0.5173503756523132,"[9, 6, 19, 14, 13, 2, 11]","[""LmrA/N1"", ""HlyIIR/H1"", ""SrpR/S4"", ""QacR/Q1"", ""PsrA/R1"", ""BetI/E1"", ""PhlF/P2""]",0x66,7
4fc3e01f,1,4.83921359332777,0.7179006934165955,"[8, 4, 2, 19, 11, 13, 15]","[""LitR/L1"", ""BM3R1/B2"", ""BetI/E1"", ""SrpR/S4"", ""PhlF/P2"", ""PsrA/R1"", ""QacR/Q2""]",0x66,7
4fc3e01f,1,4.589225836469232,0.7228373885154724,"[9, 4, 1, 19, 2, 15, 11]","[""LmrA/N1"", ""BM3R1/B2"", ""AmtR/A1"", ""SrpR/S4"", ""BetI/E1"", ""QacR/Q2"", ""PhlF/P2""]",0x66,7
4fc3e01f,1,4.857621803198268,0.7165884971618652,"[1, 15, 2, 5, 17, 13, 11]","[""AmtR/A1"", ""QacR/Q2"", ""BetI/E1"", ""BM3R1/B3"", ""SrpR/S2"", ""PsrA/R1"", ""PhlF/P2""]",0x66,7
4fc3e01f,1,5.151663370515834,0.6924718022346497,"[5, 2, 11, 19, 1, 13, 15]","[""BM3R1/B3"", ""BetI/E1"", ""PhlF/P2"", ""SrpR/S4"", ""AmtR/A1"", ""PsrA/R1"", ""QacR/Q2""]",0x66,7
4fc3e01f,1,-0.046349255149501944,0.7789612412452698,"[19, 0, 2, 1, 4, 15, 10]","[""SrpR/S4"", ""AmeR/F1"", ""BetI/E1"", ""AmtR/A1"", ""BM3R1/B2"", ""QacR/Q2"", ""PhlF/P1""]",0x66,7
4fc3e01f,1,3.3121135139225104,0.7621161341667175,"[10, 4, 19, 1, 2, 15, 13]","[""PhlF/P1"", ""BM3R1/B2"", ""SrpR/S4"", ""AmtR/A1"", ""BetI/E1"", ""QacR/Q2"", ""PsrA/R1""]",0x66,7
4fc3e01f,1,6.004504238250331,0.4641636908054352,"[19, 2, 1, 11, 7, 13, 15]","[""SrpR/S4"", ""BetI/E1"", ""AmtR/A1"", ""PhlF/P2"", ""IcaRA/I1"", ""PsrA/R1"", ""QacR/Q2""]",0x66,7
58cd788d,1,5.629659333374869,0.6394971013069153,"[4, 13, 1, 14, 19, 2, 11]","[""BM3R1/B2"", ""PsrA/R1"", ""AmtR/A1"", ""QacR/Q1"", ""SrpR/S4"", ""BetI/E1"", ""PhlF/P2""]",0x66,7
58cd788d,1,5.588937615075269,0.6927114725112915,"[8, 4, 19, 11, 2, 13, 15]","[""LitR/L1"", ""BM3R1/B2"", ""SrpR/S4"", ""PhlF/P2"", ""BetI/E1"", ""PsrA/R1"", ""QacR/Q2""]",0x66,7
58cd788d,1,4.712070384969536,0.7370999455451965,"[8, 4, 19, 1, 2, 15, 11]","[""LitR/L1"", ""BM3R1/B2"", ""SrpR/S4"", ""AmtR/A1"", ""BetI/E1"", ""QacR/Q2"", ""PhlF/P2""]",0x66,7
58cd788d,1,3.6157966458026474,0.7481446862220764,"[0, 4, 2, 19, 11, 1, 15]","[""AmeR/F1"", ""BM3R1/B2"", ""BetI/E1"", ""SrpR/S4"", ""PhlF/P2"", ""AmtR/A1"", ""QacR/Q2""]",0x66,7
58cd788d,1,-3.889486582099647,0.7930840253829956,"[19, 4, 10, 2, 1, 6, 8]","[""SrpR/S4"", ""BM3R1/B2"", ""PhlF/P1"", ""BetI/E1"", ""AmtR/A1"", ""HlyIIR/H1"", ""LitR/L1""]",0x66,7
58cd788d,1,-1.9990636863843814,0.7892970442771912,"[4, 19, 10, 2, 15, 8, 1]","[""BM3R1/B2"", ""SrpR/S4"", ""PhlF/P1"", ""BetI/E1"", ""QacR/Q2"", ""LitR/L1"", ""AmtR/A1""]",0x66,7
58cd788d,1,0.015531603727539872,0.7722460627555847,"[1, 17, 5, 2, 10, 8, 15]","[""AmtR/A1"", ""SrpR/S2"", ""BM3R1/B3"", ""BetI/E1"", ""PhlF/P1"", ""LitR/L1"", ""QacR/Q2""]",0x66,7
58cd788d,1,1.5815140286875855,0.7670281529426575,"[10, 4, 2, 13, 1, 15, 19]","[""PhlF/P1"", ""BM3R1/B2"", ""BetI/E1"", ""PsrA/R1"", ""AmtR/A1"", ""QacR/Q2"", ""SrpR/S4""]",0x66,7
58cd788d,1,-0.19923021429278828,0.7779664397239685,"[19, 1, 10, 5, 2, 8, 15]","[""SrpR/S4"", ""AmtR/A1"", ""PhlF/P1"", ""BM3R1/B3"", ""BetI/E1"", ""LitR/L1"", ""QacR/Q2""]",0x66,7
58cd788d,1,4.944804446711688,0.7275356650352478,"[1, 15, 19, 5, 2, 13, 11]","[""AmtR/A1"", ""QacR/Q2"", ""SrpR/S4"", ""BM3R1/B3"", ""BetI/E1"", ""PsrA/R1"", ""PhlF/P2""]",0x66,7
58cd788d,1,3.6772761799584575,0.7421630024909973,"[10, 4, 2, 1, 17, 13, 15]","[""PhlF/P1"", ""BM3R1/B2"", ""BetI/E1"", ""AmtR/A1"", ""SrpR/S2"", ""PsrA/R1"", ""QacR/Q2""]",0x66,7
58cd788d,1,4.581527015661311,0.7416490912437439,"[8, 4, 2, 19, 11, 1, 15]","[""LitR/L1"", ""BM3R1/B2"", ""BetI/E1"", ""SrpR/S4"", ""PhlF/P2"", ""AmtR/A1"", ""QacR/Q2""]",0x66,7
58cd788d,1,-0.20815082245300298,0.7820925116539001,"[1, 5, 2, 19, 10, 8, 15]","[""AmtR/A1"", ""BM3R1/B3"", ""BetI/E1"", ""SrpR/S4"", ""PhlF/P1"", ""LitR/L1"", ""QacR/Q2""]",0x66,7
58cd788d,1,-0.9334377551338677,0.7857070565223694,"[4, 19, 10, 1, 0, 2, 15]","[""BM3R1/B2"", ""SrpR/S4"", ""PhlF/P1"", ""AmtR/A1"", ""AmeR/F1"", ""BetI/E1"", ""QacR/Q2""]",0x66,7
58cd788d,1,5.265754096767747,0.6976646780967712,"[4, 1, 19, 11, 15, 13, 2]","[""BM3R1/B2"", ""AmtR/A1"", ""SrpR/S4"", ""PhlF/P2"", ""QacR/Q2"", ""PsrA/R1"", ""BetI/E1""]",0x66,7
58cd788d,1,3.055551541267348,0.7611334323883057,"[4, 11, 15, 1, 13, 2, 19]","[""BM3R1/B2"", ""PhlF/P2"", ""QacR/Q2"", ""AmtR/A1"", ""PsrA/R1"", ""BetI/E1"", ""SrpR/S4""]",0x66,7
58cd788d,1,4.814358130376582,0.7334951758384705,"[4, 2, 19, 1, 13, 15, 11]","[""BM3R1/B2"", ""BetI/E1"", ""SrpR/S4"", ""AmtR/A1"", ""PsrA/R1"", ""QacR/Q2"", ""PhlF/P2""]",0x66,7
58cd788d,1,0.03794871756063178,0.7711797952651978,"[19, 1, 5, 2, 8, 10, 15]","[""SrpR/S4"", ""AmtR/A1"", ""BM3R1/B3"", ""BetI/E1"", ""LitR/L1"", ""PhlF/P1"", ""QacR/Q2""]",0x66,7
58cd788d,1,6.33255030527735,0.3975767195224762,"[8, 3, 19, 14, 13, 7, 11]","[""LitR/L1"", ""BM3R1/B1"", ""SrpR/S4"", ""QacR/Q1"", ""PsrA/R1"", ""IcaRA/I1"", ""PhlF/P2""]",0x66,7
58cd788d,1,6.439081872413975,0.3184636235237121,"[9, 6, 14, 3, 7, 13, 11]","[""LmrA/N1"", ""HlyIIR/H1"", ""QacR/Q1"", ""BM3R1/B1"", ""IcaRA/I1"", ""PsrA/R1"", ""PhlF/P2""]",0x66,7
58cd788d,1,6.265969512408101,0.55299311876297,"[1, 19, 11, 3, 2, 13, 14]","[""AmtR/A1"", ""SrpR/S4"", ""PhlF/P2"", ""BM3R1/B1"", ""BetI/E1"", ""PsrA/R1"", ""QacR/Q1""]",0x66,7
58cd788d,1,-1.9802253686295685,0.7858049869537354,"[4, 2, 10, 15, 19, 8, 1]","[""BM3R1/B2"", ""BetI/E1"", ""PhlF/P1"", ""QacR/Q2"", ""SrpR/S4"", ""LitR/L1"", ""AmtR/A1""]",0x66,7
58cd788d,1,2.3325493492392377,0.7663341164588928,"[10, 4, 13, 15, 1, 19, 2]","[""PhlF/P1"", ""BM3R1/B2"", ""PsrA/R1"", ""QacR/Q2"", ""AmtR/A1"", ""SrpR/S4"", ""BetI/E1""]",0x66,7
58cd788d,1,3.42124110022274,0.7609302401542664,"[4, 11, 2, 1, 13, 15, 19]","[""BM3R1/B2"", ""PhlF/P2"", ""BetI/E1"", ""AmtR/A1"", ""PsrA/R1"", ""QacR/Q2"", ""SrpR/S4""]",0x66,7
58cd788d,1,5.045951087338342,0.7253981232643127,"[4, 1, 2, 19, 13, 15, 11]","[""BM3R1/B2"", ""AmtR/A1"", ""BetI/E1"", ""SrpR/S4"", ""PsrA/R1"", ""QacR/Q2"", ""PhlF/P2""]",0x66,7
58cd788d,1,5.970862106034569,0.6378690004348755,"[4, 13, 19, 14, 1, 2, 11]","[""BM3R1/B2"", ""PsrA/R1"", ""SrpR/S4"", ""QacR/Q1"", ""AmtR/A1"", ""BetI/E1"", ""PhlF/P2""]",0x66,7
58cd788d,1,-0.6572140111864898,0.7849934697151184,"[2, 4, 10, 1, 0, 19, 15]","[""BetI/E1"", ""BM3R1/B2"", ""PhlF/P1"", ""AmtR/A1"", ""AmeR/F1"", ""SrpR/S4"", ""QacR/Q2""]",0x66,7
58cd788d,1,-0.00020209376882372734,0.7773406505584717,"[1, 2, 4, 19, 10, 8, 15]","[""AmtR/A1"", ""BetI/E1"", ""BM3R1/B2"", ""SrpR/S4"", ""PhlF/P1"", ""LitR/L1"", ""QacR/Q2""]",0x66,7
58cd788d,1,6.052563075930195,0.6093322038650513,"[8, 4, 1, 14, 13, 2, 11]","[""LitR/L1"", ""BM3R1/B2"", ""AmtR/A1"", ""QacR/Q1"", ""PsrA/R1"", ""BetI/E1"", ""PhlF/P2""]",0x66,7
c1e19df0,0,4.115908538343845,0.824569046497345,"[15, 2, 1, 4, 10, 7, 19]","[""QacR/Q2"", ""BetI/E1"", ""AmtR/A1"", ""BM3R1/B2"", ""PhlF/P1"", ""IcaRA/I1"", ""SrpR/S4""]",0x66,7
c1e19df0,0,4.937343644946042,0.7924463152885437,"[15, 1, 19, 2, 10, 7, 5]","[""QacR/Q2"", ""AmtR/A1"", ""SrpR/S4"", ""BetI/E1"", ""PhlF/P1"", ""IcaRA/I1"", ""BM3R1/B3""]",0x66,7
c1e19df0,0,5.215923973692797,0.7788732647895813,"[11, 15, 19, 2, 4, 13, 1]","[""PhlF/P2"", ""QacR/Q2"", ""SrpR/S4"", ""BetI/E1"", ""BM3R1/B2"", ""PsrA/R1"", ""AmtR/A1""]",0x66,7
c1e19df0,0,-1.0202819279262954,0.8597598671913147,"[4, 15, 1, 19, 10, 8, 2]","[""BM3R1/B2"", ""QacR/Q2"", ""AmtR/A1"", ""SrpR/S4"", ""PhlF/P1"", ""LitR/L1"", ""BetI/E1""]",0x66,7
c1e19df0,0,6.771764892511279,0.5432878732681274,"[11, 13, 3, 14, 16, 9, 1]","[""PhlF/P2"", ""PsrA/R1"", ""BM3R1/B1"", ""QacR/Q1"", ""SrpR/S1"", ""LmrA/N1"", ""AmtR/A1""]",0x66,7
c1e19df0,0,6.683121304641349,0.6044209599494934,"[11, 19, 14, 2, 0, 9, 5]","[""PhlF/P2"", ""SrpR/S4"", ""QacR/Q1"", ""BetI/E1"", ""AmeR/F1"", ""LmrA/N1"", ""BM3R1/B3""]",0x66,7
c1e19df0,0,5.293708080256588,0.7732530236244202,"[11, 2, 19, 15, 4, 13, 1]","[""PhlF/P2"", ""BetI/E1"", ""SrpR/S4"", ""QacR/Q2"", ""BM3R1/B2"", ""PsrA/R1"", ""AmtR/A1""]",0x66,7
c1e19df0,0,5.937964535157517,0.7397904992103577,"[15, 1, 11, 19, 9, 2, 4]","[""QacR/Q2"", ""AmtR/A1"", ""PhlF/P2"", ""SrpR/S4"", ""LmrA/N1"", ""BetI/E1"", ""BM3R1/B2""]",0x66,7
c1e19df0,0,6.626720119236648,0.6283803582191467,"[11, 1, 14, 2, 4, 9, 6]","[""PhlF/P2"", ""AmtR/A1"", ""QacR/Q1"", ""BetI/E1"", ""BM3R1/B2"", ""LmrA/N1"", ""HlyIIR/H1""]",0x66,7
c1e19df0,0,6.527552888962501,0.6621567606925964,"[11, 13, 3, 2, 0, 19, 15]","[""PhlF/P2"", ""PsrA/R1"", ""BM3R1/B1"", ""BetI/E1"", ""AmeR/F1"", ""SrpR/S4"", ""QacR/Q2""]",0x66,7
c1e19df0,0,5.917750020445588,0.7403560280799866,"[15, 1, 11, 2, 5, 0, 17]","[""QacR/Q2"", ""AmtR/A1"", ""PhlF/P2"", ""BetI/E1"", ""BM3R1/B3"", ""AmeR/F1"", ""SrpR/S2""]",0x66,7
c1e19df0,0,3.6891495785369592,0.8322077393531799,"[2, 1, 15, 19, 10, 7, 4]","[""BetI/E1"", ""AmtR/A1"", ""QacR/Q2"", ""SrpR/S4"", ""PhlF/P1"", ""IcaRA/I1"", ""BM3R1/B2""]",0x66,7
c1e19df0,0,6.535538568582595,0.6432318091392517,"[11, 1, 14, 2, 13, 19, 5]","[""PhlF/P2"", ""AmtR/A1"", ""QacR/Q1"", ""BetI/E1"", ""PsrA/R1"", ""SrpR/S4"", ""BM3R1/B3""]",0x66,7
c1e19df0,0,6.519609380186588,0.7259687781333923,"[11, 13, 3, 2, 1, 19, 15]","[""PhlF/P2"", ""PsrA/R1"", ""BM3R1/B1"", ""BetI/E1"", ""AmtR/A1"", ""SrpR/S4"", ""QacR/Q2""]",0x66,7
c1e19df0,0,4.847821913149701,0.7924507856369019,"[15, 1, 19, 2, 5, 6, 10]","[""QacR/Q2"", ""AmtR/A1"", ""SrpR/S4"", ""BetI/E1"", ""BM3R1/B3"", ""HlyIIR/H1"", ""PhlF/P1""]",0x66,7
c1e19df0,0,5.8525417008670235,0.7524142861366272,"[2, 1, 11, 19, 13, 15, 4]","[""BetI/E1"", ""AmtR/A1"", ""PhlF/P2"", ""SrpR/S4"", ""PsrA/R1"", ""QacR/Q2"", ""BM3R1/B2""]",0x66,7
c1e19df0,0,5.851104780119503,0.7578039765357971,"[2, 1, 11, 19, 9, 15, 4]","[""BetI/E1"", ""AmtR/A1"", ""PhlF/P2"", ""SrpR/S4"", ""LmrA/N1"", ""QacR/Q2"", ""BM3R1/B2""]",0x66,7
c1e19df0,0,6.73235874261494,0.5639802813529968,"[11, 19, 14, 2, 0, 9, 3]","[""PhlF/P2"", ""SrpR/S4"", ""QacR/Q1"", ""BetI/E1"", ""AmeR/F1"", ""LmrA/N1"", ""BM3R1/B1""]",0x66,7
c1e19df0,0,6.6933325337395315,0.5773643851280212,"[11, 13, 3, 14, 0, 19, 1]","[""PhlF/P2"", ""PsrA/R1"", ""BM3R1/B1"", ""QacR/Q1"", ""AmeR/F1"", ""SrpR/S4"", ""AmtR/A1""]",0x66,7
c1e19df0,0,-1.0062967635905562,0.853421151638031,"[1, 19, 2, 4, 10, 8, 15]","[""AmtR/A1"", ""SrpR/S4"", ""BetI/E1"", ""BM3R1/B2"", ""PhlF/P1"", ""LitR/L1"", ""QacR/Q2""]",0x66,7
c1e19df0,0,-0.12716921189302047,0.8441264033317566,"[19, 5, 15, 1, 10, 8, 2]","[""SrpR/S4"", ""BM3R1/B3"", ""QacR/Q2"", ""AmtR/A1"", ""PhlF/P1"", ""LitR/L1"", ""BetI/E1""]",0x66,7
c1e19df0,0,-1.2419533130283569,0.8691329956054688,"[19, 1, 15, 4, 10, 8, 2]","[""SrpR/S4"", ""AmtR/A1"", ""QacR/Q2"", ""BM3R1/B2"", ""PhlF/P1"", ""LitR/L1"", ""BetI/E1""]",0x66,7
c1e19df0,0,6.765197357887259,0.545033872127533,"[11, 13, 3, 14, 16, 7, 2]","[""PhlF/P2"", ""PsrA/R1"", ""BM3R1/B1"", ""QacR/Q1"", ""SrpR/S1"", ""IcaRA/I1"", ""BetI/E1""]",0x66,7
c1e19df0,0,6.55345411042605,0.6323701739311218,"[14, 19, 11, 2, 1, 8, 3]","[""QacR/Q1"", ""SrpR/S4"", ""PhlF/P2"", ""BetI/E1"", ""AmtR/A1"", ""LitR/L1"", ""BM3R1/B1""]",0x66,7
c1e19df0,0,-0.09905702082723829,0.8349848389625549,"[1, 2, 5, 19, 10, 8, 15]","[""AmtR/A1"", ""BetI/E1"", ""BM3R1/B3"", ""SrpR/S4"", ""PhlF/P1"", ""LitR/L1"", ""QacR/Q2""]",0x66,7
c1e19df0,0,4.3867350537608,0.806813657283783,"[15, 1, 2, 19, 5, 9, 10]","[""QacR/Q2"", ""AmtR/A1"", ""BetI/E1"", ""SrpR/S4"", ""BM3R1/B3"", ""LmrA/N1"", ""PhlF/P1""]",0x66,7
c1e19df0,0,5.896348850627181,0.7468492984771729,"[15, 1, 11, 2, 0, 5, 19]","[""QacR/Q2"", ""AmtR/A1"", ""PhlF/P2"", ""BetI/E1"", ""AmeR/F1"", ""BM3R1/B3"", ""SrpR/S4""]",0x66,7
c1e19df0,0,-0.12615303055618562,0.8391554951667786,"[0, 2, 1, 10, 4, 18, 15]","[""AmeR/F1"", ""BetI/E1"", ""AmtR/A1"", ""PhlF/P1"", ""BM3R1/B2"", ""SrpR/S3"", ""QacR/Q2""]",0x66,7
c1e19df0,0,-0.5028632552329853,0.8449074625968933,"[15, 5, 1, 10, 19, 8, 2]","[""QacR/Q2"", ""BM3R1/B3"", ""AmtR/A1"", ""PhlF/P1"", ""SrpR/S4"", ""LitR/L1"", ""BetI/E1""]",0x66,7
c1e19df0,0,6.626833058263108,0.6083913445472717,"[11, 19, 14, 2, 0, 13, 1]","[""PhlF/P2"", ""SrpR/S4"", ""QacR/Q1"", ""BetI/E1"", ""AmeR/F1"", ""PsrA/R1"", ""AmtR/A1""]",0x66,7
c1e19df0,0,-0.7344201473791564,0.8477282524108887,"[17, 15, 1, 4, 10, 8, 2]","[""SrpR/S2"", ""QacR/Q2"", ""AmtR/A1"", ""BM3R1/B2"", ""PhlF/P1"", ""LitR/L1"", ""BetI/E1""]",0x66,7
e697dccd,1,6.103389948732258,0.703302264213562,"[2, 13, 3, 11, 15, 19, 1]","[""BetI/E1"", ""PsrA/R1"", ""BM3R1/B1"", ""PhlF/P2"", ""QacR/Q2"", ""SrpR/S4"", ""AmtR/A1""]",0x66,7
e697dccd,1,2.2850150913071494,0.8057773113250732,"[10, 13, 1, 4, 2, 19, 15]","[""PhlF/P1"", ""PsrA/R1"", ""AmtR/A1"", ""BM3R1/B2"", ""BetI/E1"", ""SrpR/S4"", ""QacR/Q2""]",0x66,7
e697dccd,1,2.144663221204479,0.8069419860839844,"[10, 2, 15, 4, 17, 13, 1]","[""PhlF/P1"", ""BetI/E1"", ""QacR/Q2"", ""BM3R1/B2"", ""SrpR/S2"", ""PsrA/R1"", ""AmtR/A1""]",0x66,7
e697dccd,1,4.695929269337478,0.7817193269729614,"[5, 15, 2, 11, 13, 19, 1]","[""BM3R1/B3"", ""QacR/Q2"", ""BetI/E1"", ""PhlF/P2"", ""PsrA/R1"", ""SrpR/S4"", ""AmtR/A1""]",0x66,7
e697dccd,1,1.0448680048601733,0.8074615001678467,"[4, 2, 19, 11, 0, 15, 1]","[""BM3R1/B2"", ""BetI/E1"", ""SrpR/S4"", ""PhlF/P2"", ""AmeR/F1"", ""QacR/Q2"", ""AmtR/A1""]",0x66,7
e697dccd,1,3.859734768535945,0.7991065979003906,"[4, 2, 15, 13, 11, 19, 1]","[""BM3R1/B2"", ""BetI/E1"", ""QacR/Q2"", ""PsrA/R1"", ""PhlF/P2"", ""SrpR/S4"", ""AmtR/A1""]",0x66,7
e697dccd,1,4.5112979523430905,0.7870074510574341,"[4, 2, 19, 11, 15, 13, 1]","[""BM3R1/B2"", ""BetI/E1"", ""SrpR/S4"", ""PhlF/P2"", ""QacR/Q2"", ""PsrA/R1"", ""AmtR/A1""]",0x66,7
e697dccd,1,3.9491933584160197,0.7915416955947876,"[4, 19, 15, 2, 11, 13, 1]","[""BM3R1/B2"", ""SrpR/S4"", ""QacR/Q2"", ""BetI/E1"", ""PhlF/P2"", ""PsrA/R1"", ""AmtR/A1""]",0x66,7
e697dccd,1,0.07065703909032281,0.8208944797515869,"[0, 19, 1, 2, 4, 10, 15]","[""AmeR/F1"", ""SrpR/S4"", ""AmtR/A1"", ""BetI/E1"", ""BM3R1/B2"", ""PhlF/P1"", ""QacR/Q2""]",0x66,7
e697dccd,1,6.522267946732225,0.5604397058486938,"[9, 18, 11, 14, 13, 2, 1]","[""LmrA/N1"", ""SrpR/S3"", ""PhlF/P2"", ""QacR/Q1"", ""PsrA/R1"", ""BetI/E1"", ""AmtR/A1""]",0x66,7
e697dccd,1,0.6902463379610184,0.8144797086715698,"[10, 1, 15, 0, 4, 19, 2]","[""PhlF/P1"", ""AmtR/A1"", ""QacR/Q2"", ""AmeR/F1"", ""BM3R1/B2"", ""SrpR/S4"", ""BetI/E1""]",0x66,7
e697dccd,1,-0.0022158053811452715,0.8292433023452759,"[10, 15, 5, 2, 9, 19, 1]","[""PhlF/P1"", ""QacR/Q2"", ""BM3R1/B3"", ""BetI/E1"", ""LmrA/N1"", ""SrpR/S4"", ""AmtR/A1""]",0x66,7
e697dccd,1,6.420845727634499,0.6857905387878418,"[4, 13, 14, 12, 17, 2, 1]","[""BM3R1/B2"", ""PsrA/R1"", ""QacR/Q1"", ""PhlF/P3"", ""SrpR/S2"", ""BetI/E1"", ""AmtR/A1""]",0x66,7
e697dccd,1,5.988699680331343,0.7654345035552979,"[4, 13, 11, 15, 17, 2, 1]","[""BM3R1/B2"", ""PsrA/R1"", ""PhlF/P2"", ""QacR/Q2"", ""SrpR/S2"", ""BetI/E1"", ""AmtR/A1""]",0x66,7
e697dccd,1,3.3711377211535702,0.8000932931900024,"[10, 13, 19, 15, 2, 4, 1]","[""PhlF/P1"", ""PsrA/R1"", ""SrpR/S4"", ""QacR/Q2"", ""BetI/E1"", ""BM3R1/B2"", ""AmtR/A1""]",0x66,7
e697dccd,1,6.552072286348935,0.5474461317062378,"[6, 13, 14, 11, 1, 2, 19]","[""HlyIIR/H1"", ""PsrA/R1"", ""QacR/Q1"", ""PhlF/P2"", ""AmtR/A1"", ""BetI/E1"", ""SrpR/S4""]",0x66,7
e697dccd,1,0.03097403377187401,0.8226929903030396,"[2, 8, 19, 5, 10, 1, 15]","[""BetI/E1"", ""LitR/L1"", ""SrpR/S4"", ""BM3R1/B3"", ""PhlF/P1"", ""AmtR/A1"", ""QacR/Q2""]",0x66,7
e697dccd,1,2.807269223014275,0.8014909029006958,"[10, 1, 19, 4, 2, 15, 13]","[""PhlF/P1"", ""AmtR/A1"", ""SrpR/S4"", ""BM3R1/B2"", ""BetI/E1"", ""QacR/Q2"", ""PsrA/R1""]",0x66,7
e697dccd,1,2.6533322019577965,0.8030569553375244,"[10, 1, 19, 4, 15, 13, 2]","[""PhlF/P1"", ""AmtR/A1"", ""SrpR/S4"", ""BM3R1/B2"", ""QacR/Q2"", ""PsrA/R1"", ""BetI/E1""]",0x66,7
e697dccd,1,-0.26162545545578664,0.8330146074295044,"[4, 10, 15, 2, 0, 8, 19]","[""BM3R1/B2"", ""PhlF/P1"", ""QacR/Q2"", ""BetI/E1"", ""AmeR/F1"", ""LitR/L1"", ""SrpR/S4""]",0x66,7
e697dccd,1,-0.2664677187474985,0.8447332382202148,"[4, 10, 15, 2, 1, 8, 19]","[""BM3R1/B2"", ""PhlF/P1"", ""QacR/Q2"", ""BetI/E1"", ""AmtR/A1"", ""LitR/L1"", ""SrpR/S4""]",0x66,7
e697dccd,1,6.485338597372502,0.5798649787902832,"[4, 2, 11, 14, 13, 17, 1]","[""BM3R1/B2"", ""BetI/E1"", ""PhlF/P2"", ""QacR/Q1"", ""PsrA/R1"", ""SrpR/S2"", ""AmtR/A1""]",0x66,7
e697dccd,1,5.498161884308486,0.7675065994262695,"[5, 13, 19, 11, 2, 15, 1]","[""BM3R1/B3"", ""PsrA/R1"", ""SrpR/S4"", ""PhlF/P2"", ""BetI/E1"", ""QacR/Q2"", ""AmtR/A1""]",0x66,7
e697dccd,1,4.509732606795658,0.7911676168441772,"[4, 13, 2, 11, 17, 15, 1]","[""BM3R1/B2"", ""PsrA/R1"", ""BetI/E1"", ""PhlF/P2"", ""SrpR/S2"", ""QacR/Q2"", ""AmtR/A1""]",0x66,7
e697dccd,1,-0.02603389576722947,0.8327043056488037,"[10, 2, 15, 0, 4, 19, 1]","[""PhlF/P1"", ""BetI/E1"", ""QacR/Q2"", ""AmeR/F1"", ""BM3R1/B2"", ""SrpR/S4"", ""AmtR/A1""]",0x66,7
03a28722,0,4.737813116454873,0.7955805659294128,"[2, 4, 1, 11, 15, 19]","[""BetI/E1"", ""BM3R1/B2"", ""AmtR/A1"", ""PhlF/P2"", ""QacR/Q2"", ""SrpR/S4""]",0x3C,6
03a28722,0,5.969026877865636,0.7814144492149353,"[2, 4, 19, 1, 15, 11]","[""BetI/E1"", ""BM3R1/B2"", ""SrpR/S4"", ""AmtR/A1"", ""QacR/Q2"", ""PhlF/P2""]",0x3C,6
03a28722,0,5.904312497820625,0.7837244868278503,"[2, 5, 19, 1, 15, 11]","[""BetI/E1"", ""BM3R1/B3"", ""SrpR/S4"", ""AmtR/A1"", ""QacR/Q2"", ""PhlF/P2""]",0x3C,6
03a28722,0,4.28594470007217,0.8079357743263245,"[2, 10, 19, 4, 1, 15]","[""BetI/E1"", ""PhlF/P1"", ""SrpR/S4"", ""BM3R1/B2"", ""AmtR/A1"", ""QacR/Q2""]",0x3C,6
03a28722,0,4.744144420857628,0.7946158051490784,"[4, 1, 19, 2, 15, 11]","[""BM3R1/B2"", ""AmtR/A1"", ""SrpR/S4"", ""BetI/E1"", ""QacR/Q2"", ""PhlF/P2""]",0x3C,6
03a28722,0,4.715157438478556,0.7981536984443665,"[4, 10, 1, 17, 15, 2]","[""BM3R1/B2"", ""PhlF/P1"", ""AmtR/A1"", ""SrpR/S2"", ""QacR/Q2"", ""BetI/E1""]",0x3C,6
03a28722,0,4.8602781818976455,0.7900640368461609,"[4, 19, 1, 2, 15, 11]","[""BM3R1/B2"", ""SrpR/S4"", ""AmtR/A1"", ""BetI/E1"", ""QacR/Q2"", ""PhlF/P2""]",0x3C,6
03a28722,0,8.852723417647267,0.6706418395042419,"[11, 3, 13, 19, 15, 2]","[""PhlF/P2"", ""BM3R1/B1"", ""PsrA/R1"", ""SrpR/S4"", ""QacR/Q2"", ""BetI/E1""]",0x3C,6
03a28722,0,8.756127384535107,0.7749579548835754,"[11, 4, 2, 1, 15, 19]","[""PhlF/P2"", ""BM3R1/B2"", ""BetI/E1"", ""AmtR/A1"", ""QacR/Q2"", ""SrpR/S4""]",0x3C,6
03a28722,0,8.82937182663872,0.7421637177467346,"[11, 4, 13, 1, 15, 19]","[""PhlF/P2"", ""BM3R1/B2"", ""PsrA/R1"", ""AmtR/A1"", ""QacR/Q2"", ""SrpR/S4""]",0x3C,6
03a28722,0,8.944118024642611,0.649707019329071,"[11, 5, 14, 1, 2, 19]","[""PhlF/P2"", ""BM3R1/B3"", ""QacR/Q1"", ""AmtR/A1"", ""BetI/E1"", ""SrpR/S4""]",0x3C,6
03a28722,0,6.034137012317845,0.7760942578315735,"[11, 15, 1, 4, 19, 2]","[""PhlF/P2"", ""QacR/Q2"", ""AmtR/A1"", ""BM3R1/B2"", ""SrpR/S4"", ""BetI/E1""]",0x3C,6
03a28722,0,4.5818571673294475,0.7987515330314636,"[15, 1, 2, 4, 19, 11]","[""QacR/Q2"", ""AmtR/A1"", ""BetI/E1"", ""BM3R1/B2"", ""SrpR/S4"", ""PhlF/P2""]",0x3C,6
03a28722,0,3.947525203942204,0.816154956817627,"[15, 2, 1, 4, 19, 11]","[""QacR/Q2"", ""BetI/E1"", ""AmtR/A1"", ""BM3R1/B2"", ""SrpR/S4"", ""PhlF/P2""]",0x3C,6
03a28722,0,-0.15985242754420956,0.8445292115211487,"[15, 2, 10, 17, 1, 4]","[""QacR/Q2"", ""BetI/E1"", ""PhlF/P1"", ""SrpR/S2"", ""AmtR/A1"", ""BM3R1/B2""]",0x3C,6
03a28722,0,2.3684844808646863,0.8332198262214661,"[15, 10, 1, 2, 19, 4]","[""QacR/Q2"", ""PhlF/P1"", ""AmtR/A1"", ""BetI/E1"", ""SrpR/S4"", ""BM3R1/B2""]",0x3C,6
03a28722,0,3.791373768129416,0.8253340125083923,"[15, 10, 1, 4, 19, 2]","[""QacR/Q2"", ""PhlF/P1"", ""AmtR/A1"", ""BM3R1/B2"", ""SrpR/S4"", ""BetI/E1""]",0x3C,6
03a28722,0,1.9207925187675454,0.8366217017173767,"[15, 10, 2, 19, 1, 4]","[""QacR/Q2"", ""PhlF/P1"", ""BetI/E1"", ""SrpR/S4"", ""AmtR/A1"", ""BM3R1/B2""]",0x3C,6
03a28722,0,4.083756045446183,0.8115827441215515,"[15, 10, 19, 4, 1, 2]","[""QacR/Q2"", ""PhlF/P1"", ""SrpR/S4"", ""BM3R1/B2"", ""AmtR/A1"", ""BetI/E1""]",0x3C,6
03a28722,0,5.326958955074236,0.790020763874054,"[15, 19, 11, 4, 1, 2]","[""QacR/Q2"", ""SrpR/S4"", ""PhlF/P2"", ""BM3R1/B2"", ""AmtR/A1"", ""BetI/E1""]",0x3C,6
03a28722,0,5.789722379017234,0.7872210144996643,"[19, 4, 2, 1, 15, 11]","[""SrpR/S4"", ""BM3R1/B2"", ""BetI/E1"", ""AmtR/A1"", ""QacR/Q2"", ""PhlF/P2""]",0x3C,6
03a28722,0,5.718887456839349,0.7898061871528625,"[19, 5, 2, 1, 15, 11]","[""SrpR/S4"", ""BM3R1/B3"", ""BetI/E1"", ""AmtR/A1"", ""QacR/Q2"", ""PhlF/P2""]",0x3C,6
2b8d88ba,0,5.9319537174851,0.7677130699157715,"[2, 1, 11, 4, 19, 15]","[""BetI/E1"", ""AmtR/A1"", ""PhlF/P2"", ""BM3R1/B2"", ""SrpR/S4"", ""QacR/Q2""]",0x3C,6
2b8d88ba,0,6.22660034504343,0.7380331754684448,"[11, 1, 5, 19, 2, 15]","[""PhlF/P2"", ""AmtR/A1"", ""BM3R1/B3"", ""SrpR/S4"", ""BetI/E1"", ""QacR/Q2""]",0x3C,6
2b8d88ba,0,6.810188279299024,0.6454693078994751,"[11, 1, 14, 4, 19, 2]","[""PhlF/P2"", ""AmtR/A1"", ""QacR/Q1"", ""BM3R1/B2"", ""SrpR/S4"", ""BetI/E1""]",0x3C,6
2b8d88ba,0,7.4162850807884935,0.6236298084259033,"[11, 1, 14, 19, 5, 2]","[""PhlF/P2"", ""AmtR/A1"", ""QacR/Q1"", ""SrpR/S4"", ""BM3R1/B3"", ""BetI/E1""]",0x3C,6
2b8d88ba,0,7.62378472658264,0.370618611574173,"[11, 13, 14, 7, 16, 2]","[""PhlF/P2"", ""PsrA/R1"", ""QacR/Q1"", ""IcaRA/I1"", ""SrpR/S1"", ""BetI/E1""]",0x3C,6
2b8d88ba,0,7.535188386935003,0.5958380699157715,"[11, 13, 14, 19, 5, 2]","[""PhlF/P2"", ""PsrA/R1"", ""QacR/Q1"", ""SrpR/S4"", ""BM3R1/B3"", ""BetI/E1""]",0x3C,6
2b8d88ba,0,7.171280046791863,0.6293543577194214,"[14, 2, 11, 4, 1, 13]","[""QacR/Q1"", ""BetI/E1"", ""PhlF/P2"", ""BM3R1/B2"", ""AmtR/A1"", ""PsrA/R1""]",0x3C,6
2b8d88ba,0,7.581963907483687,0.5857772827148438,"[14, 19, 11, 1, 2, 13]","[""QacR/Q1"", ""SrpR/S4"", ""PhlF/P2"", ""AmtR/A1"", ""BetI/E1"", ""PsrA/R1""]",0x3C,6
2b8d88ba,0,7.5469587339826205,0.5863102674484253,"[14, 19, 11, 1, 5, 13]","[""QacR/Q1"", ""SrpR/S4"", ""PhlF/P2"", ""AmtR/A1"", ""BM3R1/B3"", ""PsrA/R1""]",0x3C,6
2b8d88ba,0,7.30865482733505,0.6292009353637695,"[14, 19, 11, 4, 1, 13]","[""QacR/Q1"", ""SrpR/S4"", ""PhlF/P2"", ""BM3R1/B2"", ""AmtR/A1"", ""PsrA/R1""]",0x3C,6
2b8d88ba,0,0.3120100318099197,0.8025984168052673,"[19, 2, 4, 10, 1, 15]","[""SrpR/S4"", ""BetI/E1"", ""BM3R1/B2"", ""PhlF/P1"", ""AmtR/A1"", ""QacR/Q2""]",0x3C,6
2b8d88ba,0,-0.12742684458707276,0.8031880855560303,"[19, 2, 4, 10, 15, 1]","[""SrpR/S4"", ""BetI/E1"", ""BM3R1/B2"", ""PhlF/P1"", ""QacR/Q2"", ""AmtR/A1""]",0x3C,6
2b8d88ba,0,5.711636098810042,0.7914984822273254,"[19, 2, 11, 4, 1, 15]","[""SrpR/S4"", ""BetI/E1"", ""PhlF/P2"", ""BM3R1/B2"", ""AmtR/A1"", ""QacR/Q2""]",0x3C,6
2b8d88ba,0,0.46193164248147056,0.8004759550094604,"[19, 4, 2, 10, 1, 15]","[""SrpR/S4"", ""BM3R1/B2"", ""BetI/E1"", ""PhlF/P1"", ""AmtR/A1"", ""QacR/Q2""]",0x3C,6
2b8d88ba,0,-0.25231918962195093,0.8041213750839233,"[19, 4, 2, 10, 15, 1]","[""SrpR/S4"", ""BM3R1/B2"", ""BetI/E1"", ""PhlF/P1"", ""QacR/Q2"", ""AmtR/A1""]",0x3C,6
2b8d88ba,0,4.647075852007509,0.7954870462417603,"[19, 11, 4, 1, 15, 2]","[""SrpR/S4"", ""PhlF/P2"", ""BM3R1/B2"", ""AmtR/A1"", ""QacR/Q2"", ""BetI/E1""]",0x3C,6
2b8d88ba,1,3.1027236650756955,0.7962983250617981,"[2, 1, 11, 19, 15, 4]","[""BetI/E1"", ""AmtR/A1"", ""PhlF/P2"", ""SrpR/S4"", ""QacR/Q2"", ""BM3R1/B2""]",0x3C,6
2b8d88ba,1,6.651037124773809,0.7370951175689697,"[2, 13, 11, 4, 1, 15]","[""BetI/E1"", ""PsrA/R1"", ""PhlF/P2"", ""BM3R1/B2"", ""AmtR/A1"", ""QacR/Q2""]",0x3C,6
2b8d88ba,1,5.780413811618469,0.790859580039978,"[11, 2, 19, 4, 1, 15]","[""PhlF/P2"", ""BetI/E1"", ""SrpR/S4"", ""BM3R1/B2"", ""AmtR/A1"", ""QacR/Q2""]",0x3C,6
2b8d88ba,1,5.839185907798581,0.7712297439575195,"[11, 2, 19, 5, 1, 15]","[""PhlF/P2"", ""BetI/E1"", ""SrpR/S4"", ""BM3R1/B3"", ""AmtR/A1"", ""QacR/Q2""]",0x3C,6
2b8d88ba,1,7.095205928923136,0.6338744163513184,"[11, 13, 14, 4, 1, 2]","[""PhlF/P2"", ""PsrA/R1"", ""QacR/Q1"", ""BM3R1/B2"", ""AmtR/A1"", ""BetI/E1""]",0x3C,6
2b8d88ba,1,7.441717921264083,0.6235864162445068,"[11, 13, 14, 19, 5, 2]","[""PhlF/P2"", ""PsrA/R1"", ""QacR/Q1"", ""SrpR/S4"", ""BM3R1/B3"", ""BetI/E1""]",0x3C,6
2b8d88ba,1,6.198744023165982,0.7539322376251221,"[11, 13, 19, 4, 1, 15]","[""PhlF/P2"", ""PsrA/R1"", ""SrpR/S4"", ""BM3R1/B2"", ""AmtR/A1"", ""QacR/Q2""]",0x3C,6
2b8d88ba,1,5.9608396269727955,0.7546955347061157,"[11, 19, 2, 4, 1, 13]","[""PhlF/P2"", ""SrpR/S4"", ""BetI/E1"", ""BM3R1/B2"", ""AmtR/A1"", ""PsrA/R1""]",0x3C,6
2b8d88ba,1,5.603280647622987,0.791822075843811,"[11, 19, 2, 4, 1, 15]","[""PhlF/P2"", ""SrpR/S4"", ""BetI/E1"", ""BM3R1/B2"", ""AmtR/A1"", ""QacR/Q2""]",0x3C,6
2b8d88ba,1,7.01380551124932,0.6452472805976868,"[11, 19, 14, 4, 1, 13]","[""PhlF/P2"", ""SrpR/S4"", ""QacR/Q1"", ""BM3R1/B2"", ""AmtR/A1"", ""PsrA/R1""]",0x3C,6
2b8d88ba,1,7.611443279919876,0.5619590282440186,"[14, 2, 11, 19, 3, 13]","[""QacR/Q1"", ""BetI/E1"", ""PhlF/P2"", ""SrpR/S4"", ""BM3R1/B1"", ""PsrA/R1""]",0x3C,6
2b8d88ba,1,7.0512975742573065,0.6420667171478271,"[14, 2, 11, 19, 5, 1]","[""QacR/Q1"", ""BetI/E1"", ""PhlF/P2"", ""SrpR/S4"", ""BM3R1/B3"", ""AmtR/A1""]",0x3C,6
2b8d88ba,1,7.5290341920986315,0.6138668060302734,"[14, 2, 11, 19, 5, 13]","[""QacR/Q1"", ""BetI/E1"", ""PhlF/P2"", ""SrpR/S4"", ""BM3R1/B3"", ""PsrA/R1""]",0x3C,6
2b8d88ba,1,6.779648027733474,0.6665195226669312,"[15, 13, 11, 0, 19, 2]","[""QacR/Q2"", ""PsrA/R1"", ""PhlF/P2"", ""AmeR/F1"", ""SrpR/S4"", ""BetI/E1""]",0x3C,6
2b8d88ba,1,6.713888116382492,0.693310558795929,"[15, 13, 11, 1, 5, 2]","[""QacR/Q2"", ""PsrA/R1"", ""PhlF/P2"", ""AmtR/A1"", ""BM3R1/B3"", ""BetI/E1""]",0x3C,6
2b8d88ba,1,6.75068143314977,0.692043662071228,"[15, 13, 11, 1, 19, 2]","[""QacR/Q2"", ""PsrA/R1"", ""PhlF/P2"", ""AmtR/A1"", ""SrpR/S4"", ""BetI/E1""]",0x3C,6
2b8d88ba,1,6.7622048023260986,0.6702066659927368,"[15, 13, 11, 17, 4, 2]","[""QacR/Q2"", ""PsrA/R1"", ""PhlF/P2"", ""SrpR/S2"", ""BM3R1/B2"", ""BetI/E1""]",0x3C,6
2b8d88ba,1,6.761152393141853,0.6907344460487366,"[15, 13, 11, 17, 5, 2]","[""QacR/Q2"", ""PsrA/R1"", ""PhlF/P2"", ""SrpR/S2"", ""BM3R1/B3"", ""BetI/E1""]",0x3C,6
2b8d88ba,1,6.706237151788469,0.7261621952056885,"[15, 13, 11, 19, 5, 2]","[""QacR/Q2"", ""PsrA/R1"", ""PhlF/P2"", ""SrpR/S4"", ""BM3R1/B3"", ""BetI/E1""]",0x3C,6
2b8d88ba,1,5.903244914080718,0.7697055339813232,"[19, 2, 11, 4, 1, 15]","[""SrpR/S4"", ""BetI/E1"", ""PhlF/P2"", ""BM3R1/B2"", ""AmtR/A1"", ""QacR/Q2""]",0x3C,6
67eaf262,1,4.886091450288598,0.7823602557182312,"[1, 2, 4, 19, 15, 11]","[""AmtR/A1"", ""BetI/E1"", ""BM3R1/B2"", ""SrpR/S4"", ""QacR/Q2"", ""PhlF/P2""]",0x3C,6
67eaf262,1,4.635581631210398,0.7903202772140503,"[1, 11, 4, 2, 15, 19]","[""AmtR/A1"", ""PhlF/P2"", ""BM3R1/B2"", ""BetI/E1"", ""QacR/Q2"", ""SrpR/S4""]",0x3C,6
67eaf262,1,4.231254146060644,0.7951920032501221,"[1, 11, 4, 15, 2, 19]","[""AmtR/A1"", ""PhlF/P2"", ""BM3R1/B2"", ""QacR/Q2"", ""BetI/E1"", ""SrpR/S4""]",0x3C,6
67eaf262,1,5.698809884030225,0.7814555764198303,"[1, 15, 4, 19, 2, 11]","[""AmtR/A1"", ""QacR/Q2"", ""BM3R1/B2"", ""SrpR/S4"", ""BetI/E1"", ""PhlF/P2""]",0x3C,6
67eaf262,1,5.817843905356145,0.7610322833061218,"[1, 15, 5, 19, 2, 11]","[""AmtR/A1"", ""QacR/Q2"", ""BM3R1/B3"", ""SrpR/S4"", ""BetI/E1"", ""PhlF/P2""]",0x3C,6
67eaf262,1,4.862965044273986,0.7899364233016968,"[1, 15, 11, 19, 2, 4]","[""AmtR/A1"", ""QacR/Q2"", ""PhlF/P2"", ""SrpR/S4"", ""BetI/E1"", ""BM3R1/B2""]",0x3C,6
67eaf262,1,-1.080903726577997,0.8325943350791931,"[2, 10, 4, 1, 19, 15]","[""BetI/E1"", ""PhlF/P1"", ""BM3R1/B2"", ""AmtR/A1"", ""SrpR/S4"", ""QacR/Q2""]",0x3C,6
67eaf262,1,7.098985109372711,0.5553370118141174,"[3, 19, 14, 13, 2, 11]","[""BM3R1/B1"", ""SrpR/S4"", ""QacR/Q1"", ""PsrA/R1"", ""BetI/E1"", ""PhlF/P2""]",0x3C,6
67eaf262,1,6.737176051183093,0.6495954990386963,"[4, 2, 14, 19, 1, 11]","[""BM3R1/B2"", ""BetI/E1"", ""QacR/Q1"", ""SrpR/S4"", ""AmtR/A1"", ""PhlF/P2""]",0x3C,6
67eaf262,1,6.202079571344132,0.7396381497383118,"[4, 2, 19, 13, 15, 11]","[""BM3R1/B2"", ""BetI/E1"", ""SrpR/S4"", ""PsrA/R1"", ""QacR/Q2"", ""PhlF/P2""]",0x3C,6
67eaf262,1,6.429069806741829,0.7274408936500549,"[4, 13, 2, 19, 15, 11]","[""BM3R1/B2"", ""PsrA/R1"", ""BetI/E1"", ""SrpR/S4"", ""QacR/Q2"", ""PhlF/P2""]",0x3C,6
67eaf262,1,7.019401202294893,0.628231942653656,"[4, 13, 14, 19, 2, 11]","[""BM3R1/B2"", ""PsrA/R1"", ""QacR/Q1"", ""SrpR/S4"", ""BetI/E1"", ""PhlF/P2""]",0x3C,6
67eaf262,1,5.7797705444114875,0.7681035399436951,"[4, 15, 2, 1, 19, 11]","[""BM3R1/B2"", ""QacR/Q2"", ""BetI/E1"", ""AmtR/A1"", ""SrpR/S4"", ""PhlF/P2""]",0x3C,6
67eaf262,1,6.116201796782653,0.7590211629867554,"[4, 15, 19, 1, 2, 11]","[""BM3R1/B2"", ""QacR/Q2"", ""SrpR/S4"", ""AmtR/A1"", ""BetI/E1"", ""PhlF/P2""]",0x3C,6
67eaf262,1,6.802378803256796,0.6334149837493896,"[4, 19, 11, 13, 2, 14]","[""BM3R1/B2"", ""SrpR/S4"", ""PhlF/P2"", ""PsrA/R1"", ""BetI/E1"", ""QacR/Q1""]",0x3C,6
67eaf262,1,6.6272191449392714,0.6562302708625793,"[4, 19, 14, 1, 2, 11]","[""BM3R1/B2"", ""SrpR/S4"", ""QacR/Q1"", ""AmtR/A1"", ""BetI/E1"", ""PhlF/P2""]",0x3C,6
67eaf262,1,7.077532904839091,0.6236808896064758,"[4, 19, 14, 13, 2, 11]","[""BM3R1/B2"", ""SrpR/S4"", ""QacR/Q1"", ""PsrA/R1"", ""BetI/E1"", ""PhlF/P2""]",0x3C,6
67eaf262,1,6.430238906475819,0.7115059494972229,"[5, 13, 2, 19, 15, 11]","[""BM3R1/B3"", ""PsrA/R1"", ""BetI/E1"", ""SrpR/S4"", ""QacR/Q2"", ""PhlF/P2""]",0x3C,6
67eaf262,1,3.6366205275235988,0.8000979423522949,"[10, 2, 4, 1, 15, 19]","[""PhlF/P1"", ""BetI/E1"", ""BM3R1/B2"", ""AmtR/A1"", ""QacR/Q2"", ""SrpR/S4""]",0x3C,6
67eaf262,1,2.191564557869627,0.8186997771263123,"[10, 2, 4, 1, 19, 15]","[""PhlF/P1"", ""BetI/E1"", ""BM3R1/B2"", ""AmtR/A1"", ""SrpR/S4"", ""QacR/Q2""]",0x3C,6
67eaf262,1,2.7301435862578427,0.8137395977973938,"[10, 2, 4, 19, 1, 15]","[""PhlF/P1"", ""BetI/E1"", ""BM3R1/B2"", ""SrpR/S4"", ""AmtR/A1"", ""QacR/Q2""]",0x3C,6
67eaf262,1,2.7804704831009524,0.800179660320282,"[10, 4, 1, 15, 2, 19]","[""PhlF/P1"", ""BM3R1/B2"", ""AmtR/A1"", ""QacR/Q2"", ""BetI/E1"", ""SrpR/S4""]",0x3C,6
67eaf262,1,1.204400993819861,0.829278826713562,"[10, 4, 2, 1, 19, 15]","[""PhlF/P1"", ""BM3R1/B2"", ""BetI/E1"", ""AmtR/A1"", ""SrpR/S4"", ""QacR/Q2""]",0x3C,6
67eaf262,1,1.3704606004983066,0.8292186856269836,"[10, 4, 17, 2, 1, 15]","[""PhlF/P1"", ""BM3R1/B2"", ""SrpR/S2"", ""BetI/E1"", ""AmtR/A1"", ""QacR/Q2""]",0x3C,6
67eaf262,1,2.070692575138962,0.8253763914108276,"[10, 19, 4, 2, 1, 15]","[""PhlF/P1"", ""SrpR/S4"", ""BM3R1/B2"", ""BetI/E1"", ""AmtR/A1"", ""QacR/Q2""]",0x3C,6
687b8380,0,4.360478477881357,0.8263649344444275,"[2, 1, 10, 15, 19, 5]","[""BetI/E1"", ""AmtR/A1"", ""PhlF/P1"", ""QacR/Q2"", ""SrpR/S4"", ""BM3R1/B3""]",0x3C,6
687b8380,0,5.9246590331297755,0.6993435025215149,"[2, 13, 3, 15, 19, 11]","[""BetI/E1"", ""PsrA/R1"", ""BM3R1/B1"", ""QacR/Q2"", ""SrpR/S4"", ""PhlF/P2""]",0x3C,6
687b8380,0,5.2021028937696165,0.7615076899528503,"[2, 13, 5, 15, 19, 11]","[""BetI/E1"", ""PsrA/R1"", ""BM3R1/B3"", ""QacR/Q2"", ""SrpR/S4"", ""PhlF/P2""]",0x3C,6
687b8380,0,5.396680684263925,0.7504613995552063,"[2, 15, 5, 13, 11, 19]","[""BetI/E1"", ""QacR/Q2"", ""BM3R1/B3"", ""PsrA/R1"", ""PhlF/P2"", ""SrpR/S4""]",0x3C,6
687b8380,0,3.494597071049547,0.8380444645881653,"[4, 1, 10, 2, 15, 19]","[""BM3R1/B2"", ""AmtR/A1"", ""PhlF/P1"", ""BetI/E1"", ""QacR/Q2"", ""SrpR/S4""]",0x3C,6
687b8380,0,3.7064204499312168,0.8369936943054199,"[4, 1, 10, 15, 2, 19]","[""BM3R1/B2"", ""AmtR/A1"", ""PhlF/P1"", ""QacR/Q2"", ""BetI/E1"", ""SrpR/S4""]",0x3C,6
687b8380,0,1.7521322331670497,0.8451687693595886,"[4, 1, 10, 19, 15, 2]","[""BM3R1/B2"", ""AmtR/A1"", ""PhlF/P1"", ""SrpR/S4"", ""QacR/Q2"", ""BetI/E1""]",0x3C,6
687b8380,0,4.478168967194513,0.8137290477752686,"[11, 1, 2, 15, 19, 4]","[""PhlF/P2"", ""AmtR/A1"", ""BetI/E1"", ""QacR/Q2"", ""SrpR/S4"", ""BM3R1/B2""]",0x3C,6
687b8380,0,4.66902376716747,0.8070563077926636,"[11, 1, 5, 15, 19, 2]","[""PhlF/P2"", ""AmtR/A1"", ""BM3R1/B3"", ""QacR/Q2"", ""SrpR/S4"", ""BetI/E1""]",0x3C,6
687b8380,0,5.439095318988583,0.7409859895706177,"[11, 1, 8, 15, 2, 19]","[""PhlF/P2"", ""AmtR/A1"", ""LitR/L1"", ""QacR/Q2"", ""BetI/E1"", ""SrpR/S4""]",0x3C,6
687b8380,0,5.42341191941443,0.7458744049072266,"[11, 1, 15, 13, 2, 19]","[""PhlF/P2"", ""AmtR/A1"", ""QacR/Q2"", ""PsrA/R1"", ""BetI/E1"", ""SrpR/S4""]",0x3C,6
687b8380,0,5.891390089498664,0.7093914747238159,"[11, 2, 8, 13, 15, 19]","[""PhlF/P2"", ""BetI/E1"", ""LitR/L1"", ""PsrA/R1"", ""QacR/Q2"", ""SrpR/S4""]",0x3C,6
687b8380,0,5.5333318712949495,0.7393826246261597,"[13, 17, 2, 15, 11, 5]","[""PsrA/R1"", ""SrpR/S2"", ""BetI/E1"", ""QacR/Q2"", ""PhlF/P2"", ""BM3R1/B3""]",0x3C,6
687b8380,0,5.252993075760969,0.7519645690917969,"[15, 2, 5, 13, 11, 19]","[""QacR/Q2"", ""BetI/E1"", ""BM3R1/B3"", ""PsrA/R1"", ""PhlF/P2"", ""SrpR/S4""]",0x3C,6
687b8380,0,6.551237697185215,0.6605023741722107,"[15, 2, 16, 13, 11, 5]","[""QacR/Q2"", ""BetI/E1"", ""SrpR/S1"", ""PsrA/R1"", ""PhlF/P2"", ""BM3R1/B3""]",0x3C,6
687b8380,0,4.8634621537391265,0.7836930751800537,"[15, 5, 10, 1, 2, 19]","[""QacR/Q2"", ""BM3R1/B3"", ""PhlF/P1"", ""AmtR/A1"", ""BetI/E1"", ""SrpR/S4""]",0x3C,6
687b8380,0,5.038036829227742,0.7686357498168945,"[19, 1, 2, 15, 11, 5]","[""SrpR/S4"", ""AmtR/A1"", ""BetI/E1"", ""QacR/Q2"", ""PhlF/P2"", ""BM3R1/B3""]",0x3C,6
687b8380,0,6.408172153025442,0.6628592610359192,"[19, 2, 6, 13, 15, 11]","[""SrpR/S4"", ""BetI/E1"", ""HlyIIR/H1"", ""PsrA/R1"", ""QacR/Q2"", ""PhlF/P2""]",0x3C,6
687b8380,0,6.295884935543713,0.691307783126831,"[19, 2, 8, 13, 15, 11]","[""SrpR/S4"", ""BetI/E1"", ""LitR/L1"", ""PsrA/R1"", ""QacR/Q2"", ""PhlF/P2""]",0x3C,6
687b8380,1,3.853604248161126,0.830970823764801,"[2, 1, 10, 15, 19, 4]","[""BetI/E1"", ""AmtR/A1"", ""PhlF/P1"", ""QacR/Q2"", ""SrpR/S4"", ""BM3R1/B2""]",0x3C,6
687b8380,1,7.050713224128516,0.567185640335083,"[2, 5, 16, 1, 11, 14]","[""BetI/E1"", ""BM3R1/B3"", ""SrpR/S1"", ""AmtR/A1"", ""PhlF/P2"", ""QacR/Q1""]",0x3C,6
687b8380,1,7.076119467573304,0.5605968236923218,"[2, 5, 16, 1, 12, 14]","[""BetI/E1"", ""BM3R1/B3"", ""SrpR/S1"", ""AmtR/A1"", ""PhlF/P3"", ""QacR/Q1""]",0x3C,6
687b8380,1,5.153557288720458,0.7677809596061707,"[2, 13, 5, 15, 19, 11]","[""BetI/E1"", ""PsrA/R1"", ""BM3R1/B3"", ""QacR/Q2"", ""SrpR/S4"", ""PhlF/P2""]",0x3C,6
687b8380,1,6.1530184999588915,0.6970621347427368,"[2, 19, 8, 13, 15, 11]","[""BetI/E1"", ""SrpR/S4"", ""LitR/L1"", ""PsrA/R1"", ""QacR/Q2"", ""PhlF/P2""]",0x3C,6
687b8380,1,2.8039846492122065,0.843934178352356,"[4, 1, 10, 2, 15, 17]","[""BM3R1/B2"", ""AmtR/A1"", ""PhlF/P1"", ""BetI/E1"", ""QacR/Q2"", ""SrpR/S2""]",0x3C,6
687b8380,1,3.365575553819856,0.8419445753097534,"[4, 1, 10, 2, 15, 19]","[""BM3R1/B2"", ""AmtR/A1"", ""PhlF/P1"", ""BetI/E1"", ""QacR/Q2"", ""SrpR/S4""]",0x3C,6
687b8380,1,-0.23627955647835078,0.8565458059310913,"[4, 1, 19, 10, 15, 2]","[""BM3R1/B2"", ""AmtR/A1"", ""SrpR/S4"", ""PhlF/P1"", ""QacR/Q2"", ""BetI/E1""]",0x3C,6
687b8380,1,6.913402686602857,0.6292630434036255,"[13, 5, 16, 1, 11, 2]","[""PsrA/R1"", ""BM3R1/B3"", ""SrpR/S1"", ""AmtR/A1"", ""PhlF/P2"", ""BetI/E1""]",0x3C,6
687b8380,1,6.339561348903135,0.6690659523010254,"[15, 5, 16, 1, 11, 2]","[""QacR/Q2"", ""BM3R1/B3"", ""SrpR/S1"", ""AmtR/A1"", ""PhlF/P2"", ""BetI/E1""]",0x3C,6
687b8380,1,3.914205452028093,0.8304985761642456,"[19, 1, 10, 15, 2, 4]","[""SrpR/S4"", ""AmtR/A1"", ""PhlF/P1"", ""QacR/Q2"", ""BetI/E1"", ""BM3R1/B2""]",0x3C,6
687b8380,1,6.217454416867628,0.693034827709198,"[19, 2, 8, 13, 15, 11]","[""SrpR/S4"", ""BetI/E1"", ""LitR/L1"", ""PsrA/R1"", ""QacR/Q2"", ""PhlF/P2""]",0x3C,6
687b8380,1,5.371058999427573,0.7510817646980286,"[19, 2, 15, 13, 11, 4]","[""SrpR/S4"", ""BetI/E1"", ""QacR/Q2"", ""PsrA/R1"", ""PhlF/P2"", ""BM3R1/B2""]",0x3C,6
687b8380,1,5.800648150883755,0.7392339110374451,"[19, 2, 15, 13, 11, 5]","[""SrpR/S4"", ""BetI/E1"", ""QacR/Q2"", ""PsrA/R1"", ""PhlF/P2"", ""BM3R1/B3""]",0x3C,6
6f156a51,1,5.408137030385257,0.7900890111923218,"[2, 19, 11, 4, 1, 15]","[""BetI/E1"", ""SrpR/S4"", ""PhlF/P2"", ""BM3R1/B2"", ""AmtR/A1"", ""QacR/Q2""]",0x3C,6
6f156a51,1,1.1069943260506854,0.7974597215652466,"[4, 11, 19, 2, 15, 1]","[""BM3R1/B2"", ""PhlF/P2"", ""SrpR/S4"", ""BetI/E1"", ""QacR/Q2"", ""AmtR/A1""]",0x3C,6
6f156a51,1,0.938416274706347,0.8076876401901245,"[4, 19, 1, 10, 2, 15]","[""BM3R1/B2"", ""SrpR/S4"", ""AmtR/A1"", ""PhlF/P1"", ""BetI/E1"", ""QacR/Q2""]",0x3C,6
6f156a51,1,0.05721900980541388,0.8188611268997192,"[4, 19, 1, 10, 15, 2]","[""BM3R1/B2"", ""SrpR/S4"", ""AmtR/A1"", ""PhlF/P1"", ""QacR/Q2"", ""BetI/E1""]",0x3C,6
6f156a51,1,5.2586295759384605,0.7949950695037842,"[4, 19, 11, 2, 1, 15]","[""BM3R1/B2"", ""SrpR/S4"", ""PhlF/P2"", ""BetI/E1"", ""AmtR/A1"", ""QacR/Q2""]",0x3C,6
6f156a51,1,4.83558553414046,0.7969900965690613,"[4, 19, 11, 15, 1, 2]","[""BM3R1/B2"", ""SrpR/S4"", ""PhlF/P2"", ""QacR/Q2"", ""AmtR/A1"", ""BetI/E1""]",0x3C,6
6f156a51,1,5.834632202101562,0.7778546810150146,"[11, 2, 19, 4, 1, 15]","[""PhlF/P2"", ""BetI/E1"", ""SrpR/S4"", ""BM3R1/B2"", ""AmtR/A1"", ""QacR/Q2""]",0x3C,6
6f156a51,1,7.376115583255375,0.5866901278495789,"[11, 13, 14, 1, 4, 2]","[""PhlF/P2"", ""PsrA/R1"", ""QacR/Q1"", ""AmtR/A1"", ""BM3R1/B2"", ""BetI/E1""]",0x3C,6
6f156a51,1,7.31670551525885,0.5962116122245789,"[11, 13, 14, 1, 5, 2]","[""PhlF/P2"", ""PsrA/R1"", ""QacR/Q1"", ""AmtR/A1"", ""BM3R1/B3"", ""BetI/E1""]",0x3C,6
6f156a51,1,7.3557546147390855,0.5913879871368408,"[11, 13, 14, 1, 19, 2]","[""PhlF/P2"", ""PsrA/R1"", ""QacR/Q1"", ""AmtR/A1"", ""SrpR/S4"", ""BetI/E1""]",0x3C,6
6f156a51,1,7.313043273146527,0.606055736541748,"[11, 13, 14, 17, 5, 2]","[""PhlF/P2"", ""PsrA/R1"", ""QacR/Q1"", ""SrpR/S2"", ""BM3R1/B3"", ""BetI/E1""]",0x3C,6
6f156a51,1,7.4359692994525135,0.5236856937408447,"[11, 13, 14, 18, 4, 2]","[""PhlF/P2"", ""PsrA/R1"", ""QacR/Q1"", ""SrpR/S3"", ""BM3R1/B2"", ""BetI/E1""]",0x3C,6
6f156a51,1,5.688278806689664,0.7825155258178711,"[11, 19, 2, 4, 1, 15]","[""PhlF/P2"", ""SrpR/S4"", ""BetI/E1"", ""BM3R1/B2"", ""AmtR/A1"", ""QacR/Q2""]",0x3C,6
6f156a51,1,7.284948324941429,0.6245130300521851,"[14, 2, 11, 4, 1, 13]","[""QacR/Q1"", ""BetI/E1"", ""PhlF/P2"", ""BM3R1/B2"", ""AmtR/A1"", ""PsrA/R1""]",0x3C,6
6f156a51,1,7.414215661122426,0.5786340832710266,"[14, 2, 11, 4, 6, 13]","[""QacR/Q1"", ""BetI/E1"", ""PhlF/P2"", ""BM3R1/B2"", ""HlyIIR/H1"", ""PsrA/R1""]",0x3C,6
6f156a51,1,7.474970785888946,0.5222431421279907,"[14, 2, 11, 5, 16, 13]","[""QacR/Q1"", ""BetI/E1"", ""PhlF/P2"", ""BM3R1/B3"", ""SrpR/S1"", ""PsrA/R1""]",0x3C,6
6f156a51,1,6.819254867038852,0.6350198984146118,"[14, 13, 11, 4, 1, 2]","[""QacR/Q1"", ""PsrA/R1"", ""PhlF/P2"", ""BM3R1/B2"", ""AmtR/A1"", ""BetI/E1""]",0x3C,6
6f156a51,1,7.312167814819392,0.6127982139587402,"[14, 19, 11, 2, 1, 13]","[""QacR/Q1"", ""SrpR/S4"", ""PhlF/P2"", ""BetI/E1"", ""AmtR/A1"", ""PsrA/R1""]",0x3C,6
6f156a51,1,7.427306705203054,0.5700730681419373,"[14, 19, 11, 2, 3, 13]","[""QacR/Q1"", ""SrpR/S4"", ""PhlF/P2"", ""BetI/E1"", ""BM3R1/B1"", ""PsrA/R1""]",0x3C,6
6f156a51,1,7.3012126045154435,0.6155740022659302,"[14, 19, 11, 2, 5, 13]","[""QacR/Q1"", ""SrpR/S4"", ""PhlF/P2"", ""BetI/E1"", ""BM3R1/B3"", ""PsrA/R1""]",0x3C,6
6f156a51,1,6.81292367093188,0.6799626350402832,"[14, 19, 11, 4, 1, 2]","[""QacR/Q1"", ""SrpR/S4"", ""PhlF/P2"", ""BM3R1/B2"", ""AmtR/A1"", ""BetI/E1""]",0x3C,6
6f156a51,1,7.2611019476461465,0.6331952810287476,"[14, 19, 11, 4, 1, 13]","[""QacR/Q1"", ""SrpR/S4"", ""PhlF/P2"", ""BM3R1/B2"", ""AmtR/A1"", ""PsrA/R1""]",0x3C,6
6f156a51,1,7.399537404591252,0.5864405632019043,"[14, 19, 11, 4, 6, 13]","[""QacR/Q1"", ""SrpR/S4"", ""PhlF/P2"", ""BM3R1/B2"", ""HlyIIR/H1"", ""PsrA/R1""]",0x3C,6
6f156a51,1,0.2552569762230165,0.8145790100097656,"[15, 2, 19, 10, 1, 4]","[""QacR/Q2"", ""BetI/E1"", ""SrpR/S4"", ""PhlF/P1"", ""AmtR/A1"", ""BM3R1/B2""]",0x3C,6
6f156a51,1,6.732000106061712,0.689328670501709,"[15, 13, 11, 1, 19, 2]","[""QacR/Q2"", ""PsrA/R1"", ""PhlF/P2"", ""AmtR/A1"", ""SrpR/S4"", ""BetI/E1""]",0x3C,6
6f156a51,1,6.642598544901184,0.7173753380775452,"[15, 13, 11, 2, 5, 19]","[""QacR/Q2"", ""PsrA/R1"", ""PhlF/P2"", ""BetI/E1"", ""BM3R1/B3"", ""SrpR/S4""]",0x3C,6
6f156a51,1,6.628431411198899,0.7446016669273376,"[15, 13, 11, 4, 1, 2]","[""QacR/Q2"", ""PsrA/R1"", ""PhlF/P2"", ""BM3R1/B2"", ""AmtR/A1"", ""BetI/E1""]",0x3C,6
6f156a51,1,6.741155056518939,0.6817912459373474,"[15, 13, 11, 4, 6, 2]","[""QacR/Q2"", ""PsrA/R1"", ""PhlF/P2"", ""BM3R1/B2"", ""HlyIIR/H1"", ""BetI/E1""]",0x3C,6
6f156a51,1,5.877953964623725,0.7757720351219177,"[19, 2, 11, 4, 1, 15]","[""SrpR/S4"", ""BetI/E1"", ""PhlF/P2"", ""BM3R1/B2"", ""AmtR/A1"", ""QacR/Q2""]",0x3C,6
6f156a51,1,5.934112321513839,0.7755038738250732,"[19, 15, 11, 4, 1, 2]","[""SrpR/S4"", ""QacR/Q2"", ""PhlF/P2"", ""BM3R1/B2"", ""AmtR/A1"", ""BetI/E1""]",0x3C,6
0b2e82b8,0,3.707106214773497,0.7702915668487549,"[4, 11, 2, 15, 19, 0, 1]","[""BM3R1/B2"", ""PhlF/P2"", ""BetI/E1"", ""QacR/Q2"", ""SrpR/S4"", ""AmeR/F1"", ""AmtR/A1""]",0x3C,7
0b2e82b8,0,6.533168348314531,0.705774188041687,"[5, 11, 15, 2, 19, 1, 13]","[""BM3R1/B3"", ""PhlF/P2"", ""QacR/Q2"", ""BetI/E1"", ""SrpR/S4"", ""AmtR/A1"", ""PsrA/R1""]",0x3C,7
0b2e82b8,0,6.84973437518944,0.577913224697113,"[5, 14, 2, 12, 19, 1, 13]","[""BM3R1/B3"", ""QacR/Q1"", ""BetI/E1"", ""PhlF/P3"", ""SrpR/S4"", ""AmtR/A1"", ""PsrA/R1""]",0x3C,7
0b2e82b8,0,-0.03949784953206109,0.7807469964027405,"[4, 11, 2, 15, 1, 19, 8]","[""BM3R1/B2"", ""PhlF/P2"", ""BetI/E1"", ""QacR/Q2"", ""AmtR/A1"", ""SrpR/S4"", ""LitR/L1""]",0x3C,7
0b2e82b8,0,6.809625074976523,0.6075794696807861,"[2, 11, 4, 14, 13, 19, 1]","[""BetI/E1"", ""PhlF/P2"", ""BM3R1/B2"", ""QacR/Q1"", ""PsrA/R1"", ""SrpR/S4"", ""AmtR/A1""]",0x3C,7
0b2e82b8,0,6.9688568637265496,0.5737044811248779,"[2, 14, 4, 11, 13, 19, 1]","[""BetI/E1"", ""QacR/Q1"", ""BM3R1/B2"", ""PhlF/P2"", ""PsrA/R1"", ""SrpR/S4"", ""AmtR/A1""]",0x3C,7
0b2e82b8,0,6.294392460558616,0.714933454990387,"[4, 19, 2, 15, 11, 1, 13]","[""BM3R1/B2"", ""SrpR/S4"", ""BetI/E1"", ""QacR/Q2"", ""PhlF/P2"", ""AmtR/A1"", ""PsrA/R1""]",0x3C,7
0b2e82b8,0,-4.217466229136833,0.7903634905815125,"[4, 10, 2, 15, 19, 1, 8]","[""BM3R1/B2"", ""PhlF/P1"", ""BetI/E1"", ""QacR/Q2"", ""SrpR/S4"", ""AmtR/A1"", ""LitR/L1""]",0x3C,7
0b2e82b8,0,5.441630421776027,0.7257930040359497,"[4, 15, 11, 19, 13, 1, 2]","[""BM3R1/B2"", ""QacR/Q2"", ""PhlF/P2"", ""SrpR/S4"", ""PsrA/R1"", ""AmtR/A1"", ""BetI/E1""]",0x3C,7
0b2e82b8,0,5.2482750575677795,0.7422452569007874,"[2, 11, 19, 15, 1, 4, 13]","[""BetI/E1"", ""PhlF/P2"", ""SrpR/S4"", ""QacR/Q2"", ""AmtR/A1"", ""BM3R1/B2"", ""PsrA/R1""]",0x3C,7
0b2e82b8,0,6.989588875026528,0.4934028685092926,"[16, 3, 2, 11, 14, 1, 13]","[""SrpR/S1"", ""BM3R1/B1"", ""BetI/E1"", ""PhlF/P2"", ""QacR/Q1"", ""AmtR/A1"", ""PsrA/R1""]",0x3C,7
0b2e82b8,0,6.997155873012445,0.3316231071949005,"[6, 3, 2, 11, 14, 7, 13]","[""HlyIIR/H1"", ""BM3R1/B1"", ""BetI/E1"", ""PhlF/P2"", ""QacR/Q1"", ""IcaRA/I1"", ""PsrA/R1""]",0x3C,7
0b2e82b8,0,3.8500806524320925,0.7498252391815186,"[9, 4, 1, 19, 15, 11, 2]","[""LmrA/N1"", ""BM3R1/B2"", ""AmtR/A1"", ""SrpR/S4"", ""QacR/Q2"", ""PhlF/P2"", ""BetI/E1""]",0x3C,7
0b2e82b8,0,0.93330209769281,0.7768926024436951,"[10, 0, 2, 15, 4, 19, 1]","[""PhlF/P1"", ""AmeR/F1"", ""BetI/E1"", ""QacR/Q2"", ""BM3R1/B2"", ""SrpR/S4"", ""AmtR/A1""]",0x3C,7
0b2e82b8,0,5.893216158389204,0.72248375415802,"[4, 11, 2, 15, 1, 17, 13]","[""BM3R1/B2"", ""PhlF/P2"", ""BetI/E1"", ""QacR/Q2"", ""AmtR/A1"", ""SrpR/S2"", ""PsrA/R1""]",0x3C,7
0b2e82b8,0,5.958532360838212,0.7186148166656494,"[1, 4, 2, 11, 15, 19, 13]","[""AmtR/A1"", ""BM3R1/B2"", ""BetI/E1"", ""PhlF/P2"", ""QacR/Q2"", ""SrpR/S4"", ""PsrA/R1""]",0x3C,7
0b2e82b8,0,-1.5626769030341598,0.790192186832428,"[1, 4, 2, 15, 19, 10, 8]","[""AmtR/A1"", ""BM3R1/B2"", ""BetI/E1"", ""QacR/Q2"", ""SrpR/S4"", ""PhlF/P1"", ""LitR/L1""]",0x3C,7
0b2e82b8,0,-0.22882460106799732,0.7862358093261719,"[1, 17, 10, 15, 4, 2, 8]","[""AmtR/A1"", ""SrpR/S2"", ""PhlF/P1"", ""QacR/Q2"", ""BM3R1/B2"", ""BetI/E1"", ""LitR/L1""]",0x3C,7
0b2e82b8,0,6.539567428396906,0.6418405175209045,"[4, 2, 18, 11, 13, 1, 15]","[""BM3R1/B2"", ""BetI/E1"", ""SrpR/S3"", ""PhlF/P2"", ""PsrA/R1"", ""AmtR/A1"", ""QacR/Q2""]",0x3C,7
0b2e82b8,0,5.908907390219385,0.7198354005813599,"[1, 4, 2, 11, 15, 17, 13]","[""AmtR/A1"", ""BM3R1/B2"", ""BetI/E1"", ""PhlF/P2"", ""QacR/Q2"", ""SrpR/S2"", ""PsrA/R1""]",0x3C,7
0b2e82b8,0,5.09744305396371,0.7435545325279236,"[15, 11, 19, 2, 1, 4, 13]","[""QacR/Q2"", ""PhlF/P2"", ""SrpR/S4"", ""BetI/E1"", ""AmtR/A1"", ""BM3R1/B2"", ""PsrA/R1""]",0x3C,7
0b2e82b8,0,4.634564807113384,0.7461135983467102,"[9, 11, 1, 2, 19, 4, 15]","[""LmrA/N1"", ""PhlF/P2"", ""AmtR/A1"", ""BetI/E1"", ""SrpR/S4"", ""BM3R1/B2"", ""QacR/Q2""]",0x3C,7
0b2e82b8,0,6.829370665189407,0.5841231942176819,"[4, 14, 2, 11, 13, 1, 19]","[""BM3R1/B2"", ""QacR/Q1"", ""BetI/E1"", ""PhlF/P2"", ""PsrA/R1"", ""AmtR/A1"", ""SrpR/S4""]",0x3C,7
0b2e82b8,0,-0.35844222763208466,0.7886338233947754,"[15, 1, 10, 2, 19, 4, 8]","[""QacR/Q2"", ""AmtR/A1"", ""PhlF/P1"", ""BetI/E1"", ""SrpR/S4"", ""BM3R1/B2"", ""LitR/L1""]",0x3C,7
104e83a9,0,3.68021270385506,0.7683855295181274,"[19, 4, 15, 2, 13, 10, 1]","[""SrpR/S4"", ""BM3R1/B2"", ""QacR/Q2"", ""BetI/E1"", ""PsrA/R1"", ""PhlF/P1"", ""AmtR/A1""]",0x3C,7
104e83a9,0,6.504894011308489,0.6727091670036316,"[2, 19, 15, 11, 0, 5, 13]","[""BetI/E1"", ""SrpR/S4"", ""QacR/Q2"", ""PhlF/P2"", ""AmeR/F1"", ""BM3R1/B3"", ""PsrA/R1""]",0x3C,7
104e83a9,0,5.780321690677543,0.7345513701438904,"[11, 2, 15, 19, 1, 4, 13]","[""PhlF/P2"", ""BetI/E1"", ""QacR/Q2"", ""SrpR/S4"", ""AmtR/A1"", ""BM3R1/B2"", ""PsrA/R1""]",0x3C,7
104e83a9,0,5.847392700544193,0.7234000563621521,"[19, 15, 2, 11, 1, 5, 13]","[""SrpR/S4"", ""QacR/Q2"", ""BetI/E1"", ""PhlF/P2"", ""AmtR/A1"", ""BM3R1/B3"", ""PsrA/R1""]",0x3C,7
104e83a9,0,6.853752999452285,0.5470666289329529,"[2, 19, 11, 14, 1, 3, 13]","[""BetI/E1"", ""SrpR/S4"", ""PhlF/P2"", ""QacR/Q1"", ""AmtR/A1"", ""BM3R1/B1"", ""PsrA/R1""]",0x3C,7
104e83a9,0,5.874152979168535,0.7215835452079773,"[2, 17, 15, 11, 1, 5, 13]","[""BetI/E1"", ""SrpR/S2"", ""QacR/Q2"", ""PhlF/P2"", ""AmtR/A1"", ""BM3R1/B3"", ""PsrA/R1""]",0x3C,7
104e83a9,0,5.790191371216485,0.731448769569397,"[13, 2, 11, 19, 1, 5, 15]","[""PsrA/R1"", ""BetI/E1"", ""PhlF/P2"", ""SrpR/S4"", ""AmtR/A1"", ""BM3R1/B3"", ""QacR/Q2""]",0x3C,7
104e83a9,1,3.539527672283634,0.779975414276123,"[19, 1, 2, 4, 10, 6, 15]","[""SrpR/S4"", ""AmtR/A1"", ""BetI/E1"", ""BM3R1/B2"", ""PhlF/P1"", ""HlyIIR/H1"", ""QacR/Q2""]",0x3C,7
104e83a9,1,1.457847007384592,0.7887618541717529,"[4, 19, 15, 0, 1, 10, 2]","[""BM3R1/B2"", ""SrpR/S4"", ""QacR/Q2"", ""AmeR/F1"", ""AmtR/A1"", ""PhlF/P1"", ""BetI/E1""]",0x3C,7
104e83a9,1,5.551642086770417,0.7526518702507019,"[13, 19, 2, 11, 1, 5, 15]","[""PsrA/R1"", ""SrpR/S4"", ""BetI/E1"", ""PhlF/P2"", ""AmtR/A1"", ""BM3R1/B3"", ""QacR/Q2""]",0x3C,7
104e83a9,1,0.0252380927590118,0.7917754650115967,"[2, 10, 15, 0, 19, 5, 8]","[""BetI/E1"", ""PhlF/P1"", ""QacR/Q2"", ""AmeR/F1"", ""SrpR/S4"", ""BM3R1/B3"", ""LitR/L1""]",0x3C,7
104e83a9,1,0.02464122960841759,0.796796441078186,"[2, 10, 15, 0, 1, 5, 8]","[""BetI/E1"", ""PhlF/P1"", ""QacR/Q2"", ""AmeR/F1"", ""AmtR/A1"", ""BM3R1/B3"", ""LitR/L1""]",0x3C,7
104e83a9,1,6.374871268099812,0.6736816167831421,"[19, 15, 2, 11, 0, 5, 13]","[""SrpR/S4"", ""QacR/Q2"", ""BetI/E1"", ""PhlF/P2"", ""AmeR/F1"", ""BM3R1/B3"", ""PsrA/R1""]",0x3C,7
104e83a9,1,7.062855292974723,0.5174435377120972,"[19, 2, 11, 14, 3, 6, 13]","[""SrpR/S4"", ""BetI/E1"", ""PhlF/P2"", ""QacR/Q1"", ""BM3R1/B1"", ""HlyIIR/H1"", ""PsrA/R1""]",0x3C,7
104e83a9,1,6.314526544929856,0.6778864860534668,"[15, 19, 2, 11, 0, 4, 13]","[""QacR/Q2"", ""SrpR/S4"", ""BetI/E1"", ""PhlF/P2"", ""AmeR/F1"", ""BM3R1/B2"", ""PsrA/R1""]",0x3C,7
104e83a9,1,4.54140908852793,0.7675839066505432,"[13, 2, 19, 4, 1, 10, 15]","[""PsrA/R1"", ""BetI/E1"", ""SrpR/S4"", ""BM3R1/B2"", ""AmtR/A1"", ""PhlF/P1"", ""QacR/Q2""]",0x3C,7
104e83a9,1,0.01458326606398697,0.8202704191207886,"[17, 10, 15, 1, 2, 5, 8]","[""SrpR/S2"", ""PhlF/P1"", ""QacR/Q2"", ""AmtR/A1"", ""BetI/E1"", ""BM3R1/B3"", ""LitR/L1""]",0x3C,7
104e83a9,1,2.1850072682546404,0.7873287200927734,"[13, 19, 15, 4, 2, 10, 1]","[""PsrA/R1"", ""SrpR/S4"", ""QacR/Q2"", ""BM3R1/B2"", ""BetI/E1"", ""PhlF/P1"", ""AmtR/A1""]",0x3C,7
104e83a9,1,6.724746566314818,0.5932091474533081,"[19, 2, 11, 14, 1, 5, 13]","[""SrpR/S4"", ""BetI/E1"", ""PhlF/P2"", ""QacR/Q1"", ""AmtR/A1"", ""BM3R1/B3"", ""PsrA/R1""]",0x3C,7
104e83a9,1,6.0648447110505295,0.710294246673584,"[15, 19, 2, 11, 1, 4, 13]","[""QacR/Q2"", ""SrpR/S4"", ""BetI/E1"", ""PhlF/P2"", ""AmtR/A1"", ""BM3R1/B2"", ""PsrA/R1""]",0x3C,7
13136e2d,0,3.923568687306341,0.7792706489562988,"[15, 9, 11, 1, 2, 19, 4]","[""QacR/Q2"", ""LmrA/N1"", ""PhlF/P2"", ""AmtR/A1"", ""BetI/E1"", ""SrpR/S4"", ""BM3R1/B2""]",0x3C,7
13136e2d,0,4.266406395556185,0.7738627791404724,"[13, 5, 11, 1, 19, 2, 15]","[""PsrA/R1"", ""BM3R1/B3"", ""PhlF/P2"", ""AmtR/A1"", ""SrpR/S4"", ""BetI/E1"", ""QacR/Q2""]",0x3C,7
13136e2d,0,-0.029026373444851667,0.8120156526565552,"[2, 19, 4, 10, 8, 15, 1]","[""BetI/E1"", ""SrpR/S4"", ""BM3R1/B2"", ""PhlF/P1"", ""LitR/L1"", ""QacR/Q2"", ""AmtR/A1""]",0x3C,7
13136e2d,0,6.966095437890024,0.5797153115272522,"[2, 19, 13, 4, 1, 11, 14]","[""BetI/E1"", ""SrpR/S4"", ""PsrA/R1"", ""BM3R1/B2"", ""AmtR/A1"", ""PhlF/P2"", ""QacR/Q1""]",0x3C,7
13136e2d,0,7.171132960353243,0.5444043874740601,"[0, 19, 13, 4, 1, 11, 14]","[""AmeR/F1"", ""SrpR/S4"", ""PsrA/R1"", ""BM3R1/B2"", ""AmtR/A1"", ""PhlF/P2"", ""QacR/Q1""]",0x3C,7
13136e2d,1,2.9151942822910026,0.7926225066184998,"[13, 10, 1, 15, 2, 19, 5]","[""PsrA/R1"", ""PhlF/P1"", ""AmtR/A1"", ""QacR/Q2"", ""BetI/E1"", ""SrpR/S4"", ""BM3R1/B3""]",0x3C,7
13136e2d,1,1.8446111463491532,0.804840624332428,"[13, 10, 4, 15, 2, 19, 1]","[""PsrA/R1"", ""PhlF/P1"", ""BM3R1/B2"", ""QacR/Q2"", ""BetI/E1"", ""SrpR/S4"", ""AmtR/A1""]",0x3C,7
13136e2d,1,-0.05125386032496884,0.8241000771522522,"[1, 5, 2, 10, 8, 15, 19]","[""AmtR/A1"", ""BM3R1/B3"", ""BetI/E1"", ""PhlF/P1"", ""LitR/L1"", ""QacR/Q2"", ""SrpR/S4""]",0x3C,7
13136e2d,1,6.29444560953293,0.7442458868026733,"[1, 4, 15, 2, 13, 11, 19]","[""AmtR/A1"", ""BM3R1/B2"", ""QacR/Q2"", ""BetI/E1"", ""PsrA/R1"", ""PhlF/P2"", ""SrpR/S4""]",0x3C,7
13136e2d,1,6.552269804348339,0.6760759949684143,"[1, 3, 2, 19, 13, 15, 11]","[""AmtR/A1"", ""BM3R1/B1"", ""BetI/E1"", ""SrpR/S4"", ""PsrA/R1"", ""QacR/Q2"", ""PhlF/P2""]",0x3C,7
13136e2d,1,2.989182770874027,0.779636561870575,"[13, 10, 19, 2, 15, 4, 1]","[""PsrA/R1"", ""PhlF/P1"", ""SrpR/S4"", ""BetI/E1"", ""QacR/Q2"", ""BM3R1/B2"", ""AmtR/A1""]",0x3C,7
13136e2d,1,6.723725929809927,0.6364495754241943,"[1, 5, 19, 2, 13, 11, 14]","[""AmtR/A1"", ""BM3R1/B3"", ""SrpR/S4"", ""BetI/E1"", ""PsrA/R1"", ""PhlF/P2"", ""QacR/Q1""]",0x3C,7
13136e2d,1,-0.039231414152389614,0.8176562190055847,"[2, 19, 1, 10, 8, 15, 5]","[""BetI/E1"", ""SrpR/S4"", ""AmtR/A1"", ""PhlF/P1"", ""LitR/L1"", ""QacR/Q2"", ""BM3R1/B3""]",0x3C,7
13136e2d,1,-0.07856235725906102,0.8273424506187439,"[15, 5, 2, 1, 10, 8, 19]","[""QacR/Q2"", ""BM3R1/B3"", ""BetI/E1"", ""AmtR/A1"", ""PhlF/P1"", ""LitR/L1"", ""SrpR/S4""]",0x3C,7
13136e2d,1,3.2566731530969277,0.7794939279556274,"[13, 10, 4, 19, 15, 2, 1]","[""PsrA/R1"", ""PhlF/P1"", ""BM3R1/B2"", ""SrpR/S4"", ""QacR/Q2"", ""BetI/E1"", ""AmtR/A1""]",0x3C,7
13136e2d,1,5.704855394940655,0.7499874234199524,"[1, 4, 11, 19, 13, 15, 2]","[""AmtR/A1"", ""BM3R1/B2"", ""PhlF/P2"", ""SrpR/S4"", ""PsrA/R1"", ""QacR/Q2"", ""BetI/E1""]",0x3C,7
13136e2d,1,5.452873514843888,0.7549782395362854,"[1, 4, 2, 11, 13, 15, 19]","[""AmtR/A1"", ""BM3R1/B2"", ""BetI/E1"", ""PhlF/P2"", ""PsrA/R1"", ""QacR/Q2"", ""SrpR/S4""]",0x3C,7
13136e2d,1,6.456793683723719,0.7376976609230042,"[1, 5, 19, 2, 13, 15, 11]","[""AmtR/A1"", ""BM3R1/B3"", ""SrpR/S4"", ""BetI/E1"", ""PsrA/R1"", ""QacR/Q2"", ""PhlF/P2""]",0x3C,7
13136e2d,1,6.100901623777617,0.744533360004425,"[1, 19, 15, 2, 13, 11, 4]","[""AmtR/A1"", ""SrpR/S4"", ""QacR/Q2"", ""BetI/E1"", ""PsrA/R1"", ""PhlF/P2"", ""BM3R1/B2""]",0x3C,7
13136e2d,1,5.873962774685802,0.7482062578201294,"[1, 5, 2, 15, 13, 11, 19]","[""AmtR/A1"", ""BM3R1/B3"", ""BetI/E1"", ""QacR/Q2"", ""PsrA/R1"", ""PhlF/P2"", ""SrpR/S4""]",0x3C,7
13136e2d,1,5.1909219655537315,0.7729365229606628,"[13, 5, 11, 1, 15, 2, 19]","[""PsrA/R1"", ""BM3R1/B3"", ""PhlF/P2"", ""AmtR/A1"", ""QacR/Q2"", ""BetI/E1"", ""SrpR/S4""]",0x3C,7
1408b6bc,0,5.770255061668708,0.756706714630127,"[19, 13, 5, 15, 11, 1, 2]","[""SrpR/S4"", ""PsrA/R1"", ""BM3R1/B3"", ""QacR/Q2"", ""PhlF/P2"", ""AmtR/A1"", ""BetI/E1""]",0x3C,7
1408b6bc,0,8.814210347157621,0.6738860607147217,"[11, 3, 1, 15, 19, 13, 2]","[""PhlF/P2"", ""BM3R1/B1"", ""AmtR/A1"", ""QacR/Q2"", ""SrpR/S4"", ""PsrA/R1"", ""BetI/E1""]",0x3C,7
1408b6bc,0,8.221905972398424,0.7474539279937744,"[11, 13, 5, 2, 19, 1, 15]","[""PhlF/P2"", ""PsrA/R1"", ""BM3R1/B3"", ""BetI/E1"", ""SrpR/S4"", ""AmtR/A1"", ""QacR/Q2""]",0x3C,7
1408b6bc,0,9.11898652491875,0.488455206155777,"[11, 2, 3, 7, 19, 13, 15]","[""PhlF/P2"", ""BetI/E1"", ""BM3R1/B1"", ""IcaRA/I1"", ""SrpR/S4"", ""PsrA/R1"", ""QacR/Q2""]",0x3C,7
1408b6bc,0,9.135619897607326,0.4716672599315643,"[11, 0, 3, 7, 19, 2, 15]","[""PhlF/P2"", ""AmeR/F1"", ""BM3R1/B1"", ""IcaRA/I1"", ""SrpR/S4"", ""BetI/E1"", ""QacR/Q2""]",0x3C,7
1408b6bc,0,8.989168908646507,0.6629884243011475,"[11, 1, 3, 13, 19, 2, 15]","[""PhlF/P2"", ""AmtR/A1"", ""BM3R1/B1"", ""PsrA/R1"", ""SrpR/S4"", ""BetI/E1"", ""QacR/Q2""]",0x3C,7
1408b6bc,0,5.047209134965508,0.7774221897125244,"[4, 13, 10, 2, 19, 1, 15]","[""BM3R1/B2"", ""PsrA/R1"", ""PhlF/P1"", ""BetI/E1"", ""SrpR/S4"", ""AmtR/A1"", ""QacR/Q2""]",0x3C,7
1408b6bc,0,9.013070115889853,0.6604670286178589,"[11, 1, 3, 19, 2, 13, 15]","[""PhlF/P2"", ""AmtR/A1"", ""BM3R1/B1"", ""SrpR/S4"", ""BetI/E1"", ""PsrA/R1"", ""QacR/Q2""]",0x3C,7
1408b6bc,0,2.3291338912561033,0.7948443293571472,"[19, 13, 10, 1, 4, 2, 15]","[""SrpR/S4"", ""PsrA/R1"", ""PhlF/P1"", ""AmtR/A1"", ""BM3R1/B2"", ""BetI/E1"", ""QacR/Q2""]",0x3C,7
1408b6bc,0,8.579527714735873,0.7215026021003723,"[11, 1, 5, 19, 2, 13, 15]","[""PhlF/P2"", ""AmtR/A1"", ""BM3R1/B3"", ""SrpR/S4"", ""BetI/E1"", ""PsrA/R1"", ""QacR/Q2""]",0x3C,7
1408b6bc,0,9.024121245258655,0.6153020262718201,"[11, 3, 8, 15, 19, 13, 2]","[""PhlF/P2"", ""BM3R1/B1"", ""LitR/L1"", ""QacR/Q2"", ""SrpR/S4"", ""PsrA/R1"", ""BetI/E1""]",0x3C,7
1408b6bc,1,7.584912280913045,0.7528672814369202,"[11, 13, 5, 2, 19, 1, 15]","[""PhlF/P2"", ""PsrA/R1"", ""BM3R1/B3"", ""BetI/E1"", ""SrpR/S4"", ""AmtR/A1"", ""QacR/Q2""]",0x3C,7
1408b6bc,1,5.388276696053435,0.764407217502594,"[4, 13, 10, 1, 19, 2, 15]","[""BM3R1/B2"", ""PsrA/R1"", ""PhlF/P1"", ""AmtR/A1"", ""SrpR/S4"", ""BetI/E1"", ""QacR/Q2""]",0x3C,7
1408b6bc,1,2.2048676655000383,0.8174959421157837,"[15, 13, 10, 2, 4, 19, 1]","[""QacR/Q2"", ""PsrA/R1"", ""PhlF/P1"", ""BetI/E1"", ""BM3R1/B2"", ""SrpR/S4"", ""AmtR/A1""]",0x3C,7
1408b6bc,1,2.6127572714059806,0.7926844358444214,"[2, 13, 10, 4, 19, 1, 15]","[""BetI/E1"", ""PsrA/R1"", ""PhlF/P1"", ""BM3R1/B2"", ""SrpR/S4"", ""AmtR/A1"", ""QacR/Q2""]",0x3C,7
1408b6bc,1,8.467191830711421,0.725878119468689,"[11, 19, 5, 1, 2, 13, 15]","[""PhlF/P2"", ""SrpR/S4"", ""BM3R1/B3"", ""AmtR/A1"", ""BetI/E1"", ""PsrA/R1"", ""QacR/Q2""]",0x3C,7
1408b6bc,1,8.623831490804191,0.6979745626449585,"[11, 0, 5, 1, 19, 2, 15]","[""PhlF/P2"", ""AmeR/F1"", ""BM3R1/B3"", ""AmtR/A1"", ""SrpR/S4"", ""BetI/E1"", ""QacR/Q2""]",0x3C,7
1408b6bc,1,-0.03600495966425369,0.821782112121582,"[8, 5, 15, 1, 19, 2, 10]","[""LitR/L1"", ""BM3R1/B3"", ""QacR/Q2"", ""AmtR/A1"", ""SrpR/S4"", ""BetI/E1"", ""PhlF/P1""]",0x3C,7
1408b6bc,1,6.031515280267217,0.75604248046875,"[2, 13, 5, 1, 11, 19, 15]","[""BetI/E1"", ""PsrA/R1"", ""BM3R1/B3"", ""AmtR/A1"", ""PhlF/P2"", ""SrpR/S4"", ""QacR/Q2""]",0x3C,7
1408b6bc,1,2.798359861449936,0.7922582626342773,"[19, 13, 10, 1, 4, 2, 15]","[""SrpR/S4"", ""PsrA/R1"", ""PhlF/P1"", ""AmtR/A1"", ""BM3R1/B2"", ""BetI/E1"", ""QacR/Q2""]",0x3C,7
1408b6bc,1,3.7304462962845073,0.7819730639457703,"[15, 13, 10, 4, 19, 2, 1]","[""QacR/Q2"", ""PsrA/R1"", ""PhlF/P1"", ""BM3R1/B2"", ""SrpR/S4"", ""BetI/E1"", ""AmtR/A1""]",0x3C,7
1408b6bc,1,3.121947965017049,0.7845765948295593,"[15, 13, 10, 4, 19, 1, 2]","[""QacR/Q2"", ""PsrA/R1"", ""PhlF/P1"", ""BM3R1/B2"", ""SrpR/S4"", ""AmtR/A1"", ""BetI/E1""]",0x3C,7
143b51d3,1,6.599914884701287,0.7116644382476807,"[1, 5, 13, 2, 19, 11, 15]","[""AmtR/A1"", ""BM3R1/B3"", ""PsrA/R1"", ""BetI/E1"", ""SrpR/S4"", ""PhlF/P2"", ""QacR/Q2""]",0x3C,7
143b51d3,1,1.841385251220735,0.7940546274185181,"[13, 10, 2, 19, 1, 5, 15]","[""PsrA/R1"", ""PhlF/P1"", ""BetI/E1"", ""SrpR/S4"", ""AmtR/A1"", ""BM3R1/B3"", ""QacR/Q2""]",0x3C,7
143b51d3,1,6.0703948313257285,0.7457568049430847,"[1, 5, 13, 19, 15, 2, 11]","[""AmtR/A1"", ""BM3R1/B3"", ""PsrA/R1"", ""SrpR/S4"", ""QacR/Q2"", ""BetI/E1"", ""PhlF/P2""]",0x3C,7
143b51d3,1,6.141261324484083,0.7403050661087036,"[1, 4, 11, 2, 19, 13, 15]","[""AmtR/A1"", ""BM3R1/B2"", ""PhlF/P2"", ""BetI/E1"", ""SrpR/S4"", ""PsrA/R1"", ""QacR/Q2""]",0x3C,7
143b51d3,1,6.964730672767741,0.7113131284713745,"[1, 4, 13, 2, 15, 19, 11]","[""AmtR/A1"", ""BM3R1/B2"", ""PsrA/R1"", ""BetI/E1"", ""QacR/Q2"", ""SrpR/S4"", ""PhlF/P2""]",0x3C,7
143b51d3,1,4.259228774941534,0.7908615469932556,"[13, 10, 19, 1, 4, 2, 15]","[""PsrA/R1"", ""PhlF/P1"", ""SrpR/S4"", ""AmtR/A1"", ""BM3R1/B2"", ""BetI/E1"", ""QacR/Q2""]",0x3C,7
143b51d3,1,7.561068927130861,0.6582555770874023,"[1, 5, 13, 2, 19, 14, 11]","[""AmtR/A1"", ""BM3R1/B3"", ""PsrA/R1"", ""BetI/E1"", ""SrpR/S4"", ""QacR/Q1"", ""PhlF/P2""]",0x3C,7
143b51d3,1,0.5579122630387126,0.8131224513053894,"[13, 10, 4, 2, 1, 19, 15]","[""PsrA/R1"", ""PhlF/P1"", ""BM3R1/B2"", ""BetI/E1"", ""AmtR/A1"", ""SrpR/S4"", ""QacR/Q2""]",0x3C,7
143b51d3,1,6.451265704972074,0.7320669889450073,"[1, 2, 15, 19, 5, 13, 11]","[""AmtR/A1"", ""BetI/E1"", ""QacR/Q2"", ""SrpR/S4"", ""BM3R1/B3"", ""PsrA/R1"", ""PhlF/P2""]",0x3C,7
143b51d3,1,-0.10591257603376494,0.8176325559616089,"[13, 10, 4, 19, 2, 1, 15]","[""PsrA/R1"", ""PhlF/P1"", ""BM3R1/B2"", ""SrpR/S4"", ""BetI/E1"", ""AmtR/A1"", ""QacR/Q2""]",0x3C,7
143b51d3,1,4.771225884568812,0.7662058472633362,"[13, 10, 19, 1, 4, 14, 2]","[""PsrA/R1"", ""PhlF/P1"", ""SrpR/S4"", ""AmtR/A1"", ""BM3R1/B2"", ""QacR/Q1"", ""BetI/E1""]",0x3C,7
143b51d3,1,5.3343728639550845,0.7568364143371582,"[13, 5, 1, 2, 19, 15, 11]","[""PsrA/R1"", ""BM3R1/B3"", ""AmtR/A1"", ""BetI/E1"", ""SrpR/S4"", ""QacR/Q2"", ""PhlF/P2""]",0x3C,7
143b51d3,1,2.376260149053217,0.7928950786590576,"[13, 10, 4, 1, 19, 15, 2]","[""PsrA/R1"", ""PhlF/P1"", ""BM3R1/B2"", ""AmtR/A1"", ""SrpR/S4"", ""QacR/Q2"", ""BetI/E1""]",0x3C,7
143b51d3,1,7.267836958795863,0.6876170039176941,"[1, 2, 13, 19, 4, 14, 11]","[""AmtR/A1"", ""BetI/E1"", ""PsrA/R1"", ""SrpR/S4"", ""BM3R1/B2"", ""QacR/Q1"", ""PhlF/P2""]",0x3C,7
143b51d3,1,5.980886893531379,0.7465016841888428,"[1, 4, 2, 19, 11, 13, 15]","[""AmtR/A1"", ""BM3R1/B2"", ""BetI/E1"", ""SrpR/S4"", ""PhlF/P2"", ""PsrA/R1"", ""QacR/Q2""]",0x3C,7
143b51d3,1,8.296356549368385,0.6019765734672546,"[1, 4, 13, 2, 14, 19, 11]","[""AmtR/A1"", ""BM3R1/B2"", ""PsrA/R1"", ""BetI/E1"", ""QacR/Q1"", ""SrpR/S4"", ""PhlF/P2""]",0x3C,7
143b51d3,1,4.673200903371013,0.7733237743377686,"[1, 2, 11, 13, 4, 15, 19]","[""AmtR/A1"", ""BetI/E1"", ""PhlF/P2"", ""PsrA/R1"", ""BM3R1/B2"", ""QacR/Q2"", ""SrpR/S4""]",0x3C,7
01276479,0,5.084354743445285,0.7593054175376892,"[2, 11, 19, 13, 15, 4]","[""BetI/E1"", ""PhlF/P2"", ""SrpR/S4"", ""PsrA/R1"", ""QacR/Q2"", ""BM3R1/B2""]",0x2C,6
01276479,0,6.853258339734524,0.631717324256897,"[2, 14, 19, 5, 1, 11]","[""BetI/E1"", ""QacR/Q1"", ""SrpR/S4"", ""BM3R1/B3"", ""AmtR/A1"", ""PhlF/P2""]",0x2C,6
01276479,0,0.004485379007538821,0.8007149696350098,"[2, 19, 1, 15, 10, 4]","[""BetI/E1"", ""SrpR/S4"", ""AmtR/A1"", ""QacR/Q2"", ""PhlF/P1"", ""BM3R1/B2""]",0x2C,6
01276479,0,4.322030042600653,0.7951078414916992,"[2, 19, 1, 15, 11, 4]","[""BetI/E1"", ""SrpR/S4"", ""AmtR/A1"", ""QacR/Q2"", ""PhlF/P2"", ""BM3R1/B2""]",0x2C,6
01276479,0,6.152155462027315,0.7241325378417969,"[2, 19, 1, 15, 13, 11]","[""BetI/E1"", ""SrpR/S4"", ""AmtR/A1"", ""QacR/Q2"", ""PsrA/R1"", ""PhlF/P2""]",0x2C,6
01276479,0,-0.011726960288655495,0.8049920797348022,"[2, 19, 15, 1, 10, 4]","[""BetI/E1"", ""SrpR/S4"", ""QacR/Q2"", ""AmtR/A1"", ""PhlF/P1"", ""BM3R1/B2""]",0x2C,6
01276479,0,4.257390432546716,0.7962234020233154,"[11, 19, 1, 15, 2, 4]","[""PhlF/P2"", ""SrpR/S4"", ""AmtR/A1"", ""QacR/Q2"", ""BetI/E1"", ""BM3R1/B2""]",0x2C,6
01276479,0,5.1254426379533555,0.756639838218689,"[11, 19, 15, 5, 1, 2]","[""PhlF/P2"", ""SrpR/S4"", ""QacR/Q2"", ""BM3R1/B3"", ""AmtR/A1"", ""BetI/E1""]",0x2C,6
01276479,0,6.970224843518531,0.5886885523796082,"[13, 14, 2, 5, 1, 11]","[""PsrA/R1"", ""QacR/Q1"", ""BetI/E1"", ""BM3R1/B3"", ""AmtR/A1"", ""PhlF/P2""]",0x2C,6
01276479,0,6.995604485536288,0.5870262384414673,"[13, 14, 19, 5, 1, 11]","[""PsrA/R1"", ""QacR/Q1"", ""SrpR/S4"", ""BM3R1/B3"", ""AmtR/A1"", ""PhlF/P2""]",0x2C,6
01276479,0,6.250171173373599,0.7189997434616089,"[15, 5, 19, 2, 13, 11]","[""QacR/Q2"", ""BM3R1/B3"", ""SrpR/S4"", ""BetI/E1"", ""PsrA/R1"", ""PhlF/P2""]",0x2C,6
01276479,0,5.0356930031548455,0.7711265683174133,"[15, 11, 1, 2, 19, 4]","[""QacR/Q2"", ""PhlF/P2"", ""AmtR/A1"", ""BetI/E1"", ""SrpR/S4"", ""BM3R1/B2""]",0x2C,6
01276479,0,5.168630193800884,0.7551942467689514,"[15, 11, 19, 13, 2, 4]","[""QacR/Q2"", ""PhlF/P2"", ""SrpR/S4"", ""PsrA/R1"", ""BetI/E1"", ""BM3R1/B2""]",0x2C,6
01276479,0,0.015294918084945658,0.7964233756065369,"[15, 19, 1, 2, 10, 4]","[""QacR/Q2"", ""SrpR/S4"", ""AmtR/A1"", ""BetI/E1"", ""PhlF/P1"", ""BM3R1/B2""]",0x2C,6
01276479,0,4.729410599076255,0.7896702289581299,"[15, 19, 1, 2, 11, 4]","[""QacR/Q2"", ""SrpR/S4"", ""AmtR/A1"", ""BetI/E1"", ""PhlF/P2"", ""BM3R1/B2""]",0x2C,6
01276479,0,-0.03594183534073245,0.8074932098388672,"[15, 19, 2, 1, 10, 4]","[""QacR/Q2"", ""SrpR/S4"", ""BetI/E1"", ""AmtR/A1"", ""PhlF/P1"", ""BM3R1/B2""]",0x2C,6
01276479,0,6.074974723385911,0.7520380020141602,"[15, 19, 2, 5, 1, 11]","[""QacR/Q2"", ""SrpR/S4"", ""BetI/E1"", ""BM3R1/B3"", ""AmtR/A1"", ""PhlF/P2""]",0x2C,6
01276479,0,5.155200094100895,0.7553365230560303,"[17, 5, 1, 2, 15, 11]","[""SrpR/S2"", ""BM3R1/B3"", ""AmtR/A1"", ""BetI/E1"", ""QacR/Q2"", ""PhlF/P2""]",0x2C,6
01276479,0,4.745878626126892,0.7719582915306091,"[17, 11, 1, 2, 15, 4]","[""SrpR/S2"", ""PhlF/P2"", ""AmtR/A1"", ""BetI/E1"", ""QacR/Q2"", ""BM3R1/B2""]",0x2C,6
01276479,0,4.94249982941172,0.7716111540794373,"[19, 11, 1, 2, 15, 4]","[""SrpR/S4"", ""PhlF/P2"", ""AmtR/A1"", ""BetI/E1"", ""QacR/Q2"", ""BM3R1/B2""]",0x2C,6
01276479,0,6.645209842226468,0.6341441869735718,"[19, 14, 2, 5, 1, 11]","[""SrpR/S4"", ""QacR/Q1"", ""BetI/E1"", ""BM3R1/B3"", ""AmtR/A1"", ""PhlF/P2""]",0x2C,6
0d5b01b1,0,3.4929839166902648,0.8102121949195862,"[2, 1, 15, 11, 4, 19]","[""BetI/E1"", ""AmtR/A1"", ""QacR/Q2"", ""PhlF/P2"", ""BM3R1/B2"", ""SrpR/S4""]",0x2C,6
0d5b01b1,0,0.013618290216220026,0.8226343989372253,"[2, 4, 10, 1, 15, 19]","[""BetI/E1"", ""BM3R1/B2"", ""PhlF/P1"", ""AmtR/A1"", ""QacR/Q2"", ""SrpR/S4""]",0x2C,6
0d5b01b1,0,5.167078749148135,0.7924004197120667,"[2, 19, 15, 4, 1, 11]","[""BetI/E1"", ""SrpR/S4"", ""QacR/Q2"", ""BM3R1/B2"", ""AmtR/A1"", ""PhlF/P2""]",0x2C,6
0d5b01b1,0,5.222803892567553,0.787151038646698,"[4, 1, 2, 11, 15, 19]","[""BM3R1/B2"", ""AmtR/A1"", ""BetI/E1"", ""PhlF/P2"", ""QacR/Q2"", ""SrpR/S4""]",0x2C,6
0d5b01b1,0,5.078220533321079,0.7993023991584778,"[4, 1, 15, 11, 17, 2]","[""BM3R1/B2"", ""AmtR/A1"", ""QacR/Q2"", ""PhlF/P2"", ""SrpR/S2"", ""BetI/E1""]",0x2C,6
0d5b01b1,0,4.6262338458279375,0.802431583404541,"[4, 2, 15, 11, 17, 1]","[""BM3R1/B2"", ""BetI/E1"", ""QacR/Q2"", ""PhlF/P2"", ""SrpR/S2"", ""AmtR/A1""]",0x2C,6
0d5b01b1,0,6.8653623157576265,0.7510843873023987,"[5, 1, 11, 15, 2, 19]","[""BM3R1/B3"", ""AmtR/A1"", ""PhlF/P2"", ""QacR/Q2"", ""BetI/E1"", ""SrpR/S4""]",0x2C,6
0d5b01b1,0,7.4936881226020855,0.6982126832008362,"[11, 1, 2, 13, 15, 17]","[""PhlF/P2"", ""AmtR/A1"", ""BetI/E1"", ""PsrA/R1"", ""QacR/Q2"", ""SrpR/S2""]",0x2C,6
0d5b01b1,0,7.3886029301292835,0.7197297811508179,"[11, 1, 2, 13, 15, 19]","[""PhlF/P2"", ""AmtR/A1"", ""BetI/E1"", ""PsrA/R1"", ""QacR/Q2"", ""SrpR/S4""]",0x2C,6
0d5b01b1,0,8.06386869069557,0.442577064037323,"[11, 1, 13, 14, 2, 7]","[""PhlF/P2"", ""AmtR/A1"", ""PsrA/R1"", ""QacR/Q1"", ""BetI/E1"", ""IcaRA/I1""]",0x2C,6
0d5b01b1,0,7.389822730755465,0.7004305124282837,"[11, 1, 14, 2, 19, 4]","[""PhlF/P2"", ""AmtR/A1"", ""QacR/Q1"", ""BetI/E1"", ""SrpR/S4"", ""BM3R1/B2""]",0x2C,6
0d5b01b1,0,7.864756878333812,0.6498731970787048,"[11, 1, 14, 13, 2, 19]","[""PhlF/P2"", ""AmtR/A1"", ""QacR/Q1"", ""PsrA/R1"", ""BetI/E1"", ""SrpR/S4""]",0x2C,6
0d5b01b1,0,7.504891102547239,0.6604560613632202,"[11, 1, 15, 13, 2, 18]","[""PhlF/P2"", ""AmtR/A1"", ""QacR/Q2"", ""PsrA/R1"", ""BetI/E1"", ""SrpR/S3""]",0x2C,6
0d5b01b1,0,7.242958043378629,0.7305741906166077,"[11, 1, 15, 13, 2, 19]","[""PhlF/P2"", ""AmtR/A1"", ""QacR/Q2"", ""PsrA/R1"", ""BetI/E1"", ""SrpR/S4""]",0x2C,6
0d5b01b1,0,6.649328330466611,0.7832027077674866,"[11, 2, 15, 4, 1, 19]","[""PhlF/P2"", ""BetI/E1"", ""QacR/Q2"", ""BM3R1/B2"", ""AmtR/A1"", ""SrpR/S4""]",0x2C,6
0d5b01b1,0,6.336771722313579,0.7843437790870667,"[11, 2, 15, 4, 19, 1]","[""PhlF/P2"", ""BetI/E1"", ""QacR/Q2"", ""BM3R1/B2"", ""SrpR/S4"", ""AmtR/A1""]",0x2C,6
0d5b01b1,0,6.72178510435869,0.762910783290863,"[11, 2, 15, 5, 1, 19]","[""PhlF/P2"", ""BetI/E1"", ""QacR/Q2"", ""BM3R1/B3"", ""AmtR/A1"", ""SrpR/S4""]",0x2C,6
0d5b01b1,0,5.640851925375289,0.7860563397407532,"[11, 19, 15, 4, 1, 2]","[""PhlF/P2"", ""SrpR/S4"", ""QacR/Q2"", ""BM3R1/B2"", ""AmtR/A1"", ""BetI/E1""]",0x2C,6
0d5b01b1,0,3.0224731366509596,0.8127145171165466,"[15, 2, 1, 11, 4, 19]","[""QacR/Q2"", ""BetI/E1"", ""AmtR/A1"", ""PhlF/P2"", ""BM3R1/B2"", ""SrpR/S4""]",0x2C,6
0d5b01b1,0,3.558528734401534,0.8043782114982605,"[15, 2, 19, 11, 4, 1]","[""QacR/Q2"", ""BetI/E1"", ""SrpR/S4"", ""PhlF/P2"", ""BM3R1/B2"", ""AmtR/A1""]",0x2C,6
0d5b01b1,0,-0.11068292792467872,0.8284171223640442,"[15, 4, 19, 10, 1, 2]","[""QacR/Q2"", ""BM3R1/B2"", ""SrpR/S4"", ""PhlF/P1"", ""AmtR/A1"", ""BetI/E1""]",0x2C,6
0d5b01b1,0,-0.0009591220261859019,0.8277623057365417,"[15, 10, 1, 4, 2, 19]","[""QacR/Q2"", ""PhlF/P1"", ""AmtR/A1"", ""BM3R1/B2"", ""BetI/E1"", ""SrpR/S4""]",0x2C,6
0d5b01b1,0,0.0037450446913877364,0.8230220079421997,"[15, 10, 1, 4, 17, 2]","[""QacR/Q2"", ""PhlF/P1"", ""AmtR/A1"", ""BM3R1/B2"", ""SrpR/S2"", ""BetI/E1""]",0x2C,6
0d5b01b1,0,2.5739218424680805,0.815714418888092,"[19, 2, 15, 11, 4, 1]","[""SrpR/S4"", ""BetI/E1"", ""QacR/Q2"", ""PhlF/P2"", ""BM3R1/B2"", ""AmtR/A1""]",0x2C,6
1323c479,0,-0.04674366458444324,0.8255386352539062,"[2, 1, 10, 8, 15, 4]","[""BetI/E1"", ""AmtR/A1"", ""PhlF/P1"", ""LitR/L1"", ""QacR/Q2"", ""BM3R1/B2""]",0x2C,6
1323c479,0,4.2360597520373675,0.8036506175994873,"[2, 19, 1, 15, 11, 4]","[""BetI/E1"", ""SrpR/S4"", ""AmtR/A1"", ""QacR/Q2"", ""PhlF/P2"", ""BM3R1/B2""]",0x2C,6
1323c479,0,5.772520373604431,0.7636680603027344,"[2, 19, 15, 5, 1, 11]","[""BetI/E1"", ""SrpR/S4"", ""QacR/Q2"", ""BM3R1/B3"", ""AmtR/A1"", ""PhlF/P2""]",0x2C,6
1323c479,0,2.771839934655376,0.806968092918396,"[4, 1, 15, 19, 2, 11]","[""BM3R1/B2"", ""AmtR/A1"", ""QacR/Q2"", ""SrpR/S4"", ""BetI/E1"", ""PhlF/P2""]",0x2C,6
1323c479,0,2.4851809693074802,0.8123384118080139,"[4, 19, 1, 15, 2, 11]","[""BM3R1/B2"", ""SrpR/S4"", ""AmtR/A1"", ""QacR/Q2"", ""BetI/E1"", ""PhlF/P2""]",0x2C,6
1323c479,0,2.6500469216211386,0.8071337938308716,"[4, 19, 2, 15, 11, 1]","[""BM3R1/B2"", ""SrpR/S4"", ""BetI/E1"", ""QacR/Q2"", ""PhlF/P2"", ""AmtR/A1""]",0x2C,6
1323c479,0,4.2394317319990185,0.8016030192375183,"[11, 19, 1, 2, 15, 4]","[""PhlF/P2"", ""SrpR/S4"", ""AmtR/A1"", ""BetI/E1"", ""QacR/Q2"", ""BM3R1/B2""]",0x2C,6
1323c479,0,4.076561356265414,0.8047480583190918,"[11, 19, 1, 15, 2, 4]","[""PhlF/P2"", ""SrpR/S4"", ""AmtR/A1"", ""QacR/Q2"", ""BetI/E1"", ""BM3R1/B2""]",0x2C,6
1323c479,0,5.029135039475746,0.774390697479248,"[11, 19, 15, 5, 1, 2]","[""PhlF/P2"", ""SrpR/S4"", ""QacR/Q2"", ""BM3R1/B3"", ""AmtR/A1"", ""BetI/E1""]",0x2C,6
1323c479,0,6.824798446068681,0.6189152598381042,"[13, 14, 2, 4, 1, 11]","[""PsrA/R1"", ""QacR/Q1"", ""BetI/E1"", ""BM3R1/B2"", ""AmtR/A1"", ""PhlF/P2""]",0x2C,6
1323c479,0,7.021831254395842,0.6157011389732361,"[13, 14, 2, 5, 1, 11]","[""PsrA/R1"", ""QacR/Q1"", ""BetI/E1"", ""BM3R1/B3"", ""AmtR/A1"", ""PhlF/P2""]",0x2C,6
1323c479,0,-0.0285147705876971,0.8145161867141724,"[15, 1, 10, 8, 2, 4]","[""QacR/Q2"", ""AmtR/A1"", ""PhlF/P1"", ""LitR/L1"", ""BetI/E1"", ""BM3R1/B2""]",0x2C,6
1323c479,0,6.271913634445405,0.7141247391700745,"[15, 5, 1, 2, 13, 11]","[""QacR/Q2"", ""BM3R1/B3"", ""AmtR/A1"", ""BetI/E1"", ""PsrA/R1"", ""PhlF/P2""]",0x2C,6
1323c479,0,6.288445375438022,0.7004650831222534,"[15, 5, 18, 2, 13, 11]","[""QacR/Q2"", ""BM3R1/B3"", ""SrpR/S3"", ""BetI/E1"", ""PsrA/R1"", ""PhlF/P2""]",0x2C,6
1323c479,0,4.98853153554094,0.7815876007080078,"[15, 11, 1, 2, 19, 4]","[""QacR/Q2"", ""PhlF/P2"", ""AmtR/A1"", ""BetI/E1"", ""SrpR/S4"", ""BM3R1/B2""]",0x2C,6
1323c479,0,4.664694881017651,0.7861946821212769,"[15, 19, 1, 2, 11, 4]","[""QacR/Q2"", ""SrpR/S4"", ""AmtR/A1"", ""BetI/E1"", ""PhlF/P2"", ""BM3R1/B2""]",0x2C,6
1323c479,0,6.2072471781157095,0.7506277561187744,"[15, 19, 2, 4, 1, 11]","[""QacR/Q2"", ""SrpR/S4"", ""BetI/E1"", ""BM3R1/B2"", ""AmtR/A1"", ""PhlF/P2""]",0x2C,6
1323c479,0,6.1975126299554,0.7600349187850952,"[15, 19, 2, 5, 1, 11]","[""QacR/Q2"", ""SrpR/S4"", ""BetI/E1"", ""BM3R1/B3"", ""AmtR/A1"", ""PhlF/P2""]",0x2C,6
1323c479,0,4.610111189604829,0.7869053483009338,"[17, 11, 1, 2, 15, 4]","[""SrpR/S2"", ""PhlF/P2"", ""AmtR/A1"", ""BetI/E1"", ""QacR/Q2"", ""BM3R1/B2""]",0x2C,6
1323c479,0,-0.0485313594016226,0.832525372505188,"[19, 1, 10, 8, 2, 4]","[""SrpR/S4"", ""AmtR/A1"", ""PhlF/P1"", ""LitR/L1"", ""BetI/E1"", ""BM3R1/B2""]",0x2C,6
1323c479,0,5.2675215279028995,0.7704298496246338,"[19, 2, 15, 4, 1, 11]","[""SrpR/S4"", ""BetI/E1"", ""QacR/Q2"", ""BM3R1/B2"", ""AmtR/A1"", ""PhlF/P2""]",0x2C,6
1323c479,0,6.742710537434503,0.6564062833786011,"[19, 14, 2, 4, 1, 11]","[""SrpR/S4"", ""QacR/Q1"", ""BetI/E1"", ""BM3R1/B2"", ""AmtR/A1"", ""PhlF/P2""]",0x2C,6
27c9f7d8,0,6.388390617018955,0.72544926404953,"[1, 5, 2, 19, 14, 11]","[""AmtR/A1"", ""BM3R1/B3"", ""BetI/E1"", ""SrpR/S4"", ""QacR/Q1"", ""PhlF/P2""]",0x2C,6
27c9f7d8,0,6.064986272916865,0.7418215870857239,"[2, 4, 1, 17, 11, 15]","[""BetI/E1"", ""BM3R1/B2"", ""AmtR/A1"", ""SrpR/S2"", ""PhlF/P2"", ""QacR/Q2""]",0x2C,6
27c9f7d8,0,5.85180869657163,0.7631619572639465,"[2, 4, 1, 17, 15, 11]","[""BetI/E1"", ""BM3R1/B2"", ""AmtR/A1"", ""SrpR/S2"", ""QacR/Q2"", ""PhlF/P2""]",0x2C,6
27c9f7d8,0,5.916133130272701,0.7625155448913574,"[2, 5, 1, 17, 15, 11]","[""BetI/E1"", ""BM3R1/B3"", ""AmtR/A1"", ""SrpR/S2"", ""QacR/Q2"", ""PhlF/P2""]",0x2C,6
27c9f7d8,0,7.275318191678638,0.7037205100059509,"[2, 5, 1, 19, 14, 11]","[""BetI/E1"", ""BM3R1/B3"", ""AmtR/A1"", ""SrpR/S4"", ""QacR/Q1"", ""PhlF/P2""]",0x2C,6
27c9f7d8,0,6.006043178541339,0.7544407248497009,"[2, 5, 1, 19, 15, 11]","[""BetI/E1"", ""BM3R1/B3"", ""AmtR/A1"", ""SrpR/S4"", ""QacR/Q2"", ""PhlF/P2""]",0x2C,6
27c9f7d8,0,4.899961379947275,0.7843020558357239,"[2, 11, 1, 4, 19, 15]","[""BetI/E1"", ""PhlF/P2"", ""AmtR/A1"", ""BM3R1/B2"", ""SrpR/S4"", ""QacR/Q2""]",0x2C,6
27c9f7d8,0,5.3712859776062105,0.7695735692977905,"[2, 19, 1, 4, 11, 15]","[""BetI/E1"", ""SrpR/S4"", ""AmtR/A1"", ""BM3R1/B2"", ""PhlF/P2"", ""QacR/Q2""]",0x2C,6
27c9f7d8,0,-0.04332350280968525,0.8232316374778748,"[4, 19, 10, 2, 1, 15]","[""BM3R1/B2"", ""SrpR/S4"", ""PhlF/P1"", ""BetI/E1"", ""AmtR/A1"", ""QacR/Q2""]",0x2C,6
27c9f7d8,0,7.5540801031706994,0.4350582957267761,"[7, 5, 19, 14, 1, 11]","[""IcaRA/I1"", ""BM3R1/B3"", ""SrpR/S4"", ""QacR/Q1"", ""AmtR/A1"", ""PhlF/P2""]",0x2C,6
27c9f7d8,0,-0.8722734103067091,0.8260893821716309,"[10, 19, 2, 4, 1, 15]","[""PhlF/P1"", ""SrpR/S4"", ""BetI/E1"", ""BM3R1/B2"", ""AmtR/A1"", ""QacR/Q2""]",0x2C,6
27c9f7d8,0,5.0873885428320245,0.7756760120391846,"[11, 4, 1, 2, 19, 15]","[""PhlF/P2"", ""BM3R1/B2"", ""AmtR/A1"", ""BetI/E1"", ""SrpR/S4"", ""QacR/Q2""]",0x2C,6
27c9f7d8,0,4.850056991050161,0.793525218963623,"[11, 4, 1, 17, 15, 2]","[""PhlF/P2"", ""BM3R1/B2"", ""AmtR/A1"", ""SrpR/S2"", ""QacR/Q2"", ""BetI/E1""]",0x2C,6
27c9f7d8,0,4.94327619576417,0.7837960720062256,"[11, 4, 19, 1, 15, 2]","[""PhlF/P2"", ""BM3R1/B2"", ""SrpR/S4"", ""AmtR/A1"", ""QacR/Q2"", ""BetI/E1""]",0x2C,6
27c9f7d8,0,3.9068385871174676,0.8199954628944397,"[11, 19, 2, 4, 1, 15]","[""PhlF/P2"", ""SrpR/S4"", ""BetI/E1"", ""BM3R1/B2"", ""AmtR/A1"", ""QacR/Q2""]",0x2C,6
27c9f7d8,0,7.460805574607512,0.6725745797157288,"[13, 4, 2, 17, 14, 11]","[""PsrA/R1"", ""BM3R1/B2"", ""BetI/E1"", ""SrpR/S2"", ""QacR/Q1"", ""PhlF/P2""]",0x2C,6
27c9f7d8,0,7.4612145082037244,0.6640031337738037,"[13, 4, 19, 2, 14, 11]","[""PsrA/R1"", ""BM3R1/B2"", ""SrpR/S4"", ""BetI/E1"", ""QacR/Q1"", ""PhlF/P2""]",0x2C,6
27c9f7d8,0,7.396874539071792,0.6786778569221497,"[13, 5, 1, 17, 14, 11]","[""PsrA/R1"", ""BM3R1/B3"", ""AmtR/A1"", ""SrpR/S2"", ""QacR/Q1"", ""PhlF/P2""]",0x2C,6
27c9f7d8,0,7.446714432503978,0.6770023107528687,"[13, 5, 2, 17, 14, 11]","[""PsrA/R1"", ""BM3R1/B3"", ""BetI/E1"", ""SrpR/S2"", ""QacR/Q1"", ""PhlF/P2""]",0x2C,6
27c9f7d8,0,7.496690211067962,0.573517382144928,"[13, 5, 14, 19, 1, 11]","[""PsrA/R1"", ""BM3R1/B3"", ""QacR/Q1"", ""SrpR/S4"", ""AmtR/A1"", ""PhlF/P2""]",0x2C,6
27c9f7d8,0,7.547233926574694,0.5722488760948181,"[13, 5, 19, 14, 1, 11]","[""PsrA/R1"", ""BM3R1/B3"", ""SrpR/S4"", ""QacR/Q1"", ""AmtR/A1"", ""PhlF/P2""]",0x2C,6
27c9f7d8,0,6.379423055012218,0.7391864657402039,"[15, 4, 1, 17, 11, 2]","[""QacR/Q2"", ""BM3R1/B2"", ""AmtR/A1"", ""SrpR/S2"", ""PhlF/P2"", ""BetI/E1""]",0x2C,6
27c9f7d8,0,6.604653100597746,0.7244505286216736,"[15, 5, 1, 2, 19, 11]","[""QacR/Q2"", ""BM3R1/B3"", ""AmtR/A1"", ""BetI/E1"", ""SrpR/S4"", ""PhlF/P2""]",0x2C,6
27c9f7d8,0,6.7803243943106795,0.7119154334068298,"[15, 5, 2, 19, 1, 11]","[""QacR/Q2"", ""BM3R1/B3"", ""BetI/E1"", ""SrpR/S4"", ""AmtR/A1"", ""PhlF/P2""]",0x2C,6
27c9f7d8,0,6.6623546891985095,0.7125040888786316,"[15, 5, 19, 2, 1, 11]","[""QacR/Q2"", ""BM3R1/B3"", ""SrpR/S4"", ""BetI/E1"", ""AmtR/A1"", ""PhlF/P2""]",0x2C,6
27c9f7d8,0,5.037561196869922,0.7757964730262756,"[15, 11, 1, 4, 19, 2]","[""QacR/Q2"", ""PhlF/P2"", ""AmtR/A1"", ""BM3R1/B2"", ""SrpR/S4"", ""BetI/E1""]",0x2C,6
27c9f7d8,0,4.982456617001352,0.7822092175483704,"[19, 4, 1, 11, 15, 2]","[""SrpR/S4"", ""BM3R1/B2"", ""AmtR/A1"", ""PhlF/P2"", ""QacR/Q2"", ""BetI/E1""]",0x2C,6
27c9f7d8,0,5.557784450673382,0.7661330103874207,"[19, 4, 2, 1, 15, 11]","[""SrpR/S4"", ""BM3R1/B2"", ""BetI/E1"", ""AmtR/A1"", ""QacR/Q2"", ""PhlF/P2""]",0x2C,6
27c9f7d8,0,4.637144560893349,0.7981383800506592,"[19, 11, 2, 4, 1, 15]","[""SrpR/S4"", ""PhlF/P2"", ""BetI/E1"", ""BM3R1/B2"", ""AmtR/A1"", ""QacR/Q2""]",0x2C,6
27d8c27d,0,5.341296886920369,0.7993337512016296,"[2, 1, 4, 19, 11, 15]","[""BetI/E1"", ""AmtR/A1"", ""BM3R1/B2"", ""SrpR/S4"", ""PhlF/P2"", ""QacR/Q2""]",0x2C,6
27d8c27d,0,5.650323519429401,0.7822532057762146,"[2, 4, 1, 19, 15, 11]","[""BetI/E1"", ""BM3R1/B2"", ""AmtR/A1"", ""SrpR/S4"", ""QacR/Q2"", ""PhlF/P2""]",0x2C,6
27d8c27d,0,3.0639748118556054,0.8251744508743286,"[2, 11, 4, 19, 15, 1]","[""BetI/E1"", ""PhlF/P2"", ""BM3R1/B2"", ""SrpR/S4"", ""QacR/Q2"", ""AmtR/A1""]",0x2C,6
27d8c27d,0,0.00386340021857408,0.8417713642120361,"[2, 19, 4, 1, 15, 10]","[""BetI/E1"", ""SrpR/S4"", ""BM3R1/B2"", ""AmtR/A1"", ""QacR/Q2"", ""PhlF/P1""]",0x2C,6
27d8c27d,0,-2.0172798397284963,0.8436219096183777,"[2, 19, 4, 10, 15, 1]","[""BetI/E1"", ""SrpR/S4"", ""BM3R1/B2"", ""PhlF/P1"", ""QacR/Q2"", ""AmtR/A1""]",0x2C,6
27d8c27d,0,4.37967542334619,0.8007823824882507,"[4, 11, 17, 1, 2, 15]","[""BM3R1/B2"", ""PhlF/P2"", ""SrpR/S2"", ""AmtR/A1"", ""BetI/E1"", ""QacR/Q2""]",0x2C,6
27d8c27d,0,0.025620827436895924,0.8382160067558289,"[10, 1, 4, 19, 15, 2]","[""PhlF/P1"", ""AmtR/A1"", ""BM3R1/B2"", ""SrpR/S4"", ""QacR/Q2"", ""BetI/E1""]",0x2C,6
27d8c27d,0,3.557461013781522,0.8106446266174316,"[11, 1, 4, 19, 15, 2]","[""PhlF/P2"", ""AmtR/A1"", ""BM3R1/B2"", ""SrpR/S4"", ""QacR/Q2"", ""BetI/E1""]",0x2C,6
27d8c27d,0,7.326746697552237,0.7131454944610596,"[11, 1, 13, 2, 15, 19]","[""PhlF/P2"", ""AmtR/A1"", ""PsrA/R1"", ""BetI/E1"", ""QacR/Q2"", ""SrpR/S4""]",0x2C,6
27d8c27d,0,5.891562714294392,0.7785549759864807,"[11, 4, 1, 2, 15, 19]","[""PhlF/P2"", ""BM3R1/B2"", ""AmtR/A1"", ""BetI/E1"", ""QacR/Q2"", ""SrpR/S4""]",0x2C,6
27d8c27d,0,7.101433938139047,0.7344432473182678,"[11, 4, 1, 19, 13, 2]","[""PhlF/P2"", ""BM3R1/B2"", ""AmtR/A1"", ""SrpR/S4"", ""PsrA/R1"", ""BetI/E1""]",0x2C,6
27d8c27d,0,7.14493280554122,0.7314525246620178,"[11, 4, 1, 19, 13, 15]","[""PhlF/P2"", ""BM3R1/B2"", ""AmtR/A1"", ""SrpR/S4"", ""PsrA/R1"", ""QacR/Q2""]",0x2C,6
27d8c27d,0,6.9091899360423366,0.7704840302467346,"[11, 4, 1, 19, 15, 2]","[""PhlF/P2"", ""BM3R1/B2"", ""AmtR/A1"", ""SrpR/S4"", ""QacR/Q2"", ""BetI/E1""]",0x2C,6
27d8c27d,0,5.64604478983027,0.7840937376022339,"[11, 4, 19, 1, 15, 2]","[""PhlF/P2"", ""BM3R1/B2"", ""SrpR/S4"", ""AmtR/A1"", ""QacR/Q2"", ""BetI/E1""]",0x2C,6
27d8c27d,0,7.850903407326564,0.6282121539115906,"[11, 13, 2, 14, 19, 1]","[""PhlF/P2"", ""PsrA/R1"", ""BetI/E1"", ""QacR/Q1"", ""SrpR/S4"", ""AmtR/A1""]",0x2C,6
27d8c27d,0,7.348654412938522,0.6396176815032959,"[11, 19, 13, 14, 2, 1]","[""PhlF/P2"", ""SrpR/S4"", ""PsrA/R1"", ""QacR/Q1"", ""BetI/E1"", ""AmtR/A1""]",0x2C,6
27d8c27d,0,7.429245947357786,0.6342732310295105,"[12, 4, 1, 19, 13, 14]","[""PhlF/P3"", ""BM3R1/B2"", ""AmtR/A1"", ""SrpR/S4"", ""PsrA/R1"", ""QacR/Q1""]",0x2C,6
27d8c27d,0,5.49804632456355,0.7910967469215393,"[15, 1, 4, 19, 11, 2]","[""QacR/Q2"", ""AmtR/A1"", ""BM3R1/B2"", ""SrpR/S4"", ""PhlF/P2"", ""BetI/E1""]",0x2C,6
27d8c27d,0,-0.05406230003421866,0.8418955206871033,"[15, 4, 2, 1, 19, 10]","[""QacR/Q2"", ""BM3R1/B2"", ""BetI/E1"", ""AmtR/A1"", ""SrpR/S4"", ""PhlF/P1""]",0x2C,6
27d8c27d,0,4.171227964939154,0.8036444187164307,"[15, 11, 4, 19, 1, 2]","[""QacR/Q2"", ""PhlF/P2"", ""BM3R1/B2"", ""SrpR/S4"", ""AmtR/A1"", ""BetI/E1""]",0x2C,6
27d8c27d,0,3.4462747344729934,0.8211959004402161,"[15, 11, 4, 19, 2, 1]","[""QacR/Q2"", ""PhlF/P2"", ""BM3R1/B2"", ""SrpR/S4"", ""BetI/E1"", ""AmtR/A1""]",0x2C,6
27d8c27d,0,-0.3490153374076862,0.8420459032058716,"[19, 4, 2, 1, 15, 10]","[""SrpR/S4"", ""BM3R1/B2"", ""BetI/E1"", ""AmtR/A1"", ""QacR/Q2"", ""PhlF/P1""]",0x2C,6
0a4ff245,0,4.33052782440547,0.767741858959198,"[11, 19, 4, 1, 2, 15, 13]","[""PhlF/P2"", ""SrpR/S4"", ""BM3R1/B2"", ""AmtR/A1"", ""BetI/E1"", ""QacR/Q2"", ""PsrA/R1""]",0x2C,7
0a4ff245,0,4.461745961136005,0.7649562358856201,"[11, 15, 4, 17, 2, 1, 13]","[""PhlF/P2"", ""QacR/Q2"", ""BM3R1/B2"", ""SrpR/S2"", ""BetI/E1"", ""AmtR/A1"", ""PsrA/R1""]",0x2C,7
0a4ff245,0,-0.03636330425263728,0.8167887926101685,"[1, 15, 2, 4, 19, 10, 8]","[""AmtR/A1"", ""QacR/Q2"", ""BetI/E1"", ""BM3R1/B2"", ""SrpR/S4"", ""PhlF/P1"", ""LitR/L1""]",0x2C,7
0a4ff245,0,6.01101699997801,0.5254056453704834,"[11, 2, 15, 7, 17, 1, 13]","[""PhlF/P2"", ""BetI/E1"", ""QacR/Q2"", ""IcaRA/I1"", ""SrpR/S2"", ""AmtR/A1"", ""PsrA/R1""]",0x2C,7
0a4ff245,0,3.5313301734485854,0.7747997045516968,"[19, 4, 2, 15, 11, 1, 13]","[""SrpR/S4"", ""BM3R1/B2"", ""BetI/E1"", ""QacR/Q2"", ""PhlF/P2"", ""AmtR/A1"", ""PsrA/R1""]",0x2C,7
0a4ff245,0,3.7571452045284417,0.7703466415405273,"[11, 5, 15, 2, 19, 1, 13]","[""PhlF/P2"", ""BM3R1/B3"", ""QacR/Q2"", ""BetI/E1"", ""SrpR/S4"", ""AmtR/A1"", ""PsrA/R1""]",0x2C,7
0a4ff245,0,5.669180274032139,0.7555345296859741,"[4, 2, 11, 13, 19, 1, 15]","[""BM3R1/B2"", ""BetI/E1"", ""PhlF/P2"", ""PsrA/R1"", ""SrpR/S4"", ""AmtR/A1"", ""QacR/Q2""]",0x2C,7
0a4ff245,0,5.971916424445437,0.746834397315979,"[4, 2, 11, 1, 15, 19, 13]","[""BM3R1/B2"", ""BetI/E1"", ""PhlF/P2"", ""AmtR/A1"", ""QacR/Q2"", ""SrpR/S4"", ""PsrA/R1""]",0x2C,7
0a4ff245,0,-0.005655972983377735,0.7997113466262817,"[19, 5, 15, 2, 1, 10, 6]","[""SrpR/S4"", ""BM3R1/B3"", ""QacR/Q2"", ""BetI/E1"", ""AmtR/A1"", ""PhlF/P1"", ""HlyIIR/H1""]",0x2C,7
0a4ff245,0,3.2406398111854733,0.7798939943313599,"[11, 4, 2, 1, 19, 15, 13]","[""PhlF/P2"", ""BM3R1/B2"", ""BetI/E1"", ""AmtR/A1"", ""SrpR/S4"", ""QacR/Q2"", ""PsrA/R1""]",0x2C,7
0a4ff245,0,2.683423654663285,0.7814286947250366,"[4, 11, 2, 1, 19, 15, 0]","[""BM3R1/B2"", ""PhlF/P2"", ""BetI/E1"", ""AmtR/A1"", ""SrpR/S4"", ""QacR/Q2"", ""AmeR/F1""]",0x2C,7
0a4ff245,0,-0.016188145069381116,0.8092033863067627,"[4, 19, 15, 1, 2, 10, 8]","[""BM3R1/B2"", ""SrpR/S4"", ""QacR/Q2"", ""AmtR/A1"", ""BetI/E1"", ""PhlF/P1"", ""LitR/L1""]",0x2C,7
0a4ff245,0,6.6336812872092175,0.4124260544776916,"[14, 1, 11, 7, 3, 2, 13]","[""QacR/Q1"", ""AmtR/A1"", ""PhlF/P2"", ""IcaRA/I1"", ""BM3R1/B1"", ""BetI/E1"", ""PsrA/R1""]",0x2C,7
0a4ff245,0,1.827972860952074,0.7863419055938721,"[2, 4, 11, 0, 19, 1, 15]","[""BetI/E1"", ""BM3R1/B2"", ""PhlF/P2"", ""AmeR/F1"", ""SrpR/S4"", ""AmtR/A1"", ""QacR/Q2""]",0x2C,7
0a4ff245,0,6.125011687703862,0.4370069503784179,"[14, 2, 11, 7, 13, 1, 19]","[""QacR/Q1"", ""BetI/E1"", ""PhlF/P2"", ""IcaRA/I1"", ""PsrA/R1"", ""AmtR/A1"", ""SrpR/S4""]",0x2C,7
0a4ff245,0,0.00361981740306092,0.7875270247459412,"[19, 4, 2, 1, 0, 10, 8]","[""SrpR/S4"", ""BM3R1/B2"", ""BetI/E1"", ""AmtR/A1"", ""AmeR/F1"", ""PhlF/P1"", ""LitR/L1""]",0x2C,7
0a4ff245,0,0.0042247533185072895,0.787126362323761,"[2, 4, 15, 1, 19, 10, 6]","[""BetI/E1"", ""BM3R1/B2"", ""QacR/Q2"", ""AmtR/A1"", ""SrpR/S4"", ""PhlF/P1"", ""HlyIIR/H1""]",0x2C,7
0a4ff245,0,6.102472027325314,0.5051655769348145,"[5, 2, 11, 19, 15, 7, 13]","[""BM3R1/B3"", ""BetI/E1"", ""PhlF/P2"", ""SrpR/S4"", ""QacR/Q2"", ""IcaRA/I1"", ""PsrA/R1""]",0x2C,7
0a4ff245,0,5.973146599251024,0.6516504883766174,"[14, 19, 11, 1, 4, 2, 13]","[""QacR/Q1"", ""SrpR/S4"", ""PhlF/P2"", ""AmtR/A1"", ""BM3R1/B2"", ""BetI/E1"", ""PsrA/R1""]",0x2C,7
0a4ff245,0,-0.023503438072929997,0.8130941390991211,"[1, 2, 15, 4, 19, 10, 8]","[""AmtR/A1"", ""BetI/E1"", ""QacR/Q2"", ""BM3R1/B2"", ""SrpR/S4"", ""PhlF/P1"", ""LitR/L1""]",0x2C,7
0a4ff245,0,5.400524045826563,0.7616931200027466,"[4, 2, 11, 19, 1, 15, 13]","[""BM3R1/B2"", ""BetI/E1"", ""PhlF/P2"", ""SrpR/S4"", ""AmtR/A1"", ""QacR/Q2"", ""PsrA/R1""]",0x2C,7
0ed03332,0,3.8335936076440342,0.7707430124282837,"[19, 2, 11, 13, 15, 4, 1]","[""SrpR/S4"", ""BetI/E1"", ""PhlF/P2"", ""PsrA/R1"", ""QacR/Q2"", ""BM3R1/B2"", ""AmtR/A1""]",0x2C,7
0ed03332,0,-0.5169446979010859,0.7960560321807861,"[17, 4, 9, 2, 1, 15, 10]","[""SrpR/S2"", ""BM3R1/B2"", ""LmrA/N1"", ""BetI/E1"", ""AmtR/A1"", ""QacR/Q2"", ""PhlF/P1""]",0x2C,7
0ed03332,0,6.412757831909613,0.6108837127685547,"[14, 1, 2, 5, 13, 11, 19]","[""QacR/Q1"", ""AmtR/A1"", ""BetI/E1"", ""BM3R1/B3"", ""PsrA/R1"", ""PhlF/P2"", ""SrpR/S4""]",0x2C,7
0ed03332,0,5.953271879372952,0.6951538920402527,"[15, 1, 13, 5, 2, 11, 19]","[""QacR/Q2"", ""AmtR/A1"", ""PsrA/R1"", ""BM3R1/B3"", ""BetI/E1"", ""PhlF/P2"", ""SrpR/S4""]",0x2C,7
0ed03332,0,4.374923390192916,0.7585405707359314,"[11, 4, 19, 2, 1, 15, 13]","[""PhlF/P2"", ""BM3R1/B2"", ""SrpR/S4"", ""BetI/E1"", ""AmtR/A1"", ""QacR/Q2"", ""PsrA/R1""]",0x2C,7
0ed03332,0,6.749977319005497,0.5720928311347961,"[14, 1, 13, 5, 2, 11, 18]","[""QacR/Q1"", ""AmtR/A1"", ""PsrA/R1"", ""BM3R1/B3"", ""BetI/E1"", ""PhlF/P2"", ""SrpR/S3""]",0x2C,7
0ed03332,0,0.024312012503007085,0.7889736294746399,"[19, 0, 1, 4, 15, 2, 10]","[""SrpR/S4"", ""AmeR/F1"", ""AmtR/A1"", ""BM3R1/B2"", ""QacR/Q2"", ""BetI/E1"", ""PhlF/P1""]",0x2C,7
0ed03332,0,2.504715475220042,0.7772024869918823,"[2, 4, 0, 19, 15, 11, 1]","[""BetI/E1"", ""BM3R1/B2"", ""AmeR/F1"", ""SrpR/S4"", ""QacR/Q2"", ""PhlF/P2"", ""AmtR/A1""]",0x2C,7
0ed03332,0,5.203797245652756,0.7546318173408508,"[4, 17, 1, 2, 13, 11, 15]","[""BM3R1/B2"", ""SrpR/S2"", ""AmtR/A1"", ""BetI/E1"", ""PsrA/R1"", ""PhlF/P2"", ""QacR/Q2""]",0x2C,7
0ed03332,0,6.071251866010084,0.6556124091148376,"[5, 18, 15, 13, 2, 11, 1]","[""BM3R1/B3"", ""SrpR/S3"", ""QacR/Q2"", ""PsrA/R1"", ""BetI/E1"", ""PhlF/P2"", ""AmtR/A1""]",0x2C,7
0ed03332,0,4.185230848116263,0.7617530226707458,"[4, 11, 17, 15, 13, 2, 1]","[""BM3R1/B2"", ""PhlF/P2"", ""SrpR/S2"", ""QacR/Q2"", ""PsrA/R1"", ""BetI/E1"", ""AmtR/A1""]",0x2C,7
0ed03332,0,-0.027606578639391602,0.7904828786849976,"[4, 0, 1, 19, 2, 15, 10]","[""BM3R1/B2"", ""AmeR/F1"", ""AmtR/A1"", ""SrpR/S4"", ""BetI/E1"", ""QacR/Q2"", ""PhlF/P1""]",0x2C,7
0ed03332,0,5.1411931765904315,0.7555554509162903,"[4, 19, 1, 15, 13, 11, 2]","[""BM3R1/B2"", ""SrpR/S4"", ""AmtR/A1"", ""QacR/Q2"", ""PsrA/R1"", ""PhlF/P2"", ""BetI/E1""]",0x2C,7
0ed03332,0,5.761973794539064,0.7525675892829895,"[4, 2, 13, 19, 15, 11, 1]","[""BM3R1/B2"", ""BetI/E1"", ""PsrA/R1"", ""SrpR/S4"", ""QacR/Q2"", ""PhlF/P2"", ""AmtR/A1""]",0x2C,7
0ed03332,0,2.451560522538916,0.7852323651313782,"[11, 1, 0, 19, 15, 4, 2]","[""PhlF/P2"", ""AmtR/A1"", ""AmeR/F1"", ""SrpR/S4"", ""QacR/Q2"", ""BM3R1/B2"", ""BetI/E1""]",0x2C,7
0ff5e006,0,7.2683920810830696,0.6711236238479614,"[11, 15, 1, 13, 19, 2, 5]","[""PhlF/P2"", ""QacR/Q2"", ""AmtR/A1"", ""PsrA/R1"", ""SrpR/S4"", ""BetI/E1"", ""BM3R1/B3""]",0x2C,7
0ff5e006,0,0.018667805608059244,0.7762816548347473,"[4, 19, 8, 1, 2, 15, 10]","[""BM3R1/B2"", ""SrpR/S4"", ""LitR/L1"", ""AmtR/A1"", ""BetI/E1"", ""QacR/Q2"", ""PhlF/P1""]",0x2C,7
0ff5e006,0,3.1324211250573586,0.7598440647125244,"[11, 19, 13, 4, 1, 2, 15]","[""PhlF/P2"", ""SrpR/S4"", ""PsrA/R1"", ""BM3R1/B2"", ""AmtR/A1"", ""BetI/E1"", ""QacR/Q2""]",0x2C,7
0ff5e006,0,4.653605984129645,0.749481201171875,"[11, 4, 15, 1, 2, 13, 19]","[""PhlF/P2"", ""BM3R1/B2"", ""QacR/Q2"", ""AmtR/A1"", ""BetI/E1"", ""PsrA/R1"", ""SrpR/S4""]",0x2C,7
0ff5e006,0,5.936591215122532,0.73197340965271,"[11, 5, 13, 2, 1, 15, 19]","[""PhlF/P2"", ""BM3R1/B3"", ""PsrA/R1"", ""BetI/E1"", ""AmtR/A1"", ""QacR/Q2"", ""SrpR/S4""]",0x2C,7
0ff5e006,0,-0.16572416974832924,0.7796126008033752,"[19, 1, 15, 4, 10, 2, 8]","[""SrpR/S4"", ""AmtR/A1"", ""QacR/Q2"", ""BM3R1/B2"", ""PhlF/P1"", ""BetI/E1"", ""LitR/L1""]",0x2C,7
0ff5e006,0,0.08031984499166898,0.766891598701477,"[0, 19, 1, 4, 10, 15, 2]","[""AmeR/F1"", ""SrpR/S4"", ""AmtR/A1"", ""BM3R1/B2"", ""PhlF/P1"", ""QacR/Q2"", ""BetI/E1""]",0x2C,7
0ff5e006,0,8.068038720633066,0.5742929577827454,"[11, 14, 1, 13, 19, 2, 5]","[""PhlF/P2"", ""QacR/Q1"", ""AmtR/A1"", ""PsrA/R1"", ""SrpR/S4"", ""BetI/E1"", ""BM3R1/B3""]",0x2C,7
0ff5e006,0,4.190824180874603,0.7590782046318054,"[4, 19, 13, 11, 1, 15, 2]","[""BM3R1/B2"", ""SrpR/S4"", ""PsrA/R1"", ""PhlF/P2"", ""AmtR/A1"", ""QacR/Q2"", ""BetI/E1""]",0x2C,7
0ff5e006,0,0.05922858983158401,0.7739415764808655,"[4, 19, 8, 2, 15, 0, 10]","[""BM3R1/B2"", ""SrpR/S4"", ""LitR/L1"", ""BetI/E1"", ""QacR/Q2"", ""AmeR/F1"", ""PhlF/P1""]",0x2C,7
0ff5e006,0,4.529755332538576,0.7532903552055359,"[4, 11, 13, 15, 1, 19, 2]","[""BM3R1/B2"", ""PhlF/P2"", ""PsrA/R1"", ""QacR/Q2"", ""AmtR/A1"", ""SrpR/S4"", ""BetI/E1""]",0x2C,7
0ff5e006,0,0.09325039102929378,0.7662373185157776,"[4, 1, 13, 15, 10, 19, 2]","[""BM3R1/B2"", ""AmtR/A1"", ""PsrA/R1"", ""QacR/Q2"", ""PhlF/P1"", ""SrpR/S4"", ""BetI/E1""]",0x2C,7
0ff5e006,0,5.256614707317996,0.7474216818809509,"[11, 2, 15, 13, 1, 4, 19]","[""PhlF/P2"", ""BetI/E1"", ""QacR/Q2"", ""PsrA/R1"", ""AmtR/A1"", ""BM3R1/B2"", ""SrpR/S4""]",0x2C,7
0ff5e006,0,5.889953313375659,0.7350456118583679,"[11, 5, 13, 1, 2, 15, 19]","[""PhlF/P2"", ""BM3R1/B3"", ""PsrA/R1"", ""AmtR/A1"", ""BetI/E1"", ""QacR/Q2"", ""SrpR/S4""]",0x2C,7
0ff5e006,0,0.06038984997430804,0.7685920000076294,"[0, 19, 8, 15, 1, 4, 10]","[""AmeR/F1"", ""SrpR/S4"", ""LitR/L1"", ""QacR/Q2"", ""AmtR/A1"", ""BM3R1/B2"", ""PhlF/P1""]",0x2C,7
0ff5e006,0,6.074797234461905,0.7102654576301575,"[4, 11, 13, 1, 17, 2, 15]","[""BM3R1/B2"", ""PhlF/P2"", ""PsrA/R1"", ""AmtR/A1"", ""SrpR/S2"", ""BetI/E1"", ""QacR/Q2""]",0x2C,7
0ff5e006,0,6.124677309038626,0.6874438524246216,"[5, 11, 13, 1, 17, 2, 15]","[""BM3R1/B3"", ""PhlF/P2"", ""PsrA/R1"", ""AmtR/A1"", ""SrpR/S2"", ""BetI/E1"", ""QacR/Q2""]",0x2C,7
0ff5e006,0,1.5202232475030175,0.765794575214386,"[4, 19, 15, 11, 1, 2, 0]","[""BM3R1/B2"", ""SrpR/S4"", ""QacR/Q2"", ""PhlF/P2"", ""AmtR/A1"", ""BetI/E1"", ""AmeR/F1""]",0x2C,7
0ff5e006,0,-0.13296593096059778,0.7775424122810364,"[2, 19, 8, 4, 15, 1, 10]","[""BetI/E1"", ""SrpR/S4"", ""LitR/L1"", ""BM3R1/B2"", ""QacR/Q2"", ""AmtR/A1"", ""PhlF/P1""]",0x2C,7
161d9514,0,5.047485075985491,0.7777014374732971,"[5, 1, 11, 19, 13, 15, 2]","[""BM3R1/B3"", ""AmtR/A1"", ""PhlF/P2"", ""SrpR/S4"", ""PsrA/R1"", ""QacR/Q2"", ""BetI/E1""]",0x2C,7
161d9514,0,3.9211665677794425,0.7879149317741394,"[10, 1, 15, 19, 13, 2, 4]","[""PhlF/P1"", ""AmtR/A1"", ""QacR/Q2"", ""SrpR/S4"", ""PsrA/R1"", ""BetI/E1"", ""BM3R1/B2""]",0x2C,7
161d9514,0,5.578909675797288,0.7184500098228455,"[4, 1, 13, 19, 2, 15, 11]","[""BM3R1/B2"", ""AmtR/A1"", ""PsrA/R1"", ""SrpR/S4"", ""BetI/E1"", ""QacR/Q2"", ""PhlF/P2""]",0x2C,7
161d9514,0,-0.046941842514003206,0.8052619099617004,"[1, 10, 15, 19, 0, 5, 8]","[""AmtR/A1"", ""PhlF/P1"", ""QacR/Q2"", ""SrpR/S4"", ""AmeR/F1"", ""BM3R1/B3"", ""LitR/L1""]",0x2C,7
161d9514,0,6.537173246400389,0.4316649138927459,"[4, 19, 13, 14, 7, 2, 11]","[""BM3R1/B2"", ""SrpR/S4"", ""PsrA/R1"", ""QacR/Q1"", ""IcaRA/I1"", ""BetI/E1"", ""PhlF/P2""]",0x2C,7
161d9514,0,-0.02732182328311164,0.8037746548652649,"[10, 5, 15, 19, 2, 8, 1]","[""PhlF/P1"", ""BM3R1/B3"", ""QacR/Q2"", ""SrpR/S4"", ""BetI/E1"", ""LitR/L1"", ""AmtR/A1""]",0x2C,7
161d9514,0,5.5248281496827865,0.771281898021698,"[5, 1, 15, 19, 2, 13, 11]","[""BM3R1/B3"", ""AmtR/A1"", ""QacR/Q2"", ""SrpR/S4"", ""BetI/E1"", ""PsrA/R1"", ""PhlF/P2""]",0x2C,7
161d9514,0,-0.05364633931177313,0.8070135116577148,"[19, 10, 4, 2, 0, 1, 15]","[""SrpR/S4"", ""PhlF/P1"", ""BM3R1/B2"", ""BetI/E1"", ""AmeR/F1"", ""AmtR/A1"", ""QacR/Q2""]",0x2C,7
161d9514,0,3.907842652528231,0.80061274766922,"[10, 1, 2, 19, 15, 13, 4]","[""PhlF/P1"", ""AmtR/A1"", ""BetI/E1"", ""SrpR/S4"", ""QacR/Q2"", ""PsrA/R1"", ""BM3R1/B2""]",0x2C,7
161d9514,0,-0.15870670514310717,0.8073867559432983,"[2, 10, 15, 19, 0, 5, 1]","[""BetI/E1"", ""PhlF/P1"", ""QacR/Q2"", ""SrpR/S4"", ""AmeR/F1"", ""BM3R1/B3"", ""AmtR/A1""]",0x2C,7
161d9514,0,0.007869064359839932,0.8032405376434326,"[10, 15, 19, 1, 2, 8, 4]","[""PhlF/P1"", ""QacR/Q2"", ""SrpR/S4"", ""AmtR/A1"", ""BetI/E1"", ""LitR/L1"", ""BM3R1/B2""]",0x2C,7
161d9514,0,5.716707910071502,0.7160443663597107,"[3, 1, 17, 11, 2, 13, 15]","[""BM3R1/B1"", ""AmtR/A1"", ""SrpR/S2"", ""PhlF/P2"", ""BetI/E1"", ""PsrA/R1"", ""QacR/Q2""]",0x2C,7
161d9514,0,-0.8201203632042391,0.8260133862495422,"[10, 5, 19, 1, 2, 8, 15]","[""PhlF/P1"", ""BM3R1/B3"", ""SrpR/S4"", ""AmtR/A1"", ""BetI/E1"", ""LitR/L1"", ""QacR/Q2""]",0x2C,7
161d9514,0,6.279343911628455,0.4516732096672058,"[5, 19, 13, 14, 7, 2, 11]","[""BM3R1/B3"", ""SrpR/S4"", ""PsrA/R1"", ""QacR/Q1"", ""IcaRA/I1"", ""BetI/E1"", ""PhlF/P2""]",0x2C,7
161d9514,0,5.947610097610723,0.7153712511062622,"[4, 1, 15, 19, 13, 2, 11]","[""BM3R1/B2"", ""AmtR/A1"", ""QacR/Q2"", ""SrpR/S4"", ""PsrA/R1"", ""BetI/E1"", ""PhlF/P2""]",0x2C,7
161d9514,0,5.978593251151648,0.5996844172477722,"[3, 1, 19, 14, 13, 2, 11]","[""BM3R1/B1"", ""AmtR/A1"", ""SrpR/S4"", ""QacR/Q1"", ""PsrA/R1"", ""BetI/E1"", ""PhlF/P2""]",0x2C,7
187bbd1c,0,2.569292756833712,0.799892246723175,"[15, 13, 1, 4, 10, 19, 2]","[""QacR/Q2"", ""PsrA/R1"", ""AmtR/A1"", ""BM3R1/B2"", ""PhlF/P1"", ""SrpR/S4"", ""BetI/E1""]",0x2C,7
187bbd1c,0,7.958059345428013,0.7276960611343384,"[11, 1, 13, 19, 5, 2, 15]","[""PhlF/P2"", ""AmtR/A1"", ""PsrA/R1"", ""SrpR/S4"", ""BM3R1/B3"", ""BetI/E1"", ""QacR/Q2""]",0x2C,7
187bbd1c,0,3.7907446158127103,0.7654725909233093,"[4, 1, 2, 11, 0, 15, 19]","[""BM3R1/B2"", ""AmtR/A1"", ""BetI/E1"", ""PhlF/P2"", ""AmeR/F1"", ""QacR/Q2"", ""SrpR/S4""]",0x2C,7
187bbd1c,0,3.4691938961571167,0.7683265805244446,"[15, 1, 19, 2, 0, 11, 4]","[""QacR/Q2"", ""AmtR/A1"", ""SrpR/S4"", ""BetI/E1"", ""AmeR/F1"", ""PhlF/P2"", ""BM3R1/B2""]",0x2C,7
187bbd1c,0,0.08103736407802237,0.8055874705314636,"[15, 1, 19, 4, 10, 2, 0]","[""QacR/Q2"", ""AmtR/A1"", ""SrpR/S4"", ""BM3R1/B2"", ""PhlF/P1"", ""BetI/E1"", ""AmeR/F1""]",0x2C,7
187bbd1c,0,3.916458548560275,0.7569356560707092,"[2, 1, 13, 11, 19, 15, 4]","[""BetI/E1"", ""AmtR/A1"", ""PsrA/R1"", ""PhlF/P2"", ""SrpR/S4"", ""QacR/Q2"", ""BM3R1/B2""]",0x2C,7
187bbd1c,0,7.201193338874095,0.7435843348503113,"[11, 1, 13, 17, 4, 2, 15]","[""PhlF/P2"", ""AmtR/A1"", ""PsrA/R1"", ""SrpR/S2"", ""BM3R1/B2"", ""BetI/E1"", ""QacR/Q2""]",0x2C,7
187bbd1c,0,6.34012609991785,0.7465440034866333,"[4, 1, 13, 11, 19, 15, 2]","[""BM3R1/B2"", ""AmtR/A1"", ""PsrA/R1"", ""PhlF/P2"", ""SrpR/S4"", ""QacR/Q2"", ""BetI/E1""]",0x2C,7
187bbd1c,0,7.435897851157114,0.7339136600494385,"[11, 1, 13, 2, 4, 15, 17]","[""PhlF/P2"", ""AmtR/A1"", ""PsrA/R1"", ""BetI/E1"", ""BM3R1/B2"", ""QacR/Q2"", ""SrpR/S2""]",0x2C,7
187bbd1c,0,2.7890290058750753,0.7802795767784119,"[15, 1, 17, 2, 10, 13, 4]","[""QacR/Q2"", ""AmtR/A1"", ""SrpR/S2"", ""BetI/E1"", ""PhlF/P1"", ""PsrA/R1"", ""BM3R1/B2""]",0x2C,7
187bbd1c,0,8.066752408445355,0.6892916560173035,"[11, 5, 2, 19, 13, 15, 1]","[""PhlF/P2"", ""BM3R1/B3"", ""BetI/E1"", ""SrpR/S4"", ""PsrA/R1"", ""QacR/Q2"", ""AmtR/A1""]",0x2C,7
187bbd1c,0,2.6004169150516216,0.7828660011291504,"[15, 2, 19, 1, 10, 13, 4]","[""QacR/Q2"", ""BetI/E1"", ""SrpR/S4"", ""AmtR/A1"", ""PhlF/P1"", ""PsrA/R1"", ""BM3R1/B2""]",0x2C,7
187bbd1c,0,8.654271416792454,0.5034774541854858,"[11, 5, 15, 19, 7, 13, 1]","[""PhlF/P2"", ""BM3R1/B3"", ""QacR/Q2"", ""SrpR/S4"", ""IcaRA/I1"", ""PsrA/R1"", ""AmtR/A1""]",0x2C,7
187bbd1c,0,4.374710911226658,0.7506484985351562,"[5, 13, 15, 17, 10, 1, 2]","[""BM3R1/B3"", ""PsrA/R1"", ""QacR/Q2"", ""SrpR/S2"", ""PhlF/P1"", ""AmtR/A1"", ""BetI/E1""]",0x2C,7
187bbd1c,0,5.711402101301627,0.747856080532074,"[2, 1, 15, 11, 4, 13, 17]","[""BetI/E1"", ""AmtR/A1"", ""QacR/Q2"", ""PhlF/P2"", ""BM3R1/B2"", ""PsrA/R1"", ""SrpR/S2""]",0x2C,7
187bbd1c,0,8.734499182086939,0.4154016077518463,"[11, 13, 14, 7, 3, 19, 2]","[""PhlF/P2"", ""PsrA/R1"", ""QacR/Q1"", ""IcaRA/I1"", ""BM3R1/B1"", ""SrpR/S4"", ""BetI/E1""]",0x2C,7
187bbd1c,0,0.9672201011223458,0.803557813167572,"[15, 1, 2, 4, 10, 19, 0]","[""QacR/Q2"", ""AmtR/A1"", ""BetI/E1"", ""BM3R1/B2"", ""PhlF/P1"", ""SrpR/S4"", ""AmeR/F1""]",0x2C,7
187bbd1c,0,4.30500310956534,0.7515333294868469,"[15, 13, 19, 2, 5, 1, 11]","[""QacR/Q2"", ""PsrA/R1"", ""SrpR/S4"", ""BetI/E1"", ""BM3R1/B3"", ""AmtR/A1"", ""PhlF/P2""]",0x2C,7
187bbd1c,0,3.4639351555152436,0.7713990807533264,"[19, 1, 2, 4, 10, 13, 15]","[""SrpR/S4"", ""AmtR/A1"", ""BetI/E1"", ""BM3R1/B2"", ""PhlF/P1"", ""PsrA/R1"", ""QacR/Q2""]",0x2C,7
187bbd1c,0,8.607040267164342,0.6021184325218201,"[11, 1, 15, 2, 3, 18, 13]","[""PhlF/P2"", ""AmtR/A1"", ""QacR/Q2"", ""BetI/E1"", ""BM3R1/B1"", ""SrpR/S3"", ""PsrA/R1""]",0x2C,7
187bbd1c,0,8.562199793732884,0.6879615783691406,"[11, 5, 15, 19, 9, 13, 1]","[""PhlF/P2"", ""BM3R1/B3"", ""QacR/Q2"", ""SrpR/S4"", ""LmrA/N1"", ""PsrA/R1"", ""AmtR/A1""]",0x2C,7
187bbd1c,0,8.050900175514103,0.7160664200782776,"[11, 1, 15, 17, 5, 2, 13]","[""PhlF/P2"", ""AmtR/A1"", ""QacR/Q2"", ""SrpR/S2"", ""BM3R1/B3"", ""BetI/E1"", ""PsrA/R1""]",0x2C,7
187bbd1c,0,5.3310842278235056,0.7504040598869324,"[2, 1, 15, 11, 4, 13, 19]","[""BetI/E1"", ""AmtR/A1"", ""QacR/Q2"", ""PhlF/P2"", ""BM3R1/B2"", ""PsrA/R1"", ""SrpR/S4""]",0x2C,7
187bbd1c,0,-0.004522485523822452,0.8072977066040039,"[15, 2, 10, 4, 1, 19, 0]","[""QacR/Q2"", ""BetI/E1"", ""PhlF/P1"", ""BM3R1/B2"", ""AmtR/A1"", ""SrpR/S4"", ""AmeR/F1""]",0x2C,7
001e156f,0,8.861260165338084,0.8486684560775757,"[11, 8, 15, 4]","[""PhlF/P2"", ""LitR/L1"", ""QacR/Q2"", ""BM3R1/B2""]",0x03,4
001e156f,0,7.7679353860255915,0.8941624164581299,"[11, 15, 2, 4]","[""PhlF/P2"", ""QacR/Q2"", ""BetI/E1"", ""BM3R1/B2""]",0x03,4
001e156f,0,10.022330219777071,0.8114020228385925,"[11, 19, 2, 3]","[""PhlF/P2"", ""SrpR/S4"", ""BetI/E1"", ""BM3R1/B1""]",0x03,4
001e156f,0,8.213817237938184,0.8925686478614807,"[11, 19, 2, 4]","[""PhlF/P2"", ""SrpR/S4"", ""BetI/E1"", ""BM3R1/B2""]",0x03,4
001e156f,0,8.775312379585523,0.8922125697135925,"[11, 19, 2, 5]","[""PhlF/P2"", ""SrpR/S4"", ""BetI/E1"", ""BM3R1/B3""]",0x03,4
001e156f,0,8.935434226703054,0.831587016582489,"[11, 19, 13, 4]","[""PhlF/P2"", ""SrpR/S4"", ""PsrA/R1"", ""BM3R1/B2""]",0x03,4
001e156f,0,8.798194507134287,0.8579648733139038,"[11, 19, 15, 5]","[""PhlF/P2"", ""SrpR/S4"", ""QacR/Q2"", ""BM3R1/B3""]",0x03,4
001e156f,1,1.7803707558238828,0.9636063575744628,"[1, 10, 8, 19]","[""AmtR/A1"", ""PhlF/P1"", ""LitR/L1"", ""SrpR/S4""]",0x03,4
001e156f,1,4.586939061251855,0.925972580909729,"[2, 5, 15, 19]","[""BetI/E1"", ""BM3R1/B3"", ""QacR/Q2"", ""SrpR/S4""]",0x03,4
001e156f,1,4.489869269865231,0.9308311939239502,"[4, 10, 2, 19]","[""BM3R1/B2"", ""PhlF/P1"", ""BetI/E1"", ""SrpR/S4""]",0x03,4
001e156f,1,4.88973139412643,0.9213777780532836,"[4, 10, 15, 19]","[""BM3R1/B2"", ""PhlF/P1"", ""QacR/Q2"", ""SrpR/S4""]",0x03,4
001e156f,1,9.121448305293608,0.818943977355957,"[11, 2, 19, 3]","[""PhlF/P2"", ""BetI/E1"", ""SrpR/S4"", ""BM3R1/B1""]",0x03,4
001e156f,1,10.334676877326784,0.8080511093139648,"[11, 5, 15, 16]","[""PhlF/P2"", ""BM3R1/B3"", ""QacR/Q2"", ""SrpR/S1""]",0x03,4
001e156f,1,6.95514188283364,0.9126737117767334,"[11, 5, 15, 19]","[""PhlF/P2"", ""BM3R1/B3"", ""QacR/Q2"", ""SrpR/S4""]",0x03,4
001e156f,1,10.475795637102765,0.7718247771263123,"[11, 15, 1, 16]","[""PhlF/P2"", ""QacR/Q2"", ""AmtR/A1"", ""SrpR/S1""]",0x03,4
001e156f,1,10.448329336420768,0.8052389621734619,"[11, 15, 4, 16]","[""PhlF/P2"", ""QacR/Q2"", ""BM3R1/B2"", ""SrpR/S1""]",0x03,4
001e156f,1,9.448415170203612,0.8167181015014648,"[11, 19, 2, 3]","[""PhlF/P2"", ""SrpR/S4"", ""BetI/E1"", ""BM3R1/B1""]",0x03,4
001e156f,1,9.013208670133746,0.8256537914276123,"[11, 19, 13, 5]","[""PhlF/P2"", ""SrpR/S4"", ""PsrA/R1"", ""BM3R1/B3""]",0x03,4
019e39ef,0,5.268186309440738,0.9031532406806946,"[4, 2, 15, 11]","[""BM3R1/B2"", ""BetI/E1"", ""QacR/Q2"", ""PhlF/P2""]",0x03,4
019e39ef,0,4.086496501254396,0.940784513950348,"[4, 2, 15, 19]","[""BM3R1/B2"", ""BetI/E1"", ""QacR/Q2"", ""SrpR/S4""]",0x03,4
019e39ef,0,4.910959511138821,0.9149780869483948,"[4, 10, 2, 19]","[""BM3R1/B2"", ""PhlF/P1"", ""BetI/E1"", ""SrpR/S4""]",0x03,4
019e39ef,0,5.140524626353577,0.907716691493988,"[4, 10, 15, 19]","[""BM3R1/B2"", ""PhlF/P1"", ""QacR/Q2"", ""SrpR/S4""]",0x03,4
019e39ef,0,7.3359448862990915,0.8637390732765198,"[11, 2, 15, 19]","[""PhlF/P2"", ""BetI/E1"", ""QacR/Q2"", ""SrpR/S4""]",0x03,4
019e39ef,0,8.772095955117543,0.835831344127655,"[11, 2, 19, 3]","[""PhlF/P2"", ""BetI/E1"", ""SrpR/S4"", ""BM3R1/B1""]",0x03,4
019e39ef,0,7.979446740107657,0.8550555109977722,"[11, 2, 19, 5]","[""PhlF/P2"", ""BetI/E1"", ""SrpR/S4"", ""BM3R1/B3""]",0x03,4
019e39ef,0,8.649155069593249,0.8439862132072449,"[11, 15, 2, 5]","[""PhlF/P2"", ""QacR/Q2"", ""BetI/E1"", ""BM3R1/B3""]",0x03,4
019e39ef,0,8.597683075852851,0.8536455631256104,"[11, 19, 2, 5]","[""PhlF/P2"", ""SrpR/S4"", ""BetI/E1"", ""BM3R1/B3""]",0x03,4
019e39ef,0,6.2057216702188205,0.8948835730552673,"[19, 10, 2, 4]","[""SrpR/S4"", ""PhlF/P1"", ""BetI/E1"", ""BM3R1/B2""]",0x03,4
019e39ef,0,6.562915492823242,0.8866731524467468,"[19, 10, 2, 5]","[""SrpR/S4"", ""PhlF/P1"", ""BetI/E1"", ""BM3R1/B3""]",0x03,4
019e39ef,0,6.63704514411863,0.8754127025604248,"[19, 15, 2, 5]","[""SrpR/S4"", ""QacR/Q2"", ""BetI/E1"", ""BM3R1/B3""]",0x03,4
019e39ef,1,5.58934723578302,0.8963474035263062,"[5, 2, 19, 10]","[""BM3R1/B3"", ""BetI/E1"", ""SrpR/S4"", ""PhlF/P1""]",0x03,4
019e39ef,1,10.339908976865797,0.7554377317428589,"[11, 1, 5, 16]","[""PhlF/P2"", ""AmtR/A1"", ""BM3R1/B3"", ""SrpR/S1""]",0x03,4
019e39ef,1,10.32498284766553,0.7757899761199951,"[11, 2, 5, 16]","[""PhlF/P2"", ""BetI/E1"", ""BM3R1/B3"", ""SrpR/S1""]",0x03,4
019e39ef,1,8.955762876135898,0.8239932060241699,"[11, 2, 15, 5]","[""PhlF/P2"", ""BetI/E1"", ""QacR/Q2"", ""BM3R1/B3""]",0x03,4
019e39ef,1,9.891933852551896,0.8166779279708862,"[11, 2, 19, 3]","[""PhlF/P2"", ""BetI/E1"", ""SrpR/S4"", ""BM3R1/B1""]",0x03,4
019e39ef,1,8.811850122597672,0.8264925479888916,"[11, 2, 19, 5]","[""PhlF/P2"", ""BetI/E1"", ""SrpR/S4"", ""BM3R1/B3""]",0x03,4
019e39ef,1,10.343187884625427,0.752611517906189,"[11, 5, 1, 16]","[""PhlF/P2"", ""BM3R1/B3"", ""AmtR/A1"", ""SrpR/S1""]",0x03,4
019e39ef,1,10.406122203978946,0.6953684091567993,"[11, 8, 3, 16]","[""PhlF/P2"", ""LitR/L1"", ""BM3R1/B1"", ""SrpR/S1""]",0x03,4
019e39ef,1,10.404887405650994,0.7196748852729797,"[11, 9, 5, 16]","[""PhlF/P2"", ""LmrA/N1"", ""BM3R1/B3"", ""SrpR/S1""]",0x03,4
2f0ee7b4,1,5.917405953436572,0.8753713965415955,"[2, 4, 1, 10]","[""BetI/E1"", ""BM3R1/B2"", ""AmtR/A1"", ""PhlF/P1""]",0x03,4
2f0ee7b4,1,4.226175938765357,0.8831869959831238,"[2, 4, 15, 10]","[""BetI/E1"", ""BM3R1/B2"", ""QacR/Q2"", ""PhlF/P1""]",0x03,4
2f0ee7b4,1,0.6609016288172481,0.8852760195732117,"[10, 4, 15, 2]","[""PhlF/P1"", ""BM3R1/B2"", ""QacR/Q2"", ""BetI/E1""]",0x03,4
2f0ee7b4,1,9.04868492204986,0.8557989001274109,"[11, 2, 15, 5]","[""PhlF/P2"", ""BetI/E1"", ""QacR/Q2"", ""BM3R1/B3""]",0x03,4
2f0ee7b4,1,6.741014604325293,0.8737143278121948,"[11, 4, 2, 19]","[""PhlF/P2"", ""BM3R1/B2"", ""BetI/E1"", ""SrpR/S4""]",0x03,4
2f0ee7b4,1,7.054716752553678,0.8729780316352844,"[11, 4, 15, 2]","[""PhlF/P2"", ""BM3R1/B2"", ""QacR/Q2"", ""BetI/E1""]",0x03,4
2f0ee7b4,1,7.095197717920145,0.872410237789154,"[11, 4, 15, 19]","[""PhlF/P2"", ""BM3R1/B2"", ""QacR/Q2"", ""SrpR/S4""]",0x03,4
2f0ee7b4,1,7.452028534874997,0.8624707460403442,"[11, 4, 19, 2]","[""PhlF/P2"", ""BM3R1/B2"", ""SrpR/S4"", ""BetI/E1""]",0x03,4
2f0ee7b4,1,9.24437748251024,0.8097936511039734,"[11, 13, 15, 5]","[""PhlF/P2"", ""PsrA/R1"", ""QacR/Q2"", ""BM3R1/B3""]",0x03,4
2f0ee7b4,1,9.411345083149525,0.8013370037078857,"[11, 13, 15, 17]","[""PhlF/P2"", ""PsrA/R1"", ""QacR/Q2"", ""SrpR/S2""]",0x03,4
2f0ee7b4,1,9.56013280110572,0.7997326254844666,"[11, 13, 15, 19]","[""PhlF/P2"", ""PsrA/R1"", ""QacR/Q2"", ""SrpR/S4""]",0x03,4
2f0ee7b4,1,9.626463133299684,0.6870118379592896,"[11, 14, 13, 5]","[""PhlF/P2"", ""QacR/Q1"", ""PsrA/R1"", ""BM3R1/B3""]",0x03,4
2f0ee7b4,1,9.92493878288706,0.6388839483261108,"[11, 14, 13, 8]","[""PhlF/P2"", ""QacR/Q1"", ""PsrA/R1"", ""LitR/L1""]",0x03,4
2f0ee7b4,1,9.119507776629789,0.8223992586135864,"[11, 15, 2, 17]","[""PhlF/P2"", ""QacR/Q2"", ""BetI/E1"", ""SrpR/S2""]",0x03,4
2f0ee7b4,1,9.07957316176427,0.8504988551139832,"[11, 19, 15, 5]","[""PhlF/P2"", ""SrpR/S4"", ""QacR/Q2"", ""BM3R1/B3""]",0x03,4
2f0ee7b4,1,5.661629592239875,0.8810264468193054,"[15, 4, 19, 10]","[""QacR/Q2"", ""BM3R1/B2"", ""SrpR/S4"", ""PhlF/P1""]",0x03,4
2f0ee7b4,1,5.907167942567218,0.8755204677581787,"[19, 4, 1, 2]","[""SrpR/S4"", ""BM3R1/B2"", ""AmtR/A1"", ""BetI/E1""]",0x03,4
68236200,0,9.592479393057276,0.7594503164291382,"[2, 11, 16, 15]","[""BetI/E1"", ""PhlF/P2"", ""SrpR/S1"", ""QacR/Q2""]",0x03,4
68236200,0,9.959522500160544,0.7373321056365967,"[5, 11, 16, 1]","[""BM3R1/B3"", ""PhlF/P2"", ""SrpR/S1"", ""AmtR/A1""]",0x03,4
68236200,0,9.775888433772185,0.7594319581985474,"[5, 11, 16, 15]","[""BM3R1/B3"", ""PhlF/P2"", ""SrpR/S1"", ""QacR/Q2""]",0x03,4
68236200,1,7.541516027682475,0.8652468919754028,"[1, 11, 19, 2]","[""AmtR/A1"", ""PhlF/P2"", ""SrpR/S4"", ""BetI/E1""]",0x03,4
68236200,1,4.752880610884892,0.9003002047538757,"[1, 15, 10, 19]","[""AmtR/A1"", ""QacR/Q2"", ""PhlF/P1"", ""SrpR/S4""]",0x03,4
68236200,1,6.671754629104025,0.8898165225982666,"[2, 5, 10, 15]","[""BetI/E1"", ""BM3R1/B3"", ""PhlF/P1"", ""QacR/Q2""]",0x03,4
68236200,1,7.559003931323826,0.8631821870803833,"[2, 11, 5, 15]","[""BetI/E1"", ""PhlF/P2"", ""BM3R1/B3"", ""QacR/Q2""]",0x03,4
68236200,1,9.540197109042122,0.7614768147468567,"[2, 11, 8, 13]","[""BetI/E1"", ""PhlF/P2"", ""LitR/L1"", ""PsrA/R1""]",0x03,4
68236200,1,10.3554214043701,0.7366962432861328,"[2, 11, 16, 13]","[""BetI/E1"", ""PhlF/P2"", ""SrpR/S1"", ""PsrA/R1""]",0x03,4
68236200,1,9.812872763494527,0.7458651065826416,"[2, 11, 16, 15]","[""BetI/E1"", ""PhlF/P2"", ""SrpR/S1"", ""QacR/Q2""]",0x03,4
68236200,1,9.498662739140295,0.8109540939331055,"[2, 11, 19, 13]","[""BetI/E1"", ""PhlF/P2"", ""SrpR/S4"", ""PsrA/R1""]",0x03,4
68236200,1,8.770948947606048,0.8561496734619141,"[2, 11, 19, 15]","[""BetI/E1"", ""PhlF/P2"", ""SrpR/S4"", ""QacR/Q2""]",0x03,4
68236200,1,3.215956698145651,0.9180587530136108,"[2, 15, 10, 4]","[""BetI/E1"", ""QacR/Q2"", ""PhlF/P1"", ""BM3R1/B2""]",0x03,4
68236200,1,3.664093175970362,0.9174628853797911,"[4, 15, 10, 1]","[""BM3R1/B2"", ""QacR/Q2"", ""PhlF/P1"", ""AmtR/A1""]",0x03,4
68236200,1,4.05931111998241,0.9150254726409912,"[4, 19, 10, 15]","[""BM3R1/B2"", ""SrpR/S4"", ""PhlF/P1"", ""QacR/Q2""]",0x03,4
68236200,1,7.513997036313224,0.8732866644859314,"[5, 11, 19, 2]","[""BM3R1/B3"", ""PhlF/P2"", ""SrpR/S4"", ""BetI/E1""]",0x03,4
68236200,1,4.727649514263761,0.9009281992912292,"[5, 19, 10, 2]","[""BM3R1/B3"", ""SrpR/S4"", ""PhlF/P1"", ""BetI/E1""]",0x03,4
68236200,1,4.711142328018762,0.9056769609451294,"[5, 19, 10, 15]","[""BM3R1/B3"", ""SrpR/S4"", ""PhlF/P1"", ""QacR/Q2""]",0x03,4
68236200,1,0.08862942350178352,0.92294180393219,"[10, 5, 2, 19]","[""PhlF/P1"", ""BM3R1/B3"", ""BetI/E1"", ""SrpR/S4""]",0x03,4
68236200,1,8.543612914200295,0.8598579168319702,"[15, 11, 19, 2]","[""QacR/Q2"", ""PhlF/P2"", ""SrpR/S4"", ""BetI/E1""]",0x03,4
68236200,1,6.327739843282089,0.8988804221153259,"[17, 5, 10, 15]","[""SrpR/S2"", ""BM3R1/B3"", ""PhlF/P1"", ""QacR/Q2""]",0x03,4
7868634e,0,6.244504513189115,0.9269381165504456,"[2, 5, 15, 10]","[""BetI/E1"", ""BM3R1/B3"", ""QacR/Q2"", ""PhlF/P1""]",0x03,4
7868634e,0,10.357475491283036,0.791004478931427,"[11, 2, 5, 16]","[""PhlF/P2"", ""BetI/E1"", ""BM3R1/B3"", ""SrpR/S1""]",0x03,4
7868634e,0,8.973782134927294,0.8694919347763062,"[11, 2, 13, 4]","[""PhlF/P2"", ""BetI/E1"", ""PsrA/R1"", ""BM3R1/B2""]",0x03,4
7868634e,0,8.354539013172174,0.9000145196914673,"[11, 2, 15, 4]","[""PhlF/P2"", ""BetI/E1"", ""QacR/Q2"", ""BM3R1/B2""]",0x03,4
7868634e,0,8.90867242748626,0.8723365068435669,"[11, 2, 15, 5]","[""PhlF/P2"", ""BetI/E1"", ""QacR/Q2"", ""BM3R1/B3""]",0x03,4
7868634e,0,10.403042849040043,0.785550057888031,"[11, 2, 15, 16]","[""PhlF/P2"", ""BetI/E1"", ""QacR/Q2"", ""SrpR/S1""]",0x03,4
7868634e,0,9.772647221797861,0.8471236228942871,"[11, 2, 19, 3]","[""PhlF/P2"", ""BetI/E1"", ""SrpR/S4"", ""BM3R1/B1""]",0x03,4
7868634e,0,10.260786476029793,0.8226560354232788,"[11, 5, 15, 16]","[""PhlF/P2"", ""BM3R1/B3"", ""QacR/Q2"", ""SrpR/S1""]",0x03,4
7868634e,0,10.534225809902242,0.7653583288192749,"[11, 13, 15, 16]","[""PhlF/P2"", ""PsrA/R1"", ""QacR/Q2"", ""SrpR/S1""]",0x03,4
7868634e,0,8.60417788561477,0.8794060945510864,"[11, 15, 2, 5]","[""PhlF/P2"", ""QacR/Q2"", ""BetI/E1"", ""BM3R1/B3""]",0x03,4
7868634e,0,8.418486012163635,0.8964331150054932,"[11, 19, 2, 4]","[""PhlF/P2"", ""SrpR/S4"", ""BetI/E1"", ""BM3R1/B2""]",0x03,4
7868634e,0,6.096349860444368,0.9347776174545288,"[19, 10, 2, 4]","[""SrpR/S4"", ""PhlF/P1"", ""BetI/E1"", ""BM3R1/B2""]",0x03,4
7868634e,1,5.493434286462605,0.9796973466873168,"[2, 10, 7, 4]","[""BetI/E1"", ""PhlF/P1"", ""IcaRA/I1"", ""BM3R1/B2""]",0x03,4
7868634e,1,2.496174648629258,0.9880783557891846,"[2, 10, 8, 15]","[""BetI/E1"", ""PhlF/P1"", ""LitR/L1"", ""QacR/Q2""]",0x03,4
7868634e,1,5.684721336986368,0.9624000787734984,"[2, 10, 15, 4]","[""BetI/E1"", ""PhlF/P1"", ""QacR/Q2"", ""BM3R1/B2""]",0x03,4
7868634e,1,5.631786206313365,0.966033935546875,"[2, 10, 18, 5]","[""BetI/E1"", ""PhlF/P1"", ""SrpR/S3"", ""BM3R1/B3""]",0x03,4
7868634e,1,7.086029615261061,0.9258276224136353,"[11, 2, 19, 5]","[""PhlF/P2"", ""BetI/E1"", ""SrpR/S4"", ""BM3R1/B3""]",0x03,4
7868634e,1,9.805683855683712,0.8245662450790405,"[11, 5, 15, 16]","[""PhlF/P2"", ""BM3R1/B3"", ""QacR/Q2"", ""SrpR/S1""]",0x03,4
7868634e,1,8.218863989000178,0.9217513203620912,"[11, 19, 15, 4]","[""PhlF/P2"", ""SrpR/S4"", ""QacR/Q2"", ""BM3R1/B2""]",0x03,4
7868634e,1,5.909363740633248,0.9533875584602356,"[19, 10, 15, 4]","[""SrpR/S4"", ""PhlF/P1"", ""QacR/Q2"", ""BM3R1/B2""]",0x03,4
009fd716,0,6.599915905957283,0.8743242621421814,"[1, 19, 4, 15, 11]","[""AmtR/A1"", ""SrpR/S4"", ""BM3R1/B2"", ""QacR/Q2"", ""PhlF/P2""]",0x03,5
009fd716,0,6.559214975974215,0.8803633451461792,"[2, 19, 4, 15, 11]","[""BetI/E1"", ""SrpR/S4"", ""BM3R1/B2"", ""QacR/Q2"", ""PhlF/P2""]",0x03,5
009fd716,0,10.018847073290786,0.7923151254653931,"[2, 19, 11, 13, 5]","[""BetI/E1"", ""SrpR/S4"", ""PhlF/P2"", ""PsrA/R1"", ""BM3R1/B3""]",0x03,5
009fd716,0,9.516744452905744,0.8199253082275391,"[2, 19, 11, 15, 5]","[""BetI/E1"", ""SrpR/S4"", ""PhlF/P2"", ""QacR/Q2"", ""BM3R1/B3""]",0x03,5
009fd716,0,10.444143001060363,0.6747981309890747,"[5, 9, 11, 13, 16]","[""BM3R1/B3"", ""LmrA/N1"", ""PhlF/P2"", ""PsrA/R1"", ""SrpR/S1""]",0x03,5
009fd716,0,8.125462030053022,0.8540040850639343,"[15, 5, 19, 2, 11]","[""QacR/Q2"", ""BM3R1/B3"", ""SrpR/S4"", ""BetI/E1"", ""PhlF/P2""]",0x03,5
009fd716,0,9.77569305923648,0.8032032251358032,"[15, 19, 11, 13, 5]","[""QacR/Q2"", ""SrpR/S4"", ""PhlF/P2"", ""PsrA/R1"", ""BM3R1/B3""]",0x03,5
009fd716,0,6.9452064431137295,0.8596003651618958,"[19, 10, 2, 15, 5]","[""SrpR/S4"", ""PhlF/P1"", ""BetI/E1"", ""QacR/Q2"", ""BM3R1/B3""]",0x03,5
009fd716,1,10.451047823245958,0.6675034761428833,"[0, 9, 11, 15, 16]","[""AmeR/F1"", ""LmrA/N1"", ""PhlF/P2"", ""QacR/Q2"", ""SrpR/S1""]",0x03,5
009fd716,1,10.417093290336544,0.7264004945755005,"[1, 9, 11, 15, 16]","[""AmtR/A1"", ""LmrA/N1"", ""PhlF/P2"", ""QacR/Q2"", ""SrpR/S1""]",0x03,5
009fd716,1,7.475064329019662,0.858394980430603,"[1, 19, 2, 15, 11]","[""AmtR/A1"", ""SrpR/S4"", ""BetI/E1"", ""QacR/Q2"", ""PhlF/P2""]",0x03,5
009fd716,1,5.2849219280840884,0.8947314023971558,"[1, 19, 4, 15, 10]","[""AmtR/A1"", ""SrpR/S4"", ""BM3R1/B2"", ""QacR/Q2"", ""PhlF/P1""]",0x03,5
009fd716,1,9.769766227724524,0.8032746315002441,"[1, 19, 11, 13, 5]","[""AmtR/A1"", ""SrpR/S4"", ""PhlF/P2"", ""PsrA/R1"", ""BM3R1/B3""]",0x03,5
009fd716,1,9.399548617251401,0.8424556255340576,"[1, 19, 11, 15, 5]","[""AmtR/A1"", ""SrpR/S4"", ""PhlF/P2"", ""QacR/Q2"", ""BM3R1/B3""]",0x03,5
009fd716,1,10.364975009214298,0.7737815380096436,"[2, 5, 11, 1, 16]","[""BetI/E1"", ""BM3R1/B3"", ""PhlF/P2"", ""AmtR/A1"", ""SrpR/S1""]",0x03,5
009fd716,1,10.425524543493841,0.7258522510528564,"[2, 9, 11, 15, 16]","[""BetI/E1"", ""LmrA/N1"", ""PhlF/P2"", ""QacR/Q2"", ""SrpR/S1""]",0x03,5
009fd716,1,6.562623829500265,0.8756725788116455,"[2, 10, 19, 15, 4]","[""BetI/E1"", ""PhlF/P1"", ""SrpR/S4"", ""QacR/Q2"", ""BM3R1/B2""]",0x03,5
009fd716,1,5.235088220859763,0.8976149559020996,"[2, 19, 4, 15, 10]","[""BetI/E1"", ""SrpR/S4"", ""BM3R1/B2"", ""QacR/Q2"", ""PhlF/P1""]",0x03,5
009fd716,1,6.389173104200214,0.8928570747375488,"[2, 19, 4, 15, 11]","[""BetI/E1"", ""SrpR/S4"", ""BM3R1/B2"", ""QacR/Q2"", ""PhlF/P2""]",0x03,5
009fd716,1,0.010821735337768987,0.8994846343994141,"[2, 19, 10, 15, 4]","[""BetI/E1"", ""SrpR/S4"", ""PhlF/P1"", ""QacR/Q2"", ""BM3R1/B2""]",0x03,5
009fd716,1,9.743026549775742,0.8041658401489258,"[2, 19, 11, 13, 5]","[""BetI/E1"", ""SrpR/S4"", ""PhlF/P2"", ""PsrA/R1"", ""BM3R1/B3""]",0x03,5
009fd716,1,9.220043044528259,0.8455737829208374,"[2, 19, 11, 15, 5]","[""BetI/E1"", ""SrpR/S4"", ""PhlF/P2"", ""QacR/Q2"", ""BM3R1/B3""]",0x03,5
009fd716,1,10.38199741298361,0.7515218257904053,"[3, 2, 11, 15, 16]","[""BM3R1/B1"", ""BetI/E1"", ""PhlF/P2"", ""QacR/Q2"", ""SrpR/S1""]",0x03,5
009fd716,1,10.526979373038076,0.6129634380340576,"[3, 8, 11, 6, 16]","[""BM3R1/B1"", ""LitR/L1"", ""PhlF/P2"", ""HlyIIR/H1"", ""SrpR/S1""]",0x03,5
009fd716,1,10.314527236398696,0.7860448360443115,"[5, 15, 11, 2, 16]","[""BM3R1/B3"", ""QacR/Q2"", ""PhlF/P2"", ""BetI/E1"", ""SrpR/S1""]",0x03,5
009fd716,1,10.497504202672022,0.643560528755188,"[8, 9, 11, 3, 16]","[""LitR/L1"", ""LmrA/N1"", ""PhlF/P2"", ""BM3R1/B1"", ""SrpR/S1""]",0x03,5
009fd716,1,10.47836513864655,0.6535086631774902,"[8, 9, 11, 15, 16]","[""LitR/L1"", ""LmrA/N1"", ""PhlF/P2"", ""QacR/Q2"", ""SrpR/S1""]",0x03,5
009fd716,1,6.784233350209807,0.8649612665176392,"[13, 10, 19, 15, 4]","[""PsrA/R1"", ""PhlF/P1"", ""SrpR/S4"", ""QacR/Q2"", ""BM3R1/B2""]",0x03,5
009fd716,1,10.393226122178222,0.7317855358123779,"[15, 2, 11, 13, 16]","[""QacR/Q2"", ""BetI/E1"", ""PhlF/P2"", ""PsrA/R1"", ""SrpR/S1""]",0x03,5
009fd716,1,10.432287779739928,0.7164301872253418,"[15, 3, 11, 1, 16]","[""QacR/Q2"", ""BM3R1/B1"", ""PhlF/P2"", ""AmtR/A1"", ""SrpR/S1""]",0x03,5
009fd716,1,7.874929488915734,0.8558924198150635,"[15, 4, 19, 2, 11]","[""QacR/Q2"", ""BM3R1/B2"", ""SrpR/S4"", ""BetI/E1"", ""PhlF/P2""]",0x03,5
009fd716,1,10.317827848435233,0.7786329984664917,"[15, 5, 11, 2, 16]","[""QacR/Q2"", ""BM3R1/B3"", ""PhlF/P2"", ""BetI/E1"", ""SrpR/S1""]",0x03,5
009fd716,1,10.433118157637479,0.6840542554855347,"[15, 8, 11, 13, 16]","[""QacR/Q2"", ""LitR/L1"", ""PhlF/P2"", ""PsrA/R1"", ""SrpR/S1""]",0x03,5
009fd716,1,6.702409558496945,0.8741505146026611,"[15, 10, 19, 2, 4]","[""QacR/Q2"", ""PhlF/P1"", ""SrpR/S4"", ""BetI/E1"", ""BM3R1/B2""]",0x03,5
009fd716,1,8.969326967624857,0.8539943695068359,"[15, 19, 11, 2, 5]","[""QacR/Q2"", ""SrpR/S4"", ""PhlF/P2"", ""BetI/E1"", ""BM3R1/B3""]",0x03,5
009fd716,1,9.67736942145949,0.8167726993560791,"[15, 19, 11, 13, 5]","[""QacR/Q2"", ""SrpR/S4"", ""PhlF/P2"", ""PsrA/R1"", ""BM3R1/B3""]",0x03,5
009fd716,1,6.471953863323403,0.8842648267745972,"[19, 10, 2, 15, 4]","[""SrpR/S4"", ""PhlF/P1"", ""BetI/E1"", ""QacR/Q2"", ""BM3R1/B2""]",0x03,5
01160282,0,3.8673925280771178,0.8444310426712036,"[2, 4, 17, 10, 15]","[""BetI/E1"", ""BM3R1/B2"", ""SrpR/S2"", ""PhlF/P1"", ""QacR/Q2""]",0x03,5
01160282,0,3.3740263092399525,0.8458104133605957,"[4, 2, 10, 1, 15]","[""BM3R1/B2"", ""BetI/E1"", ""PhlF/P1"", ""AmtR/A1"", ""QacR/Q2""]",0x03,5
01160282,0,0.20982442857741712,0.8494821786880493,"[4, 2, 10, 1, 19]","[""BM3R1/B2"", ""BetI/E1"", ""PhlF/P1"", ""AmtR/A1"", ""SrpR/S4""]",0x03,5
01160282,0,0.07823307705257007,0.850051760673523,"[4, 2, 10, 15, 19]","[""BM3R1/B2"", ""BetI/E1"", ""PhlF/P1"", ""QacR/Q2"", ""SrpR/S4""]",0x03,5
01160282,0,6.073695727186452,0.8357448577880859,"[4, 2, 19, 1, 15]","[""BM3R1/B2"", ""BetI/E1"", ""SrpR/S4"", ""AmtR/A1"", ""QacR/Q2""]",0x03,5
01160282,0,0.10946260866579768,0.8495091795921326,"[4, 19, 10, 15, 2]","[""BM3R1/B2"", ""SrpR/S4"", ""PhlF/P1"", ""QacR/Q2"", ""BetI/E1""]",0x03,5
01160282,0,9.907404250731796,0.7959381341934204,"[11, 2, 0, 5, 15]","[""PhlF/P2"", ""BetI/E1"", ""AmeR/F1"", ""BM3R1/B3"", ""QacR/Q2""]",0x03,5
01160282,0,9.889577859118662,0.8116359710693359,"[11, 2, 1, 5, 15]","[""PhlF/P2"", ""BetI/E1"", ""AmtR/A1"", ""BM3R1/B3"", ""QacR/Q2""]",0x03,5
01160282,0,10.127646937523732,0.7818543910980225,"[11, 2, 17, 5, 13]","[""PhlF/P2"", ""BetI/E1"", ""SrpR/S2"", ""BM3R1/B3"", ""PsrA/R1""]",0x03,5
01160282,0,9.879223132153632,0.8338112831115723,"[11, 2, 17, 5, 15]","[""PhlF/P2"", ""BetI/E1"", ""SrpR/S2"", ""BM3R1/B3"", ""QacR/Q2""]",0x03,5
01160282,0,10.052733206881113,0.7889804840087891,"[11, 2, 19, 5, 13]","[""PhlF/P2"", ""BetI/E1"", ""SrpR/S4"", ""BM3R1/B3"", ""PsrA/R1""]",0x03,5
01160282,0,4.334562726384962,0.8392196893692017,"[11, 4, 17, 2, 15]","[""PhlF/P2"", ""BM3R1/B2"", ""SrpR/S2"", ""BetI/E1"", ""QacR/Q2""]",0x03,5
01160282,0,5.01313743480441,0.8367115259170532,"[11, 4, 17, 15, 2]","[""PhlF/P2"", ""BM3R1/B2"", ""SrpR/S2"", ""QacR/Q2"", ""BetI/E1""]",0x03,5
01160282,0,4.072132604167233,0.8407148122787476,"[11, 4, 19, 2, 15]","[""PhlF/P2"", ""BM3R1/B2"", ""SrpR/S4"", ""BetI/E1"", ""QacR/Q2""]",0x03,5
01160282,0,10.561942469857373,0.7382382154464722,"[11, 15, 2, 3, 13]","[""PhlF/P2"", ""QacR/Q2"", ""BetI/E1"", ""BM3R1/B1"", ""PsrA/R1""]",0x03,5
01160282,0,10.48498301910599,0.7539541721343994,"[11, 15, 2, 4, 13]","[""PhlF/P2"", ""QacR/Q2"", ""BetI/E1"", ""BM3R1/B2"", ""PsrA/R1""]",0x03,5
01160282,0,10.43670124994394,0.7753926515579224,"[11, 15, 2, 5, 13]","[""PhlF/P2"", ""QacR/Q2"", ""BetI/E1"", ""BM3R1/B3"", ""PsrA/R1""]",0x03,5
01160282,0,10.697593218409766,0.720262885093689,"[11, 15, 2, 8, 13]","[""PhlF/P2"", ""QacR/Q2"", ""BetI/E1"", ""LitR/L1"", ""PsrA/R1""]",0x03,5
01160282,0,10.422905152499096,0.7779172658920288,"[11, 15, 19, 5, 13]","[""PhlF/P2"", ""QacR/Q2"", ""SrpR/S4"", ""BM3R1/B3"", ""PsrA/R1""]",0x03,5
01160282,0,10.05190508060059,0.7944488525390625,"[11, 19, 2, 5, 13]","[""PhlF/P2"", ""SrpR/S4"", ""BetI/E1"", ""BM3R1/B3"", ""PsrA/R1""]",0x03,5
01160282,0,-0.056182616844790034,0.8522118330001831,"[15, 19, 4, 2, 10]","[""QacR/Q2"", ""SrpR/S4"", ""BM3R1/B2"", ""BetI/E1"", ""PhlF/P1""]",0x03,5
05bb7f91,0,5.122816464674491,0.9137611985206604,"[4, 19, 10, 7, 15]","[""BM3R1/B2"", ""SrpR/S4"", ""PhlF/P1"", ""IcaRA/I1"", ""QacR/Q2""]",0x03,5
05bb7f91,0,2.581974592554051,0.9329676628112792,"[4, 19, 10, 8, 15]","[""BM3R1/B2"", ""SrpR/S4"", ""PhlF/P1"", ""LitR/L1"", ""QacR/Q2""]",0x03,5
05bb7f91,0,5.366340091992182,0.8901309370994568,"[4, 19, 10, 15, 2]","[""BM3R1/B2"", ""SrpR/S4"", ""PhlF/P1"", ""QacR/Q2"", ""BetI/E1""]",0x03,5
05bb7f91,0,4.624365321406776,0.9318192601203918,"[5, 19, 10, 7, 15]","[""BM3R1/B3"", ""SrpR/S4"", ""PhlF/P1"", ""IcaRA/I1"", ""QacR/Q2""]",0x03,5
05bb7f91,0,0.10428824788605529,0.9437541365623474,"[10, 19, 4, 8, 15]","[""PhlF/P1"", ""SrpR/S4"", ""BM3R1/B2"", ""LitR/L1"", ""QacR/Q2""]",0x03,5
05bb7f91,0,9.382022883950679,0.8275929689407349,"[11, 5, 19, 15, 2]","[""PhlF/P2"", ""BM3R1/B3"", ""SrpR/S4"", ""QacR/Q2"", ""BetI/E1""]",0x03,5
05bb7f91,0,10.3107707175475,0.775358259677887,"[11, 16, 2, 15, 4]","[""PhlF/P2"", ""SrpR/S1"", ""BetI/E1"", ""QacR/Q2"", ""BM3R1/B2""]",0x03,5
05bb7f91,0,10.317355749465062,0.7653290629386902,"[11, 16, 2, 15, 5]","[""PhlF/P2"", ""SrpR/S1"", ""BetI/E1"", ""QacR/Q2"", ""BM3R1/B3""]",0x03,5
05bb7f91,0,7.146008152560294,0.8653727769851685,"[11, 19, 2, 15, 4]","[""PhlF/P2"", ""SrpR/S4"", ""BetI/E1"", ""QacR/Q2"", ""BM3R1/B2""]",0x03,5
05bb7f91,0,6.00526131894185,0.8845174908638,"[19, 4, 10, 2, 8]","[""SrpR/S4"", ""BM3R1/B2"", ""PhlF/P1"", ""BetI/E1"", ""LitR/L1""]",0x03,5
05bb7f91,0,6.181428455005037,0.8821995854377747,"[19, 4, 10, 2, 15]","[""SrpR/S4"", ""BM3R1/B2"", ""PhlF/P1"", ""BetI/E1"", ""QacR/Q2""]",0x03,5
05bb7f91,0,6.22004909832768,0.8783724308013916,"[19, 4, 10, 7, 15]","[""SrpR/S4"", ""BM3R1/B2"", ""PhlF/P1"", ""IcaRA/I1"", ""QacR/Q2""]",0x03,5
05bb7f91,0,6.558224386048628,0.8747846484184265,"[19, 4, 10, 15, 2]","[""SrpR/S4"", ""BM3R1/B2"", ""PhlF/P1"", ""QacR/Q2"", ""BetI/E1""]",0x03,5
05bb7f91,1,9.770998836464914,0.7851782441139221,"[11, 3, 1, 19, 2]","[""PhlF/P2"", ""BM3R1/B1"", ""AmtR/A1"", ""SrpR/S4"", ""BetI/E1""]",0x03,5
05bb7f91,1,8.75070187564612,0.8516237139701843,"[11, 4, 2, 15, 17]","[""PhlF/P2"", ""BM3R1/B2"", ""BetI/E1"", ""QacR/Q2"", ""SrpR/S2""]",0x03,5
05bb7f91,1,8.69462378173152,0.8598816990852356,"[11, 4, 2, 15, 19]","[""PhlF/P2"", ""BM3R1/B2"", ""BetI/E1"", ""QacR/Q2"", ""SrpR/S4""]",0x03,5
05bb7f91,1,9.754204709624474,0.7994902729988098,"[11, 5, 2, 13, 19]","[""PhlF/P2"", ""BM3R1/B3"", ""BetI/E1"", ""PsrA/R1"", ""SrpR/S4""]",0x03,5
05bb7f91,1,9.270692553654463,0.8304787278175354,"[11, 5, 2, 15, 1]","[""PhlF/P2"", ""BM3R1/B3"", ""BetI/E1"", ""QacR/Q2"", ""AmtR/A1""]",0x03,5
05bb7f91,1,9.21631869064496,0.834782063961029,"[11, 5, 2, 15, 19]","[""PhlF/P2"", ""BM3R1/B3"", ""BetI/E1"", ""QacR/Q2"", ""SrpR/S4""]",0x03,5
05bb7f91,1,9.592625039386922,0.8021698594093323,"[11, 5, 15, 13, 19]","[""PhlF/P2"", ""BM3R1/B3"", ""QacR/Q2"", ""PsrA/R1"", ""SrpR/S4""]",0x03,5
05bb7f91,1,10.279150325792257,0.7770029902458191,"[11, 16, 2, 15, 4]","[""PhlF/P2"", ""SrpR/S1"", ""BetI/E1"", ""QacR/Q2"", ""BM3R1/B2""]",0x03,5
05bb7f91,1,10.390461043904372,0.7593556046485901,"[11, 16, 5, 15, 2]","[""PhlF/P2"", ""SrpR/S1"", ""BM3R1/B3"", ""QacR/Q2"", ""BetI/E1""]",0x03,5
05bb7f91,1,10.467714495521216,0.7221397161483765,"[11, 16, 15, 13, 2]","[""PhlF/P2"", ""SrpR/S1"", ""QacR/Q2"", ""PsrA/R1"", ""BetI/E1""]",0x03,5
05bb7f91,1,7.410928361860832,0.8649827241897583,"[11, 19, 2, 15, 4]","[""PhlF/P2"", ""SrpR/S4"", ""BetI/E1"", ""QacR/Q2"", ""BM3R1/B2""]",0x03,5
081a8405,0,4.422140496720375,0.9118916988372804,"[4, 19, 10, 2, 15]","[""BM3R1/B2"", ""SrpR/S4"", ""PhlF/P1"", ""BetI/E1"", ""QacR/Q2""]",0x03,5
081a8405,0,8.36031142214167,0.8650661110877991,"[11, 4, 15, 2, 1]","[""PhlF/P2"", ""BM3R1/B2"", ""QacR/Q2"", ""BetI/E1"", ""AmtR/A1""]",0x03,5
081a8405,0,8.784135280898544,0.8500003814697266,"[11, 5, 15, 2, 1]","[""PhlF/P2"", ""BM3R1/B3"", ""QacR/Q2"", ""BetI/E1"", ""AmtR/A1""]",0x03,5
081a8405,0,10.339200314242301,0.787132740020752,"[11, 16, 2, 5, 15]","[""PhlF/P2"", ""SrpR/S1"", ""BetI/E1"", ""BM3R1/B3"", ""QacR/Q2""]",0x03,5
081a8405,0,10.314894221291604,0.7879582643508911,"[11, 16, 4, 15, 1]","[""PhlF/P2"", ""SrpR/S1"", ""BM3R1/B2"", ""QacR/Q2"", ""AmtR/A1""]",0x03,5
081a8405,0,10.311202006590518,0.7895786762237549,"[11, 16, 4, 15, 2]","[""PhlF/P2"", ""SrpR/S1"", ""BM3R1/B2"", ""QacR/Q2"", ""BetI/E1""]",0x03,5
081a8405,1,1.1210286534486744,0.9316843748092652,"[4, 2, 10, 8, 1]","[""BM3R1/B2"", ""BetI/E1"", ""PhlF/P1"", ""LitR/L1"", ""AmtR/A1""]",0x03,5
081a8405,1,0.74567883701215,0.9352959394454956,"[4, 15, 10, 8, 1]","[""BM3R1/B2"", ""QacR/Q2"", ""PhlF/P1"", ""LitR/L1"", ""AmtR/A1""]",0x03,5
081a8405,1,0.9007127954130504,0.9338133931159972,"[4, 15, 10, 8, 2]","[""BM3R1/B2"", ""QacR/Q2"", ""PhlF/P1"", ""LitR/L1"", ""BetI/E1""]",0x03,5
081a8405,1,4.880029905946895,0.900389552116394,"[4, 19, 10, 2, 1]","[""BM3R1/B2"", ""SrpR/S4"", ""PhlF/P1"", ""BetI/E1"", ""AmtR/A1""]",0x03,5
081a8405,1,4.778828812053853,0.9093390703201294,"[4, 19, 10, 7, 15]","[""BM3R1/B2"", ""SrpR/S4"", ""PhlF/P1"", ""IcaRA/I1"", ""QacR/Q2""]",0x03,5
081a8405,1,1.7706545178137127,0.9265697598457336,"[4, 19, 10, 8, 1]","[""BM3R1/B2"", ""SrpR/S4"", ""PhlF/P1"", ""LitR/L1"", ""AmtR/A1""]",0x03,5
081a8405,1,1.8943713139893639,0.9253617525100708,"[4, 19, 10, 8, 2]","[""BM3R1/B2"", ""SrpR/S4"", ""PhlF/P1"", ""LitR/L1"", ""BetI/E1""]",0x03,5
081a8405,1,5.217228378734144,0.8982905149459839,"[4, 19, 10, 15, 1]","[""BM3R1/B2"", ""SrpR/S4"", ""PhlF/P1"", ""QacR/Q2"", ""AmtR/A1""]",0x03,5
081a8405,1,9.912623776286404,0.8143447637557983,"[11, 3, 19, 2, 1]","[""PhlF/P2"", ""BM3R1/B1"", ""SrpR/S4"", ""BetI/E1"", ""AmtR/A1""]",0x03,5
081a8405,1,9.786906216425784,0.8167752027511597,"[11, 3, 19, 2, 15]","[""PhlF/P2"", ""BM3R1/B1"", ""SrpR/S4"", ""BetI/E1"", ""QacR/Q2""]",0x03,5
081a8405,1,8.23031485141662,0.8843820095062256,"[11, 4, 2, 15, 1]","[""PhlF/P2"", ""BM3R1/B2"", ""BetI/E1"", ""QacR/Q2"", ""AmtR/A1""]",0x03,5
081a8405,1,8.824864663140815,0.8260319232940674,"[11, 4, 15, 13, 19]","[""PhlF/P2"", ""BM3R1/B2"", ""QacR/Q2"", ""PsrA/R1"", ""SrpR/S4""]",0x03,5
081a8405,1,8.97770493648582,0.8210068941116333,"[11, 5, 2, 13, 1]","[""PhlF/P2"", ""BM3R1/B3"", ""BetI/E1"", ""PsrA/R1"", ""AmtR/A1""]",0x03,5
081a8405,1,8.80861544629094,0.8490195870399475,"[11, 5, 2, 15, 1]","[""PhlF/P2"", ""BM3R1/B3"", ""BetI/E1"", ""QacR/Q2"", ""AmtR/A1""]",0x03,5
081a8405,1,8.817723018636475,0.8379076719284058,"[11, 5, 2, 15, 19]","[""PhlF/P2"", ""BM3R1/B3"", ""BetI/E1"", ""QacR/Q2"", ""SrpR/S4""]",0x03,5
081a8405,1,9.092125941186962,0.8174399137496948,"[11, 5, 15, 13, 1]","[""PhlF/P2"", ""BM3R1/B3"", ""QacR/Q2"", ""PsrA/R1"", ""AmtR/A1""]",0x03,5
081a8405,1,8.33846831653408,0.8665610551834106,"[11, 5, 19, 2, 1]","[""PhlF/P2"", ""BM3R1/B3"", ""SrpR/S4"", ""BetI/E1"", ""AmtR/A1""]",0x03,5
081a8405,1,8.849979325561161,0.825985312461853,"[11, 5, 19, 13, 1]","[""PhlF/P2"", ""BM3R1/B3"", ""SrpR/S4"", ""PsrA/R1"", ""AmtR/A1""]",0x03,5
081a8405,1,8.668042264902061,0.8619132041931152,"[11, 5, 19, 15, 1]","[""PhlF/P2"", ""BM3R1/B3"", ""SrpR/S4"", ""QacR/Q2"", ""AmtR/A1""]",0x03,5
081a8405,1,8.600092572364657,0.8626548647880554,"[11, 5, 19, 15, 2]","[""PhlF/P2"", ""BM3R1/B3"", ""SrpR/S4"", ""QacR/Q2"", ""BetI/E1""]",0x03,5
081a8405,1,10.473468811121297,0.6027935147285461,"[11, 16, 0, 8, 14]","[""PhlF/P2"", ""SrpR/S1"", ""AmeR/F1"", ""LitR/L1"", ""QacR/Q1""]",0x03,5
081a8405,1,10.438292491113618,0.7071905136108398,"[11, 16, 1, 3, 14]","[""PhlF/P2"", ""SrpR/S1"", ""AmtR/A1"", ""BM3R1/B1"", ""QacR/Q1""]",0x03,5
081a8405,1,10.442854425854229,0.6987282037734985,"[11, 16, 1, 4, 14]","[""PhlF/P2"", ""SrpR/S1"", ""AmtR/A1"", ""BM3R1/B2"", ""QacR/Q1""]",0x03,5
081a8405,1,10.359602928368243,0.7753580808639526,"[11, 16, 2, 4, 1]","[""PhlF/P2"", ""SrpR/S1"", ""BetI/E1"", ""BM3R1/B2"", ""AmtR/A1""]",0x03,5
081a8405,1,10.342968103250433,0.7860055565834045,"[11, 16, 4, 15, 1]","[""PhlF/P2"", ""SrpR/S1"", ""BM3R1/B2"", ""QacR/Q2"", ""AmtR/A1""]",0x03,5
081a8405,1,10.346791397927294,0.7757341861724854,"[11, 16, 5, 15, 1]","[""PhlF/P2"", ""SrpR/S1"", ""BM3R1/B3"", ""QacR/Q2"", ""AmtR/A1""]",0x03,5
081a8405,1,10.42416321265352,0.7548703551292419,"[11, 16, 8, 3, 1]","[""PhlF/P2"", ""SrpR/S1"", ""LitR/L1"", ""BM3R1/B1"", ""AmtR/A1""]",0x03,5
081a8405,1,10.437202559620182,0.7230672240257263,"[11, 16, 8, 3, 13]","[""PhlF/P2"", ""SrpR/S1"", ""LitR/L1"", ""BM3R1/B1"", ""PsrA/R1""]",0x03,5
081a8405,1,10.469792707751079,0.695615828037262,"[11, 16, 8, 3, 14]","[""PhlF/P2"", ""SrpR/S1"", ""LitR/L1"", ""BM3R1/B1"", ""QacR/Q1""]",0x03,5
081a8405,1,10.388346994367167,0.7571815252304077,"[11, 16, 8, 3, 15]","[""PhlF/P2"", ""SrpR/S1"", ""LitR/L1"", ""BM3R1/B1"", ""QacR/Q2""]",0x03,5
081a8405,1,10.384387217065287,0.773341953754425,"[11, 16, 15, 1, 2]","[""PhlF/P2"", ""SrpR/S1"", ""QacR/Q2"", ""AmtR/A1"", ""BetI/E1""]",0x03,5
081a8405,1,10.369952318474514,0.7733649015426636,"[11, 16, 15, 5, 1]","[""PhlF/P2"", ""SrpR/S1"", ""QacR/Q2"", ""BM3R1/B3"", ""AmtR/A1""]",0x03,5
081a8405,1,6.142694023946277,0.8900413513183594,"[19, 4, 10, 2, 1]","[""SrpR/S4"", ""BM3R1/B2"", ""PhlF/P1"", ""BetI/E1"", ""AmtR/A1""]",0x03,5
081a8405,1,6.358570453499055,0.8874207735061646,"[19, 4, 10, 15, 1]","[""SrpR/S4"", ""BM3R1/B2"", ""PhlF/P1"", ""QacR/Q2"", ""AmtR/A1""]",0x03,5
0899c0ab,0,2.6754151446268244,0.9008680582046508,"[4, 2, 10, 1, 15]","[""BM3R1/B2"", ""BetI/E1"", ""PhlF/P1"", ""AmtR/A1"", ""QacR/Q2""]",0x03,5
0899c0ab,0,5.913360865565169,0.8848156332969666,"[4, 15, 1, 19, 2]","[""BM3R1/B2"", ""QacR/Q2"", ""AmtR/A1"", ""SrpR/S4"", ""BetI/E1""]",0x03,5
0899c0ab,0,1.8041455984668884,0.9141865372657776,"[4, 15, 10, 1, 2]","[""BM3R1/B2"", ""QacR/Q2"", ""PhlF/P1"", ""AmtR/A1"", ""BetI/E1""]",0x03,5
0899c0ab,0,4.509410296505488,0.8910000920295715,"[4, 19, 10, 1, 2]","[""BM3R1/B2"", ""SrpR/S4"", ""PhlF/P1"", ""AmtR/A1"", ""BetI/E1""]",0x03,5
0899c0ab,0,5.109266353678503,0.8854861259460449,"[5, 19, 10, 1, 2]","[""BM3R1/B3"", ""SrpR/S4"", ""PhlF/P1"", ""AmtR/A1"", ""BetI/E1""]",0x03,5
0899c0ab,0,7.645503420691417,0.8675764203071594,"[11, 1, 5, 15, 2]","[""PhlF/P2"", ""AmtR/A1"", ""BM3R1/B3"", ""QacR/Q2"", ""BetI/E1""]",0x03,5
0899c0ab,0,9.904380309672776,0.8521997332572937,"[11, 15, 1, 5, 2]","[""PhlF/P2"", ""QacR/Q2"", ""AmtR/A1"", ""BM3R1/B3"", ""BetI/E1""]",0x03,5
0899c0ab,0,9.638946808359263,0.8558357357978821,"[11, 15, 1, 19, 2]","[""PhlF/P2"", ""QacR/Q2"", ""AmtR/A1"", ""SrpR/S4"", ""BetI/E1""]",0x03,5
0899c0ab,0,2.132619275676448,0.9041385054588318,"[19, 15, 10, 5, 2]","[""SrpR/S4"", ""QacR/Q2"", ""PhlF/P1"", ""BM3R1/B3"", ""BetI/E1""]",0x03,5
0899c0ab,1,4.466354948898757,0.8946740031242371,"[4, 2, 10, 1, 15]","[""BM3R1/B2"", ""BetI/E1"", ""PhlF/P1"", ""AmtR/A1"", ""QacR/Q2""]",0x03,5
0899c0ab,1,2.6498860233825896,0.9013886451721193,"[4, 2, 10, 1, 19]","[""BM3R1/B2"", ""BetI/E1"", ""PhlF/P1"", ""AmtR/A1"", ""SrpR/S4""]",0x03,5
0899c0ab,1,6.155859409758153,0.8754637837409973,"[4, 15, 1, 10, 2]","[""BM3R1/B2"", ""QacR/Q2"", ""AmtR/A1"", ""PhlF/P1"", ""BetI/E1""]",0x03,5
0899c0ab,1,6.318963234032695,0.872342050075531,"[4, 15, 1, 10, 19]","[""BM3R1/B2"", ""QacR/Q2"", ""AmtR/A1"", ""PhlF/P1"", ""SrpR/S4""]",0x03,5
0899c0ab,1,5.9347247967944865,0.8834636807441711,"[4, 15, 1, 19, 2]","[""BM3R1/B2"", ""QacR/Q2"", ""AmtR/A1"", ""SrpR/S4"", ""BetI/E1""]",0x03,5
0899c0ab,1,6.316690601992343,0.875091016292572,"[4, 15, 2, 10, 19]","[""BM3R1/B2"", ""QacR/Q2"", ""BetI/E1"", ""PhlF/P1"", ""SrpR/S4""]",0x03,5
0899c0ab,1,0.8441700561861072,0.9162145256996156,"[4, 15, 10, 2, 19]","[""BM3R1/B2"", ""QacR/Q2"", ""PhlF/P1"", ""BetI/E1"", ""SrpR/S4""]",0x03,5
0899c0ab,1,6.592750372421053,0.8697889447212219,"[5, 15, 2, 10, 19]","[""BM3R1/B3"", ""QacR/Q2"", ""BetI/E1"", ""PhlF/P1"", ""SrpR/S4""]",0x03,5
0899c0ab,1,10.574806691584195,0.7559964060783386,"[11, 13, 0, 4, 15]","[""PhlF/P2"", ""PsrA/R1"", ""AmeR/F1"", ""BM3R1/B2"", ""QacR/Q2""]",0x03,5
0899c0ab,1,10.618071001423859,0.7424638271331787,"[11, 13, 0, 5, 15]","[""PhlF/P2"", ""PsrA/R1"", ""AmeR/F1"", ""BM3R1/B3"", ""QacR/Q2""]",0x03,5
0899c0ab,1,10.487951876656131,0.8011448979377747,"[11, 13, 1, 4, 15]","[""PhlF/P2"", ""PsrA/R1"", ""AmtR/A1"", ""BM3R1/B2"", ""QacR/Q2""]",0x03,5
0899c0ab,1,10.514820583053941,0.7956526279449463,"[11, 13, 1, 5, 15]","[""PhlF/P2"", ""PsrA/R1"", ""AmtR/A1"", ""BM3R1/B3"", ""QacR/Q2""]",0x03,5
0899c0ab,1,10.259041093890387,0.8153378367424011,"[11, 13, 2, 19, 15]","[""PhlF/P2"", ""PsrA/R1"", ""BetI/E1"", ""SrpR/S4"", ""QacR/Q2""]",0x03,5
0899c0ab,1,10.680116640509935,0.5189063549041748,"[11, 13, 7, 3, 15]","[""PhlF/P2"", ""PsrA/R1"", ""IcaRA/I1"", ""BM3R1/B1"", ""QacR/Q2""]",0x03,5
0899c0ab,1,10.65385829006096,0.6480548977851868,"[11, 13, 8, 16, 15]","[""PhlF/P2"", ""PsrA/R1"", ""LitR/L1"", ""SrpR/S1"", ""QacR/Q2""]",0x03,5
0899c0ab,1,10.64238062229255,0.7129402756690979,"[11, 13, 17, 3, 15]","[""PhlF/P2"", ""PsrA/R1"", ""SrpR/S2"", ""BM3R1/B1"", ""QacR/Q2""]",0x03,5
0899c0ab,1,10.55198384018959,0.7924976348876953,"[11, 13, 17, 5, 15]","[""PhlF/P2"", ""PsrA/R1"", ""SrpR/S2"", ""BM3R1/B3"", ""QacR/Q2""]",0x03,5
0899c0ab,1,10.60543012044291,0.7517639994621277,"[11, 13, 18, 4, 15]","[""PhlF/P2"", ""PsrA/R1"", ""SrpR/S3"", ""BM3R1/B2"", ""QacR/Q2""]",0x03,5
0899c0ab,1,10.567572479999544,0.7828474640846252,"[11, 13, 18, 5, 15]","[""PhlF/P2"", ""PsrA/R1"", ""SrpR/S3"", ""BM3R1/B3"", ""QacR/Q2""]",0x03,5
0899c0ab,1,10.42264599255429,0.807239294052124,"[11, 13, 19, 5, 15]","[""PhlF/P2"", ""PsrA/R1"", ""SrpR/S4"", ""BM3R1/B3"", ""QacR/Q2""]",0x03,5
0899c0ab,1,9.440961274124186,0.8587421178817749,"[11, 15, 1, 5, 19]","[""PhlF/P2"", ""QacR/Q2"", ""AmtR/A1"", ""BM3R1/B3"", ""SrpR/S4""]",0x03,5
0899c0ab,1,9.29339853668108,0.8610748648643494,"[11, 15, 2, 5, 19]","[""PhlF/P2"", ""QacR/Q2"", ""BetI/E1"", ""BM3R1/B3"", ""SrpR/S4""]",0x03,5
0899c0ab,1,10.026250386720209,0.8239809274673462,"[11, 15, 13, 5, 2]","[""PhlF/P2"", ""QacR/Q2"", ""PsrA/R1"", ""BM3R1/B3"", ""BetI/E1""]",0x03,5
0899c0ab,1,9.98977014699373,0.8516499400138855,"[11, 15, 19, 5, 2]","[""PhlF/P2"", ""QacR/Q2"", ""SrpR/S4"", ""BM3R1/B3"", ""BetI/E1""]",0x03,5
0055f301,0,6.244663322099061,0.8547466993331909,"[4, 1, 10, 2, 15, 19]","[""BM3R1/B2"", ""AmtR/A1"", ""PhlF/P1"", ""BetI/E1"", ""QacR/Q2"", ""SrpR/S4""]",0x03,6
0055f301,0,5.811035271424971,0.858262300491333,"[4, 1, 10, 15, 2, 19]","[""BM3R1/B2"", ""AmtR/A1"", ""PhlF/P1"", ""QacR/Q2"", ""BetI/E1"", ""SrpR/S4""]",0x03,6
0055f301,0,5.712171692600275,0.8599443435668945,"[4, 1, 10, 19, 2, 15]","[""BM3R1/B2"", ""AmtR/A1"", ""PhlF/P1"", ""SrpR/S4"", ""BetI/E1"", ""QacR/Q2""]",0x03,6
0055f301,0,6.1999592442066085,0.855918288230896,"[4, 1, 10, 19, 15, 2]","[""BM3R1/B2"", ""AmtR/A1"", ""PhlF/P1"", ""SrpR/S4"", ""QacR/Q2"", ""BetI/E1""]",0x03,6
0055f301,0,6.0508747741281566,0.856684684753418,"[4, 2, 10, 1, 15, 19]","[""BM3R1/B2"", ""BetI/E1"", ""PhlF/P1"", ""AmtR/A1"", ""QacR/Q2"", ""SrpR/S4""]",0x03,6
0055f301,0,3.8766319756854744,0.8627833127975464,"[4, 10, 1, 17, 2, 15]","[""BM3R1/B2"", ""PhlF/P1"", ""AmtR/A1"", ""SrpR/S2"", ""BetI/E1"", ""QacR/Q2""]",0x03,6
0055f301,0,2.4323641225922126,0.8800457715988159,"[4, 10, 1, 19, 2, 15]","[""BM3R1/B2"", ""PhlF/P1"", ""AmtR/A1"", ""SrpR/S4"", ""BetI/E1"", ""QacR/Q2""]",0x03,6
0055f301,0,0.666532406592498,0.8813962936401367,"[4, 10, 1, 19, 15, 2]","[""BM3R1/B2"", ""PhlF/P1"", ""AmtR/A1"", ""SrpR/S4"", ""QacR/Q2"", ""BetI/E1""]",0x03,6
0055f301,0,6.293934092110841,0.8540762662887573,"[4, 13, 10, 2, 15, 19]","[""BM3R1/B2"", ""PsrA/R1"", ""PhlF/P1"", ""BetI/E1"", ""QacR/Q2"", ""SrpR/S4""]",0x03,6
0055f301,0,11.08286354052254,0.6310017108917236,"[11, 0, 4, 14, 13, 2]","[""PhlF/P2"", ""AmeR/F1"", ""BM3R1/B2"", ""QacR/Q1"", ""PsrA/R1"", ""BetI/E1""]",0x03,6
0055f301,0,11.0792878264055,0.7382177114486694,"[11, 0, 4, 15, 13, 2]","[""PhlF/P2"", ""AmeR/F1"", ""BM3R1/B2"", ""QacR/Q2"", ""PsrA/R1"", ""BetI/E1""]",0x03,6
0055f301,0,10.067423692343134,0.8201428651809692,"[11, 1, 4, 2, 15, 19]","[""PhlF/P2"", ""AmtR/A1"", ""BM3R1/B2"", ""BetI/E1"", ""QacR/Q2"", ""SrpR/S4""]",0x03,6
0055f301,0,9.015804143977432,0.8266446590423584,"[11, 2, 1, 4, 15, 19]","[""PhlF/P2"", ""BetI/E1"", ""AmtR/A1"", ""BM3R1/B2"", ""QacR/Q2"", ""SrpR/S4""]",0x03,6
0055f301,0,9.755285325986282,0.8259364366531372,"[11, 2, 5, 1, 15, 19]","[""PhlF/P2"", ""BetI/E1"", ""BM3R1/B3"", ""AmtR/A1"", ""QacR/Q2"", ""SrpR/S4""]",0x03,6
0055f301,0,10.944673729082915,0.797184944152832,"[11, 2, 5, 15, 13, 19]","[""PhlF/P2"", ""BetI/E1"", ""BM3R1/B3"", ""QacR/Q2"", ""PsrA/R1"", ""SrpR/S4""]",0x03,6
0055f301,0,10.985252090304895,0.794448733329773,"[11, 2, 5, 19, 13, 15]","[""PhlF/P2"", ""BetI/E1"", ""BM3R1/B3"", ""SrpR/S4"", ""PsrA/R1"", ""QacR/Q2""]",0x03,6
0055f301,0,9.716125317493496,0.826554536819458,"[11, 2, 5, 19, 15, 1]","[""PhlF/P2"", ""BetI/E1"", ""BM3R1/B3"", ""SrpR/S4"", ""QacR/Q2"", ""AmtR/A1""]",0x03,6
0055f301,0,7.205018215871766,0.8356932401657104,"[11, 2, 19, 1, 15, 4]","[""PhlF/P2"", ""BetI/E1"", ""SrpR/S4"", ""AmtR/A1"", ""QacR/Q2"", ""BM3R1/B2""]",0x03,6
0055f301,0,6.386809636378159,0.8413815498352051,"[11, 2, 19, 4, 15, 1]","[""PhlF/P2"", ""BetI/E1"", ""SrpR/S4"", ""BM3R1/B2"", ""QacR/Q2"", ""AmtR/A1""]",0x03,6
0055f301,0,10.098317912406118,0.8181111812591553,"[11, 13, 5, 2, 15, 19]","[""PhlF/P2"", ""PsrA/R1"", ""BM3R1/B3"", ""BetI/E1"", ""QacR/Q2"", ""SrpR/S4""]",0x03,6
0055f301,0,10.792388480673523,0.7976062297821045,"[11, 15, 4, 2, 13, 19]","[""PhlF/P2"", ""QacR/Q2"", ""BM3R1/B2"", ""BetI/E1"", ""PsrA/R1"", ""SrpR/S4""]",0x03,6
0055f301,0,10.220386594371568,0.7994886636734009,"[11, 15, 19, 2, 13, 5]","[""PhlF/P2"", ""QacR/Q2"", ""SrpR/S4"", ""BetI/E1"", ""PsrA/R1"", ""BM3R1/B3""]",0x03,6
0055f301,0,11.090349260409617,0.5945560932159424,"[11, 17, 3, 14, 13, 2]","[""PhlF/P2"", ""SrpR/S2"", ""BM3R1/B1"", ""QacR/Q1"", ""PsrA/R1"", ""BetI/E1""]",0x03,6
0055f301,0,11.036673511277078,0.7741881608963013,"[11, 17, 5, 15, 13, 2]","[""PhlF/P2"", ""SrpR/S2"", ""BM3R1/B3"", ""QacR/Q2"", ""PsrA/R1"", ""BetI/E1""]",0x03,6
0055f301,0,11.06672449308204,0.7403438091278076,"[11, 18, 4, 15, 13, 2]","[""PhlF/P2"", ""SrpR/S3"", ""BM3R1/B2"", ""QacR/Q2"", ""PsrA/R1"", ""BetI/E1""]",0x03,6
0055f301,0,11.051242137561008,0.7740403413772583,"[11, 19, 4, 15, 13, 2]","[""PhlF/P2"", ""SrpR/S4"", ""BM3R1/B2"", ""QacR/Q2"", ""PsrA/R1"", ""BetI/E1""]",0x03,6
0055f301,0,11.030832124928848,0.786523699760437,"[11, 19, 5, 15, 13, 2]","[""PhlF/P2"", ""SrpR/S4"", ""BM3R1/B3"", ""QacR/Q2"", ""PsrA/R1"", ""BetI/E1""]",0x03,6
0055f301,1,10.157959490031926,0.806647002696991,"[11, 1, 4, 2, 15, 19]","[""PhlF/P2"", ""AmtR/A1"", ""BM3R1/B2"", ""BetI/E1"", ""QacR/Q2"", ""SrpR/S4""]",0x03,6
0055f301,1,10.169651331980628,0.8021291494369507,"[11, 13, 5, 2, 15, 19]","[""PhlF/P2"", ""PsrA/R1"", ""BM3R1/B3"", ""BetI/E1"", ""QacR/Q2"", ""SrpR/S4""]",0x03,6
0055f301,1,8.153336013782702,0.8278238773345947,"[11, 15, 19, 1, 2, 4]","[""PhlF/P2"", ""QacR/Q2"", ""SrpR/S4"", ""AmtR/A1"", ""BetI/E1"", ""BM3R1/B2""]",0x03,6
01d6c96b,1,0.045148727769964495,0.8591256737709045,"[2, 10, 15, 4, 19, 1]","[""BetI/E1"", ""PhlF/P1"", ""QacR/Q2"", ""BM3R1/B2"", ""SrpR/S4"", ""AmtR/A1""]",0x03,6
01d6c96b,1,5.539853616416995,0.8438087701797485,"[2, 11, 15, 4, 19, 1]","[""BetI/E1"", ""PhlF/P2"", ""QacR/Q2"", ""BM3R1/B2"", ""SrpR/S4"", ""AmtR/A1""]",0x03,6
01d6c96b,1,4.999445421355977,0.855654239654541,"[4, 1, 19, 15, 2, 10]","[""BM3R1/B2"", ""AmtR/A1"", ""SrpR/S4"", ""QacR/Q2"", ""BetI/E1"", ""PhlF/P1""]",0x03,6
01d6c96b,1,0.06775142281286725,0.8586397171020508,"[4, 2, 7, 19, 10, 1]","[""BM3R1/B2"", ""BetI/E1"", ""IcaRA/I1"", ""SrpR/S4"", ""PhlF/P1"", ""AmtR/A1""]",0x03,6
01d6c96b,1,0.007102911872534139,0.8792974948883057,"[4, 10, 15, 2, 19, 1]","[""BM3R1/B2"", ""PhlF/P1"", ""QacR/Q2"", ""BetI/E1"", ""SrpR/S4"", ""AmtR/A1""]",0x03,6
01d6c96b,1,8.6093209046362,0.8138548135757446,"[11, 4, 2, 19, 15, 1]","[""PhlF/P2"", ""BM3R1/B2"", ""BetI/E1"", ""SrpR/S4"", ""QacR/Q2"", ""AmtR/A1""]",0x03,6
01d6c96b,1,9.014308962490928,0.8072466850280762,"[11, 19, 2, 1, 15, 5]","[""PhlF/P2"", ""SrpR/S4"", ""BetI/E1"", ""AmtR/A1"", ""QacR/Q2"", ""BM3R1/B3""]",0x03,6
01d6c96b,1,9.574102644820618,0.772896945476532,"[11, 19, 2, 13, 15, 5]","[""PhlF/P2"", ""SrpR/S4"", ""BetI/E1"", ""PsrA/R1"", ""QacR/Q2"", ""BM3R1/B3""]",0x03,6
01d6c96b,1,10.512925240148324,0.7052748203277588,"[11, 19, 13, 2, 15, 3]","[""PhlF/P2"", ""SrpR/S4"", ""PsrA/R1"", ""BetI/E1"", ""QacR/Q2"", ""BM3R1/B1""]",0x03,6
01d6c96b,1,10.447873109077118,0.7727722525596619,"[11, 19, 13, 2, 15, 5]","[""PhlF/P2"", ""SrpR/S4"", ""PsrA/R1"", ""BetI/E1"", ""QacR/Q2"", ""BM3R1/B3""]",0x03,6
01d6c96b,1,9.568576272407501,0.7998647093772888,"[11, 19, 15, 1, 2, 5]","[""PhlF/P2"", ""SrpR/S4"", ""QacR/Q2"", ""AmtR/A1"", ""BetI/E1"", ""BM3R1/B3""]",0x03,6
01d6c96b,1,7.857467944900373,0.8322126865386963,"[11, 19, 15, 4, 2, 1]","[""PhlF/P2"", ""SrpR/S4"", ""QacR/Q2"", ""BM3R1/B2"", ""BetI/E1"", ""AmtR/A1""]",0x03,6
0290090c,0,10.30984656804271,0.741287112236023,"[2, 1, 15, 11, 4, 16]","[""BetI/E1"", ""AmtR/A1"", ""QacR/Q2"", ""PhlF/P2"", ""BM3R1/B2"", ""SrpR/S1""]",0x03,6
0290090c,0,10.351726877726222,0.4525104165077209,"[2, 7, 3, 11, 14, 16]","[""BetI/E1"", ""IcaRA/I1"", ""BM3R1/B1"", ""PhlF/P2"", ""QacR/Q1"", ""SrpR/S1""]",0x03,6
0290090c,0,10.34442297262772,0.6704553365707397,"[2, 13, 3, 11, 1, 16]","[""BetI/E1"", ""PsrA/R1"", ""BM3R1/B1"", ""PhlF/P2"", ""AmtR/A1"", ""SrpR/S1""]",0x03,6
0290090c,0,9.607894546389167,0.7946481704711914,"[2, 15, 1, 11, 19, 3]","[""BetI/E1"", ""QacR/Q2"", ""AmtR/A1"", ""PhlF/P2"", ""SrpR/S4"", ""BM3R1/B1""]",0x03,6
0290090c,0,10.330349193782679,0.7001625299453735,"[2, 15, 3, 11, 1, 16]","[""BetI/E1"", ""QacR/Q2"", ""BM3R1/B1"", ""PhlF/P2"", ""AmtR/A1"", ""SrpR/S1""]",0x03,6
0290090c,0,10.279383730969489,0.7624804973602295,"[2, 15, 4, 11, 1, 16]","[""BetI/E1"", ""QacR/Q2"", ""BM3R1/B2"", ""PhlF/P2"", ""AmtR/A1"", ""SrpR/S1""]",0x03,6
0290090c,0,10.318790611514155,0.7174046635627747,"[5, 2, 14, 11, 1, 16]","[""BM3R1/B3"", ""BetI/E1"", ""QacR/Q1"", ""PhlF/P2"", ""AmtR/A1"", ""SrpR/S1""]",0x03,6
0290090c,0,10.300534524772646,0.756281852722168,"[5, 2, 15, 11, 1, 16]","[""BM3R1/B3"", ""BetI/E1"", ""QacR/Q2"", ""PhlF/P2"", ""AmtR/A1"", ""SrpR/S1""]",0x03,6
0290090c,0,10.300843099646201,0.7478278279304504,"[5, 15, 6, 11, 2, 16]","[""BM3R1/B3"", ""QacR/Q2"", ""HlyIIR/H1"", ""PhlF/P2"", ""BetI/E1"", ""SrpR/S1""]",0x03,6
0290090c,0,7.60101367841937,0.8245902061462402,"[5, 15, 6, 11, 2, 19]","[""BM3R1/B3"", ""QacR/Q2"", ""HlyIIR/H1"", ""PhlF/P2"", ""BetI/E1"", ""SrpR/S4""]",0x03,6
0290090c,0,10.302428217534997,0.7416849136352539,"[5, 15, 8, 11, 2, 16]","[""BM3R1/B3"", ""QacR/Q2"", ""LitR/L1"", ""PhlF/P2"", ""BetI/E1"", ""SrpR/S1""]",0x03,6
0290090c,0,10.33302032614581,0.6871514916419983,"[15, 2, 3, 11, 1, 16]","[""QacR/Q2"", ""BetI/E1"", ""BM3R1/B1"", ""PhlF/P2"", ""AmtR/A1"", ""SrpR/S1""]",0x03,6
0290090c,0,10.34908829792229,0.6517815589904785,"[15, 13, 3, 11, 1, 16]","[""QacR/Q2"", ""PsrA/R1"", ""BM3R1/B1"", ""PhlF/P2"", ""AmtR/A1"", ""SrpR/S1""]",0x03,6
0290090c,1,6.074023179787109,0.8635315895080566,"[1, 4, 10, 15, 2, 19]","[""AmtR/A1"", ""BM3R1/B2"", ""PhlF/P1"", ""QacR/Q2"", ""BetI/E1"", ""SrpR/S4""]",0x03,6
0290090c,1,6.0060585921969105,0.8643945455551147,"[1, 4, 19, 2, 15, 10]","[""AmtR/A1"", ""BM3R1/B2"", ""SrpR/S4"", ""BetI/E1"", ""QacR/Q2"", ""PhlF/P1""]",0x03,6
0290090c,1,7.611904517197228,0.8184731602668762,"[2, 1, 19, 11, 15, 5]","[""BetI/E1"", ""AmtR/A1"", ""SrpR/S4"", ""PhlF/P2"", ""QacR/Q2"", ""BM3R1/B3""]",0x03,6
0290090c,1,9.485868116292988,0.806226372718811,"[2, 15, 19, 11, 1, 3]","[""BetI/E1"", ""QacR/Q2"", ""SrpR/S4"", ""PhlF/P2"", ""AmtR/A1"", ""BM3R1/B1""]",0x03,6
0290090c,1,8.46899833735679,0.8113967180252075,"[2, 19, 1, 11, 15, 5]","[""BetI/E1"", ""SrpR/S4"", ""AmtR/A1"", ""PhlF/P2"", ""QacR/Q2"", ""BM3R1/B3""]",0x03,6
0290090c,1,6.971385677572683,0.8345478773117065,"[5, 2, 10, 19, 13, 15]","[""BM3R1/B3"", ""BetI/E1"", ""PhlF/P1"", ""SrpR/S4"", ""PsrA/R1"", ""QacR/Q2""]",0x03,6
0290090c,1,10.249526825647537,0.7744824886322021,"[5, 15, 1, 11, 2, 16]","[""BM3R1/B3"", ""QacR/Q2"", ""AmtR/A1"", ""PhlF/P2"", ""BetI/E1"", ""SrpR/S1""]",0x03,6
0290090c,1,7.5507355142842085,0.8342817425727844,"[5, 15, 6, 11, 2, 19]","[""BM3R1/B3"", ""QacR/Q2"", ""HlyIIR/H1"", ""PhlF/P2"", ""BetI/E1"", ""SrpR/S4""]",0x03,6
0290090c,1,4.7278321890687645,0.9061927795410156,"[5, 15, 10, 1, 2, 19]","[""BM3R1/B3"", ""QacR/Q2"", ""PhlF/P1"", ""AmtR/A1"", ""BetI/E1"", ""SrpR/S4""]",0x03,6
0290090c,1,6.888369709377285,0.8600928783416748,"[5, 15, 10, 19, 13, 2]","[""BM3R1/B3"", ""QacR/Q2"", ""PhlF/P1"", ""SrpR/S4"", ""PsrA/R1"", ""BetI/E1""]",0x03,6
0290090c,1,10.3277217548148,0.7121428847312927,"[6, 5, 15, 11, 1, 16]","[""HlyIIR/H1"", ""BM3R1/B3"", ""QacR/Q2"", ""PhlF/P2"", ""AmtR/A1"", ""SrpR/S1""]",0x03,6
0290090c,1,6.231755419574318,0.8604795932769775,"[10, 1, 2, 19, 15, 5]","[""PhlF/P1"", ""AmtR/A1"", ""BetI/E1"", ""SrpR/S4"", ""QacR/Q2"", ""BM3R1/B3""]",0x03,6
0290090c,1,5.705099529145039,0.8866755962371826,"[10, 1, 19, 2, 15, 5]","[""PhlF/P1"", ""AmtR/A1"", ""SrpR/S4"", ""BetI/E1"", ""QacR/Q2"", ""BM3R1/B3""]",0x03,6
0290090c,1,1.7776188291514288,0.911032259464264,"[10, 1, 19, 4, 2, 15]","[""PhlF/P1"", ""AmtR/A1"", ""SrpR/S4"", ""BM3R1/B2"", ""BetI/E1"", ""QacR/Q2""]",0x03,6
0290090c,1,2.623873677751233,0.9088339805603028,"[10, 1, 19, 4, 15, 2]","[""PhlF/P1"", ""AmtR/A1"", ""SrpR/S4"", ""BM3R1/B2"", ""QacR/Q2"", ""BetI/E1""]",0x03,6
0290090c,1,5.940320498141197,0.8705767393112183,"[10, 19, 1, 2, 15, 5]","[""PhlF/P1"", ""SrpR/S4"", ""AmtR/A1"", ""BetI/E1"", ""QacR/Q2"", ""BM3R1/B3""]",0x03,6
0290090c,1,10.3178390245862,0.7184430360794067,"[15, 0, 5, 11, 1, 16]","[""QacR/Q2"", ""AmeR/F1"", ""BM3R1/B3"", ""PhlF/P2"", ""AmtR/A1"", ""SrpR/S1""]",0x03,6
0290090c,1,9.768426355065749,0.7843523621559143,"[19, 15, 1, 11, 2, 3]","[""SrpR/S4"", ""QacR/Q2"", ""AmtR/A1"", ""PhlF/P2"", ""BetI/E1"", ""BM3R1/B1""]",0x03,6
0290090c,1,7.9813744361466705,0.8144353628158569,"[19, 15, 1, 11, 2, 5]","[""SrpR/S4"", ""QacR/Q2"", ""AmtR/A1"", ""PhlF/P2"", ""BetI/E1"", ""BM3R1/B3""]",0x03,6
029bd500,0,5.452625464056681,0.8465461134910583,"[4, 15, 10, 2, 19, 1]","[""BM3R1/B2"", ""QacR/Q2"", ""PhlF/P1"", ""BetI/E1"", ""SrpR/S4"", ""AmtR/A1""]",0x03,6
029bd500,0,8.038529552319492,0.8355599045753479,"[4, 15, 11, 2, 19, 1]","[""BM3R1/B2"", ""QacR/Q2"", ""PhlF/P2"", ""BetI/E1"", ""SrpR/S4"", ""AmtR/A1""]",0x03,6
029bd500,0,10.328337183412732,0.7489152550697327,"[11, 2, 16, 5, 15, 1]","[""PhlF/P2"", ""BetI/E1"", ""SrpR/S1"", ""BM3R1/B3"", ""QacR/Q2"", ""AmtR/A1""]",0x03,6
029bd500,0,10.384219876410352,0.5801988244056702,"[11, 6, 16, 3, 2, 13]","[""PhlF/P2"", ""HlyIIR/H1"", ""SrpR/S1"", ""BM3R1/B1"", ""BetI/E1"", ""PsrA/R1""]",0x03,6
029bd500,0,10.379129120472939,0.6595518589019775,"[11, 6, 16, 3, 15, 1]","[""PhlF/P2"", ""HlyIIR/H1"", ""SrpR/S1"", ""BM3R1/B1"", ""QacR/Q2"", ""AmtR/A1""]",0x03,6
029bd500,0,10.384620012289355,0.5783061385154724,"[11, 6, 16, 3, 15, 13]","[""PhlF/P2"", ""HlyIIR/H1"", ""SrpR/S1"", ""BM3R1/B1"", ""QacR/Q2"", ""PsrA/R1""]",0x03,6
029bd500,0,9.705057647344796,0.7903414368629456,"[11, 13, 5, 15, 19, 2]","[""PhlF/P2"", ""PsrA/R1"", ""BM3R1/B3"", ""QacR/Q2"", ""SrpR/S4"", ""BetI/E1""]",0x03,6
029bd500,0,10.383633108437529,0.5889365077018738,"[11, 14, 16, 3, 2, 13]","[""PhlF/P2"", ""QacR/Q1"", ""SrpR/S1"", ""BM3R1/B1"", ""BetI/E1"", ""PsrA/R1""]",0x03,6
029bd500,0,10.38316426063511,0.5984417200088501,"[11, 14, 16, 3, 13, 1]","[""PhlF/P2"", ""QacR/Q1"", ""SrpR/S1"", ""BM3R1/B1"", ""PsrA/R1"", ""AmtR/A1""]",0x03,6
029bd500,0,8.627466088232062,0.8327671885490417,"[11, 15, 4, 2, 19, 1]","[""PhlF/P2"", ""QacR/Q2"", ""BM3R1/B2"", ""BetI/E1"", ""SrpR/S4"", ""AmtR/A1""]",0x03,6
029bd500,0,9.232606687359011,0.8166695237159729,"[11, 15, 5, 1, 19, 2]","[""PhlF/P2"", ""QacR/Q2"", ""BM3R1/B3"", ""AmtR/A1"", ""SrpR/S4"", ""BetI/E1""]",0x03,6
029bd500,0,9.101635108236858,0.8212600350379944,"[11, 15, 5, 2, 19, 1]","[""PhlF/P2"", ""QacR/Q2"", ""BM3R1/B3"", ""BetI/E1"", ""SrpR/S4"", ""AmtR/A1""]",0x03,6
029bd500,0,10.290320115891518,0.7548303604125977,"[11, 15, 16, 1, 2, 4]","[""PhlF/P2"", ""QacR/Q2"", ""SrpR/S1"", ""AmtR/A1"", ""BetI/E1"", ""BM3R1/B2""]",0x03,6
029bd500,1,6.2372222169247475,0.8445970416069031,"[2, 15, 4, 1, 19, 10]","[""BetI/E1"", ""QacR/Q2"", ""BM3R1/B2"", ""AmtR/A1"", ""SrpR/S4"", ""PhlF/P1""]",0x03,6
029bd500,1,10.388827033710015,0.5331955552101135,"[11, 0, 16, 5, 6, 14]","[""PhlF/P2"", ""AmeR/F1"", ""SrpR/S1"", ""BM3R1/B3"", ""HlyIIR/H1"", ""QacR/Q1""]",0x03,6
029bd500,1,10.380244114790198,0.6381997466087341,"[11, 0, 16, 5, 6, 15]","[""PhlF/P2"", ""AmeR/F1"", ""SrpR/S1"", ""BM3R1/B3"", ""HlyIIR/H1"", ""QacR/Q2""]",0x03,6
029bd500,1,10.336021460053495,0.7431642413139343,"[11, 2, 16, 1, 15, 4]","[""PhlF/P2"", ""BetI/E1"", ""SrpR/S1"", ""AmtR/A1"", ""QacR/Q2"", ""BM3R1/B2""]",0x03,6
029bd500,1,10.35556295089158,0.7339128255844116,"[11, 2, 16, 5, 15, 1]","[""PhlF/P2"", ""BetI/E1"", ""SrpR/S1"", ""BM3R1/B3"", ""QacR/Q2"", ""AmtR/A1""]",0x03,6
029bd500,1,10.37746911118976,0.6941812038421631,"[11, 2, 16, 5, 15, 8]","[""PhlF/P2"", ""BetI/E1"", ""SrpR/S1"", ""BM3R1/B3"", ""QacR/Q2"", ""LitR/L1""]",0x03,6
029bd500,1,10.36519426767656,0.6984761357307434,"[11, 2, 16, 5, 15, 13]","[""PhlF/P2"", ""BetI/E1"", ""SrpR/S1"", ""BM3R1/B3"", ""QacR/Q2"", ""PsrA/R1""]",0x03,6
029bd500,1,9.041965056432321,0.8267654776573181,"[11, 15, 4, 1, 19, 2]","[""PhlF/P2"", ""QacR/Q2"", ""BM3R1/B2"", ""AmtR/A1"", ""SrpR/S4"", ""BetI/E1""]",0x03,6
029bd500,1,9.454461838100508,0.8023686408996582,"[11, 15, 5, 1, 19, 2]","[""PhlF/P2"", ""QacR/Q2"", ""BM3R1/B3"", ""AmtR/A1"", ""SrpR/S4"", ""BetI/E1""]",0x03,6
029bd500,1,9.40159373031034,0.8079110980033875,"[11, 15, 5, 2, 19, 1]","[""PhlF/P2"", ""QacR/Q2"", ""BM3R1/B3"", ""BetI/E1"", ""SrpR/S4"", ""AmtR/A1""]",0x03,6
040614cc,0,0.6490179813732053,0.8881363868713379,"[4, 2, 10, 8, 15, 19]","[""BM3R1/B2"", ""BetI/E1"", ""PhlF/P1"", ""LitR/L1"", ""QacR/Q2"", ""SrpR/S4""]",0x03,6
040614cc,0,6.018430784970386,0.8766600489616394,"[4, 15, 10, 7, 19, 2]","[""BM3R1/B2"", ""QacR/Q2"", ""PhlF/P1"", ""IcaRA/I1"", ""SrpR/S4"", ""BetI/E1""]",0x03,6
040614cc,0,3.1582659010331153,0.8766772747039795,"[4, 15, 10, 8, 1, 2]","[""BM3R1/B2"", ""QacR/Q2"", ""PhlF/P1"", ""LitR/L1"", ""AmtR/A1"", ""BetI/E1""]",0x03,6
040614cc,0,1.832182889616359,0.8778303265571594,"[4, 15, 10, 8, 1, 17]","[""BM3R1/B2"", ""QacR/Q2"", ""PhlF/P1"", ""LitR/L1"", ""AmtR/A1"", ""SrpR/S2""]",0x03,6
040614cc,0,0.2672620457253348,0.8916414976119995,"[4, 15, 10, 8, 2, 19]","[""BM3R1/B2"", ""QacR/Q2"", ""PhlF/P1"", ""LitR/L1"", ""BetI/E1"", ""SrpR/S4""]",0x03,6
040614cc,0,6.5521540414375075,0.8323686122894287,"[5, 13, 10, 2, 19, 15]","[""BM3R1/B3"", ""PsrA/R1"", ""PhlF/P1"", ""BetI/E1"", ""SrpR/S4"", ""QacR/Q2""]",0x03,6
040614cc,0,6.100352749549069,0.8649954795837402,"[5, 15, 10, 2, 19, 1]","[""BM3R1/B3"", ""QacR/Q2"", ""PhlF/P1"", ""BetI/E1"", ""SrpR/S4"", ""AmtR/A1""]",0x03,6
040614cc,0,6.540665494547263,0.859606921672821,"[5, 15, 10, 7, 19, 2]","[""BM3R1/B3"", ""QacR/Q2"", ""PhlF/P1"", ""IcaRA/I1"", ""SrpR/S4"", ""BetI/E1""]",0x03,6
040614cc,0,9.989247228482348,0.7465217113494873,"[11, 15, 2, 8, 16, 13]","[""PhlF/P2"", ""QacR/Q2"", ""BetI/E1"", ""LitR/L1"", ""SrpR/S1"", ""PsrA/R1""]",0x03,6
040614cc,0,9.795454899466606,0.7767148613929749,"[11, 15, 2, 19, 4, 13]","[""PhlF/P2"", ""QacR/Q2"", ""BetI/E1"", ""SrpR/S4"", ""BM3R1/B2"", ""PsrA/R1""]",0x03,6
040614cc,0,10.128278996564815,0.7199486494064331,"[11, 15, 4, 8, 16, 13]","[""PhlF/P2"", ""QacR/Q2"", ""BM3R1/B2"", ""LitR/L1"", ""SrpR/S1"", ""PsrA/R1""]",0x03,6
040614cc,0,10.002001692650278,0.746374785900116,"[11, 15, 5, 0, 1, 13]","[""PhlF/P2"", ""QacR/Q2"", ""BM3R1/B3"", ""AmeR/F1"", ""AmtR/A1"", ""PsrA/R1""]",0x03,6
040614cc,0,9.981403530156696,0.7661332488059998,"[11, 15, 5, 0, 19, 13]","[""PhlF/P2"", ""QacR/Q2"", ""BM3R1/B3"", ""AmeR/F1"", ""SrpR/S4"", ""PsrA/R1""]",0x03,6
040614cc,0,9.739046630453158,0.7822085618972778,"[11, 15, 5, 2, 19, 13]","[""PhlF/P2"", ""QacR/Q2"", ""BM3R1/B3"", ""BetI/E1"", ""SrpR/S4"", ""PsrA/R1""]",0x03,6
040614cc,0,9.616470321155411,0.8263050317764282,"[11, 15, 5, 6, 8, 2]","[""PhlF/P2"", ""QacR/Q2"", ""BM3R1/B3"", ""HlyIIR/H1"", ""LitR/L1"", ""BetI/E1""]",0x03,6
040614cc,0,9.969191864679798,0.7741410732269287,"[11, 15, 5, 6, 8, 13]","[""PhlF/P2"", ""QacR/Q2"", ""BM3R1/B3"", ""HlyIIR/H1"", ""LitR/L1"", ""PsrA/R1""]",0x03,6
040614cc,0,9.025867143338784,0.8274548053741455,"[11, 15, 5, 6, 8, 19]","[""PhlF/P2"", ""QacR/Q2"", ""BM3R1/B3"", ""HlyIIR/H1"", ""LitR/L1"", ""SrpR/S4""]",0x03,6
040614cc,0,10.04322307817995,0.745168149471283,"[11, 15, 5, 6, 16, 13]","[""PhlF/P2"", ""QacR/Q2"", ""BM3R1/B3"", ""HlyIIR/H1"", ""SrpR/S1"", ""PsrA/R1""]",0x03,6
040614cc,0,9.673626535138482,0.7942979335784912,"[11, 15, 5, 13, 19, 2]","[""PhlF/P2"", ""QacR/Q2"", ""BM3R1/B3"", ""PsrA/R1"", ""SrpR/S4"", ""BetI/E1""]",0x03,6
040614cc,0,10.270862902943495,0.6292686462402344,"[11, 15, 16, 1, 3, 13]","[""PhlF/P2"", ""QacR/Q2"", ""SrpR/S1"", ""AmtR/A1"", ""BM3R1/B1"", ""PsrA/R1""]",0x03,6
040614cc,0,10.199582939166481,0.6936657428741455,"[11, 15, 16, 1, 4, 13]","[""PhlF/P2"", ""QacR/Q2"", ""SrpR/S1"", ""AmtR/A1"", ""BM3R1/B2"", ""PsrA/R1""]",0x03,6
040614cc,0,10.225413546228776,0.6402959823608398,"[11, 15, 16, 7, 3, 13]","[""PhlF/P2"", ""QacR/Q2"", ""SrpR/S1"", ""IcaRA/I1"", ""BM3R1/B1"", ""PsrA/R1""]",0x03,6
040614cc,0,10.196757743450142,0.7102407217025757,"[11, 15, 16, 7, 4, 13]","[""PhlF/P2"", ""QacR/Q2"", ""SrpR/S1"", ""IcaRA/I1"", ""BM3R1/B2"", ""PsrA/R1""]",0x03,6
040614cc,0,10.061058495119896,0.7243376970291138,"[11, 15, 19, 1, 3, 13]","[""PhlF/P2"", ""QacR/Q2"", ""SrpR/S4"", ""AmtR/A1"", ""BM3R1/B1"", ""PsrA/R1""]",0x03,6
002e324d,0,10.706115502326996,0.7068182826042175,"[11, 2, 13, 6, 19, 1, 15]","[""PhlF/P2"", ""BetI/E1"", ""PsrA/R1"", ""HlyIIR/H1"", ""SrpR/S4"", ""AmtR/A1"", ""QacR/Q2""]",0x03,7
002e324d,0,10.783189198921471,0.681204080581665,"[11, 2, 13, 8, 5, 17, 15]","[""PhlF/P2"", ""BetI/E1"", ""PsrA/R1"", ""LitR/L1"", ""BM3R1/B3"", ""SrpR/S2"", ""QacR/Q2""]",0x03,7
002e324d,0,7.030851484608677,0.7875011563301086,"[5, 2, 13, 1, 10, 15, 19]","[""BM3R1/B3"", ""BetI/E1"", ""PsrA/R1"", ""AmtR/A1"", ""PhlF/P1"", ""QacR/Q2"", ""SrpR/S4""]",0x03,7
002e324d,0,10.607175983257724,0.7223217487335205,"[11, 2, 13, 3, 19, 1, 15]","[""PhlF/P2"", ""BetI/E1"", ""PsrA/R1"", ""BM3R1/B1"", ""SrpR/S4"", ""AmtR/A1"", ""QacR/Q2""]",0x03,7
002e324d,0,5.515988634972961,0.8168295621871948,"[19, 13, 2, 10, 1, 4, 15]","[""SrpR/S4"", ""PsrA/R1"", ""BetI/E1"", ""PhlF/P1"", ""AmtR/A1"", ""BM3R1/B2"", ""QacR/Q2""]",0x03,7
002e324d,0,7.193600254284612,0.7861621975898743,"[4, 11, 13, 1, 15, 19, 2]","[""BM3R1/B2"", ""PhlF/P2"", ""PsrA/R1"", ""AmtR/A1"", ""QacR/Q2"", ""SrpR/S4"", ""BetI/E1""]",0x03,7
002e324d,0,9.777777129261933,0.7700599431991577,"[11, 2, 13, 1, 17, 4, 15]","[""PhlF/P2"", ""BetI/E1"", ""PsrA/R1"", ""AmtR/A1"", ""SrpR/S2"", ""BM3R1/B2"", ""QacR/Q2""]",0x03,7
002e324d,0,6.573223605625424,0.8016858100891113,"[4, 15, 13, 10, 1, 2, 19]","[""BM3R1/B2"", ""QacR/Q2"", ""PsrA/R1"", ""PhlF/P1"", ""AmtR/A1"", ""BetI/E1"", ""SrpR/S4""]",0x03,7
002e324d,0,10.643743364744168,0.7110057473182678,"[11, 2, 13, 6, 17, 5, 15]","[""PhlF/P2"", ""BetI/E1"", ""PsrA/R1"", ""HlyIIR/H1"", ""SrpR/S2"", ""BM3R1/B3"", ""QacR/Q2""]",0x03,7
002e324d,0,5.745694940137377,0.8053902983665466,"[4, 13, 15, 10, 1, 19, 2]","[""BM3R1/B2"", ""PsrA/R1"", ""QacR/Q2"", ""PhlF/P1"", ""AmtR/A1"", ""SrpR/S4"", ""BetI/E1""]",0x03,7
002e324d,1,6.585566606603608,0.7959450483322144,"[4, 15, 13, 2, 10, 1, 19]","[""BM3R1/B2"", ""QacR/Q2"", ""PsrA/R1"", ""BetI/E1"", ""PhlF/P1"", ""AmtR/A1"", ""SrpR/S4""]",0x03,7
002e324d,1,0.003844875646556594,0.870450496673584,"[15, 2, 8, 1, 17, 4, 10]","[""QacR/Q2"", ""BetI/E1"", ""LitR/L1"", ""AmtR/A1"", ""SrpR/S2"", ""BM3R1/B2"", ""PhlF/P1""]",0x03,7
002e324d,1,0.06728466749787508,0.8372238874435425,"[19, 15, 7, 2, 4, 1, 10]","[""SrpR/S4"", ""QacR/Q2"", ""IcaRA/I1"", ""BetI/E1"", ""BM3R1/B2"", ""AmtR/A1"", ""PhlF/P1""]",0x03,7
002e324d,1,10.90335452165937,0.5784443616867065,"[11, 2, 13, 9, 17, 1, 14]","[""PhlF/P2"", ""BetI/E1"", ""PsrA/R1"", ""LmrA/N1"", ""SrpR/S2"", ""AmtR/A1"", ""QacR/Q1""]",0x03,7
002e324d,1,0.0031476299270142014,0.875752329826355,"[2, 15, 8, 1, 19, 4, 10]","[""BetI/E1"", ""QacR/Q2"", ""LitR/L1"", ""AmtR/A1"", ""SrpR/S4"", ""BM3R1/B2"", ""PhlF/P1""]",0x03,7
002e324d,1,0.03649694825322236,0.8501982688903809,"[7, 2, 10, 15, 4, 19, 1]","[""IcaRA/I1"", ""BetI/E1"", ""PhlF/P1"", ""QacR/Q2"", ""BM3R1/B2"", ""SrpR/S4"", ""AmtR/A1""]",0x03,7
002e324d,1,9.778070811215843,0.764690637588501,"[11, 2, 15, 1, 4, 19, 13]","[""PhlF/P2"", ""BetI/E1"", ""QacR/Q2"", ""AmtR/A1"", ""BM3R1/B2"", ""SrpR/S4"", ""PsrA/R1""]",0x03,7
002e324d,1,7.482221788090946,0.7832159996032715,"[5, 2, 13, 1, 10, 19, 15]","[""BM3R1/B3"", ""BetI/E1"", ""PsrA/R1"", ""AmtR/A1"", ""PhlF/P1"", ""SrpR/S4"", ""QacR/Q2""]",0x03,7
002e324d,1,10.585429644617362,0.761893630027771,"[11, 2, 13, 1, 5, 17, 15]","[""PhlF/P2"", ""BetI/E1"", ""PsrA/R1"", ""AmtR/A1"", ""BM3R1/B3"", ""SrpR/S2"", ""QacR/Q2""]",0x03,7
002e324d,1,10.84128580754626,0.6722978353500366,"[11, 2, 13, 9, 5, 19, 15]","[""PhlF/P2"", ""BetI/E1"", ""PsrA/R1"", ""LmrA/N1"", ""BM3R1/B3"", ""SrpR/S4"", ""QacR/Q2""]",0x03,7
002e324d,1,0.9855707990252861,0.8360743522644043,"[2, 8, 1, 10, 15, 4, 19]","[""BetI/E1"", ""LitR/L1"", ""AmtR/A1"", ""PhlF/P1"", ""QacR/Q2"", ""BM3R1/B2"", ""SrpR/S4""]",0x03,7
002e324d,1,10.60233108185259,0.7562392950057983,"[11, 2, 13, 19, 4, 1, 15]","[""PhlF/P2"", ""BetI/E1"", ""PsrA/R1"", ""SrpR/S4"", ""BM3R1/B2"", ""AmtR/A1"", ""QacR/Q2""]",0x03,7
002e324d,1,0.021985399937143334,0.8583486080169678,"[7, 2, 10, 15, 4, 17, 1]","[""IcaRA/I1"", ""BetI/E1"", ""PhlF/P1"", ""QacR/Q2"", ""BM3R1/B2"", ""SrpR/S2"", ""AmtR/A1""]",0x03,7
002e324d,1,7.490240909522907,0.7816941738128662,"[11, 1, 13, 15, 4, 2, 19]","[""PhlF/P2"", ""AmtR/A1"", ""PsrA/R1"", ""QacR/Q2"", ""BM3R1/B2"", ""BetI/E1"", ""SrpR/S4""]",0x03,7
002e324d,1,8.52570598775524,0.7791538238525391,"[11, 1, 13, 19, 2, 4, 15]","[""PhlF/P2"", ""AmtR/A1"", ""PsrA/R1"", ""SrpR/S4"", ""BetI/E1"", ""BM3R1/B2"", ""QacR/Q2""]",0x03,7
002e324d,1,10.863308066232749,0.6530529260635376,"[11, 2, 13, 16, 5, 1, 15]","[""PhlF/P2"", ""BetI/E1"", ""PsrA/R1"", ""SrpR/S1"", ""BM3R1/B3"", ""AmtR/A1"", ""QacR/Q2""]",0x03,7
002e324d,1,3.7582175206201462,0.8292360901832581,"[19, 13, 2, 1, 10, 4, 15]","[""SrpR/S4"", ""PsrA/R1"", ""BetI/E1"", ""AmtR/A1"", ""PhlF/P1"", ""BM3R1/B2"", ""QacR/Q2""]",0x03,7
002e324d,1,0.0429217805254084,0.8376352190971375,"[1, 15, 8, 10, 4, 17, 2]","[""AmtR/A1"", ""QacR/Q2"", ""LitR/L1"", ""PhlF/P1"", ""BM3R1/B2"", ""SrpR/S2"", ""BetI/E1""]",0x03,7
002e324d,1,9.58460725548586,0.7760820388793945,"[11, 2, 13, 15, 4, 1, 19]","[""PhlF/P2"", ""BetI/E1"", ""PsrA/R1"", ""QacR/Q2"", ""BM3R1/B2"", ""AmtR/A1"", ""SrpR/S4""]",0x03,7
0043547c,0,4.222377188506953,0.846238911151886,"[1, 15, 4, 19, 2, 10, 7]","[""AmtR/A1"", ""QacR/Q2"", ""BM3R1/B2"", ""SrpR/S4"", ""BetI/E1"", ""PhlF/P1"", ""IcaRA/I1""]",0x03,7
0043547c,0,7.322826665122342,0.7843035459518433,"[2, 15, 10, 13, 1, 19, 5]","[""BetI/E1"", ""QacR/Q2"", ""PhlF/P1"", ""PsrA/R1"", ""AmtR/A1"", ""SrpR/S4"", ""BM3R1/B3""]",0x03,7
0043547c,0,-0.10568568161153465,0.8868749141693115,"[10, 2, 4, 8, 1, 19, 15]","[""PhlF/P1"", ""BetI/E1"", ""BM3R1/B2"", ""LitR/L1"", ""AmtR/A1"", ""SrpR/S4"", ""QacR/Q2""]",0x03,7
0043547c,0,10.423271232808217,0.744848370552063,"[19, 11, 5, 13, 1, 2, 15]","[""SrpR/S4"", ""PhlF/P2"", ""BM3R1/B3"", ""PsrA/R1"", ""AmtR/A1"", ""BetI/E1"", ""QacR/Q2""]",0x03,7
0043547c,0,7.29815110970283,0.7907893061637878,"[2, 15, 4, 13, 19, 10, 1]","[""BetI/E1"", ""QacR/Q2"", ""BM3R1/B2"", ""PsrA/R1"", ""SrpR/S4"", ""PhlF/P1"", ""AmtR/A1""]",0x03,7
0043547c,0,10.86212246009757,0.7079717516899109,"[15, 11, 5, 13, 1, 17, 2]","[""QacR/Q2"", ""PhlF/P2"", ""BM3R1/B3"", ""PsrA/R1"", ""AmtR/A1"", ""SrpR/S2"", ""BetI/E1""]",0x03,7
0043547c,0,10.525647211039283,0.7416536808013916,"[15, 11, 5, 13, 19, 2, 1]","[""QacR/Q2"", ""PhlF/P2"", ""BM3R1/B3"", ""PsrA/R1"", ""SrpR/S4"", ""BetI/E1"", ""AmtR/A1""]",0x03,7
0043547c,0,5.900508740285017,0.8262239098548889,"[15, 19, 4, 2, 1, 10, 7]","[""QacR/Q2"", ""SrpR/S4"", ""BM3R1/B2"", ""BetI/E1"", ""AmtR/A1"", ""PhlF/P1"", ""IcaRA/I1""]",0x03,7
0043547c,0,-0.0765734899793128,0.8716574311256409,"[10, 4, 15, 7, 2, 19, 1]","[""PhlF/P1"", ""BM3R1/B2"", ""QacR/Q2"", ""IcaRA/I1"", ""BetI/E1"", ""SrpR/S4"", ""AmtR/A1""]",0x03,7
0043547c,0,7.3383097111428555,0.780499279499054,"[2, 15, 10, 13, 1, 19, 3]","[""BetI/E1"", ""QacR/Q2"", ""PhlF/P1"", ""PsrA/R1"", ""AmtR/A1"", ""SrpR/S4"", ""BM3R1/B1""]",0x03,7
0043547c,0,10.78790504963581,0.7174802422523499,"[15, 11, 4, 13, 2, 19, 0]","[""QacR/Q2"", ""PhlF/P2"", ""BM3R1/B2"", ""PsrA/R1"", ""BetI/E1"", ""SrpR/S4"", ""AmeR/F1""]",0x03,7
0043547c,0,9.86474129525852,0.7691099047660828,"[2, 11, 4, 15, 1, 19, 13]","[""BetI/E1"", ""PhlF/P2"", ""BM3R1/B2"", ""QacR/Q2"", ""AmtR/A1"", ""SrpR/S4"", ""PsrA/R1""]",0x03,7
0043547c,0,10.055453404573512,0.7506418824195862,"[19, 11, 2, 13, 1, 4, 15]","[""SrpR/S4"", ""PhlF/P2"", ""BetI/E1"", ""PsrA/R1"", ""AmtR/A1"", ""BM3R1/B2"", ""QacR/Q2""]",0x03,7
0043547c,0,5.544275151401073,0.828150749206543,"[19, 15, 4, 2, 1, 10, 7]","[""SrpR/S4"", ""QacR/Q2"", ""BM3R1/B2"", ""BetI/E1"", ""AmtR/A1"", ""PhlF/P1"", ""IcaRA/I1""]",0x03,7
0043547c,1,11.199629215154669,0.5804006457328796,"[14, 11, 16, 13, 5, 2, 1]","[""QacR/Q1"", ""PhlF/P2"", ""SrpR/S1"", ""PsrA/R1"", ""BM3R1/B3"", ""BetI/E1"", ""AmtR/A1""]",0x03,7
0043547c,1,6.412425126808324,0.8078668713569641,"[5, 15, 19, 1, 2, 10, 7]","[""BM3R1/B3"", ""QacR/Q2"", ""SrpR/S4"", ""AmtR/A1"", ""BetI/E1"", ""PhlF/P1"", ""IcaRA/I1""]",0x03,7
0043547c,1,0.022436054130350838,0.8489184975624084,"[10, 1, 5, 8, 2, 19, 15]","[""PhlF/P1"", ""AmtR/A1"", ""BM3R1/B3"", ""LitR/L1"", ""BetI/E1"", ""SrpR/S4"", ""QacR/Q2""]",0x03,7
0043547c,1,10.994270213739856,0.7061184048652649,"[15, 11, 5, 13, 8, 19, 2]","[""QacR/Q2"", ""PhlF/P2"", ""BM3R1/B3"", ""PsrA/R1"", ""LitR/L1"", ""SrpR/S4"", ""BetI/E1""]",0x03,7
0043547c,1,11.016787038708342,0.6673023104667664,"[15, 11, 5, 13, 2, 8, 7]","[""QacR/Q2"", ""PhlF/P2"", ""BM3R1/B3"", ""PsrA/R1"", ""BetI/E1"", ""LitR/L1"", ""IcaRA/I1""]",0x03,7
0043547c,1,7.165504319840917,0.7939786314964294,"[19, 15, 4, 13, 2, 10, 7]","[""SrpR/S4"", ""QacR/Q2"", ""BM3R1/B2"", ""PsrA/R1"", ""BetI/E1"", ""PhlF/P1"", ""IcaRA/I1""]",0x03,7
0043547c,1,10.569134187059845,0.7246183156967163,"[2, 11, 5, 13, 9, 19, 15]","[""BetI/E1"", ""PhlF/P2"", ""BM3R1/B3"", ""PsrA/R1"", ""LmrA/N1"", ""SrpR/S4"", ""QacR/Q2""]",0x03,7
0043547c,1,11.018819912952491,0.6567451357841492,"[15, 11, 5, 13, 1, 8, 7]","[""QacR/Q2"", ""PhlF/P2"", ""BM3R1/B3"", ""PsrA/R1"", ""AmtR/A1"", ""LitR/L1"", ""IcaRA/I1""]",0x03,7
0043547c,1,11.192860771057612,0.6439399123191833,"[15, 11, 16, 13, 5, 2, 1]","[""QacR/Q2"", ""PhlF/P2"", ""SrpR/S1"", ""PsrA/R1"", ""BM3R1/B3"", ""BetI/E1"", ""AmtR/A1""]",0x03,7
0043547c,1,10.63676632037506,0.721583366394043,"[15, 11, 4, 13, 2, 19, 1]","[""QacR/Q2"", ""PhlF/P2"", ""BM3R1/B2"", ""PsrA/R1"", ""BetI/E1"", ""SrpR/S4"", ""AmtR/A1""]",0x03,7
0043547c,1,0.022136649827030078,0.8546448349952698,"[10, 2, 19, 8, 1, 5, 15]","[""PhlF/P1"", ""BetI/E1"", ""SrpR/S4"", ""LitR/L1"", ""AmtR/A1"", ""BM3R1/B3"", ""QacR/Q2""]",0x03,7
0051bf46,0,9.696167594296552,0.712064266204834,"[13, 5, 11, 15, 2, 19, 1]","[""PsrA/R1"", ""BM3R1/B3"", ""PhlF/P2"", ""QacR/Q2"", ""BetI/E1"", ""SrpR/S4"", ""AmtR/A1""]",0x03,7
0051bf46,0,1.151905489989149,0.7951961159706116,"[10, 1, 19, 2, 8, 15, 4]","[""PhlF/P1"", ""AmtR/A1"", ""SrpR/S4"", ""BetI/E1"", ""LitR/L1"", ""QacR/Q2"", ""BM3R1/B2""]",0x03,7
0051bf46,0,8.714753527206087,0.7517014145851135,"[0, 5, 11, 2, 8, 15, 17]","[""AmeR/F1"", ""BM3R1/B3"", ""PhlF/P2"", ""BetI/E1"", ""LitR/L1"", ""QacR/Q2"", ""SrpR/S2""]",0x03,7
0051bf46,0,3.1121383220716745,0.7922241687774658,"[17, 15, 2, 10, 8, 1, 4]","[""SrpR/S2"", ""QacR/Q2"", ""BetI/E1"", ""PhlF/P1"", ""LitR/L1"", ""AmtR/A1"", ""BM3R1/B2""]",0x03,7
0051bf46,0,8.194993201442886,0.7630453109741211,"[0, 4, 11, 1, 19, 15, 2]","[""AmeR/F1"", ""BM3R1/B2"", ""PhlF/P2"", ""AmtR/A1"", ""SrpR/S4"", ""QacR/Q2"", ""BetI/E1""]",0x03,7
0051bf46,0,9.086690533634156,0.7491213083267212,"[15, 5, 11, 2, 8, 19, 1]","[""QacR/Q2"", ""BM3R1/B3"", ""PhlF/P2"", ""BetI/E1"", ""LitR/L1"", ""SrpR/S4"", ""AmtR/A1""]",0x03,7
0051bf46,0,8.54175540085872,0.7559586763381958,"[0, 4, 11, 2, 15, 19, 1]","[""AmeR/F1"", ""BM3R1/B2"", ""PhlF/P2"", ""BetI/E1"", ""QacR/Q2"", ""SrpR/S4"", ""AmtR/A1""]",0x03,7
0051bf46,0,10.29950681576161,0.709951639175415,"[4, 16, 11, 2, 8, 15, 1]","[""BM3R1/B2"", ""SrpR/S1"", ""PhlF/P2"", ""BetI/E1"", ""LitR/L1"", ""QacR/Q2"", ""AmtR/A1""]",0x03,7
0051bf46,0,7.439239925171504,0.7754401564598083,"[15, 19, 11, 2, 8, 1, 4]","[""QacR/Q2"", ""SrpR/S4"", ""PhlF/P2"", ""BetI/E1"", ""LitR/L1"", ""AmtR/A1"", ""BM3R1/B2""]",0x03,7
0051bf46,0,10.362175134054898,0.4611978232860565,"[1, 16, 11, 7, 15, 4, 8]","[""AmtR/A1"", ""SrpR/S1"", ""PhlF/P2"", ""IcaRA/I1"", ""QacR/Q2"", ""BM3R1/B2"", ""LitR/L1""]",0x03,7
0051bf46,0,10.30722082468765,0.6813104748725891,"[1, 16, 11, 5, 6, 8, 15]","[""AmtR/A1"", ""SrpR/S1"", ""PhlF/P2"", ""BM3R1/B3"", ""HlyIIR/H1"", ""LitR/L1"", ""QacR/Q2""]",0x03,7
0051bf46,0,6.278178461225566,0.7840043902397156,"[0, 10, 19, 2, 8, 15, 4]","[""AmeR/F1"", ""PhlF/P1"", ""SrpR/S4"", ""BetI/E1"", ""LitR/L1"", ""QacR/Q2"", ""BM3R1/B2""]",0x03,7
0051bf46,0,8.51523542918311,0.7619307637214661,"[15, 4, 11, 1, 8, 2, 17]","[""QacR/Q2"", ""BM3R1/B2"", ""PhlF/P2"", ""AmtR/A1"", ""LitR/L1"", ""BetI/E1"", ""SrpR/S2""]",0x03,7
0051bf46,0,9.670968027780818,0.7144152522087097,"[13, 5, 11, 17, 8, 15, 1]","[""PsrA/R1"", ""BM3R1/B3"", ""PhlF/P2"", ""SrpR/S2"", ""LitR/L1"", ""QacR/Q2"", ""AmtR/A1""]",0x03,7
0051bf46,0,10.326449786290011,0.6691723465919495,"[1, 16, 11, 4, 6, 2, 15]","[""AmtR/A1"", ""SrpR/S1"", ""PhlF/P2"", ""BM3R1/B2"", ""HlyIIR/H1"", ""BetI/E1"", ""QacR/Q2""]",0x03,7
0051bf46,0,9.371368808434033,0.7345810532569885,"[13, 4, 11, 15, 2, 19, 1]","[""PsrA/R1"", ""BM3R1/B2"", ""PhlF/P2"", ""QacR/Q2"", ""BetI/E1"", ""SrpR/S4"", ""AmtR/A1""]",0x03,7
0051bf46,0,8.517394865505299,0.758463442325592,"[0, 4, 11, 2, 8, 19, 15]","[""AmeR/F1"", ""BM3R1/B2"", ""PhlF/P2"", ""BetI/E1"", ""LitR/L1"", ""SrpR/S4"", ""QacR/Q2""]",0x03,7
0051bf46,0,10.341813599624901,0.6585298180580139,"[1, 16, 11, 13, 8, 2, 4]","[""AmtR/A1"", ""SrpR/S1"", ""PhlF/P2"", ""PsrA/R1"", ""LitR/L1"", ""BetI/E1"", ""BM3R1/B2""]",0x03,7
0051bf46,0,10.357961885911754,0.616008460521698,"[1, 16, 11, 2, 14, 4, 8]","[""AmtR/A1"", ""SrpR/S1"", ""PhlF/P2"", ""BetI/E1"", ""QacR/Q1"", ""BM3R1/B2"", ""LitR/L1""]",0x03,7
0051bf46,0,9.245149221039558,0.7487600445747375,"[13, 4, 11, 2, 8, 15, 19]","[""PsrA/R1"", ""BM3R1/B2"", ""PhlF/P2"", ""BetI/E1"", ""LitR/L1"", ""QacR/Q2"", ""SrpR/S4""]",0x03,7
0051bf46,0,9.304859020311914,0.7409384846687317,"[13, 4, 11, 19, 8, 2, 15]","[""PsrA/R1"", ""BM3R1/B2"", ""PhlF/P2"", ""SrpR/S4"", ""LitR/L1"", ""BetI/E1"", ""QacR/Q2""]",0x03,7
0051bf46,0,3.904763414327491,0.7841475009918213,"[15, 19, 1, 10, 8, 2, 4]","[""QacR/Q2"", ""SrpR/S4"", ""AmtR/A1"", ""PhlF/P1"", ""LitR/L1"", ""BetI/E1"", ""BM3R1/B2""]",0x03,7
0051bf46,0,10.308993322935963,0.6719481348991394,"[2, 16, 11, 15, 8, 0, 4]","[""BetI/E1"", ""SrpR/S1"", ""PhlF/P2"", ""QacR/Q2"", ""LitR/L1"", ""AmeR/F1"", ""BM3R1/B2""]",0x03,7
0051bf46,0,9.576964735201628,0.7293520569801331,"[13, 5, 11, 17, 8, 15, 2]","[""PsrA/R1"", ""BM3R1/B3"", ""PhlF/P2"", ""SrpR/S2"", ""LitR/L1"", ""QacR/Q2"", ""BetI/E1""]",0x03,7
0051bf46,0,10.312507841565177,0.6712967753410339,"[2, 16, 11, 5, 6, 13, 15]","[""BetI/E1"", ""SrpR/S1"", ""PhlF/P2"", ""BM3R1/B3"", ""HlyIIR/H1"", ""PsrA/R1"", ""QacR/Q2""]",0x03,7
0051bf46,0,8.136916662138304,0.7735059261322021,"[2, 4, 11, 1, 8, 15, 17]","[""BetI/E1"", ""BM3R1/B2"", ""PhlF/P2"", ""AmtR/A1"", ""LitR/L1"", ""QacR/Q2"", ""SrpR/S2""]",0x03,7
0051bf46,0,9.66353139427971,0.7233713269233704,"[13, 5, 11, 17, 8, 2, 15]","[""PsrA/R1"", ""BM3R1/B3"", ""PhlF/P2"", ""SrpR/S2"", ""LitR/L1"", ""BetI/E1"", ""QacR/Q2""]",0x03,7
0051bf46,0,6.300375045282066,0.7784019112586975,"[4, 10, 19, 2, 8, 15, 9]","[""BM3R1/B2"", ""PhlF/P1"", ""SrpR/S4"", ""BetI/E1"", ""LitR/L1"", ""QacR/Q2"", ""LmrA/N1""]",0x03,7
00d368d4,0,7.52079573900082,0.743848979473114,"[11, 13, 4, 15, 1, 2, 17]","[""PhlF/P2"", ""PsrA/R1"", ""BM3R1/B2"", ""QacR/Q2"", ""AmtR/A1"", ""BetI/E1"", ""SrpR/S2""]",0x03,7
00d368d4,0,9.41930083502692,0.7160390615463257,"[15, 13, 5, 11, 1, 2, 17]","[""QacR/Q2"", ""PsrA/R1"", ""BM3R1/B3"", ""PhlF/P2"", ""AmtR/A1"", ""BetI/E1"", ""SrpR/S2""]",0x03,7
00d368d4,0,10.966942360911329,0.4319637417793274,"[14, 13, 16, 11, 4, 2, 7]","[""QacR/Q1"", ""PsrA/R1"", ""SrpR/S1"", ""PhlF/P2"", ""BM3R1/B2"", ""BetI/E1"", ""IcaRA/I1""]",0x03,7
00d368d4,0,0.011640338602422284,0.8098922371864319,"[1, 10, 5, 7, 17, 2, 15]","[""AmtR/A1"", ""PhlF/P1"", ""BM3R1/B3"", ""IcaRA/I1"", ""SrpR/S2"", ""BetI/E1"", ""QacR/Q2""]",0x03,7
00d368d4,0,6.939645747298837,0.7490540146827698,"[15, 13, 19, 11, 4, 1, 2]","[""QacR/Q2"", ""PsrA/R1"", ""SrpR/S4"", ""PhlF/P2"", ""BM3R1/B2"", ""AmtR/A1"", ""BetI/E1""]",0x03,7
00d368d4,0,-0.2286734517401262,0.8336692452430725,"[10, 8, 19, 15, 4, 1, 2]","[""PhlF/P1"", ""LitR/L1"", ""SrpR/S4"", ""QacR/Q2"", ""BM3R1/B2"", ""AmtR/A1"", ""BetI/E1""]",0x03,7
00d368d4,0,5.589146269795433,0.778165876865387,"[11, 2, 4, 19, 1, 15, 9]","[""PhlF/P2"", ""BetI/E1"", ""BM3R1/B2"", ""SrpR/S4"", ""AmtR/A1"", ""QacR/Q2"", ""LmrA/N1""]",0x03,7
00d368d4,0,6.615415235729877,0.7492170929908752,"[11, 13, 2, 15, 4, 1, 17]","[""PhlF/P2"", ""PsrA/R1"", ""BetI/E1"", ""QacR/Q2"", ""BM3R1/B2"", ""AmtR/A1"", ""SrpR/S2""]",0x03,7
00d368d4,0,-0.026225921380435134,0.8299657702445984,"[1, 10, 5, 7, 2, 15, 17]","[""AmtR/A1"", ""PhlF/P1"", ""BM3R1/B3"", ""IcaRA/I1"", ""BetI/E1"", ""QacR/Q2"", ""SrpR/S2""]",0x03,7
00d368d4,0,-0.1667841607661726,0.83035808801651,"[1, 10, 2, 13, 4, 15, 19]","[""AmtR/A1"", ""PhlF/P1"", ""BetI/E1"", ""PsrA/R1"", ""BM3R1/B2"", ""QacR/Q2"", ""SrpR/S4""]",0x03,7
00d368d4,0,-1.8890149707959203,0.8506829142570496,"[1, 10, 2, 8, 19, 15, 4]","[""AmtR/A1"", ""PhlF/P1"", ""BetI/E1"", ""LitR/L1"", ""SrpR/S4"", ""QacR/Q2"", ""BM3R1/B2""]",0x03,7
00d368d4,0,10.99775542908335,0.4195659160614013,"[14, 13, 16, 11, 5, 2, 7]","[""QacR/Q1"", ""PsrA/R1"", ""SrpR/S1"", ""PhlF/P2"", ""BM3R1/B3"", ""BetI/E1"", ""IcaRA/I1""]",0x03,7
00d368d4,0,10.150702851999776,0.6585537791252136,"[15, 13, 16, 11, 1, 2, 5]","[""QacR/Q2"", ""PsrA/R1"", ""SrpR/S1"", ""PhlF/P2"", ""AmtR/A1"", ""BetI/E1"", ""BM3R1/B3""]",0x03,7
00d368d4,1,5.5960440141511585,0.7758529186248779,"[2, 13, 10, 4, 19, 15, 1]","[""BetI/E1"", ""PsrA/R1"", ""PhlF/P1"", ""BM3R1/B2"", ""SrpR/S4"", ""QacR/Q2"", ""AmtR/A1""]",0x03,7
00d368d4,1,9.36756605679917,0.7427914142608643,"[2, 13, 5, 11, 19, 15, 1]","[""BetI/E1"", ""PsrA/R1"", ""BM3R1/B3"", ""PhlF/P2"", ""SrpR/S4"", ""QacR/Q2"", ""AmtR/A1""]",0x03,7
00d368d4,1,9.586436441436724,0.6631276607513428,"[5, 1, 16, 11, 2, 15, 13]","[""BM3R1/B3"", ""AmtR/A1"", ""SrpR/S1"", ""PhlF/P2"", ""BetI/E1"", ""QacR/Q2"", ""PsrA/R1""]",0x03,7
00d368d4,1,-0.3752497156163787,0.8499095439910889,"[10, 8, 19, 2, 4, 15, 1]","[""PhlF/P1"", ""LitR/L1"", ""SrpR/S4"", ""BetI/E1"", ""BM3R1/B2"", ""QacR/Q2"", ""AmtR/A1""]",0x03,7
00d368d4,1,2.690070886889381,0.8027092218399048,"[0, 2, 10, 19, 4, 15, 1]","[""AmeR/F1"", ""BetI/E1"", ""PhlF/P1"", ""SrpR/S4"", ""BM3R1/B2"", ""QacR/Q2"", ""AmtR/A1""]",0x03,7
00d368d4,1,4.697174281808061,0.7926415205001831,"[17, 1, 10, 15, 4, 13, 2]","[""SrpR/S2"", ""AmtR/A1"", ""PhlF/P1"", ""QacR/Q2"", ""BM3R1/B2"", ""PsrA/R1"", ""BetI/E1""]",0x03,7
00d368d4,1,2.7766282064119565,0.7953455448150635,"[0, 15, 10, 19, 4, 2, 1]","[""AmeR/F1"", ""QacR/Q2"", ""PhlF/P1"", ""SrpR/S4"", ""BM3R1/B2"", ""BetI/E1"", ""AmtR/A1""]",0x03,7
00d368d4,1,10.469781282848938,0.4931490421295166,"[2, 13, 16, 11, 5, 15, 7]","[""BetI/E1"", ""PsrA/R1"", ""SrpR/S1"", ""PhlF/P2"", ""BM3R1/B3"", ""QacR/Q2"", ""IcaRA/I1""]",0x03,7
00d368d4,1,-0.3707775812712188,0.8372489213943481,"[10, 8, 15, 1, 4, 13, 2]","[""PhlF/P1"", ""LitR/L1"", ""QacR/Q2"", ""AmtR/A1"", ""BM3R1/B2"", ""PsrA/R1"", ""BetI/E1""]",0x03,7
00d368d4,1,6.1651819576452755,0.7666822075843811,"[19, 13, 11, 15, 4, 1, 2]","[""SrpR/S4"", ""PsrA/R1"", ""PhlF/P2"", ""QacR/Q2"", ""BM3R1/B2"", ""AmtR/A1"", ""BetI/E1""]",0x03,7
00d368d4,1,0.20836699317160992,0.8048937320709229,"[5, 16, 2, 7, 11, 15, 1]","[""BM3R1/B3"", ""SrpR/S1"", ""BetI/E1"", ""IcaRA/I1"", ""PhlF/P2"", ""QacR/Q2"", ""AmtR/A1""]",0x03,7
00d368d4,1,-0.34638362979009957,0.8342209458351135,"[2, 10, 15, 7, 4, 1, 19]","[""BetI/E1"", ""PhlF/P1"", ""QacR/Q2"", ""IcaRA/I1"", ""BM3R1/B2"", ""AmtR/A1"", ""SrpR/S4""]",0x03,7
00d368d4,1,6.352094897034535,0.7631300091743469,"[11, 13, 19, 2, 1, 15, 4]","[""PhlF/P2"", ""PsrA/R1"", ""SrpR/S4"", ""BetI/E1"", ""AmtR/A1"", ""QacR/Q2"", ""BM3R1/B2""]",0x03,7
00d368d4,1,-0.02404316954549298,0.8200755715370178,"[0, 19, 10, 15, 4, 1, 2]","[""AmeR/F1"", ""SrpR/S4"", ""PhlF/P1"", ""QacR/Q2"", ""BM3R1/B2"", ""AmtR/A1"", ""BetI/E1""]",0x03,7
00d368d4,1,6.494086499090379,0.7586643099784851,"[11, 13, 19, 2, 1, 15, 5]","[""PhlF/P2"", ""PsrA/R1"", ""SrpR/S4"", ""BetI/E1"", ""AmtR/A1"", ""QacR/Q2"", ""BM3R1/B3""]",0x03,7
00d368d4,1,10.35667185617492,0.5316989421844482,"[14, 1, 16, 11, 2, 13, 3]","[""QacR/Q1"", ""AmtR/A1"", ""SrpR/S1"", ""PhlF/P2"", ""BetI/E1"", ""PsrA/R1"", ""BM3R1/B1""]",0x03,7
00d368d4,1,5.3926588580208215,0.7782033085823059,"[2, 13, 4, 19, 10, 15, 1]","[""BetI/E1"", ""PsrA/R1"", ""BM3R1/B2"", ""SrpR/S4"", ""PhlF/P1"", ""QacR/Q2"", ""AmtR/A1""]",0x03,7
00d368d4,1,4.887944587168982,0.7789061665534973,"[17, 1, 10, 15, 5, 13, 2]","[""SrpR/S2"", ""AmtR/A1"", ""PhlF/P1"", ""QacR/Q2"", ""BM3R1/B3"", ""PsrA/R1"", ""BetI/E1""]",0x03,7
00d368d4,1,6.54628618630601,0.7552934885025024,"[11, 13, 19, 15, 5, 1, 2]","[""PhlF/P2"", ""PsrA/R1"", ""SrpR/S4"", ""QacR/Q2"", ""BM3R1/B3"", ""AmtR/A1"", ""BetI/E1""]",0x03,7
00db8011,0,0.007602035065160585,0.8418671488761902,"[2, 9, 8, 10, 4, 19, 15]","[""BetI/E1"", ""LmrA/N1"", ""LitR/L1"", ""PhlF/P1"", ""BM3R1/B2"", ""SrpR/S4"", ""QacR/Q2""]",0x03,7
00db8011,0,0.1400496208378891,0.8080411553382874,"[4, 0, 7, 19, 15, 10, 2]","[""BM3R1/B2"", ""AmeR/F1"", ""IcaRA/I1"", ""SrpR/S4"", ""QacR/Q2"", ""PhlF/P1"", ""BetI/E1""]",0x03,7
00db8011,0,0.012196900982689135,0.8317206501960754,"[4, 2, 7, 15, 1, 10, 19]","[""BM3R1/B2"", ""BetI/E1"", ""IcaRA/I1"", ""QacR/Q2"", ""AmtR/A1"", ""PhlF/P1"", ""SrpR/S4""]",0x03,7
00db8011,0,0.06334010751373742,0.8155050277709961,"[1, 0, 7, 5, 2, 10, 15]","[""AmtR/A1"", ""AmeR/F1"", ""IcaRA/I1"", ""BM3R1/B3"", ""BetI/E1"", ""PhlF/P1"", ""QacR/Q2""]",0x03,7
00db8011,0,0.018157721526368423,0.8245124220848083,"[4, 2, 7, 19, 1, 10, 15]","[""BM3R1/B2"", ""BetI/E1"", ""IcaRA/I1"", ""SrpR/S4"", ""AmtR/A1"", ""PhlF/P1"", ""QacR/Q2""]",0x03,7
00db8011,0,0.014692394075610843,0.8250768780708313,"[4, 0, 7, 1, 2, 10, 15]","[""BM3R1/B2"", ""AmeR/F1"", ""IcaRA/I1"", ""AmtR/A1"", ""BetI/E1"", ""PhlF/P1"", ""QacR/Q2""]",0x03,7
00db8011,0,5.416971823695363,0.7994951605796814,"[4, 13, 2, 10, 19, 15, 1]","[""BM3R1/B2"", ""PsrA/R1"", ""BetI/E1"", ""PhlF/P1"", ""SrpR/S4"", ""QacR/Q2"", ""AmtR/A1""]",0x03,7
00db8011,0,8.318891953914774,0.7733575701713562,"[11, 4, 13, 2, 1, 15, 19]","[""PhlF/P2"", ""BM3R1/B2"", ""PsrA/R1"", ""BetI/E1"", ""AmtR/A1"", ""QacR/Q2"", ""SrpR/S4""]",0x03,7
00db8011,1,9.841736416842423,0.7009245753288269,"[11, 13, 15, 8, 4, 19, 2]","[""PhlF/P2"", ""PsrA/R1"", ""QacR/Q2"", ""LitR/L1"", ""BM3R1/B2"", ""SrpR/S4"", ""BetI/E1""]",0x03,7
00db8011,1,5.826587277569973,0.7863349318504333,"[4, 1, 13, 10, 19, 2, 15]","[""BM3R1/B2"", ""AmtR/A1"", ""PsrA/R1"", ""PhlF/P1"", ""SrpR/S4"", ""BetI/E1"", ""QacR/Q2""]",0x03,7
00db8011,1,9.841421533016895,0.7093728184700012,"[11, 15, 1, 8, 2, 5, 19]","[""PhlF/P2"", ""QacR/Q2"", ""AmtR/A1"", ""LitR/L1"", ""BetI/E1"", ""BM3R1/B3"", ""SrpR/S4""]",0x03,7
00db8011,1,8.974535813676004,0.7508870959281921,"[11, 19, 13, 1, 4, 15, 2]","[""PhlF/P2"", ""SrpR/S4"", ""PsrA/R1"", ""AmtR/A1"", ""BM3R1/B2"", ""QacR/Q2"", ""BetI/E1""]",0x03,7
00db8011,1,10.11700858459472,0.6822612881660461,"[11, 19, 13, 4, 1, 15, 8]","[""PhlF/P2"", ""SrpR/S4"", ""PsrA/R1"", ""BM3R1/B2"", ""AmtR/A1"", ""QacR/Q2"", ""LitR/L1""]",0x03,7
00db8011,1,0.07822281400764351,0.8089321851730347,"[4, 10, 15, 2, 0, 1, 19]","[""BM3R1/B2"", ""PhlF/P1"", ""QacR/Q2"", ""BetI/E1"", ""AmeR/F1"", ""AmtR/A1"", ""SrpR/S4""]",0x03,7
00db8011,1,10.451936503603159,0.601483941078186,"[11, 18, 13, 0, 2, 15, 3]","[""PhlF/P2"", ""SrpR/S3"", ""PsrA/R1"", ""AmeR/F1"", ""BetI/E1"", ""QacR/Q2"", ""BM3R1/B1""]",0x03,7
00db8011,1,9.224620577736191,0.7439956665039062,"[11, 19, 2, 4, 1, 15, 13]","[""PhlF/P2"", ""SrpR/S4"", ""BetI/E1"", ""BM3R1/B2"", ""AmtR/A1"", ""QacR/Q2"", ""PsrA/R1""]",0x03,7
00db8011,1,0.16998217498623291,0.7996123433113098,"[4, 10, 15, 1, 2, 19, 8]","[""BM3R1/B2"", ""PhlF/P1"", ""QacR/Q2"", ""AmtR/A1"", ""BetI/E1"", ""SrpR/S4"", ""LitR/L1""]",0x03,7
00db8011,1,9.789601500538375,0.7381270527839661,"[11, 19, 13, 5, 1, 15, 2]","[""PhlF/P2"", ""SrpR/S4"", ""PsrA/R1"", ""BM3R1/B3"", ""AmtR/A1"", ""QacR/Q2"", ""BetI/E1""]",0x03,7
00db8011,1,9.846782063931045,0.6885667443275452,"[11, 1, 13, 19, 2, 15, 8]","[""PhlF/P2"", ""AmtR/A1"", ""PsrA/R1"", ""SrpR/S4"", ""BetI/E1"", ""QacR/Q2"", ""LitR/L1""]",0x03,7
00db8011,1,0.026721151967685153,0.8178371787071228,"[15, 19, 8, 2, 4, 10, 1]","[""QacR/Q2"", ""SrpR/S4"", ""LitR/L1"", ""BetI/E1"", ""BM3R1/B2"", ""PhlF/P1"", ""AmtR/A1""]",0x03,7
00db8011,1,9.82079346403701,0.7108238339424133,"[11, 19, 13, 9, 5, 15, 2]","[""PhlF/P2"", ""SrpR/S4"", ""PsrA/R1"", ""LmrA/N1"", ""BM3R1/B3"", ""QacR/Q2"", ""BetI/E1""]",0x03,7
00db8011,1,5.835147652262589,0.7752074003219604,"[4, 13, 15, 19, 2, 1, 10]","[""BM3R1/B2"", ""PsrA/R1"", ""QacR/Q2"", ""SrpR/S4"", ""BetI/E1"", ""AmtR/A1"", ""PhlF/P1""]",0x03,7
00db8011,1,10.362370871503925,0.6761878728866577,"[11, 17, 13, 1, 2, 15, 3]","[""PhlF/P2"", ""SrpR/S2"", ""PsrA/R1"", ""AmtR/A1"", ""BetI/E1"", ""QacR/Q2"", ""BM3R1/B1""]",0x03,7
00db8011,1,10.381581235510193,0.6652212738990784,"[11, 18, 13, 1, 2, 15, 5]","[""PhlF/P2"", ""SrpR/S3"", ""PsrA/R1"", ""AmtR/A1"", ""BetI/E1"", ""QacR/Q2"", ""BM3R1/B3""]",0x03,7
00685be0,0,8.320856038373131,0.8132598996162415,"[1, 11, 19, 15, 5]","[""AmtR/A1"", ""PhlF/P2"", ""SrpR/S4"", ""QacR/Q2"", ""BM3R1/B3""]",0x0F,5
00685be0,0,10.3335307302651,0.7624554634094238,"[2, 11, 5, 15, 16]","[""BetI/E1"", ""PhlF/P2"", ""BM3R1/B3"", ""QacR/Q2"", ""SrpR/S1""]",0x0F,5
00685be0,0,9.164133399052949,0.7889376282691956,"[2, 11, 15, 19, 5]","[""BetI/E1"", ""PhlF/P2"", ""QacR/Q2"", ""SrpR/S4"", ""BM3R1/B3""]",0x0F,5
00685be0,0,9.81380946641649,0.7686728835105896,"[2, 11, 19, 1, 3]","[""BetI/E1"", ""PhlF/P2"", ""SrpR/S4"", ""AmtR/A1"", ""BM3R1/B1""]",0x0F,5
00685be0,0,9.792649021959575,0.7758448719978333,"[2, 11, 19, 15, 3]","[""BetI/E1"", ""PhlF/P2"", ""SrpR/S4"", ""QacR/Q2"", ""BM3R1/B1""]",0x0F,5
00685be0,0,8.643374447861204,0.809058427810669,"[2, 11, 19, 15, 5]","[""BetI/E1"", ""PhlF/P2"", ""SrpR/S4"", ""QacR/Q2"", ""BM3R1/B3""]",0x0F,5
00685be0,0,6.738166393113071,0.8381562829017639,"[2, 19, 15, 10, 5]","[""BetI/E1"", ""SrpR/S4"", ""QacR/Q2"", ""PhlF/P1"", ""BM3R1/B3""]",0x0F,5
00685be0,0,5.069411414386705,0.8816336393356323,"[4, 2, 1, 10, 19]","[""BM3R1/B2"", ""BetI/E1"", ""AmtR/A1"", ""PhlF/P1"", ""SrpR/S4""]",0x0F,5
00685be0,0,5.873071097366687,0.8673813939094543,"[4, 2, 1, 15, 10]","[""BM3R1/B2"", ""BetI/E1"", ""AmtR/A1"", ""QacR/Q2"", ""PhlF/P1""]",0x0F,5
00685be0,0,10.342938407826034,0.7551636099815369,"[4, 11, 1, 15, 16]","[""BM3R1/B2"", ""PhlF/P2"", ""AmtR/A1"", ""QacR/Q2"", ""SrpR/S1""]",0x0F,5
00685be0,0,7.861695872689523,0.8299281001091003,"[4, 11, 15, 1, 19]","[""BM3R1/B2"", ""PhlF/P2"", ""QacR/Q2"", ""AmtR/A1"", ""SrpR/S4""]",0x0F,5
00685be0,0,5.185741412111673,0.8693256974220276,"[4, 15, 1, 10, 19]","[""BM3R1/B2"", ""QacR/Q2"", ""AmtR/A1"", ""PhlF/P1"", ""SrpR/S4""]",0x0F,5
00685be0,0,4.893954620504686,0.888692319393158,"[4, 19, 1, 10, 2]","[""BM3R1/B2"", ""SrpR/S4"", ""AmtR/A1"", ""PhlF/P1"", ""BetI/E1""]",0x0F,5
00685be0,0,4.571374685966437,0.8936106562614441,"[4, 19, 1, 10, 15]","[""BM3R1/B2"", ""SrpR/S4"", ""AmtR/A1"", ""PhlF/P1"", ""QacR/Q2""]",0x0F,5
00685be0,0,6.3517454763404,0.8630509376525879,"[4, 19, 1, 15, 10]","[""BM3R1/B2"", ""SrpR/S4"", ""AmtR/A1"", ""QacR/Q2"", ""PhlF/P1""]",0x0F,5
00685be0,0,10.408307710621367,0.7392595410346985,"[5, 11, 1, 15, 16]","[""BM3R1/B3"", ""PhlF/P2"", ""AmtR/A1"", ""QacR/Q2"", ""SrpR/S1""]",0x0F,5
00685be0,0,6.64089593374274,0.8423877954483032,"[10, 19, 2, 15, 5]","[""PhlF/P1"", ""SrpR/S4"", ""BetI/E1"", ""QacR/Q2"", ""BM3R1/B3""]",0x0F,5
00685be0,0,10.412639746532857,0.6844045519828796,"[13, 11, 1, 15, 16]","[""PsrA/R1"", ""PhlF/P2"", ""AmtR/A1"", ""QacR/Q2"", ""SrpR/S1""]",0x0F,5
00685be0,0,10.479525202292452,0.5932368636131287,"[13, 11, 8, 0, 16]","[""PsrA/R1"", ""PhlF/P2"", ""LitR/L1"", ""AmeR/F1"", ""SrpR/S1""]",0x0F,5
00685be0,0,10.429057671534839,0.661356508731842,"[13, 11, 8, 15, 16]","[""PsrA/R1"", ""PhlF/P2"", ""LitR/L1"", ""QacR/Q2"", ""SrpR/S1""]",0x0F,5
00685be0,0,10.461252859305073,0.6419699788093567,"[13, 11, 9, 15, 16]","[""PsrA/R1"", ""PhlF/P2"", ""LmrA/N1"", ""QacR/Q2"", ""SrpR/S1""]",0x0F,5
00685be0,0,9.105470243948714,0.789925754070282,"[17, 11, 15, 1, 5]","[""SrpR/S2"", ""PhlF/P2"", ""QacR/Q2"", ""AmtR/A1"", ""BM3R1/B3""]",0x0F,5
00685be0,0,9.000825452516256,0.8002040386199951,"[19, 11, 2, 15, 5]","[""SrpR/S4"", ""PhlF/P2"", ""BetI/E1"", ""QacR/Q2"", ""BM3R1/B3""]",0x0F,5
02f0946b,0,9.767972350843774,0.7639564275741577,"[11, 1, 2, 17, 3]","[""PhlF/P2"", ""AmtR/A1"", ""BetI/E1"", ""SrpR/S2"", ""BM3R1/B1""]",0x0F,5
02f0946b,0,10.418535938765418,0.6946898102760315,"[11, 1, 3, 2, 16]","[""PhlF/P2"", ""AmtR/A1"", ""BM3R1/B1"", ""BetI/E1"", ""SrpR/S1""]",0x0F,5
02f0946b,0,10.449659375421108,0.681111752986908,"[11, 1, 3, 15, 16]","[""PhlF/P2"", ""AmtR/A1"", ""BM3R1/B1"", ""QacR/Q2"", ""SrpR/S1""]",0x0F,5
02f0946b,0,10.396451525783158,0.7063940167427063,"[11, 1, 4, 15, 16]","[""PhlF/P2"", ""AmtR/A1"", ""BM3R1/B2"", ""QacR/Q2"", ""SrpR/S1""]",0x0F,5
02f0946b,0,9.604042792370134,0.7781862020492554,"[11, 1, 19, 2, 3]","[""PhlF/P2"", ""AmtR/A1"", ""SrpR/S4"", ""BetI/E1"", ""BM3R1/B1""]",0x0F,5
02f0946b,0,10.53027654075637,0.6226109862327576,"[11, 9, 0, 8, 16]","[""PhlF/P2"", ""LmrA/N1"", ""AmeR/F1"", ""LitR/L1"", ""SrpR/S1""]",0x0F,5
02f0946b,0,10.514679144647094,0.6567374467849731,"[11, 9, 5, 8, 16]","[""PhlF/P2"", ""LmrA/N1"", ""BM3R1/B3"", ""LitR/L1"", ""SrpR/S1""]",0x0F,5
02f0946b,0,10.516945184306845,0.6329669952392578,"[11, 9, 13, 2, 16]","[""PhlF/P2"", ""LmrA/N1"", ""PsrA/R1"", ""BetI/E1"", ""SrpR/S1""]",0x0F,5
02f0946b,0,10.583018245882984,0.5842114090919495,"[11, 9, 13, 3, 16]","[""PhlF/P2"", ""LmrA/N1"", ""PsrA/R1"", ""BM3R1/B1"", ""SrpR/S1""]",0x0F,5
02f0946b,0,10.556671747814201,0.5963244438171387,"[11, 9, 13, 8, 16]","[""PhlF/P2"", ""LmrA/N1"", ""PsrA/R1"", ""LitR/L1"", ""SrpR/S1""]",0x0F,5
02f0946b,0,10.404570550424166,0.7014405727386475,"[11, 15, 1, 0, 16]","[""PhlF/P2"", ""QacR/Q2"", ""AmtR/A1"", ""AmeR/F1"", ""SrpR/S1""]",0x0F,5
02f0946b,0,9.614271748322592,0.771436333656311,"[11, 15, 1, 2, 3]","[""PhlF/P2"", ""QacR/Q2"", ""AmtR/A1"", ""BetI/E1"", ""BM3R1/B1""]",0x0F,5
02f0946b,0,10.331863980068974,0.7523298263549805,"[11, 15, 1, 4, 16]","[""PhlF/P2"", ""QacR/Q2"", ""AmtR/A1"", ""BM3R1/B2"", ""SrpR/S1""]",0x0F,5
02f0946b,0,9.731684568840656,0.7676950097084045,"[11, 15, 1, 17, 3]","[""PhlF/P2"", ""QacR/Q2"", ""AmtR/A1"", ""SrpR/S2"", ""BM3R1/B1""]",0x0F,5
02f0946b,0,10.314134013726356,0.7544022798538208,"[11, 15, 2, 4, 16]","[""PhlF/P2"", ""QacR/Q2"", ""BetI/E1"", ""BM3R1/B2"", ""SrpR/S1""]",0x0F,5
02f0946b,0,9.83373285704334,0.761404275894165,"[11, 15, 2, 17, 3]","[""PhlF/P2"", ""QacR/Q2"", ""BetI/E1"", ""SrpR/S2"", ""BM3R1/B1""]",0x0F,5
02f0946b,0,8.14215973356145,0.8027856349945068,"[11, 15, 2, 17, 5]","[""PhlF/P2"", ""QacR/Q2"", ""BetI/E1"", ""SrpR/S2"", ""BM3R1/B3""]",0x0F,5
02f0946b,0,8.256468006620432,0.7912440896034241,"[11, 15, 2, 19, 5]","[""PhlF/P2"", ""QacR/Q2"", ""BetI/E1"", ""SrpR/S4"", ""BM3R1/B3""]",0x0F,5
02f0946b,0,10.394968039850337,0.7376357913017273,"[11, 15, 5, 2, 16]","[""PhlF/P2"", ""QacR/Q2"", ""BM3R1/B3"", ""BetI/E1"", ""SrpR/S1""]",0x0F,5
02f0946b,0,9.70546153977274,0.7688246965408325,"[11, 15, 19, 2, 3]","[""PhlF/P2"", ""QacR/Q2"", ""SrpR/S4"", ""BetI/E1"", ""BM3R1/B1""]",0x0F,5
02f0946b,0,8.507450482656989,0.786999523639679,"[11, 19, 15, 2, 5]","[""PhlF/P2"", ""SrpR/S4"", ""QacR/Q2"", ""BetI/E1"", ""BM3R1/B3""]",0x0F,5
02f0946b,0,6.392614185172141,0.8450250029563904,"[19, 2, 1, 4, 10]","[""SrpR/S4"", ""BetI/E1"", ""AmtR/A1"", ""BM3R1/B2"", ""PhlF/P1""]",0x0F,5
02f0946b,0,1.5007944785080847,0.8626439571380615,"[19, 2, 1, 4, 15]","[""SrpR/S4"", ""BetI/E1"", ""AmtR/A1"", ""BM3R1/B2"", ""QacR/Q2""]",0x0F,5
02f0946b,0,0.18426064172016832,0.8733748197555542,"[19, 2, 10, 4, 15]","[""SrpR/S4"", ""BetI/E1"", ""PhlF/P1"", ""BM3R1/B2"", ""QacR/Q2""]",0x0F,5
02f0946b,0,3.4958696620124807,0.8607257604598999,"[19, 10, 1, 4, 15]","[""SrpR/S4"", ""PhlF/P1"", ""AmtR/A1"", ""BM3R1/B2"", ""QacR/Q2""]",0x0F,5
02f0946b,0,4.997238757528711,0.8578377366065979,"[19, 10, 2, 4, 15]","[""SrpR/S4"", ""PhlF/P1"", ""BetI/E1"", ""BM3R1/B2"", ""QacR/Q2""]",0x0F,5
02f0946b,0,6.467429304711899,0.8340859413146973,"[19, 10, 15, 2, 4]","[""SrpR/S4"", ""PhlF/P1"", ""QacR/Q2"", ""BetI/E1"", ""BM3R1/B2""]",0x0F,5
02f0946b,0,6.922510273008286,0.8316254615783691,"[19, 10, 15, 2, 5]","[""SrpR/S4"", ""PhlF/P1"", ""QacR/Q2"", ""BetI/E1"", ""BM3R1/B3""]",0x0F,5
02f0946b,0,6.45959783811093,0.8401890397071838,"[19, 15, 1, 4, 10]","[""SrpR/S4"", ""QacR/Q2"", ""AmtR/A1"", ""BM3R1/B2"", ""PhlF/P1""]",0x0F,5
02f0946b,1,0.8321626036839044,0.8632276654243469,"[1, 17, 10, 5, 15]","[""AmtR/A1"", ""SrpR/S2"", ""PhlF/P1"", ""BM3R1/B3"", ""QacR/Q2""]",0x0F,5
02f0946b,1,0.3555704781429462,0.8697206974029541,"[4, 2, 10, 15, 19]","[""BM3R1/B2"", ""BetI/E1"", ""PhlF/P1"", ""QacR/Q2"", ""SrpR/S4""]",0x0F,5
02f0946b,1,0.38313604052370714,0.8674724698066711,"[4, 2, 10, 19, 15]","[""BM3R1/B2"", ""BetI/E1"", ""PhlF/P1"", ""SrpR/S4"", ""QacR/Q2""]",0x0F,5
02f0946b,1,0.26495909778137855,0.8712592124938965,"[4, 19, 10, 15, 2]","[""BM3R1/B2"", ""SrpR/S4"", ""PhlF/P1"", ""QacR/Q2"", ""BetI/E1""]",0x0F,5
02f0946b,1,8.144932649996404,0.7944907546043396,"[11, 19, 2, 15, 5]","[""PhlF/P2"", ""SrpR/S4"", ""BetI/E1"", ""QacR/Q2"", ""BM3R1/B3""]",0x0F,5
054e8a38,0,10.56697112295909,0.5216904282569885,"[0, 6, 3, 11, 16]","[""AmeR/F1"", ""HlyIIR/H1"", ""BM3R1/B1"", ""PhlF/P2"", ""SrpR/S1""]",0x0F,5
054e8a38,0,10.510921922196284,0.5918155908584595,"[0, 8, 3, 11, 16]","[""AmeR/F1"", ""LitR/L1"", ""BM3R1/B1"", ""PhlF/P2"", ""SrpR/S1""]",0x0F,5
054e8a38,0,7.56769745558789,0.8423449397087097,"[6, 5, 8, 11, 19]","[""HlyIIR/H1"", ""BM3R1/B3"", ""LitR/L1"", ""PhlF/P2"", ""SrpR/S4""]",0x0F,5
054e8a38,0,9.153119499513716,0.8148590326309204,"[8, 2, 1, 5, 11]","[""LitR/L1"", ""BetI/E1"", ""AmtR/A1"", ""BM3R1/B3"", ""PhlF/P2""]",0x0F,5
054e8a38,0,8.856273727675829,0.8346654176712036,"[8, 2, 15, 4, 11]","[""LitR/L1"", ""BetI/E1"", ""QacR/Q2"", ""BM3R1/B2"", ""PhlF/P2""]",0x0F,5
054e8a38,0,9.145486749783178,0.8227766156196594,"[8, 2, 15, 5, 11]","[""LitR/L1"", ""BetI/E1"", ""QacR/Q2"", ""BM3R1/B3"", ""PhlF/P2""]",0x0F,5
054e8a38,0,8.912853803177644,0.8325643539428711,"[8, 15, 2, 4, 11]","[""LitR/L1"", ""QacR/Q2"", ""BetI/E1"", ""BM3R1/B2"", ""PhlF/P2""]",0x0F,5
054e8a38,0,9.11927282499163,0.829980731010437,"[8, 19, 2, 4, 11]","[""LitR/L1"", ""SrpR/S4"", ""BetI/E1"", ""BM3R1/B2"", ""PhlF/P2""]",0x0F,5
054e8a38,0,6.239168750441152,0.8860716223716736,"[10, 1, 15, 4, 19]","[""PhlF/P1"", ""AmtR/A1"", ""QacR/Q2"", ""BM3R1/B2"", ""SrpR/S4""]",0x0F,5
054e8a38,0,10.031528909787223,0.7647705078125,"[16, 1, 13, 5, 11]","[""SrpR/S1"", ""AmtR/A1"", ""PsrA/R1"", ""BM3R1/B3"", ""PhlF/P2""]",0x0F,5
054e8a38,0,9.578627447047648,0.8126814961433411,"[16, 2, 7, 4, 11]","[""SrpR/S1"", ""BetI/E1"", ""IcaRA/I1"", ""BM3R1/B2"", ""PhlF/P2""]",0x0F,5
054e8a38,0,9.936922921906604,0.7824381589889526,"[16, 2, 7, 5, 11]","[""SrpR/S1"", ""BetI/E1"", ""IcaRA/I1"", ""BM3R1/B3"", ""PhlF/P2""]",0x0F,5
054e8a38,0,9.859359897751219,0.7954293489456177,"[16, 2, 13, 4, 11]","[""SrpR/S1"", ""BetI/E1"", ""PsrA/R1"", ""BM3R1/B2"", ""PhlF/P2""]",0x0F,5
054e8a38,0,9.647202692608301,0.8069525957107544,"[16, 2, 15, 4, 11]","[""SrpR/S1"", ""BetI/E1"", ""QacR/Q2"", ""BM3R1/B2"", ""PhlF/P2""]",0x0F,5
054e8a38,0,9.959481198959457,0.7788488864898682,"[16, 15, 2, 5, 11]","[""SrpR/S1"", ""QacR/Q2"", ""BetI/E1"", ""BM3R1/B3"", ""PhlF/P2""]",0x0F,5
054e8a38,0,9.781456670958136,0.7970350384712219,"[16, 15, 13, 4, 11]","[""SrpR/S1"", ""QacR/Q2"", ""PsrA/R1"", ""BM3R1/B2"", ""PhlF/P2""]",0x0F,5
054e8a38,1,10.35849546972927,0.6745120286941528,"[0, 9, 5, 11, 16]","[""AmeR/F1"", ""LmrA/N1"", ""BM3R1/B3"", ""PhlF/P2"", ""SrpR/S1""]",0x0F,5
054e8a38,1,10.330284356064412,0.70334392786026,"[3, 0, 14, 16, 11]","[""BM3R1/B1"", ""AmeR/F1"", ""QacR/Q1"", ""SrpR/S1"", ""PhlF/P2""]",0x0F,5
054e8a38,1,7.915937807600979,0.8393520712852478,"[6, 5, 8, 11, 19]","[""HlyIIR/H1"", ""BM3R1/B3"", ""LitR/L1"", ""PhlF/P2"", ""SrpR/S4""]",0x0F,5
054e8a38,1,10.177256345442258,0.7316247224807739,"[6, 5, 8, 16, 11]","[""HlyIIR/H1"", ""BM3R1/B3"", ""LitR/L1"", ""SrpR/S1"", ""PhlF/P2""]",0x0F,5
054e8a38,1,9.393971176982847,0.8137160539627075,"[8, 2, 15, 5, 11]","[""LitR/L1"", ""BetI/E1"", ""QacR/Q2"", ""BM3R1/B3"", ""PhlF/P2""]",0x0F,5
054e8a38,1,6.207944930919479,0.9071943759918212,"[8, 10, 15, 4, 19]","[""LitR/L1"", ""PhlF/P1"", ""QacR/Q2"", ""BM3R1/B2"", ""SrpR/S4""]",0x0F,5
054e8a38,1,6.4428947863768276,0.8818970918655396,"[8, 10, 15, 5, 19]","[""LitR/L1"", ""PhlF/P1"", ""QacR/Q2"", ""BM3R1/B3"", ""SrpR/S4""]",0x0F,5
054e8a38,1,6.403141173970434,0.8836274147033691,"[10, 1, 8, 4, 19]","[""PhlF/P1"", ""AmtR/A1"", ""LitR/L1"", ""BM3R1/B2"", ""SrpR/S4""]",0x0F,5
054e8a38,1,6.607019039199773,0.8670772314071655,"[10, 1, 13, 4, 19]","[""PhlF/P1"", ""AmtR/A1"", ""PsrA/R1"", ""BM3R1/B2"", ""SrpR/S4""]",0x0F,5
054e8a38,1,6.477871757986444,0.8688051700592041,"[10, 1, 15, 4, 2]","[""PhlF/P1"", ""AmtR/A1"", ""QacR/Q2"", ""BM3R1/B2"", ""BetI/E1""]",0x0F,5
054e8a38,1,6.970699855044624,0.8500626683235168,"[10, 1, 15, 5, 19]","[""PhlF/P1"", ""AmtR/A1"", ""QacR/Q2"", ""BM3R1/B3"", ""SrpR/S4""]",0x0F,5
054e8a38,1,10.409611445556472,0.6638551950454712,"[13, 9, 5, 11, 16]","[""PsrA/R1"", ""LmrA/N1"", ""BM3R1/B3"", ""PhlF/P2"", ""SrpR/S1""]",0x0F,5
054e8a38,1,10.561632781635911,0.5570759773254395,"[13, 9, 6, 11, 16]","[""PsrA/R1"", ""LmrA/N1"", ""HlyIIR/H1"", ""PhlF/P2"", ""SrpR/S1""]",0x0F,5
054e8a38,1,10.43327839345651,0.618254542350769,"[14, 9, 6, 11, 16]","[""QacR/Q1"", ""LmrA/N1"", ""HlyIIR/H1"", ""PhlF/P2"", ""SrpR/S1""]",0x0F,5
054e8a38,1,10.03506369123292,0.7629241347312927,"[16, 1, 2, 5, 11]","[""SrpR/S1"", ""AmtR/A1"", ""BetI/E1"", ""BM3R1/B3"", ""PhlF/P2""]",0x0F,5
054e8a38,1,9.892634435528878,0.7893979549407959,"[16, 1, 13, 4, 11]","[""SrpR/S1"", ""AmtR/A1"", ""PsrA/R1"", ""BM3R1/B2"", ""PhlF/P2""]",0x0F,5
054e8a38,1,10.116992250268371,0.7600250840187073,"[16, 1, 13, 5, 11]","[""SrpR/S1"", ""AmtR/A1"", ""PsrA/R1"", ""BM3R1/B3"", ""PhlF/P2""]",0x0F,5
054e8a38,1,9.98653613752922,0.7786241769790649,"[16, 1, 14, 5, 11]","[""SrpR/S1"", ""AmtR/A1"", ""QacR/Q1"", ""BM3R1/B3"", ""PhlF/P2""]",0x0F,5
054e8a38,1,9.89192254555358,0.7906365394592285,"[16, 2, 13, 4, 11]","[""SrpR/S1"", ""BetI/E1"", ""PsrA/R1"", ""BM3R1/B2"", ""PhlF/P2""]",0x0F,5
016fb08b,0,10.326054449765358,0.713374137878418,"[2, 11, 16, 4, 15, 1]","[""BetI/E1"", ""PhlF/P2"", ""SrpR/S1"", ""BM3R1/B2"", ""QacR/Q2"", ""AmtR/A1""]",0x0F,6
016fb08b,0,10.316657598937846,0.7236027717590332,"[2, 11, 16, 15, 1, 4]","[""BetI/E1"", ""PhlF/P2"", ""SrpR/S1"", ""QacR/Q2"", ""AmtR/A1"", ""BM3R1/B2""]",0x0F,6
016fb08b,0,10.331939541014606,0.697406530380249,"[2, 11, 16, 15, 8, 4]","[""BetI/E1"", ""PhlF/P2"", ""SrpR/S1"", ""QacR/Q2"", ""LitR/L1"", ""BM3R1/B2""]",0x0F,6
016fb08b,0,6.326018779101989,0.8458961844444275,"[10, 19, 4, 1, 2, 15]","[""PhlF/P1"", ""SrpR/S4"", ""BM3R1/B2"", ""AmtR/A1"", ""BetI/E1"", ""QacR/Q2""]",0x0F,6
016fb08b,0,6.284294613590074,0.8593741655349731,"[10, 19, 4, 1, 15, 2]","[""PhlF/P1"", ""SrpR/S4"", ""BM3R1/B2"", ""AmtR/A1"", ""QacR/Q2"", ""BetI/E1""]",0x0F,6
016fb08b,0,6.7988324804004625,0.8091350793838501,"[10, 19, 5, 1, 2, 13]","[""PhlF/P1"", ""SrpR/S4"", ""BM3R1/B3"", ""AmtR/A1"", ""BetI/E1"", ""PsrA/R1""]",0x0F,6
016fb08b,0,6.553021040550813,0.8390790820121765,"[10, 19, 5, 1, 2, 15]","[""PhlF/P1"", ""SrpR/S4"", ""BM3R1/B3"", ""AmtR/A1"", ""BetI/E1"", ""QacR/Q2""]",0x0F,6
016fb08b,0,6.4580986690892646,0.8403257727622986,"[10, 19, 5, 1, 15, 2]","[""PhlF/P1"", ""SrpR/S4"", ""BM3R1/B3"", ""AmtR/A1"", ""QacR/Q2"", ""BetI/E1""]",0x0F,6
016fb08b,0,6.641164697568254,0.8211200833320618,"[10, 19, 5, 2, 1, 15]","[""PhlF/P1"", ""SrpR/S4"", ""BM3R1/B3"", ""BetI/E1"", ""AmtR/A1"", ""QacR/Q2""]",0x0F,6
016fb08b,0,8.449764647721008,0.7854772806167603,"[17, 11, 4, 1, 15, 2]","[""SrpR/S2"", ""PhlF/P2"", ""BM3R1/B2"", ""AmtR/A1"", ""QacR/Q2"", ""BetI/E1""]",0x0F,6
016fb08b,0,8.96712113426168,0.7701750993728638,"[17, 11, 5, 1, 15, 2]","[""SrpR/S2"", ""PhlF/P2"", ""BM3R1/B3"", ""AmtR/A1"", ""QacR/Q2"", ""BetI/E1""]",0x0F,6
016fb08b,0,9.525142373364536,0.7299332618713379,"[19, 11, 3, 15, 1, 2]","[""SrpR/S4"", ""PhlF/P2"", ""BM3R1/B1"", ""QacR/Q2"", ""AmtR/A1"", ""BetI/E1""]",0x0F,6
016fb08b,0,8.524086362956918,0.7849330306053162,"[19, 11, 4, 1, 15, 2]","[""SrpR/S4"", ""PhlF/P2"", ""BM3R1/B2"", ""AmtR/A1"", ""QacR/Q2"", ""BetI/E1""]",0x0F,6
016fb08b,0,9.071123850759431,0.7649188041687012,"[19, 11, 5, 1, 15, 2]","[""SrpR/S4"", ""PhlF/P2"", ""BM3R1/B3"", ""AmtR/A1"", ""QacR/Q2"", ""BetI/E1""]",0x0F,6
016fb08b,1,9.128836382579378,0.7534285187721252,"[0, 11, 4, 19, 13, 15]","[""AmeR/F1"", ""PhlF/P2"", ""BM3R1/B2"", ""SrpR/S4"", ""PsrA/R1"", ""QacR/Q2""]",0x0F,6
016fb08b,1,9.458769051884637,0.7463995814323425,"[1, 11, 3, 0, 15, 19]","[""AmtR/A1"", ""PhlF/P2"", ""BM3R1/B1"", ""AmeR/F1"", ""QacR/Q2"", ""SrpR/S4""]",0x0F,6
016fb08b,1,4.414923255279756,0.8695307374000549,"[2, 1, 4, 10, 15, 19]","[""BetI/E1"", ""AmtR/A1"", ""BM3R1/B2"", ""PhlF/P1"", ""QacR/Q2"", ""SrpR/S4""]",0x0F,6
016fb08b,1,8.773777490261356,0.7735361456871033,"[2, 11, 4, 19, 13, 15]","[""BetI/E1"", ""PhlF/P2"", ""BM3R1/B2"", ""SrpR/S4"", ""PsrA/R1"", ""QacR/Q2""]",0x0F,6
016fb08b,1,9.223804788369891,0.7498492002487183,"[2, 11, 5, 19, 13, 15]","[""BetI/E1"", ""PhlF/P2"", ""BM3R1/B3"", ""SrpR/S4"", ""PsrA/R1"", ""QacR/Q2""]",0x0F,6
016fb08b,1,10.294549798278656,0.7290707230567932,"[2, 11, 16, 15, 1, 4]","[""BetI/E1"", ""PhlF/P2"", ""SrpR/S1"", ""QacR/Q2"", ""AmtR/A1"", ""BM3R1/B2""]",0x0F,6
016fb08b,1,10.373566674154798,0.5197089910507202,"[6, 11, 16, 14, 8, 1]","[""HlyIIR/H1"", ""PhlF/P2"", ""SrpR/S1"", ""QacR/Q1"", ""LitR/L1"", ""AmtR/A1""]",0x0F,6
016fb08b,1,10.376923296459685,0.4782080054283142,"[6, 11, 16, 14, 13, 1]","[""HlyIIR/H1"", ""PhlF/P2"", ""SrpR/S1"", ""QacR/Q1"", ""PsrA/R1"", ""AmtR/A1""]",0x0F,6
016fb08b,1,6.67808418032212,0.8192542195320129,"[10, 19, 4, 1, 15, 13]","[""PhlF/P1"", ""SrpR/S4"", ""BM3R1/B2"", ""AmtR/A1"", ""QacR/Q2"", ""PsrA/R1""]",0x0F,6
016fb08b,1,6.693348806443752,0.813313364982605,"[10, 19, 5, 1, 2, 13]","[""PhlF/P1"", ""SrpR/S4"", ""BM3R1/B3"", ""AmtR/A1"", ""BetI/E1"", ""PsrA/R1""]",0x0F,6
016fb08b,1,6.572430890293148,0.8328811526298523,"[10, 19, 5, 1, 2, 15]","[""PhlF/P1"", ""SrpR/S4"", ""BM3R1/B3"", ""AmtR/A1"", ""BetI/E1"", ""QacR/Q2""]",0x0F,6
016fb08b,1,6.7296984249514065,0.8095512390136719,"[10, 19, 5, 1, 15, 13]","[""PhlF/P1"", ""SrpR/S4"", ""BM3R1/B3"", ""AmtR/A1"", ""QacR/Q2"", ""PsrA/R1""]",0x0F,6
016fb08b,1,6.67824927281576,0.8160471320152283,"[10, 19, 5, 2, 8, 15]","[""PhlF/P1"", ""SrpR/S4"", ""BM3R1/B3"", ""BetI/E1"", ""LitR/L1"", ""QacR/Q2""]",0x0F,6
016fb08b,1,6.6115307439983715,0.8281120657920837,"[10, 19, 5, 8, 1, 2]","[""PhlF/P1"", ""SrpR/S4"", ""BM3R1/B3"", ""LitR/L1"", ""AmtR/A1"", ""BetI/E1""]",0x0F,6
016fb08b,1,10.358767619412259,0.6634161472320557,"[15, 11, 16, 0, 4, 1]","[""QacR/Q2"", ""PhlF/P2"", ""SrpR/S1"", ""AmeR/F1"", ""BM3R1/B2"", ""AmtR/A1""]",0x0F,6
016fb08b,1,10.364242615361096,0.5539047122001648,"[15, 11, 16, 0, 4, 6]","[""QacR/Q2"", ""PhlF/P2"", ""SrpR/S1"", ""AmeR/F1"", ""BM3R1/B2"", ""HlyIIR/H1""]",0x0F,6
016fb08b,1,10.31947201938636,0.7212314009666443,"[15, 11, 16, 2, 1, 4]","[""QacR/Q2"", ""PhlF/P2"", ""SrpR/S1"", ""BetI/E1"", ""AmtR/A1"", ""BM3R1/B2""]",0x0F,6
016fb08b,1,10.348860095819541,0.6798256039619446,"[15, 11, 16, 2, 4, 0]","[""QacR/Q2"", ""PhlF/P2"", ""SrpR/S1"", ""BetI/E1"", ""BM3R1/B2"", ""AmeR/F1""]",0x0F,6
016fb08b,1,10.339334353467704,0.696337878704071,"[15, 11, 16, 2, 4, 1]","[""QacR/Q2"", ""PhlF/P2"", ""SrpR/S1"", ""BetI/E1"", ""BM3R1/B2"", ""AmtR/A1""]",0x0F,6
016fb08b,1,10.329394115894303,0.7044054269790649,"[15, 11, 16, 2, 8, 5]","[""QacR/Q2"", ""PhlF/P2"", ""SrpR/S1"", ""BetI/E1"", ""LitR/L1"", ""BM3R1/B3""]",0x0F,6
016fb08b,1,10.321971021118394,0.7194596529006958,"[15, 11, 16, 4, 6, 2]","[""QacR/Q2"", ""PhlF/P2"", ""SrpR/S1"", ""BM3R1/B2"", ""HlyIIR/H1"", ""BetI/E1""]",0x0F,6
016fb08b,1,10.341160178871402,0.6812269687652588,"[15, 11, 16, 5, 13, 1]","[""QacR/Q2"", ""PhlF/P2"", ""SrpR/S1"", ""BM3R1/B3"", ""PsrA/R1"", ""AmtR/A1""]",0x0F,6
016fb08b,1,10.359456549615915,0.6089711785316467,"[15, 11, 16, 6, 8, 1]","[""QacR/Q2"", ""PhlF/P2"", ""SrpR/S1"", ""HlyIIR/H1"", ""LitR/L1"", ""AmtR/A1""]",0x0F,6
016fb08b,1,10.359440999351975,0.6253215074539185,"[15, 11, 16, 6, 8, 5]","[""QacR/Q2"", ""PhlF/P2"", ""SrpR/S1"", ""HlyIIR/H1"", ""LitR/L1"", ""BM3R1/B3""]",0x0F,6
016fb08b,1,10.349544728844366,0.667674720287323,"[15, 11, 16, 13, 8, 5]","[""QacR/Q2"", ""PhlF/P2"", ""SrpR/S1"", ""PsrA/R1"", ""LitR/L1"", ""BM3R1/B3""]",0x0F,6
016fb08b,1,4.44552603084617,0.8623949289321899,"[17, 1, 4, 10, 15, 2]","[""SrpR/S2"", ""AmtR/A1"", ""BM3R1/B2"", ""PhlF/P1"", ""QacR/Q2"", ""BetI/E1""]",0x0F,6
016fb08b,1,8.385707078322003,0.7942178249359131,"[17, 11, 4, 1, 15, 2]","[""SrpR/S2"", ""PhlF/P2"", ""BM3R1/B2"", ""AmtR/A1"", ""QacR/Q2"", ""BetI/E1""]",0x0F,6
016fb08b,1,8.36365287700527,0.7999480366706848,"[19, 11, 4, 1, 15, 2]","[""SrpR/S4"", ""PhlF/P2"", ""BM3R1/B2"", ""AmtR/A1"", ""QacR/Q2"", ""BetI/E1""]",0x0F,6
016fb08b,1,8.69203150625662,0.7761904001235962,"[19, 11, 5, 1, 2, 15]","[""SrpR/S4"", ""PhlF/P2"", ""BM3R1/B3"", ""AmtR/A1"", ""BetI/E1"", ""QacR/Q2""]",0x0F,6
026c6361,0,9.045686183056095,0.8002784252166748,"[11, 1, 2, 15, 5, 19]","[""PhlF/P2"", ""AmtR/A1"", ""BetI/E1"", ""QacR/Q2"", ""BM3R1/B3"", ""SrpR/S4""]",0x0F,6
026c6361,0,8.974658952695156,0.807989776134491,"[11, 1, 15, 2, 5, 19]","[""PhlF/P2"", ""AmtR/A1"", ""QacR/Q2"", ""BetI/E1"", ""BM3R1/B3"", ""SrpR/S4""]",0x0F,6
026c6361,0,10.29550243274603,0.7427640557289124,"[11, 1, 15, 2, 16, 4]","[""PhlF/P2"", ""AmtR/A1"", ""QacR/Q2"", ""BetI/E1"", ""SrpR/S1"", ""BM3R1/B2""]",0x0F,6
026c6361,0,9.340943075617737,0.7986844778060913,"[11, 2, 15, 19, 5, 1]","[""PhlF/P2"", ""BetI/E1"", ""QacR/Q2"", ""SrpR/S4"", ""BM3R1/B3"", ""AmtR/A1""]",0x0F,6
026c6361,0,10.297206801495406,0.7348632216453552,"[11, 15, 2, 1, 16, 4]","[""PhlF/P2"", ""QacR/Q2"", ""BetI/E1"", ""AmtR/A1"", ""SrpR/S1"", ""BM3R1/B2""]",0x0F,6
026c6361,0,9.359043204154823,0.7938697934150696,"[11, 15, 2, 19, 5, 1]","[""PhlF/P2"", ""QacR/Q2"", ""BetI/E1"", ""SrpR/S4"", ""BM3R1/B3"", ""AmtR/A1""]",0x0F,6
026c6361,0,9.375527497706297,0.7866876721382141,"[11, 15, 17, 2, 5, 1]","[""PhlF/P2"", ""QacR/Q2"", ""SrpR/S2"", ""BetI/E1"", ""BM3R1/B3"", ""AmtR/A1""]",0x0F,6
026c6361,0,9.546728817290717,0.7688664793968201,"[11, 19, 0, 15, 4, 1]","[""PhlF/P2"", ""SrpR/S4"", ""AmeR/F1"", ""QacR/Q2"", ""BM3R1/B2"", ""AmtR/A1""]",0x0F,6
026c6361,0,6.7122180922692944,0.8421441912651062,"[19, 1, 2, 10, 5, 15]","[""SrpR/S4"", ""AmtR/A1"", ""BetI/E1"", ""PhlF/P1"", ""BM3R1/B3"", ""QacR/Q2""]",0x0F,6
026c6361,0,7.044963363423463,0.82259202003479,"[19, 1, 2, 10, 15, 13]","[""SrpR/S4"", ""AmtR/A1"", ""BetI/E1"", ""PhlF/P1"", ""QacR/Q2"", ""PsrA/R1""]",0x0F,6
026c6361,0,6.91496143586886,0.8293932676315308,"[19, 1, 15, 10, 2, 13]","[""SrpR/S4"", ""AmtR/A1"", ""QacR/Q2"", ""PhlF/P1"", ""BetI/E1"", ""PsrA/R1""]",0x0F,6
026c6361,0,6.6003831114877896,0.8579035997390747,"[19, 1, 15, 10, 5, 2]","[""SrpR/S4"", ""AmtR/A1"", ""QacR/Q2"", ""PhlF/P1"", ""BM3R1/B3"", ""BetI/E1""]",0x0F,6
026c6361,0,6.680596142174998,0.8518807291984558,"[19, 10, 1, 2, 4, 13]","[""SrpR/S4"", ""PhlF/P1"", ""AmtR/A1"", ""BetI/E1"", ""BM3R1/B2"", ""PsrA/R1""]",0x0F,6
026c6361,0,6.69628339858195,0.8475099205970764,"[19, 10, 1, 8, 5, 15]","[""SrpR/S4"", ""PhlF/P1"", ""AmtR/A1"", ""LitR/L1"", ""BM3R1/B3"", ""QacR/Q2""]",0x0F,6
026c6361,0,2.8297170260067213,0.8813098073005676,"[19, 10, 1, 8, 15, 4]","[""SrpR/S4"", ""PhlF/P1"", ""AmtR/A1"", ""LitR/L1"", ""QacR/Q2"", ""BM3R1/B2""]",0x0F,6
026c6361,0,2.5843171921704773,0.8834075331687927,"[19, 10, 1, 8, 15, 5]","[""SrpR/S4"", ""PhlF/P1"", ""AmtR/A1"", ""LitR/L1"", ""QacR/Q2"", ""BM3R1/B3""]",0x0F,6
026c6361,0,6.58783461656729,0.8799664974212646,"[19, 10, 1, 15, 4, 2]","[""SrpR/S4"", ""PhlF/P1"", ""AmtR/A1"", ""QacR/Q2"", ""BM3R1/B2"", ""BetI/E1""]",0x0F,6
026c6361,0,6.7116503810914425,0.8436530232429504,"[19, 10, 1, 15, 4, 13]","[""SrpR/S4"", ""PhlF/P1"", ""AmtR/A1"", ""QacR/Q2"", ""BM3R1/B2"", ""PsrA/R1""]",0x0F,6
026c6361,1,8.130891170344317,0.813867449760437,"[11, 4, 15, 2, 19, 1]","[""PhlF/P2"", ""BM3R1/B2"", ""QacR/Q2"", ""BetI/E1"", ""SrpR/S4"", ""AmtR/A1""]",0x0F,6
026c6361,1,10.374460989547812,0.541630208492279,"[11, 8, 5, 14, 16, 6]","[""PhlF/P2"", ""LitR/L1"", ""BM3R1/B3"", ""QacR/Q1"", ""SrpR/S1"", ""HlyIIR/H1""]",0x0F,6
026c6361,1,10.342578353022558,0.682309627532959,"[11, 13, 1, 8, 16, 2]","[""PhlF/P2"", ""PsrA/R1"", ""AmtR/A1"", ""LitR/L1"", ""SrpR/S1"", ""BetI/E1""]",0x0F,6
026c6361,1,10.345571736410134,0.6734969019889832,"[11, 13, 1, 8, 16, 5]","[""PhlF/P2"", ""PsrA/R1"", ""AmtR/A1"", ""LitR/L1"", ""SrpR/S1"", ""BM3R1/B3""]",0x0F,6
026c6361,1,10.354809892869321,0.6620472073554993,"[11, 13, 5, 8, 16, 2]","[""PhlF/P2"", ""PsrA/R1"", ""BM3R1/B3"", ""LitR/L1"", ""SrpR/S1"", ""BetI/E1""]",0x0F,6
026c6361,1,10.355809179172425,0.5863218903541565,"[11, 13, 14, 8, 16, 2]","[""PhlF/P2"", ""PsrA/R1"", ""QacR/Q1"", ""LitR/L1"", ""SrpR/S1"", ""BetI/E1""]",0x0F,6
026c6361,1,10.365773766781455,0.5791919231414795,"[11, 13, 14, 8, 16, 5]","[""PhlF/P2"", ""PsrA/R1"", ""QacR/Q1"", ""LitR/L1"", ""SrpR/S1"", ""BM3R1/B3""]",0x0F,6
026c6361,1,9.879932343109306,0.7481353282928467,"[11, 15, 1, 8, 5, 13]","[""PhlF/P2"", ""QacR/Q2"", ""AmtR/A1"", ""LitR/L1"", ""BM3R1/B3"", ""PsrA/R1""]",0x0F,6
026c6361,1,10.328473194425483,0.7287522554397583,"[11, 15, 1, 8, 16, 2]","[""PhlF/P2"", ""QacR/Q2"", ""AmtR/A1"", ""LitR/L1"", ""SrpR/S1"", ""BetI/E1""]",0x0F,6
026c6361,1,10.299875685059053,0.7336000800132751,"[11, 15, 1, 8, 16, 4]","[""PhlF/P2"", ""QacR/Q2"", ""AmtR/A1"", ""LitR/L1"", ""SrpR/S1"", ""BM3R1/B2""]",0x0F,6
026c6361,1,10.329750496833082,0.7222818732261658,"[11, 15, 1, 8, 16, 5]","[""PhlF/P2"", ""QacR/Q2"", ""AmtR/A1"", ""LitR/L1"", ""SrpR/S1"", ""BM3R1/B3""]",0x0F,6
026c6361,1,9.791291089519287,0.7676714062690735,"[11, 15, 2, 8, 3, 17]","[""PhlF/P2"", ""QacR/Q2"", ""BetI/E1"", ""LitR/L1"", ""BM3R1/B1"", ""SrpR/S2""]",0x0F,6
026c6361,1,9.87231303403086,0.7507850527763367,"[11, 15, 2, 8, 5, 13]","[""PhlF/P2"", ""QacR/Q2"", ""BetI/E1"", ""LitR/L1"", ""BM3R1/B3"", ""PsrA/R1""]",0x0F,6
026c6361,1,10.34214304816455,0.7065569758415222,"[11, 15, 5, 8, 16, 2]","[""PhlF/P2"", ""QacR/Q2"", ""BM3R1/B3"", ""LitR/L1"", ""SrpR/S1"", ""BetI/E1""]",0x0F,6
026c6361,1,9.833877496207235,0.7618013024330139,"[11, 15, 19, 8, 3, 2]","[""PhlF/P2"", ""QacR/Q2"", ""SrpR/S4"", ""LitR/L1"", ""BM3R1/B1"", ""BetI/E1""]",0x0F,6
026c6361,1,9.853636512219706,0.7582786083221436,"[11, 19, 0, 15, 5, 1]","[""PhlF/P2"", ""SrpR/S4"", ""AmeR/F1"", ""QacR/Q2"", ""BM3R1/B3"", ""AmtR/A1""]",0x0F,6
026c6361,1,9.860039616894474,0.7540200352668762,"[11, 19, 1, 8, 3, 2]","[""PhlF/P2"", ""SrpR/S4"", ""AmtR/A1"", ""LitR/L1"", ""BM3R1/B1"", ""BetI/E1""]",0x0F,6
026c6361,1,9.894338652824691,0.7464810609817505,"[11, 19, 1, 8, 5, 13]","[""PhlF/P2"", ""SrpR/S4"", ""AmtR/A1"", ""LitR/L1"", ""BM3R1/B3"", ""PsrA/R1""]",0x0F,6
026c6361,1,9.877736462740746,0.748767077922821,"[11, 19, 2, 8, 5, 13]","[""PhlF/P2"", ""SrpR/S4"", ""BetI/E1"", ""LitR/L1"", ""BM3R1/B3"", ""PsrA/R1""]",0x0F,6
026c6361,1,9.477570411530536,0.7825500965118408,"[11, 19, 2, 15, 5, 1]","[""PhlF/P2"", ""SrpR/S4"", ""BetI/E1"", ""QacR/Q2"", ""BM3R1/B3"", ""AmtR/A1""]",0x0F,6
026c6361,1,7.073109100567607,0.8149586319923401,"[19, 1, 4, 10, 15, 13]","[""SrpR/S4"", ""AmtR/A1"", ""BM3R1/B2"", ""PhlF/P1"", ""QacR/Q2"", ""PsrA/R1""]",0x0F,6
00f7ae8d,0,12.472714882241233,0.4944429099559784,"[11, 7, 19, 0, 3, 15, 13]","[""PhlF/P2"", ""IcaRA/I1"", ""SrpR/S4"", ""AmeR/F1"", ""BM3R1/B1"", ""QacR/Q2"", ""PsrA/R1""]",0x0F,7
00f7ae8d,0,12.49051256835714,0.4768584668636322,"[11, 7, 8, 0, 3, 15, 13]","[""PhlF/P2"", ""IcaRA/I1"", ""LitR/L1"", ""AmeR/F1"", ""BM3R1/B1"", ""QacR/Q2"", ""PsrA/R1""]",0x0F,7
00f7ae8d,0,12.472352211777414,0.5331647992134094,"[11, 18, 9, 0, 3, 15, 13]","[""PhlF/P2"", ""SrpR/S3"", ""LmrA/N1"", ""AmeR/F1"", ""BM3R1/B1"", ""QacR/Q2"", ""PsrA/R1""]",0x0F,7
00f7ae8d,0,12.451022661573926,0.6699577569961548,"[11, 4, 0, 1, 16, 15, 13]","[""PhlF/P2"", ""BM3R1/B2"", ""AmeR/F1"", ""AmtR/A1"", ""SrpR/S1"", ""QacR/Q2"", ""PsrA/R1""]",0x0F,7
00f7ae8d,1,8.302777797383287,0.8264748454093933,"[2, 5, 15, 1, 10, 19, 13]","[""BetI/E1"", ""BM3R1/B3"", ""QacR/Q2"", ""AmtR/A1"", ""PhlF/P1"", ""SrpR/S4"", ""PsrA/R1""]",0x0F,7
00f7ae8d,1,8.230194629151175,0.8350516557693481,"[5, 1, 19, 10, 8, 2, 15]","[""BM3R1/B3"", ""AmtR/A1"", ""SrpR/S4"", ""PhlF/P1"", ""LitR/L1"", ""BetI/E1"", ""QacR/Q2""]",0x0F,7
00f7ae8d,1,8.528882578062452,0.8164123892784119,"[5, 10, 7, 19, 8, 15, 13]","[""BM3R1/B3"", ""PhlF/P1"", ""IcaRA/I1"", ""SrpR/S4"", ""LitR/L1"", ""QacR/Q2"", ""PsrA/R1""]",0x0F,7
00f7ae8d,1,12.418338667144205,0.6758408546447754,"[11, 2, 0, 4, 16, 13, 15]","[""PhlF/P2"", ""BetI/E1"", ""AmeR/F1"", ""BM3R1/B2"", ""SrpR/S1"", ""PsrA/R1"", ""QacR/Q2""]",0x0F,7
00f7ae8d,1,11.940509948935594,0.7843243479728699,"[11, 19, 1, 0, 5, 15, 2]","[""PhlF/P2"", ""SrpR/S4"", ""AmtR/A1"", ""AmeR/F1"", ""BM3R1/B3"", ""QacR/Q2"", ""BetI/E1""]",0x0F,7
00f7ae8d,1,12.393336379458841,0.7433921694755554,"[11, 6, 2, 4, 16, 15, 13]","[""PhlF/P2"", ""HlyIIR/H1"", ""BetI/E1"", ""BM3R1/B2"", ""SrpR/S1"", ""QacR/Q2"", ""PsrA/R1""]",0x0F,7
00f7ae8d,1,7.5423954640036195,0.8577362895011902,"[15, 10, 1, 4, 8, 19, 2]","[""QacR/Q2"", ""PhlF/P1"", ""AmtR/A1"", ""BM3R1/B2"", ""LitR/L1"", ""SrpR/S4"", ""BetI/E1""]",0x0F,7
00f7ae8d,1,11.763668073795563,0.7869643568992615,"[11, 6, 7, 4, 8, 15, 2]","[""PhlF/P2"", ""HlyIIR/H1"", ""IcaRA/I1"", ""BM3R1/B2"", ""LitR/L1"", ""QacR/Q2"", ""BetI/E1""]",0x0F,7
00f7ae8d,1,8.328092797070592,0.823839008808136,"[15, 10, 19, 5, 8, 2, 13]","[""QacR/Q2"", ""PhlF/P1"", ""SrpR/S4"", ""BM3R1/B3"", ""LitR/L1"", ""BetI/E1"", ""PsrA/R1""]",0x0F,7
00f7ae8d,1,12.192041873194016,0.770595371723175,"[11, 6, 2, 4, 8, 13, 15]","[""PhlF/P2"", ""HlyIIR/H1"", ""BetI/E1"", ""BM3R1/B2"", ""LitR/L1"", ""PsrA/R1"", ""QacR/Q2""]",0x0F,7
00f7ae8d,1,11.10197230578159,0.800701916217804,"[11, 13, 15, 5, 6, 19, 2]","[""PhlF/P2"", ""PsrA/R1"", ""QacR/Q2"", ""BM3R1/B3"", ""HlyIIR/H1"", ""SrpR/S4"", ""BetI/E1""]",0x0F,7
00f7ae8d,1,7.527269142828896,0.8738794922828674,"[15, 10, 7, 4, 8, 19, 2]","[""QacR/Q2"", ""PhlF/P1"", ""IcaRA/I1"", ""BM3R1/B2"", ""LitR/L1"", ""SrpR/S4"", ""BetI/E1""]",0x0F,7
00f7ae8d,1,7.637667961818319,0.8511353135108948,"[2, 10, 7, 4, 6, 19, 15]","[""BetI/E1"", ""PhlF/P1"", ""IcaRA/I1"", ""BM3R1/B2"", ""HlyIIR/H1"", ""SrpR/S4"", ""QacR/Q2""]",0x0F,7
00f7ae8d,1,8.635817407222676,0.8016572594642639,"[15, 10, 7, 4, 16, 2, 13]","[""QacR/Q2"", ""PhlF/P1"", ""IcaRA/I1"", ""BM3R1/B2"", ""SrpR/S1"", ""BetI/E1"", ""PsrA/R1""]",0x0F,7
01ec5f09,1,10.355448424294238,0.6377894282341003,"[11, 0, 2, 3, 13, 1, 18]","[""PhlF/P2"", ""AmeR/F1"", ""BetI/E1"", ""BM3R1/B1"", ""PsrA/R1"", ""AmtR/A1"", ""SrpR/S3""]",0x0F,7
01ec5f09,1,5.724000939776066,0.821505606174469,"[15, 10, 2, 7, 19, 1, 5]","[""QacR/Q2"", ""PhlF/P1"", ""BetI/E1"", ""IcaRA/I1"", ""SrpR/S4"", ""AmtR/A1"", ""BM3R1/B3""]",0x0F,7
01ec5f09,1,10.434898221097727,0.5144935846328735,"[11, 16, 2, 0, 3, 13, 14]","[""PhlF/P2"", ""SrpR/S1"", ""BetI/E1"", ""AmeR/F1"", ""BM3R1/B1"", ""PsrA/R1"", ""QacR/Q1""]",0x0F,7
01ec5f09,1,10.313075666820371,0.7530638575553894,"[11, 1, 4, 8, 13, 17, 15]","[""PhlF/P2"", ""AmtR/A1"", ""BM3R1/B2"", ""LitR/L1"", ""PsrA/R1"", ""SrpR/S2"", ""QacR/Q2""]",0x0F,7
01ec5f09,1,10.372240968975051,0.5606960654258728,"[11, 9, 2, 4, 16, 13, 8]","[""PhlF/P2"", ""LmrA/N1"", ""BetI/E1"", ""BM3R1/B2"", ""SrpR/S1"", ""PsrA/R1"", ""LitR/L1""]",0x0F,7
01ec5f09,1,6.270851214346317,0.8172251582145691,"[2, 9, 4, 10, 1, 19, 15]","[""BetI/E1"", ""LmrA/N1"", ""BM3R1/B2"", ""PhlF/P1"", ""AmtR/A1"", ""SrpR/S4"", ""QacR/Q2""]",0x0F,7
01ec5f09,1,10.332745733481095,0.7236924767494202,"[11, 0, 5, 1, 15, 2, 19]","[""PhlF/P2"", ""AmeR/F1"", ""BM3R1/B3"", ""AmtR/A1"", ""QacR/Q2"", ""BetI/E1"", ""SrpR/S4""]",0x0F,7
01ec5f09,1,10.239873229234144,0.790589451789856,"[11, 2, 4, 8, 7, 19, 15]","[""PhlF/P2"", ""BetI/E1"", ""BM3R1/B2"", ""LitR/L1"", ""IcaRA/I1"", ""SrpR/S4"", ""QacR/Q2""]",0x0F,7
01ec5f09,1,5.636970715285805,0.8223676085472107,"[13, 2, 5, 8, 1, 15, 10]","[""PsrA/R1"", ""BetI/E1"", ""BM3R1/B3"", ""LitR/L1"", ""AmtR/A1"", ""QacR/Q2"", ""PhlF/P1""]",0x0F,7
01ec5f09,1,6.723670005050011,0.8161399960517883,"[19, 1, 10, 8, 2, 4, 15]","[""SrpR/S4"", ""AmtR/A1"", ""PhlF/P1"", ""LitR/L1"", ""BetI/E1"", ""BM3R1/B2"", ""QacR/Q2""]",0x0F,7
01ec5f09,1,1.8333162267959315,0.8418468832969666,"[15, 10, 2, 7, 19, 8, 4]","[""QacR/Q2"", ""PhlF/P1"", ""BetI/E1"", ""IcaRA/I1"", ""SrpR/S4"", ""LitR/L1"", ""BM3R1/B2""]",0x0F,7
01ec5f09,1,6.8703879561633245,0.7953240275382996,"[5, 1, 10, 15, 19, 8, 2]","[""BM3R1/B3"", ""AmtR/A1"", ""PhlF/P1"", ""QacR/Q2"", ""SrpR/S4"", ""LitR/L1"", ""BetI/E1""]",0x0F,7
01ec5f09,1,10.359554137100991,0.6229683756828308,"[11, 9, 4, 13, 16, 15, 1]","[""PhlF/P2"", ""LmrA/N1"", ""BM3R1/B2"", ""PsrA/R1"", ""SrpR/S1"", ""QacR/Q2"", ""AmtR/A1""]",0x0F,7
01ec5f09,1,10.32105732476845,0.724003791809082,"[11, 1, 4, 8, 15, 19, 0]","[""PhlF/P2"", ""AmtR/A1"", ""BM3R1/B2"", ""LitR/L1"", ""QacR/Q2"", ""SrpR/S4"", ""AmeR/F1""]",0x0F,7
01ec5f09,1,10.343679254856069,0.6992011666297913,"[11, 13, 4, 8, 15, 9, 19]","[""PhlF/P2"", ""PsrA/R1"", ""BM3R1/B2"", ""LitR/L1"", ""QacR/Q2"", ""LmrA/N1"", ""SrpR/S4""]",0x0F,7
01ec5f09,1,10.340637527893824,0.7133193612098694,"[11, 19, 5, 8, 15, 9, 1]","[""PhlF/P2"", ""SrpR/S4"", ""BM3R1/B3"", ""LitR/L1"", ""QacR/Q2"", ""LmrA/N1"", ""AmtR/A1""]",0x0F,7
01ec5f09,1,10.371660606286811,0.6197215914726257,"[11, 16, 3, 7, 8, 2, 15]","[""PhlF/P2"", ""SrpR/S1"", ""BM3R1/B1"", ""IcaRA/I1"", ""LitR/L1"", ""BetI/E1"", ""QacR/Q2""]",0x0F,7
01ec5f09,1,1.6280882691421246,0.8462522625923157,"[2, 10, 15, 7, 19, 8, 4]","[""BetI/E1"", ""PhlF/P1"", ""QacR/Q2"", ""IcaRA/I1"", ""SrpR/S4"", ""LitR/L1"", ""BM3R1/B2""]",0x0F,7
01ec5f09,1,6.810208582333591,0.8049675226211548,"[5, 2, 19, 8, 7, 1, 10]","[""BM3R1/B3"", ""BetI/E1"", ""SrpR/S4"", ""LitR/L1"", ""IcaRA/I1"", ""AmtR/A1"", ""PhlF/P1""]",0x0F,7
01ec5f09,1,5.45686736247798,0.83698970079422,"[19, 10, 2, 8, 1, 15, 5]","[""SrpR/S4"", ""PhlF/P1"", ""BetI/E1"", ""LitR/L1"", ""AmtR/A1"", ""QacR/Q2"", ""BM3R1/B3""]",0x0F,7
01ec5f09,1,5.362944551666694,0.8397303223609924,"[15, 10, 2, 7, 19, 1, 4]","[""QacR/Q2"", ""PhlF/P1"", ""BetI/E1"", ""IcaRA/I1"", ""SrpR/S4"", ""AmtR/A1"", ""BM3R1/B2""]",0x0F,7
01ec5f09,1,10.315583137448034,0.7488638758659363,"[11, 2, 5, 8, 13, 17, 15]","[""PhlF/P2"", ""BetI/E1"", ""BM3R1/B3"", ""LitR/L1"", ""PsrA/R1"", ""SrpR/S2"", ""QacR/Q2""]",0x0F,7
01ec5f09,1,10.293243459285847,0.7830892205238342,"[11, 2, 4, 8, 15, 19, 1]","[""PhlF/P2"", ""BetI/E1"", ""BM3R1/B2"", ""LitR/L1"", ""QacR/Q2"", ""SrpR/S4"", ""AmtR/A1""]",0x0F,7
01ec5f09,1,10.351985754267563,0.6758634448051453,"[11, 8, 5, 13, 19, 15, 2]","[""PhlF/P2"", ""LitR/L1"", ""BM3R1/B3"", ""PsrA/R1"", ""SrpR/S4"", ""QacR/Q2"", ""BetI/E1""]",0x0F,7
01ec5f09,1,10.38800598270372,0.543610692024231,"[11, 8, 5, 2, 16, 15, 6]","[""PhlF/P2"", ""LitR/L1"", ""BM3R1/B3"", ""BetI/E1"", ""SrpR/S1"", ""QacR/Q2"", ""HlyIIR/H1""]",0x0F,7
01ec5f09,1,3.8560952128826345,0.8409855365753174,"[19, 10, 15, 8, 1, 2, 5]","[""SrpR/S4"", ""PhlF/P1"", ""QacR/Q2"", ""LitR/L1"", ""AmtR/A1"", ""BetI/E1"", ""BM3R1/B3""]",0x0F,7
01ec5f09,1,10.35560085557975,0.6294134855270386,"[11, 0, 5, 2, 16, 14, 8]","[""PhlF/P2"", ""AmeR/F1"", ""BM3R1/B3"", ""BetI/E1"", ""SrpR/S1"", ""QacR/Q1"", ""LitR/L1""]",0x0F,7
01ec5f09,1,10.067108692403211,0.7938122153282166,"[11, 2, 5, 8, 1, 17, 15]","[""PhlF/P2"", ""BetI/E1"", ""BM3R1/B3"", ""LitR/L1"", ""AmtR/A1"", ""SrpR/S2"", ""QacR/Q2""]",0x0F,7
01ec5f09,1,10.344372717027237,0.6831755042076111,"[11, 0, 19, 3, 13, 8, 15]","[""PhlF/P2"", ""AmeR/F1"", ""SrpR/S4"", ""BM3R1/B1"", ""PsrA/R1"", ""LitR/L1"", ""QacR/Q2""]",0x0F,7
02ff08e5,0,9.695495193837536,0.762757420539856,"[11, 5, 15, 2, 0, 19, 1]","[""PhlF/P2"", ""BM3R1/B3"", ""QacR/Q2"", ""BetI/E1"", ""AmeR/F1"", ""SrpR/S4"", ""AmtR/A1""]",0x0F,7
02ff08e5,0,5.701248709338409,0.8106910586357117,"[15, 10, 2, 19, 0, 4, 1]","[""QacR/Q2"", ""PhlF/P1"", ""BetI/E1"", ""SrpR/S4"", ""AmeR/F1"", ""BM3R1/B2"", ""AmtR/A1""]",0x0F,7
02ff08e5,0,11.086694582445928,0.5807590484619141,"[11, 16, 13, 14, 1, 4, 2]","[""PhlF/P2"", ""SrpR/S1"", ""PsrA/R1"", ""QacR/Q1"", ""AmtR/A1"", ""BM3R1/B2"", ""BetI/E1""]",0x0F,7
02ff08e5,0,11.172964285555725,0.504591703414917,"[11, 16, 13, 15, 8, 3, 6]","[""PhlF/P2"", ""SrpR/S1"", ""PsrA/R1"", ""QacR/Q2"", ""LitR/L1"", ""BM3R1/B1"", ""HlyIIR/H1""]",0x0F,7
02ff08e5,0,7.0950811488367505,0.7813192009925842,"[2, 10, 13, 19, 1, 4, 15]","[""BetI/E1"", ""PhlF/P1"", ""PsrA/R1"", ""SrpR/S4"", ""AmtR/A1"", ""BM3R1/B2"", ""QacR/Q2""]",0x0F,7
02ff08e5,0,11.196988211741639,0.476872444152832,"[11, 3, 13, 14, 1, 6, 19]","[""PhlF/P2"", ""BM3R1/B1"", ""PsrA/R1"", ""QacR/Q1"", ""AmtR/A1"", ""HlyIIR/H1"", ""SrpR/S4""]",0x0F,7
02ff08e5,0,10.723302013975935,0.7230239510536194,"[11, 5, 13, 15, 0, 19, 2]","[""PhlF/P2"", ""BM3R1/B3"", ""PsrA/R1"", ""QacR/Q2"", ""AmeR/F1"", ""SrpR/S4"", ""BetI/E1""]",0x0F,7
02ff08e5,0,9.036179650606032,0.7661082148551941,"[11, 5, 2, 15, 0, 19, 1]","[""PhlF/P2"", ""BM3R1/B3"", ""BetI/E1"", ""QacR/Q2"", ""AmeR/F1"", ""SrpR/S4"", ""AmtR/A1""]",0x0F,7
02ff08e5,0,6.0087572097653945,0.8062964081764221,"[19, 5, 2, 15, 0, 10, 1]","[""SrpR/S4"", ""BM3R1/B3"", ""BetI/E1"", ""QacR/Q2"", ""AmeR/F1"", ""PhlF/P1"", ""AmtR/A1""]",0x0F,7
02ff08e5,0,10.900862202580235,0.6668696999549866,"[11, 16, 13, 15, 9, 4, 1]","[""PhlF/P2"", ""SrpR/S1"", ""PsrA/R1"", ""QacR/Q2"", ""LmrA/N1"", ""BM3R1/B2"", ""AmtR/A1""]",0x0F,7
02ff08e5,0,11.13520403521824,0.5747894644737244,"[11, 3, 13, 14, 0, 2, 19]","[""PhlF/P2"", ""BM3R1/B1"", ""PsrA/R1"", ""QacR/Q1"", ""AmeR/F1"", ""BetI/E1"", ""SrpR/S4""]",0x0F,7
02ff08e5,0,6.167147063743429,0.8044672608375549,"[19, 10, 15, 2, 0, 4, 1]","[""SrpR/S4"", ""PhlF/P1"", ""QacR/Q2"", ""BetI/E1"", ""AmeR/F1"", ""BM3R1/B2"", ""AmtR/A1""]",0x0F,7
02ff08e5,0,7.130606067197264,0.7777594923973083,"[15, 10, 13, 19, 1, 4, 2]","[""QacR/Q2"", ""PhlF/P1"", ""PsrA/R1"", ""SrpR/S4"", ""AmtR/A1"", ""BM3R1/B2"", ""BetI/E1""]",0x0F,7
02ff08e5,0,11.071000244694037,0.5912107229232788,"[11, 16, 13, 15, 9, 3, 2]","[""PhlF/P2"", ""SrpR/S1"", ""PsrA/R1"", ""QacR/Q2"", ""LmrA/N1"", ""BM3R1/B1"", ""BetI/E1""]",0x0F,7
02ff08e5,0,11.221991351188821,0.4712478220462799,"[11, 3, 13, 14, 0, 6, 19]","[""PhlF/P2"", ""BM3R1/B1"", ""PsrA/R1"", ""QacR/Q1"", ""AmeR/F1"", ""HlyIIR/H1"", ""SrpR/S4""]",0x0F,7
02ff08e5,0,11.049189979480927,0.6379289627075195,"[11, 16, 13, 15, 4, 0, 2]","[""PhlF/P2"", ""SrpR/S1"", ""PsrA/R1"", ""QacR/Q2"", ""BM3R1/B2"", ""AmeR/F1"", ""BetI/E1""]",0x0F,7
02ff08e5,0,9.766442771745185,0.7597871422767639,"[11, 19, 13, 2, 0, 4, 15]","[""PhlF/P2"", ""SrpR/S4"", ""PsrA/R1"", ""BetI/E1"", ""AmeR/F1"", ""BM3R1/B2"", ""QacR/Q2""]",0x0F,7
02ff08e5,0,11.11798228374836,0.58039391040802,"[11, 3, 13, 14, 1, 2, 19]","[""PhlF/P2"", ""BM3R1/B1"", ""PsrA/R1"", ""QacR/Q1"", ""AmtR/A1"", ""BetI/E1"", ""SrpR/S4""]",0x0F,7
02ff08e5,0,9.73101888724729,0.7617102265357971,"[11, 19, 13, 2, 4, 1, 15]","[""PhlF/P2"", ""SrpR/S4"", ""PsrA/R1"", ""BetI/E1"", ""BM3R1/B2"", ""AmtR/A1"", ""QacR/Q2""]",0x0F,7
02ff08e5,0,11.143384926820438,0.5679693222045898,"[11, 16, 13, 15, 8, 3, 2]","[""PhlF/P2"", ""SrpR/S1"", ""PsrA/R1"", ""QacR/Q2"", ""LitR/L1"", ""BM3R1/B1"", ""BetI/E1""]",0x0F,7
02ff08e5,1,8.584219229581937,0.7712006568908691,"[11, 4, 15, 1, 13, 2, 17]","[""PhlF/P2"", ""BM3R1/B2"", ""QacR/Q2"", ""AmtR/A1"", ""PsrA/R1"", ""BetI/E1"", ""SrpR/S2""]",0x0F,7
02ff08e5,1,1.4811622152676913,0.8414710760116577,"[15, 4, 1, 19, 10, 2, 0]","[""QacR/Q2"", ""BM3R1/B2"", ""AmtR/A1"", ""SrpR/S4"", ""PhlF/P1"", ""BetI/E1"", ""AmeR/F1""]",0x0F,7
02ff08e5,1,5.859588812730387,0.8065671324729919,"[19, 4, 2, 15, 1, 10, 0]","[""SrpR/S4"", ""BM3R1/B2"", ""BetI/E1"", ""QacR/Q2"", ""AmtR/A1"", ""PhlF/P1"", ""AmeR/F1""]",0x0F,7
02ff08e5,1,10.312604087129348,0.7497373223304749,"[11, 4, 13, 19, 1, 2, 15]","[""PhlF/P2"", ""BM3R1/B2"", ""PsrA/R1"", ""SrpR/S4"", ""AmtR/A1"", ""BetI/E1"", ""QacR/Q2""]",0x0F,7
02ff08e5,1,11.044856001237738,0.6470654606819153,"[11, 16, 13, 15, 5, 2, 9]","[""PhlF/P2"", ""SrpR/S1"", ""PsrA/R1"", ""QacR/Q2"", ""BM3R1/B3"", ""BetI/E1"", ""LmrA/N1""]",0x0F,7
02ff08e5,1,4.724121611053971,0.8359515070915222,"[19, 4, 15, 1, 10, 2, 0]","[""SrpR/S4"", ""BM3R1/B2"", ""QacR/Q2"", ""AmtR/A1"", ""PhlF/P1"", ""BetI/E1"", ""AmeR/F1""]",0x0F,7
02ff08e5,1,4.788066209111255,0.8140777945518494,"[19, 1, 15, 2, 10, 5, 0]","[""SrpR/S4"", ""AmtR/A1"", ""QacR/Q2"", ""BetI/E1"", ""PhlF/P1"", ""BM3R1/B3"", ""AmeR/F1""]",0x0F,7
02ff08e5,1,7.106300787925666,0.7812202572822571,"[2, 10, 13, 19, 5, 15, 0]","[""BetI/E1"", ""PhlF/P1"", ""PsrA/R1"", ""SrpR/S4"", ""BM3R1/B3"", ""QacR/Q2"", ""AmeR/F1""]",0x0F,7
02ff08e5,1,10.789905219559593,0.6957157254219055,"[11, 5, 13, 15, 1, 19, 0]","[""PhlF/P2"", ""BM3R1/B3"", ""PsrA/R1"", ""QacR/Q2"", ""AmtR/A1"", ""SrpR/S4"", ""AmeR/F1""]",0x0F,7
02ff08e5,1,11.15411025035114,0.512098491191864,"[11, 16, 13, 14, 0, 2, 9]","[""PhlF/P2"", ""SrpR/S1"", ""PsrA/R1"", ""QacR/Q1"", ""AmeR/F1"", ""BetI/E1"", ""LmrA/N1""]",0x0F,7
02ff08e5,1,10.326486680667566,0.7444940209388733,"[11, 4, 13, 2, 15, 19, 0]","[""PhlF/P2"", ""BM3R1/B2"", ""PsrA/R1"", ""BetI/E1"", ""QacR/Q2"", ""SrpR/S4"", ""AmeR/F1""]",0x0F,7
02ff08e5,1,6.507744080193241,0.7851972579956055,"[15, 4, 13, 19, 10, 2, 0]","[""QacR/Q2"", ""BM3R1/B2"", ""PsrA/R1"", ""SrpR/S4"", ""PhlF/P1"", ""BetI/E1"", ""AmeR/F1""]",0x0F,7
02ff08e5,1,6.212780003886246,0.7960487008094788,"[2, 5, 13, 19, 10, 1, 15]","[""BetI/E1"", ""BM3R1/B3"", ""PsrA/R1"", ""SrpR/S4"", ""PhlF/P1"", ""AmtR/A1"", ""QacR/Q2""]",0x0F,7
02ff08e5,1,5.275600950472791,0.8116523623466492,"[19, 4, 15, 1, 2, 10, 0]","[""SrpR/S4"", ""BM3R1/B2"", ""QacR/Q2"", ""AmtR/A1"", ""BetI/E1"", ""PhlF/P1"", ""AmeR/F1""]",0x0F,7
02ff08e5,1,10.417345078848111,0.7287384867668152,"[11, 5, 13, 2, 1, 19, 15]","[""PhlF/P2"", ""BM3R1/B3"", ""PsrA/R1"", ""BetI/E1"", ""AmtR/A1"", ""SrpR/S4"", ""QacR/Q2""]",0x0F,7
02ff08e5,1,10.96850447088865,0.6565102934837341,"[11, 16, 13, 15, 2, 5, 1]","[""PhlF/P2"", ""SrpR/S1"", ""PsrA/R1"", ""QacR/Q2"", ""BetI/E1"", ""BM3R1/B3"", ""AmtR/A1""]",0x0F,7
02ff08e5,1,7.277022288006789,0.7748520374298096,"[15, 10, 13, 19, 2, 1, 4]","[""QacR/Q2"", ""PhlF/P1"", ""PsrA/R1"", ""SrpR/S4"", ""BetI/E1"", ""AmtR/A1"", ""BM3R1/B2""]",0x0F,7
045b97cd,0,11.997356441914702,0.7406858801841736,"[11, 4, 13, 2, 17, 1, 15]","[""PhlF/P2"", ""BM3R1/B2"", ""PsrA/R1"", ""BetI/E1"", ""SrpR/S2"", ""AmtR/A1"", ""QacR/Q2""]",0x0F,7
045b97cd,0,11.92300742261829,0.7419753074645996,"[11, 4, 13, 15, 2, 19, 1]","[""PhlF/P2"", ""BM3R1/B2"", ""PsrA/R1"", ""QacR/Q2"", ""BetI/E1"", ""SrpR/S4"", ""AmtR/A1""]",0x0F,7
045b97cd,0,12.446580417049674,0.6859062314033508,"[11, 5, 13, 15, 17, 2, 0]","[""PhlF/P2"", ""BM3R1/B3"", ""PsrA/R1"", ""QacR/Q2"", ""SrpR/S2"", ""BetI/E1"", ""AmeR/F1""]",0x0F,7
045b97cd,0,12.419847437183302,0.6889706254005432,"[11, 5, 13, 15, 2, 1, 0]","[""PhlF/P2"", ""BM3R1/B3"", ""PsrA/R1"", ""QacR/Q2"", ""BetI/E1"", ""AmtR/A1"", ""AmeR/F1""]",0x0F,7
045b97cd,0,12.395922519339098,0.6954761147499084,"[11, 4, 13, 15, 0, 17, 2]","[""PhlF/P2"", ""BM3R1/B2"", ""PsrA/R1"", ""QacR/Q2"", ""AmeR/F1"", ""SrpR/S2"", ""BetI/E1""]",0x0F,7
045b97cd,0,8.47848006371365,0.7870555520057678,"[2, 4, 15, 13, 17, 10, 7]","[""BetI/E1"", ""BM3R1/B2"", ""QacR/Q2"", ""PsrA/R1"", ""SrpR/S2"", ""PhlF/P1"", ""IcaRA/I1""]",0x0F,7
045b97cd,0,6.211728657972256,0.8245758414268494,"[19, 4, 2, 8, 1, 10, 15]","[""SrpR/S4"", ""BM3R1/B2"", ""BetI/E1"", ""LitR/L1"", ""AmtR/A1"", ""PhlF/P1"", ""QacR/Q2""]",0x0F,7
045b97cd,0,8.13261394181195,0.8191537261009216,"[2, 4, 19, 15, 1, 10, 7]","[""BetI/E1"", ""BM3R1/B2"", ""SrpR/S4"", ""QacR/Q2"", ""AmtR/A1"", ""PhlF/P1"", ""IcaRA/I1""]",0x0F,7
045b97cd,0,12.363617455629921,0.7192605137825012,"[11, 4, 13, 15, 0, 1, 2]","[""PhlF/P2"", ""BM3R1/B2"", ""PsrA/R1"", ""QacR/Q2"", ""AmeR/F1"", ""AmtR/A1"", ""BetI/E1""]",0x0F,7
045b97cd,0,11.695308909067126,0.7742983102798462,"[11, 4, 2, 13, 1, 19, 15]","[""PhlF/P2"", ""BM3R1/B2"", ""BetI/E1"", ""PsrA/R1"", ""AmtR/A1"", ""SrpR/S4"", ""QacR/Q2""]",0x0F,7
045b97cd,0,11.467616121633199,0.7850354313850403,"[11, 4, 19, 13, 15, 1, 2]","[""PhlF/P2"", ""BM3R1/B2"", ""SrpR/S4"", ""PsrA/R1"", ""QacR/Q2"", ""AmtR/A1"", ""BetI/E1""]",0x0F,7
045b97cd,1,12.292905739881002,0.7219997048377991,"[11, 5, 13, 15, 19, 1, 2]","[""PhlF/P2"", ""BM3R1/B3"", ""PsrA/R1"", ""QacR/Q2"", ""SrpR/S4"", ""AmtR/A1"", ""BetI/E1""]",0x0F,7
045b97cd,1,12.104262649382173,0.7234280109405518,"[11, 19, 15, 13, 2, 5, 0]","[""PhlF/P2"", ""SrpR/S4"", ""QacR/Q2"", ""PsrA/R1"", ""BetI/E1"", ""BM3R1/B3"", ""AmeR/F1""]",0x0F,7
045b97cd,1,12.550329930944162,0.6741369962692261,"[11, 4, 15, 13, 2, 16, 1]","[""PhlF/P2"", ""BM3R1/B2"", ""QacR/Q2"", ""PsrA/R1"", ""BetI/E1"", ""SrpR/S1"", ""AmtR/A1""]",0x0F,7
045b97cd,1,11.860058188104118,0.7527792453765869,"[11, 19, 2, 15, 0, 5, 7]","[""PhlF/P2"", ""SrpR/S4"", ""BetI/E1"", ""QacR/Q2"", ""AmeR/F1"", ""BM3R1/B3"", ""IcaRA/I1""]",0x0F,7
045b97cd,1,12.39227234624074,0.7155945301055908,"[11, 4, 13, 15, 0, 1, 2]","[""PhlF/P2"", ""BM3R1/B2"", ""PsrA/R1"", ""QacR/Q2"", ""AmeR/F1"", ""AmtR/A1"", ""BetI/E1""]",0x0F,7
045b97cd,1,12.535619011729487,0.6807013750076294,"[11, 4, 15, 13, 2, 16, 7]","[""PhlF/P2"", ""BM3R1/B2"", ""QacR/Q2"", ""PsrA/R1"", ""BetI/E1"", ""SrpR/S1"", ""IcaRA/I1""]",0x0F,7
046dc60c,0,5.905213271636212,0.8576300144195557,"[4, 2, 1, 15, 10, 7, 17]","[""BM3R1/B2"", ""BetI/E1"", ""AmtR/A1"", ""QacR/Q2"", ""PhlF/P1"", ""IcaRA/I1"", ""SrpR/S2""]",0x0F,7
046dc60c,0,9.42044356444288,0.7758334875106812,"[4, 11, 19, 13, 6, 2, 15]","[""BM3R1/B2"", ""PhlF/P2"", ""SrpR/S4"", ""PsrA/R1"", ""HlyIIR/H1"", ""BetI/E1"", ""QacR/Q2""]",0x0F,7
046dc60c,0,10.325712112210057,0.7342804670333862,"[16, 11, 3, 8, 2, 1, 9]","[""SrpR/S1"", ""PhlF/P2"", ""BM3R1/B1"", ""LitR/L1"", ""BetI/E1"", ""AmtR/A1"", ""LmrA/N1""]",0x0F,7
046dc60c,0,0.3413829506855944,0.8981558084487915,"[15, 2, 4, 8, 10, 7, 19]","[""QacR/Q2"", ""BetI/E1"", ""BM3R1/B2"", ""LitR/L1"", ""PhlF/P1"", ""IcaRA/I1"", ""SrpR/S4""]",0x0F,7
046dc60c,0,-0.3208932165802554,0.906253218650818,"[15, 4, 19, 8, 10, 7, 2]","[""QacR/Q2"", ""BM3R1/B2"", ""SrpR/S4"", ""LitR/L1"", ""PhlF/P1"", ""IcaRA/I1"", ""BetI/E1""]",0x0F,7
046dc60c,0,5.706904881549391,0.8662706613540649,"[5, 19, 15, 2, 10, 8, 0]","[""BM3R1/B3"", ""SrpR/S4"", ""QacR/Q2"", ""BetI/E1"", ""PhlF/P1"", ""LitR/L1"", ""AmeR/F1""]",0x0F,7
046dc60c,0,10.325569802118201,0.7416874170303345,"[16, 11, 5, 8, 6, 1, 0]","[""SrpR/S1"", ""PhlF/P2"", ""BM3R1/B3"", ""LitR/L1"", ""HlyIIR/H1"", ""AmtR/A1"", ""AmeR/F1""]",0x0F,7
046dc60c,0,0.4813056227377691,0.8949078321456909,"[15, 19, 4, 8, 10, 2, 9]","[""QacR/Q2"", ""SrpR/S4"", ""BM3R1/B2"", ""LitR/L1"", ""PhlF/P1"", ""BetI/E1"", ""LmrA/N1""]",0x0F,7
046dc60c,0,5.536638281572093,0.8728735446929932,"[4, 2, 19, 1, 10, 7, 15]","[""BM3R1/B2"", ""BetI/E1"", ""SrpR/S4"", ""AmtR/A1"", ""PhlF/P1"", ""IcaRA/I1"", ""QacR/Q2""]",0x0F,7
046dc60c,0,4.3095396355634685,0.8853548765182495,"[4, 1, 19, 2, 10, 7, 15]","[""BM3R1/B2"", ""AmtR/A1"", ""SrpR/S4"", ""BetI/E1"", ""PhlF/P1"", ""IcaRA/I1"", ""QacR/Q2""]",0x0F,7
046dc60c,1,6.249900307583671,0.8574349880218506,"[4, 19, 10, 7, 2, 1, 15]","[""BM3R1/B2"", ""SrpR/S4"", ""PhlF/P1"", ""IcaRA/I1"", ""BetI/E1"", ""AmtR/A1"", ""QacR/Q2""]",0x0F,7
046dc60c,1,10.31884273135217,0.7498813271522522,"[16, 11, 5, 8, 9, 0, 1]","[""SrpR/S1"", ""PhlF/P2"", ""BM3R1/B3"", ""LitR/L1"", ""LmrA/N1"", ""AmeR/F1"", ""AmtR/A1""]",0x0F,7
046dc60c,1,6.543776555407942,0.8391128182411194,"[5, 19, 2, 15, 10, 7, 1]","[""BM3R1/B3"", ""SrpR/S4"", ""BetI/E1"", ""QacR/Q2"", ""PhlF/P1"", ""IcaRA/I1"", ""AmtR/A1""]",0x0F,7
046dc60c,1,10.387765977810375,0.7198525071144104,"[16, 11, 9, 15, 5, 2, 1]","[""SrpR/S1"", ""PhlF/P2"", ""LmrA/N1"", ""QacR/Q2"", ""BM3R1/B3"", ""BetI/E1"", ""AmtR/A1""]",0x0F,7
046dc60c,1,10.327789722426022,0.7314969301223755,"[16, 11, 4, 8, 9, 2, 13]","[""SrpR/S1"", ""PhlF/P2"", ""BM3R1/B2"", ""LitR/L1"", ""LmrA/N1"", ""BetI/E1"", ""PsrA/R1""]",0x0F,7
046dc60c,1,10.31779542330974,0.7682230472564697,"[16, 11, 5, 8, 9, 2, 1]","[""SrpR/S1"", ""PhlF/P2"", ""BM3R1/B3"", ""LitR/L1"", ""LmrA/N1"", ""BetI/E1"", ""AmtR/A1""]",0x0F,7
046dc60c,1,6.394813956435985,0.8426912426948547,"[10, 19, 0, 15, 4, 2, 1]","[""PhlF/P1"", ""SrpR/S4"", ""AmeR/F1"", ""QacR/Q2"", ""BM3R1/B2"", ""BetI/E1"", ""AmtR/A1""]",0x0F,7
046dc60c,1,8.958610414715814,0.7952905297279358,"[5, 11, 19, 15, 9, 2, 1]","[""BM3R1/B3"", ""PhlF/P2"", ""SrpR/S4"", ""QacR/Q2"", ""LmrA/N1"", ""BetI/E1"", ""AmtR/A1""]",0x0F,7
046dc60c,1,6.4333312495408554,0.8418399691581726,"[5, 19, 10, 7, 2, 1, 15]","[""BM3R1/B3"", ""SrpR/S4"", ""PhlF/P1"", ""IcaRA/I1"", ""BetI/E1"", ""AmtR/A1"", ""QacR/Q2""]",0x0F,7
046dc60c,1,8.170649134168432,0.8280739188194275,"[4, 11, 19, 7, 9, 15, 1]","[""BM3R1/B2"", ""PhlF/P2"", ""SrpR/S4"", ""IcaRA/I1"", ""LmrA/N1"", ""QacR/Q2"", ""AmtR/A1""]",0x0F,7
046dc60c,1,9.063387839354148,0.7789673209190369,"[5, 11, 19, 15, 8, 2, 1]","[""BM3R1/B3"", ""PhlF/P2"", ""SrpR/S4"", ""QacR/Q2"", ""LitR/L1"", ""BetI/E1"", ""AmtR/A1""]",0x0F,7
046dc60c,1,8.709423579024202,0.8011029958724976,"[4, 11, 19, 15, 8, 2, 1]","[""BM3R1/B2"", ""PhlF/P2"", ""SrpR/S4"", ""QacR/Q2"", ""LitR/L1"", ""BetI/E1"", ""AmtR/A1""]",0x0F,7
046dc60c,1,8.59547558209835,0.8136710524559021,"[4, 11, 19, 15, 9, 2, 1]","[""BM3R1/B2"", ""PhlF/P2"", ""SrpR/S4"", ""QacR/Q2"", ""LmrA/N1"", ""BetI/E1"", ""AmtR/A1""]",0x0F,7
046dc60c,1,7.096965868643644,0.836836576461792,"[19, 11, 1, 2, 9, 15, 5]","[""SrpR/S4"", ""PhlF/P2"", ""AmtR/A1"", ""BetI/E1"", ""LmrA/N1"", ""QacR/Q2"", ""BM3R1/B3""]",0x0F,7
046dc60c,1,9.556447700897511,0.7756913304328918,"[5, 11, 19, 13, 9, 15, 1]","[""BM3R1/B3"", ""PhlF/P2"", ""SrpR/S4"", ""PsrA/R1"", ""LmrA/N1"", ""QacR/Q2"", ""AmtR/A1""]",0x0F,7
046dc60c,1,7.270286200082844,0.8309585452079773,"[19, 11, 15, 2, 5, 6, 1]","[""SrpR/S4"", ""PhlF/P2"", ""QacR/Q2"", ""BetI/E1"", ""BM3R1/B3"", ""HlyIIR/H1"", ""AmtR/A1""]",0x0F,7
046dc60c,1,10.417710383836031,0.6769790053367615,"[16, 11, 9, 15, 5, 1, 2]","[""SrpR/S1"", ""PhlF/P2"", ""LmrA/N1"", ""QacR/Q2"", ""BM3R1/B3"", ""AmtR/A1"", ""BetI/E1""]",0x0F,7
046dc60c,1,10.354768067199707,0.730642557144165,"[16, 11, 1, 8, 5, 2, 15]","[""SrpR/S1"", ""PhlF/P2"", ""AmtR/A1"", ""LitR/L1"", ""BM3R1/B3"", ""BetI/E1"", ""QacR/Q2""]",0x0F,7
046dc60c,1,6.3574619332337745,0.8565078377723694,"[4, 19, 1, 15, 10, 7, 2]","[""BM3R1/B2"", ""SrpR/S4"", ""AmtR/A1"", ""QacR/Q2"", ""PhlF/P1"", ""IcaRA/I1"", ""BetI/E1""]",0x0F,7
046dc60c,1,4.631780656621387,0.8736701607704163,"[1, 19, 4, 7, 10, 15, 2]","[""AmtR/A1"", ""SrpR/S4"", ""BM3R1/B2"", ""IcaRA/I1"", ""PhlF/P1"", ""QacR/Q2"", ""BetI/E1""]",0x0F,7
77634763,0,5.647806322992009,0.8206577897071838,"[5, 15, 2, 1, 19]","[""BM3R1/B3"", ""QacR/Q2"", ""BetI/E1"", ""AmtR/A1"", ""SrpR/S4""]",0x06,5
77634763,0,6.376660908810478,0.8173031210899353,"[5, 15, 19, 2, 11]","[""BM3R1/B3"", ""QacR/Q2"", ""SrpR/S4"", ""BetI/E1"", ""PhlF/P2""]",0x06,5
77634763,0,5.763914711508242,0.8196625113487244,"[11, 2, 5, 15, 19]","[""PhlF/P2"", ""BetI/E1"", ""BM3R1/B3"", ""QacR/Q2"", ""SrpR/S4""]",0x06,5
77634763,0,8.09356618248676,0.8029142022132874,"[11, 2, 19, 1, 15]","[""PhlF/P2"", ""BetI/E1"", ""SrpR/S4"", ""AmtR/A1"", ""QacR/Q2""]",0x06,5
77634763,0,5.05970785904174,0.8302351236343384,"[11, 2, 19, 15, 4]","[""PhlF/P2"", ""BetI/E1"", ""SrpR/S4"", ""QacR/Q2"", ""BM3R1/B2""]",0x06,5
77634763,0,8.711467326145774,0.7696035504341125,"[11, 13, 19, 2, 15]","[""PhlF/P2"", ""PsrA/R1"", ""SrpR/S4"", ""BetI/E1"", ""QacR/Q2""]",0x06,5
77634763,0,8.904407507026862,0.7069256901741028,"[11, 13, 19, 14, 2]","[""PhlF/P2"", ""PsrA/R1"", ""SrpR/S4"", ""QacR/Q1"", ""BetI/E1""]",0x06,5
77634763,0,8.430571357373802,0.7739772200584412,"[11, 13, 19, 15, 2]","[""PhlF/P2"", ""PsrA/R1"", ""SrpR/S4"", ""QacR/Q2"", ""BetI/E1""]",0x06,5
77634763,0,8.824581520180148,0.743796706199646,"[11, 15, 1, 2, 13]","[""PhlF/P2"", ""QacR/Q2"", ""AmtR/A1"", ""BetI/E1"", ""PsrA/R1""]",0x06,5
77634763,0,8.367350758220816,0.7845274209976196,"[11, 15, 1, 2, 19]","[""PhlF/P2"", ""QacR/Q2"", ""AmtR/A1"", ""BetI/E1"", ""SrpR/S4""]",0x06,5
77634763,0,7.912251069492542,0.8055980205535889,"[11, 15, 19, 1, 2]","[""PhlF/P2"", ""QacR/Q2"", ""SrpR/S4"", ""AmtR/A1"", ""BetI/E1""]",0x06,5
77634763,0,5.228906009177957,0.8296031951904297,"[11, 15, 19, 2, 4]","[""PhlF/P2"", ""QacR/Q2"", ""SrpR/S4"", ""BetI/E1"", ""BM3R1/B2""]",0x06,5
77634763,0,0.1587523566430445,0.8664390444755554,"[19, 2, 10, 15, 4]","[""SrpR/S4"", ""BetI/E1"", ""PhlF/P1"", ""QacR/Q2"", ""BM3R1/B2""]",0x06,5
77634763,0,0.6399021646860926,0.8556818962097168,"[19, 10, 2, 15, 4]","[""SrpR/S4"", ""PhlF/P1"", ""BetI/E1"", ""QacR/Q2"", ""BM3R1/B2""]",0x06,5
77634763,0,0.6896538118271677,0.8416618704795837,"[19, 15, 2, 10, 4]","[""SrpR/S4"", ""QacR/Q2"", ""BetI/E1"", ""PhlF/P1"", ""BM3R1/B2""]",0x06,5
77634763,1,8.402698268717364,0.7767236232757568,"[11, 13, 19, 2, 15]","[""PhlF/P2"", ""PsrA/R1"", ""SrpR/S4"", ""BetI/E1"", ""QacR/Q2""]",0x06,5
77634763,1,8.287546826430567,0.7944573760032654,"[11, 15, 1, 2, 19]","[""PhlF/P2"", ""QacR/Q2"", ""AmtR/A1"", ""BetI/E1"", ""SrpR/S4""]",0x06,5
77634763,1,5.321965792991895,0.8263187408447266,"[11, 15, 2, 4, 19]","[""PhlF/P2"", ""QacR/Q2"", ""BetI/E1"", ""BM3R1/B2"", ""SrpR/S4""]",0x06,5
77634763,1,5.502005997939748,0.823412299156189,"[11, 15, 2, 17, 5]","[""PhlF/P2"", ""QacR/Q2"", ""BetI/E1"", ""SrpR/S2"", ""BM3R1/B3""]",0x06,5
77634763,1,7.780614554814422,0.8083229064941406,"[11, 15, 19, 2, 1]","[""PhlF/P2"", ""QacR/Q2"", ""SrpR/S4"", ""BetI/E1"", ""AmtR/A1""]",0x06,5
77634763,1,6.545492195435245,0.8107222318649292,"[11, 15, 19, 5, 2]","[""PhlF/P2"", ""QacR/Q2"", ""SrpR/S4"", ""BM3R1/B3"", ""BetI/E1""]",0x06,5
77634763,1,4.964478717265877,0.8394352197647095,"[11, 19, 2, 4, 15]","[""PhlF/P2"", ""SrpR/S4"", ""BetI/E1"", ""BM3R1/B2"", ""QacR/Q2""]",0x06,5
77634763,1,-0.0395571524586994,0.8674038648605347,"[19, 2, 10, 4, 15]","[""SrpR/S4"", ""BetI/E1"", ""PhlF/P1"", ""BM3R1/B2"", ""QacR/Q2""]",0x06,5
cedb356c,0,-0.28039528782506445,0.8421754837036133,"[1, 2, 15, 4, 10]","[""AmtR/A1"", ""BetI/E1"", ""QacR/Q2"", ""BM3R1/B2"", ""PhlF/P1""]",0x06,5
cedb356c,0,4.799190598714563,0.8286572098731995,"[1, 2, 15, 4, 11]","[""AmtR/A1"", ""BetI/E1"", ""QacR/Q2"", ""BM3R1/B2"", ""PhlF/P2""]",0x06,5
cedb356c,0,3.409399482638472,0.8354454040527344,"[1, 2, 15, 4, 19]","[""AmtR/A1"", ""BetI/E1"", ""QacR/Q2"", ""BM3R1/B2"", ""SrpR/S4""]",0x06,5
cedb356c,0,5.376914952710786,0.7972544431686401,"[1, 2, 15, 19, 11]","[""AmtR/A1"", ""BetI/E1"", ""QacR/Q2"", ""SrpR/S4"", ""PhlF/P2""]",0x06,5
cedb356c,0,-1.9734991835171214,0.856910765171051,"[1, 10, 8, 4, 15]","[""AmtR/A1"", ""PhlF/P1"", ""LitR/L1"", ""BM3R1/B2"", ""QacR/Q2""]",0x06,5
cedb356c,0,5.894745338006014,0.7540024518966675,"[1, 13, 15, 2, 11]","[""AmtR/A1"", ""PsrA/R1"", ""QacR/Q2"", ""BetI/E1"", ""PhlF/P2""]",0x06,5
cedb356c,0,6.103350566330564,0.7512931823730469,"[1, 13, 15, 19, 11]","[""AmtR/A1"", ""PsrA/R1"", ""QacR/Q2"", ""SrpR/S4"", ""PhlF/P2""]",0x06,5
cedb356c,0,5.4183919447222,0.7850879430770874,"[1, 15, 2, 19, 11]","[""AmtR/A1"", ""QacR/Q2"", ""BetI/E1"", ""SrpR/S4"", ""PhlF/P2""]",0x06,5
cedb356c,0,1.8546008648899568,0.8395297527313232,"[1, 19, 15, 4, 2]","[""AmtR/A1"", ""SrpR/S4"", ""QacR/Q2"", ""BM3R1/B2"", ""BetI/E1""]",0x06,5
cedb356c,0,-0.7421893532719879,0.846844494342804,"[1, 19, 15, 4, 10]","[""AmtR/A1"", ""SrpR/S4"", ""QacR/Q2"", ""BM3R1/B2"", ""PhlF/P1""]",0x06,5
cedb356c,0,-2.025917887205174,0.8608113527297974,"[2, 10, 8, 4, 15]","[""BetI/E1"", ""PhlF/P1"", ""LitR/L1"", ""BM3R1/B2"", ""QacR/Q2""]",0x06,5
cedb356c,0,-1.9763694874543252,0.8603593111038208,"[2, 19, 10, 4, 15]","[""BetI/E1"", ""SrpR/S4"", ""PhlF/P1"", ""BM3R1/B2"", ""QacR/Q2""]",0x06,5
cedb356c,0,4.4304535725940655,0.8286653161048889,"[2, 19, 15, 11, 4]","[""BetI/E1"", ""SrpR/S4"", ""QacR/Q2"", ""PhlF/P2"", ""BM3R1/B2""]",0x06,5
cedb356c,0,5.238099429843902,0.8133264780044556,"[5, 19, 15, 2, 11]","[""BM3R1/B3"", ""SrpR/S4"", ""QacR/Q2"", ""BetI/E1"", ""PhlF/P2""]",0x06,5
cedb356c,0,2.4818603916128397,0.8364801406860352,"[11, 19, 15, 4, 2]","[""PhlF/P2"", ""SrpR/S4"", ""QacR/Q2"", ""BM3R1/B2"", ""BetI/E1""]",0x06,5
cedb356c,0,5.640349539261125,0.76265549659729,"[15, 13, 2, 11, 19]","[""QacR/Q2"", ""PsrA/R1"", ""BetI/E1"", ""PhlF/P2"", ""SrpR/S4""]",0x06,5
cedb356c,0,4.942146130200757,0.8209846019744873,"[19, 2, 15, 4, 11]","[""SrpR/S4"", ""BetI/E1"", ""QacR/Q2"", ""BM3R1/B2"", ""PhlF/P2""]",0x06,5
cedb356c,0,-0.7653379342433392,0.8498339056968689,"[19, 10, 15, 2, 4]","[""SrpR/S4"", ""PhlF/P1"", ""QacR/Q2"", ""BetI/E1"", ""BM3R1/B2""]",0x06,5
cedb356c,1,-1.1390269073657846,0.8550446629524231,"[0, 10, 7, 4, 2]","[""AmeR/F1"", ""PhlF/P1"", ""IcaRA/I1"", ""BM3R1/B2"", ""BetI/E1""]",0x06,5
cedb356c,1,-1.070305084649527,0.8523257970809937,"[0, 10, 7, 4, 19]","[""AmeR/F1"", ""PhlF/P1"", ""IcaRA/I1"", ""BM3R1/B2"", ""SrpR/S4""]",0x06,5
cedb356c,1,6.265108086130164,0.6438719630241394,"[1, 13, 2, 14, 11]","[""AmtR/A1"", ""PsrA/R1"", ""BetI/E1"", ""QacR/Q1"", ""PhlF/P2""]",0x06,5
cedb356c,1,5.631075672164409,0.7790277004241943,"[1, 15, 2, 11, 19]","[""AmtR/A1"", ""QacR/Q2"", ""BetI/E1"", ""PhlF/P2"", ""SrpR/S4""]",0x06,5
cedb356c,1,4.111668520242329,0.8324563503265381,"[1, 19, 15, 4, 11]","[""AmtR/A1"", ""SrpR/S4"", ""QacR/Q2"", ""BM3R1/B2"", ""PhlF/P2""]",0x06,5
cedb356c,1,-2.0317195761972067,0.8647682070732117,"[2, 19, 10, 15, 4]","[""BetI/E1"", ""SrpR/S4"", ""PhlF/P1"", ""QacR/Q2"", ""BM3R1/B2""]",0x06,5
cedb356c,1,4.199712178744237,0.8299757838249207,"[2, 19, 15, 4, 11]","[""BetI/E1"", ""SrpR/S4"", ""QacR/Q2"", ""BM3R1/B2"", ""PhlF/P2""]",0x06,5
cedb356c,1,5.015916411504057,0.814287006855011,"[5, 19, 15, 11, 2]","[""BM3R1/B3"", ""SrpR/S4"", ""QacR/Q2"", ""PhlF/P2"", ""BetI/E1""]",0x06,5
cedb356c,1,2.466648939504433,0.8393246531486511,"[11, 19, 15, 2, 4]","[""PhlF/P2"", ""SrpR/S4"", ""QacR/Q2"", ""BetI/E1"", ""BM3R1/B2""]",0x06,5
cedb356c,1,-0.33315676396167265,0.8468300104141235,"[19, 10, 15, 2, 4]","[""SrpR/S4"", ""PhlF/P1"", ""QacR/Q2"", ""BetI/E1"", ""BM3R1/B2""]",0x06,5
cedb356c,1,6.203636561883337,0.6469423174858093,"[19, 13, 2, 14, 11]","[""SrpR/S4"", ""PsrA/R1"", ""BetI/E1"", ""QacR/Q1"", ""PhlF/P2""]",0x06,5
15353008,0,8.668313486407165,0.6883876323699951,"[13, 3, 11, 19, 2, 15]","[""PsrA/R1"", ""BM3R1/B1"", ""PhlF/P2"", ""SrpR/S4"", ""BetI/E1"", ""QacR/Q2""]",0x06,6
15353008,0,8.364458511833405,0.7488328814506531,"[13, 5, 11, 19, 2, 15]","[""PsrA/R1"", ""BM3R1/B3"", ""PhlF/P2"", ""SrpR/S4"", ""BetI/E1"", ""QacR/Q2""]",0x06,6
15353008,0,8.61045852105933,0.6888198256492615,"[13, 11, 3, 19, 2, 15]","[""PsrA/R1"", ""PhlF/P2"", ""BM3R1/B1"", ""SrpR/S4"", ""BetI/E1"", ""QacR/Q2""]",0x06,6
15353008,0,8.677467495981741,0.6743930578231812,"[15, 3, 11, 19, 2, 13]","[""QacR/Q2"", ""BM3R1/B1"", ""PhlF/P2"", ""SrpR/S4"", ""BetI/E1"", ""PsrA/R1""]",0x06,6
15353008,0,4.943611287305686,0.8147118091583252,"[15, 4, 10, 19, 1, 2]","[""QacR/Q2"", ""BM3R1/B2"", ""PhlF/P1"", ""SrpR/S4"", ""AmtR/A1"", ""BetI/E1""]",0x06,6
15353008,0,8.096292427999925,0.7896410822868347,"[15, 5, 11, 19, 1, 2]","[""QacR/Q2"", ""BM3R1/B3"", ""PhlF/P2"", ""SrpR/S4"", ""AmtR/A1"", ""BetI/E1""]",0x06,6
15353008,0,8.07745841923919,0.7907848954200745,"[15, 11, 5, 19, 1, 2]","[""QacR/Q2"", ""PhlF/P2"", ""BM3R1/B3"", ""SrpR/S4"", ""AmtR/A1"", ""BetI/E1""]",0x06,6
15353008,1,-0.043688988167967235,0.8361425995826721,"[2, 15, 4, 1, 19, 10]","[""BetI/E1"", ""QacR/Q2"", ""BM3R1/B2"", ""AmtR/A1"", ""SrpR/S4"", ""PhlF/P1""]",0x06,6
15353008,1,0.09020822691332918,0.8352830410003662,"[10, 4, 19, 15, 2, 1]","[""PhlF/P1"", ""BM3R1/B2"", ""SrpR/S4"", ""QacR/Q2"", ""BetI/E1"", ""AmtR/A1""]",0x06,6
15353008,1,0.10151344776123077,0.8310507535934448,"[10, 19, 4, 2, 15, 1]","[""PhlF/P1"", ""SrpR/S4"", ""BM3R1/B2"", ""BetI/E1"", ""QacR/Q2"", ""AmtR/A1""]",0x06,6
15353008,1,8.50170199878188,0.7445870041847229,"[13, 5, 11, 19, 15, 2]","[""PsrA/R1"", ""BM3R1/B3"", ""PhlF/P2"", ""SrpR/S4"", ""QacR/Q2"", ""BetI/E1""]",0x06,6
15353008,1,8.902933057039458,0.4753525853157043,"[13, 16, 11, 7, 15, 2]","[""PsrA/R1"", ""SrpR/S1"", ""PhlF/P2"", ""IcaRA/I1"", ""QacR/Q2"", ""BetI/E1""]",0x06,6
15353008,1,8.813190416115434,0.6722245812416077,"[15, 3, 11, 19, 13, 2]","[""QacR/Q2"", ""BM3R1/B1"", ""PhlF/P2"", ""SrpR/S4"", ""PsrA/R1"", ""BetI/E1""]",0x06,6
15353008,1,6.651046762712456,0.8004984855651855,"[15, 4, 11, 2, 19, 1]","[""QacR/Q2"", ""BM3R1/B2"", ""PhlF/P2"", ""BetI/E1"", ""SrpR/S4"", ""AmtR/A1""]",0x06,6
15353008,1,7.599790513010809,0.7958687543869019,"[15, 4, 11, 19, 2, 1]","[""QacR/Q2"", ""BM3R1/B2"", ""PhlF/P2"", ""SrpR/S4"", ""BetI/E1"", ""AmtR/A1""]",0x06,6
15353008,1,8.51912702685592,0.730140209197998,"[15, 5, 11, 19, 13, 2]","[""QacR/Q2"", ""BM3R1/B3"", ""PhlF/P2"", ""SrpR/S4"", ""PsrA/R1"", ""BetI/E1""]",0x06,6
15353008,1,4.3564953590473525,0.8264476656913757,"[15, 10, 4, 2, 17, 1]","[""QacR/Q2"", ""PhlF/P1"", ""BM3R1/B2"", ""BetI/E1"", ""SrpR/S2"", ""AmtR/A1""]",0x06,6
15353008,1,4.659852101816,0.8242257237434387,"[15, 10, 4, 2, 19, 1]","[""QacR/Q2"", ""PhlF/P1"", ""BM3R1/B2"", ""BetI/E1"", ""SrpR/S4"", ""AmtR/A1""]",0x06,6
15353008,1,4.801091890735718,0.8227446675300598,"[15, 10, 4, 19, 2, 1]","[""QacR/Q2"", ""PhlF/P1"", ""BM3R1/B2"", ""SrpR/S4"", ""BetI/E1"", ""AmtR/A1""]",0x06,6
15353008,1,6.716784824854985,0.7987861037254333,"[15, 11, 4, 2, 17, 1]","[""QacR/Q2"", ""PhlF/P2"", ""BM3R1/B2"", ""BetI/E1"", ""SrpR/S2"", ""AmtR/A1""]",0x06,6
15353008,1,7.356839736752843,0.7983530759811401,"[15, 11, 4, 19, 2, 1]","[""QacR/Q2"", ""PhlF/P2"", ""BM3R1/B2"", ""SrpR/S4"", ""BetI/E1"", ""AmtR/A1""]",0x06,6
364d8813,0,4.981312936098757,0.8218580484390259,"[2, 11, 1, 15, 4, 19]","[""BetI/E1"", ""PhlF/P2"", ""AmtR/A1"", ""QacR/Q2"", ""BM3R1/B2"", ""SrpR/S4""]",0x06,6
364d8813,0,6.0777576422369615,0.8019064664840698,"[4, 2, 1, 15, 19, 11]","[""BM3R1/B2"", ""BetI/E1"", ""AmtR/A1"", ""QacR/Q2"", ""SrpR/S4"", ""PhlF/P2""]",0x06,6
364d8813,0,4.522296326601808,0.8302044868469238,"[4, 19, 11, 2, 1, 15]","[""BM3R1/B2"", ""SrpR/S4"", ""PhlF/P2"", ""BetI/E1"", ""AmtR/A1"", ""QacR/Q2""]",0x06,6
364d8813,0,4.638528937852981,0.8248546123504639,"[4, 19, 12, 2, 1, 15]","[""BM3R1/B2"", ""SrpR/S4"", ""PhlF/P3"", ""BetI/E1"", ""AmtR/A1"", ""QacR/Q2""]",0x06,6
364d8813,0,5.854057972533098,0.8037551641464233,"[5, 11, 1, 15, 19, 2]","[""BM3R1/B3"", ""PhlF/P2"", ""AmtR/A1"", ""QacR/Q2"", ""SrpR/S4"", ""BetI/E1""]",0x06,6
364d8813,0,-0.03014477658663341,0.8523412942886353,"[10, 4, 1, 19, 2, 15]","[""PhlF/P1"", ""BM3R1/B2"", ""AmtR/A1"", ""SrpR/S4"", ""BetI/E1"", ""QacR/Q2""]",0x06,6
364d8813,0,-0.026718317230638236,0.851141095161438,"[10, 4, 15, 19, 2, 1]","[""PhlF/P1"", ""BM3R1/B2"", ""QacR/Q2"", ""SrpR/S4"", ""BetI/E1"", ""AmtR/A1""]",0x06,6
364d8813,0,6.237854144003475,0.8008323311805725,"[11, 1, 2, 15, 4, 19]","[""PhlF/P2"", ""AmtR/A1"", ""BetI/E1"", ""QacR/Q2"", ""BM3R1/B2"", ""SrpR/S4""]",0x06,6
364d8813,0,5.298244681343669,0.8203579187393188,"[11, 4, 1, 2, 19, 15]","[""PhlF/P2"", ""BM3R1/B2"", ""AmtR/A1"", ""BetI/E1"", ""SrpR/S4"", ""QacR/Q2""]",0x06,6
364d8813,0,8.24799442219493,0.4896531105041504,"[11, 7, 1, 13, 19, 14]","[""PhlF/P2"", ""IcaRA/I1"", ""AmtR/A1"", ""PsrA/R1"", ""SrpR/S4"", ""QacR/Q1""]",0x06,6
364d8813,0,6.439157729750668,0.796999454498291,"[11, 15, 1, 2, 5, 19]","[""PhlF/P2"", ""QacR/Q2"", ""AmtR/A1"", ""BetI/E1"", ""BM3R1/B3"", ""SrpR/S4""]",0x06,6
364d8813,0,7.798919670578047,0.7949306964874268,"[11, 15, 19, 2, 5, 1]","[""PhlF/P2"", ""QacR/Q2"", ""SrpR/S4"", ""BetI/E1"", ""BM3R1/B3"", ""AmtR/A1""]",0x06,6
364d8813,0,8.134978047668316,0.7671140432357788,"[11, 19, 14, 2, 5, 1]","[""PhlF/P2"", ""SrpR/S4"", ""QacR/Q1"", ""BetI/E1"", ""BM3R1/B3"", ""AmtR/A1""]",0x06,6
364d8813,0,-0.047896871455532244,0.8669918775558472,"[15, 2, 1, 10, 19, 5]","[""QacR/Q2"", ""BetI/E1"", ""AmtR/A1"", ""PhlF/P1"", ""SrpR/S4"", ""BM3R1/B3""]",0x06,6
364d8813,0,-0.21123428059676133,0.8690341711044312,"[15, 4, 1, 19, 2, 10]","[""QacR/Q2"", ""BM3R1/B2"", ""AmtR/A1"", ""SrpR/S4"", ""BetI/E1"", ""PhlF/P1""]",0x06,6
364d8813,0,-0.8807751516440714,0.8750309348106384,"[15, 4, 2, 19, 10, 1]","[""QacR/Q2"", ""BM3R1/B2"", ""BetI/E1"", ""SrpR/S4"", ""PhlF/P1"", ""AmtR/A1""]",0x06,6
364d8813,0,3.5621536675235292,0.831140398979187,"[15, 4, 11, 1, 19, 2]","[""QacR/Q2"", ""BM3R1/B2"", ""PhlF/P2"", ""AmtR/A1"", ""SrpR/S4"", ""BetI/E1""]",0x06,6
364d8813,0,2.9688900773656175,0.8491253852844238,"[15, 11, 2, 19, 4, 1]","[""QacR/Q2"", ""PhlF/P2"", ""BetI/E1"", ""SrpR/S4"", ""BM3R1/B2"", ""AmtR/A1""]",0x06,6
364d8813,0,-0.2435432391825423,0.8748621344566345,"[19, 4, 2, 15, 10, 1]","[""SrpR/S4"", ""BM3R1/B2"", ""BetI/E1"", ""QacR/Q2"", ""PhlF/P1"", ""AmtR/A1""]",0x06,6
59849fd9,0,-0.058842037855375354,0.8577450513839722,"[4, 10, 2, 15, 17, 1]","[""BM3R1/B2"", ""PhlF/P1"", ""BetI/E1"", ""QacR/Q2"", ""SrpR/S2"", ""AmtR/A1""]",0x06,6
59849fd9,0,8.876232894012317,0.8209027051925659,"[11, 1, 2, 15, 4, 19]","[""PhlF/P2"", ""AmtR/A1"", ""BetI/E1"", ""QacR/Q2"", ""BM3R1/B2"", ""SrpR/S4""]",0x06,6
59849fd9,0,6.132461604592932,0.8266140222549438,"[11, 1, 2, 19, 4, 15]","[""PhlF/P2"", ""AmtR/A1"", ""BetI/E1"", ""SrpR/S4"", ""BM3R1/B2"", ""QacR/Q2""]",0x06,6
59849fd9,0,4.09060786677377,0.8314759731292725,"[11, 1, 4, 15, 19, 2]","[""PhlF/P2"", ""AmtR/A1"", ""BM3R1/B2"", ""QacR/Q2"", ""SrpR/S4"", ""BetI/E1""]",0x06,6
59849fd9,0,9.229356020151867,0.7768844962120056,"[11, 1, 15, 13, 4, 2]","[""PhlF/P2"", ""AmtR/A1"", ""QacR/Q2"", ""PsrA/R1"", ""BM3R1/B2"", ""BetI/E1""]",0x06,6
59849fd9,0,6.363572141734691,0.8237323760986328,"[11, 1, 15, 19, 4, 2]","[""PhlF/P2"", ""AmtR/A1"", ""QacR/Q2"", ""SrpR/S4"", ""BM3R1/B2"", ""BetI/E1""]",0x06,6
59849fd9,0,3.3833931659990726,0.8358211517333984,"[11, 2, 4, 15, 17, 1]","[""PhlF/P2"", ""BetI/E1"", ""BM3R1/B2"", ""QacR/Q2"", ""SrpR/S2"", ""AmtR/A1""]",0x06,6
59849fd9,0,8.931031335911198,0.8134405612945557,"[11, 19, 2, 15, 4, 1]","[""PhlF/P2"", ""SrpR/S4"", ""BetI/E1"", ""QacR/Q2"", ""BM3R1/B2"", ""AmtR/A1""]",0x06,6
59849fd9,0,0.014119933401650296,0.8571637272834778,"[19, 1, 2, 10, 4, 15]","[""SrpR/S4"", ""AmtR/A1"", ""BetI/E1"", ""PhlF/P1"", ""BM3R1/B2"", ""QacR/Q2""]",0x06,6
59849fd9,0,5.82296597947698,0.8305055499076843,"[19, 1, 2, 15, 4, 11]","[""SrpR/S4"", ""AmtR/A1"", ""BetI/E1"", ""QacR/Q2"", ""BM3R1/B2"", ""PhlF/P2""]",0x06,6
59849fd9,0,-0.5885234069077442,0.8586899042129517,"[19, 1, 4, 15, 10, 2]","[""SrpR/S4"", ""AmtR/A1"", ""BM3R1/B2"", ""QacR/Q2"", ""PhlF/P1"", ""BetI/E1""]",0x06,6
59849fd9,0,2.739773812520127,0.8413050174713135,"[19, 1, 4, 15, 11, 2]","[""SrpR/S4"", ""AmtR/A1"", ""BM3R1/B2"", ""QacR/Q2"", ""PhlF/P2"", ""BetI/E1""]",0x06,6
59849fd9,0,1.9730355094225376,0.8454623222351074,"[19, 2, 4, 15, 11, 1]","[""SrpR/S4"", ""BetI/E1"", ""BM3R1/B2"", ""QacR/Q2"", ""PhlF/P2"", ""AmtR/A1""]",0x06,6
59849fd9,0,-0.007409692028032023,0.8574751019477844,"[19, 15, 2, 10, 4, 1]","[""SrpR/S4"", ""QacR/Q2"", ""BetI/E1"", ""PhlF/P1"", ""BM3R1/B2"", ""AmtR/A1""]",0x06,6
59849fd9,1,9.022675973024933,0.8117067813873291,"[11, 2, 1, 15, 19, 4]","[""PhlF/P2"", ""BetI/E1"", ""AmtR/A1"", ""QacR/Q2"", ""SrpR/S4"", ""BM3R1/B2""]",0x06,6
59849fd9,1,9.367232630304526,0.7763993144035339,"[11, 15, 1, 13, 19, 4]","[""PhlF/P2"", ""QacR/Q2"", ""AmtR/A1"", ""PsrA/R1"", ""SrpR/S4"", ""BM3R1/B2""]",0x06,6
59849fd9,1,7.387456120556275,0.8230358362197876,"[11, 17, 1, 15, 2, 4]","[""PhlF/P2"", ""SrpR/S2"", ""AmtR/A1"", ""QacR/Q2"", ""BetI/E1"", ""BM3R1/B2""]",0x06,6
59849fd9,1,4.519967081411891,0.8309698104858398,"[11, 17, 2, 15, 1, 4]","[""PhlF/P2"", ""SrpR/S2"", ""BetI/E1"", ""QacR/Q2"", ""AmtR/A1"", ""BM3R1/B2""]",0x06,6
59849fd9,1,0.044118920871265635,0.8459553718566895,"[19, 1, 15, 10, 2, 4]","[""SrpR/S4"", ""AmtR/A1"", ""QacR/Q2"", ""PhlF/P1"", ""BetI/E1"", ""BM3R1/B2""]",0x06,6
59849fd9,1,0.038998002366866374,0.8512797355651855,"[19, 2, 15, 10, 1, 4]","[""SrpR/S4"", ""BetI/E1"", ""QacR/Q2"", ""PhlF/P1"", ""AmtR/A1"", ""BM3R1/B2""]",0x06,6
0012834e,0,0.05105074840285489,0.8119165301322937,"[19, 1, 2, 10, 15, 5, 8]","[""SrpR/S4"", ""AmtR/A1"", ""BetI/E1"", ""PhlF/P1"", ""QacR/Q2"", ""BM3R1/B3"", ""LitR/L1""]",0x06,7
0012834e,0,6.1147307784008795,0.7364538311958313,"[11, 13, 4, 15, 2, 19, 1]","[""PhlF/P2"", ""PsrA/R1"", ""BM3R1/B2"", ""QacR/Q2"", ""BetI/E1"", ""SrpR/S4"", ""AmtR/A1""]",0x06,7
0012834e,0,8.403755683007423,0.4742596745491028,"[11, 1, 4, 7, 13, 18, 14]","[""PhlF/P2"", ""AmtR/A1"", ""BM3R1/B2"", ""IcaRA/I1"", ""PsrA/R1"", ""SrpR/S3"", ""QacR/Q1""]",0x06,7
0012834e,0,0.05566357112002482,0.7963324189186096,"[19, 2, 0, 1, 10, 5, 15]","[""SrpR/S4"", ""BetI/E1"", ""AmeR/F1"", ""AmtR/A1"", ""PhlF/P1"", ""BM3R1/B3"", ""QacR/Q2""]",0x06,7
0012834e,0,0.06051139989366721,0.7890582084655762,"[1, 19, 2, 5, 15, 10, 8]","[""AmtR/A1"", ""SrpR/S4"", ""BetI/E1"", ""BM3R1/B3"", ""QacR/Q2"", ""PhlF/P1"", ""LitR/L1""]",0x06,7
0012834e,0,6.242001327762556,0.7354494333267212,"[5, 11, 19, 1, 2, 15, 13]","[""BM3R1/B3"", ""PhlF/P2"", ""SrpR/S4"", ""AmtR/A1"", ""BetI/E1"", ""QacR/Q2"", ""PsrA/R1""]",0x06,7
0012834e,0,6.889203885670344,0.717494785785675,"[11, 1, 5, 2, 13, 15, 19]","[""PhlF/P2"", ""AmtR/A1"", ""BM3R1/B3"", ""BetI/E1"", ""PsrA/R1"", ""QacR/Q2"", ""SrpR/S4""]",0x06,7
0012834e,0,0.05398336886303147,0.7983739376068115,"[4, 1, 2, 15, 19, 10, 8]","[""BM3R1/B2"", ""AmtR/A1"", ""BetI/E1"", ""QacR/Q2"", ""SrpR/S4"", ""PhlF/P1"", ""LitR/L1""]",0x06,7
0012834e,0,0.21678892316450893,0.7728281617164612,"[15, 1, 4, 10, 2, 13, 19]","[""QacR/Q2"", ""AmtR/A1"", ""BM3R1/B2"", ""PhlF/P1"", ""BetI/E1"", ""PsrA/R1"", ""SrpR/S4""]",0x06,7
0012834e,0,6.051812336686694,0.7632965445518494,"[11, 1, 4, 19, 2, 13, 15]","[""PhlF/P2"", ""AmtR/A1"", ""BM3R1/B2"", ""SrpR/S4"", ""BetI/E1"", ""PsrA/R1"", ""QacR/Q2""]",0x06,7
0012834e,0,0.05329883923796944,0.8002158403396606,"[4, 1, 15, 10, 2, 19, 8]","[""BM3R1/B2"", ""AmtR/A1"", ""QacR/Q2"", ""PhlF/P1"", ""BetI/E1"", ""SrpR/S4"", ""LitR/L1""]",0x06,7
0012834e,0,7.772354044629231,0.6959772706031799,"[11, 1, 4, 2, 13, 18, 15]","[""PhlF/P2"", ""AmtR/A1"", ""BM3R1/B2"", ""BetI/E1"", ""PsrA/R1"", ""SrpR/S3"", ""QacR/Q2""]",0x06,7
0012834e,0,0.15281678902882814,0.7887129783630371,"[15, 10, 4, 1, 19, 2, 13]","[""QacR/Q2"", ""PhlF/P1"", ""BM3R1/B2"", ""AmtR/A1"", ""SrpR/S4"", ""BetI/E1"", ""PsrA/R1""]",0x06,7
0012834e,0,6.679304837700111,0.7262746691703796,"[15, 1, 4, 19, 13, 2, 11]","[""QacR/Q2"", ""AmtR/A1"", ""BM3R1/B2"", ""SrpR/S4"", ""PsrA/R1"", ""BetI/E1"", ""PhlF/P2""]",0x06,7
0012834e,0,7.017998750347092,0.7116163969039917,"[11, 4, 19, 1, 13, 2, 15]","[""PhlF/P2"", ""BM3R1/B2"", ""SrpR/S4"", ""AmtR/A1"", ""PsrA/R1"", ""BetI/E1"", ""QacR/Q2""]",0x06,7
0012834e,0,6.061130205605522,0.7545939087867737,"[11, 1, 4, 2, 19, 15, 13]","[""PhlF/P2"", ""AmtR/A1"", ""BM3R1/B2"", ""BetI/E1"", ""SrpR/S4"", ""QacR/Q2"", ""PsrA/R1""]",0x06,7
0012834e,0,7.755965366940217,0.7027720808982849,"[11, 17, 2, 13, 5, 1, 15]","[""PhlF/P2"", ""SrpR/S2"", ""BetI/E1"", ""PsrA/R1"", ""BM3R1/B3"", ""AmtR/A1"", ""QacR/Q2""]",0x06,7
0012834e,0,7.925955861029429,0.6892970204353333,"[11, 1, 2, 4, 17, 13, 15]","[""PhlF/P2"", ""AmtR/A1"", ""BetI/E1"", ""BM3R1/B2"", ""SrpR/S2"", ""PsrA/R1"", ""QacR/Q2""]",0x06,7
0012834e,0,0.8788682556085438,0.7711971998214722,"[19, 11, 4, 2, 1, 13, 15]","[""SrpR/S4"", ""PhlF/P2"", ""BM3R1/B2"", ""BetI/E1"", ""AmtR/A1"", ""PsrA/R1"", ""QacR/Q2""]",0x06,7
0012834e,1,8.162314028738466,0.5842552185058594,"[11, 14, 3, 19, 13, 2, 1]","[""PhlF/P2"", ""QacR/Q1"", ""BM3R1/B1"", ""SrpR/S4"", ""PsrA/R1"", ""BetI/E1"", ""AmtR/A1""]",0x06,7
011f8a14,0,-0.011956975564829749,0.7549058794975281,"[19, 1, 10, 4, 0, 15, 2]","[""SrpR/S4"", ""AmtR/A1"", ""PhlF/P1"", ""BM3R1/B2"", ""AmeR/F1"", ""QacR/Q2"", ""BetI/E1""]",0x06,7
011f8a14,0,9.060493918446229,0.6979197859764099,"[11, 4, 1, 19, 15, 2, 13]","[""PhlF/P2"", ""BM3R1/B2"", ""AmtR/A1"", ""SrpR/S4"", ""QacR/Q2"", ""BetI/E1"", ""PsrA/R1""]",0x06,7
011f8a14,0,-0.014015479803558457,0.7605520486831665,"[2, 1, 10, 4, 19, 15, 8]","[""BetI/E1"", ""AmtR/A1"", ""PhlF/P1"", ""BM3R1/B2"", ""SrpR/S4"", ""QacR/Q2"", ""LitR/L1""]",0x06,7
011f8a14,1,5.711518054541483,0.7258871793746948,"[4, 11, 15, 1, 19, 2, 13]","[""BM3R1/B2"", ""PhlF/P2"", ""QacR/Q2"", ""AmtR/A1"", ""SrpR/S4"", ""BetI/E1"", ""PsrA/R1""]",0x06,7
011f8a14,1,7.869665095060901,0.7072449326515198,"[11, 2, 13, 19, 5, 1, 15]","[""PhlF/P2"", ""BetI/E1"", ""PsrA/R1"", ""SrpR/S4"", ""BM3R1/B3"", ""AmtR/A1"", ""QacR/Q2""]",0x06,7
011f8a14,1,7.358021734405453,0.7085080742835999,"[11, 17, 2, 5, 1, 15, 13]","[""PhlF/P2"", ""SrpR/S2"", ""BetI/E1"", ""BM3R1/B3"", ""AmtR/A1"", ""QacR/Q2"", ""PsrA/R1""]",0x06,7
011f8a14,1,7.326363238527071,0.7110527157783508,"[11, 1, 13, 19, 5, 2, 15]","[""PhlF/P2"", ""AmtR/A1"", ""PsrA/R1"", ""SrpR/S4"", ""BM3R1/B3"", ""BetI/E1"", ""QacR/Q2""]",0x06,7
011f8a14,1,5.826584756233527,0.7225243449211121,"[4, 11, 19, 1, 13, 15, 2]","[""BM3R1/B2"", ""PhlF/P2"", ""SrpR/S4"", ""AmtR/A1"", ""PsrA/R1"", ""QacR/Q2"", ""BetI/E1""]",0x06,7
011f8a14,1,1.6659082703410988,0.7463443875312805,"[11, 1, 0, 15, 19, 5, 2]","[""PhlF/P2"", ""AmtR/A1"", ""AmeR/F1"", ""QacR/Q2"", ""SrpR/S4"", ""BM3R1/B3"", ""BetI/E1""]",0x06,7
011f8a14,1,7.169132593556796,0.7208408117294312,"[11, 5, 19, 13, 2, 1, 15]","[""PhlF/P2"", ""BM3R1/B3"", ""SrpR/S4"", ""PsrA/R1"", ""BetI/E1"", ""AmtR/A1"", ""QacR/Q2""]",0x06,7
011f8a14,1,0.8306705160449748,0.7497572302818298,"[11, 1, 4, 15, 0, 19, 2]","[""PhlF/P2"", ""AmtR/A1"", ""BM3R1/B2"", ""QacR/Q2"", ""AmeR/F1"", ""SrpR/S4"", ""BetI/E1""]",0x06,7
011f8a14,1,6.646782044150268,0.7223853468894958,"[11, 19, 2, 1, 5, 13, 15]","[""PhlF/P2"", ""SrpR/S4"", ""BetI/E1"", ""AmtR/A1"", ""BM3R1/B3"", ""PsrA/R1"", ""QacR/Q2""]",0x06,7
011f8a14,1,5.5216895703135656,0.7369958758354187,"[2, 1, 11, 15, 4, 19, 13]","[""BetI/E1"", ""AmtR/A1"", ""PhlF/P2"", ""QacR/Q2"", ""BM3R1/B2"", ""SrpR/S4"", ""PsrA/R1""]",0x06,7
011f8a14,1,8.383295068147458,0.7052423357963562,"[11, 17, 13, 2, 5, 1, 15]","[""PhlF/P2"", ""SrpR/S2"", ""PsrA/R1"", ""BetI/E1"", ""BM3R1/B3"", ""AmtR/A1"", ""QacR/Q2""]",0x06,7
011f8a14,1,7.253373308512009,0.7153155207633972,"[11, 19, 2, 5, 1, 15, 13]","[""PhlF/P2"", ""SrpR/S4"", ""BetI/E1"", ""BM3R1/B3"", ""AmtR/A1"", ""QacR/Q2"", ""PsrA/R1""]",0x06,7
011f8a14,1,-0.029714235322172492,0.7691029906272888,"[19, 1, 0, 15, 4, 2, 10]","[""SrpR/S4"", ""AmtR/A1"", ""AmeR/F1"", ""QacR/Q2"", ""BM3R1/B2"", ""BetI/E1"", ""PhlF/P1""]",0x06,7
011f8a14,1,7.343737123864236,0.7109636664390564,"[11, 13, 19, 2, 4, 1, 15]","[""PhlF/P2"", ""PsrA/R1"", ""SrpR/S4"", ""BetI/E1"", ""BM3R1/B2"", ""AmtR/A1"", ""QacR/Q2""]",0x06,7
011f8a14,1,3.883624474058389,0.7434048056602478,"[13, 1, 11, 15, 4, 19, 2]","[""PsrA/R1"", ""AmtR/A1"", ""PhlF/P2"", ""QacR/Q2"", ""BM3R1/B2"", ""SrpR/S4"", ""BetI/E1""]",0x06,7
011f8a14,1,-0.029989981155524936,0.7700625061988831,"[2, 1, 17, 15, 4, 10, 8]","[""BetI/E1"", ""AmtR/A1"", ""SrpR/S2"", ""QacR/Q2"", ""BM3R1/B2"", ""PhlF/P1"", ""LitR/L1""]",0x06,7
027ce22d,0,8.619616963966404,0.579319953918457,"[11, 13, 2, 19, 3, 1, 14]","[""PhlF/P2"", ""PsrA/R1"", ""BetI/E1"", ""SrpR/S4"", ""BM3R1/B1"", ""AmtR/A1"", ""QacR/Q1""]",0x06,7
027ce22d,0,7.863285282572956,0.7155596017837524,"[11, 14, 13, 1, 2, 19, 4]","[""PhlF/P2"", ""QacR/Q1"", ""PsrA/R1"", ""AmtR/A1"", ""BetI/E1"", ""SrpR/S4"", ""BM3R1/B2""]",0x06,7
027ce22d,0,5.471048274580591,0.7674367427825928,"[11, 2, 13, 4, 1, 15, 19]","[""PhlF/P2"", ""BetI/E1"", ""PsrA/R1"", ""BM3R1/B2"", ""AmtR/A1"", ""QacR/Q2"", ""SrpR/S4""]",0x06,7
027ce22d,0,2.6674309096025777,0.7675158977508545,"[4, 11, 1, 15, 2, 19, 0]","[""BM3R1/B2"", ""PhlF/P2"", ""AmtR/A1"", ""QacR/Q2"", ""BetI/E1"", ""SrpR/S4"", ""AmeR/F1""]",0x06,7
027ce22d,0,8.275570403825988,0.6677102446556091,"[11, 13, 2, 17, 4, 14, 1]","[""PhlF/P2"", ""PsrA/R1"", ""BetI/E1"", ""SrpR/S2"", ""BM3R1/B2"", ""QacR/Q1"", ""AmtR/A1""]",0x06,7
027ce22d,0,6.5848090840396845,0.7486117482185364,"[11, 19, 15, 2, 1, 13, 4]","[""PhlF/P2"", ""SrpR/S4"", ""QacR/Q2"", ""BetI/E1"", ""AmtR/A1"", ""PsrA/R1"", ""BM3R1/B2""]",0x06,7
027ce22d,1,0.1859827177493756,0.7892351746559143,"[4, 10, 15, 1, 13, 2, 17]","[""BM3R1/B2"", ""PhlF/P1"", ""QacR/Q2"", ""AmtR/A1"", ""PsrA/R1"", ""BetI/E1"", ""SrpR/S2""]",0x06,7
027ce22d,1,8.808764196429147,0.4683449268341064,"[11, 13, 15, 1, 7, 2, 18]","[""PhlF/P2"", ""PsrA/R1"", ""QacR/Q2"", ""AmtR/A1"", ""IcaRA/I1"", ""BetI/E1"", ""SrpR/S3""]",0x06,7
027ce22d,1,1.2657123258687137,0.780394434928894,"[11, 0, 15, 2, 4, 1, 19]","[""PhlF/P2"", ""AmeR/F1"", ""QacR/Q2"", ""BetI/E1"", ""BM3R1/B2"", ""AmtR/A1"", ""SrpR/S4""]",0x06,7
027ce22d,1,5.996829285800016,0.7546592354774475,"[5, 2, 15, 19, 11, 13, 1]","[""BM3R1/B3"", ""BetI/E1"", ""QacR/Q2"", ""SrpR/S4"", ""PhlF/P2"", ""PsrA/R1"", ""AmtR/A1""]",0x06,7
027ce22d,1,7.386982463814316,0.7323804497718811,"[11, 15, 2, 5, 13, 19, 1]","[""PhlF/P2"", ""QacR/Q2"", ""BetI/E1"", ""BM3R1/B3"", ""PsrA/R1"", ""SrpR/S4"", ""AmtR/A1""]",0x06,7
027ce22d,1,7.120512222456253,0.7434222102165222,"[11, 13, 15, 1, 4, 2, 19]","[""PhlF/P2"", ""PsrA/R1"", ""QacR/Q2"", ""AmtR/A1"", ""BM3R1/B2"", ""BetI/E1"", ""SrpR/S4""]",0x06,7
027ce22d,1,0.07920594280432275,0.8308191895484924,"[4, 10, 7, 15, 17, 2, 1]","[""BM3R1/B2"", ""PhlF/P1"", ""IcaRA/I1"", ""QacR/Q2"", ""SrpR/S2"", ""BetI/E1"", ""AmtR/A1""]",0x06,7
09d17748,0,6.6742066026284395,0.7291485071182251,"[11, 4, 1, 15, 19, 2, 13]","[""PhlF/P2"", ""BM3R1/B2"", ""AmtR/A1"", ""QacR/Q2"", ""SrpR/S4"", ""BetI/E1"", ""PsrA/R1""]",0x06,7
09d17748,0,-0.05488064660163507,0.8162049651145935,"[15, 0, 5, 10, 2, 8, 19]","[""QacR/Q2"", ""AmeR/F1"", ""BM3R1/B3"", ""PhlF/P1"", ""BetI/E1"", ""LitR/L1"", ""SrpR/S4""]",0x06,7
09d17748,0,0.006478122907704257,0.8139762878417969,"[19, 4, 15, 0, 2, 1, 10]","[""SrpR/S4"", ""BM3R1/B2"", ""QacR/Q2"", ""AmeR/F1"", ""BetI/E1"", ""AmtR/A1"", ""PhlF/P1""]",0x06,7
09d17748,0,0.009132891081827355,0.7961593866348267,"[15, 17, 1, 4, 2, 10, 8]","[""QacR/Q2"", ""SrpR/S2"", ""AmtR/A1"", ""BM3R1/B2"", ""BetI/E1"", ""PhlF/P1"", ""LitR/L1""]",0x06,7
09d17748,0,7.589813990720505,0.3746201395988464,"[3, 1, 17, 7, 13, 11, 14]","[""BM3R1/B1"", ""AmtR/A1"", ""SrpR/S2"", ""IcaRA/I1"", ""PsrA/R1"", ""PhlF/P2"", ""QacR/Q1""]",0x06,7
09d17748,0,4.8860576705532575,0.7432959079742432,"[11, 2, 19, 4, 13, 1, 15]","[""PhlF/P2"", ""BetI/E1"", ""SrpR/S4"", ""BM3R1/B2"", ""PsrA/R1"", ""AmtR/A1"", ""QacR/Q2""]",0x06,7
09d17748,0,0.6436488050687533,0.772727370262146,"[2, 11, 15, 4, 1, 19, 0]","[""BetI/E1"", ""PhlF/P2"", ""QacR/Q2"", ""BM3R1/B2"", ""AmtR/A1"", ""SrpR/S4"", ""AmeR/F1""]",0x06,7
09d17748,0,7.477812975668731,0.5633571743965149,"[3, 12, 1, 19, 13, 14, 2]","[""BM3R1/B1"", ""PhlF/P3"", ""AmtR/A1"", ""SrpR/S4"", ""PsrA/R1"", ""QacR/Q1"", ""BetI/E1""]",0x06,7
09d17748,0,7.5508867275287965,0.4751619398593902,"[11, 1, 17, 7, 13, 2, 15]","[""PhlF/P2"", ""AmtR/A1"", ""SrpR/S2"", ""IcaRA/I1"", ""PsrA/R1"", ""BetI/E1"", ""QacR/Q2""]",0x06,7
09d17748,0,6.672138378928003,0.734440803527832,"[11, 4, 1, 13, 19, 15, 2]","[""PhlF/P2"", ""BM3R1/B2"", ""AmtR/A1"", ""PsrA/R1"", ""SrpR/S4"", ""QacR/Q2"", ""BetI/E1""]",0x06,7
09d17748,0,0.023795969526922204,0.78876793384552,"[15, 11, 2, 0, 19, 5, 1]","[""QacR/Q2"", ""PhlF/P2"", ""BetI/E1"", ""AmeR/F1"", ""SrpR/S4"", ""BM3R1/B3"", ""AmtR/A1""]",0x06,7
09d17748,1,4.840589893981951,0.7523798942565918,"[11, 4, 19, 13, 1, 2, 15]","[""PhlF/P2"", ""BM3R1/B2"", ""SrpR/S4"", ""PsrA/R1"", ""AmtR/A1"", ""BetI/E1"", ""QacR/Q2""]",0x06,7
09d17748,1,7.407535535883876,0.6434572339057922,"[11, 1, 19, 4, 13, 14, 2]","[""PhlF/P2"", ""AmtR/A1"", ""SrpR/S4"", ""BM3R1/B2"", ""PsrA/R1"", ""QacR/Q1"", ""BetI/E1""]",0x06,7
09d17748,1,4.853716836122098,0.7455961108207703,"[5, 1, 11, 13, 2, 15, 19]","[""BM3R1/B3"", ""AmtR/A1"", ""PhlF/P2"", ""PsrA/R1"", ""BetI/E1"", ""QacR/Q2"", ""SrpR/S4""]",0x06,7
09d17748,1,6.78099734122369,0.6894359588623047,"[3, 11, 15, 1, 13, 2, 19]","[""BM3R1/B1"", ""PhlF/P2"", ""QacR/Q2"", ""AmtR/A1"", ""PsrA/R1"", ""BetI/E1"", ""SrpR/S4""]",0x06,7
09d17748,1,7.342365939575233,0.6510232090950012,"[3, 2, 13, 1, 15, 12, 19]","[""BM3R1/B1"", ""BetI/E1"", ""PsrA/R1"", ""AmtR/A1"", ""QacR/Q2"", ""PhlF/P3"", ""SrpR/S4""]",0x06,7
09d17748,1,5.683171111607816,0.7417727112770081,"[11, 2, 4, 1, 13, 19, 15]","[""PhlF/P2"", ""BetI/E1"", ""BM3R1/B2"", ""AmtR/A1"", ""PsrA/R1"", ""SrpR/S4"", ""QacR/Q2""]",0x06,7
09d17748,1,7.105802391060803,0.6721677184104919,"[11, 1, 2, 4, 13, 19, 15]","[""PhlF/P2"", ""AmtR/A1"", ""BetI/E1"", ""BM3R1/B2"", ""PsrA/R1"", ""SrpR/S4"", ""QacR/Q2""]",0x06,7
09d17748,1,3.4721663791113535,0.7693163156509399,"[19, 11, 4, 1, 13, 2, 15]","[""SrpR/S4"", ""PhlF/P2"", ""BM3R1/B2"", ""AmtR/A1"", ""PsrA/R1"", ""BetI/E1"", ""QacR/Q2""]",0x06,7
09d17748,1,0.49468312528470804,0.7860945463180542,"[19, 11, 4, 1, 2, 0, 15]","[""SrpR/S4"", ""PhlF/P2"", ""BM3R1/B2"", ""AmtR/A1"", ""BetI/E1"", ""AmeR/F1"", ""QacR/Q2""]",0x06,7
0204839c,0,5.800371176194967,0.8303582668304443,"[2, 1, 15, 11]","[""BetI/E1"", ""AmtR/A1"", ""QacR/Q2"", ""PhlF/P2""]",0x07,4
0204839c,0,3.6022106569493952,0.8840376138687134,"[4, 1, 2, 19]","[""BM3R1/B2"", ""AmtR/A1"", ""BetI/E1"", ""SrpR/S4""]",0x07,4
0204839c,0,-1.2495324127250407,0.9244228601455688,"[4, 1, 10, 2]","[""BM3R1/B2"", ""AmtR/A1"", ""PhlF/P1"", ""BetI/E1""]",0x07,4
0204839c,0,4.939119048463586,0.8722660541534424,"[4, 1, 15, 11]","[""BM3R1/B2"", ""AmtR/A1"", ""QacR/Q2"", ""PhlF/P2""]",0x07,4
0204839c,0,3.2574489907837374,0.8942770957946777,"[4, 2, 1, 19]","[""BM3R1/B2"", ""BetI/E1"", ""AmtR/A1"", ""SrpR/S4""]",0x07,4
0204839c,0,-0.1065441263121707,0.901772141456604,"[4, 10, 7, 15]","[""BM3R1/B2"", ""PhlF/P1"", ""IcaRA/I1"", ""QacR/Q2""]",0x07,4
0204839c,0,-2.7164816120023914,0.9350631237030028,"[4, 10, 8, 15]","[""BM3R1/B2"", ""PhlF/P1"", ""LitR/L1"", ""QacR/Q2""]",0x07,4
0204839c,0,3.668843768690211,0.8767571449279785,"[4, 15, 2, 19]","[""BM3R1/B2"", ""QacR/Q2"", ""BetI/E1"", ""SrpR/S4""]",0x07,4
0204839c,0,2.9670190813224266,0.8993576765060425,"[4, 19, 2, 15]","[""BM3R1/B2"", ""SrpR/S4"", ""BetI/E1"", ""QacR/Q2""]",0x07,4
0204839c,0,-0.46810077312084425,0.9185181856155396,"[4, 19, 10, 1]","[""BM3R1/B2"", ""SrpR/S4"", ""PhlF/P1"", ""AmtR/A1""]",0x07,4
0204839c,0,-0.912740962468894,0.91924786567688,"[4, 19, 10, 2]","[""BM3R1/B2"", ""SrpR/S4"", ""PhlF/P1"", ""BetI/E1""]",0x07,4
0204839c,0,6.258853532155344,0.6964880228042603,"[11, 13, 2, 14]","[""PhlF/P2"", ""PsrA/R1"", ""BetI/E1"", ""QacR/Q1""]",0x07,4
0204839c,0,3.7125226973823846,0.8732088804244995,"[11, 15, 1, 5]","[""PhlF/P2"", ""QacR/Q2"", ""AmtR/A1"", ""BM3R1/B3""]",0x07,4
0204839c,0,3.9651820380853104,0.8730146884918213,"[11, 19, 1, 5]","[""PhlF/P2"", ""SrpR/S4"", ""AmtR/A1"", ""BM3R1/B3""]",0x07,4
0204839c,0,6.698167653143375,0.6908268928527832,"[14, 2, 1, 11]","[""QacR/Q1"", ""BetI/E1"", ""AmtR/A1"", ""PhlF/P2""]",0x07,4
0204839c,0,6.954510948847314,0.6533057689666748,"[14, 2, 17, 11]","[""QacR/Q1"", ""BetI/E1"", ""SrpR/S2"", ""PhlF/P2""]",0x07,4
0204839c,0,6.849725977244179,0.675926923751831,"[14, 4, 1, 11]","[""QacR/Q1"", ""BM3R1/B2"", ""AmtR/A1"", ""PhlF/P2""]",0x07,4
0204839c,0,6.432802474126675,0.6942495107650757,"[14, 19, 2, 11]","[""QacR/Q1"", ""SrpR/S4"", ""BetI/E1"", ""PhlF/P2""]",0x07,4
0204839c,0,6.054269777367254,0.8190615177154541,"[19, 1, 2, 11]","[""SrpR/S4"", ""AmtR/A1"", ""BetI/E1"", ""PhlF/P2""]",0x07,4
0204839c,0,5.781242435351811,0.8412902355194092,"[19, 1, 15, 11]","[""SrpR/S4"", ""AmtR/A1"", ""QacR/Q2"", ""PhlF/P2""]",0x07,4
0204839c,0,6.076895170591886,0.7208234071731567,"[19, 2, 14, 11]","[""SrpR/S4"", ""BetI/E1"", ""QacR/Q1"", ""PhlF/P2""]",0x07,4
0204839c,0,5.915835259448181,0.8204243183135986,"[19, 15, 2, 11]","[""SrpR/S4"", ""QacR/Q2"", ""BetI/E1"", ""PhlF/P2""]",0x07,4
16db710e,0,6.31943108610238,0.6804274916648865,"[1, 13, 11, 14]","[""AmtR/A1"", ""PsrA/R1"", ""PhlF/P2"", ""QacR/Q1""]",0x07,4
16db710e,0,6.284556980856973,0.80350661277771,"[1, 13, 11, 19]","[""AmtR/A1"", ""PsrA/R1"", ""PhlF/P2"", ""SrpR/S4""]",0x07,4
16db710e,0,5.804104624105784,0.8780186176300049,"[1, 15, 11, 4]","[""AmtR/A1"", ""QacR/Q2"", ""PhlF/P2"", ""BM3R1/B2""]",0x07,4
16db710e,0,6.132994165569309,0.8434715270996094,"[1, 15, 11, 19]","[""AmtR/A1"", ""QacR/Q2"", ""PhlF/P2"", ""SrpR/S4""]",0x07,4
16db710e,0,5.282271597935953,0.8877782225608826,"[1, 19, 11, 4]","[""AmtR/A1"", ""SrpR/S4"", ""PhlF/P2"", ""BM3R1/B2""]",0x07,4
16db710e,0,4.987375746652985,0.8945792317390442,"[2, 19, 11, 4]","[""BetI/E1"", ""SrpR/S4"", ""PhlF/P2"", ""BM3R1/B2""]",0x07,4
16db710e,0,0.09695638121673124,0.9226753115653992,"[10, 2, 4, 19]","[""PhlF/P1"", ""BetI/E1"", ""BM3R1/B2"", ""SrpR/S4""]",0x07,4
16db710e,0,0.03583695114166268,0.9291532635688782,"[10, 15, 4, 19]","[""PhlF/P1"", ""QacR/Q2"", ""BM3R1/B2"", ""SrpR/S4""]",0x07,4
16db710e,0,5.041950522827808,0.8915182948112488,"[15, 2, 11, 4]","[""QacR/Q2"", ""BetI/E1"", ""PhlF/P2"", ""BM3R1/B2""]",0x07,4
16db710e,0,1.7695254309992001,0.911737024784088,"[15, 19, 2, 4]","[""QacR/Q2"", ""SrpR/S4"", ""BetI/E1"", ""BM3R1/B2""]",0x07,4
16db710e,0,4.930620948543144,0.9053512811660768,"[15, 19, 11, 4]","[""QacR/Q2"", ""SrpR/S4"", ""PhlF/P2"", ""BM3R1/B2""]",0x07,4
16db710e,0,6.553296837293248,0.676078736782074,"[17, 13, 11, 14]","[""SrpR/S2"", ""PsrA/R1"", ""PhlF/P2"", ""QacR/Q1""]",0x07,4
16db710e,0,5.923239155543035,0.8478784561157227,"[17, 15, 11, 2]","[""SrpR/S2"", ""QacR/Q2"", ""PhlF/P2"", ""BetI/E1""]",0x07,4
16db710e,0,5.816274126781951,0.8733147382736206,"[17, 15, 11, 4]","[""SrpR/S2"", ""QacR/Q2"", ""PhlF/P2"", ""BM3R1/B2""]",0x07,4
323dda67,0,5.386671254282347,0.8774741888046265,"[1, 4, 2, 11]","[""AmtR/A1"", ""BM3R1/B2"", ""BetI/E1"", ""PhlF/P2""]",0x07,4
323dda67,0,3.8492995263969596,0.8989888429641724,"[1, 4, 2, 19]","[""AmtR/A1"", ""BM3R1/B2"", ""BetI/E1"", ""SrpR/S4""]",0x07,4
323dda67,0,-0.024849996069359268,0.9112064838409424,"[1, 4, 10, 19]","[""AmtR/A1"", ""BM3R1/B2"", ""PhlF/P1"", ""SrpR/S4""]",0x07,4
323dda67,0,5.476470827763314,0.8704532980918884,"[1, 4, 15, 11]","[""AmtR/A1"", ""BM3R1/B2"", ""QacR/Q2"", ""PhlF/P2""]",0x07,4
323dda67,0,4.190063222786215,0.8873087167739868,"[1, 4, 15, 19]","[""AmtR/A1"", ""BM3R1/B2"", ""QacR/Q2"", ""SrpR/S4""]",0x07,4
323dda67,0,6.966378622319071,0.7134668827056885,"[1, 14, 2, 11]","[""AmtR/A1"", ""QacR/Q1"", ""BetI/E1"", ""PhlF/P2""]",0x07,4
323dda67,0,6.248758149618475,0.8486977219581604,"[1, 19, 2, 11]","[""AmtR/A1"", ""SrpR/S4"", ""BetI/E1"", ""PhlF/P2""]",0x07,4
323dda67,0,6.563895538546303,0.8004827499389648,"[1, 19, 13, 11]","[""AmtR/A1"", ""SrpR/S4"", ""PsrA/R1"", ""PhlF/P2""]",0x07,4
323dda67,0,6.251243002193763,0.8433194756507874,"[1, 19, 15, 11]","[""AmtR/A1"", ""SrpR/S4"", ""QacR/Q2"", ""PhlF/P2""]",0x07,4
323dda67,0,4.110010737667864,0.8885207176208496,"[2, 4, 15, 19]","[""BetI/E1"", ""BM3R1/B2"", ""QacR/Q2"", ""SrpR/S4""]",0x07,4
323dda67,0,7.087025898689907,0.675746500492096,"[2, 14, 13, 11]","[""BetI/E1"", ""QacR/Q1"", ""PsrA/R1"", ""PhlF/P2""]",0x07,4
323dda67,0,6.383229006561597,0.8038533926010132,"[2, 19, 13, 11]","[""BetI/E1"", ""SrpR/S4"", ""PsrA/R1"", ""PhlF/P2""]",0x07,4
323dda67,0,7.416036845232326,0.4602197408676147,"[7, 14, 13, 11]","[""IcaRA/I1"", ""QacR/Q1"", ""PsrA/R1"", ""PhlF/P2""]",0x07,4
323dda67,0,0.07927854758278789,0.9090875387191772,"[10, 2, 19, 4]","[""PhlF/P1"", ""BetI/E1"", ""SrpR/S4"", ""BM3R1/B2""]",0x07,4
323dda67,0,0.17846654241991763,0.9048426747322084,"[10, 15, 19, 4]","[""PhlF/P1"", ""QacR/Q2"", ""SrpR/S4"", ""BM3R1/B2""]",0x07,4
323dda67,0,4.004490008117235,0.8928819894790649,"[15, 4, 2, 19]","[""QacR/Q2"", ""BM3R1/B2"", ""BetI/E1"", ""SrpR/S4""]",0x07,4
323dda67,0,7.055172858994842,0.7085191011428833,"[19, 14, 2, 11]","[""SrpR/S4"", ""QacR/Q1"", ""BetI/E1"", ""PhlF/P2""]",0x07,4
323dda67,0,7.333656563066567,0.6744926571846008,"[19, 14, 13, 11]","[""SrpR/S4"", ""QacR/Q1"", ""PsrA/R1"", ""PhlF/P2""]",0x07,4
41ca0731,1,5.442795970681695,0.8031920790672302,"[2, 4, 1, 11]","[""BetI/E1"", ""BM3R1/B2"", ""AmtR/A1"", ""PhlF/P2""]","[""0x07"", ""0x1B""]",4
41ca0731,1,5.020744145491748,0.8154549598693848,"[2, 4, 1, 12]","[""BetI/E1"", ""BM3R1/B2"", ""AmtR/A1"", ""PhlF/P3""]","[""0x07"", ""0x1B""]",4
41ca0731,1,4.8941968041171915,0.819303572177887,"[2, 4, 19, 11]","[""BetI/E1"", ""BM3R1/B2"", ""SrpR/S4"", ""PhlF/P2""]","[""0x07"", ""0x1B""]",4
41ca0731,1,3.5635606684563843,0.8729279041290283,"[2, 4, 19, 15]","[""BetI/E1"", ""BM3R1/B2"", ""SrpR/S4"", ""QacR/Q2""]","[""0x07"", ""0x1B""]",4
41ca0731,1,5.6321425628317385,0.8015953302383423,"[2, 5, 1, 11]","[""BetI/E1"", ""BM3R1/B3"", ""AmtR/A1"", ""PhlF/P2""]","[""0x07"", ""0x1B""]",4
41ca0731,1,5.255080018454305,0.8062761425971985,"[2, 19, 15, 12]","[""BetI/E1"", ""SrpR/S4"", ""QacR/Q2"", ""PhlF/P3""]","[""0x07"", ""0x1B""]",4
41ca0731,1,-0.14824819495195743,0.901460349559784,"[4, 15, 10, 1]","[""BM3R1/B2"", ""QacR/Q2"", ""PhlF/P1"", ""AmtR/A1""]","[""0x07"", ""0x1B""]",4
41ca0731,1,-0.32820423839371815,0.9070302844047546,"[4, 15, 10, 2]","[""BM3R1/B2"", ""QacR/Q2"", ""PhlF/P1"", ""BetI/E1""]","[""0x07"", ""0x1B""]",4
41ca0731,1,2.8455313979721453,0.8960571885108948,"[4, 19, 2, 15]","[""BM3R1/B2"", ""SrpR/S4"", ""BetI/E1"", ""QacR/Q2""]","[""0x07"", ""0x1B""]",4
41ca0731,1,-0.21671706432091709,0.9055704474449158,"[4, 19, 10, 1]","[""BM3R1/B2"", ""SrpR/S4"", ""PhlF/P1"", ""AmtR/A1""]","[""0x07"", ""0x1B""]",4
41ca0731,1,-0.335481643756216,0.9097548127174376,"[4, 19, 10, 2]","[""BM3R1/B2"", ""SrpR/S4"", ""PhlF/P1"", ""BetI/E1""]","[""0x07"", ""0x1B""]",4
41ca0731,1,-0.43564196125057675,0.9129369854927064,"[4, 19, 10, 15]","[""BM3R1/B2"", ""SrpR/S4"", ""PhlF/P1"", ""QacR/Q2""]","[""0x07"", ""0x1B""]",4
41ca0731,1,3.0573421494054562,0.8785020709037781,"[4, 19, 15, 2]","[""BM3R1/B2"", ""SrpR/S4"", ""QacR/Q2"", ""BetI/E1""]","[""0x07"", ""0x1B""]",4
41ca0731,1,5.799535190068443,0.7334361672401428,"[11, 1, 2, 14]","[""PhlF/P2"", ""AmtR/A1"", ""BetI/E1"", ""QacR/Q1""]","[""0x07"", ""0x1B""]",4
41ca0731,1,4.798063851954258,0.8401042222976685,"[11, 2, 15, 19]","[""PhlF/P2"", ""BetI/E1"", ""QacR/Q2"", ""SrpR/S4""]","[""0x07"", ""0x1B""]",4
41ca0731,1,5.785571599568329,0.7430719137191772,"[11, 2, 19, 14]","[""PhlF/P2"", ""BetI/E1"", ""SrpR/S4"", ""QacR/Q1""]","[""0x07"", ""0x1B""]",4
41ca0731,1,4.661225636388367,0.8450379967689514,"[11, 4, 1, 2]","[""PhlF/P2"", ""BM3R1/B2"", ""AmtR/A1"", ""BetI/E1""]","[""0x07"", ""0x1B""]",4
41ca0731,1,4.019586995766194,0.8701372742652893,"[11, 4, 19, 15]","[""PhlF/P2"", ""BM3R1/B2"", ""SrpR/S4"", ""QacR/Q2""]","[""0x07"", ""0x1B""]",4
41ca0731,1,4.839137360709583,0.8208020329475403,"[11, 13, 15, 5]","[""PhlF/P2"", ""PsrA/R1"", ""QacR/Q2"", ""BM3R1/B3""]","[""0x07"", ""0x1B""]",4
41ca0731,1,4.630110561755576,0.8495941162109375,"[11, 15, 2, 5]","[""PhlF/P2"", ""QacR/Q2"", ""BetI/E1"", ""BM3R1/B3""]","[""0x07"", ""0x1B""]",4
41ca0731,1,5.012266989081267,0.8186025619506836,"[11, 15, 2, 19]","[""PhlF/P2"", ""QacR/Q2"", ""BetI/E1"", ""SrpR/S4""]","[""0x07"", ""0x1B""]",4
41ca0731,1,5.929827177720132,0.7211435437202454,"[11, 17, 2, 14]","[""PhlF/P2"", ""SrpR/S2"", ""BetI/E1"", ""QacR/Q1""]","[""0x07"", ""0x1B""]",4
41ca0731,1,4.500285244400209,0.8620589971542358,"[11, 19, 2, 5]","[""PhlF/P2"", ""SrpR/S4"", ""BetI/E1"", ""BM3R1/B3""]","[""0x07"", ""0x1B""]",4
41ca0731,1,4.275421923702539,0.8661214709281921,"[11, 19, 2, 15]","[""PhlF/P2"", ""SrpR/S4"", ""BetI/E1"", ""QacR/Q2""]","[""0x07"", ""0x1B""]",4
41ca0731,1,6.799278755527605,0.4786940515041351,"[14, 2, 7, 11]","[""QacR/Q1"", ""BetI/E1"", ""IcaRA/I1"", ""PhlF/P2""]","[""0x07"", ""0x1B""]",4
41ca0731,1,6.520216652036515,0.631077229976654,"[14, 2, 13, 11]","[""QacR/Q1"", ""BetI/E1"", ""PsrA/R1"", ""PhlF/P2""]","[""0x07"", ""0x1B""]",4
41ca0731,1,6.339189030453203,0.6604325175285339,"[14, 2, 19, 11]","[""QacR/Q1"", ""BetI/E1"", ""SrpR/S4"", ""PhlF/P2""]","[""0x07"", ""0x1B""]",4
41ca0731,1,6.340174737523393,0.6457883715629578,"[14, 17, 2, 11]","[""QacR/Q1"", ""SrpR/S2"", ""BetI/E1"", ""PhlF/P2""]","[""0x07"", ""0x1B""]",4
41ca0731,1,6.300911368156379,0.6749705076217651,"[14, 19, 2, 11]","[""QacR/Q1"", ""SrpR/S4"", ""BetI/E1"", ""PhlF/P2""]","[""0x07"", ""0x1B""]",4
41ca0731,1,5.108637233109088,0.8131618499755859,"[15, 4, 19, 11]","[""QacR/Q2"", ""BM3R1/B2"", ""SrpR/S4"", ""PhlF/P2""]","[""0x07"", ""0x1B""]",4
41ca0731,1,5.112550386742252,0.8103156089782715,"[15, 19, 2, 12]","[""QacR/Q2"", ""SrpR/S4"", ""BetI/E1"", ""PhlF/P3""]","[""0x07"", ""0x1B""]",4
41ca0731,1,5.76602353941075,0.7986218333244324,"[19, 2, 15, 11]","[""SrpR/S4"", ""BetI/E1"", ""QacR/Q2"", ""PhlF/P2""]","[""0x07"", ""0x1B""]",4
41ca0731,1,5.381113965258539,0.80350261926651,"[19, 4, 1, 11]","[""SrpR/S4"", ""BM3R1/B2"", ""AmtR/A1"", ""PhlF/P2""]","[""0x07"", ""0x1B""]",4
02c2394e,1,6.389475765738211,0.8283674120903015,"[2, 4, 15, 19, 11]","[""BetI/E1"", ""BM3R1/B2"", ""QacR/Q2"", ""SrpR/S4"", ""PhlF/P2""]",0x07,5
02c2394e,1,7.6575118852543085,0.7274320721626282,"[4, 2, 19, 14, 11]","[""BM3R1/B2"", ""BetI/E1"", ""SrpR/S4"", ""QacR/Q1"", ""PhlF/P2""]",0x07,5
02c2394e,1,4.697832540998602,0.8525004386901855,"[4, 10, 2, 15, 19]","[""BM3R1/B2"", ""PhlF/P1"", ""BetI/E1"", ""QacR/Q2"", ""SrpR/S4""]",0x07,5
02c2394e,1,5.090659227167264,0.835538923740387,"[4, 10, 19, 15, 2]","[""BM3R1/B2"", ""PhlF/P1"", ""SrpR/S4"", ""QacR/Q2"", ""BetI/E1""]",0x07,5
02c2394e,1,0.017228443198248913,0.8546637892723083,"[10, 4, 2, 15, 19]","[""PhlF/P1"", ""BM3R1/B2"", ""BetI/E1"", ""QacR/Q2"", ""SrpR/S4""]",0x07,5
02c2394e,1,5.713845754949467,0.8295174241065979,"[11, 4, 2, 15, 19]","[""PhlF/P2"", ""BM3R1/B2"", ""BetI/E1"", ""QacR/Q2"", ""SrpR/S4""]",0x07,5
02c2394e,1,8.178871184567063,0.7038772702217102,"[14, 4, 19, 2, 11]","[""QacR/Q1"", ""BM3R1/B2"", ""SrpR/S4"", ""BetI/E1"", ""PhlF/P2""]",0x07,5
02c2394e,1,8.463487205051695,0.6837995648384094,"[14, 5, 19, 2, 11]","[""QacR/Q1"", ""BM3R1/B3"", ""SrpR/S4"", ""BetI/E1"", ""PhlF/P2""]",0x07,5
02c2394e,1,7.091446685744447,0.8228424191474915,"[19, 4, 2, 15, 11]","[""SrpR/S4"", ""BM3R1/B2"", ""BetI/E1"", ""QacR/Q2"", ""PhlF/P2""]",0x07,5
02c2394e,1,7.545997384407049,0.7851821780204773,"[19, 4, 13, 15, 11]","[""SrpR/S4"", ""BM3R1/B2"", ""PsrA/R1"", ""QacR/Q2"", ""PhlF/P2""]",0x07,5
02c2394e,1,7.236443159520067,0.8206717371940613,"[19, 4, 15, 2, 11]","[""SrpR/S4"", ""BM3R1/B2"", ""QacR/Q2"", ""BetI/E1"", ""PhlF/P2""]",0x07,5
02c2394e,1,7.395287533910769,0.8052661418914795,"[19, 5, 2, 15, 11]","[""SrpR/S4"", ""BM3R1/B3"", ""BetI/E1"", ""QacR/Q2"", ""PhlF/P2""]",0x07,5
0608bf36,1,3.932952261620847,0.840714693069458,"[2, 15, 19, 10, 5]","[""BetI/E1"", ""QacR/Q2"", ""SrpR/S4"", ""PhlF/P1"", ""BM3R1/B3""]",0x07,5
0608bf36,1,4.235121390204896,0.838812530040741,"[2, 19, 4, 10, 1]","[""BetI/E1"", ""SrpR/S4"", ""BM3R1/B2"", ""PhlF/P1"", ""AmtR/A1""]",0x07,5
0608bf36,1,3.566981106998175,0.8485820293426514,"[2, 19, 4, 10, 15]","[""BetI/E1"", ""SrpR/S4"", ""BM3R1/B2"", ""PhlF/P1"", ""QacR/Q2""]",0x07,5
0608bf36,1,6.175890462204411,0.8239750862121582,"[5, 2, 15, 10, 19]","[""BM3R1/B3"", ""BetI/E1"", ""QacR/Q2"", ""PhlF/P1"", ""SrpR/S4""]",0x07,5
0608bf36,1,5.592230836508114,0.8293741345405579,"[5, 2, 19, 10, 15]","[""BM3R1/B3"", ""BetI/E1"", ""SrpR/S4"", ""PhlF/P1"", ""QacR/Q2""]",0x07,5
0608bf36,1,0.11272599552705143,0.8548298478126526,"[10, 15, 4, 2, 1]","[""PhlF/P1"", ""QacR/Q2"", ""BM3R1/B2"", ""BetI/E1"", ""AmtR/A1""]",0x07,5
0608bf36,1,0.2838509659837062,0.8499117493629456,"[10, 19, 4, 1, 15]","[""PhlF/P1"", ""SrpR/S4"", ""BM3R1/B2"", ""AmtR/A1"", ""QacR/Q2""]",0x07,5
0608bf36,1,0.2081392288807318,0.854415237903595,"[10, 19, 4, 2, 15]","[""PhlF/P1"", ""SrpR/S4"", ""BM3R1/B2"", ""BetI/E1"", ""QacR/Q2""]",0x07,5
0608bf36,1,9.605217476599442,0.7339918613433838,"[11, 15, 2, 3, 19]","[""PhlF/P2"", ""QacR/Q2"", ""BetI/E1"", ""BM3R1/B1"", ""SrpR/S4""]",0x07,5
0608bf36,1,9.359515531852097,0.8031496405601501,"[11, 15, 2, 4, 19]","[""PhlF/P2"", ""QacR/Q2"", ""BetI/E1"", ""BM3R1/B2"", ""SrpR/S4""]",0x07,5
0608bf36,1,9.604685447081918,0.796383261680603,"[11, 15, 2, 5, 19]","[""PhlF/P2"", ""QacR/Q2"", ""BetI/E1"", ""BM3R1/B3"", ""SrpR/S4""]",0x07,5
0608bf36,1,9.344903360321725,0.8191778659820557,"[11, 15, 19, 4, 2]","[""PhlF/P2"", ""QacR/Q2"", ""SrpR/S4"", ""BM3R1/B2"", ""BetI/E1""]",0x07,5
0608bf36,1,5.935437464077176,0.8280628323554993,"[11, 19, 4, 2, 15]","[""PhlF/P2"", ""SrpR/S4"", ""BM3R1/B2"", ""BetI/E1"", ""QacR/Q2""]",0x07,5
0608bf36,1,4.7179893926395255,0.8317374587059021,"[15, 19, 4, 2, 1]","[""QacR/Q2"", ""SrpR/S4"", ""BM3R1/B2"", ""BetI/E1"", ""AmtR/A1""]",0x07,5
0608bf36,1,4.295259427745162,0.8354451656341553,"[15, 19, 4, 10, 1]","[""QacR/Q2"", ""SrpR/S4"", ""BM3R1/B2"", ""PhlF/P1"", ""AmtR/A1""]",0x07,5
0608bf36,1,0.20823167872257398,0.8516857028007507,"[19, 10, 4, 2, 1]","[""SrpR/S4"", ""PhlF/P1"", ""BM3R1/B2"", ""BetI/E1"", ""AmtR/A1""]",0x07,5
0608bf36,1,2.5468053425312926,0.8492051362991333,"[19, 15, 4, 2, 1]","[""SrpR/S4"", ""QacR/Q2"", ""BM3R1/B2"", ""BetI/E1"", ""AmtR/A1""]",0x07,5
08fef3b6,0,2.9603380229931466,0.8464516401290894,"[2, 4, 1, 15, 19]","[""BetI/E1"", ""BM3R1/B2"", ""AmtR/A1"", ""QacR/Q2"", ""SrpR/S4""]",0x07,5
08fef3b6,0,6.040376351949314,0.8163961172103882,"[11, 2, 4, 15, 1]","[""PhlF/P2"", ""BetI/E1"", ""BM3R1/B2"", ""QacR/Q2"", ""AmtR/A1""]",0x07,5
08fef3b6,0,6.274344736706671,0.8108574151992798,"[11, 2, 19, 15, 4]","[""PhlF/P2"", ""BetI/E1"", ""SrpR/S4"", ""QacR/Q2"", ""BM3R1/B2""]",0x07,5
08fef3b6,0,6.158917963744168,0.8139892816543579,"[11, 2, 19, 15, 5]","[""PhlF/P2"", ""BetI/E1"", ""SrpR/S4"", ""QacR/Q2"", ""BM3R1/B3""]",0x07,5
08fef3b6,0,7.151003528051084,0.682549238204956,"[11, 14, 5, 2, 19]","[""PhlF/P2"", ""QacR/Q1"", ""BM3R1/B3"", ""BetI/E1"", ""SrpR/S4""]",0x07,5
08fef3b6,0,6.983473360490735,0.6921135187149048,"[11, 14, 19, 2, 5]","[""PhlF/P2"", ""QacR/Q1"", ""SrpR/S4"", ""BetI/E1"", ""BM3R1/B3""]",0x07,5
08fef3b6,0,6.07076282585763,0.8141301870346069,"[11, 19, 1, 2, 4]","[""PhlF/P2"", ""SrpR/S4"", ""AmtR/A1"", ""BetI/E1"", ""BM3R1/B2""]",0x07,5
08fef3b6,0,6.3956334963897215,0.8077019453048706,"[11, 19, 2, 15, 4]","[""PhlF/P2"", ""SrpR/S4"", ""BetI/E1"", ""QacR/Q2"", ""BM3R1/B2""]",0x07,5
08fef3b6,0,6.228460702032572,0.8126068115234375,"[11, 19, 4, 15, 2]","[""PhlF/P2"", ""SrpR/S4"", ""BM3R1/B2"", ""QacR/Q2"", ""BetI/E1""]",0x07,5
08fef3b6,0,6.4257500268052175,0.7991378307342529,"[11, 19, 5, 2, 15]","[""PhlF/P2"", ""SrpR/S4"", ""BM3R1/B3"", ""BetI/E1"", ""QacR/Q2""]",0x07,5
08fef3b6,0,6.178953831265071,0.8130335807800293,"[11, 19, 5, 15, 2]","[""PhlF/P2"", ""SrpR/S4"", ""BM3R1/B3"", ""QacR/Q2"", ""BetI/E1""]",0x07,5
08fef3b6,0,6.635696092547129,0.7273973822593689,"[14, 11, 19, 2, 4]","[""QacR/Q1"", ""PhlF/P2"", ""SrpR/S4"", ""BetI/E1"", ""BM3R1/B2""]",0x07,5
08fef3b6,0,-0.28090012905298567,0.878189742565155,"[15, 2, 4, 10, 19]","[""QacR/Q2"", ""BetI/E1"", ""BM3R1/B2"", ""PhlF/P1"", ""SrpR/S4""]",0x07,5
08fef3b6,0,-0.14893497733855623,0.8752737045288086,"[15, 2, 19, 10, 4]","[""QacR/Q2"", ""BetI/E1"", ""SrpR/S4"", ""PhlF/P1"", ""BM3R1/B2""]",0x07,5
08fef3b6,0,-1.2158257702062696,0.8958745002746582,"[15, 4, 1, 10, 19]","[""QacR/Q2"", ""BM3R1/B2"", ""AmtR/A1"", ""PhlF/P1"", ""SrpR/S4""]",0x07,5
08fef3b6,0,0.5147959075644909,0.8696283102035522,"[15, 4, 2, 1, 19]","[""QacR/Q2"", ""BM3R1/B2"", ""BetI/E1"", ""AmtR/A1"", ""SrpR/S4""]",0x07,5
08fef3b6,0,-1.0539210741705527,0.8948954343795776,"[15, 4, 2, 10, 19]","[""QacR/Q2"", ""BM3R1/B2"", ""BetI/E1"", ""PhlF/P1"", ""SrpR/S4""]",0x07,5
08fef3b6,0,1.660950142135509,0.8601629734039307,"[15, 4, 10, 1, 19]","[""QacR/Q2"", ""BM3R1/B2"", ""PhlF/P1"", ""AmtR/A1"", ""SrpR/S4""]",0x07,5
08fef3b6,0,2.8289857868276265,0.8479635119438171,"[15, 4, 10, 2, 19]","[""QacR/Q2"", ""BM3R1/B2"", ""PhlF/P1"", ""BetI/E1"", ""SrpR/S4""]",0x07,5
08fef3b6,0,1.1860992738732787,0.8614917993545532,"[15, 4, 19, 1, 2]","[""QacR/Q2"", ""BM3R1/B2"", ""SrpR/S4"", ""AmtR/A1"", ""BetI/E1""]",0x07,5
08fef3b6,0,1.9154614667000953,0.8569172620773315,"[15, 4, 19, 1, 10]","[""QacR/Q2"", ""BM3R1/B2"", ""SrpR/S4"", ""AmtR/A1"", ""PhlF/P1""]",0x07,5
08fef3b6,0,-0.6777666338104937,0.88889080286026,"[15, 4, 19, 10, 2]","[""QacR/Q2"", ""BM3R1/B2"", ""SrpR/S4"", ""PhlF/P1"", ""BetI/E1""]",0x07,5
08fef3b6,0,3.7802320673780625,0.8457709550857544,"[15, 11, 4, 1, 19]","[""QacR/Q2"", ""PhlF/P2"", ""BM3R1/B2"", ""AmtR/A1"", ""SrpR/S4""]",0x07,5
08fef3b6,0,4.544471853018777,0.8412442207336426,"[15, 11, 4, 2, 19]","[""QacR/Q2"", ""PhlF/P2"", ""BM3R1/B2"", ""BetI/E1"", ""SrpR/S4""]",0x07,5
08fef3b6,0,4.595494362710515,0.8381624817848206,"[19, 2, 4, 15, 1]","[""SrpR/S4"", ""BetI/E1"", ""BM3R1/B2"", ""QacR/Q2"", ""AmtR/A1""]",0x07,5
08fef3b6,0,5.318599903042128,0.8375465869903564,"[19, 11, 4, 2, 1]","[""SrpR/S4"", ""PhlF/P2"", ""BM3R1/B2"", ""BetI/E1"", ""AmtR/A1""]",0x07,5
08fef3b6,0,5.549512429179284,0.8323569297790527,"[19, 11, 4, 2, 15]","[""SrpR/S4"", ""PhlF/P2"", ""BM3R1/B2"", ""BetI/E1"", ""QacR/Q2""]",0x07,5
003c0fe1,0,9.358423567499099,0.7283097505569458,"[11, 13, 1, 17, 2, 15]","[""PhlF/P2"", ""PsrA/R1"", ""AmtR/A1"", ""SrpR/S2"", ""BetI/E1"", ""QacR/Q2""]",0x07,6
003c0fe1,0,9.30870328789302,0.757492184638977,"[11, 13, 19, 1, 2, 15]","[""PhlF/P2"", ""PsrA/R1"", ""SrpR/S4"", ""AmtR/A1"", ""BetI/E1"", ""QacR/Q2""]",0x07,6
003c0fe1,0,8.70835414875188,0.7954825162887573,"[11, 15, 2, 1, 5, 19]","[""PhlF/P2"", ""QacR/Q2"", ""BetI/E1"", ""AmtR/A1"", ""BM3R1/B3"", ""SrpR/S4""]",0x07,6
003c0fe1,0,4.364278823026793,0.8471972942352295,"[11, 15, 4, 2, 19, 1]","[""PhlF/P2"", ""QacR/Q2"", ""BM3R1/B2"", ""BetI/E1"", ""SrpR/S4"", ""AmtR/A1""]",0x07,6
003c0fe1,0,9.1340154422917,0.7604684829711914,"[11, 15, 19, 4, 1, 2]","[""PhlF/P2"", ""QacR/Q2"", ""SrpR/S4"", ""BM3R1/B2"", ""AmtR/A1"", ""BetI/E1""]",0x07,6
003c0fe1,0,8.999044147813585,0.7750129699707031,"[11, 15, 19, 5, 1, 2]","[""PhlF/P2"", ""QacR/Q2"", ""SrpR/S4"", ""BM3R1/B3"", ""AmtR/A1"", ""BetI/E1""]",0x07,6
003c0fe1,0,6.785601131461554,0.8144183158874512,"[11, 19, 4, 1, 15, 2]","[""PhlF/P2"", ""SrpR/S4"", ""BM3R1/B2"", ""AmtR/A1"", ""QacR/Q2"", ""BetI/E1""]",0x07,6
003c0fe1,1,0.01742386219845371,0.8952947854995728,"[1, 2, 10, 4, 15, 19]","[""AmtR/A1"", ""BetI/E1"", ""PhlF/P1"", ""BM3R1/B2"", ""QacR/Q2"", ""SrpR/S4""]",0x07,6
003c0fe1,1,0.018412955912206194,0.8876832723617554,"[1, 2, 10, 4, 18, 15]","[""AmtR/A1"", ""BetI/E1"", ""PhlF/P1"", ""BM3R1/B2"", ""SrpR/S3"", ""QacR/Q2""]",0x07,6
003c0fe1,1,1.3124830520994557,0.8609471917152405,"[1, 15, 5, 11, 17, 2]","[""AmtR/A1"", ""QacR/Q2"", ""BM3R1/B3"", ""PhlF/P2"", ""SrpR/S2"", ""BetI/E1""]",0x07,6
003c0fe1,1,0.017281293904434725,0.8990679383277893,"[1, 15, 10, 4, 18, 2]","[""AmtR/A1"", ""QacR/Q2"", ""PhlF/P1"", ""BM3R1/B2"", ""SrpR/S3"", ""BetI/E1""]",0x07,6
003c0fe1,1,0.027245938283366404,0.8792503476142883,"[4, 2, 10, 17, 1, 15]","[""BM3R1/B2"", ""BetI/E1"", ""PhlF/P1"", ""SrpR/S2"", ""AmtR/A1"", ""QacR/Q2""]",0x07,6
003c0fe1,1,0.14612503036716268,0.8680704832077026,"[4, 2, 10, 19, 1, 15]","[""BM3R1/B2"", ""BetI/E1"", ""PhlF/P1"", ""SrpR/S4"", ""AmtR/A1"", ""QacR/Q2""]",0x07,6
003c0fe1,1,0.026636736218233745,0.8874854445457458,"[5, 2, 10, 17, 1, 15]","[""BM3R1/B3"", ""BetI/E1"", ""PhlF/P1"", ""SrpR/S2"", ""AmtR/A1"", ""QacR/Q2""]",0x07,6
003c0fe1,1,0.07289819013545493,0.8785980343818665,"[10, 2, 5, 17, 1, 15]","[""PhlF/P1"", ""BetI/E1"", ""BM3R1/B3"", ""SrpR/S2"", ""AmtR/A1"", ""QacR/Q2""]",0x07,6
003c0fe1,1,2.718510195819206,0.8591722249984741,"[11, 2, 5, 17, 1, 15]","[""PhlF/P2"", ""BetI/E1"", ""BM3R1/B3"", ""SrpR/S2"", ""AmtR/A1"", ""QacR/Q2""]",0x07,6
003c0fe1,1,8.61617672085628,0.809949517250061,"[11, 2, 19, 4, 1, 15]","[""PhlF/P2"", ""BetI/E1"", ""SrpR/S4"", ""BM3R1/B2"", ""AmtR/A1"", ""QacR/Q2""]",0x07,6
003c0fe1,1,8.781064798803456,0.775339663028717,"[11, 13, 19, 2, 1, 15]","[""PhlF/P2"", ""PsrA/R1"", ""SrpR/S4"", ""BetI/E1"", ""AmtR/A1"", ""QacR/Q2""]",0x07,6
003c0fe1,1,3.598440912962673,0.8552700877189636,"[11, 15, 5, 2, 1, 19]","[""PhlF/P2"", ""QacR/Q2"", ""BM3R1/B3"", ""BetI/E1"", ""AmtR/A1"", ""SrpR/S4""]",0x07,6
003c0fe1,1,4.2491477482186415,0.8542131781578064,"[11, 15, 5, 19, 1, 2]","[""PhlF/P2"", ""QacR/Q2"", ""BM3R1/B3"", ""SrpR/S4"", ""AmtR/A1"", ""BetI/E1""]",0x07,6
003c0fe1,1,8.00549794299355,0.8140950798988342,"[11, 15, 17, 4, 1, 2]","[""PhlF/P2"", ""QacR/Q2"", ""SrpR/S2"", ""BM3R1/B2"", ""AmtR/A1"", ""BetI/E1""]",0x07,6
003c0fe1,1,8.658114597073851,0.8075413703918457,"[11, 15, 19, 4, 1, 2]","[""PhlF/P2"", ""QacR/Q2"", ""SrpR/S4"", ""BM3R1/B2"", ""AmtR/A1"", ""BetI/E1""]",0x07,6
003c0fe1,1,8.738908343004319,0.7943676114082336,"[11, 15, 19, 5, 1, 2]","[""PhlF/P2"", ""QacR/Q2"", ""SrpR/S4"", ""BM3R1/B3"", ""AmtR/A1"", ""BetI/E1""]",0x07,6
003c0fe1,1,6.704755999174545,0.840094804763794,"[11, 19, 2, 4, 1, 15]","[""PhlF/P2"", ""SrpR/S4"", ""BetI/E1"", ""BM3R1/B2"", ""AmtR/A1"", ""QacR/Q2""]",0x07,6
003c0fe1,1,6.720932458602386,0.8279802203178406,"[11, 19, 2, 5, 1, 15]","[""PhlF/P2"", ""SrpR/S4"", ""BetI/E1"", ""BM3R1/B3"", ""AmtR/A1"", ""QacR/Q2""]",0x07,6
078f63d3,0,0.050893700693489675,0.8418327569961548,"[1, 2, 4, 15, 10, 7]","[""AmtR/A1"", ""BetI/E1"", ""BM3R1/B2"", ""QacR/Q2"", ""PhlF/P1"", ""IcaRA/I1""]",0x07,6
078f63d3,0,0.11039967295223305,0.8358272314071655,"[1, 2, 4, 19, 10, 15]","[""AmtR/A1"", ""BetI/E1"", ""BM3R1/B2"", ""SrpR/S4"", ""PhlF/P1"", ""QacR/Q2""]",0x07,6
078f63d3,0,0.03837113558090211,0.8755340576171875,"[4, 2, 7, 15, 19, 10]","[""BM3R1/B2"", ""BetI/E1"", ""IcaRA/I1"", ""QacR/Q2"", ""SrpR/S4"", ""PhlF/P1""]",0x07,6
078f63d3,0,0.03947985496720601,0.8487831354141235,"[4, 10, 19, 1, 15, 2]","[""BM3R1/B2"", ""PhlF/P1"", ""SrpR/S4"", ""AmtR/A1"", ""QacR/Q2"", ""BetI/E1""]",0x07,6
078f63d3,0,0.06343211333916642,0.8379007577896118,"[4, 19, 1, 2, 15, 10]","[""BM3R1/B2"", ""SrpR/S4"", ""AmtR/A1"", ""BetI/E1"", ""QacR/Q2"", ""PhlF/P1""]",0x07,6
078f63d3,0,5.396983995441909,0.8294938802719116,"[5, 11, 19, 1, 2, 15]","[""BM3R1/B3"", ""PhlF/P2"", ""SrpR/S4"", ""AmtR/A1"", ""BetI/E1"", ""QacR/Q2""]",0x07,6
078f63d3,0,9.660806881736017,0.7486509084701538,"[11, 2, 13, 15, 5, 1]","[""PhlF/P2"", ""BetI/E1"", ""PsrA/R1"", ""QacR/Q2"", ""BM3R1/B3"", ""AmtR/A1""]",0x07,6
078f63d3,0,3.659539544549882,0.8326750993728638,"[11, 2, 15, 1, 19, 5]","[""PhlF/P2"", ""BetI/E1"", ""QacR/Q2"", ""AmtR/A1"", ""SrpR/S4"", ""BM3R1/B3""]",0x07,6
078f63d3,0,8.603053873158661,0.8077723979949951,"[11, 4, 15, 1, 19, 2]","[""PhlF/P2"", ""BM3R1/B2"", ""QacR/Q2"", ""AmtR/A1"", ""SrpR/S4"", ""BetI/E1""]",0x07,6
078f63d3,0,7.9811300755699595,0.8093931674957275,"[11, 4, 15, 19, 1, 2]","[""PhlF/P2"", ""BM3R1/B2"", ""QacR/Q2"", ""SrpR/S4"", ""AmtR/A1"", ""BetI/E1""]",0x07,6
078f63d3,0,7.7561636348811875,0.8269069790840149,"[11, 4, 19, 1, 2, 15]","[""PhlF/P2"", ""BM3R1/B2"", ""SrpR/S4"", ""AmtR/A1"", ""BetI/E1"", ""QacR/Q2""]",0x07,6
078f63d3,0,9.749848461740399,0.6560634970664978,"[11, 19, 13, 14, 5, 1]","[""PhlF/P2"", ""SrpR/S4"", ""PsrA/R1"", ""QacR/Q1"", ""BM3R1/B3"", ""AmtR/A1""]",0x07,6
078f63d3,0,9.694109270847127,0.7473641037940979,"[11, 19, 13, 15, 5, 1]","[""PhlF/P2"", ""SrpR/S4"", ""PsrA/R1"", ""QacR/Q2"", ""BM3R1/B3"", ""AmtR/A1""]",0x07,6
078f63d3,0,9.483610997689304,0.7947995662689209,"[11, 19, 15, 2, 4, 1]","[""PhlF/P2"", ""SrpR/S4"", ""QacR/Q2"", ""BetI/E1"", ""BM3R1/B2"", ""AmtR/A1""]",0x07,6
078f63d3,0,9.625267608313989,0.7873954772949219,"[11, 19, 15, 2, 5, 1]","[""PhlF/P2"", ""SrpR/S4"", ""QacR/Q2"", ""BetI/E1"", ""BM3R1/B3"", ""AmtR/A1""]",0x07,6
078f63d3,0,0.039132415091368604,0.8654457926750183,"[15, 4, 19, 1, 10, 2]","[""QacR/Q2"", ""BM3R1/B2"", ""SrpR/S4"", ""AmtR/A1"", ""PhlF/P1"", ""BetI/E1""]",0x07,6
07c3b91a,1,4.016243978621884,0.8481761813163757,"[4, 1, 11, 2, 19, 15]","[""BM3R1/B2"", ""AmtR/A1"", ""PhlF/P2"", ""BetI/E1"", ""SrpR/S4"", ""QacR/Q2""]",0x07,6
07c3b91a,1,5.563874131526428,0.8292385339736938,"[4, 1, 11, 19, 2, 15]","[""BM3R1/B2"", ""AmtR/A1"", ""PhlF/P2"", ""SrpR/S4"", ""BetI/E1"", ""QacR/Q2""]",0x07,6
07c3b91a,1,5.91131572625594,0.8068661093711853,"[4, 2, 11, 19, 13, 15]","[""BM3R1/B2"", ""BetI/E1"", ""PhlF/P2"", ""SrpR/S4"", ""PsrA/R1"", ""QacR/Q2""]",0x07,6
07c3b91a,1,-0.020460891401508145,0.8762689828872681,"[4, 2, 19, 10, 1, 15]","[""BM3R1/B2"", ""BetI/E1"", ""SrpR/S4"", ""PhlF/P1"", ""AmtR/A1"", ""QacR/Q2""]",0x07,6
07c3b91a,1,-0.8023733913052467,0.8839499354362488,"[4, 2, 19, 10, 8, 15]","[""BM3R1/B2"", ""BetI/E1"", ""SrpR/S4"", ""PhlF/P1"", ""LitR/L1"", ""QacR/Q2""]",0x07,6
07c3b91a,1,4.262277110817215,0.8479948043823242,"[4, 2, 19, 11, 1, 15]","[""BM3R1/B2"", ""BetI/E1"", ""SrpR/S4"", ""PhlF/P2"", ""AmtR/A1"", ""QacR/Q2""]",0x07,6
07c3b91a,1,-0.1798707155527147,0.8791869878768921,"[4, 19, 15, 10, 8, 1]","[""BM3R1/B2"", ""SrpR/S4"", ""QacR/Q2"", ""PhlF/P1"", ""LitR/L1"", ""AmtR/A1""]",0x07,6
07c3b91a,1,5.949571515322378,0.7879809737205505,"[5, 1, 11, 19, 13, 15]","[""BM3R1/B3"", ""AmtR/A1"", ""PhlF/P2"", ""SrpR/S4"", ""PsrA/R1"", ""QacR/Q2""]",0x07,6
07c3b91a,1,6.040143540453037,0.7870144248008728,"[5, 2, 11, 19, 13, 15]","[""BM3R1/B3"", ""BetI/E1"", ""PhlF/P2"", ""SrpR/S4"", ""PsrA/R1"", ""QacR/Q2""]",0x07,6
07c3b91a,1,-0.017444679186672928,0.8580449819564819,"[5, 2, 19, 10, 1, 15]","[""BM3R1/B3"", ""BetI/E1"", ""SrpR/S4"", ""PhlF/P1"", ""AmtR/A1"", ""QacR/Q2""]",0x07,6
07c3b91a,1,0.09427940076766726,0.8565917015075684,"[10, 4, 15, 19, 1, 2]","[""PhlF/P1"", ""BM3R1/B2"", ""QacR/Q2"", ""SrpR/S4"", ""AmtR/A1"", ""BetI/E1""]",0x07,6
07c3b91a,1,4.549519949628043,0.839404284954071,"[11, 1, 4, 19, 2, 15]","[""PhlF/P2"", ""AmtR/A1"", ""BM3R1/B2"", ""SrpR/S4"", ""BetI/E1"", ""QacR/Q2""]",0x07,6
07c3b91a,1,1.5101353934251256,0.8562828898429871,"[11, 1, 15, 2, 19, 5]","[""PhlF/P2"", ""AmtR/A1"", ""QacR/Q2"", ""BetI/E1"", ""SrpR/S4"", ""BM3R1/B3""]",0x07,6
07c3b91a,1,3.8473672744599634,0.8544865250587463,"[11, 4, 15, 2, 19, 1]","[""PhlF/P2"", ""BM3R1/B2"", ""QacR/Q2"", ""BetI/E1"", ""SrpR/S4"", ""AmtR/A1""]",0x07,6
07c3b91a,1,6.946995932656017,0.6310259103775024,"[14, 2, 11, 1, 13, 19]","[""QacR/Q1"", ""BetI/E1"", ""PhlF/P2"", ""AmtR/A1"", ""PsrA/R1"", ""SrpR/S4""]",0x07,6
07c3b91a,1,6.935429100845835,0.6595979928970337,"[14, 2, 11, 5, 1, 19]","[""QacR/Q1"", ""BetI/E1"", ""PhlF/P2"", ""BM3R1/B3"", ""AmtR/A1"", ""SrpR/S4""]",0x07,6
07c3b91a,1,6.46796021438671,0.6687484383583069,"[14, 5, 11, 19, 2, 1]","[""QacR/Q1"", ""BM3R1/B3"", ""PhlF/P2"", ""SrpR/S4"", ""BetI/E1"", ""AmtR/A1""]",0x07,6
07c3b91a,1,6.65187965354551,0.6606437563896179,"[19, 2, 11, 1, 13, 14]","[""SrpR/S4"", ""BetI/E1"", ""PhlF/P2"", ""AmtR/A1"", ""PsrA/R1"", ""QacR/Q1""]",0x07,6
07c3b91a,1,6.461554635653903,0.7642739415168762,"[19, 2, 11, 1, 13, 15]","[""SrpR/S4"", ""BetI/E1"", ""PhlF/P2"", ""AmtR/A1"", ""PsrA/R1"", ""QacR/Q2""]",0x07,6
07c3b91a,1,6.151467508860697,0.7678292393684387,"[19, 5, 11, 13, 15, 1]","[""SrpR/S4"", ""BM3R1/B3"", ""PhlF/P2"", ""PsrA/R1"", ""QacR/Q2"", ""AmtR/A1""]",0x07,6
07c3b91a,1,6.089569445584512,0.7801895141601562,"[19, 5, 11, 15, 2, 1]","[""SrpR/S4"", ""BM3R1/B3"", ""PhlF/P2"", ""QacR/Q2"", ""BetI/E1"", ""AmtR/A1""]",0x07,6
07c3b91a,1,6.307266553610349,0.7675492167472839,"[19, 13, 11, 1, 2, 15]","[""SrpR/S4"", ""PsrA/R1"", ""PhlF/P2"", ""AmtR/A1"", ""BetI/E1"", ""QacR/Q2""]",0x07,6
089de4f9,0,8.788221674090858,0.6875626444816589,"[0, 3, 11, 2, 19, 15]","[""AmeR/F1"", ""BM3R1/B1"", ""PhlF/P2"", ""BetI/E1"", ""SrpR/S4"", ""QacR/Q2""]",0x07,6
089de4f9,0,8.414977691072322,0.7510477900505066,"[0, 5, 11, 2, 19, 15]","[""AmeR/F1"", ""BM3R1/B3"", ""PhlF/P2"", ""BetI/E1"", ""SrpR/S4"", ""QacR/Q2""]",0x07,6
089de4f9,0,8.906882156968436,0.5704031586647034,"[0, 16, 11, 14, 1, 2]","[""AmeR/F1"", ""SrpR/S1"", ""PhlF/P2"", ""QacR/Q1"", ""AmtR/A1"", ""BetI/E1""]",0x07,6
089de4f9,0,4.6024331462661126,0.8112583756446838,"[1, 2, 11, 4, 15, 19]","[""AmtR/A1"", ""BetI/E1"", ""PhlF/P2"", ""BM3R1/B2"", ""QacR/Q2"", ""SrpR/S4""]",0x07,6
089de4f9,0,8.688619346287929,0.693905770778656,"[1, 3, 11, 2, 19, 15]","[""AmtR/A1"", ""BM3R1/B1"", ""PhlF/P2"", ""BetI/E1"", ""SrpR/S4"", ""QacR/Q2""]",0x07,6
089de4f9,0,8.573011363414382,0.6950740814208984,"[1, 3, 11, 19, 2, 15]","[""AmtR/A1"", ""BM3R1/B1"", ""PhlF/P2"", ""SrpR/S4"", ""BetI/E1"", ""QacR/Q2""]",0x07,6
089de4f9,0,6.020541037310533,0.8092024922370911,"[1, 4, 11, 2, 15, 19]","[""AmtR/A1"", ""BM3R1/B2"", ""PhlF/P2"", ""BetI/E1"", ""QacR/Q2"", ""SrpR/S4""]",0x07,6
089de4f9,0,8.158359136939332,0.7841063141822815,"[1, 4, 11, 2, 19, 15]","[""AmtR/A1"", ""BM3R1/B2"", ""PhlF/P2"", ""BetI/E1"", ""SrpR/S4"", ""QacR/Q2""]",0x07,6
089de4f9,0,8.038063295179441,0.7847080826759338,"[1, 4, 11, 17, 2, 15]","[""AmtR/A1"", ""BM3R1/B2"", ""PhlF/P2"", ""SrpR/S2"", ""BetI/E1"", ""QacR/Q2""]",0x07,6
089de4f9,0,8.257794536698045,0.7613278031349182,"[1, 5, 11, 17, 2, 15]","[""AmtR/A1"", ""BM3R1/B3"", ""PhlF/P2"", ""SrpR/S2"", ""BetI/E1"", ""QacR/Q2""]",0x07,6
089de4f9,0,8.389122807649207,0.7596140503883362,"[1, 5, 11, 19, 2, 15]","[""AmtR/A1"", ""BM3R1/B3"", ""PhlF/P2"", ""SrpR/S4"", ""BetI/E1"", ""QacR/Q2""]",0x07,6
089de4f9,0,3.771787657386234,0.8256160020828247,"[1, 10, 15, 4, 2, 19]","[""AmtR/A1"", ""PhlF/P1"", ""QacR/Q2"", ""BM3R1/B2"", ""BetI/E1"", ""SrpR/S4""]",0x07,6
089de4f9,0,8.826920830923145,0.6466847062110901,"[1, 16, 11, 13, 2, 15]","[""AmtR/A1"", ""SrpR/S1"", ""PhlF/P2"", ""PsrA/R1"", ""BetI/E1"", ""QacR/Q2""]",0x07,6
089de4f9,0,7.2696071203420765,0.797374427318573,"[2, 4, 11, 1, 19, 15]","[""BetI/E1"", ""BM3R1/B2"", ""PhlF/P2"", ""AmtR/A1"", ""SrpR/S4"", ""QacR/Q2""]",0x07,6
089de4f9,0,0.12156007591010802,0.8319863677024841,"[2, 4, 15, 10, 1, 19]","[""BetI/E1"", ""BM3R1/B2"", ""QacR/Q2"", ""PhlF/P1"", ""AmtR/A1"", ""SrpR/S4""]",0x07,6
089de4f9,0,9.057694650710614,0.5352516770362854,"[3, 16, 11, 14, 1, 2]","[""BM3R1/B1"", ""SrpR/S1"", ""PhlF/P2"", ""QacR/Q1"", ""AmtR/A1"", ""BetI/E1""]",0x07,6
089de4f9,0,3.9894785244157593,0.817933976650238,"[4, 10, 15, 2, 1, 19]","[""BM3R1/B2"", ""PhlF/P1"", ""QacR/Q2"", ""BetI/E1"", ""AmtR/A1"", ""SrpR/S4""]",0x07,6
089de4f9,0,4.554207775619627,0.8140391707420349,"[4, 10, 19, 2, 1, 15]","[""BM3R1/B2"", ""PhlF/P1"", ""SrpR/S4"", ""BetI/E1"", ""AmtR/A1"", ""QacR/Q2""]",0x07,6
089de4f9,0,8.472083062766483,0.716126561164856,"[4, 16, 11, 2, 1, 15]","[""BM3R1/B2"", ""SrpR/S1"", ""PhlF/P2"", ""BetI/E1"", ""AmtR/A1"", ""QacR/Q2""]",0x07,6
089de4f9,0,8.895544589876854,0.6044480800628662,"[4, 16, 11, 14, 1, 2]","[""BM3R1/B2"", ""SrpR/S1"", ""PhlF/P2"", ""QacR/Q1"", ""AmtR/A1"", ""BetI/E1""]",0x07,6
089de4f9,0,3.9982383384664963,0.8141507506370544,"[11, 4, 15, 2, 1, 19]","[""PhlF/P2"", ""BM3R1/B2"", ""QacR/Q2"", ""BetI/E1"", ""AmtR/A1"", ""SrpR/S4""]",0x07,6
089de4f9,0,4.935670625837171,0.810252845287323,"[11, 4, 19, 2, 1, 15]","[""PhlF/P2"", ""BM3R1/B2"", ""SrpR/S4"", ""BetI/E1"", ""AmtR/A1"", ""QacR/Q2""]",0x07,6
089de4f9,0,6.789320705017998,0.8024758696556091,"[15, 4, 11, 2, 1, 19]","[""QacR/Q2"", ""BM3R1/B2"", ""PhlF/P2"", ""BetI/E1"", ""AmtR/A1"", ""SrpR/S4""]",0x07,6
089de4f9,0,7.652417869814943,0.7888327836990356,"[15, 4, 11, 19, 1, 2]","[""QacR/Q2"", ""BM3R1/B2"", ""PhlF/P2"", ""SrpR/S4"", ""AmtR/A1"", ""BetI/E1""]",0x07,6
00175049,0,0.003105585395241227,0.8079843521118164,"[2, 15, 4, 19, 1, 10, 8]","[""BetI/E1"", ""QacR/Q2"", ""BM3R1/B2"", ""SrpR/S4"", ""AmtR/A1"", ""PhlF/P1"", ""LitR/L1""]",0x07,7
00175049,0,6.948726269968805,0.7188592553138733,"[11, 5, 13, 1, 2, 19, 15]","[""PhlF/P2"", ""BM3R1/B3"", ""PsrA/R1"", ""AmtR/A1"", ""BetI/E1"", ""SrpR/S4"", ""QacR/Q2""]",0x07,7
00175049,0,8.682226307145275,0.6955623626708984,"[11, 5, 2, 1, 19, 13, 15]","[""PhlF/P2"", ""BM3R1/B3"", ""BetI/E1"", ""AmtR/A1"", ""SrpR/S4"", ""PsrA/R1"", ""QacR/Q2""]",0x07,7
00175049,0,8.82205962200574,0.695277750492096,"[11, 4, 15, 13, 1, 17, 2]","[""PhlF/P2"", ""BM3R1/B2"", ""QacR/Q2"", ""PsrA/R1"", ""AmtR/A1"", ""SrpR/S2"", ""BetI/E1""]",0x07,7
00175049,0,6.62255949973036,0.719328761100769,"[5, 9, 11, 1, 15, 2, 19]","[""BM3R1/B3"", ""LmrA/N1"", ""PhlF/P2"", ""AmtR/A1"", ""QacR/Q2"", ""BetI/E1"", ""SrpR/S4""]",0x07,7
00175049,0,9.263161724704826,0.4022212922573089,"[11, 6, 13, 7, 17, 2, 15]","[""PhlF/P2"", ""HlyIIR/H1"", ""PsrA/R1"", ""IcaRA/I1"", ""SrpR/S2"", ""BetI/E1"", ""QacR/Q2""]",0x07,7
00175049,0,6.500222018265281,0.7243777513504028,"[11, 15, 13, 4, 19, 1, 2]","[""PhlF/P2"", ""QacR/Q2"", ""PsrA/R1"", ""BM3R1/B2"", ""SrpR/S4"", ""AmtR/A1"", ""BetI/E1""]",0x07,7
00175049,0,9.104596354240378,0.615330696105957,"[11, 16, 13, 2, 15, 5, 1]","[""PhlF/P2"", ""SrpR/S1"", ""PsrA/R1"", ""BetI/E1"", ""QacR/Q2"", ""BM3R1/B3"", ""AmtR/A1""]",0x07,7
00175049,0,8.169654695831028,0.7127665281295776,"[11, 5, 13, 1, 19, 15, 2]","[""PhlF/P2"", ""BM3R1/B3"", ""PsrA/R1"", ""AmtR/A1"", ""SrpR/S4"", ""QacR/Q2"", ""BetI/E1""]",0x07,7
00175049,0,8.997611506668155,0.6587854623794556,"[11, 2, 13, 17, 1, 4, 14]","[""PhlF/P2"", ""BetI/E1"", ""PsrA/R1"", ""SrpR/S2"", ""AmtR/A1"", ""BM3R1/B2"", ""QacR/Q1""]",0x07,7
00175049,0,1.5866895482617196,0.7721890211105347,"[19, 10, 1, 4, 2, 15, 13]","[""SrpR/S4"", ""PhlF/P1"", ""AmtR/A1"", ""BM3R1/B2"", ""BetI/E1"", ""QacR/Q2"", ""PsrA/R1""]",0x07,7
00175049,0,9.055460355452773,0.6568230390548706,"[11, 3, 13, 17, 1, 2, 15]","[""PhlF/P2"", ""BM3R1/B1"", ""PsrA/R1"", ""SrpR/S2"", ""AmtR/A1"", ""BetI/E1"", ""QacR/Q2""]",0x07,7
00175049,0,7.422815991335608,0.7131964564323425,"[5, 1, 11, 17, 15, 13, 2]","[""BM3R1/B3"", ""AmtR/A1"", ""PhlF/P2"", ""SrpR/S2"", ""QacR/Q2"", ""PsrA/R1"", ""BetI/E1""]",0x07,7
00175049,0,9.205689309299565,0.45041623711586,"[11, 16, 13, 7, 15, 5, 1]","[""PhlF/P2"", ""SrpR/S1"", ""PsrA/R1"", ""IcaRA/I1"", ""QacR/Q2"", ""BM3R1/B3"", ""AmtR/A1""]",0x07,7
00175049,0,6.2021520789309506,0.7607231140136719,"[5, 10, 13, 2, 1, 19, 15]","[""BM3R1/B3"", ""PhlF/P1"", ""PsrA/R1"", ""BetI/E1"", ""AmtR/A1"", ""SrpR/S4"", ""QacR/Q2""]",0x07,7
00175049,0,8.967593211114707,0.6655905246734619,"[11, 2, 13, 1, 19, 4, 14]","[""PhlF/P2"", ""BetI/E1"", ""PsrA/R1"", ""AmtR/A1"", ""SrpR/S4"", ""BM3R1/B2"", ""QacR/Q1""]",0x07,7
00175049,0,1.1071362829586948,0.7847036719322205,"[0, 10, 2, 4, 1, 19, 15]","[""AmeR/F1"", ""PhlF/P1"", ""BetI/E1"", ""BM3R1/B2"", ""AmtR/A1"", ""SrpR/S4"", ""QacR/Q2""]",0x07,7
00175049,0,8.899178404332076,0.6746374368667603,"[11, 2, 13, 19, 15, 5, 1]","[""PhlF/P2"", ""BetI/E1"", ""PsrA/R1"", ""SrpR/S4"", ""QacR/Q2"", ""BM3R1/B3"", ""AmtR/A1""]",0x07,7
00175049,0,2.574039106639996,0.7680532932281494,"[15, 10, 19, 4, 1, 2, 13]","[""QacR/Q2"", ""PhlF/P1"", ""SrpR/S4"", ""BM3R1/B2"", ""AmtR/A1"", ""BetI/E1"", ""PsrA/R1""]",0x07,7
00175049,0,-0.007091822378961517,0.809434175491333,"[15, 2, 19, 4, 1, 10, 7]","[""QacR/Q2"", ""BetI/E1"", ""SrpR/S4"", ""BM3R1/B2"", ""AmtR/A1"", ""PhlF/P1"", ""IcaRA/I1""]",0x07,7
00175049,0,6.5592140422163245,0.7216468453407288,"[4, 1, 11, 17, 15, 13, 2]","[""BM3R1/B2"", ""AmtR/A1"", ""PhlF/P2"", ""SrpR/S2"", ""QacR/Q2"", ""PsrA/R1"", ""BetI/E1""]",0x07,7
006bb422,0,5.215461013446822,0.7573285698890686,"[4, 1, 9, 11, 19, 2, 15]","[""BM3R1/B2"", ""AmtR/A1"", ""LmrA/N1"", ""PhlF/P2"", ""SrpR/S4"", ""BetI/E1"", ""QacR/Q2""]",0x07,7
006bb422,0,5.139728388527162,0.7664737701416016,"[4, 1, 17, 11, 15, 2, 13]","[""BM3R1/B2"", ""AmtR/A1"", ""SrpR/S2"", ""PhlF/P2"", ""QacR/Q2"", ""BetI/E1"", ""PsrA/R1""]",0x07,7
006bb422,0,3.0189967854780293,0.7790918350219727,"[5, 1, 10, 2, 15, 19, 13]","[""BM3R1/B3"", ""AmtR/A1"", ""PhlF/P1"", ""BetI/E1"", ""QacR/Q2"", ""SrpR/S4"", ""PsrA/R1""]",0x07,7
006bb422,0,6.391595766907742,0.6716394424438477,"[19, 1, 3, 11, 2, 13, 15]","[""SrpR/S4"", ""AmtR/A1"", ""BM3R1/B1"", ""PhlF/P2"", ""BetI/E1"", ""PsrA/R1"", ""QacR/Q2""]",0x07,7
006bb422,0,6.080693773557891,0.6981804370880127,"[2, 19, 4, 11, 1, 13, 15]","[""BetI/E1"", ""SrpR/S4"", ""BM3R1/B2"", ""PhlF/P2"", ""AmtR/A1"", ""PsrA/R1"", ""QacR/Q2""]",0x07,7
006bb422,0,6.158631412935477,0.6968064308166504,"[2, 1, 5, 11, 13, 15, 19]","[""BetI/E1"", ""AmtR/A1"", ""BM3R1/B3"", ""PhlF/P2"", ""PsrA/R1"", ""QacR/Q2"", ""SrpR/S4""]",0x07,7
006bb422,0,5.507562872126077,0.7398883104324341,"[19, 1, 4, 11, 15, 2, 13]","[""SrpR/S4"", ""AmtR/A1"", ""BM3R1/B2"", ""PhlF/P2"", ""QacR/Q2"", ""BetI/E1"", ""PsrA/R1""]",0x07,7
006bb422,0,3.9942890343258495,0.7692043781280518,"[5, 1, 2, 11, 15, 19, 13]","[""BM3R1/B3"", ""AmtR/A1"", ""BetI/E1"", ""PhlF/P2"", ""QacR/Q2"", ""SrpR/S4"", ""PsrA/R1""]",0x07,7
006bb422,0,5.266173312336249,0.7552667260169983,"[4, 1, 17, 11, 2, 15, 13]","[""BM3R1/B2"", ""AmtR/A1"", ""SrpR/S2"", ""PhlF/P2"", ""BetI/E1"", ""QacR/Q2"", ""PsrA/R1""]",0x07,7
006bb422,0,3.6049773243368195,0.7692768573760986,"[4, 1, 13, 11, 2, 19, 15]","[""BM3R1/B2"", ""AmtR/A1"", ""PsrA/R1"", ""PhlF/P2"", ""BetI/E1"", ""SrpR/S4"", ""QacR/Q2""]",0x07,7
006bb422,0,-2.0040913296703784,0.8284276723861694,"[5, 2, 17, 15, 1, 10, 8]","[""BM3R1/B3"", ""BetI/E1"", ""SrpR/S2"", ""QacR/Q2"", ""AmtR/A1"", ""PhlF/P1"", ""LitR/L1""]",0x07,7
006bb422,0,6.801407213518844,0.5768824815750122,"[14, 4, 19, 12, 1, 13, 2]","[""QacR/Q1"", ""BM3R1/B2"", ""SrpR/S4"", ""PhlF/P3"", ""AmtR/A1"", ""PsrA/R1"", ""BetI/E1""]",0x07,7
006bb422,0,0.021873434318069464,0.7972207069396973,"[4, 2, 15, 17, 1, 10, 7]","[""BM3R1/B2"", ""BetI/E1"", ""QacR/Q2"", ""SrpR/S2"", ""AmtR/A1"", ""PhlF/P1"", ""IcaRA/I1""]",0x07,7
006bb422,0,-1.8981794554132116,0.8268038034439087,"[4, 2, 1, 15, 19, 10, 8]","[""BM3R1/B2"", ""BetI/E1"", ""AmtR/A1"", ""QacR/Q2"", ""SrpR/S4"", ""PhlF/P1"", ""LitR/L1""]",0x07,7
006bb422,0,6.914724081724764,0.5717880725860596,"[14, 5, 19, 11, 1, 13, 2]","[""QacR/Q1"", ""BM3R1/B3"", ""SrpR/S4"", ""PhlF/P2"", ""AmtR/A1"", ""PsrA/R1"", ""BetI/E1""]",0x07,7
006bb422,0,0.01086867636618912,0.8076291084289551,"[4, 2, 15, 19, 1, 10, 7]","[""BM3R1/B2"", ""BetI/E1"", ""QacR/Q2"", ""SrpR/S4"", ""AmtR/A1"", ""PhlF/P1"", ""IcaRA/I1""]",0x07,7
006bb422,0,5.8418289206990215,0.7339268922805786,"[19, 4, 2, 11, 13, 15, 1]","[""SrpR/S4"", ""BM3R1/B2"", ""BetI/E1"", ""PhlF/P2"", ""PsrA/R1"", ""QacR/Q2"", ""AmtR/A1""]",0x07,7
006bb422,0,-0.6199375830648985,0.8109137415885925,"[1, 2, 5, 15, 19, 10, 8]","[""AmtR/A1"", ""BetI/E1"", ""BM3R1/B3"", ""QacR/Q2"", ""SrpR/S4"", ""PhlF/P1"", ""LitR/L1""]",0x07,7
006bb422,0,6.986294385985646,0.538250744342804,"[14, 13, 2, 11, 18, 5, 1]","[""QacR/Q1"", ""PsrA/R1"", ""BetI/E1"", ""PhlF/P2"", ""SrpR/S3"", ""BM3R1/B3"", ""AmtR/A1""]",0x07,7
006bb422,0,6.278400821482441,0.6872025728225708,"[2, 5, 19, 11, 1, 13, 15]","[""BetI/E1"", ""BM3R1/B3"", ""SrpR/S4"", ""PhlF/P2"", ""AmtR/A1"", ""PsrA/R1"", ""QacR/Q2""]",0x07,7
006bb422,0,6.044041021827678,0.7088028788566589,"[2, 1, 4, 11, 19, 13, 15]","[""BetI/E1"", ""AmtR/A1"", ""BM3R1/B2"", ""PhlF/P2"", ""SrpR/S4"", ""PsrA/R1"", ""QacR/Q2""]",0x07,7
006bb422,0,2.612212151833252,0.7925329804420471,"[4, 19, 10, 15, 1, 2, 13]","[""BM3R1/B2"", ""SrpR/S4"", ""PhlF/P1"", ""QacR/Q2"", ""AmtR/A1"", ""BetI/E1"", ""PsrA/R1""]",0x07,7
006bb422,0,6.613479130933275,0.5780587792396545,"[19, 4, 14, 11, 1, 13, 2]","[""SrpR/S4"", ""BM3R1/B2"", ""QacR/Q1"", ""PhlF/P2"", ""AmtR/A1"", ""PsrA/R1"", ""BetI/E1""]",0x07,7
006bb422,0,3.3206778585835894,0.7734272480010986,"[19, 1, 10, 4, 15, 2, 13]","[""SrpR/S4"", ""AmtR/A1"", ""PhlF/P1"", ""BM3R1/B2"", ""QacR/Q2"", ""BetI/E1"", ""PsrA/R1""]",0x07,7
006bb422,0,-2.122152068127413,0.8293051719665527,"[4, 1, 19, 15, 2, 10, 8]","[""BM3R1/B2"", ""AmtR/A1"", ""SrpR/S4"", ""QacR/Q2"", ""BetI/E1"", ""PhlF/P1"", ""LitR/L1""]",0x07,7
018c9f36,0,-0.02077709702464513,0.7900701761245728,"[1, 2, 10, 17, 15, 4, 8]","[""AmtR/A1"", ""BetI/E1"", ""PhlF/P1"", ""SrpR/S2"", ""QacR/Q2"", ""BM3R1/B2"", ""LitR/L1""]",0x07,7
018c9f36,0,-0.041442948192847606,0.7950407266616821,"[19, 4, 1, 2, 8, 15, 10]","[""SrpR/S4"", ""BM3R1/B2"", ""AmtR/A1"", ""BetI/E1"", ""LitR/L1"", ""QacR/Q2"", ""PhlF/P1""]",0x07,7
018c9f36,0,5.63668966481723,0.780247151851654,"[19, 2, 1, 10, 8, 4, 15]","[""SrpR/S4"", ""BetI/E1"", ""AmtR/A1"", ""PhlF/P1"", ""LitR/L1"", ""BM3R1/B2"", ""QacR/Q2""]",0x07,7
018c9f36,0,9.522641510448173,0.7028411030769348,"[11, 2, 1, 13, 19, 5, 15]","[""PhlF/P2"", ""BetI/E1"", ""AmtR/A1"", ""PsrA/R1"", ""SrpR/S4"", ""BM3R1/B3"", ""QacR/Q2""]",0x07,7
018c9f36,0,9.485345231379483,0.7067373394966125,"[11, 2, 19, 1, 0, 5, 15]","[""PhlF/P2"", ""BetI/E1"", ""SrpR/S4"", ""AmtR/A1"", ""AmeR/F1"", ""BM3R1/B3"", ""QacR/Q2""]",0x07,7
018c9f36,0,9.60662784675161,0.6776078939437866,"[11, 2, 1, 13, 18, 5, 15]","[""PhlF/P2"", ""BetI/E1"", ""AmtR/A1"", ""PsrA/R1"", ""SrpR/S3"", ""BM3R1/B3"", ""QacR/Q2""]",0x07,7
018c9f36,0,8.477584986291252,0.7434927821159363,"[11, 1, 19, 5, 0, 2, 15]","[""PhlF/P2"", ""AmtR/A1"", ""SrpR/S4"", ""BM3R1/B3"", ""AmeR/F1"", ""BetI/E1"", ""QacR/Q2""]",0x07,7
018c9f36,0,5.798602221595662,0.7752840518951416,"[4, 2, 1, 19, 8, 10, 15]","[""BM3R1/B2"", ""BetI/E1"", ""AmtR/A1"", ""SrpR/S4"", ""LitR/L1"", ""PhlF/P1"", ""QacR/Q2""]",0x07,7
018c9f36,0,5.2455692436952726,0.7878788709640503,"[4, 2, 19, 10, 8, 1, 15]","[""BM3R1/B2"", ""BetI/E1"", ""SrpR/S4"", ""PhlF/P1"", ""LitR/L1"", ""AmtR/A1"", ""QacR/Q2""]",0x07,7
018c9f36,0,8.254738578489185,0.7467539310455322,"[11, 1, 2, 5, 13, 19, 15]","[""PhlF/P2"", ""AmtR/A1"", ""BetI/E1"", ""BM3R1/B3"", ""PsrA/R1"", ""SrpR/S4"", ""QacR/Q2""]",0x07,7
018c9f36,0,9.430351731414353,0.7412694692611694,"[11, 19, 1, 2, 13, 4, 15]","[""PhlF/P2"", ""SrpR/S4"", ""AmtR/A1"", ""BetI/E1"", ""PsrA/R1"", ""BM3R1/B2"", ""QacR/Q2""]",0x07,7
018c9f36,0,9.468197313310664,0.7086682915687561,"[11, 2, 19, 8, 7, 4, 15]","[""PhlF/P2"", ""BetI/E1"", ""SrpR/S4"", ""LitR/L1"", ""IcaRA/I1"", ""BM3R1/B2"", ""QacR/Q2""]",0x07,7
018c9f36,0,6.177911589404912,0.7667249441146851,"[5, 2, 1, 10, 7, 19, 15]","[""BM3R1/B3"", ""BetI/E1"", ""AmtR/A1"", ""PhlF/P1"", ""IcaRA/I1"", ""SrpR/S4"", ""QacR/Q2""]",0x07,7
018c9f36,0,6.2943088766804545,0.7475256323814392,"[5, 2, 15, 10, 7, 19, 13]","[""BM3R1/B3"", ""BetI/E1"", ""QacR/Q2"", ""PhlF/P1"", ""IcaRA/I1"", ""SrpR/S4"", ""PsrA/R1""]",0x07,7
018c9f36,0,7.252373955004845,0.7472628355026245,"[11, 1, 15, 17, 13, 4, 2]","[""PhlF/P2"", ""AmtR/A1"", ""QacR/Q2"", ""SrpR/S2"", ""PsrA/R1"", ""BM3R1/B2"", ""BetI/E1""]",0x07,7
018c9f36,0,6.341062425352211,0.7474279999732971,"[5, 2, 1, 17, 13, 10, 15]","[""BM3R1/B3"", ""BetI/E1"", ""AmtR/A1"", ""SrpR/S2"", ""PsrA/R1"", ""PhlF/P1"", ""QacR/Q2""]",0x07,7
018c9f36,0,5.9960117181122055,0.7690261602401733,"[5, 17, 1, 2, 8, 10, 15]","[""BM3R1/B3"", ""SrpR/S2"", ""AmtR/A1"", ""BetI/E1"", ""LitR/L1"", ""PhlF/P1"", ""QacR/Q2""]",0x07,7
018c9f36,0,2.995716524765428,0.7899159789085388,"[19, 4, 1, 2, 13, 10, 15]","[""SrpR/S4"", ""BM3R1/B2"", ""AmtR/A1"", ""BetI/E1"", ""PsrA/R1"", ""PhlF/P1"", ""QacR/Q2""]",0x07,7
018c9f36,0,-0.03439025113744334,0.7903340458869934,"[10, 4, 1, 19, 8, 2, 15]","[""PhlF/P1"", ""BM3R1/B2"", ""AmtR/A1"", ""SrpR/S4"", ""LitR/L1"", ""BetI/E1"", ""QacR/Q2""]",0x07,7
018c9f36,0,6.230247410891627,0.7515450716018677,"[11, 4, 1, 0, 15, 2, 19]","[""PhlF/P2"", ""BM3R1/B2"", ""AmtR/A1"", ""AmeR/F1"", ""QacR/Q2"", ""BetI/E1"", ""SrpR/S4""]",0x07,7
01a74816,1,7.777374824366808,0.7443655133247375,"[11, 15, 2, 13, 19, 5, 1]","[""PhlF/P2"", ""QacR/Q2"", ""BetI/E1"", ""PsrA/R1"", ""SrpR/S4"", ""BM3R1/B3"", ""AmtR/A1""]",0x07,7
01a74816,1,0.11212097777280171,0.7788214087486267,"[19, 4, 13, 2, 1, 10, 15]","[""SrpR/S4"", ""BM3R1/B2"", ""PsrA/R1"", ""BetI/E1"", ""AmtR/A1"", ""PhlF/P1"", ""QacR/Q2""]",0x07,7
01a74816,1,8.146750445475444,0.6949652433395386,"[11, 1, 19, 13, 2, 3, 15]","[""PhlF/P2"", ""AmtR/A1"", ""SrpR/S4"", ""PsrA/R1"", ""BetI/E1"", ""BM3R1/B1"", ""QacR/Q2""]",0x07,7
01a74816,1,-0.13087808888644822,0.8050748705863953,"[2, 19, 10, 4, 8, 1, 15]","[""BetI/E1"", ""SrpR/S4"", ""PhlF/P1"", ""BM3R1/B2"", ""LitR/L1"", ""AmtR/A1"", ""QacR/Q2""]",0x07,7
01a74816,1,1.5177867501397675,0.7655645608901978,"[2, 4, 13, 15, 1, 10, 19]","[""BetI/E1"", ""BM3R1/B2"", ""PsrA/R1"", ""QacR/Q2"", ""AmtR/A1"", ""PhlF/P1"", ""SrpR/S4""]",0x07,7
01a74816,1,5.794372234776386,0.7546006441116333,"[5, 15, 1, 13, 19, 10, 2]","[""BM3R1/B3"", ""QacR/Q2"", ""AmtR/A1"", ""PsrA/R1"", ""SrpR/S4"", ""PhlF/P1"", ""BetI/E1""]",0x07,7
01a74816,1,8.96943272209046,0.6875942349433899,"[11, 2, 19, 15, 5, 8, 1]","[""PhlF/P2"", ""BetI/E1"", ""SrpR/S4"", ""QacR/Q2"", ""BM3R1/B3"", ""LitR/L1"", ""AmtR/A1""]",0x07,7
01a74816,1,8.143402522144502,0.7430624961853027,"[11, 1, 19, 13, 15, 4, 2]","[""PhlF/P2"", ""AmtR/A1"", ""SrpR/S4"", ""PsrA/R1"", ""QacR/Q2"", ""BM3R1/B2"", ""BetI/E1""]",0x07,7
01a74816,1,4.215770262485039,0.7645900249481201,"[13, 4, 1, 2, 19, 10, 15]","[""PsrA/R1"", ""BM3R1/B2"", ""AmtR/A1"", ""BetI/E1"", ""SrpR/S4"", ""PhlF/P1"", ""QacR/Q2""]",0x07,7
01a74816,1,9.298281464945727,0.5589529871940613,"[11, 14, 2, 13, 5, 16, 1]","[""PhlF/P2"", ""QacR/Q1"", ""BetI/E1"", ""PsrA/R1"", ""BM3R1/B3"", ""SrpR/S1"", ""AmtR/A1""]",0x07,7
01a74816,1,8.586523029582949,0.6886908411979675,"[11, 19, 2, 15, 5, 8, 1]","[""PhlF/P2"", ""SrpR/S4"", ""BetI/E1"", ""QacR/Q2"", ""BM3R1/B3"", ""LitR/L1"", ""AmtR/A1""]",0x07,7
01a74816,1,1.116619999519763,0.76814866065979,"[5, 2, 1, 0, 19, 10, 15]","[""BM3R1/B3"", ""BetI/E1"", ""AmtR/A1"", ""AmeR/F1"", ""SrpR/S4"", ""PhlF/P1"", ""QacR/Q2""]",0x07,7
01a74816,1,-0.07608499554535136,0.787195086479187,"[15, 9, 10, 8, 18, 2, 5]","[""QacR/Q2"", ""LmrA/N1"", ""PhlF/P1"", ""LitR/L1"", ""SrpR/S3"", ""BetI/E1"", ""BM3R1/B3""]",0x07,7
01a74816,1,-0.0785783388254179,0.7914949655532837,"[15, 9, 10, 8, 18, 5, 2]","[""QacR/Q2"", ""LmrA/N1"", ""PhlF/P1"", ""LitR/L1"", ""SrpR/S3"", ""BM3R1/B3"", ""BetI/E1""]",0x07,7
01a74816,1,-0.12442939420129365,0.7962775230407715,"[2, 1, 10, 4, 16, 8, 7]","[""BetI/E1"", ""AmtR/A1"", ""PhlF/P1"", ""BM3R1/B2"", ""SrpR/S1"", ""LitR/L1"", ""IcaRA/I1""]",0x07,7
01a74816,1,-0.15856867681348039,0.8213058710098267,"[19, 4, 2, 15, 10, 1, 8]","[""SrpR/S4"", ""BM3R1/B2"", ""BetI/E1"", ""QacR/Q2"", ""PhlF/P1"", ""AmtR/A1"", ""LitR/L1""]",0x07,7
01a74816,1,-0.15835522923776177,0.8120695352554321,"[19, 4, 1, 15, 10, 2, 8]","[""SrpR/S4"", ""BM3R1/B2"", ""AmtR/A1"", ""QacR/Q2"", ""PhlF/P1"", ""BetI/E1"", ""LitR/L1""]",0x07,7
01c4e3b3,1,7.482878103752005,0.4140977263450622,"[14, 13, 7, 11, 5, 1, 2]","[""QacR/Q1"", ""PsrA/R1"", ""IcaRA/I1"", ""PhlF/P2"", ""BM3R1/B3"", ""AmtR/A1"", ""BetI/E1""]",0x07,7
01c4e3b3,1,-0.012178528905287173,0.7860867977142334,"[0, 2, 4, 19, 15, 10, 7]","[""AmeR/F1"", ""BetI/E1"", ""BM3R1/B2"", ""SrpR/S4"", ""QacR/Q2"", ""PhlF/P1"", ""IcaRA/I1""]",0x07,7
01c4e3b3,1,-1.7923006217113608,0.8214892745018005,"[5, 1, 19, 2, 15, 10, 8]","[""BM3R1/B3"", ""AmtR/A1"", ""SrpR/S4"", ""BetI/E1"", ""QacR/Q2"", ""PhlF/P1"", ""LitR/L1""]",0x07,7
01c4e3b3,1,-0.017116933489438064,0.7915868163108826,"[4, 9, 2, 15, 1, 10, 8]","[""BM3R1/B2"", ""LmrA/N1"", ""BetI/E1"", ""QacR/Q2"", ""AmtR/A1"", ""PhlF/P1"", ""LitR/L1""]",0x07,7
01c4e3b3,1,6.142099264793253,0.7293352484703064,"[11, 5, 2, 15, 1, 19, 13]","[""PhlF/P2"", ""BM3R1/B3"", ""BetI/E1"", ""QacR/Q2"", ""AmtR/A1"", ""SrpR/S4"", ""PsrA/R1""]",0x07,7
01c4e3b3,1,6.511870256836039,0.7143481373786926,"[19, 5, 1, 11, 2, 15, 13]","[""SrpR/S4"", ""BM3R1/B3"", ""AmtR/A1"", ""PhlF/P2"", ""BetI/E1"", ""QacR/Q2"", ""PsrA/R1""]",0x07,7
01c4e3b3,1,6.038064802719037,0.7445329427719116,"[4, 1, 17, 11, 15, 2, 13]","[""BM3R1/B2"", ""AmtR/A1"", ""SrpR/S2"", ""PhlF/P2"", ""QacR/Q2"", ""BetI/E1"", ""PsrA/R1""]",0x07,7
01c4e3b3,1,-2.098880009720359,0.8285424709320068,"[4, 19, 1, 2, 15, 10, 8]","[""BM3R1/B2"", ""SrpR/S4"", ""AmtR/A1"", ""BetI/E1"", ""QacR/Q2"", ""PhlF/P1"", ""LitR/L1""]",0x07,7
01c4e3b3,1,7.124869901686629,0.6058750748634338,"[14, 5, 13, 11, 19, 1, 2]","[""QacR/Q1"", ""BM3R1/B3"", ""PsrA/R1"", ""PhlF/P2"", ""SrpR/S4"", ""AmtR/A1"", ""BetI/E1""]",0x07,7
01c4e3b3,1,-0.14380046871217278,0.8039323687553406,"[17, 1, 4, 15, 2, 10, 8]","[""SrpR/S2"", ""AmtR/A1"", ""BM3R1/B2"", ""QacR/Q2"", ""BetI/E1"", ""PhlF/P1"", ""LitR/L1""]",0x07,7
01c4e3b3,1,3.5683230990696506,0.7603139281272888,"[5, 10, 1, 19, 2, 13, 15]","[""BM3R1/B3"", ""PhlF/P1"", ""AmtR/A1"", ""SrpR/S4"", ""BetI/E1"", ""PsrA/R1"", ""QacR/Q2""]",0x07,7
01c4e3b3,1,0.009362387987353962,0.7807057499885559,"[4, 8, 19, 2, 15, 1, 10]","[""BM3R1/B2"", ""LitR/L1"", ""SrpR/S4"", ""BetI/E1"", ""QacR/Q2"", ""AmtR/A1"", ""PhlF/P1""]",0x07,7
01c4e3b3,1,5.838040915108903,0.7497251033782959,"[4, 13, 2, 11, 1, 19, 15]","[""BM3R1/B2"", ""PsrA/R1"", ""BetI/E1"", ""PhlF/P2"", ""AmtR/A1"", ""SrpR/S4"", ""QacR/Q2""]",0x07,7
01c4e3b3,1,-0.025247409172684553,0.7978132963180542,"[2, 1, 4, 17, 15, 10, 8]","[""BetI/E1"", ""AmtR/A1"", ""BM3R1/B2"", ""SrpR/S2"", ""QacR/Q2"", ""PhlF/P1"", ""LitR/L1""]",0x07,7
01c4e3b3,1,2.93991140031402,0.7679144144058228,"[4, 10, 15, 19, 13, 1, 2]","[""BM3R1/B2"", ""PhlF/P1"", ""QacR/Q2"", ""SrpR/S4"", ""PsrA/R1"", ""AmtR/A1"", ""BetI/E1""]",0x07,7
01c4e3b3,1,-1.4276328372184988,0.8163870573043823,"[4, 15, 2, 19, 1, 10, 8]","[""BM3R1/B2"", ""QacR/Q2"", ""BetI/E1"", ""SrpR/S4"", ""AmtR/A1"", ""PhlF/P1"", ""LitR/L1""]",0x07,7
01c4e3b3,1,-0.04486610082561634,0.7980654835700989,"[19, 1, 4, 2, 15, 10, 8]","[""SrpR/S4"", ""AmtR/A1"", ""BM3R1/B2"", ""BetI/E1"", ""QacR/Q2"", ""PhlF/P1"", ""LitR/L1""]",0x07,7
01c4e3b3,1,-0.6899076000541657,0.8097996115684509,"[4, 1, 15, 19, 2, 10, 8]","[""BM3R1/B2"", ""AmtR/A1"", ""QacR/Q2"", ""SrpR/S4"", ""BetI/E1"", ""PhlF/P1"", ""LitR/L1""]",0x07,7
01c4e3b3,1,-0.2417045940849915,0.8075258731842041,"[1, 19, 4, 2, 15, 10, 8]","[""AmtR/A1"", ""SrpR/S4"", ""BM3R1/B2"", ""BetI/E1"", ""QacR/Q2"", ""PhlF/P1"", ""LitR/L1""]",0x07,7
01c4e3b3,1,-0.06290667227571294,0.7994728684425354,"[15, 1, 19, 2, 5, 10, 8]","[""QacR/Q2"", ""AmtR/A1"", ""SrpR/S4"", ""BetI/E1"", ""BM3R1/B3"", ""PhlF/P1"", ""LitR/L1""]",0x07,7
01c4e3b3,1,4.908251689051375,0.7600265145301819,"[4, 19, 1, 11, 15, 2, 13]","[""BM3R1/B2"", ""SrpR/S4"", ""AmtR/A1"", ""PhlF/P2"", ""QacR/Q2"", ""BetI/E1"", ""PsrA/R1""]",0x07,7
01c4e3b3,1,2.628115977220432,0.7736043334007263,"[4, 10, 2, 19, 1, 13, 15]","[""BM3R1/B2"", ""PhlF/P1"", ""BetI/E1"", ""SrpR/S4"", ""AmtR/A1"", ""PsrA/R1"", ""QacR/Q2""]",0x07,7
01c4e3b3,1,6.5380796140262,0.6401305198669434,"[5, 17, 2, 11, 14, 1, 13]","[""BM3R1/B3"", ""SrpR/S2"", ""BetI/E1"", ""PhlF/P2"", ""QacR/Q1"", ""AmtR/A1"", ""PsrA/R1""]",0x07,7
01c4e3b3,1,2.9670949179025405,0.7622835040092468,"[4, 10, 13, 2, 15, 1, 19]","[""BM3R1/B2"", ""PhlF/P1"", ""PsrA/R1"", ""BetI/E1"", ""QacR/Q2"", ""AmtR/A1"", ""SrpR/S4""]",0x07,7
01c4e3b3,1,7.129341509515643,0.571549117565155,"[14, 2, 17, 11, 5, 1, 13]","[""QacR/Q1"", ""BetI/E1"", ""SrpR/S2"", ""PhlF/P2"", ""BM3R1/B3"", ""AmtR/A1"", ""PsrA/R1""]",0x07,7
01c4e3b3,1,2.0480160057772125,0.7760294079780579,"[4, 10, 1, 19, 0, 15, 2]","[""BM3R1/B2"", ""PhlF/P1"", ""AmtR/A1"", ""SrpR/S4"", ""AmeR/F1"", ""QacR/Q2"", ""BetI/E1""]",0x07,7
01c4e3b3,1,-0.013841481405299127,0.7864328026771545,"[0, 2, 5, 19, 1, 10, 7]","[""AmeR/F1"", ""BetI/E1"", ""BM3R1/B3"", ""SrpR/S4"", ""AmtR/A1"", ""PhlF/P1"", ""IcaRA/I1""]",0x07,7
01c4e3b3,1,7.178405144810389,0.5269268155097961,"[14, 16, 13, 11, 4, 1, 2]","[""QacR/Q1"", ""SrpR/S1"", ""PsrA/R1"", ""PhlF/P2"", ""BM3R1/B2"", ""AmtR/A1"", ""BetI/E1""]",0x07,7
8f5136c1,0,4.276690261454068,0.8161292672157288,"[2, 11, 5, 1, 19, 15]","[""BetI/E1"", ""PhlF/P2"", ""BM3R1/B3"", ""AmtR/A1"", ""SrpR/S4"", ""QacR/Q2""]",0x71,6
8f5136c1,0,5.046606141681169,0.7927008271217346,"[2, 11, 5, 15, 19, 1]","[""BetI/E1"", ""PhlF/P2"", ""BM3R1/B3"", ""QacR/Q2"", ""SrpR/S4"", ""AmtR/A1""]",0x71,6
8f5136c1,0,6.440087229020075,0.6683974862098694,"[2, 11, 14, 5, 19, 13]","[""BetI/E1"", ""PhlF/P2"", ""QacR/Q1"", ""BM3R1/B3"", ""SrpR/S4"", ""PsrA/R1""]",0x71,6
8f5136c1,0,5.5250093535867615,0.7532934546470642,"[2, 11, 19, 15, 4, 1]","[""BetI/E1"", ""PhlF/P2"", ""SrpR/S4"", ""QacR/Q2"", ""BM3R1/B2"", ""AmtR/A1""]",0x71,6
8f5136c1,0,5.4566416780782605,0.7715853452682495,"[2, 11, 19, 15, 5, 1]","[""BetI/E1"", ""PhlF/P2"", ""SrpR/S4"", ""QacR/Q2"", ""BM3R1/B3"", ""AmtR/A1""]",0x71,6
8f5136c1,0,6.776305211315851,0.6237795948982239,"[2, 14, 11, 17, 4, 1]","[""BetI/E1"", ""QacR/Q1"", ""PhlF/P2"", ""SrpR/S2"", ""BM3R1/B2"", ""AmtR/A1""]",0x71,6
8f5136c1,0,6.624029914958588,0.6329686045646667,"[2, 14, 11, 17, 5, 1]","[""BetI/E1"", ""QacR/Q1"", ""PhlF/P2"", ""SrpR/S2"", ""BM3R1/B3"", ""AmtR/A1""]",0x71,6
8f5136c1,0,6.96484064164769,0.5561211109161377,"[2, 14, 11, 18, 4, 1]","[""BetI/E1"", ""QacR/Q1"", ""PhlF/P2"", ""SrpR/S3"", ""BM3R1/B2"", ""AmtR/A1""]",0x71,6
8f5136c1,0,6.856851208036536,0.5678470730781555,"[2, 14, 11, 18, 5, 1]","[""BetI/E1"", ""QacR/Q1"", ""PhlF/P2"", ""SrpR/S3"", ""BM3R1/B3"", ""AmtR/A1""]",0x71,6
8f5136c1,0,6.041962884753595,0.6994426250457764,"[2, 19, 11, 1, 13, 15]","[""BetI/E1"", ""SrpR/S4"", ""PhlF/P2"", ""AmtR/A1"", ""PsrA/R1"", ""QacR/Q2""]",0x71,6
8f5136c1,0,5.711489802301008,0.7472203969955444,"[2, 19, 11, 15, 5, 1]","[""BetI/E1"", ""SrpR/S4"", ""PhlF/P2"", ""QacR/Q2"", ""BM3R1/B3"", ""AmtR/A1""]",0x71,6
8f5136c1,0,5.991313889534641,0.7399534583091736,"[13, 15, 11, 4, 19, 2]","[""PsrA/R1"", ""QacR/Q2"", ""PhlF/P2"", ""BM3R1/B2"", ""SrpR/S4"", ""BetI/E1""]",0x71,6
8f5136c1,0,5.292396344300309,0.7907014489173889,"[15, 2, 11, 4, 1, 19]","[""QacR/Q2"", ""BetI/E1"", ""PhlF/P2"", ""BM3R1/B2"", ""AmtR/A1"", ""SrpR/S4""]",0x71,6
8f5136c1,0,5.628602172954467,0.7504981160163879,"[15, 2, 11, 4, 19, 13]","[""QacR/Q2"", ""BetI/E1"", ""PhlF/P2"", ""BM3R1/B2"", ""SrpR/S4"", ""PsrA/R1""]",0x71,6
8f5136c1,0,5.746252899842375,0.7445754408836365,"[15, 2, 11, 5, 19, 13]","[""QacR/Q2"", ""BetI/E1"", ""PhlF/P2"", ""BM3R1/B3"", ""SrpR/S4"", ""PsrA/R1""]",0x71,6
8f5136c1,0,5.851447678469927,0.7443711161613464,"[15, 2, 11, 17, 4, 1]","[""QacR/Q2"", ""BetI/E1"", ""PhlF/P2"", ""SrpR/S2"", ""BM3R1/B2"", ""AmtR/A1""]",0x71,6
8f5136c1,0,5.7451929919868405,0.7458167672157288,"[15, 2, 11, 19, 4, 1]","[""QacR/Q2"", ""BetI/E1"", ""PhlF/P2"", ""SrpR/S4"", ""BM3R1/B2"", ""AmtR/A1""]",0x71,6
8f5136c1,0,4.884426275587323,0.8060788512229919,"[15, 11, 5, 1, 19, 2]","[""QacR/Q2"", ""PhlF/P2"", ""BM3R1/B3"", ""AmtR/A1"", ""SrpR/S4"", ""BetI/E1""]",0x71,6
8f5136c1,0,5.496780893941384,0.7535696625709534,"[15, 11, 19, 1, 2, 13]","[""QacR/Q2"", ""PhlF/P2"", ""SrpR/S4"", ""AmtR/A1"", ""BetI/E1"", ""PsrA/R1""]",0x71,6
8f5136c1,0,5.874594753589401,0.7429571151733398,"[15, 19, 11, 4, 2, 13]","[""QacR/Q2"", ""SrpR/S4"", ""PhlF/P2"", ""BM3R1/B2"", ""BetI/E1"", ""PsrA/R1""]",0x71,6
8f5136c1,0,-0.1860334157541033,0.8770976066589355,"[19, 2, 15, 4, 10, 7]","[""SrpR/S4"", ""BetI/E1"", ""QacR/Q2"", ""BM3R1/B2"", ""PhlF/P1"", ""IcaRA/I1""]",0x71,6
8f5136c1,0,0.33684294153438465,0.8480947613716125,"[19, 4, 2, 10, 1, 15]","[""SrpR/S4"", ""BM3R1/B2"", ""BetI/E1"", ""PhlF/P1"", ""AmtR/A1"", ""QacR/Q2""]",0x71,6
8f5136c1,0,0.2520340401629168,0.8634805083274841,"[19, 4, 15, 10, 1, 2]","[""SrpR/S4"", ""BM3R1/B2"", ""QacR/Q2"", ""PhlF/P1"", ""AmtR/A1"", ""BetI/E1""]",0x71,6
8f5136c1,0,1.4937507807623716,0.8394152522087097,"[19, 4, 15, 11, 1, 2]","[""SrpR/S4"", ""BM3R1/B2"", ""QacR/Q2"", ""PhlF/P2"", ""AmtR/A1"", ""BetI/E1""]",0x71,6
8f5136c1,0,1.5173608619116103,0.8335143327713013,"[19, 5, 15, 11, 1, 2]","[""SrpR/S4"", ""BM3R1/B3"", ""QacR/Q2"", ""PhlF/P2"", ""AmtR/A1"", ""BetI/E1""]",0x71,6
8f5136c1,0,3.757317162392973,0.8273065090179443,"[19, 11, 15, 5, 1, 2]","[""SrpR/S4"", ""PhlF/P2"", ""QacR/Q2"", ""BM3R1/B3"", ""AmtR/A1"", ""BetI/E1""]",0x71,6
8f5136c1,1,6.670918985984357,0.628441333770752,"[2, 11, 14, 17, 5, 1]","[""BetI/E1"", ""PhlF/P2"", ""QacR/Q1"", ""SrpR/S2"", ""BM3R1/B3"", ""AmtR/A1""]",0x71,6
8f5136c1,1,6.4985186120589615,0.6566004753112793,"[2, 14, 11, 19, 5, 1]","[""BetI/E1"", ""QacR/Q1"", ""PhlF/P2"", ""SrpR/S4"", ""BM3R1/B3"", ""AmtR/A1""]",0x71,6
8f5136c1,1,5.492699644622008,0.7577996253967285,"[2, 19, 11, 15, 5, 1]","[""BetI/E1"", ""SrpR/S4"", ""PhlF/P2"", ""QacR/Q2"", ""BM3R1/B3"", ""AmtR/A1""]",0x71,6
8f5136c1,1,6.050464471492936,0.6967259645462036,"[13, 11, 2, 17, 5, 1]","[""PsrA/R1"", ""PhlF/P2"", ""BetI/E1"", ""SrpR/S2"", ""BM3R1/B3"", ""AmtR/A1""]",0x71,6
8f5136c1,1,4.961137360797643,0.7942698001861572,"[15, 5, 11, 1, 19, 2]","[""QacR/Q2"", ""BM3R1/B3"", ""PhlF/P2"", ""AmtR/A1"", ""SrpR/S4"", ""BetI/E1""]",0x71,6
8f5136c1,1,5.735486817643372,0.7459709644317627,"[15, 11, 2, 19, 4, 1]","[""QacR/Q2"", ""PhlF/P2"", ""BetI/E1"", ""SrpR/S4"", ""BM3R1/B2"", ""AmtR/A1""]",0x71,6
8f5136c1,1,5.883303404866684,0.74095618724823,"[15, 11, 19, 2, 4, 1]","[""QacR/Q2"", ""PhlF/P2"", ""SrpR/S4"", ""BetI/E1"", ""BM3R1/B2"", ""AmtR/A1""]",0x71,6
8f5136c1,1,6.009166728363121,0.7334396839141846,"[15, 11, 19, 2, 5, 1]","[""QacR/Q2"", ""PhlF/P2"", ""SrpR/S4"", ""BetI/E1"", ""BM3R1/B3"", ""AmtR/A1""]",0x71,6
8f5136c1,1,5.293164861661678,0.7798357009887695,"[15, 12, 2, 4, 1, 19]","[""QacR/Q2"", ""PhlF/P3"", ""BetI/E1"", ""BM3R1/B2"", ""AmtR/A1"", ""SrpR/S4""]",0x71,6
8f5136c1,1,6.6011506428550915,0.6536216735839844,"[19, 14, 11, 1, 13, 2]","[""SrpR/S4"", ""QacR/Q1"", ""PhlF/P2"", ""AmtR/A1"", ""PsrA/R1"", ""BetI/E1""]",0x71,6
8f92f4fb,1,0.7576336537322378,0.821817934513092,"[1, 2, 15, 10, 18, 4]","[""AmtR/A1"", ""BetI/E1"", ""QacR/Q2"", ""PhlF/P1"", ""SrpR/S3"", ""BM3R1/B2""]",0x71,6
8f92f4fb,1,2.19287897688378,0.8170408010482788,"[1, 4, 15, 19, 2, 11]","[""AmtR/A1"", ""BM3R1/B2"", ""QacR/Q2"", ""SrpR/S4"", ""BetI/E1"", ""PhlF/P2""]",0x71,6
8f92f4fb,1,3.696498529989156,0.8120349645614624,"[1, 11, 15, 19, 2, 4]","[""AmtR/A1"", ""PhlF/P2"", ""QacR/Q2"", ""SrpR/S4"", ""BetI/E1"", ""BM3R1/B2""]",0x71,6
8f92f4fb,1,4.105969874171698,0.8021677732467651,"[1, 11, 15, 19, 2, 5]","[""AmtR/A1"", ""PhlF/P2"", ""QacR/Q2"", ""SrpR/S4"", ""BetI/E1"", ""BM3R1/B3""]",0x71,6
8f92f4fb,1,0.6614886826678783,0.8320490121841431,"[1, 17, 15, 10, 2, 4]","[""AmtR/A1"", ""SrpR/S2"", ""QacR/Q2"", ""PhlF/P1"", ""BetI/E1"", ""BM3R1/B2""]",0x71,6
8f92f4fb,1,5.18927712613452,0.782995343208313,"[2, 11, 5, 1, 15, 17]","[""BetI/E1"", ""PhlF/P2"", ""BM3R1/B3"", ""AmtR/A1"", ""QacR/Q2"", ""SrpR/S2""]",0x71,6
8f92f4fb,1,5.060973921621662,0.78803551197052,"[2, 11, 5, 1, 15, 19]","[""BetI/E1"", ""PhlF/P2"", ""BM3R1/B3"", ""AmtR/A1"", ""QacR/Q2"", ""SrpR/S4""]",0x71,6
8f92f4fb,1,6.843791406102097,0.6603083610534668,"[2, 11, 14, 4, 1, 17]","[""BetI/E1"", ""PhlF/P2"", ""QacR/Q1"", ""BM3R1/B2"", ""AmtR/A1"", ""SrpR/S2""]",0x71,6
8f92f4fb,1,6.810792343992439,0.678785502910614,"[2, 11, 14, 19, 5, 1]","[""BetI/E1"", ""PhlF/P2"", ""QacR/Q1"", ""SrpR/S4"", ""BM3R1/B3"", ""AmtR/A1""]",0x71,6
8f92f4fb,1,3.2297844785530763,0.8148624300956726,"[2, 11, 15, 19, 1, 4]","[""BetI/E1"", ""PhlF/P2"", ""QacR/Q2"", ""SrpR/S4"", ""AmtR/A1"", ""BM3R1/B2""]",0x71,6
8f92f4fb,1,7.077078433938424,0.5264062881469727,"[2, 14, 11, 1, 13, 18]","[""BetI/E1"", ""QacR/Q1"", ""PhlF/P2"", ""AmtR/A1"", ""PsrA/R1"", ""SrpR/S3""]",0x71,6
8f92f4fb,1,6.413735605310497,0.6921932697296143,"[2, 19, 11, 1, 13, 15]","[""BetI/E1"", ""SrpR/S4"", ""PhlF/P2"", ""AmtR/A1"", ""PsrA/R1"", ""QacR/Q2""]",0x71,6
8f92f4fb,1,6.200709764204154,0.741092324256897,"[2, 19, 11, 4, 1, 15]","[""BetI/E1"", ""SrpR/S4"", ""PhlF/P2"", ""BM3R1/B2"", ""AmtR/A1"", ""QacR/Q2""]",0x71,6
8f92f4fb,1,6.3915949803077545,0.7237368822097778,"[2, 19, 11, 5, 1, 15]","[""BetI/E1"", ""SrpR/S4"", ""PhlF/P2"", ""BM3R1/B3"", ""AmtR/A1"", ""QacR/Q2""]",0x71,6
8f92f4fb,1,-0.4167603031637105,0.8494571447372437,"[4, 17, 15, 1, 10, 2]","[""BM3R1/B2"", ""SrpR/S2"", ""QacR/Q2"", ""AmtR/A1"", ""PhlF/P1"", ""BetI/E1""]",0x71,6
8f92f4fb,1,-0.16760325605026127,0.8419443368911743,"[10, 2, 1, 17, 15, 4]","[""PhlF/P1"", ""BetI/E1"", ""AmtR/A1"", ""SrpR/S2"", ""QacR/Q2"", ""BM3R1/B2""]",0x71,6
8f92f4fb,1,-0.06333780111808186,0.8409724831581116,"[10, 2, 15, 19, 1, 4]","[""PhlF/P1"", ""BetI/E1"", ""QacR/Q2"", ""SrpR/S4"", ""AmtR/A1"", ""BM3R1/B2""]",0x71,6
8f92f4fb,1,-0.17117367349960755,0.8423274755477905,"[10, 17, 1, 2, 15, 4]","[""PhlF/P1"", ""SrpR/S2"", ""AmtR/A1"", ""BetI/E1"", ""QacR/Q2"", ""BM3R1/B2""]",0x71,6
8f92f4fb,1,-0.26053044885039234,0.8468183279037476,"[10, 17, 15, 2, 1, 4]","[""PhlF/P1"", ""SrpR/S2"", ""QacR/Q2"", ""BetI/E1"", ""AmtR/A1"", ""BM3R1/B2""]",0x71,6
8f92f4fb,1,0.04752834301124233,0.837313175201416,"[10, 19, 1, 2, 15, 4]","[""PhlF/P1"", ""SrpR/S4"", ""AmtR/A1"", ""BetI/E1"", ""QacR/Q2"", ""BM3R1/B2""]",0x71,6
8f92f4fb,1,-0.13521837797730563,0.8415713906288147,"[10, 19, 15, 2, 1, 4]","[""PhlF/P1"", ""SrpR/S4"", ""QacR/Q2"", ""BetI/E1"", ""AmtR/A1"", ""BM3R1/B2""]",0x71,6
8f92f4fb,1,6.037621350658664,0.7438907623291016,"[15, 2, 11, 4, 1, 17]","[""QacR/Q2"", ""BetI/E1"", ""PhlF/P2"", ""BM3R1/B2"", ""AmtR/A1"", ""SrpR/S2""]",0x71,6
8f92f4fb,1,6.27615621838519,0.7365013360977173,"[15, 19, 11, 4, 1, 2]","[""QacR/Q2"", ""SrpR/S4"", ""PhlF/P2"", ""BM3R1/B2"", ""AmtR/A1"", ""BetI/E1""]",0x71,6
8f92f4fb,1,5.916369523743399,0.7817671298980713,"[19, 2, 11, 1, 15, 4]","[""SrpR/S4"", ""BetI/E1"", ""PhlF/P2"", ""AmtR/A1"", ""QacR/Q2"", ""BM3R1/B2""]",0x71,6
8f92f4fb,1,4.762176714241335,0.7956852912902832,"[19, 11, 2, 1, 15, 4]","[""SrpR/S4"", ""PhlF/P2"", ""BetI/E1"", ""AmtR/A1"", ""QacR/Q2"", ""BM3R1/B2""]",0x71,6
8f92f4fb,1,6.618978016154922,0.683992862701416,"[19, 11, 14, 1, 2, 4]","[""SrpR/S4"", ""PhlF/P2"", ""QacR/Q1"", ""AmtR/A1"", ""BetI/E1"", ""BM3R1/B2""]",0x71,6
8f92f4fb,1,4.516954919670653,0.8017144799232483,"[19, 11, 15, 1, 2, 4]","[""SrpR/S4"", ""PhlF/P2"", ""QacR/Q2"", ""AmtR/A1"", ""BetI/E1"", ""BM3R1/B2""]",0x71,6
8f92f4fb,1,4.042702736859466,0.8058100938796997,"[19, 11, 15, 2, 1, 5]","[""SrpR/S4"", ""PhlF/P2"", ""QacR/Q2"", ""BetI/E1"", ""AmtR/A1"", ""BM3R1/B3""]",0x71,6
8f92f4fb,1,7.03683228217215,0.6545778512954712,"[19, 14, 11, 1, 2, 4]","[""SrpR/S4"", ""QacR/Q1"", ""PhlF/P2"", ""AmtR/A1"", ""BetI/E1"", ""BM3R1/B2""]",0x71,6
076290ad,0,1.4723784917168368,0.7998098134994507,"[15, 1, 19, 0, 4, 2, 10]","[""QacR/Q2"", ""AmtR/A1"", ""SrpR/S4"", ""AmeR/F1"", ""BM3R1/B2"", ""BetI/E1"", ""PhlF/P1""]",0x71,7
076290ad,0,4.31446901356143,0.7536821961402893,"[4, 2, 13, 15, 1, 19, 10]","[""BM3R1/B2"", ""BetI/E1"", ""PsrA/R1"", ""QacR/Q2"", ""AmtR/A1"", ""SrpR/S4"", ""PhlF/P1""]",0x71,7
076290ad,0,4.192099531830759,0.7561233043670654,"[2, 19, 15, 13, 4, 1, 11]","[""BetI/E1"", ""SrpR/S4"", ""QacR/Q2"", ""PsrA/R1"", ""BM3R1/B2"", ""AmtR/A1"", ""PhlF/P2""]",0x71,7
076290ad,0,7.76899214564319,0.6201478838920593,"[11, 1, 15, 13, 2, 18, 6]","[""PhlF/P2"", ""AmtR/A1"", ""QacR/Q2"", ""PsrA/R1"", ""BetI/E1"", ""SrpR/S3"", ""HlyIIR/H1""]",0x71,7
076290ad,0,5.422589920638599,0.7495291233062744,"[5, 19, 11, 15, 2, 1, 13]","[""BM3R1/B3"", ""SrpR/S4"", ""PhlF/P2"", ""QacR/Q2"", ""BetI/E1"", ""AmtR/A1"", ""PsrA/R1""]",0x71,7
076290ad,0,7.477078118099297,0.6507200598716736,"[11, 1, 13, 15, 2, 19, 9]","[""PhlF/P2"", ""AmtR/A1"", ""PsrA/R1"", ""QacR/Q2"", ""BetI/E1"", ""SrpR/S4"", ""LmrA/N1""]",0x71,7
076290ad,0,6.949217853445872,0.7079803943634033,"[11, 1, 2, 19, 15, 5, 6]","[""PhlF/P2"", ""AmtR/A1"", ""BetI/E1"", ""SrpR/S4"", ""QacR/Q2"", ""BM3R1/B3"", ""HlyIIR/H1""]",0x71,7
076290ad,0,5.6334374011634445,0.7335219383239746,"[15, 1, 13, 12, 4, 2, 19]","[""QacR/Q2"", ""AmtR/A1"", ""PsrA/R1"", ""PhlF/P3"", ""BM3R1/B2"", ""BetI/E1"", ""SrpR/S4""]",0x71,7
076290ad,0,5.552233094319575,0.7488406300544739,"[5, 11, 13, 2, 15, 19, 1]","[""BM3R1/B3"", ""PhlF/P2"", ""PsrA/R1"", ""BetI/E1"", ""QacR/Q2"", ""SrpR/S4"", ""AmtR/A1""]",0x71,7
076290ad,0,0.0056930729495817765,0.8088546991348267,"[13, 1, 19, 10, 4, 2, 15]","[""PsrA/R1"", ""AmtR/A1"", ""SrpR/S4"", ""PhlF/P1"", ""BM3R1/B2"", ""BetI/E1"", ""QacR/Q2""]",0x71,7
076290ad,0,6.9749079117098525,0.6874763369560242,"[11, 1, 2, 19, 15, 5, 9]","[""PhlF/P2"", ""AmtR/A1"", ""BetI/E1"", ""SrpR/S4"", ""QacR/Q2"", ""BM3R1/B3"", ""LmrA/N1""]",0x71,7
076290ad,0,3.566625470076107,0.7875128984451294,"[15, 2, 13, 19, 4, 1, 10]","[""QacR/Q2"", ""BetI/E1"", ""PsrA/R1"", ""SrpR/S4"", ""BM3R1/B2"", ""AmtR/A1"", ""PhlF/P1""]",0x71,7
076290ad,0,6.971855484421765,0.68760085105896,"[11, 1, 13, 15, 19, 2, 4]","[""PhlF/P2"", ""AmtR/A1"", ""PsrA/R1"", ""QacR/Q2"", ""SrpR/S4"", ""BetI/E1"", ""BM3R1/B2""]",0x71,7
076290ad,0,6.533223967222125,0.7330986261367798,"[11, 5, 19, 2, 15, 1, 13]","[""PhlF/P2"", ""BM3R1/B3"", ""SrpR/S4"", ""BetI/E1"", ""QacR/Q2"", ""AmtR/A1"", ""PsrA/R1""]",0x71,7
076290ad,0,2.838454548301175,0.7943724393844604,"[15, 13, 2, 1, 4, 19, 10]","[""QacR/Q2"", ""PsrA/R1"", ""BetI/E1"", ""AmtR/A1"", ""BM3R1/B2"", ""SrpR/S4"", ""PhlF/P1""]",0x71,7
076290ad,0,6.678659772510135,0.725102424621582,"[11, 1, 2, 19, 15, 5, 13]","[""PhlF/P2"", ""AmtR/A1"", ""BetI/E1"", ""SrpR/S4"", ""QacR/Q2"", ""BM3R1/B3"", ""PsrA/R1""]",0x71,7
076290ad,0,7.708187833946495,0.6505540609359741,"[11, 1, 15, 13, 2, 19, 9]","[""PhlF/P2"", ""AmtR/A1"", ""QacR/Q2"", ""PsrA/R1"", ""BetI/E1"", ""SrpR/S4"", ""LmrA/N1""]",0x71,7
076290ad,1,7.969481117105058,0.4433147311210632,"[11, 1, 15, 13, 2, 18, 7]","[""PhlF/P2"", ""AmtR/A1"", ""QacR/Q2"", ""PsrA/R1"", ""BetI/E1"", ""SrpR/S3"", ""IcaRA/I1""]",0x71,7
076290ad,1,7.841077299134663,0.5492612719535828,"[11, 1, 15, 2, 19, 13, 6]","[""PhlF/P2"", ""AmtR/A1"", ""QacR/Q2"", ""BetI/E1"", ""SrpR/S4"", ""PsrA/R1"", ""HlyIIR/H1""]",0x71,7
076290ad,1,7.232240560283382,0.684065580368042,"[12, 1, 15, 2, 19, 13, 4]","[""PhlF/P3"", ""AmtR/A1"", ""QacR/Q2"", ""BetI/E1"", ""SrpR/S4"", ""PsrA/R1"", ""BM3R1/B2""]",0x71,7
076290ad,1,6.678985939768812,0.7158655524253845,"[11, 15, 2, 19, 1, 13, 4]","[""PhlF/P2"", ""QacR/Q2"", ""BetI/E1"", ""SrpR/S4"", ""AmtR/A1"", ""PsrA/R1"", ""BM3R1/B2""]",0x71,7
076290ad,1,7.436676345073706,0.6784783601760864,"[11, 19, 15, 2, 1, 13, 5]","[""PhlF/P2"", ""SrpR/S4"", ""QacR/Q2"", ""BetI/E1"", ""AmtR/A1"", ""PsrA/R1"", ""BM3R1/B3""]",0x71,7
076290ad,1,6.947098162968322,0.7094097137451172,"[11, 13, 15, 2, 1, 17, 4]","[""PhlF/P2"", ""PsrA/R1"", ""QacR/Q2"", ""BetI/E1"", ""AmtR/A1"", ""SrpR/S2"", ""BM3R1/B2""]",0x71,7
199ebd1c,0,0.3635855088134368,0.841303825378418,"[2, 4, 10, 19, 15]","[""BetI/E1"", ""BM3R1/B2"", ""PhlF/P1"", ""SrpR/S4"", ""QacR/Q2""]",0x8E,5
199ebd1c,0,3.2304790412527313,0.8339831233024597,"[2, 11, 4, 19, 15]","[""BetI/E1"", ""PhlF/P2"", ""BM3R1/B2"", ""SrpR/S4"", ""QacR/Q2""]",0x8E,5
199ebd1c,0,4.683999904181409,0.8155878782272339,"[2, 11, 15, 5, 19]","[""BetI/E1"", ""PhlF/P2"", ""QacR/Q2"", ""BM3R1/B3"", ""SrpR/S4""]",0x8E,5
199ebd1c,0,6.3630194382811895,0.793540358543396,"[5, 2, 11, 19, 15]","[""BM3R1/B3"", ""BetI/E1"", ""PhlF/P2"", ""SrpR/S4"", ""QacR/Q2""]",0x8E,5
199ebd1c,0,6.134561060193553,0.8065266609191895,"[5, 11, 2, 19, 15]","[""BM3R1/B3"", ""PhlF/P2"", ""BetI/E1"", ""SrpR/S4"", ""QacR/Q2""]",0x8E,5
199ebd1c,0,7.0611471848078,0.7772655487060547,"[11, 1, 19, 2, 15]","[""PhlF/P2"", ""AmtR/A1"", ""SrpR/S4"", ""BetI/E1"", ""QacR/Q2""]",0x8E,5
199ebd1c,0,8.621680331010593,0.6497046947479248,"[11, 2, 14, 5, 1]","[""PhlF/P2"", ""BetI/E1"", ""QacR/Q1"", ""BM3R1/B3"", ""AmtR/A1""]",0x8E,5
199ebd1c,0,6.223059854438308,0.7974539399147034,"[11, 4, 15, 19, 2]","[""PhlF/P2"", ""BM3R1/B2"", ""QacR/Q2"", ""SrpR/S4"", ""BetI/E1""]",0x8E,5
199ebd1c,0,5.5307679190873875,0.8097663521766663,"[11, 4, 19, 2, 15]","[""PhlF/P2"", ""BM3R1/B2"", ""SrpR/S4"", ""BetI/E1"", ""QacR/Q2""]",0x8E,5
199ebd1c,0,8.665198188937687,0.6476887464523315,"[11, 14, 2, 4, 1]","[""PhlF/P2"", ""QacR/Q1"", ""BetI/E1"", ""BM3R1/B2"", ""AmtR/A1""]",0x8E,5
199ebd1c,0,8.400976606260445,0.7616071701049805,"[11, 15, 2, 5, 1]","[""PhlF/P2"", ""QacR/Q2"", ""BetI/E1"", ""BM3R1/B3"", ""AmtR/A1""]",0x8E,5
199ebd1c,0,7.868647469859381,0.7708000540733337,"[11, 17, 2, 5, 1]","[""PhlF/P2"", ""SrpR/S2"", ""BetI/E1"", ""BM3R1/B3"", ""AmtR/A1""]",0x8E,5
199ebd1c,0,8.361907373592322,0.7628742456436157,"[11, 19, 2, 4, 1]","[""PhlF/P2"", ""SrpR/S4"", ""BetI/E1"", ""BM3R1/B2"", ""AmtR/A1""]",0x8E,5
199ebd1c,0,8.351551931200392,0.7702585458755493,"[11, 19, 2, 5, 1]","[""PhlF/P2"", ""SrpR/S4"", ""BetI/E1"", ""BM3R1/B3"", ""AmtR/A1""]",0x8E,5
199ebd1c,0,8.443656363721841,0.7065731883049011,"[11, 19, 2, 5, 14]","[""PhlF/P2"", ""SrpR/S4"", ""BetI/E1"", ""BM3R1/B3"", ""QacR/Q1""]",0x8E,5
199ebd1c,0,8.592818565439869,0.6596367359161377,"[11, 19, 2, 14, 1]","[""PhlF/P2"", ""SrpR/S4"", ""BetI/E1"", ""QacR/Q1"", ""AmtR/A1""]",0x8E,5
199ebd1c,0,7.491879268029909,0.7739090919494629,"[12, 19, 2, 5, 1]","[""PhlF/P3"", ""SrpR/S4"", ""BetI/E1"", ""BM3R1/B3"", ""AmtR/A1""]",0x8E,5
199ebd1c,0,4.128953244292145,0.8318432569503784,"[15, 4, 1, 19, 2]","[""QacR/Q2"", ""BM3R1/B2"", ""AmtR/A1"", ""SrpR/S4"", ""BetI/E1""]",0x8E,5
199ebd1c,0,0.32093424326348996,0.8471322059631348,"[15, 4, 10, 19, 2]","[""QacR/Q2"", ""BM3R1/B2"", ""PhlF/P1"", ""SrpR/S4"", ""BetI/E1""]",0x8E,5
199ebd1c,0,4.293430532476378,0.8261575102806091,"[15, 4, 11, 19, 2]","[""QacR/Q2"", ""BM3R1/B2"", ""PhlF/P2"", ""SrpR/S4"", ""BetI/E1""]",0x8E,5
199ebd1c,0,-0.16543829370732216,0.8489102721214294,"[15, 10, 4, 19, 2]","[""QacR/Q2"", ""PhlF/P1"", ""BM3R1/B2"", ""SrpR/S4"", ""BetI/E1""]",0x8E,5
199ebd1c,0,4.984072629342708,0.8104532957077026,"[15, 11, 2, 4, 19]","[""QacR/Q2"", ""PhlF/P2"", ""BetI/E1"", ""BM3R1/B2"", ""SrpR/S4""]",0x8E,5
199ebd1c,0,4.711375422335269,0.8119980096817017,"[15, 11, 2, 5, 19]","[""QacR/Q2"", ""PhlF/P2"", ""BetI/E1"", ""BM3R1/B3"", ""SrpR/S4""]",0x8E,5
199ebd1c,0,2.998036083863266,0.8375881314277649,"[19, 4, 2, 1, 15]","[""SrpR/S4"", ""BM3R1/B2"", ""BetI/E1"", ""AmtR/A1"", ""QacR/Q2""]",0x8E,5
830cbc6a,0,5.754027689450607,0.8047087788581848,"[1, 4, 19, 11, 2]","[""AmtR/A1"", ""BM3R1/B2"", ""SrpR/S4"", ""PhlF/P2"", ""BetI/E1""]",0x8E,5
830cbc6a,0,6.713553490082339,0.6948986649513245,"[1, 4, 19, 11, 14]","[""AmtR/A1"", ""BM3R1/B2"", ""SrpR/S4"", ""PhlF/P2"", ""QacR/Q1""]",0x8E,5
830cbc6a,0,1.7416761021484102,0.8505465984344482,"[4, 1, 15, 19, 2]","[""BM3R1/B2"", ""AmtR/A1"", ""QacR/Q2"", ""SrpR/S4"", ""BetI/E1""]",0x8E,5
830cbc6a,0,2.2615958278832875,0.8469447493553162,"[4, 11, 15, 19, 2]","[""BM3R1/B2"", ""PhlF/P2"", ""QacR/Q2"", ""SrpR/S4"", ""BetI/E1""]",0x8E,5
830cbc6a,0,3.0384987411240894,0.8440698981285095,"[4, 19, 2, 11, 15]","[""BM3R1/B2"", ""SrpR/S4"", ""BetI/E1"", ""PhlF/P2"", ""QacR/Q2""]",0x8E,5
830cbc6a,0,3.1792763207966024,0.8434332609176636,"[4, 19, 15, 11, 2]","[""BM3R1/B2"", ""SrpR/S4"", ""QacR/Q2"", ""PhlF/P2"", ""BetI/E1""]",0x8E,5
830cbc6a,0,5.112873433134633,0.8346309661865234,"[11, 4, 1, 2, 15]","[""PhlF/P2"", ""BM3R1/B2"", ""AmtR/A1"", ""BetI/E1"", ""QacR/Q2""]",0x8E,5
830cbc6a,0,4.374834131617515,0.8373994827270508,"[11, 4, 2, 19, 15]","[""PhlF/P2"", ""BM3R1/B2"", ""BetI/E1"", ""SrpR/S4"", ""QacR/Q2""]",0x8E,5
830cbc6a,0,5.553752554097588,0.8309041261672974,"[11, 4, 19, 2, 15]","[""PhlF/P2"", ""BM3R1/B2"", ""SrpR/S4"", ""BetI/E1"", ""QacR/Q2""]",0x8E,5
830cbc6a,0,3.546615316997766,0.8427023887634277,"[11, 19, 2, 4, 15]","[""PhlF/P2"", ""SrpR/S4"", ""BetI/E1"", ""BM3R1/B2"", ""QacR/Q2""]",0x8E,5
830cbc6a,0,0.21577485332676544,0.8517554402351379,"[17, 10, 2, 4, 15]","[""SrpR/S2"", ""PhlF/P1"", ""BetI/E1"", ""BM3R1/B2"", ""QacR/Q2""]",0x8E,5
830cbc6a,0,0.3374988645576108,0.8506413102149963,"[19, 10, 2, 4, 15]","[""SrpR/S4"", ""PhlF/P1"", ""BetI/E1"", ""BM3R1/B2"", ""QacR/Q2""]",0x8E,5
830cbc6a,1,5.588333661134428,0.8117120862007141,"[1, 4, 19, 11, 15]","[""AmtR/A1"", ""BM3R1/B2"", ""SrpR/S4"", ""PhlF/P2"", ""QacR/Q2""]",0x8E,5
830cbc6a,1,6.393183693140986,0.7529130578041077,"[1, 13, 15, 19, 11]","[""AmtR/A1"", ""PsrA/R1"", ""QacR/Q2"", ""SrpR/S4"", ""PhlF/P2""]",0x8E,5
830cbc6a,1,6.274384694265678,0.7884401082992554,"[1, 17, 2, 5, 11]","[""AmtR/A1"", ""SrpR/S2"", ""BetI/E1"", ""BM3R1/B3"", ""PhlF/P2""]",0x8E,5
830cbc6a,1,7.112348028375665,0.6690009236335754,"[1, 17, 2, 14, 11]","[""AmtR/A1"", ""SrpR/S2"", ""BetI/E1"", ""QacR/Q1"", ""PhlF/P2""]",0x8E,5
830cbc6a,1,6.088603060424903,0.7985414862632751,"[1, 19, 2, 5, 11]","[""AmtR/A1"", ""SrpR/S4"", ""BetI/E1"", ""BM3R1/B3"", ""PhlF/P2""]",0x8E,5
830cbc6a,1,4.1861071346477345,0.8396511077880859,"[2, 4, 1, 19, 15]","[""BetI/E1"", ""BM3R1/B2"", ""AmtR/A1"", ""SrpR/S4"", ""QacR/Q2""]",0x8E,5
830cbc6a,1,-0.06545587707231426,0.8645613789558411,"[10, 4, 1, 19, 2]","[""PhlF/P1"", ""BM3R1/B2"", ""AmtR/A1"", ""SrpR/S4"", ""BetI/E1""]",0x8E,5
830cbc6a,1,-0.12203686433061248,0.877019464969635,"[10, 19, 2, 4, 15]","[""PhlF/P1"", ""SrpR/S4"", ""BetI/E1"", ""BM3R1/B2"", ""QacR/Q2""]",0x8E,5
830cbc6a,1,4.255231759626098,0.8394060134887695,"[15, 4, 1, 19, 2]","[""QacR/Q2"", ""BM3R1/B2"", ""AmtR/A1"", ""SrpR/S4"", ""BetI/E1""]",0x8E,5
89f39494,0,8.805546595524516,0.7127002477645874,"[11, 3, 19, 2, 15]","[""PhlF/P2"", ""BM3R1/B1"", ""SrpR/S4"", ""BetI/E1"", ""QacR/Q2""]",0x8E,5
89f39494,0,8.7622179842712,0.7819511890411377,"[11, 4, 19, 2, 15]","[""PhlF/P2"", ""BM3R1/B2"", ""SrpR/S4"", ""BetI/E1"", ""QacR/Q2""]",0x8E,5
89f39494,0,8.49038966100729,0.7973071336746216,"[11, 4, 19, 15, 2]","[""PhlF/P2"", ""BM3R1/B2"", ""SrpR/S4"", ""QacR/Q2"", ""BetI/E1""]",0x8E,5
89f39494,0,6.595411157049745,0.8092190623283386,"[15, 5, 19, 2, 11]","[""QacR/Q2"", ""BM3R1/B3"", ""SrpR/S4"", ""BetI/E1"", ""PhlF/P2""]",0x8E,5
89f39494,1,5.5825947654878565,0.828670084476471,"[2, 5, 11, 19, 15]","[""BetI/E1"", ""BM3R1/B3"", ""PhlF/P2"", ""SrpR/S4"", ""QacR/Q2""]",0x8E,5
89f39494,1,6.436206248542709,0.8213414549827576,"[2, 5, 19, 11, 15]","[""BetI/E1"", ""BM3R1/B3"", ""SrpR/S4"", ""PhlF/P2"", ""QacR/Q2""]",0x8E,5
89f39494,1,3.0596149553097196,0.8346498608589172,"[2, 11, 19, 4, 15]","[""BetI/E1"", ""PhlF/P2"", ""SrpR/S4"", ""BM3R1/B2"", ""QacR/Q2""]",0x8E,5
89f39494,1,-0.2560017991641719,0.8519493937492371,"[2, 15, 19, 4, 10]","[""BetI/E1"", ""QacR/Q2"", ""SrpR/S4"", ""BM3R1/B2"", ""PhlF/P1""]",0x8E,5
89f39494,1,3.262955492302628,0.8338959813117981,"[2, 19, 11, 4, 15]","[""BetI/E1"", ""SrpR/S4"", ""PhlF/P2"", ""BM3R1/B2"", ""QacR/Q2""]",0x8E,5
89f39494,1,6.539604462123965,0.8164764642715454,"[5, 2, 19, 11, 15]","[""BM3R1/B3"", ""BetI/E1"", ""SrpR/S4"", ""PhlF/P2"", ""QacR/Q2""]",0x8E,5
89f39494,1,8.711246221935848,0.7865230441093445,"[11, 4, 19, 2, 15]","[""PhlF/P2"", ""BM3R1/B2"", ""SrpR/S4"", ""BetI/E1"", ""QacR/Q2""]",0x8E,5
89f39494,1,8.359386840227744,0.7997133135795593,"[11, 5, 19, 2, 15]","[""PhlF/P2"", ""BM3R1/B3"", ""SrpR/S4"", ""BetI/E1"", ""QacR/Q2""]",0x8E,5
89f39494,1,2.2489723550346983,0.839433491230011,"[15, 2, 19, 4, 1]","[""QacR/Q2"", ""BetI/E1"", ""SrpR/S4"", ""BM3R1/B2"", ""AmtR/A1""]",0x8E,5
89f39494,1,6.091596152611949,0.823226273059845,"[15, 5, 19, 11, 2]","[""QacR/Q2"", ""BM3R1/B3"", ""SrpR/S4"", ""PhlF/P2"", ""BetI/E1""]",0x8E,5
89f39494,1,-0.22282125214407117,0.8446621298789978,"[15, 10, 19, 2, 5]","[""QacR/Q2"", ""PhlF/P1"", ""SrpR/S4"", ""BetI/E1"", ""BM3R1/B3""]",0x8E,5
89f39494,1,-0.22663317617970055,0.8474844098091125,"[15, 10, 19, 4, 1]","[""QacR/Q2"", ""PhlF/P1"", ""SrpR/S4"", ""BM3R1/B2"", ""AmtR/A1""]",0x8E,5
89f39494,1,-0.23798624800048834,0.8514271974563599,"[15, 10, 19, 4, 2]","[""QacR/Q2"", ""PhlF/P1"", ""SrpR/S4"", ""BM3R1/B2"", ""BetI/E1""]",0x8E,5
89f39494,1,2.740826181409532,0.8369488716125488,"[15, 11, 19, 2, 5]","[""QacR/Q2"", ""PhlF/P2"", ""SrpR/S4"", ""BetI/E1"", ""BM3R1/B3""]",0x8E,5
89f39494,1,2.876471606834745,0.8347382545471191,"[15, 11, 19, 4, 2]","[""QacR/Q2"", ""PhlF/P2"", ""SrpR/S4"", ""BM3R1/B2"", ""BetI/E1""]",0x8E,5
89f39494,1,-0.11038454464387419,0.8422874808311462,"[19, 5, 10, 2, 15]","[""SrpR/S4"", ""BM3R1/B3"", ""PhlF/P1"", ""BetI/E1"", ""QacR/Q2""]",0x8E,5
89f39494,1,0.025552398889037615,0.8403640389442444,"[19, 10, 2, 4, 15]","[""SrpR/S4"", ""PhlF/P1"", ""BetI/E1"", ""BM3R1/B2"", ""QacR/Q2""]",0x8E,5
8d6295b1,1,6.644407969690416,0.665188193321228,"[2, 14, 17, 1, 11]","[""BetI/E1"", ""QacR/Q1"", ""SrpR/S2"", ""AmtR/A1"", ""PhlF/P2""]",0x8E,5
8d6295b1,1,0.005121142437349944,0.853805661201477,"[4, 1, 19, 10, 15]","[""BM3R1/B2"", ""AmtR/A1"", ""SrpR/S4"", ""PhlF/P1"", ""QacR/Q2""]",0x8E,5
8d6295b1,1,3.0455187184645043,0.8347986936569214,"[4, 19, 1, 2, 15]","[""BM3R1/B2"", ""SrpR/S4"", ""AmtR/A1"", ""BetI/E1"", ""QacR/Q2""]",0x8E,5
8d6295b1,1,-0.08461056791017833,0.8594337701797485,"[4, 19, 1, 10, 15]","[""BM3R1/B2"", ""SrpR/S4"", ""AmtR/A1"", ""PhlF/P1"", ""QacR/Q2""]",0x8E,5
8d6295b1,1,2.9002435636846475,0.8449356555938721,"[4, 19, 1, 15, 2]","[""BM3R1/B2"", ""SrpR/S4"", ""AmtR/A1"", ""QacR/Q2"", ""BetI/E1""]",0x8E,5
8d6295b1,1,-0.2518528169266475,0.8705244064331055,"[4, 19, 2, 10, 15]","[""BM3R1/B2"", ""SrpR/S4"", ""BetI/E1"", ""PhlF/P1"", ""QacR/Q2""]",0x8E,5
8d6295b1,1,2.990752672511268,0.8361345529556274,"[4, 19, 11, 1, 2]","[""BM3R1/B2"", ""SrpR/S4"", ""PhlF/P2"", ""AmtR/A1"", ""BetI/E1""]",0x8E,5
8d6295b1,1,3.148267872575421,0.834368109703064,"[4, 19, 11, 1, 15]","[""BM3R1/B2"", ""SrpR/S4"", ""PhlF/P2"", ""AmtR/A1"", ""QacR/Q2""]",0x8E,5
8d6295b1,1,-0.07679294926326159,0.8574005365371704,"[10, 19, 1, 5, 15]","[""PhlF/P1"", ""SrpR/S4"", ""AmtR/A1"", ""BM3R1/B3"", ""QacR/Q2""]",0x8E,5
8d6295b1,1,3.745734222803467,0.8300412893295288,"[11, 4, 1, 2, 19]","[""PhlF/P2"", ""BM3R1/B2"", ""AmtR/A1"", ""BetI/E1"", ""SrpR/S4""]",0x8E,5
8d6295b1,1,4.1730504747211725,0.8264864683151245,"[11, 4, 2, 15, 19]","[""PhlF/P2"", ""BM3R1/B2"", ""BetI/E1"", ""QacR/Q2"", ""SrpR/S4""]",0x8E,5
8d6295b1,1,3.796298600352587,0.82893967628479,"[11, 4, 15, 2, 19]","[""PhlF/P2"", ""BM3R1/B2"", ""QacR/Q2"", ""BetI/E1"", ""SrpR/S4""]",0x8E,5
8d6295b1,1,4.694367771467499,0.8200942277908325,"[11, 19, 1, 15, 2]","[""PhlF/P2"", ""SrpR/S4"", ""AmtR/A1"", ""QacR/Q2"", ""BetI/E1""]",0x8E,5
8d6295b1,1,5.07722369110168,0.8078889846801758,"[11, 19, 15, 1, 2]","[""PhlF/P2"", ""SrpR/S4"", ""QacR/Q2"", ""AmtR/A1"", ""BetI/E1""]",0x8E,5
8d6295b1,1,5.920601914489896,0.796517014503479,"[15, 19, 2, 1, 11]","[""QacR/Q2"", ""SrpR/S4"", ""BetI/E1"", ""AmtR/A1"", ""PhlF/P2""]",0x8E,5
8d6295b1,1,4.946948650916792,0.8146497011184692,"[15, 19, 11, 1, 2]","[""QacR/Q2"", ""SrpR/S4"", ""PhlF/P2"", ""AmtR/A1"", ""BetI/E1""]",0x8E,5
8d6295b1,1,6.019219118446868,0.6702296733856201,"[17, 14, 2, 1, 11]","[""SrpR/S2"", ""QacR/Q1"", ""BetI/E1"", ""AmtR/A1"", ""PhlF/P2""]",0x8E,5
8d6295b1,1,0.0265094279268039,0.8491812944412231,"[19, 2, 4, 10, 15]","[""SrpR/S4"", ""BetI/E1"", ""BM3R1/B2"", ""PhlF/P1"", ""QacR/Q2""]",0x8E,5
8d6295b1,1,5.285674966382486,0.7966179847717285,"[19, 4, 2, 15, 11]","[""SrpR/S4"", ""BM3R1/B2"", ""BetI/E1"", ""QacR/Q2"", ""PhlF/P2""]",0x8E,5
8d6295b1,1,5.476476637408521,0.7965983152389526,"[19, 5, 2, 15, 11]","[""SrpR/S4"", ""BM3R1/B3"", ""BetI/E1"", ""QacR/Q2"", ""PhlF/P2""]",0x8E,5
b9ca967f,0,5.458693593055395,0.7980657815933228,"[1, 2, 11, 15, 19]","[""AmtR/A1"", ""BetI/E1"", ""PhlF/P2"", ""QacR/Q2"", ""SrpR/S4""]",0x8E,5
b9ca967f,0,5.969626907155584,0.6742214560508728,"[1, 2, 11, 19, 14]","[""AmtR/A1"", ""BetI/E1"", ""PhlF/P2"", ""SrpR/S4"", ""QacR/Q1""]",0x8E,5
b9ca967f,0,5.6713365440708,0.7963018417358398,"[1, 15, 11, 2, 19]","[""AmtR/A1"", ""QacR/Q2"", ""PhlF/P2"", ""BetI/E1"", ""SrpR/S4""]",0x8E,5
b9ca967f,0,5.9142750818738286,0.7370980381965637,"[1, 15, 11, 13, 2]","[""AmtR/A1"", ""QacR/Q2"", ""PhlF/P2"", ""PsrA/R1"", ""BetI/E1""]",0x8E,5
b9ca967f,0,5.406794601141729,0.7991445660591125,"[1, 15, 19, 2, 11]","[""AmtR/A1"", ""QacR/Q2"", ""SrpR/S4"", ""BetI/E1"", ""PhlF/P2""]",0x8E,5
b9ca967f,0,5.768769086112835,0.7427170872688293,"[19, 2, 11, 13, 15]","[""SrpR/S4"", ""BetI/E1"", ""PhlF/P2"", ""PsrA/R1"", ""QacR/Q2""]",0x8E,5
b9ca967f,0,6.475954541198085,0.4963666498661041,"[19, 2, 14, 7, 11]","[""SrpR/S4"", ""BetI/E1"", ""QacR/Q1"", ""IcaRA/I1"", ""PhlF/P2""]",0x8E,5
b9ca967f,0,6.446219952138876,0.6555538177490234,"[19, 2, 14, 13, 11]","[""SrpR/S4"", ""BetI/E1"", ""QacR/Q1"", ""PsrA/R1"", ""PhlF/P2""]",0x8E,5
b9ca967f,1,2.7233412861076522,0.843825101852417,"[2, 1, 15, 5, 19]","[""BetI/E1"", ""AmtR/A1"", ""QacR/Q2"", ""BM3R1/B3"", ""SrpR/S4""]",0x8E,5
b9ca967f,1,1.8708321074101655,0.8495609164237976,"[2, 5, 11, 15, 19]","[""BetI/E1"", ""BM3R1/B3"", ""PhlF/P2"", ""QacR/Q2"", ""SrpR/S4""]",0x8E,5
b9ca967f,1,-0.06182793250800059,0.869171142578125,"[2, 10, 1, 15, 19]","[""BetI/E1"", ""PhlF/P1"", ""AmtR/A1"", ""QacR/Q2"", ""SrpR/S4""]",0x8E,5
b9ca967f,1,4.68508015317395,0.823015570640564,"[2, 15, 11, 19, 5]","[""BetI/E1"", ""QacR/Q2"", ""PhlF/P2"", ""SrpR/S4"", ""BM3R1/B3""]",0x8E,5
b9ca967f,1,5.363602885830651,0.8187735676765442,"[2, 19, 5, 15, 11]","[""BetI/E1"", ""SrpR/S4"", ""BM3R1/B3"", ""QacR/Q2"", ""PhlF/P2""]",0x8E,5
b9ca967f,1,1.7240538323120347,0.8536614179611206,"[4, 1, 15, 19, 2]","[""BM3R1/B2"", ""AmtR/A1"", ""QacR/Q2"", ""SrpR/S4"", ""BetI/E1""]",0x8E,5
b9ca967f,1,-0.0017000178332559658,0.8581029176712036,"[4, 10, 1, 2, 19]","[""BM3R1/B2"", ""PhlF/P1"", ""AmtR/A1"", ""BetI/E1"", ""SrpR/S4""]",0x8E,5
b9ca967f,1,-0.025575081698805947,0.8610280156135559,"[4, 10, 1, 15, 2]","[""BM3R1/B2"", ""PhlF/P1"", ""AmtR/A1"", ""QacR/Q2"", ""BetI/E1""]",0x8E,5
b9ca967f,1,-0.8285895277273023,0.8833058476448059,"[4, 10, 2, 15, 19]","[""BM3R1/B2"", ""PhlF/P1"", ""BetI/E1"", ""QacR/Q2"", ""SrpR/S4""]",0x8E,5
b9ca967f,1,-0.3572816006781983,0.8727222084999084,"[4, 10, 15, 1, 2]","[""BM3R1/B2"", ""PhlF/P1"", ""QacR/Q2"", ""AmtR/A1"", ""BetI/E1""]",0x8E,5
b9ca967f,1,-1.4616256134071373,0.8863937258720398,"[4, 10, 15, 2, 19]","[""BM3R1/B2"", ""PhlF/P1"", ""QacR/Q2"", ""BetI/E1"", ""SrpR/S4""]",0x8E,5
b9ca967f,1,-0.5029519659926116,0.8781099915504456,"[4, 10, 15, 19, 2]","[""BM3R1/B2"", ""PhlF/P1"", ""QacR/Q2"", ""SrpR/S4"", ""BetI/E1""]",0x8E,5
b9ca967f,1,4.546245554949571,0.8235720992088318,"[11, 1, 19, 15, 2]","[""PhlF/P2"", ""AmtR/A1"", ""SrpR/S4"", ""QacR/Q2"", ""BetI/E1""]",0x8E,5
b9ca967f,1,4.228749272041704,0.8429772257804871,"[11, 2, 4, 15, 19]","[""PhlF/P2"", ""BetI/E1"", ""BM3R1/B2"", ""QacR/Q2"", ""SrpR/S4""]",0x8E,5
b9ca967f,1,4.331918089213518,0.8299394249916077,"[11, 19, 5, 15, 2]","[""PhlF/P2"", ""SrpR/S4"", ""BM3R1/B3"", ""QacR/Q2"", ""BetI/E1""]",0x8E,5
b9ca967f,1,5.973490240197178,0.6597676277160645,"[19, 1, 11, 2, 14]","[""SrpR/S4"", ""AmtR/A1"", ""PhlF/P2"", ""BetI/E1"", ""QacR/Q1""]",0x8E,5
b9ca967f,1,5.39581402814076,0.8017452955245972,"[19, 1, 11, 15, 2]","[""SrpR/S4"", ""AmtR/A1"", ""PhlF/P2"", ""QacR/Q2"", ""BetI/E1""]",0x8E,5
498a9089,0,4.952196108798322,0.8291026949882507,"[2, 1, 15, 19, 4, 11]","[""BetI/E1"", ""AmtR/A1"", ""QacR/Q2"", ""SrpR/S4"", ""BM3R1/B2"", ""PhlF/P2""]",0x8E,6
498a9089,0,5.255846486694785,0.8085122108459473,"[2, 1, 15, 19, 5, 11]","[""BetI/E1"", ""AmtR/A1"", ""QacR/Q2"", ""SrpR/S4"", ""BM3R1/B3"", ""PhlF/P2""]",0x8E,6
498a9089,0,5.5405574281760455,0.7919434905052185,"[2, 19, 11, 1, 4, 15]","[""BetI/E1"", ""SrpR/S4"", ""PhlF/P2"", ""AmtR/A1"", ""BM3R1/B2"", ""QacR/Q2""]",0x8E,6
498a9089,0,4.908355419068718,0.8397080302238464,"[2, 19, 15, 1, 4, 11]","[""BetI/E1"", ""SrpR/S4"", ""QacR/Q2"", ""AmtR/A1"", ""BM3R1/B2"", ""PhlF/P2""]",0x8E,6
498a9089,0,5.053356848775393,0.8227066397666931,"[2, 19, 15, 1, 5, 11]","[""BetI/E1"", ""SrpR/S4"", ""QacR/Q2"", ""AmtR/A1"", ""BM3R1/B3"", ""PhlF/P2""]",0x8E,6
498a9089,0,0.38108517677888054,0.8538724780082703,"[4, 1, 19, 2, 10, 15]","[""BM3R1/B2"", ""AmtR/A1"", ""SrpR/S4"", ""BetI/E1"", ""PhlF/P1"", ""QacR/Q2""]",0x8E,6
498a9089,0,0.2958564965178483,0.854569137096405,"[4, 1, 19, 15, 10, 2]","[""BM3R1/B2"", ""AmtR/A1"", ""SrpR/S4"", ""QacR/Q2"", ""PhlF/P1"", ""BetI/E1""]",0x8E,6
498a9089,0,5.93838315972292,0.7529796957969666,"[4, 15, 11, 19, 1, 13]","[""BM3R1/B2"", ""QacR/Q2"", ""PhlF/P2"", ""SrpR/S4"", ""AmtR/A1"", ""PsrA/R1""]",0x8E,6
498a9089,0,5.629831283590448,0.7891095876693726,"[4, 15, 11, 19, 2, 1]","[""BM3R1/B2"", ""QacR/Q2"", ""PhlF/P2"", ""SrpR/S4"", ""BetI/E1"", ""AmtR/A1""]",0x8E,6
498a9089,0,4.455761284288398,0.8447959423065186,"[4, 15, 19, 1, 2, 11]","[""BM3R1/B2"", ""QacR/Q2"", ""SrpR/S4"", ""AmtR/A1"", ""BetI/E1"", ""PhlF/P2""]",0x8E,6
498a9089,0,5.959079445508506,0.7486630082130432,"[5, 15, 11, 1, 2, 13]","[""BM3R1/B3"", ""QacR/Q2"", ""PhlF/P2"", ""AmtR/A1"", ""BetI/E1"", ""PsrA/R1""]",0x8E,6
498a9089,0,5.808839400232723,0.7815240025520325,"[5, 15, 11, 19, 2, 1]","[""BM3R1/B3"", ""QacR/Q2"", ""PhlF/P2"", ""SrpR/S4"", ""BetI/E1"", ""AmtR/A1""]",0x8E,6
498a9089,0,6.056232687405558,0.7468931078910828,"[5, 15, 11, 19, 2, 13]","[""BM3R1/B3"", ""QacR/Q2"", ""PhlF/P2"", ""SrpR/S4"", ""BetI/E1"", ""PsrA/R1""]",0x8E,6
498a9089,0,0.021710636728703464,0.8688008189201355,"[10, 1, 15, 2, 19, 4]","[""PhlF/P1"", ""AmtR/A1"", ""QacR/Q2"", ""BetI/E1"", ""SrpR/S4"", ""BM3R1/B2""]",0x8E,6
498a9089,0,0.09392331912948268,0.8668151497840881,"[10, 2, 15, 1, 19, 4]","[""PhlF/P1"", ""BetI/E1"", ""QacR/Q2"", ""AmtR/A1"", ""SrpR/S4"", ""BM3R1/B2""]",0x8E,6
498a9089,0,5.263419509577267,0.8080379962921143,"[11, 1, 2, 19, 4, 15]","[""PhlF/P2"", ""AmtR/A1"", ""BetI/E1"", ""SrpR/S4"", ""BM3R1/B2"", ""QacR/Q2""]",0x8E,6
498a9089,0,5.469501592897087,0.8075391054153442,"[11, 1, 2, 19, 5, 15]","[""PhlF/P2"", ""AmtR/A1"", ""BetI/E1"", ""SrpR/S4"", ""BM3R1/B3"", ""QacR/Q2""]",0x8E,6
498a9089,0,5.215481010001245,0.8098152875900269,"[11, 1, 15, 19, 5, 2]","[""PhlF/P2"", ""AmtR/A1"", ""QacR/Q2"", ""SrpR/S4"", ""BM3R1/B3"", ""BetI/E1""]",0x8E,6
498a9089,0,5.585679031788696,0.7902520895004272,"[11, 2, 5, 1, 19, 15]","[""PhlF/P2"", ""BetI/E1"", ""BM3R1/B3"", ""AmtR/A1"", ""SrpR/S4"", ""QacR/Q2""]",0x8E,6
498a9089,0,5.070837166715587,0.8167904019355774,"[11, 19, 2, 1, 4, 15]","[""PhlF/P2"", ""SrpR/S4"", ""BetI/E1"", ""AmtR/A1"", ""BM3R1/B2"", ""QacR/Q2""]",0x8E,6
498a9089,0,6.589704401449621,0.6305840611457825,"[14, 2, 11, 1, 19, 13]","[""QacR/Q1"", ""BetI/E1"", ""PhlF/P2"", ""AmtR/A1"", ""SrpR/S4"", ""PsrA/R1""]",0x8E,6
498a9089,0,6.958433681241412,0.460468977689743,"[14, 2, 11, 19, 7, 1]","[""QacR/Q1"", ""BetI/E1"", ""PhlF/P2"", ""SrpR/S4"", ""IcaRA/I1"", ""AmtR/A1""]",0x8E,6
498a9089,0,7.217727449739384,0.4399708211421966,"[14, 2, 11, 19, 7, 13]","[""QacR/Q1"", ""BetI/E1"", ""PhlF/P2"", ""SrpR/S4"", ""IcaRA/I1"", ""PsrA/R1""]",0x8E,6
498a9089,0,6.4088277914633816,0.6794058680534363,"[14, 19, 11, 1, 4, 2]","[""QacR/Q1"", ""SrpR/S4"", ""PhlF/P2"", ""AmtR/A1"", ""BM3R1/B2"", ""BetI/E1""]",0x8E,6
498a9089,0,-0.5213182531981515,0.8694843649864197,"[19, 10, 15, 1, 2, 4]","[""SrpR/S4"", ""PhlF/P1"", ""QacR/Q2"", ""AmtR/A1"", ""BetI/E1"", ""BM3R1/B2""]",0x8E,6
498a9089,0,-1.0744667478372312,0.8722407221794128,"[19, 10, 15, 2, 1, 4]","[""SrpR/S4"", ""PhlF/P1"", ""QacR/Q2"", ""BetI/E1"", ""AmtR/A1"", ""BM3R1/B2""]",0x8E,6
498a9089,1,5.864268056263069,0.7737518548965454,"[5, 2, 11, 15, 19, 1]","[""BM3R1/B3"", ""BetI/E1"", ""PhlF/P2"", ""QacR/Q2"", ""SrpR/S4"", ""AmtR/A1""]",0x8E,6
498a9089,1,6.091355480750526,0.7296984195709229,"[5, 13, 11, 15, 19, 1]","[""BM3R1/B3"", ""PsrA/R1"", ""PhlF/P2"", ""QacR/Q2"", ""SrpR/S4"", ""AmtR/A1""]",0x8E,6
498a9089,1,5.9308422600808095,0.7565096020698547,"[5, 15, 11, 19, 2, 1]","[""BM3R1/B3"", ""QacR/Q2"", ""PhlF/P2"", ""SrpR/S4"", ""BetI/E1"", ""AmtR/A1""]",0x8E,6
498a9089,1,6.578267182614131,0.6507472991943359,"[14, 1, 11, 2, 4, 19]","[""QacR/Q1"", ""AmtR/A1"", ""PhlF/P2"", ""BetI/E1"", ""BM3R1/B2"", ""SrpR/S4""]",0x8E,6
498a9089,1,6.752474977298863,0.6174977421760559,"[14, 2, 11, 13, 19, 1]","[""QacR/Q1"", ""BetI/E1"", ""PhlF/P2"", ""PsrA/R1"", ""SrpR/S4"", ""AmtR/A1""]",0x8E,6
498a9089,1,6.908429546640674,0.6087682843208313,"[14, 2, 11, 19, 13, 1]","[""QacR/Q1"", ""BetI/E1"", ""PhlF/P2"", ""SrpR/S4"", ""PsrA/R1"", ""AmtR/A1""]",0x8E,6
498a9089,1,5.473514641257766,0.794982373714447,"[19, 1, 2, 15, 4, 11]","[""SrpR/S4"", ""AmtR/A1"", ""BetI/E1"", ""QacR/Q2"", ""BM3R1/B2"", ""PhlF/P2""]",0x8E,6
498a9089,1,5.556179757778981,0.7908837199211121,"[19, 1, 2, 15, 4, 12]","[""SrpR/S4"", ""AmtR/A1"", ""BetI/E1"", ""QacR/Q2"", ""BM3R1/B2"", ""PhlF/P3""]",0x8E,6
498a9089,1,6.334990507247963,0.7290571331977844,"[19, 2, 11, 15, 13, 1]","[""SrpR/S4"", ""BetI/E1"", ""PhlF/P2"", ""QacR/Q2"", ""PsrA/R1"", ""AmtR/A1""]",0x8E,6
6c760541,0,6.050838414503346,0.8128774166107178,"[2, 1, 11, 15, 5, 19]","[""BetI/E1"", ""AmtR/A1"", ""PhlF/P2"", ""QacR/Q2"", ""BM3R1/B3"", ""SrpR/S4""]",0x8E,6
6c760541,0,5.600619266133245,0.8201917409896851,"[2, 1, 11, 19, 5, 15]","[""BetI/E1"", ""AmtR/A1"", ""PhlF/P2"", ""SrpR/S4"", ""BM3R1/B3"", ""QacR/Q2""]",0x8E,6
6c760541,0,5.618671148977083,0.8178558945655823,"[2, 11, 4, 1, 19, 15]","[""BetI/E1"", ""PhlF/P2"", ""BM3R1/B2"", ""AmtR/A1"", ""SrpR/S4"", ""QacR/Q2""]",0x8E,6
6c760541,0,0.1614370059170901,0.8473974466323853,"[2, 15, 1, 19, 4, 10]","[""BetI/E1"", ""QacR/Q2"", ""AmtR/A1"", ""SrpR/S4"", ""BM3R1/B2"", ""PhlF/P1""]",0x8E,6
6c760541,0,-0.13197835691582838,0.8578757047653198,"[2, 15, 10, 4, 19, 1]","[""BetI/E1"", ""QacR/Q2"", ""PhlF/P1"", ""BM3R1/B2"", ""SrpR/S4"", ""AmtR/A1""]",0x8E,6
6c760541,0,3.966908046562979,0.8225892782211304,"[2, 15, 17, 11, 4, 1]","[""BetI/E1"", ""QacR/Q2"", ""SrpR/S2"", ""PhlF/P2"", ""BM3R1/B2"", ""AmtR/A1""]",0x8E,6
6c760541,0,6.402659369808099,0.8112494349479675,"[5, 15, 2, 11, 19, 1]","[""BM3R1/B3"", ""QacR/Q2"", ""BetI/E1"", ""PhlF/P2"", ""SrpR/S4"", ""AmtR/A1""]",0x8E,6
6c760541,0,6.512462107046202,0.8032374978065491,"[5, 15, 17, 11, 2, 1]","[""BM3R1/B3"", ""QacR/Q2"", ""SrpR/S2"", ""PhlF/P2"", ""BetI/E1"", ""AmtR/A1""]",0x8E,6
6c760541,0,8.405308472467489,0.7685879468917847,"[11, 1, 2, 15, 5, 19]","[""PhlF/P2"", ""AmtR/A1"", ""BetI/E1"", ""QacR/Q2"", ""BM3R1/B3"", ""SrpR/S4""]",0x8E,6
6c760541,0,8.293364715792665,0.7740383148193359,"[11, 1, 15, 2, 4, 19]","[""PhlF/P2"", ""AmtR/A1"", ""QacR/Q2"", ""BetI/E1"", ""BM3R1/B2"", ""SrpR/S4""]",0x8E,6
6c760541,0,8.448471129567533,0.7675648927688599,"[11, 1, 15, 2, 5, 19]","[""PhlF/P2"", ""AmtR/A1"", ""QacR/Q2"", ""BetI/E1"", ""BM3R1/B3"", ""SrpR/S4""]",0x8E,6
6c760541,0,7.890240616073769,0.7853607535362244,"[11, 2, 5, 1, 19, 15]","[""PhlF/P2"", ""BetI/E1"", ""BM3R1/B3"", ""AmtR/A1"", ""SrpR/S4"", ""QacR/Q2""]",0x8E,6
6c760541,0,8.451231238575877,0.7495599985122681,"[11, 2, 13, 15, 19, 1]","[""PhlF/P2"", ""BetI/E1"", ""PsrA/R1"", ""QacR/Q2"", ""SrpR/S4"", ""AmtR/A1""]",0x8E,6
6c760541,0,6.853918197242188,0.8011794090270996,"[11, 15, 4, 19, 1, 2]","[""PhlF/P2"", ""QacR/Q2"", ""BM3R1/B2"", ""SrpR/S4"", ""AmtR/A1"", ""BetI/E1""]",0x8E,6
6c760541,0,7.13332505436086,0.7979458570480347,"[11, 15, 4, 19, 2, 1]","[""PhlF/P2"", ""QacR/Q2"", ""BM3R1/B2"", ""SrpR/S4"", ""BetI/E1"", ""AmtR/A1""]",0x8E,6
6c760541,0,8.04344254350633,0.777192234992981,"[11, 15, 5, 1, 2, 19]","[""PhlF/P2"", ""QacR/Q2"", ""BM3R1/B3"", ""AmtR/A1"", ""BetI/E1"", ""SrpR/S4""]",0x8E,6
6c760541,0,7.786694583073358,0.790263295173645,"[11, 19, 15, 2, 4, 1]","[""PhlF/P2"", ""SrpR/S4"", ""QacR/Q2"", ""BetI/E1"", ""BM3R1/B2"", ""AmtR/A1""]",0x8E,6
6c760541,0,4.247580175300869,0.8216743469238281,"[15, 1, 11, 2, 19, 5]","[""QacR/Q2"", ""AmtR/A1"", ""PhlF/P2"", ""BetI/E1"", ""SrpR/S4"", ""BM3R1/B3""]",0x8E,6
6c760541,0,0.48761411428824464,0.8398497104644775,"[15, 1, 19, 2, 4, 10]","[""QacR/Q2"", ""AmtR/A1"", ""SrpR/S4"", ""BetI/E1"", ""BM3R1/B2"", ""PhlF/P1""]",0x8E,6
6c760541,0,3.2247063847417716,0.8234658241271973,"[15, 2, 1, 19, 4, 11]","[""QacR/Q2"", ""BetI/E1"", ""AmtR/A1"", ""SrpR/S4"", ""BM3R1/B2"", ""PhlF/P2""]",0x8E,6
6c760541,0,1.8343612903617554,0.8353453278541565,"[15, 2, 11, 4, 19, 1]","[""QacR/Q2"", ""BetI/E1"", ""PhlF/P2"", ""BM3R1/B2"", ""SrpR/S4"", ""AmtR/A1""]",0x8E,6
6c760541,0,0.03690436878544045,0.850292444229126,"[15, 5, 2, 1, 19, 10]","[""QacR/Q2"", ""BM3R1/B3"", ""BetI/E1"", ""AmtR/A1"", ""SrpR/S4"", ""PhlF/P1""]",0x8E,6
6c760541,0,0.7837254548120153,0.838793158531189,"[15, 19, 1, 2, 4, 10]","[""QacR/Q2"", ""SrpR/S4"", ""AmtR/A1"", ""BetI/E1"", ""BM3R1/B2"", ""PhlF/P1""]",0x8E,6
6c760541,0,4.576375701028964,0.8210156559944153,"[15, 19, 1, 2, 4, 11]","[""QacR/Q2"", ""SrpR/S4"", ""AmtR/A1"", ""BetI/E1"", ""BM3R1/B2"", ""PhlF/P2""]",0x8E,6
6c760541,0,0.337370371787725,0.8440799713134766,"[19, 15, 1, 2, 4, 10]","[""SrpR/S4"", ""QacR/Q2"", ""AmtR/A1"", ""BetI/E1"", ""BM3R1/B2"", ""PhlF/P1""]",0x8E,6
6c760541,0,2.713165599778608,0.8305934071540833,"[19, 15, 2, 11, 4, 1]","[""SrpR/S4"", ""QacR/Q2"", ""BetI/E1"", ""PhlF/P2"", ""BM3R1/B2"", ""AmtR/A1""]",0x8E,6
6c760541,0,3.1254029069838443,0.8287147283554077,"[19, 15, 11, 4, 1, 2]","[""SrpR/S4"", ""QacR/Q2"", ""PhlF/P2"", ""BM3R1/B2"", ""AmtR/A1"", ""BetI/E1""]",0x8E,6
6c760541,1,8.558090760810831,0.741384744644165,"[11, 2, 4, 1, 15, 19]","[""PhlF/P2"", ""BetI/E1"", ""BM3R1/B2"", ""AmtR/A1"", ""QacR/Q2"", ""SrpR/S4""]",0x8E,6
6c760541,1,8.813602623956593,0.6571028232574463,"[11, 2, 19, 14, 13, 1]","[""PhlF/P2"", ""BetI/E1"", ""SrpR/S4"", ""QacR/Q1"", ""PsrA/R1"", ""AmtR/A1""]",0x8E,6
6c760541,1,9.103668796609078,0.4815133512020111,"[11, 2, 19, 14, 13, 7]","[""PhlF/P2"", ""BetI/E1"", ""SrpR/S4"", ""QacR/Q1"", ""PsrA/R1"", ""IcaRA/I1""]",0x8E,6
6c760541,1,8.872517734420455,0.6297048926353455,"[11, 14, 4, 1, 2, 19]","[""PhlF/P2"", ""QacR/Q1"", ""BM3R1/B2"", ""AmtR/A1"", ""BetI/E1"", ""SrpR/S4""]",0x8E,6
6c760541,1,8.927161806327096,0.6246029734611511,"[11, 14, 5, 1, 2, 19]","[""PhlF/P2"", ""QacR/Q1"", ""BM3R1/B3"", ""AmtR/A1"", ""BetI/E1"", ""SrpR/S4""]",0x8E,6
6c760541,1,8.585612907129281,0.7409616708755493,"[11, 15, 4, 1, 2, 19]","[""PhlF/P2"", ""QacR/Q2"", ""BM3R1/B2"", ""AmtR/A1"", ""BetI/E1"", ""SrpR/S4""]",0x8E,6
6c760541,1,8.765199887633209,0.7368874549865723,"[11, 15, 5, 1, 2, 19]","[""PhlF/P2"", ""QacR/Q2"", ""BM3R1/B3"", ""AmtR/A1"", ""BetI/E1"", ""SrpR/S4""]",0x8E,6
6c760541,1,8.7964144629598,0.7003328204154968,"[11, 15, 5, 1, 13, 19]","[""PhlF/P2"", ""QacR/Q2"", ""BM3R1/B3"", ""AmtR/A1"", ""PsrA/R1"", ""SrpR/S4""]",0x8E,6
013f5616,0,7.243884352322767,0.6621858477592468,"[11, 1, 4, 2, 19, 15, 13]","[""PhlF/P2"", ""AmtR/A1"", ""BM3R1/B2"", ""BetI/E1"", ""SrpR/S4"", ""QacR/Q2"", ""PsrA/R1""]",0x8E,7
013f5616,0,-0.5504277696622946,0.8311702609062195,"[1, 4, 10, 9, 15, 2, 19]","[""AmtR/A1"", ""BM3R1/B2"", ""PhlF/P1"", ""LmrA/N1"", ""QacR/Q2"", ""BetI/E1"", ""SrpR/S4""]",0x8E,7
013f5616,0,7.021570694045569,0.6659119129180908,"[11, 19, 5, 1, 14, 2, 13]","[""PhlF/P2"", ""SrpR/S4"", ""BM3R1/B3"", ""AmtR/A1"", ""QacR/Q1"", ""BetI/E1"", ""PsrA/R1""]",0x8E,7
013f5616,0,6.642081007600342,0.7535881400108337,"[11, 15, 1, 4, 19, 2, 13]","[""PhlF/P2"", ""QacR/Q2"", ""AmtR/A1"", ""BM3R1/B2"", ""SrpR/S4"", ""BetI/E1"", ""PsrA/R1""]",0x8E,7
013f5616,0,3.385556083733383,0.7689421772956848,"[15, 1, 13, 4, 11, 2, 19]","[""QacR/Q2"", ""AmtR/A1"", ""PsrA/R1"", ""BM3R1/B2"", ""PhlF/P2"", ""BetI/E1"", ""SrpR/S4""]",0x8E,7
013f5616,0,6.904554878367028,0.6920216083526611,"[5, 12, 1, 15, 2, 19, 13]","[""BM3R1/B3"", ""PhlF/P3"", ""AmtR/A1"", ""QacR/Q2"", ""BetI/E1"", ""SrpR/S4"", ""PsrA/R1""]",0x8E,7
013f5616,0,1.4486313075494335,0.776492714881897,"[15, 4, 11, 0, 2, 1, 19]","[""QacR/Q2"", ""BM3R1/B2"", ""PhlF/P2"", ""AmeR/F1"", ""BetI/E1"", ""AmtR/A1"", ""SrpR/S4""]",0x8E,7
013f5616,0,2.071907806847502,0.7761310338973999,"[2, 5, 13, 11, 15, 1, 19]","[""BetI/E1"", ""BM3R1/B3"", ""PsrA/R1"", ""PhlF/P2"", ""QacR/Q2"", ""AmtR/A1"", ""SrpR/S4""]",0x8E,7
013f5616,0,-0.12288992744225789,0.81963050365448,"[2, 1, 10, 17, 8, 4, 15]","[""BetI/E1"", ""AmtR/A1"", ""PhlF/P1"", ""SrpR/S2"", ""LitR/L1"", ""BM3R1/B2"", ""QacR/Q2""]",0x8E,7
013f5616,0,5.917308973446988,0.7537510395050049,"[11, 1, 15, 4, 19, 2, 13]","[""PhlF/P2"", ""AmtR/A1"", ""QacR/Q2"", ""BM3R1/B2"", ""SrpR/S4"", ""BetI/E1"", ""PsrA/R1""]",0x8E,7
013f5616,0,3.921012436454407,0.7629713416099548,"[5, 17, 13, 11, 15, 1, 2]","[""BM3R1/B3"", ""SrpR/S2"", ""PsrA/R1"", ""PhlF/P2"", ""QacR/Q2"", ""AmtR/A1"", ""BetI/E1""]",0x8E,7
013f5616,0,-0.09944022019526852,0.8150175213813782,"[2, 4, 15, 9, 19, 1, 10]","[""BetI/E1"", ""BM3R1/B2"", ""QacR/Q2"", ""LmrA/N1"", ""SrpR/S4"", ""AmtR/A1"", ""PhlF/P1""]",0x8E,7
013f5616,1,7.84143852179827,0.6424683332443237,"[11, 1, 19, 4, 14, 2, 13]","[""PhlF/P2"", ""AmtR/A1"", ""SrpR/S4"", ""BM3R1/B2"", ""QacR/Q1"", ""BetI/E1"", ""PsrA/R1""]",0x8E,7
013f5616,1,7.911209099580392,0.5742440223693848,"[11, 2, 13, 19, 5, 14, 1]","[""PhlF/P2"", ""BetI/E1"", ""PsrA/R1"", ""SrpR/S4"", ""BM3R1/B3"", ""QacR/Q1"", ""AmtR/A1""]",0x8E,7
013f5616,1,4.46501692094159,0.7590582966804504,"[5, 11, 13, 2, 19, 1, 15]","[""BM3R1/B3"", ""PhlF/P2"", ""PsrA/R1"", ""BetI/E1"", ""SrpR/S4"", ""AmtR/A1"", ""QacR/Q2""]",0x8E,7
013f5616,1,4.106131106240332,0.7622431516647339,"[13, 11, 4, 1, 19, 2, 15]","[""PsrA/R1"", ""PhlF/P2"", ""BM3R1/B2"", ""AmtR/A1"", ""SrpR/S4"", ""BetI/E1"", ""QacR/Q2""]",0x8E,7
013f5616,1,6.660710061413404,0.6965208053588867,"[5, 13, 15, 1, 19, 2, 11]","[""BM3R1/B3"", ""PsrA/R1"", ""QacR/Q2"", ""AmtR/A1"", ""SrpR/S4"", ""BetI/E1"", ""PhlF/P2""]",0x8E,7
013f5616,1,0.041365549010421505,0.788910984992981,"[15, 4, 0, 10, 2, 19, 1]","[""QacR/Q2"", ""BM3R1/B2"", ""AmeR/F1"", ""PhlF/P1"", ""BetI/E1"", ""SrpR/S4"", ""AmtR/A1""]",0x8E,7
013f5616,1,7.997726232339551,0.4422305822372436,"[14, 1, 13, 7, 2, 17, 11]","[""QacR/Q1"", ""AmtR/A1"", ""PsrA/R1"", ""IcaRA/I1"", ""BetI/E1"", ""SrpR/S2"", ""PhlF/P2""]",0x8E,7
013f5616,1,-0.0015512572930978105,0.7976605892181396,"[8, 4, 17, 2, 15, 1, 10]","[""LitR/L1"", ""BM3R1/B2"", ""SrpR/S2"", ""BetI/E1"", ""QacR/Q2"", ""AmtR/A1"", ""PhlF/P1""]",0x8E,7
013f5616,1,2.587026535167593,0.7727264165878296,"[13, 11, 1, 2, 19, 4, 15]","[""PsrA/R1"", ""PhlF/P2"", ""AmtR/A1"", ""BetI/E1"", ""SrpR/S4"", ""BM3R1/B2"", ""QacR/Q2""]",0x8E,7
013f5616,1,-0.014001239625244341,0.8123180270195007,"[15, 4, 0, 2, 1, 19, 10]","[""QacR/Q2"", ""BM3R1/B2"", ""AmeR/F1"", ""BetI/E1"", ""AmtR/A1"", ""SrpR/S4"", ""PhlF/P1""]",0x8E,7
013f5616,1,-0.013596148063418363,0.7991325855255127,"[1, 2, 19, 10, 8, 4, 15]","[""AmtR/A1"", ""BetI/E1"", ""SrpR/S4"", ""PhlF/P1"", ""LitR/L1"", ""BM3R1/B2"", ""QacR/Q2""]",0x8E,7
013f5616,1,-0.0025248495945732947,0.7984901070594788,"[2, 4, 0, 1, 19, 15, 10]","[""BetI/E1"", ""BM3R1/B2"", ""AmeR/F1"", ""AmtR/A1"", ""SrpR/S4"", ""QacR/Q2"", ""PhlF/P1""]",0x8E,7
013f5616,1,0.0434375370649181,0.7881075143814087,"[15, 2, 0, 10, 5, 1, 17]","[""QacR/Q2"", ""BetI/E1"", ""AmeR/F1"", ""PhlF/P1"", ""BM3R1/B3"", ""AmtR/A1"", ""SrpR/S2""]",0x8E,7
013f5616,1,1.3598231387494715,0.7854100465774536,"[15, 11, 0, 2, 5, 19, 1]","[""QacR/Q2"", ""PhlF/P2"", ""AmeR/F1"", ""BetI/E1"", ""BM3R1/B3"", ""SrpR/S4"", ""AmtR/A1""]",0x8E,7
013f5616,1,-0.02325706804324388,0.8142280578613281,"[2, 4, 0, 1, 15, 19, 10]","[""BetI/E1"", ""BM3R1/B2"", ""AmeR/F1"", ""AmtR/A1"", ""QacR/Q2"", ""SrpR/S4"", ""PhlF/P1""]",0x8E,7
013f5616,1,0.031712979827569036,0.7960920929908752,"[15, 2, 4, 13, 10, 1, 19]","[""QacR/Q2"", ""BetI/E1"", ""BM3R1/B2"", ""PsrA/R1"", ""PhlF/P1"", ""AmtR/A1"", ""SrpR/S4""]",0x8E,7
013f5616,1,4.610874690430464,0.7545450925827026,"[15, 1, 11, 13, 2, 4, 19]","[""QacR/Q2"", ""AmtR/A1"", ""PhlF/P2"", ""PsrA/R1"", ""BetI/E1"", ""BM3R1/B2"", ""SrpR/S4""]",0x8E,7
0271424b,1,0.21209958165662138,0.770002543926239,"[2, 13, 15, 4, 19, 10, 1]","[""BetI/E1"", ""PsrA/R1"", ""QacR/Q2"", ""BM3R1/B2"", ""SrpR/S4"", ""PhlF/P1"", ""AmtR/A1""]",0x8E,7
0271424b,1,0.031198736305640618,0.836613118648529,"[8, 15, 10, 2, 19, 4, 1]","[""LitR/L1"", ""QacR/Q2"", ""PhlF/P1"", ""BetI/E1"", ""SrpR/S4"", ""BM3R1/B2"", ""AmtR/A1""]",0x8E,7
0271424b,1,10.569370876176494,0.472085177898407,"[13, 11, 15, 3, 19, 7, 2]","[""PsrA/R1"", ""PhlF/P2"", ""QacR/Q2"", ""BM3R1/B1"", ""SrpR/S4"", ""IcaRA/I1"", ""BetI/E1""]",0x8E,7
0271424b,1,0.06100541057947001,0.8049930334091187,"[8, 2, 10, 15, 1, 0, 5]","[""LitR/L1"", ""BetI/E1"", ""PhlF/P1"", ""QacR/Q2"", ""AmtR/A1"", ""AmeR/F1"", ""BM3R1/B3""]",0x8E,7
0271424b,1,0.14075957455198224,0.8001270890235901,"[6, 8, 10, 4, 1, 2, 15]","[""HlyIIR/H1"", ""LitR/L1"", ""PhlF/P1"", ""BM3R1/B2"", ""AmtR/A1"", ""BetI/E1"", ""QacR/Q2""]",0x8E,7
0271424b,1,0.041875012549114146,0.8158953785896301,"[8, 2, 10, 4, 15, 1, 19]","[""LitR/L1"", ""BetI/E1"", ""PhlF/P1"", ""BM3R1/B2"", ""QacR/Q2"", ""AmtR/A1"", ""SrpR/S4""]",0x8E,7
0271424b,1,0.06897667531494167,0.8017678260803223,"[8, 2, 10, 1, 0, 4, 15]","[""LitR/L1"", ""BetI/E1"", ""PhlF/P1"", ""AmtR/A1"", ""AmeR/F1"", ""BM3R1/B2"", ""QacR/Q2""]",0x8E,7
0271424b,1,6.538442830585508,0.737274706363678,"[15, 11, 19, 1, 13, 4, 2]","[""QacR/Q2"", ""PhlF/P2"", ""SrpR/S4"", ""AmtR/A1"", ""PsrA/R1"", ""BM3R1/B2"", ""BetI/E1""]",0x8E,7
0271424b,1,9.92872645767032,0.5973741412162781,"[13, 11, 2, 5, 1, 14, 19]","[""PsrA/R1"", ""PhlF/P2"", ""BetI/E1"", ""BM3R1/B3"", ""AmtR/A1"", ""QacR/Q1"", ""SrpR/S4""]",0x8E,7
0271424b,1,5.345521791519791,0.7551576495170593,"[13, 15, 2, 19, 11, 4, 1]","[""PsrA/R1"", ""QacR/Q2"", ""BetI/E1"", ""SrpR/S4"", ""PhlF/P2"", ""BM3R1/B2"", ""AmtR/A1""]",0x8E,7
0271424b,1,9.106656223938694,0.6272299885749817,"[19, 11, 2, 3, 1, 15, 13]","[""SrpR/S4"", ""PhlF/P2"", ""BetI/E1"", ""BM3R1/B1"", ""AmtR/A1"", ""QacR/Q2"", ""PsrA/R1""]",0x8E,7
0271424b,1,0.4976023867834886,0.7663342356681824,"[2, 4, 11, 19, 1, 0, 15]","[""BetI/E1"", ""BM3R1/B2"", ""PhlF/P2"", ""SrpR/S4"", ""AmtR/A1"", ""AmeR/F1"", ""QacR/Q2""]",0x8E,7
0271424b,1,0.14524106241446663,0.7984184622764587,"[6, 8, 10, 15, 19, 4, 2]","[""HlyIIR/H1"", ""LitR/L1"", ""PhlF/P1"", ""QacR/Q2"", ""SrpR/S4"", ""BM3R1/B2"", ""BetI/E1""]",0x8E,7
0271424b,1,0.20890678490578887,0.7939081192016602,"[15, 13, 2, 19, 10, 4, 1]","[""QacR/Q2"", ""PsrA/R1"", ""BetI/E1"", ""SrpR/S4"", ""PhlF/P1"", ""BM3R1/B2"", ""AmtR/A1""]",0x8E,7
0271424b,1,1.415476160325527,0.7642624974250793,"[1, 15, 19, 11, 5, 0, 2]","[""AmtR/A1"", ""QacR/Q2"", ""SrpR/S4"", ""PhlF/P2"", ""BM3R1/B3"", ""AmeR/F1"", ""BetI/E1""]",0x8E,7
0271424b,1,3.764760657266015,0.7618276476860046,"[15, 13, 2, 19, 11, 4, 1]","[""QacR/Q2"", ""PsrA/R1"", ""BetI/E1"", ""SrpR/S4"", ""PhlF/P2"", ""BM3R1/B2"", ""AmtR/A1""]",0x8E,7
0271424b,1,8.939221210603842,0.7230011820793152,"[13, 11, 2, 5, 1, 19, 15]","[""PsrA/R1"", ""PhlF/P2"", ""BetI/E1"", ""BM3R1/B3"", ""AmtR/A1"", ""SrpR/S4"", ""QacR/Q2""]",0x8E,7
0271424b,1,5.9556610806419785,0.7423205375671387,"[15, 5, 2, 11, 19, 1, 13]","[""QacR/Q2"", ""BM3R1/B3"", ""BetI/E1"", ""PhlF/P2"", ""SrpR/S4"", ""AmtR/A1"", ""PsrA/R1""]",0x8E,7
0271424b,1,6.970314293154749,0.7235562205314636,"[13, 15, 2, 4, 11, 19, 1]","[""PsrA/R1"", ""QacR/Q2"", ""BetI/E1"", ""BM3R1/B2"", ""PhlF/P2"", ""SrpR/S4"", ""AmtR/A1""]",0x8E,7
083ff9a8,0,8.440871068079774,0.4377148449420929,"[11, 2, 14, 19, 7, 5, 1]","[""PhlF/P2"", ""BetI/E1"", ""QacR/Q1"", ""SrpR/S4"", ""IcaRA/I1"", ""BM3R1/B3"", ""AmtR/A1""]",0x8E,7
083ff9a8,1,8.25399892318656,0.6716715693473816,"[11, 13, 15, 2, 17, 5, 1]","[""PhlF/P2"", ""PsrA/R1"", ""QacR/Q2"", ""BetI/E1"", ""SrpR/S2"", ""BM3R1/B3"", ""AmtR/A1""]",0x8E,7
083ff9a8,1,0.04429138473054719,0.7756839394569397,"[15, 19, 4, 1, 2, 10, 8]","[""QacR/Q2"", ""SrpR/S4"", ""BM3R1/B2"", ""AmtR/A1"", ""BetI/E1"", ""PhlF/P1"", ""LitR/L1""]",0x8E,7
083ff9a8,1,7.08573826146309,0.7076483368873596,"[11, 2, 13, 15, 1, 19, 5]","[""PhlF/P2"", ""BetI/E1"", ""PsrA/R1"", ""QacR/Q2"", ""AmtR/A1"", ""SrpR/S4"", ""BM3R1/B3""]",0x8E,7
083ff9a8,1,0.8391880226841362,0.7704140543937683,"[15, 13, 4, 19, 2, 10, 1]","[""QacR/Q2"", ""PsrA/R1"", ""BM3R1/B2"", ""SrpR/S4"", ""BetI/E1"", ""PhlF/P1"", ""AmtR/A1""]",0x8E,7
083ff9a8,1,3.2649960242817753,0.7562605142593384,"[2, 11, 4, 1, 13, 15, 19]","[""BetI/E1"", ""PhlF/P2"", ""BM3R1/B2"", ""AmtR/A1"", ""PsrA/R1"", ""QacR/Q2"", ""SrpR/S4""]",0x8E,7
083ff9a8,1,4.51833379297721,0.7529684901237488,"[5, 19, 2, 13, 11, 1, 15]","[""BM3R1/B3"", ""SrpR/S4"", ""BetI/E1"", ""PsrA/R1"", ""PhlF/P2"", ""AmtR/A1"", ""QacR/Q2""]",0x8E,7
083ff9a8,1,8.617968804706017,0.411948561668396,"[11, 2, 14, 19, 3, 1, 7]","[""PhlF/P2"", ""BetI/E1"", ""QacR/Q1"", ""SrpR/S4"", ""BM3R1/B1"", ""AmtR/A1"", ""IcaRA/I1""]",0x8E,7
083ff9a8,1,5.940087548897606,0.7321968078613281,"[15, 19, 12, 13, 2, 1, 5]","[""QacR/Q2"", ""SrpR/S4"", ""PhlF/P3"", ""PsrA/R1"", ""BetI/E1"", ""AmtR/A1"", ""BM3R1/B3""]",0x8E,7
083ff9a8,1,7.1550912085479705,0.6956372261047363,"[11, 19, 13, 2, 1, 15, 4]","[""PhlF/P2"", ""SrpR/S4"", ""PsrA/R1"", ""BetI/E1"", ""AmtR/A1"", ""QacR/Q2"", ""BM3R1/B2""]",0x8E,7
083ff9a8,1,5.262883397163479,0.737666666507721,"[2, 11, 13, 19, 1, 15, 5]","[""BetI/E1"", ""PhlF/P2"", ""PsrA/R1"", ""SrpR/S4"", ""AmtR/A1"", ""QacR/Q2"", ""BM3R1/B3""]",0x8E,7
083ff9a8,1,-0.30706572611596167,0.784968376159668,"[0, 10, 4, 1, 19, 2, 15]","[""AmeR/F1"", ""PhlF/P1"", ""BM3R1/B2"", ""AmtR/A1"", ""SrpR/S4"", ""BetI/E1"", ""QacR/Q2""]",0x8E,7
083ff9a8,1,8.369164659887236,0.5544465184211731,"[11, 2, 14, 19, 13, 4, 1]","[""PhlF/P2"", ""BetI/E1"", ""QacR/Q1"", ""SrpR/S4"", ""PsrA/R1"", ""BM3R1/B2"", ""AmtR/A1""]",0x8E,7
083ff9a8,1,4.889697885158916,0.7460545301437378,"[19, 11, 13, 15, 2, 1, 5]","[""SrpR/S4"", ""PhlF/P2"", ""PsrA/R1"", ""QacR/Q2"", ""BetI/E1"", ""AmtR/A1"", ""BM3R1/B3""]",0x8E,7
083ff9a8,1,-1.3607726909209,0.7851203680038452,"[13, 10, 4, 1, 15, 2, 19]","[""PsrA/R1"", ""PhlF/P1"", ""BM3R1/B2"", ""AmtR/A1"", ""QacR/Q2"", ""BetI/E1"", ""SrpR/S4""]",0x8E,7
083ff9a8,1,7.801355602018304,0.6917139887809753,"[11, 2, 13, 15, 19, 1, 4]","[""PhlF/P2"", ""BetI/E1"", ""PsrA/R1"", ""QacR/Q2"", ""SrpR/S4"", ""AmtR/A1"", ""BM3R1/B2""]",0x8E,7
083ff9a8,1,-0.038101709359444735,0.7777057886123657,"[13, 19, 4, 1, 2, 15, 10]","[""PsrA/R1"", ""SrpR/S4"", ""BM3R1/B2"", ""AmtR/A1"", ""BetI/E1"", ""QacR/Q2"", ""PhlF/P1""]",0x8E,7
083ff9a8,1,6.983638269039116,0.7118343710899353,"[11, 13, 2, 15, 5, 1, 19]","[""PhlF/P2"", ""PsrA/R1"", ""BetI/E1"", ""QacR/Q2"", ""BM3R1/B3"", ""AmtR/A1"", ""SrpR/S4""]",0x8E,7
083ff9a8,1,1.9159599570447379,0.7694423198699951,"[5, 19, 0, 1, 11, 2, 15]","[""BM3R1/B3"", ""SrpR/S4"", ""AmeR/F1"", ""AmtR/A1"", ""PhlF/P2"", ""BetI/E1"", ""QacR/Q2""]",0x8E,7
083ff9a8,1,5.021241283837341,0.7410800457000732,"[15, 19, 11, 13, 2, 1, 5]","[""QacR/Q2"", ""SrpR/S4"", ""PhlF/P2"", ""PsrA/R1"", ""BetI/E1"", ""AmtR/A1"", ""BM3R1/B3""]",0x8E,7
083ff9a8,1,3.182257944881037,0.7583724856376648,"[15, 5, 1, 13, 11, 2, 19]","[""QacR/Q2"", ""BM3R1/B3"", ""AmtR/A1"", ""PsrA/R1"", ""PhlF/P2"", ""BetI/E1"", ""SrpR/S4""]",0x8E,7
083ff9a8,1,6.52952706599905,0.7267196178436279,"[11, 1, 13, 15, 19, 2, 5]","[""PhlF/P2"", ""AmtR/A1"", ""PsrA/R1"", ""QacR/Q2"", ""SrpR/S4"", ""BetI/E1"", ""BM3R1/B3""]",0x8E,7
083ff9a8,1,6.346109380429815,0.7276183366775513,"[15, 19, 13, 12, 2, 1, 5]","[""QacR/Q2"", ""SrpR/S4"", ""PsrA/R1"", ""PhlF/P3"", ""BetI/E1"", ""AmtR/A1"", ""BM3R1/B3""]",0x8E,7
083ff9a8,1,6.863063193946659,0.7260849475860596,"[11, 2, 13, 19, 4, 1, 15]","[""PhlF/P2"", ""BetI/E1"", ""PsrA/R1"", ""SrpR/S4"", ""BM3R1/B2"", ""AmtR/A1"", ""QacR/Q2""]",0x8E,7
0f20a32d,1,5.006855253932649,0.7362741827964783,"[5, 11, 15, 19, 1, 2, 13]","[""BM3R1/B3"", ""PhlF/P2"", ""QacR/Q2"", ""SrpR/S4"", ""AmtR/A1"", ""BetI/E1"", ""PsrA/R1""]",0x8E,7
0f20a32d,1,7.217152482335381,0.6545146703720093,"[12, 13, 5, 15, 19, 2, 1]","[""PhlF/P3"", ""PsrA/R1"", ""BM3R1/B3"", ""QacR/Q2"", ""SrpR/S4"", ""BetI/E1"", ""AmtR/A1""]",0x8E,7
0f20a32d,1,3.0957377735596885,0.7750717401504517,"[2, 11, 4, 19, 1, 15, 13]","[""BetI/E1"", ""PhlF/P2"", ""BM3R1/B2"", ""SrpR/S4"", ""AmtR/A1"", ""QacR/Q2"", ""PsrA/R1""]",0x8E,7
0f20a32d,1,6.802594754725227,0.7064478993415833,"[11, 19, 2, 5, 1, 15, 13]","[""PhlF/P2"", ""SrpR/S4"", ""BetI/E1"", ""BM3R1/B3"", ""AmtR/A1"", ""QacR/Q2"", ""PsrA/R1""]",0x8E,7
0f20a32d,1,7.553400086342667,0.4454217851161957,"[11, 1, 7, 19, 14, 2, 13]","[""PhlF/P2"", ""AmtR/A1"", ""IcaRA/I1"", ""SrpR/S4"", ""QacR/Q1"", ""BetI/E1"", ""PsrA/R1""]",0x8E,7
0f20a32d,1,7.424892848942152,0.6242929100990295,"[11, 13, 18, 5, 1, 15, 2]","[""PhlF/P2"", ""PsrA/R1"", ""SrpR/S3"", ""BM3R1/B3"", ""AmtR/A1"", ""QacR/Q2"", ""BetI/E1""]",0x8E,7
0f20a32d,1,-0.031549669903172525,0.8097377419471741,"[19, 15, 5, 1, 10, 8, 6]","[""SrpR/S4"", ""QacR/Q2"", ""BM3R1/B3"", ""AmtR/A1"", ""PhlF/P1"", ""LitR/L1"", ""HlyIIR/H1""]",0x8E,7
0f20a32d,1,-0.024198902211210953,0.7930713891983032,"[4, 19, 15, 1, 10, 2, 8]","[""BM3R1/B2"", ""SrpR/S4"", ""QacR/Q2"", ""AmtR/A1"", ""PhlF/P1"", ""BetI/E1"", ""LitR/L1""]",0x8E,7
0f20a32d,1,5.225301153381068,0.7349608540534973,"[11, 4, 1, 19, 15, 13, 2]","[""PhlF/P2"", ""BM3R1/B2"", ""AmtR/A1"", ""SrpR/S4"", ""QacR/Q2"", ""PsrA/R1"", ""BetI/E1""]",0x8E,7
0f20a32d,1,4.50883085088712,0.7564571499824524,"[15, 11, 17, 4, 1, 2, 13]","[""QacR/Q2"", ""PhlF/P2"", ""SrpR/S2"", ""BM3R1/B2"", ""AmtR/A1"", ""BetI/E1"", ""PsrA/R1""]",0x8E,7
0f20a32d,1,5.722048285889718,0.72967129945755,"[11, 4, 2, 1, 19, 15, 13]","[""PhlF/P2"", ""BM3R1/B2"", ""BetI/E1"", ""AmtR/A1"", ""SrpR/S4"", ""QacR/Q2"", ""PsrA/R1""]",0x8E,7
0f20a32d,1,5.014775809298019,0.735462486743927,"[15, 11, 19, 4, 1, 13, 2]","[""QacR/Q2"", ""PhlF/P2"", ""SrpR/S4"", ""BM3R1/B2"", ""AmtR/A1"", ""PsrA/R1"", ""BetI/E1""]",0x8E,7
0f20a32d,1,-0.02563679118279901,0.7969093918800354,"[19, 2, 5, 15, 10, 7, 6]","[""SrpR/S4"", ""BetI/E1"", ""BM3R1/B3"", ""QacR/Q2"", ""PhlF/P1"", ""IcaRA/I1"", ""HlyIIR/H1""]",0x8E,7
0f20a32d,1,-0.027929439473638254,0.7976073622703552,"[13, 19, 4, 1, 10, 2, 15]","[""PsrA/R1"", ""SrpR/S4"", ""BM3R1/B2"", ""AmtR/A1"", ""PhlF/P1"", ""BetI/E1"", ""QacR/Q2""]",0x8E,7
0f20a32d,1,5.246769587540903,0.7308006286621094,"[11, 4, 15, 1, 19, 2, 13]","[""PhlF/P2"", ""BM3R1/B2"", ""QacR/Q2"", ""AmtR/A1"", ""SrpR/S4"", ""BetI/E1"", ""PsrA/R1""]",0x8E,7
0f20a32d,1,-0.023830452422916662,0.7814459204673767,"[10, 1, 19, 2, 15, 4, 13]","[""PhlF/P1"", ""AmtR/A1"", ""SrpR/S4"", ""BetI/E1"", ""QacR/Q2"", ""BM3R1/B2"", ""PsrA/R1""]",0x8E,7
0f20a32d,1,4.907611550158637,0.7484767436981201,"[15, 11, 17, 4, 1, 13, 2]","[""QacR/Q2"", ""PhlF/P2"", ""SrpR/S2"", ""BM3R1/B2"", ""AmtR/A1"", ""PsrA/R1"", ""BetI/E1""]",0x8E,7
0f20a32d,1,6.048295784227721,0.7126752138137817,"[11, 2, 1, 5, 19, 13, 15]","[""PhlF/P2"", ""BetI/E1"", ""AmtR/A1"", ""BM3R1/B3"", ""SrpR/S4"", ""PsrA/R1"", ""QacR/Q2""]",0x8E,7
0f20a32d,1,-0.017329272182293454,0.7801628708839417,"[15, 13, 19, 1, 10, 5, 2]","[""QacR/Q2"", ""PsrA/R1"", ""SrpR/S4"", ""AmtR/A1"", ""PhlF/P1"", ""BM3R1/B3"", ""BetI/E1""]",0x8E,7
0fb754cb,1,2.159129451032901,0.7442988753318787,"[2, 11, 4, 19, 1, 13, 15]","[""BetI/E1"", ""PhlF/P2"", ""BM3R1/B2"", ""SrpR/S4"", ""AmtR/A1"", ""PsrA/R1"", ""QacR/Q2""]",0x8E,7
0fb754cb,1,5.144842897841243,0.7319918274879456,"[13, 15, 11, 19, 2, 5, 1]","[""PsrA/R1"", ""QacR/Q2"", ""PhlF/P2"", ""SrpR/S4"", ""BetI/E1"", ""BM3R1/B3"", ""AmtR/A1""]",0x8E,7
0fb754cb,1,1.284818453392426,0.751118004322052,"[11, 4, 0, 1, 19, 15, 2]","[""PhlF/P2"", ""BM3R1/B2"", ""AmeR/F1"", ""AmtR/A1"", ""SrpR/S4"", ""QacR/Q2"", ""BetI/E1""]",0x8E,7
0fb754cb,1,7.622851133983076,0.6969630718231201,"[11, 19, 13, 2, 15, 5, 1]","[""PhlF/P2"", ""SrpR/S4"", ""PsrA/R1"", ""BetI/E1"", ""QacR/Q2"", ""BM3R1/B3"", ""AmtR/A1""]",0x8E,7
0fb754cb,1,2.4373308445434887,0.7426378130912781,"[11, 4, 0, 1, 2, 19, 15]","[""PhlF/P2"", ""BM3R1/B2"", ""AmeR/F1"", ""AmtR/A1"", ""BetI/E1"", ""SrpR/S4"", ""QacR/Q2""]",0x8E,7
0fb754cb,1,7.2803707859002085,0.7025060057640076,"[11, 17, 2, 13, 15, 5, 1]","[""PhlF/P2"", ""SrpR/S2"", ""BetI/E1"", ""PsrA/R1"", ""QacR/Q2"", ""BM3R1/B3"", ""AmtR/A1""]",0x8E,7
0fb754cb,1,3.4170655973576034,0.7327682375907898,"[2, 11, 13, 19, 1, 5, 15]","[""BetI/E1"", ""PhlF/P2"", ""PsrA/R1"", ""SrpR/S4"", ""AmtR/A1"", ""BM3R1/B3"", ""QacR/Q2""]",0x8E,7
0fb754cb,1,7.945840833526691,0.6329191327095032,"[11, 13, 15, 2, 19, 3, 1]","[""PhlF/P2"", ""PsrA/R1"", ""QacR/Q2"", ""BetI/E1"", ""SrpR/S4"", ""BM3R1/B1"", ""AmtR/A1""]",0x8E,7
0fb754cb,1,-0.13739309791599508,0.7818834185600281,"[15, 0, 19, 1, 10, 2, 5]","[""QacR/Q2"", ""AmeR/F1"", ""SrpR/S4"", ""AmtR/A1"", ""PhlF/P1"", ""BetI/E1"", ""BM3R1/B3""]",0x8E,7
0fb754cb,1,2.698636742993122,0.7381110787391663,"[5, 11, 0, 1, 15, 2, 19]","[""BM3R1/B3"", ""PhlF/P2"", ""AmeR/F1"", ""AmtR/A1"", ""QacR/Q2"", ""BetI/E1"", ""SrpR/S4""]",0x8E,7
0fb754cb,1,1.8770569793154566,0.745103657245636,"[13, 11, 2, 1, 15, 19, 5]","[""PsrA/R1"", ""PhlF/P2"", ""BetI/E1"", ""AmtR/A1"", ""QacR/Q2"", ""SrpR/S4"", ""BM3R1/B3""]",0x8E,7
0fb754cb,1,2.3878205278831297,0.7429136633872986,"[13, 11, 4, 1, 15, 2, 19]","[""PsrA/R1"", ""PhlF/P2"", ""BM3R1/B2"", ""AmtR/A1"", ""QacR/Q2"", ""BetI/E1"", ""SrpR/S4""]",0x8E,7
0fb754cb,1,7.930797242669401,0.6653271317481995,"[11, 13, 2, 17, 15, 4, 1]","[""PhlF/P2"", ""PsrA/R1"", ""BetI/E1"", ""SrpR/S2"", ""QacR/Q2"", ""BM3R1/B2"", ""AmtR/A1""]",0x8E,7
0fb754cb,1,-0.1129887049630197,0.7732053399085999,"[19, 4, 2, 10, 1, 9, 15]","[""SrpR/S4"", ""BM3R1/B2"", ""BetI/E1"", ""PhlF/P1"", ""AmtR/A1"", ""LmrA/N1"", ""QacR/Q2""]",0x8E,7
0fb754cb,1,-0.060714123334322745,0.7685207724571228,"[13, 2, 5, 1, 10, 15, 19]","[""PsrA/R1"", ""BetI/E1"", ""BM3R1/B3"", ""AmtR/A1"", ""PhlF/P1"", ""QacR/Q2"", ""SrpR/S4""]",0x8E,7
0fb754cb,1,-0.04723547304097698,0.7544271349906921,"[1, 11, 0, 19, 2, 5, 15]","[""AmtR/A1"", ""PhlF/P2"", ""AmeR/F1"", ""SrpR/S4"", ""BetI/E1"", ""BM3R1/B3"", ""QacR/Q2""]",0x8E,7
0fb754cb,1,7.789140178965953,0.6742164492607117,"[11, 13, 15, 19, 2, 4, 1]","[""PhlF/P2"", ""PsrA/R1"", ""QacR/Q2"", ""SrpR/S4"", ""BetI/E1"", ""BM3R1/B2"", ""AmtR/A1""]",0x8E,7
0fb754cb,1,8.283828645817199,0.6002430319786072,"[11, 13, 15, 5, 1, 18, 2]","[""PhlF/P2"", ""PsrA/R1"", ""QacR/Q2"", ""BM3R1/B3"", ""AmtR/A1"", ""SrpR/S3"", ""BetI/E1""]",0x8E,7
0fb754cb,1,5.825183084028279,0.729956328868866,"[2, 19, 11, 13, 15, 5, 1]","[""BetI/E1"", ""SrpR/S4"", ""PhlF/P2"", ""PsrA/R1"", ""QacR/Q2"", ""BM3R1/B3"", ""AmtR/A1""]",0x8E,7
0fb754cb,1,-2.2541012734201127,0.7894236445426941,"[13, 4, 2, 1, 10, 15, 19]","[""PsrA/R1"", ""BM3R1/B2"", ""BetI/E1"", ""AmtR/A1"", ""PhlF/P1"", ""QacR/Q2"", ""SrpR/S4""]",0x8E,7
0fb754cb,1,-0.05537827534487912,0.7567297220230103,"[13, 2, 5, 1, 15, 19, 10]","[""PsrA/R1"", ""BetI/E1"", ""BM3R1/B3"", ""AmtR/A1"", ""QacR/Q2"", ""SrpR/S4"", ""PhlF/P1""]",0x8E,7
0fb754cb,1,7.399287835158243,0.7010776400566101,"[11, 19, 2, 13, 15, 5, 1]","[""PhlF/P2"", ""SrpR/S4"", ""BetI/E1"", ""PsrA/R1"", ""QacR/Q2"", ""BM3R1/B3"", ""AmtR/A1""]",0x8E,7
0fb754cb,1,0.8572249273664044,0.7529639601707458,"[17, 4, 2, 0, 11, 1, 15]","[""SrpR/S2"", ""BM3R1/B2"", ""BetI/E1"", ""AmeR/F1"", ""PhlF/P2"", ""AmtR/A1"", ""QacR/Q2""]",0x8E,7
0fb754cb,1,6.484234839076553,0.7078951597213745,"[11, 1, 13, 4, 19, 2, 15]","[""PhlF/P2"", ""AmtR/A1"", ""PsrA/R1"", ""BM3R1/B2"", ""SrpR/S4"", ""BetI/E1"", ""QacR/Q2""]",0x8E,7
0fb754cb,1,3.215821353287336,0.7368335127830505,"[13, 4, 2, 1, 15, 11, 19]","[""PsrA/R1"", ""BM3R1/B2"", ""BetI/E1"", ""AmtR/A1"", ""QacR/Q2"", ""PhlF/P2"", ""SrpR/S4""]",0x8E,7
0fb754cb,1,0.8676349701241631,0.7523710131645203,"[19, 1, 5, 0, 11, 2, 15]","[""SrpR/S4"", ""AmtR/A1"", ""BM3R1/B3"", ""AmeR/F1"", ""PhlF/P2"", ""BetI/E1"", ""QacR/Q2""]",0x8E,7
0fb754cb,1,1.7593935882253373,0.7469161748886108,"[2, 11, 0, 1, 15, 5, 19]","[""BetI/E1"", ""PhlF/P2"", ""AmeR/F1"", ""AmtR/A1"", ""QacR/Q2"", ""BM3R1/B3"", ""SrpR/S4""]",0x8E,7
0fb754cb,1,-0.06697711581914793,0.7729405164718628,"[8, 9, 10, 0, 19, 15, 5]","[""LitR/L1"", ""LmrA/N1"", ""PhlF/P1"", ""AmeR/F1"", ""SrpR/S4"", ""QacR/Q2"", ""BM3R1/B3""]",0x8E,7
0fb754cb,1,5.864843007204716,0.7124859690666199,"[15, 11, 2, 17, 13, 5, 1]","[""QacR/Q2"", ""PhlF/P2"", ""BetI/E1"", ""SrpR/S2"", ""PsrA/R1"", ""BM3R1/B3"", ""AmtR/A1""]",0x8E,7
0fb754cb,1,3.9067467650809506,0.7325016856193542,"[15, 4, 2, 19, 13, 11, 1]","[""QacR/Q2"", ""BM3R1/B2"", ""BetI/E1"", ""SrpR/S4"", ""PsrA/R1"", ""PhlF/P2"", ""AmtR/A1""]",0x8E,7
56f94267,0,4.948433093170012,0.8734455108642578,"[2, 4, 10, 1]","[""BetI/E1"", ""BM3R1/B2"", ""PhlF/P1"", ""AmtR/A1""]",0x77,4
56f94267,0,4.06345383836648,0.9058380126953124,"[2, 19, 4, 15]","[""BetI/E1"", ""SrpR/S4"", ""BM3R1/B2"", ""QacR/Q2""]",0x77,4
56f94267,0,4.6787657097516,0.8890764713287354,"[2, 19, 10, 1]","[""BetI/E1"", ""SrpR/S4"", ""PhlF/P1"", ""AmtR/A1""]",0x77,4
56f94267,0,3.0759876414143528,0.9139491319656372,"[4, 19, 10, 1]","[""BM3R1/B2"", ""SrpR/S4"", ""PhlF/P1"", ""AmtR/A1""]",0x77,4
56f94267,0,0.03199745139790639,0.9151839017868042,"[10, 2, 4, 15]","[""PhlF/P1"", ""BetI/E1"", ""BM3R1/B2"", ""QacR/Q2""]",0x77,4
56f94267,0,0.018120018408205284,0.9185095429420472,"[10, 19, 4, 15]","[""PhlF/P1"", ""SrpR/S4"", ""BM3R1/B2"", ""QacR/Q2""]",0x77,4
56f94267,0,6.875832670992997,0.7391403913497925,"[11, 0, 5, 14]","[""PhlF/P2"", ""AmeR/F1"", ""BM3R1/B3"", ""QacR/Q1""]",0x77,4
56f94267,0,5.50540840622114,0.8710252046585083,"[11, 2, 4, 19]","[""PhlF/P2"", ""BetI/E1"", ""BM3R1/B2"", ""SrpR/S4""]",0x77,4
56f94267,0,5.735519665211426,0.8616966009140015,"[11, 2, 5, 19]","[""PhlF/P2"", ""BetI/E1"", ""BM3R1/B3"", ""SrpR/S4""]",0x77,4
56f94267,0,6.93753420540159,0.7375511527061462,"[11, 13, 5, 14]","[""PhlF/P2"", ""PsrA/R1"", ""BM3R1/B3"", ""QacR/Q1""]",0x77,4
56f94267,0,7.053148500810102,0.6808971166610718,"[11, 13, 16, 14]","[""PhlF/P2"", ""PsrA/R1"", ""SrpR/S1"", ""QacR/Q1""]",0x77,4
56f94267,0,6.841621738371193,0.7622327208518982,"[11, 17, 5, 14]","[""PhlF/P2"", ""SrpR/S2"", ""BM3R1/B3"", ""QacR/Q1""]",0x77,4
56f94267,0,4.538672413967193,0.8946735262870789,"[11, 19, 4, 15]","[""PhlF/P2"", ""SrpR/S4"", ""BM3R1/B2"", ""QacR/Q2""]",0x77,4
56f94267,0,7.092021709402418,0.6528047919273376,"[14, 2, 1, 11]","[""QacR/Q1"", ""BetI/E1"", ""AmtR/A1"", ""PhlF/P2""]",0x77,4
56f94267,0,6.978169023632931,0.6941420435905457,"[14, 2, 4, 11]","[""QacR/Q1"", ""BetI/E1"", ""BM3R1/B2"", ""PhlF/P2""]",0x77,4
56f94267,0,7.194883371756379,0.626011073589325,"[14, 13, 1, 11]","[""QacR/Q1"", ""PsrA/R1"", ""AmtR/A1"", ""PhlF/P2""]",0x77,4
56f94267,0,7.081537562328127,0.6560189127922058,"[14, 13, 4, 11]","[""QacR/Q1"", ""PsrA/R1"", ""BM3R1/B2"", ""PhlF/P2""]",0x77,4
56f94267,0,7.059069623456809,0.6583479046821594,"[14, 13, 5, 11]","[""QacR/Q1"", ""PsrA/R1"", ""BM3R1/B3"", ""PhlF/P2""]",0x77,4
56f94267,0,7.105417649640662,0.6440830826759338,"[14, 17, 1, 11]","[""QacR/Q1"", ""SrpR/S2"", ""AmtR/A1"", ""PhlF/P2""]",0x77,4
56f94267,0,7.030889193152264,0.6811448931694031,"[14, 17, 5, 11]","[""QacR/Q1"", ""SrpR/S2"", ""BM3R1/B3"", ""PhlF/P2""]",0x77,4
56f94267,0,7.018549300156743,0.6817670464515686,"[14, 19, 1, 11]","[""QacR/Q1"", ""SrpR/S4"", ""AmtR/A1"", ""PhlF/P2""]",0x77,4
56f94267,0,6.966890185181755,0.7099694609642029,"[14, 19, 4, 11]","[""QacR/Q1"", ""SrpR/S4"", ""BM3R1/B2"", ""PhlF/P2""]",0x77,4
56f94267,0,6.9623086163775,0.7110518217086792,"[14, 19, 5, 11]","[""QacR/Q1"", ""SrpR/S4"", ""BM3R1/B3"", ""PhlF/P2""]",0x77,4
56f94267,0,6.26249304621005,0.8362341523170471,"[15, 19, 5, 11]","[""QacR/Q2"", ""SrpR/S4"", ""BM3R1/B3"", ""PhlF/P2""]",0x77,4
56f94267,0,6.53444668479124,0.8204992413520813,"[19, 2, 4, 11]","[""SrpR/S4"", ""BetI/E1"", ""BM3R1/B2"", ""PhlF/P2""]",0x77,4
56f94267,0,6.4697118622049965,0.8228563666343689,"[19, 2, 5, 11]","[""SrpR/S4"", ""BetI/E1"", ""BM3R1/B3"", ""PhlF/P2""]",0x77,4
56f94267,0,4.910462217622419,0.8767288327217102,"[19, 4, 10, 1]","[""SrpR/S4"", ""BM3R1/B2"", ""PhlF/P1"", ""AmtR/A1""]",0x77,4
56f94267,1,6.560541935383155,0.7977914810180664,"[3, 15, 19, 11]","[""BM3R1/B1"", ""QacR/Q2"", ""SrpR/S4"", ""PhlF/P2""]",0x77,4
56f94267,1,6.759869597073906,0.7875109314918518,"[3, 19, 1, 11]","[""BM3R1/B1"", ""SrpR/S4"", ""AmtR/A1"", ""PhlF/P2""]",0x77,4
56f94267,1,5.787886721336576,0.8437319397926331,"[11, 15, 4, 2]","[""PhlF/P2"", ""QacR/Q2"", ""BM3R1/B2"", ""BetI/E1""]",0x77,4
56f94267,1,5.931083020744784,0.8434620499610901,"[11, 19, 4, 2]","[""PhlF/P2"", ""SrpR/S4"", ""BM3R1/B2"", ""BetI/E1""]",0x77,4
56f94267,1,6.134376024517471,0.8416329026222229,"[11, 19, 4, 15]","[""PhlF/P2"", ""SrpR/S4"", ""BM3R1/B2"", ""QacR/Q2""]",0x77,4
56f94267,1,6.974228489155632,0.7071900963783264,"[14, 2, 16, 11]","[""QacR/Q1"", ""BetI/E1"", ""SrpR/S1"", ""PhlF/P2""]",0x77,4
56f94267,1,6.76545830310779,0.762407660484314,"[14, 17, 1, 11]","[""QacR/Q1"", ""SrpR/S2"", ""AmtR/A1"", ""PhlF/P2""]",0x77,4
56f94267,1,6.627970976844217,0.791725754737854,"[14, 19, 4, 11]","[""QacR/Q1"", ""SrpR/S4"", ""BM3R1/B2"", ""PhlF/P2""]",0x77,4
5f656235,0,6.999767030690241,0.6459602117538452,"[0, 2, 11, 14]","[""AmeR/F1"", ""BetI/E1"", ""PhlF/P2"", ""QacR/Q1""]",0x77,4
5f656235,0,7.0023418777917845,0.6237636208534241,"[3, 2, 11, 14]","[""BM3R1/B1"", ""BetI/E1"", ""PhlF/P2"", ""QacR/Q1""]",0x77,4
5f656235,0,6.853076785533017,0.6931651830673218,"[4, 2, 11, 14]","[""BM3R1/B2"", ""BetI/E1"", ""PhlF/P2"", ""QacR/Q1""]",0x77,4
5f656235,0,6.999503830732513,0.6604849100112915,"[17, 2, 11, 14]","[""SrpR/S2"", ""BetI/E1"", ""PhlF/P2"", ""QacR/Q1""]",0x77,4
5f656235,0,6.898854967544709,0.6890031099319458,"[17, 4, 11, 14]","[""SrpR/S2"", ""BM3R1/B2"", ""PhlF/P2"", ""QacR/Q1""]",0x77,4
5f656235,0,6.928150385346584,0.6885955333709717,"[19, 2, 11, 14]","[""SrpR/S4"", ""BetI/E1"", ""PhlF/P2"", ""QacR/Q1""]",0x77,4
5f656235,1,6.836831656710788,0.721839964389801,"[0, 8, 11, 3]","[""AmeR/F1"", ""LitR/L1"", ""PhlF/P2"", ""BM3R1/B1""]",0x77,4
5f656235,1,6.136138618102828,0.8555435538291931,"[1, 5, 15, 11]","[""AmtR/A1"", ""BM3R1/B3"", ""QacR/Q2"", ""PhlF/P2""]",0x77,4
5f656235,1,6.706525211383383,0.8211210370063782,"[2, 5, 11, 14]","[""BetI/E1"", ""BM3R1/B3"", ""PhlF/P2"", ""QacR/Q1""]",0x77,4
5f656235,1,5.706739558696079,0.8810072541236877,"[2, 5, 11, 19]","[""BetI/E1"", ""BM3R1/B3"", ""PhlF/P2"", ""SrpR/S4""]",0x77,4
5f656235,1,6.109337620761796,0.8647662997245789,"[2, 5, 15, 11]","[""BetI/E1"", ""BM3R1/B3"", ""QacR/Q2"", ""PhlF/P2""]",0x77,4
5f656235,1,5.4102934777038305,0.8933141827583313,"[4, 2, 11, 1]","[""BM3R1/B2"", ""BetI/E1"", ""PhlF/P2"", ""AmtR/A1""]",0x77,4
5f656235,1,5.660517706933968,0.8892316222190857,"[4, 2, 11, 19]","[""BM3R1/B2"", ""BetI/E1"", ""PhlF/P2"", ""SrpR/S4""]",0x77,4
5f656235,1,5.9643514449449055,0.8712078928947449,"[4, 19, 2, 11]","[""BM3R1/B2"", ""SrpR/S4"", ""BetI/E1"", ""PhlF/P2""]",0x77,4
5f656235,1,5.447718395207756,0.8904168009757996,"[4, 19, 11, 1]","[""BM3R1/B2"", ""SrpR/S4"", ""PhlF/P2"", ""AmtR/A1""]",0x77,4
5f656235,1,6.691420543274904,0.835530161857605,"[4, 19, 11, 14]","[""BM3R1/B2"", ""SrpR/S4"", ""PhlF/P2"", ""QacR/Q1""]",0x77,4
5f656235,1,6.077558493096427,0.8699885010719299,"[4, 19, 15, 11]","[""BM3R1/B2"", ""SrpR/S4"", ""QacR/Q2"", ""PhlF/P2""]",0x77,4
5f656235,1,5.369767456339786,0.8956230282783508,"[5, 2, 11, 1]","[""BM3R1/B3"", ""BetI/E1"", ""PhlF/P2"", ""AmtR/A1""]",0x77,4
5f656235,1,5.711009744733146,0.873480498790741,"[5, 15, 2, 11]","[""BM3R1/B3"", ""QacR/Q2"", ""BetI/E1"", ""PhlF/P2""]",0x77,4
5f656235,1,4.933983782085239,0.8964396119117737,"[10, 1, 2, 19]","[""PhlF/P1"", ""AmtR/A1"", ""BetI/E1"", ""SrpR/S4""]",0x77,4
5f656235,1,3.7312181266915094,0.9122033715248108,"[10, 2, 4, 19]","[""PhlF/P1"", ""BetI/E1"", ""BM3R1/B2"", ""SrpR/S4""]",0x77,4
5f656235,1,4.311963067599288,0.9088067412376404,"[10, 15, 2, 1]","[""PhlF/P1"", ""QacR/Q2"", ""BetI/E1"", ""AmtR/A1""]",0x77,4
5f656235,1,4.868023527660792,0.9000105261802673,"[10, 15, 2, 19]","[""PhlF/P1"", ""QacR/Q2"", ""BetI/E1"", ""SrpR/S4""]",0x77,4
5f656235,1,2.6143745442806696,0.9166433811187744,"[10, 15, 4, 2]","[""PhlF/P1"", ""QacR/Q2"", ""BM3R1/B2"", ""BetI/E1""]",0x77,4
5f656235,1,4.11821966396175,0.9092355370521544,"[10, 15, 19, 5]","[""PhlF/P1"", ""QacR/Q2"", ""SrpR/S4"", ""BM3R1/B3""]",0x77,4
5f656235,1,6.729553326399289,0.8080440163612366,"[15, 19, 11, 3]","[""QacR/Q2"", ""SrpR/S4"", ""PhlF/P2"", ""BM3R1/B1""]",0x77,4
5f656235,1,6.716601373706947,0.8187044858932495,"[19, 2, 11, 3]","[""SrpR/S4"", ""BetI/E1"", ""PhlF/P2"", ""BM3R1/B1""]",0x77,4
5f656235,1,6.793522842021213,0.8026537299156189,"[19, 4, 11, 14]","[""SrpR/S4"", ""BM3R1/B2"", ""PhlF/P2"", ""QacR/Q1""]",0x77,4
5f656235,1,6.84158882060736,0.702538013458252,"[19, 4, 14, 11]","[""SrpR/S4"", ""BM3R1/B2"", ""QacR/Q1"", ""PhlF/P2""]",0x77,4
5f656235,1,6.828400625363724,0.7758709788322449,"[19, 8, 11, 3]","[""SrpR/S4"", ""LitR/L1"", ""PhlF/P2"", ""BM3R1/B1""]",0x77,4
71e1aa86,0,6.641854409527472,0.7777610421180725,"[2, 19, 11, 3]","[""BetI/E1"", ""SrpR/S4"", ""PhlF/P2"", ""BM3R1/B1""]",0x77,4
71e1aa86,0,5.22002827905728,0.8681197762489319,"[4, 10, 2, 19]","[""BM3R1/B2"", ""PhlF/P1"", ""BetI/E1"", ""SrpR/S4""]",0x77,4
71e1aa86,0,6.084585394906383,0.853773295879364,"[19, 4, 2, 11]","[""SrpR/S4"", ""BM3R1/B2"", ""BetI/E1"", ""PhlF/P2""]",0x77,4
71e1aa86,0,6.692191710783556,0.7286369800567627,"[19, 4, 11, 14]","[""SrpR/S4"", ""BM3R1/B2"", ""PhlF/P2"", ""QacR/Q1""]",0x77,4
71e1aa86,0,6.9051653351706515,0.7236101031303406,"[19, 4, 14, 11]","[""SrpR/S4"", ""BM3R1/B2"", ""QacR/Q1"", ""PhlF/P2""]",0x77,4
71e1aa86,0,7.004371703986528,0.6890010237693787,"[19, 5, 14, 11]","[""SrpR/S4"", ""BM3R1/B3"", ""QacR/Q1"", ""PhlF/P2""]",0x77,4
71e1aa86,1,6.630264902813897,0.8115836381912231,"[2, 4, 14, 11]","[""BetI/E1"", ""BM3R1/B2"", ""QacR/Q1"", ""PhlF/P2""]",0x77,4
71e1aa86,1,7.045035378300758,0.6639881134033203,"[4, 1, 11, 14]","[""BM3R1/B2"", ""AmtR/A1"", ""PhlF/P2"", ""QacR/Q1""]",0x77,4
71e1aa86,1,4.885121946022836,0.8696886301040649,"[4, 10, 19, 2]","[""BM3R1/B2"", ""PhlF/P1"", ""SrpR/S4"", ""BetI/E1""]",0x77,4
71e1aa86,1,4.436507844708663,0.8975310325622559,"[19, 4, 1, 2]","[""SrpR/S4"", ""BM3R1/B2"", ""AmtR/A1"", ""BetI/E1""]",0x77,4
71e1aa86,1,4.819332839743784,0.878839373588562,"[19, 4, 1, 11]","[""SrpR/S4"", ""BM3R1/B2"", ""AmtR/A1"", ""PhlF/P2""]",0x77,4
71e1aa86,1,6.115663793301747,0.841064989566803,"[19, 4, 11, 2]","[""SrpR/S4"", ""BM3R1/B2"", ""PhlF/P2"", ""BetI/E1""]",0x77,4
71e1aa86,1,5.4718774789398,0.8572314977645874,"[19, 4, 12, 2]","[""SrpR/S4"", ""BM3R1/B2"", ""PhlF/P3"", ""BetI/E1""]",0x77,4
71e1aa86,1,6.535397366962433,0.823641836643219,"[19, 4, 14, 11]","[""SrpR/S4"", ""BM3R1/B2"", ""QacR/Q1"", ""PhlF/P2""]",0x77,4
71e1aa86,1,3.573563983408484,0.9021813273429872,"[19, 4, 15, 2]","[""SrpR/S4"", ""BM3R1/B2"", ""QacR/Q2"", ""BetI/E1""]",0x77,4
71e1aa86,1,0.02243690077387383,0.9070656299591064,"[19, 4, 15, 10]","[""SrpR/S4"", ""BM3R1/B2"", ""QacR/Q2"", ""PhlF/P1""]",0x77,4
9cc4c4e3,0,6.9714048867885,0.7437222599983215,"[0, 2, 11, 3]","[""AmeR/F1"", ""BetI/E1"", ""PhlF/P2"", ""BM3R1/B1""]",0x77,4
9cc4c4e3,0,6.734683368813553,0.8061772584915161,"[2, 19, 11, 3]","[""BetI/E1"", ""SrpR/S4"", ""PhlF/P2"", ""BM3R1/B1""]",0x77,4
9cc4c4e3,0,5.989735765098121,0.877508282661438,"[4, 1, 2, 11]","[""BM3R1/B2"", ""AmtR/A1"", ""BetI/E1"", ""PhlF/P2""]",0x77,4
9cc4c4e3,0,5.240903834561495,0.8956896066665649,"[4, 1, 2, 19]","[""BM3R1/B2"", ""AmtR/A1"", ""BetI/E1"", ""SrpR/S4""]",0x77,4
9cc4c4e3,0,4.986812040685764,0.8978435397148132,"[4, 2, 15, 1]","[""BM3R1/B2"", ""BetI/E1"", ""QacR/Q2"", ""AmtR/A1""]",0x77,4
9cc4c4e3,0,6.193851676462889,0.874081015586853,"[4, 2, 15, 11]","[""BM3R1/B2"", ""BetI/E1"", ""QacR/Q2"", ""PhlF/P2""]",0x77,4
9cc4c4e3,0,5.453398502964859,0.8933804035186768,"[4, 2, 15, 19]","[""BM3R1/B2"", ""BetI/E1"", ""QacR/Q2"", ""SrpR/S4""]",0x77,4
9cc4c4e3,0,4.452951037674546,0.9068276286125184,"[4, 15, 2, 1]","[""BM3R1/B2"", ""QacR/Q2"", ""BetI/E1"", ""AmtR/A1""]",0x77,4
9cc4c4e3,0,0.06612943897045016,0.9184426069259644,"[4, 15, 2, 10]","[""BM3R1/B2"", ""QacR/Q2"", ""BetI/E1"", ""PhlF/P1""]",0x77,4
9cc4c4e3,0,5.756624118281502,0.8815911412239075,"[4, 15, 2, 11]","[""BM3R1/B2"", ""QacR/Q2"", ""BetI/E1"", ""PhlF/P2""]",0x77,4
9cc4c4e3,0,4.673023906252911,0.9031866788864136,"[4, 19, 2, 1]","[""BM3R1/B2"", ""SrpR/S4"", ""BetI/E1"", ""AmtR/A1""]",0x77,4
9cc4c4e3,0,0.09897418999955171,0.9077610373497008,"[4, 19, 2, 10]","[""BM3R1/B2"", ""SrpR/S4"", ""BetI/E1"", ""PhlF/P1""]",0x77,4
9cc4c4e3,0,5.967020752937344,0.8790473937988281,"[4, 19, 2, 11]","[""BM3R1/B2"", ""SrpR/S4"", ""BetI/E1"", ""PhlF/P2""]",0x77,4
9cc4c4e3,0,6.558333122628422,0.8239381909370422,"[4, 19, 11, 14]","[""BM3R1/B2"", ""SrpR/S4"", ""PhlF/P2"", ""QacR/Q1""]",0x77,4
9cc4c4e3,0,6.25302078491024,0.8495562076568604,"[5, 2, 15, 11]","[""BM3R1/B3"", ""BetI/E1"", ""QacR/Q2"", ""PhlF/P2""]",0x77,4
9cc4c4e3,0,6.678551463515532,0.8121384382247925,"[5, 19, 11, 14]","[""BM3R1/B3"", ""SrpR/S4"", ""PhlF/P2"", ""QacR/Q1""]",0x77,4
9cc4c4e3,0,7.076120609578984,0.7267206907272339,"[8, 2, 11, 3]","[""LitR/L1"", ""BetI/E1"", ""PhlF/P2"", ""BM3R1/B1""]",0x77,4
9cc4c4e3,0,6.991998199238346,0.7308602333068848,"[9, 2, 11, 3]","[""LmrA/N1"", ""BetI/E1"", ""PhlF/P2"", ""BM3R1/B1""]",0x77,4
9cc4c4e3,0,6.951664102583747,0.7558971643447876,"[15, 2, 11, 3]","[""QacR/Q2"", ""BetI/E1"", ""PhlF/P2"", ""BM3R1/B1""]",0x77,4
9cc4c4e3,0,6.3595972986908516,0.8439828753471375,"[17, 5, 2, 11]","[""SrpR/S2"", ""BM3R1/B3"", ""BetI/E1"", ""PhlF/P2""]",0x77,4
9cc4c4e3,0,6.446911394960396,0.839084804058075,"[17, 5, 15, 11]","[""SrpR/S2"", ""BM3R1/B3"", ""QacR/Q2"", ""PhlF/P2""]",0x77,4
9cc4c4e3,0,6.906219936721478,0.791570782661438,"[19, 2, 11, 3]","[""SrpR/S4"", ""BetI/E1"", ""PhlF/P2"", ""BM3R1/B1""]",0x77,4
9d8f007a,1,5.161332742334284,0.8359804153442383,"[1, 19, 15, 10]","[""AmtR/A1"", ""SrpR/S4"", ""QacR/Q2"", ""PhlF/P1""]",0x77,4
9d8f007a,1,6.2904989909394375,0.7827388644218445,"[2, 3, 11, 19]","[""BetI/E1"", ""BM3R1/B1"", ""PhlF/P2"", ""SrpR/S4""]",0x77,4
9d8f007a,1,5.249316175067119,0.8283789157867432,"[2, 5, 11, 19]","[""BetI/E1"", ""BM3R1/B3"", ""PhlF/P2"", ""SrpR/S4""]",0x77,4
9d8f007a,1,6.959098730815129,0.6642518043518066,"[2, 11, 14, 19]","[""BetI/E1"", ""PhlF/P2"", ""QacR/Q1"", ""SrpR/S4""]",0x77,4
9d8f007a,1,6.7786219053129715,0.706619143486023,"[2, 14, 11, 16]","[""BetI/E1"", ""QacR/Q1"", ""PhlF/P2"", ""SrpR/S1""]",0x77,4
9d8f007a,1,6.765250987551608,0.7312980890274048,"[2, 14, 11, 19]","[""BetI/E1"", ""QacR/Q1"", ""PhlF/P2"", ""SrpR/S4""]",0x77,4
9d8f007a,1,4.628103180382928,0.8870401978492737,"[4, 1, 15, 10]","[""BM3R1/B2"", ""AmtR/A1"", ""QacR/Q2"", ""PhlF/P1""]",0x77,4
9d8f007a,1,5.876053833471246,0.8244993686676025,"[4, 11, 2, 19]","[""BM3R1/B2"", ""PhlF/P2"", ""BetI/E1"", ""SrpR/S4""]",0x77,4
9d8f007a,1,5.903828257962925,0.8194108605384827,"[4, 11, 15, 2]","[""BM3R1/B2"", ""PhlF/P2"", ""QacR/Q2"", ""BetI/E1""]",0x77,4
9d8f007a,1,6.776747466394977,0.7125726938247681,"[4, 14, 11, 16]","[""BM3R1/B2"", ""QacR/Q1"", ""PhlF/P2"", ""SrpR/S1""]",0x77,4
9d8f007a,1,6.599170537248509,0.744806706905365,"[4, 14, 11, 19]","[""BM3R1/B2"", ""QacR/Q1"", ""PhlF/P2"", ""SrpR/S4""]",0x77,4
9d8f007a,1,4.909809236752075,0.8792283535003662,"[4, 19, 2, 10]","[""BM3R1/B2"", ""SrpR/S4"", ""BetI/E1"", ""PhlF/P1""]",0x77,4
9d8f007a,1,6.599243536149181,0.7396844029426575,"[5, 14, 11, 19]","[""BM3R1/B3"", ""QacR/Q1"", ""PhlF/P2"", ""SrpR/S4""]",0x77,4
9d8f007a,1,5.07696088067879,0.8527689576148987,"[5, 19, 2, 10]","[""BM3R1/B3"", ""SrpR/S4"", ""BetI/E1"", ""PhlF/P1""]",0x77,4
9d8f007a,1,7.064025319495411,0.6502408981323242,"[8, 14, 11, 16]","[""LitR/L1"", ""QacR/Q1"", ""PhlF/P2"", ""SrpR/S1""]",0x77,4
9d8f007a,1,6.885348392656901,0.6871219873428345,"[8, 14, 11, 19]","[""LitR/L1"", ""QacR/Q1"", ""PhlF/P2"", ""SrpR/S4""]",0x77,4
9d8f007a,1,6.516868621192954,0.7491662502288818,"[9, 3, 11, 19]","[""LmrA/N1"", ""BM3R1/B1"", ""PhlF/P2"", ""SrpR/S4""]",0x77,4
9d8f007a,1,4.95764311585206,0.8735309839248657,"[11, 19, 2, 4]","[""PhlF/P2"", ""SrpR/S4"", ""BetI/E1"", ""BM3R1/B2""]",0x77,4
9d8f007a,1,6.51581651862529,0.7713140845298767,"[15, 3, 11, 19]","[""QacR/Q2"", ""BM3R1/B1"", ""PhlF/P2"", ""SrpR/S4""]",0x77,4
9d8f007a,1,5.338453762563552,0.824687123298645,"[15, 5, 11, 19]","[""QacR/Q2"", ""BM3R1/B3"", ""PhlF/P2"", ""SrpR/S4""]",0x77,4
9d8f007a,1,5.995795611114896,0.7877938747406006,"[15, 11, 19, 2]","[""QacR/Q2"", ""PhlF/P2"", ""SrpR/S4"", ""BetI/E1""]",0x77,4
9d8f007a,1,5.12273654094424,0.8422753810882568,"[15, 19, 2, 10]","[""QacR/Q2"", ""SrpR/S4"", ""BetI/E1"", ""PhlF/P1""]",0x77,4
9d8f007a,1,5.982770026154018,0.7891509532928467,"[17, 11, 15, 2]","[""SrpR/S2"", ""PhlF/P2"", ""QacR/Q2"", ""BetI/E1""]",0x77,4
9d8f007a,1,6.023286003386973,0.7856388092041016,"[19, 11, 15, 2]","[""SrpR/S4"", ""PhlF/P2"", ""QacR/Q2"", ""BetI/E1""]",0x77,4
9d8f007a,1,5.941064626049218,0.8178441524505615,"[19, 11, 15, 4]","[""SrpR/S4"", ""PhlF/P2"", ""QacR/Q2"", ""BM3R1/B2""]",0x77,4
03137b78,0,3.3785463633309303,0.8622708320617676,"[2, 15, 4, 10, 1]","[""BetI/E1"", ""QacR/Q2"", ""BM3R1/B2"", ""PhlF/P1"", ""AmtR/A1""]",0x77,5
03137b78,0,2.29893306454428,0.8714895248413086,"[4, 15, 19, 10, 2]","[""BM3R1/B2"", ""QacR/Q2"", ""SrpR/S4"", ""PhlF/P1"", ""BetI/E1""]",0x77,5
03137b78,0,-0.03886899963879401,0.8764939904212952,"[10, 1, 19, 4, 2]","[""PhlF/P1"", ""AmtR/A1"", ""SrpR/S4"", ""BM3R1/B2"", ""BetI/E1""]",0x77,5
03137b78,0,-0.023610161954015888,0.8727120757102966,"[10, 1, 19, 4, 15]","[""PhlF/P1"", ""AmtR/A1"", ""SrpR/S4"", ""BM3R1/B2"", ""QacR/Q2""]",0x77,5
03137b78,0,-0.07526123990999664,0.8769014477729797,"[10, 15, 19, 4, 2]","[""PhlF/P1"", ""QacR/Q2"", ""SrpR/S4"", ""BM3R1/B2"", ""BetI/E1""]",0x77,5
03137b78,0,6.981367467434417,0.6294873952865601,"[11, 3, 2, 16, 9]","[""PhlF/P2"", ""BM3R1/B1"", ""BetI/E1"", ""SrpR/S1"", ""LmrA/N1""]",0x77,5
03137b78,0,6.861537620974243,0.7425629496574402,"[11, 3, 2, 19, 15]","[""PhlF/P2"", ""BM3R1/B1"", ""BetI/E1"", ""SrpR/S4"", ""QacR/Q2""]",0x77,5
03137b78,0,6.931114409582914,0.6885223388671875,"[11, 3, 15, 2, 9]","[""PhlF/P2"", ""BM3R1/B1"", ""QacR/Q2"", ""BetI/E1"", ""LmrA/N1""]",0x77,5
03137b78,0,6.920065943497342,0.7028012871742249,"[11, 3, 19, 2, 9]","[""PhlF/P2"", ""BM3R1/B1"", ""SrpR/S4"", ""BetI/E1"", ""LmrA/N1""]",0x77,5
03137b78,0,6.812953235580559,0.763724684715271,"[11, 3, 19, 2, 15]","[""PhlF/P2"", ""BM3R1/B1"", ""SrpR/S4"", ""BetI/E1"", ""QacR/Q2""]",0x77,5
03137b78,0,6.906694659667988,0.730720579624176,"[11, 3, 19, 8, 15]","[""PhlF/P2"", ""BM3R1/B1"", ""SrpR/S4"", ""LitR/L1"", ""QacR/Q2""]",0x77,5
03137b78,0,7.102197113775166,0.5481616258621216,"[14, 11, 1, 3, 16]","[""QacR/Q1"", ""PhlF/P2"", ""AmtR/A1"", ""BM3R1/B1"", ""SrpR/S1""]",0x77,5
03137b78,0,7.018480195780164,0.5990737676620483,"[14, 11, 1, 5, 16]","[""QacR/Q1"", ""PhlF/P2"", ""AmtR/A1"", ""BM3R1/B3"", ""SrpR/S1""]",0x77,5
03137b78,0,2.9968804761222243,0.8698840737342834,"[17, 15, 4, 10, 1]","[""SrpR/S2"", ""QacR/Q2"", ""BM3R1/B2"", ""PhlF/P1"", ""AmtR/A1""]",0x77,5
03137b78,1,4.448153871742036,0.8588742017745972,"[1, 2, 10, 15, 4]","[""AmtR/A1"", ""BetI/E1"", ""PhlF/P1"", ""QacR/Q2"", ""BM3R1/B2""]",0x77,5
03137b78,1,6.455999518738844,0.7775720357894897,"[3, 11, 2, 15, 19]","[""BM3R1/B1"", ""PhlF/P2"", ""BetI/E1"", ""QacR/Q2"", ""SrpR/S4""]",0x77,5
03137b78,1,5.9540723000181215,0.7979480028152466,"[11, 2, 5, 1, 19]","[""PhlF/P2"", ""BetI/E1"", ""BM3R1/B3"", ""AmtR/A1"", ""SrpR/S4""]",0x77,5
03137b78,1,7.04800552550634,0.5728985667228699,"[11, 14, 0, 8, 2]","[""PhlF/P2"", ""QacR/Q1"", ""AmeR/F1"", ""LitR/L1"", ""BetI/E1""]",0x77,5
03137b78,1,7.009937251599128,0.6002998352050781,"[11, 14, 5, 1, 8]","[""PhlF/P2"", ""QacR/Q1"", ""BM3R1/B3"", ""AmtR/A1"", ""LitR/L1""]",0x77,5
03137b78,1,6.98190021550517,0.6087021231651306,"[11, 14, 5, 2, 8]","[""PhlF/P2"", ""QacR/Q1"", ""BM3R1/B3"", ""BetI/E1"", ""LitR/L1""]",0x77,5
03137b78,1,6.981495773453053,0.6144158244132996,"[11, 14, 5, 8, 2]","[""PhlF/P2"", ""QacR/Q1"", ""BM3R1/B3"", ""LitR/L1"", ""BetI/E1""]",0x77,5
03137b78,1,7.075015704385873,0.5556047558784485,"[11, 14, 5, 8, 13]","[""PhlF/P2"", ""QacR/Q1"", ""BM3R1/B3"", ""LitR/L1"", ""PsrA/R1""]",0x77,5
03137b78,1,7.0273222181188135,0.5983096957206726,"[11, 14, 5, 9, 2]","[""PhlF/P2"", ""QacR/Q1"", ""BM3R1/B3"", ""LmrA/N1"", ""BetI/E1""]",0x77,5
03137b78,1,6.996989400325605,0.6067422032356262,"[11, 14, 5, 19, 8]","[""PhlF/P2"", ""QacR/Q1"", ""BM3R1/B3"", ""SrpR/S4"", ""LitR/L1""]",0x77,5
03137b78,1,7.177153827356406,0.5385482907295227,"[11, 14, 8, 0, 3]","[""PhlF/P2"", ""QacR/Q1"", ""LitR/L1"", ""AmeR/F1"", ""BM3R1/B1""]",0x77,5
03137b78,1,7.109413985831842,0.5418975353240967,"[11, 14, 8, 17, 3]","[""PhlF/P2"", ""QacR/Q1"", ""LitR/L1"", ""SrpR/S2"", ""BM3R1/B1""]",0x77,5
03137b78,1,7.043303024168299,0.5914280414581299,"[11, 14, 17, 9, 2]","[""PhlF/P2"", ""QacR/Q1"", ""SrpR/S2"", ""LmrA/N1"", ""BetI/E1""]",0x77,5
03137b78,1,6.024555846665651,0.7920274138450623,"[11, 15, 5, 1, 19]","[""PhlF/P2"", ""QacR/Q2"", ""BM3R1/B3"", ""AmtR/A1"", ""SrpR/S4""]",0x77,5
03137b78,1,5.907277252513124,0.8199278116226196,"[11, 15, 19, 2, 4]","[""PhlF/P2"", ""QacR/Q2"", ""SrpR/S4"", ""BetI/E1"", ""BM3R1/B2""]",0x77,5
03137b78,1,6.040654606057791,0.789171040058136,"[11, 19, 5, 1, 2]","[""PhlF/P2"", ""SrpR/S4"", ""BM3R1/B3"", ""AmtR/A1"", ""BetI/E1""]",0x77,5
03137b78,1,6.089781488353998,0.7877934575080872,"[11, 19, 5, 15, 2]","[""PhlF/P2"", ""SrpR/S4"", ""BM3R1/B3"", ""QacR/Q2"", ""BetI/E1""]",0x77,5
03137b78,1,4.91434178831192,0.8530542254447937,"[19, 2, 10, 15, 4]","[""SrpR/S4"", ""BetI/E1"", ""PhlF/P1"", ""QacR/Q2"", ""BM3R1/B2""]",0x77,5
03137b78,1,4.968527058248227,0.8489289879798889,"[19, 15, 10, 1, 4]","[""SrpR/S4"", ""QacR/Q2"", ""PhlF/P1"", ""AmtR/A1"", ""BM3R1/B2""]",0x77,5
03137b78,1,5.226896047277573,0.8477002382278442,"[19, 15, 10, 2, 4]","[""SrpR/S4"", ""QacR/Q2"", ""PhlF/P1"", ""BetI/E1"", ""BM3R1/B2""]",0x77,5
047684f3,0,3.8486791914629146,0.8693763017654419,"[2, 15, 4, 1, 19]","[""BetI/E1"", ""QacR/Q2"", ""BM3R1/B2"", ""AmtR/A1"", ""SrpR/S4""]",0x77,5
047684f3,0,6.9079137817052985,0.804969310760498,"[11, 2, 19, 1, 15]","[""PhlF/P2"", ""BetI/E1"", ""SrpR/S4"", ""AmtR/A1"", ""QacR/Q2""]",0x77,5
047684f3,0,8.052128537420653,0.5912836790084839,"[11, 14, 18, 1, 13]","[""PhlF/P2"", ""QacR/Q1"", ""SrpR/S3"", ""AmtR/A1"", ""PsrA/R1""]",0x77,5
047684f3,0,8.035385765415107,0.6558694243431091,"[11, 14, 19, 1, 13]","[""PhlF/P2"", ""QacR/Q1"", ""SrpR/S4"", ""AmtR/A1"", ""PsrA/R1""]",0x77,5
047684f3,0,6.394493049101088,0.8440676331520081,"[11, 15, 4, 19, 2]","[""PhlF/P2"", ""QacR/Q2"", ""BM3R1/B2"", ""SrpR/S4"", ""BetI/E1""]",0x77,5
047684f3,0,7.307064445837749,0.7610895037651062,"[11, 19, 2, 1, 13]","[""PhlF/P2"", ""SrpR/S4"", ""BetI/E1"", ""AmtR/A1"", ""PsrA/R1""]",0x77,5
047684f3,0,7.068487519222514,0.7975165843963623,"[11, 19, 2, 1, 15]","[""PhlF/P2"", ""SrpR/S4"", ""BetI/E1"", ""AmtR/A1"", ""QacR/Q2""]",0x77,5
047684f3,0,7.1084946262036,0.7680954933166504,"[11, 19, 2, 15, 13]","[""PhlF/P2"", ""SrpR/S4"", ""BetI/E1"", ""QacR/Q2"", ""PsrA/R1""]",0x77,5
047684f3,0,7.107402913406784,0.7902968525886536,"[11, 19, 4, 1, 13]","[""PhlF/P2"", ""SrpR/S4"", ""BM3R1/B2"", ""AmtR/A1"", ""PsrA/R1""]",0x77,5
047684f3,0,6.657036645685306,0.8297802805900574,"[11, 19, 4, 1, 15]","[""PhlF/P2"", ""SrpR/S4"", ""BM3R1/B2"", ""AmtR/A1"", ""QacR/Q2""]",0x77,5
047684f3,0,7.800182546238046,0.7175936698913574,"[14, 11, 4, 1, 13]","[""QacR/Q1"", ""PhlF/P2"", ""BM3R1/B2"", ""AmtR/A1"", ""PsrA/R1""]",0x77,5
047684f3,0,-0.4186150429013519,0.8893898129463196,"[15, 2, 4, 10, 1]","[""QacR/Q2"", ""BetI/E1"", ""BM3R1/B2"", ""PhlF/P1"", ""AmtR/A1""]",0x77,5
047684f3,0,6.988564212634881,0.8004222512245178,"[15, 11, 2, 19, 13]","[""QacR/Q2"", ""PhlF/P2"", ""BetI/E1"", ""SrpR/S4"", ""PsrA/R1""]",0x77,5
047684f3,0,4.302607828771304,0.8623644709587097,"[15, 11, 4, 1, 2]","[""QacR/Q2"", ""PhlF/P2"", ""BM3R1/B2"", ""AmtR/A1"", ""BetI/E1""]",0x77,5
047684f3,0,4.051441135440594,0.8673682808876038,"[15, 11, 4, 19, 2]","[""QacR/Q2"", ""PhlF/P2"", ""BM3R1/B2"", ""SrpR/S4"", ""BetI/E1""]",0x77,5
047684f3,0,3.006358440664944,0.8712857365608215,"[15, 19, 4, 1, 2]","[""QacR/Q2"", ""SrpR/S4"", ""BM3R1/B2"", ""AmtR/A1"", ""BetI/E1""]",0x77,5
047684f3,0,0.36329501429356753,0.8748582005500793,"[15, 19, 4, 2, 1]","[""QacR/Q2"", ""SrpR/S4"", ""BM3R1/B2"", ""BetI/E1"", ""AmtR/A1""]",0x77,5
047684f3,0,-0.4546235233938414,0.8937938809394836,"[15, 19, 4, 10, 1]","[""QacR/Q2"", ""SrpR/S4"", ""BM3R1/B2"", ""PhlF/P1"", ""AmtR/A1""]",0x77,5
047684f3,0,-0.19225723549473267,0.8883284330368042,"[15, 19, 4, 10, 2]","[""QacR/Q2"", ""SrpR/S4"", ""BM3R1/B2"", ""PhlF/P1"", ""BetI/E1""]",0x77,5
047684f3,0,-0.5118543810609341,0.9041568636894226,"[15, 19, 4, 10, 8]","[""QacR/Q2"", ""SrpR/S4"", ""BM3R1/B2"", ""PhlF/P1"", ""LitR/L1""]",0x77,5
047684f3,0,0.08572659312235216,0.8751797080039978,"[19, 2, 4, 10, 15]","[""SrpR/S4"", ""BetI/E1"", ""BM3R1/B2"", ""PhlF/P1"", ""QacR/Q2""]",0x77,5
047684f3,0,4.78113865823325,0.8595098853111267,"[19, 4, 10, 2, 15]","[""SrpR/S4"", ""BM3R1/B2"", ""PhlF/P1"", ""BetI/E1"", ""QacR/Q2""]",0x77,5
047684f3,0,5.546786623655155,0.850282609462738,"[19, 11, 4, 1, 2]","[""SrpR/S4"", ""PhlF/P2"", ""BM3R1/B2"", ""AmtR/A1"", ""BetI/E1""]",0x77,5
047684f3,0,5.099733531755249,0.8536853194236755,"[19, 15, 4, 1, 2]","[""SrpR/S4"", ""QacR/Q2"", ""BM3R1/B2"", ""AmtR/A1"", ""BetI/E1""]",0x77,5
047684f3,0,0.06365856422248574,0.8813825249671936,"[19, 15, 4, 10, 2]","[""SrpR/S4"", ""QacR/Q2"", ""BM3R1/B2"", ""PhlF/P1"", ""BetI/E1""]",0x77,5
104084ad,1,4.336447174162476,0.8749028444290161,"[2, 1, 4, 10, 15]","[""BetI/E1"", ""AmtR/A1"", ""BM3R1/B2"", ""PhlF/P1"", ""QacR/Q2""]",0x77,5
104084ad,1,5.861323025878844,0.8431515097618103,"[2, 11, 4, 19, 15]","[""BetI/E1"", ""PhlF/P2"", ""BM3R1/B2"", ""SrpR/S4"", ""QacR/Q2""]",0x77,5
104084ad,1,4.953369491597254,0.8726460337638855,"[2, 19, 4, 10, 1]","[""BetI/E1"", ""SrpR/S4"", ""BM3R1/B2"", ""PhlF/P1"", ""AmtR/A1""]",0x77,5
104084ad,1,5.493628026839112,0.856113851070404,"[11, 1, 4, 2, 19]","[""PhlF/P2"", ""AmtR/A1"", ""BM3R1/B2"", ""BetI/E1"", ""SrpR/S4""]",0x77,5
104084ad,1,6.852189821447127,0.7192947864532471,"[11, 3, 1, 19, 13]","[""PhlF/P2"", ""BM3R1/B1"", ""AmtR/A1"", ""SrpR/S4"", ""PsrA/R1""]",0x77,5
104084ad,1,6.80507705720884,0.7760406136512756,"[11, 3, 1, 19, 15]","[""PhlF/P2"", ""BM3R1/B1"", ""AmtR/A1"", ""SrpR/S4"", ""QacR/Q2""]",0x77,5
104084ad,1,6.799566413666448,0.7764199376106262,"[11, 3, 2, 17, 15]","[""PhlF/P2"", ""BM3R1/B1"", ""BetI/E1"", ""SrpR/S2"", ""QacR/Q2""]",0x77,5
104084ad,1,6.827917153127223,0.7265138030052185,"[11, 3, 2, 19, 13]","[""PhlF/P2"", ""BM3R1/B1"", ""BetI/E1"", ""SrpR/S4"", ""PsrA/R1""]",0x77,5
104084ad,1,6.837819813201727,0.7222305536270142,"[11, 3, 15, 19, 13]","[""PhlF/P2"", ""BM3R1/B1"", ""QacR/Q2"", ""SrpR/S4"", ""PsrA/R1""]",0x77,5
104084ad,1,6.78798164745334,0.7779868245124817,"[11, 3, 19, 1, 15]","[""PhlF/P2"", ""BM3R1/B1"", ""SrpR/S4"", ""AmtR/A1"", ""QacR/Q2""]",0x77,5
104084ad,1,6.782574762587538,0.7892100214958191,"[11, 3, 19, 2, 15]","[""PhlF/P2"", ""BM3R1/B1"", ""SrpR/S4"", ""BetI/E1"", ""QacR/Q2""]",0x77,5
104084ad,1,6.819565563206986,0.7688899636268616,"[11, 14, 4, 1, 19]","[""PhlF/P2"", ""QacR/Q1"", ""BM3R1/B2"", ""AmtR/A1"", ""SrpR/S4""]",0x77,5
104084ad,1,6.754338072229139,0.7933891415596008,"[11, 14, 4, 2, 19]","[""PhlF/P2"", ""QacR/Q1"", ""BM3R1/B2"", ""BetI/E1"", ""SrpR/S4""]",0x77,5
104084ad,1,7.026724697321081,0.6527013182640076,"[14, 11, 2, 0, 5]","[""QacR/Q1"", ""PhlF/P2"", ""BetI/E1"", ""AmeR/F1"", ""BM3R1/B3""]",0x77,5
104084ad,1,6.963092042589279,0.6897275447845459,"[14, 11, 2, 17, 5]","[""QacR/Q1"", ""PhlF/P2"", ""BetI/E1"", ""SrpR/S2"", ""BM3R1/B3""]",0x77,5
104084ad,1,6.981642357606404,0.6860331892967224,"[14, 11, 2, 19, 5]","[""QacR/Q1"", ""PhlF/P2"", ""BetI/E1"", ""SrpR/S4"", ""BM3R1/B3""]",0x77,5
104084ad,1,6.981898909350291,0.668999195098877,"[14, 11, 9, 17, 5]","[""QacR/Q1"", ""PhlF/P2"", ""LmrA/N1"", ""SrpR/S2"", ""BM3R1/B3""]",0x77,5
104084ad,1,6.987996722165767,0.6631985902786255,"[14, 11, 9, 19, 5]","[""QacR/Q1"", ""PhlF/P2"", ""LmrA/N1"", ""SrpR/S4"", ""BM3R1/B3""]",0x77,5
104084ad,1,7.047429159753243,0.5910817980766296,"[14, 11, 16, 0, 5]","[""QacR/Q1"", ""PhlF/P2"", ""SrpR/S1"", ""AmeR/F1"", ""BM3R1/B3""]",0x77,5
104084ad,1,7.030030911405383,0.6467916369438171,"[14, 11, 17, 0, 5]","[""QacR/Q1"", ""PhlF/P2"", ""SrpR/S2"", ""AmeR/F1"", ""BM3R1/B3""]",0x77,5
104084ad,1,4.798658380845538,0.873328447341919,"[15, 1, 4, 10, 2]","[""QacR/Q2"", ""AmtR/A1"", ""BM3R1/B2"", ""PhlF/P1"", ""BetI/E1""]",0x77,5
104084ad,1,6.159350917232103,0.8170108199119568,"[15, 11, 1, 4, 19]","[""QacR/Q2"", ""PhlF/P2"", ""AmtR/A1"", ""BM3R1/B2"", ""SrpR/S4""]",0x77,5
104084ad,1,6.117418626597965,0.8304805159568787,"[15, 11, 4, 19, 2]","[""QacR/Q2"", ""PhlF/P2"", ""BM3R1/B2"", ""SrpR/S4"", ""BetI/E1""]",0x77,5
104084ad,1,6.128957333494258,0.8194599747657776,"[15, 11, 17, 4, 1]","[""QacR/Q2"", ""PhlF/P2"", ""SrpR/S2"", ""BM3R1/B2"", ""AmtR/A1""]",0x77,5
104084ad,1,6.124879995923866,0.828349769115448,"[15, 11, 19, 4, 1]","[""QacR/Q2"", ""PhlF/P2"", ""SrpR/S4"", ""BM3R1/B2"", ""AmtR/A1""]",0x77,5
104084ad,1,6.105228038438329,0.8308636546134949,"[15, 11, 19, 4, 2]","[""QacR/Q2"", ""PhlF/P2"", ""SrpR/S4"", ""BM3R1/B2"", ""BetI/E1""]",0x77,5
104084ad,1,6.164338291518363,0.8115810751914978,"[15, 11, 19, 5, 1]","[""QacR/Q2"", ""PhlF/P2"", ""SrpR/S4"", ""BM3R1/B3"", ""AmtR/A1""]",0x77,5
104084ad,1,5.0377744885383455,0.8703333735466003,"[15, 19, 4, 10, 1]","[""QacR/Q2"", ""SrpR/S4"", ""BM3R1/B2"", ""PhlF/P1"", ""AmtR/A1""]",0x77,5
104084ad,1,5.053270496587189,0.8576274514198303,"[15, 19, 10, 4, 2]","[""QacR/Q2"", ""SrpR/S4"", ""PhlF/P1"", ""BM3R1/B2"", ""BetI/E1""]",0x77,5
104084ad,1,3.7360510101626416,0.8786969780921936,"[17, 1, 4, 10, 2]","[""SrpR/S2"", ""AmtR/A1"", ""BM3R1/B2"", ""PhlF/P1"", ""BetI/E1""]",0x77,5
104084ad,1,3.5790963010402534,0.8820189833641052,"[17, 2, 4, 10, 1]","[""SrpR/S2"", ""BetI/E1"", ""BM3R1/B2"", ""PhlF/P1"", ""AmtR/A1""]",0x77,5
104084ad,1,3.77097172535967,0.8777613043785095,"[19, 1, 4, 10, 2]","[""SrpR/S4"", ""AmtR/A1"", ""BM3R1/B2"", ""PhlF/P1"", ""BetI/E1""]",0x77,5
104084ad,1,3.674868312668663,0.8806285858154297,"[19, 2, 4, 10, 1]","[""SrpR/S4"", ""BetI/E1"", ""BM3R1/B2"", ""PhlF/P1"", ""AmtR/A1""]",0x77,5
104084ad,1,6.2749132812171835,0.8079679608345032,"[19, 11, 1, 2, 5]","[""SrpR/S4"", ""PhlF/P2"", ""AmtR/A1"", ""BetI/E1"", ""BM3R1/B3""]",0x77,5
104084ad,1,6.210389539889639,0.8086712956428528,"[19, 11, 2, 15, 5]","[""SrpR/S4"", ""PhlF/P2"", ""BetI/E1"", ""QacR/Q2"", ""BM3R1/B3""]",0x77,5
10c2e7be,0,4.449630789391535,0.8919259905815125,"[1, 2, 10, 15, 4]","[""AmtR/A1"", ""BetI/E1"", ""PhlF/P1"", ""QacR/Q2"", ""BM3R1/B2""]",0x77,5
10c2e7be,0,6.482519579703445,0.7850491404533386,"[3, 11, 1, 15, 2]","[""BM3R1/B1"", ""PhlF/P2"", ""AmtR/A1"", ""QacR/Q2"", ""BetI/E1""]",0x77,5
10c2e7be,0,6.633047430404212,0.7839080691337585,"[3, 11, 1, 15, 19]","[""BM3R1/B1"", ""PhlF/P2"", ""AmtR/A1"", ""QacR/Q2"", ""SrpR/S4""]",0x77,5
10c2e7be,0,5.417831530838393,0.8316676616668701,"[11, 2, 1, 15, 4]","[""PhlF/P2"", ""BetI/E1"", ""AmtR/A1"", ""QacR/Q2"", ""BM3R1/B2""]",0x77,5
10c2e7be,0,5.974787681683231,0.8011810183525085,"[11, 2, 8, 15, 4]","[""PhlF/P2"", ""BetI/E1"", ""LitR/L1"", ""QacR/Q2"", ""BM3R1/B2""]",0x77,5
10c2e7be,0,5.57549643040823,0.8261551260948181,"[11, 2, 19, 15, 4]","[""PhlF/P2"", ""BetI/E1"", ""SrpR/S4"", ""QacR/Q2"", ""BM3R1/B2""]",0x77,5
10c2e7be,0,7.340641873915112,0.5277636647224426,"[11, 14, 0, 6, 2]","[""PhlF/P2"", ""QacR/Q1"", ""AmeR/F1"", ""HlyIIR/H1"", ""BetI/E1""]",0x77,5
10c2e7be,0,7.2504821796903105,0.5683671236038208,"[11, 14, 0, 8, 2]","[""PhlF/P2"", ""QacR/Q1"", ""AmeR/F1"", ""LitR/L1"", ""BetI/E1""]",0x77,5
10c2e7be,0,7.281137950047712,0.5574085712432861,"[11, 14, 0, 16, 2]","[""PhlF/P2"", ""QacR/Q1"", ""AmeR/F1"", ""SrpR/S1"", ""BetI/E1""]",0x77,5
10c2e7be,0,7.197236044104846,0.6097589135169983,"[11, 14, 1, 6, 2]","[""PhlF/P2"", ""QacR/Q1"", ""AmtR/A1"", ""HlyIIR/H1"", ""BetI/E1""]",0x77,5
10c2e7be,0,7.155052131303154,0.6621114611625671,"[11, 14, 4, 6, 2]","[""PhlF/P2"", ""QacR/Q1"", ""BM3R1/B2"", ""HlyIIR/H1"", ""BetI/E1""]",0x77,5
10c2e7be,0,7.163633554239067,0.6500282883644104,"[11, 14, 5, 6, 2]","[""PhlF/P2"", ""QacR/Q1"", ""BM3R1/B3"", ""HlyIIR/H1"", ""BetI/E1""]",0x77,5
10c2e7be,0,7.249637057716568,0.5750107169151306,"[11, 14, 19, 6, 2]","[""PhlF/P2"", ""QacR/Q1"", ""SrpR/S4"", ""HlyIIR/H1"", ""BetI/E1""]",0x77,5
10c2e7be,0,5.7809330834444435,0.8180760741233826,"[11, 15, 19, 2, 4]","[""PhlF/P2"", ""QacR/Q2"", ""SrpR/S4"", ""BetI/E1"", ""BM3R1/B2""]",0x77,5
10c2e7be,0,6.069606938684531,0.7992473840713501,"[11, 19, 1, 15, 2]","[""PhlF/P2"", ""SrpR/S4"", ""AmtR/A1"", ""QacR/Q2"", ""BetI/E1""]",0x77,5
10c2e7be,0,6.942187214595649,0.7039859890937805,"[14, 11, 16, 0, 4]","[""QacR/Q1"", ""PhlF/P2"", ""SrpR/S1"", ""AmeR/F1"", ""BM3R1/B2""]",0x77,5
10c2e7be,0,6.948279975950348,0.6891879439353943,"[14, 12, 16, 0, 4]","[""QacR/Q1"", ""PhlF/P3"", ""SrpR/S1"", ""AmeR/F1"", ""BM3R1/B2""]",0x77,5
10c2e7be,0,4.964003239600884,0.8761065006256104,"[19, 2, 10, 15, 4]","[""SrpR/S4"", ""BetI/E1"", ""PhlF/P1"", ""QacR/Q2"", ""BM3R1/B2""]",0x77,5
10c2e7be,0,5.187135015357413,0.8723430037498474,"[19, 15, 10, 2, 4]","[""SrpR/S4"", ""QacR/Q2"", ""PhlF/P1"", ""BetI/E1"", ""BM3R1/B2""]",0x77,5
10c2e7be,1,5.854533145298338,0.8035290837287903,"[2, 11, 4, 15, 1]","[""BetI/E1"", ""PhlF/P2"", ""BM3R1/B2"", ""QacR/Q2"", ""AmtR/A1""]",0x77,5
10c2e7be,1,5.833993756670045,0.8149498701095581,"[2, 11, 4, 15, 19]","[""BetI/E1"", ""PhlF/P2"", ""BM3R1/B2"", ""QacR/Q2"", ""SrpR/S4""]",0x77,5
10c2e7be,1,5.230470099251716,0.8627351522445679,"[2, 19, 4, 15, 10]","[""BetI/E1"", ""SrpR/S4"", ""BM3R1/B2"", ""QacR/Q2"", ""PhlF/P1""]",0x77,5
10c2e7be,1,5.237056020232976,0.8397376537322998,"[2, 19, 5, 15, 10]","[""BetI/E1"", ""SrpR/S4"", ""BM3R1/B3"", ""QacR/Q2"", ""PhlF/P1""]",0x77,5
10c2e7be,1,6.758984192525897,0.7462164759635925,"[11, 3, 1, 2, 15]","[""PhlF/P2"", ""BM3R1/B1"", ""AmtR/A1"", ""BetI/E1"", ""QacR/Q2""]",0x77,5
10c2e7be,1,6.825505898825677,0.7250363230705261,"[11, 3, 1, 6, 15]","[""PhlF/P2"", ""BM3R1/B1"", ""AmtR/A1"", ""HlyIIR/H1"", ""QacR/Q2""]",0x77,5
10c2e7be,1,6.80021444717296,0.7366578578948975,"[11, 3, 1, 8, 15]","[""PhlF/P2"", ""BM3R1/B1"", ""AmtR/A1"", ""LitR/L1"", ""QacR/Q2""]",0x77,5
10c2e7be,1,6.729594710533204,0.7485013008117676,"[11, 3, 1, 15, 2]","[""PhlF/P2"", ""BM3R1/B1"", ""AmtR/A1"", ""QacR/Q2"", ""BetI/E1""]",0x77,5
10c2e7be,1,6.715833618820223,0.7617287635803223,"[11, 3, 2, 8, 15]","[""PhlF/P2"", ""BM3R1/B1"", ""BetI/E1"", ""LitR/L1"", ""QacR/Q2""]",0x77,5
10c2e7be,1,6.853946457872449,0.7123072147369385,"[11, 3, 8, 2, 15]","[""PhlF/P2"", ""BM3R1/B1"", ""LitR/L1"", ""BetI/E1"", ""QacR/Q2""]",0x77,5
10c2e7be,1,6.870776807592079,0.7088371515274048,"[11, 3, 8, 15, 1]","[""PhlF/P2"", ""BM3R1/B1"", ""LitR/L1"", ""QacR/Q2"", ""AmtR/A1""]",0x77,5
10c2e7be,1,6.840318946116611,0.7245540618896484,"[11, 3, 8, 15, 19]","[""PhlF/P2"", ""BM3R1/B1"", ""LitR/L1"", ""QacR/Q2"", ""SrpR/S4""]",0x77,5
10c2e7be,1,6.951282669240575,0.6831679344177246,"[11, 3, 16, 14, 1]","[""PhlF/P2"", ""BM3R1/B1"", ""SrpR/S1"", ""QacR/Q1"", ""AmtR/A1""]",0x77,5
10c2e7be,1,6.645021898655877,0.7635551691055298,"[11, 3, 19, 1, 15]","[""PhlF/P2"", ""BM3R1/B1"", ""SrpR/S4"", ""AmtR/A1"", ""QacR/Q2""]",0x77,5
10c2e7be,1,6.772022537687959,0.7384306788444519,"[11, 3, 19, 15, 2]","[""PhlF/P2"", ""BM3R1/B1"", ""SrpR/S4"", ""QacR/Q2"", ""BetI/E1""]",0x77,5
10c2e7be,1,7.015184304004028,0.663505494594574,"[11, 14, 16, 0, 4]","[""PhlF/P2"", ""QacR/Q1"", ""SrpR/S1"", ""AmeR/F1"", ""BM3R1/B2""]",0x77,5
10c2e7be,1,6.226737621908121,0.7860098481178284,"[19, 11, 8, 15, 4]","[""SrpR/S4"", ""PhlF/P2"", ""LitR/L1"", ""QacR/Q2"", ""BM3R1/B2""]",0x77,5
1cdd5bae,0,6.837101142299214,0.6783208847045898,"[3, 11, 1, 13, 16]","[""BM3R1/B1"", ""PhlF/P2"", ""AmtR/A1"", ""PsrA/R1"", ""SrpR/S1""]",0x77,5
1cdd5bae,0,6.753795674479729,0.7062216401100159,"[3, 11, 1, 15, 16]","[""BM3R1/B1"", ""PhlF/P2"", ""AmtR/A1"", ""QacR/Q2"", ""SrpR/S1""]",0x77,5
1cdd5bae,0,6.436603406909033,0.7599315047264099,"[3, 11, 2, 13, 19]","[""BM3R1/B1"", ""PhlF/P2"", ""BetI/E1"", ""PsrA/R1"", ""SrpR/S4""]",0x77,5
1cdd5bae,0,6.627817837063187,0.7144443392753601,"[3, 11, 2, 15, 16]","[""BM3R1/B1"", ""PhlF/P2"", ""BetI/E1"", ""QacR/Q2"", ""SrpR/S1""]",0x77,5
1cdd5bae,0,6.804593384194059,0.6802234053611755,"[3, 11, 15, 13, 16]","[""BM3R1/B1"", ""PhlF/P2"", ""QacR/Q2"", ""PsrA/R1"", ""SrpR/S1""]",0x77,5
1cdd5bae,0,6.494941867382778,0.749575674533844,"[3, 11, 15, 13, 19]","[""BM3R1/B1"", ""PhlF/P2"", ""QacR/Q2"", ""PsrA/R1"", ""SrpR/S4""]",0x77,5
1cdd5bae,0,6.538823476242332,0.7470059394836426,"[3, 11, 19, 13, 2]","[""BM3R1/B1"", ""PhlF/P2"", ""SrpR/S4"", ""PsrA/R1"", ""BetI/E1""]",0x77,5
1cdd5bae,0,5.734263591389576,0.8182501196861267,"[11, 2, 4, 15, 19]","[""PhlF/P2"", ""BetI/E1"", ""BM3R1/B2"", ""QacR/Q2"", ""SrpR/S4""]",0x77,5
1cdd5bae,0,6.271665910866297,0.7687129378318787,"[11, 2, 8, 15, 4]","[""PhlF/P2"", ""BetI/E1"", ""LitR/L1"", ""QacR/Q2"", ""BM3R1/B2""]",0x77,5
1cdd5bae,0,5.946275565620162,0.8087605834007263,"[11, 2, 19, 15, 4]","[""PhlF/P2"", ""BetI/E1"", ""SrpR/S4"", ""QacR/Q2"", ""BM3R1/B2""]",0x77,5
1cdd5bae,0,7.106708773113981,0.5813090205192566,"[11, 14, 0, 19, 8]","[""PhlF/P2"", ""QacR/Q1"", ""AmeR/F1"", ""SrpR/S4"", ""LitR/L1""]",0x77,5
1cdd5bae,0,7.078558850059793,0.6228786110877991,"[11, 14, 4, 1, 8]","[""PhlF/P2"", ""QacR/Q1"", ""BM3R1/B2"", ""AmtR/A1"", ""LitR/L1""]",0x77,5
1cdd5bae,0,6.867622434267573,0.6576452255249023,"[11, 14, 4, 19, 1]","[""PhlF/P2"", ""QacR/Q1"", ""BM3R1/B2"", ""SrpR/S4"", ""AmtR/A1""]",0x77,5
1cdd5bae,0,7.057663419895228,0.6289380192756653,"[11, 14, 4, 19, 8]","[""PhlF/P2"", ""QacR/Q1"", ""BM3R1/B2"", ""SrpR/S4"", ""LitR/L1""]",0x77,5
1cdd5bae,0,7.114387494316936,0.5610275268554688,"[11, 14, 9, 0, 3]","[""PhlF/P2"", ""QacR/Q1"", ""LmrA/N1"", ""AmeR/F1"", ""BM3R1/B1""]",0x77,5
1cdd5bae,0,7.088848558041273,0.599280595779419,"[11, 14, 16, 0, 5]","[""PhlF/P2"", ""QacR/Q1"", ""SrpR/S1"", ""AmeR/F1"", ""BM3R1/B3""]",0x77,5
1cdd5bae,0,7.006007897776513,0.63761305809021,"[11, 14, 16, 2, 4]","[""PhlF/P2"", ""QacR/Q1"", ""SrpR/S1"", ""BetI/E1"", ""BM3R1/B2""]",0x77,5
1cdd5bae,0,7.224061897929314,0.5509125590324402,"[11, 14, 16, 6, 8]","[""PhlF/P2"", ""QacR/Q1"", ""SrpR/S1"", ""HlyIIR/H1"", ""LitR/L1""]",0x77,5
1cdd5bae,0,5.9605961817062125,0.7922354340553284,"[11, 15, 2, 19, 4]","[""PhlF/P2"", ""QacR/Q2"", ""BetI/E1"", ""SrpR/S4"", ""BM3R1/B2""]",0x77,5
1cdd5bae,0,6.159738478272648,0.778834879398346,"[11, 15, 4, 1, 2]","[""PhlF/P2"", ""QacR/Q2"", ""BM3R1/B2"", ""AmtR/A1"", ""BetI/E1""]",0x77,5
1cdd5bae,0,6.140461124488895,0.7867355346679688,"[11, 15, 4, 1, 17]","[""PhlF/P2"", ""QacR/Q2"", ""BM3R1/B2"", ""AmtR/A1"", ""SrpR/S2""]",0x77,5
1cdd5bae,0,6.174497073779321,0.7788223028182983,"[11, 15, 4, 19, 1]","[""PhlF/P2"", ""QacR/Q2"", ""BM3R1/B2"", ""SrpR/S4"", ""AmtR/A1""]",0x77,5
1cdd5bae,0,6.221051463827254,0.776271402835846,"[11, 15, 5, 1, 2]","[""PhlF/P2"", ""QacR/Q2"", ""BM3R1/B3"", ""AmtR/A1"", ""BetI/E1""]",0x77,5
1cdd5bae,0,6.336253881469884,0.7666048407554626,"[11, 15, 8, 2, 4]","[""PhlF/P2"", ""QacR/Q2"", ""LitR/L1"", ""BetI/E1"", ""BM3R1/B2""]",0x77,5
1cdd5bae,0,5.854987908851341,0.8111349940299988,"[11, 15, 19, 2, 4]","[""PhlF/P2"", ""QacR/Q2"", ""SrpR/S4"", ""BetI/E1"", ""BM3R1/B2""]",0x77,5
1cdd5bae,0,5.976127671099852,0.788737952709198,"[11, 19, 4, 15, 1]","[""PhlF/P2"", ""SrpR/S4"", ""BM3R1/B2"", ""QacR/Q2"", ""AmtR/A1""]",0x77,5
1cdd5bae,0,6.2250082141181355,0.7706555724143982,"[11, 19, 8, 15, 4]","[""PhlF/P2"", ""SrpR/S4"", ""LitR/L1"", ""QacR/Q2"", ""BM3R1/B2""]",0x77,5
1cdd5bae,0,6.759623790518891,0.683856189250946,"[14, 11, 5, 1, 16]","[""QacR/Q1"", ""PhlF/P2"", ""BM3R1/B3"", ""AmtR/A1"", ""SrpR/S1""]",0x77,5
1cdd5bae,0,6.768808956750221,0.6815107464790344,"[14, 11, 8, 0, 4]","[""QacR/Q1"", ""PhlF/P2"", ""LitR/L1"", ""AmeR/F1"", ""BM3R1/B2""]",0x77,5
1cdd5bae,0,6.59799762089637,0.7242531180381775,"[14, 11, 8, 2, 4]","[""QacR/Q1"", ""PhlF/P2"", ""LitR/L1"", ""BetI/E1"", ""BM3R1/B2""]",0x77,5
1cdd5bae,0,6.7336632245929415,0.7063131928443909,"[14, 11, 8, 13, 4]","[""QacR/Q1"", ""PhlF/P2"", ""LitR/L1"", ""PsrA/R1"", ""BM3R1/B2""]",0x77,5
1cdd5bae,0,6.881188007245647,0.6429170966148376,"[14, 11, 9, 0, 16]","[""QacR/Q1"", ""PhlF/P2"", ""LmrA/N1"", ""AmeR/F1"", ""SrpR/S1""]",0x77,5
1cdd5bae,0,6.65220142551402,0.7073989510536194,"[14, 11, 16, 2, 4]","[""QacR/Q1"", ""PhlF/P2"", ""SrpR/S1"", ""BetI/E1"", ""BM3R1/B2""]",0x77,5
1cdd5bae,0,3.7084836083987454,0.877762496471405,"[15, 2, 4, 19, 10]","[""QacR/Q2"", ""BetI/E1"", ""BM3R1/B2"", ""SrpR/S4"", ""PhlF/P1""]",0x77,5
1cdd5bae,0,4.985485851661468,0.8447046875953674,"[19, 2, 4, 1, 10]","[""SrpR/S4"", ""BetI/E1"", ""BM3R1/B2"", ""AmtR/A1"", ""PhlF/P1""]",0x77,5
1cdd5bae,0,4.846292660606649,0.8668056130409241,"[19, 2, 4, 15, 10]","[""SrpR/S4"", ""BetI/E1"", ""BM3R1/B2"", ""QacR/Q2"", ""PhlF/P1""]",0x77,5
1cdd5bae,0,4.947198691298255,0.8526226878166199,"[19, 2, 5, 15, 10]","[""SrpR/S4"", ""BetI/E1"", ""BM3R1/B3"", ""QacR/Q2"", ""PhlF/P1""]",0x77,5
1cdd5bae,0,5.212234385371626,0.8433531522750854,"[19, 15, 4, 1, 10]","[""SrpR/S4"", ""QacR/Q2"", ""BM3R1/B2"", ""AmtR/A1"", ""PhlF/P1""]",0x77,5
00cab20a,0,-0.027088381595111427,0.8775842189788818,"[1, 4, 2, 17, 10, 7]","[""AmtR/A1"", ""BM3R1/B2"", ""BetI/E1"", ""SrpR/S2"", ""PhlF/P1"", ""IcaRA/I1""]",0x77,6
00cab20a,0,-0.023891387908147488,0.8752614259719849,"[1, 4, 15, 17, 10, 7]","[""AmtR/A1"", ""BM3R1/B2"", ""QacR/Q2"", ""SrpR/S2"", ""PhlF/P1"", ""IcaRA/I1""]",0x77,6
00cab20a,0,5.436785491292794,0.8031588792800903,"[1, 4, 19, 2, 15, 11]","[""AmtR/A1"", ""BM3R1/B2"", ""SrpR/S4"", ""BetI/E1"", ""QacR/Q2"", ""PhlF/P2""]",0x77,6
00cab20a,0,4.315442865185078,0.8287967443466187,"[1, 4, 19, 11, 2, 15]","[""AmtR/A1"", ""BM3R1/B2"", ""SrpR/S4"", ""PhlF/P2"", ""BetI/E1"", ""QacR/Q2""]",0x77,6
00cab20a,0,5.443701380456288,0.7930941581726074,"[1, 4, 19, 15, 2, 11]","[""AmtR/A1"", ""BM3R1/B2"", ""SrpR/S4"", ""QacR/Q2"", ""BetI/E1"", ""PhlF/P2""]",0x77,6
00cab20a,0,6.320483405448809,0.7122994065284729,"[1, 5, 14, 17, 2, 11]","[""AmtR/A1"", ""BM3R1/B3"", ""QacR/Q1"", ""SrpR/S2"", ""BetI/E1"", ""PhlF/P2""]",0x77,6
00cab20a,0,6.394770004330143,0.7103276252746582,"[1, 5, 14, 19, 2, 11]","[""AmtR/A1"", ""BM3R1/B3"", ""QacR/Q1"", ""SrpR/S4"", ""BetI/E1"", ""PhlF/P2""]",0x77,6
00cab20a,0,5.545134639066211,0.7865508198738098,"[1, 5, 19, 2, 15, 11]","[""AmtR/A1"", ""BM3R1/B3"", ""SrpR/S4"", ""BetI/E1"", ""QacR/Q2"", ""PhlF/P2""]",0x77,6
00cab20a,0,6.12011492722237,0.7517983913421631,"[2, 4, 11, 19, 13, 15]","[""BetI/E1"", ""BM3R1/B2"", ""PhlF/P2"", ""SrpR/S4"", ""PsrA/R1"", ""QacR/Q2""]",0x77,6
00cab20a,0,5.682493589491502,0.7690427899360657,"[2, 4, 19, 15, 13, 11]","[""BetI/E1"", ""BM3R1/B2"", ""SrpR/S4"", ""QacR/Q2"", ""PsrA/R1"", ""PhlF/P2""]",0x77,6
00cab20a,0,6.790233438780976,0.5496329069137573,"[2, 16, 3, 14, 13, 11]","[""BetI/E1"", ""SrpR/S1"", ""BM3R1/B1"", ""QacR/Q1"", ""PsrA/R1"", ""PhlF/P2""]",0x77,6
00cab20a,0,6.735144765978354,0.6379199624061584,"[2, 16, 3, 15, 13, 11]","[""BetI/E1"", ""SrpR/S1"", ""BM3R1/B1"", ""QacR/Q2"", ""PsrA/R1"", ""PhlF/P2""]",0x77,6
00cab20a,0,6.787227146066443,0.5925396680831909,"[2, 19, 3, 14, 13, 11]","[""BetI/E1"", ""SrpR/S4"", ""BM3R1/B1"", ""QacR/Q1"", ""PsrA/R1"", ""PhlF/P2""]",0x77,6
00cab20a,0,6.612045177602983,0.6903741359710693,"[2, 19, 3, 15, 13, 11]","[""BetI/E1"", ""SrpR/S4"", ""BM3R1/B1"", ""QacR/Q2"", ""PsrA/R1"", ""PhlF/P2""]",0x77,6
00cab20a,0,4.2622632015199455,0.8293188810348511,"[4, 10, 1, 13, 2, 19]","[""BM3R1/B2"", ""PhlF/P1"", ""AmtR/A1"", ""PsrA/R1"", ""BetI/E1"", ""SrpR/S4""]",0x77,6
00cab20a,0,4.040767965842961,0.8684830069541931,"[4, 10, 1, 15, 2, 19]","[""BM3R1/B2"", ""PhlF/P1"", ""AmtR/A1"", ""QacR/Q2"", ""BetI/E1"", ""SrpR/S4""]",0x77,6
00cab20a,0,4.062890857065353,0.8486937284469604,"[4, 10, 1, 19, 2, 15]","[""BM3R1/B2"", ""PhlF/P1"", ""AmtR/A1"", ""SrpR/S4"", ""BetI/E1"", ""QacR/Q2""]",0x77,6
00cab20a,0,4.775294192057781,0.8122732639312744,"[4, 10, 1, 19, 13, 15]","[""BM3R1/B2"", ""PhlF/P1"", ""AmtR/A1"", ""SrpR/S4"", ""PsrA/R1"", ""QacR/Q2""]",0x77,6
00cab20a,0,4.211730885580854,0.8455963134765625,"[4, 10, 1, 19, 15, 2]","[""BM3R1/B2"", ""PhlF/P1"", ""AmtR/A1"", ""SrpR/S4"", ""QacR/Q2"", ""BetI/E1""]",0x77,6
00cab20a,0,4.543404766913037,0.8268945217132568,"[4, 10, 19, 1, 15, 2]","[""BM3R1/B2"", ""PhlF/P1"", ""SrpR/S4"", ""AmtR/A1"", ""QacR/Q2"", ""BetI/E1""]",0x77,6
00cab20a,0,6.704613752132036,0.6405329704284668,"[5, 16, 14, 2, 13, 11]","[""BM3R1/B3"", ""SrpR/S1"", ""QacR/Q1"", ""BetI/E1"", ""PsrA/R1"", ""PhlF/P2""]",0x77,6
00cab20a,0,6.8055839866828425,0.4520064890384674,"[6, 16, 3, 14, 13, 11]","[""HlyIIR/H1"", ""SrpR/S1"", ""BM3R1/B1"", ""QacR/Q1"", ""PsrA/R1"", ""PhlF/P2""]",0x77,6
00cab20a,0,6.801893139502308,0.5321700572967529,"[6, 16, 3, 15, 13, 11]","[""HlyIIR/H1"", ""SrpR/S1"", ""BM3R1/B1"", ""QacR/Q2"", ""PsrA/R1"", ""PhlF/P2""]",0x77,6
00cab20a,0,6.753013585699196,0.6014964580535889,"[8, 16, 3, 15, 13, 11]","[""LitR/L1"", ""SrpR/S1"", ""BM3R1/B1"", ""QacR/Q2"", ""PsrA/R1"", ""PhlF/P2""]",0x77,6
00cab20a,0,6.564121921607687,0.69999098777771,"[15, 19, 3, 2, 13, 11]","[""QacR/Q2"", ""SrpR/S4"", ""BM3R1/B1"", ""BetI/E1"", ""PsrA/R1"", ""PhlF/P2""]",0x77,6
00cab20a,0,6.112210242994239,0.7539764642715454,"[19, 4, 11, 2, 13, 15]","[""SrpR/S4"", ""BM3R1/B2"", ""PhlF/P2"", ""BetI/E1"", ""PsrA/R1"", ""QacR/Q2""]",0x77,6
00cab20a,0,6.254083577424277,0.7291604280471802,"[19, 5, 11, 2, 13, 15]","[""SrpR/S4"", ""BM3R1/B3"", ""PhlF/P2"", ""BetI/E1"", ""PsrA/R1"", ""QacR/Q2""]",0x77,6
00cab20a,0,6.735403249232259,0.6043462753295898,"[19, 14, 3, 2, 13, 11]","[""SrpR/S4"", ""QacR/Q1"", ""BM3R1/B1"", ""BetI/E1"", ""PsrA/R1"", ""PhlF/P2""]",0x77,6
00e58ea1,0,5.628798718631187,0.8005281090736389,"[1, 4, 2, 15, 19, 11]","[""AmtR/A1"", ""BM3R1/B2"", ""BetI/E1"", ""QacR/Q2"", ""SrpR/S4"", ""PhlF/P2""]",0x77,6
00e58ea1,0,6.516281101475344,0.7754168510437012,"[1, 4, 19, 2, 11, 15]","[""AmtR/A1"", ""BM3R1/B2"", ""SrpR/S4"", ""BetI/E1"", ""PhlF/P2"", ""QacR/Q2""]",0x77,6
00e58ea1,0,6.484887904879746,0.7770914435386658,"[1, 4, 19, 15, 11, 2]","[""AmtR/A1"", ""BM3R1/B2"", ""SrpR/S4"", ""QacR/Q2"", ""PhlF/P2"", ""BetI/E1""]",0x77,6
00e58ea1,0,5.558294230679339,0.8063066601753235,"[2, 4, 1, 19, 11, 15]","[""BetI/E1"", ""BM3R1/B2"", ""AmtR/A1"", ""SrpR/S4"", ""PhlF/P2"", ""QacR/Q2""]",0x77,6
00e58ea1,0,0.7768242573783539,0.8421341776847839,"[2, 10, 1, 19, 15, 4]","[""BetI/E1"", ""PhlF/P1"", ""AmtR/A1"", ""SrpR/S4"", ""QacR/Q2"", ""BM3R1/B2""]",0x77,6
00e58ea1,0,6.971685803312333,0.7267842888832092,"[2, 15, 19, 13, 11, 5]","[""BetI/E1"", ""QacR/Q2"", ""SrpR/S4"", ""PsrA/R1"", ""PhlF/P2"", ""BM3R1/B3""]",0x77,6
00e58ea1,0,5.68227593066653,0.7915880084037781,"[4, 2, 1, 19, 11, 15]","[""BM3R1/B2"", ""BetI/E1"", ""AmtR/A1"", ""SrpR/S4"", ""PhlF/P2"", ""QacR/Q2""]",0x77,6
00e58ea1,0,6.832465317443632,0.7441620230674744,"[4, 2, 15, 13, 11, 19]","[""BM3R1/B2"", ""BetI/E1"", ""QacR/Q2"", ""PsrA/R1"", ""PhlF/P2"", ""SrpR/S4""]",0x77,6
00e58ea1,0,6.631886319090459,0.7734569907188416,"[4, 2, 19, 13, 15, 11]","[""BM3R1/B2"", ""BetI/E1"", ""SrpR/S4"", ""PsrA/R1"", ""QacR/Q2"", ""PhlF/P2""]",0x77,6
00e58ea1,0,5.040300759231805,0.8357295393943787,"[4, 10, 1, 15, 19, 2]","[""BM3R1/B2"", ""PhlF/P1"", ""AmtR/A1"", ""QacR/Q2"", ""SrpR/S4"", ""BetI/E1""]",0x77,6
00e58ea1,0,2.8332373652321086,0.8401354551315308,"[4, 10, 1, 19, 15, 2]","[""BM3R1/B2"", ""PhlF/P1"", ""AmtR/A1"", ""SrpR/S4"", ""QacR/Q2"", ""BetI/E1""]",0x77,6
00e58ea1,0,6.699555615229127,0.7509872317314148,"[4, 15, 2, 13, 11, 19]","[""BM3R1/B2"", ""QacR/Q2"", ""BetI/E1"", ""PsrA/R1"", ""PhlF/P2"", ""SrpR/S4""]",0x77,6
00e58ea1,0,6.36272869599651,0.7832439541816711,"[4, 19, 1, 2, 11, 15]","[""BM3R1/B2"", ""SrpR/S4"", ""AmtR/A1"", ""BetI/E1"", ""PhlF/P2"", ""QacR/Q2""]",0x77,6
00e58ea1,0,7.658491313954337,0.6437740325927734,"[4, 19, 2, 13, 11, 14]","[""BM3R1/B2"", ""SrpR/S4"", ""BetI/E1"", ""PsrA/R1"", ""PhlF/P2"", ""QacR/Q1""]",0x77,6
00e58ea1,0,5.134544296719594,0.8158165216445923,"[5, 10, 1, 15, 19, 2]","[""BM3R1/B3"", ""PhlF/P1"", ""AmtR/A1"", ""QacR/Q2"", ""SrpR/S4"", ""BetI/E1""]",0x77,6
00e58ea1,0,8.25744611328462,0.4622791707515716,"[6, 3, 1, 13, 11, 14]","[""HlyIIR/H1"", ""BM3R1/B1"", ""AmtR/A1"", ""PsrA/R1"", ""PhlF/P2"", ""QacR/Q1""]",0x77,6
00e58ea1,0,8.256554531603783,0.500813901424408,"[6, 5, 1, 13, 11, 14]","[""HlyIIR/H1"", ""BM3R1/B3"", ""AmtR/A1"", ""PsrA/R1"", ""PhlF/P2"", ""QacR/Q1""]",0x77,6
00e58ea1,0,7.270432072796624,0.6702755689620972,"[8, 4, 14, 13, 11, 19]","[""LitR/L1"", ""BM3R1/B2"", ""QacR/Q1"", ""PsrA/R1"", ""PhlF/P2"", ""SrpR/S4""]",0x77,6
00e58ea1,0,7.314794809961228,0.6446308493614197,"[8, 5, 14, 13, 11, 19]","[""LitR/L1"", ""BM3R1/B3"", ""QacR/Q1"", ""PsrA/R1"", ""PhlF/P2"", ""SrpR/S4""]",0x77,6
00e58ea1,0,8.231413541212525,0.5436680912971497,"[9, 3, 1, 13, 11, 14]","[""LmrA/N1"", ""BM3R1/B1"", ""AmtR/A1"", ""PsrA/R1"", ""PhlF/P2"", ""QacR/Q1""]",0x77,6
00e58ea1,0,7.930132734165278,0.6133200526237488,"[9, 4, 1, 13, 11, 14]","[""LmrA/N1"", ""BM3R1/B2"", ""AmtR/A1"", ""PsrA/R1"", ""PhlF/P2"", ""QacR/Q1""]",0x77,6
00e58ea1,0,7.059137966287779,0.7092865109443665,"[9, 4, 1, 13, 11, 19]","[""LmrA/N1"", ""BM3R1/B2"", ""AmtR/A1"", ""PsrA/R1"", ""PhlF/P2"", ""SrpR/S4""]",0x77,6
00e58ea1,0,7.783437817828067,0.6274493336677551,"[9, 4, 2, 13, 11, 14]","[""LmrA/N1"", ""BM3R1/B2"", ""BetI/E1"", ""PsrA/R1"", ""PhlF/P2"", ""QacR/Q1""]",0x77,6
00e58ea1,0,8.060945894222467,0.5932886004447937,"[9, 5, 1, 13, 11, 14]","[""LmrA/N1"", ""BM3R1/B3"", ""AmtR/A1"", ""PsrA/R1"", ""PhlF/P2"", ""QacR/Q1""]",0x77,6
00e58ea1,0,7.20991409400172,0.6989132165908813,"[9, 5, 1, 13, 11, 19]","[""LmrA/N1"", ""BM3R1/B3"", ""AmtR/A1"", ""PsrA/R1"", ""PhlF/P2"", ""SrpR/S4""]",0x77,6
00e58ea1,0,5.326487229275727,0.8113066554069519,"[10, 4, 1, 15, 19, 2]","[""PhlF/P1"", ""BM3R1/B2"", ""AmtR/A1"", ""QacR/Q2"", ""SrpR/S4"", ""BetI/E1""]",0x77,6
00e58ea1,0,6.876592540839381,0.7275828719139099,"[15, 2, 19, 13, 11, 5]","[""QacR/Q2"", ""BetI/E1"", ""SrpR/S4"", ""PsrA/R1"", ""PhlF/P2"", ""BM3R1/B3""]",0x77,6
00e58ea1,0,8.118587700373139,0.5871127247810364,"[16, 4, 2, 13, 11, 14]","[""SrpR/S1"", ""BM3R1/B2"", ""BetI/E1"", ""PsrA/R1"", ""PhlF/P2"", ""QacR/Q1""]",0x77,6
00e58ea1,0,8.183735774442244,0.5497264266014099,"[16, 5, 1, 13, 11, 14]","[""SrpR/S1"", ""BM3R1/B3"", ""AmtR/A1"", ""PsrA/R1"", ""PhlF/P2"", ""QacR/Q1""]",0x77,6
00e58ea1,0,8.159941378921365,0.5684636235237122,"[16, 5, 2, 13, 11, 14]","[""SrpR/S1"", ""BM3R1/B3"", ""BetI/E1"", ""PsrA/R1"", ""PhlF/P2"", ""QacR/Q1""]",0x77,6
019a5192,0,7.134871227649496,0.6691877245903015,"[1, 14, 11, 4, 2, 19]","[""AmtR/A1"", ""QacR/Q1"", ""PhlF/P2"", ""BM3R1/B2"", ""BetI/E1"", ""SrpR/S4""]",0x77,6
019a5192,0,7.163754693466711,0.6585899591445923,"[1, 14, 11, 4, 8, 2]","[""AmtR/A1"", ""QacR/Q1"", ""PhlF/P2"", ""BM3R1/B2"", ""LitR/L1"", ""BetI/E1""]",0x77,6
019a5192,0,7.183207838169471,0.6584136486053467,"[1, 14, 11, 4, 8, 19]","[""AmtR/A1"", ""QacR/Q1"", ""PhlF/P2"", ""BM3R1/B2"", ""LitR/L1"", ""SrpR/S4""]",0x77,6
019a5192,0,7.146540243018696,0.6630253791809082,"[1, 14, 11, 4, 18, 2]","[""AmtR/A1"", ""QacR/Q1"", ""PhlF/P2"", ""BM3R1/B2"", ""SrpR/S3"", ""BetI/E1""]",0x77,6
019a5192,0,7.193268767180248,0.6328483819961548,"[1, 14, 11, 19, 4, 2]","[""AmtR/A1"", ""QacR/Q1"", ""PhlF/P2"", ""SrpR/S4"", ""BM3R1/B2"", ""BetI/E1""]",0x77,6
019a5192,0,7.128986901226181,0.6781822443008423,"[2, 14, 11, 4, 8, 19]","[""BetI/E1"", ""QacR/Q1"", ""PhlF/P2"", ""BM3R1/B2"", ""LitR/L1"", ""SrpR/S4""]",0x77,6
019a5192,0,6.7280467167532025,0.7326675653457642,"[3, 11, 14, 1, 19, 2]","[""BM3R1/B1"", ""PhlF/P2"", ""QacR/Q1"", ""AmtR/A1"", ""SrpR/S4"", ""BetI/E1""]",0x77,6
019a5192,0,6.710811897729691,0.7402566075325012,"[3, 11, 14, 2, 8, 19]","[""BM3R1/B1"", ""PhlF/P2"", ""QacR/Q1"", ""BetI/E1"", ""LitR/L1"", ""SrpR/S4""]",0x77,6
019a5192,0,6.721959451850037,0.7378199696540833,"[3, 11, 14, 19, 8, 2]","[""BM3R1/B1"", ""PhlF/P2"", ""QacR/Q1"", ""SrpR/S4"", ""LitR/L1"", ""BetI/E1""]",0x77,6
019a5192,0,4.638010822466378,0.868402361869812,"[4, 2, 1, 10, 7, 19]","[""BM3R1/B2"", ""BetI/E1"", ""AmtR/A1"", ""PhlF/P1"", ""IcaRA/I1"", ""SrpR/S4""]",0x77,6
019a5192,0,4.6821063676559165,0.8654148578643799,"[4, 2, 1, 10, 8, 15]","[""BM3R1/B2"", ""BetI/E1"", ""AmtR/A1"", ""PhlF/P1"", ""LitR/L1"", ""QacR/Q2""]",0x77,6
019a5192,0,5.767980531454226,0.8093953728675842,"[4, 2, 14, 10, 7, 19]","[""BM3R1/B2"", ""BetI/E1"", ""QacR/Q1"", ""PhlF/P1"", ""IcaRA/I1"", ""SrpR/S4""]",0x77,6
019a5192,0,3.966995678510207,0.8844444155693054,"[4, 2, 15, 10, 7, 19]","[""BM3R1/B2"", ""BetI/E1"", ""QacR/Q2"", ""PhlF/P1"", ""IcaRA/I1"", ""SrpR/S4""]",0x77,6
019a5192,0,5.1780522098540676,0.8583557605743408,"[4, 2, 19, 10, 8, 15]","[""BM3R1/B2"", ""BetI/E1"", ""SrpR/S4"", ""PhlF/P1"", ""LitR/L1"", ""QacR/Q2""]",0x77,6
019a5192,0,5.6156299736989075,0.8252548575401306,"[4, 11, 19, 1, 15, 2]","[""BM3R1/B2"", ""PhlF/P2"", ""SrpR/S4"", ""AmtR/A1"", ""QacR/Q2"", ""BetI/E1""]",0x77,6
019a5192,0,5.532539872057657,0.8277602195739746,"[4, 11, 19, 15, 2, 1]","[""BM3R1/B2"", ""PhlF/P2"", ""SrpR/S4"", ""QacR/Q2"", ""BetI/E1"", ""AmtR/A1""]",0x77,6
019a5192,0,7.0364940975808095,0.6960184574127197,"[4, 14, 11, 19, 8, 2]","[""BM3R1/B2"", ""QacR/Q1"", ""PhlF/P2"", ""SrpR/S4"", ""LitR/L1"", ""BetI/E1""]",0x77,6
019a5192,0,4.320361652325447,0.8727073669433594,"[4, 15, 2, 10, 7, 19]","[""BM3R1/B2"", ""QacR/Q2"", ""BetI/E1"", ""PhlF/P1"", ""IcaRA/I1"", ""SrpR/S4""]",0x77,6
019a5192,0,6.135672654710578,0.8011983633041382,"[4, 15, 11, 1, 2, 19]","[""BM3R1/B2"", ""QacR/Q2"", ""PhlF/P2"", ""AmtR/A1"", ""BetI/E1"", ""SrpR/S4""]",0x77,6
019a5192,0,4.8134374417935835,0.8642124533653259,"[4, 19, 1, 10, 8, 15]","[""BM3R1/B2"", ""SrpR/S4"", ""AmtR/A1"", ""PhlF/P1"", ""LitR/L1"", ""QacR/Q2""]",0x77,6
019a5192,0,6.347218407762735,0.7882711887359619,"[4, 19, 11, 15, 2, 1]","[""BM3R1/B2"", ""SrpR/S4"", ""PhlF/P2"", ""QacR/Q2"", ""BetI/E1"", ""AmtR/A1""]",0x77,6
019a5192,0,4.089524996693195,0.8739410638809204,"[4, 19, 15, 10, 8, 2]","[""BM3R1/B2"", ""SrpR/S4"", ""QacR/Q2"", ""PhlF/P1"", ""LitR/L1"", ""BetI/E1""]",0x77,6
019a5192,0,6.684927287420814,0.7635647654533386,"[5, 11, 14, 1, 2, 19]","[""BM3R1/B3"", ""PhlF/P2"", ""QacR/Q1"", ""AmtR/A1"", ""BetI/E1"", ""SrpR/S4""]",0x77,6
019a5192,0,6.689237789421388,0.7617794275283813,"[5, 11, 14, 1, 19, 2]","[""BM3R1/B3"", ""PhlF/P2"", ""QacR/Q1"", ""AmtR/A1"", ""SrpR/S4"", ""BetI/E1""]",0x77,6
019a5192,0,6.656394747458671,0.7690339684486389,"[5, 11, 14, 9, 2, 19]","[""BM3R1/B3"", ""PhlF/P2"", ""QacR/Q1"", ""LmrA/N1"", ""BetI/E1"", ""SrpR/S4""]",0x77,6
019a5192,0,3.6021085767939485,0.8861689567565918,"[5, 17, 15, 10, 8, 2]","[""BM3R1/B3"", ""SrpR/S2"", ""QacR/Q2"", ""PhlF/P1"", ""LitR/L1"", ""BetI/E1""]",0x77,6
019a5192,0,6.363793751905544,0.7850977182388306,"[5, 19, 11, 2, 8, 15]","[""BM3R1/B3"", ""SrpR/S4"", ""PhlF/P2"", ""BetI/E1"", ""LitR/L1"", ""QacR/Q2""]",0x77,6
019a5192,0,6.039835074260042,0.8014196753501892,"[5, 19, 14, 10, 8, 2]","[""BM3R1/B3"", ""SrpR/S4"", ""QacR/Q1"", ""PhlF/P1"", ""LitR/L1"", ""BetI/E1""]",0x77,6
019a5192,0,4.0521127787941476,0.8821239471435547,"[5, 19, 15, 10, 8, 2]","[""BM3R1/B3"", ""SrpR/S4"", ""QacR/Q2"", ""PhlF/P1"", ""LitR/L1"", ""BetI/E1""]",0x77,6
019a5192,0,7.089501721091069,0.6878257989883423,"[8, 14, 11, 5, 16, 6]","[""LitR/L1"", ""QacR/Q1"", ""PhlF/P2"", ""BM3R1/B3"", ""SrpR/S1"", ""HlyIIR/H1""]",0x77,6
019a5192,0,5.19982373778304,0.8517284393310547,"[10, 2, 19, 5, 6, 1]","[""PhlF/P1"", ""BetI/E1"", ""SrpR/S4"", ""BM3R1/B3"", ""HlyIIR/H1"", ""AmtR/A1""]",0x77,6
019a5192,0,4.628284996101594,0.8694028258323669,"[10, 15, 1, 4, 2, 19]","[""PhlF/P1"", ""QacR/Q2"", ""AmtR/A1"", ""BM3R1/B2"", ""BetI/E1"", ""SrpR/S4""]",0x77,6
019a5192,0,6.440572156903429,0.7811238169670105,"[15, 19, 11, 5, 6, 2]","[""QacR/Q2"", ""SrpR/S4"", ""PhlF/P2"", ""BM3R1/B3"", ""HlyIIR/H1"", ""BetI/E1""]",0x77,6
019a5192,0,6.761486508452544,0.7139685153961182,"[16, 11, 3, 2, 8, 1]","[""SrpR/S1"", ""PhlF/P2"", ""BM3R1/B1"", ""BetI/E1"", ""LitR/L1"", ""AmtR/A1""]",0x77,6
019a5192,0,6.781388131032617,0.7102782726287842,"[16, 11, 3, 2, 8, 15]","[""SrpR/S1"", ""PhlF/P2"", ""BM3R1/B1"", ""BetI/E1"", ""LitR/L1"", ""QacR/Q2""]",0x77,6
019a5192,0,6.759649084118082,0.7170321941375732,"[16, 11, 14, 5, 6, 1]","[""SrpR/S1"", ""PhlF/P2"", ""QacR/Q1"", ""BM3R1/B3"", ""HlyIIR/H1"", ""AmtR/A1""]",0x77,6
019a5192,0,7.249963075459572,0.5127444267272949,"[18, 14, 11, 3, 6, 0]","[""SrpR/S3"", ""QacR/Q1"", ""PhlF/P2"", ""BM3R1/B1"", ""HlyIIR/H1"", ""AmeR/F1""]",0x77,6
019a5192,0,7.240950695844703,0.5522392392158508,"[18, 14, 11, 4, 6, 0]","[""SrpR/S3"", ""QacR/Q1"", ""PhlF/P2"", ""BM3R1/B2"", ""HlyIIR/H1"", ""AmeR/F1""]",0x77,6
019a5192,0,7.204503086485538,0.6055508852005005,"[18, 14, 11, 4, 6, 2]","[""SrpR/S3"", ""QacR/Q1"", ""PhlF/P2"", ""BM3R1/B2"", ""HlyIIR/H1"", ""BetI/E1""]",0x77,6
019a5192,0,7.224057186138794,0.5849535465240479,"[18, 14, 11, 4, 8, 0]","[""SrpR/S3"", ""QacR/Q1"", ""PhlF/P2"", ""BM3R1/B2"", ""LitR/L1"", ""AmeR/F1""]",0x77,6
019a5192,0,7.204352780882954,0.6307909488677979,"[18, 14, 11, 4, 8, 2]","[""SrpR/S3"", ""QacR/Q1"", ""PhlF/P2"", ""BM3R1/B2"", ""LitR/L1"", ""BetI/E1""]",0x77,6
019a5192,0,7.2356427939114125,0.5603939294815063,"[18, 14, 11, 5, 6, 0]","[""SrpR/S3"", ""QacR/Q1"", ""PhlF/P2"", ""BM3R1/B3"", ""HlyIIR/H1"", ""AmeR/F1""]",0x77,6
019a5192,0,2.462086088177908,0.9103720784187316,"[19, 4, 15, 10, 8, 2]","[""SrpR/S4"", ""BM3R1/B2"", ""QacR/Q2"", ""PhlF/P1"", ""LitR/L1"", ""BetI/E1""]",0x77,6
019a5192,0,7.074176422987707,0.6954178810119629,"[19, 14, 11, 4, 8, 2]","[""SrpR/S4"", ""QacR/Q1"", ""PhlF/P2"", ""BM3R1/B2"", ""LitR/L1"", ""BetI/E1""]",0x77,6
019a5192,0,7.107843464122382,0.6799523830413818,"[19, 14, 11, 5, 6, 2]","[""SrpR/S4"", ""QacR/Q1"", ""PhlF/P2"", ""BM3R1/B3"", ""HlyIIR/H1"", ""BetI/E1""]",0x77,6
019a5192,0,6.193698001366088,0.7930046319961548,"[19, 15, 11, 5, 6, 2]","[""SrpR/S4"", ""QacR/Q2"", ""PhlF/P2"", ""BM3R1/B3"", ""HlyIIR/H1"", ""BetI/E1""]",0x77,6
07a57303,1,4.976904592157592,0.8464241623878479,"[1, 2, 19, 10, 4, 15]","[""AmtR/A1"", ""BetI/E1"", ""SrpR/S4"", ""PhlF/P1"", ""BM3R1/B2"", ""QacR/Q2""]",0x77,6
07a57303,1,6.732599509170917,0.7145355939865112,"[1, 11, 3, 15, 8, 2]","[""AmtR/A1"", ""PhlF/P2"", ""BM3R1/B1"", ""QacR/Q2"", ""LitR/L1"", ""BetI/E1""]",0x77,6
07a57303,1,6.638360120518474,0.7450767159461975,"[1, 11, 3, 15, 19, 2]","[""AmtR/A1"", ""PhlF/P2"", ""BM3R1/B1"", ""QacR/Q2"", ""SrpR/S4"", ""BetI/E1""]",0x77,6
07a57303,1,6.91419842497624,0.6994118094444275,"[2, 14, 11, 4, 17, 8]","[""BetI/E1"", ""QacR/Q1"", ""PhlF/P2"", ""BM3R1/B2"", ""SrpR/S2"", ""LitR/L1""]",0x77,6
07a57303,1,6.968327978486153,0.6986873149871826,"[2, 14, 11, 4, 19, 8]","[""BetI/E1"", ""QacR/Q1"", ""PhlF/P2"", ""BM3R1/B2"", ""SrpR/S4"", ""LitR/L1""]",0x77,6
07a57303,1,7.013453876825999,0.6812092661857605,"[2, 14, 11, 5, 19, 8]","[""BetI/E1"", ""QacR/Q1"", ""PhlF/P2"", ""BM3R1/B3"", ""SrpR/S4"", ""LitR/L1""]",0x77,6
07a57303,1,6.241897055251983,0.7977586984634399,"[2, 19, 11, 4, 15, 8]","[""BetI/E1"", ""SrpR/S4"", ""PhlF/P2"", ""BM3R1/B2"", ""QacR/Q2"", ""LitR/L1""]",0x77,6
07a57303,1,6.303802622462865,0.7708613872528076,"[2, 19, 11, 5, 1, 8]","[""BetI/E1"", ""SrpR/S4"", ""PhlF/P2"", ""BM3R1/B3"", ""AmtR/A1"", ""LitR/L1""]",0x77,6
07a57303,1,4.901112715016966,0.8652665615081787,"[4, 2, 19, 1, 10, 15]","[""BM3R1/B2"", ""BetI/E1"", ""SrpR/S4"", ""AmtR/A1"", ""PhlF/P1"", ""QacR/Q2""]",0x77,6
07a57303,1,4.69316213793097,0.8786928057670593,"[4, 2, 19, 15, 10, 7]","[""BM3R1/B2"", ""BetI/E1"", ""SrpR/S4"", ""QacR/Q2"", ""PhlF/P1"", ""IcaRA/I1""]",0x77,6
07a57303,1,2.963065929353698,0.8816555738449097,"[4, 19, 2, 15, 10, 7]","[""BM3R1/B2"", ""SrpR/S4"", ""BetI/E1"", ""QacR/Q2"", ""PhlF/P1"", ""IcaRA/I1""]",0x77,6
07a57303,1,5.156842882129864,0.8192733526229858,"[4, 19, 11, 2, 1, 15]","[""BM3R1/B2"", ""SrpR/S4"", ""PhlF/P2"", ""BetI/E1"", ""AmtR/A1"", ""QacR/Q2""]",0x77,6
07a57303,1,7.025247387740008,0.582157552242279,"[6, 14, 11, 16, 5, 9]","[""HlyIIR/H1"", ""QacR/Q1"", ""PhlF/P2"", ""SrpR/S1"", ""BM3R1/B3"", ""LmrA/N1""]",0x77,6
07a57303,1,6.275157747599278,0.7759859561920166,"[7, 19, 11, 4, 2, 8]","[""IcaRA/I1"", ""SrpR/S4"", ""PhlF/P2"", ""BM3R1/B2"", ""BetI/E1"", ""LitR/L1""]",0x77,6
07a57303,1,5.112444279408739,0.8247714638710022,"[8, 2, 19, 10, 0, 5]","[""LitR/L1"", ""BetI/E1"", ""SrpR/S4"", ""PhlF/P1"", ""AmeR/F1"", ""BM3R1/B3""]",0x77,6
07a57303,1,5.064676002463047,0.8270155787467957,"[8, 2, 19, 10, 5, 6]","[""LitR/L1"", ""BetI/E1"", ""SrpR/S4"", ""PhlF/P1"", ""BM3R1/B3"", ""HlyIIR/H1""]",0x77,6
07a57303,1,4.813663192534482,0.8697450757026672,"[8, 2, 19, 15, 4, 10]","[""LitR/L1"", ""BetI/E1"", ""SrpR/S4"", ""QacR/Q2"", ""BM3R1/B2"", ""PhlF/P1""]",0x77,6
07a57303,1,6.697472428666055,0.7232227921485901,"[8, 11, 3, 15, 19, 2]","[""LitR/L1"", ""PhlF/P2"", ""BM3R1/B1"", ""QacR/Q2"", ""SrpR/S4"", ""BetI/E1""]",0x77,6
07a57303,1,4.742915259666947,0.8743223547935486,"[10, 2, 19, 1, 4, 15]","[""PhlF/P1"", ""BetI/E1"", ""SrpR/S4"", ""AmtR/A1"", ""BM3R1/B2"", ""QacR/Q2""]",0x77,6
07a57303,1,7.018486647925937,0.5899235606193542,"[13, 14, 11, 4, 19, 9]","[""PsrA/R1"", ""QacR/Q1"", ""PhlF/P2"", ""BM3R1/B2"", ""SrpR/S4"", ""LmrA/N1""]",0x77,6
07a57303,1,7.051678602407317,0.5247922539710999,"[13, 14, 11, 5, 8, 9]","[""PsrA/R1"", ""QacR/Q1"", ""PhlF/P2"", ""BM3R1/B3"", ""LitR/L1"", ""LmrA/N1""]",0x77,6
07a57303,1,7.018118659718886,0.6518160700798035,"[13, 14, 11, 5, 19, 8]","[""PsrA/R1"", ""QacR/Q1"", ""PhlF/P2"", ""BM3R1/B3"", ""SrpR/S4"", ""LitR/L1""]",0x77,6
07a57303,1,7.039027296369056,0.5730393528938293,"[13, 14, 11, 5, 19, 9]","[""PsrA/R1"", ""QacR/Q1"", ""PhlF/P2"", ""BM3R1/B3"", ""SrpR/S4"", ""LmrA/N1""]",0x77,6
07a57303,1,7.052007274502829,0.5106303691864014,"[13, 14, 11, 16, 2, 0]","[""PsrA/R1"", ""QacR/Q1"", ""PhlF/P2"", ""SrpR/S1"", ""BetI/E1"", ""AmeR/F1""]",0x77,6
07a57303,1,7.048567027698668,0.5567889213562012,"[13, 14, 11, 16, 5, 0]","[""PsrA/R1"", ""QacR/Q1"", ""PhlF/P2"", ""SrpR/S1"", ""BM3R1/B3"", ""AmeR/F1""]",0x77,6
07a57303,1,7.065756152538224,0.4876717031002044,"[13, 14, 11, 16, 8, 0]","[""PsrA/R1"", ""QacR/Q1"", ""PhlF/P2"", ""SrpR/S1"", ""LitR/L1"", ""AmeR/F1""]",0x77,6
07a57303,1,7.050499678076301,0.5273617506027222,"[13, 14, 11, 16, 9, 0]","[""PsrA/R1"", ""QacR/Q1"", ""PhlF/P2"", ""SrpR/S1"", ""LmrA/N1"", ""AmeR/F1""]",0x77,6
07a57303,1,6.029484389547252,0.8164869546890259,"[15, 2, 11, 4, 19, 8]","[""QacR/Q2"", ""BetI/E1"", ""PhlF/P2"", ""BM3R1/B2"", ""SrpR/S4"", ""LitR/L1""]",0x77,6
07a57303,1,4.991213274175535,0.8333051800727844,"[15, 2, 19, 1, 10, 8]","[""QacR/Q2"", ""BetI/E1"", ""SrpR/S4"", ""AmtR/A1"", ""PhlF/P1"", ""LitR/L1""]",0x77,6
07a57303,1,4.920707394992768,0.8513534665107727,"[15, 2, 19, 4, 1, 10]","[""QacR/Q2"", ""BetI/E1"", ""SrpR/S4"", ""BM3R1/B2"", ""AmtR/A1"", ""PhlF/P1""]",0x77,6
07a57303,1,5.008647460909208,0.8313764929771423,"[15, 2, 19, 5, 1, 10]","[""QacR/Q2"", ""BetI/E1"", ""SrpR/S4"", ""BM3R1/B3"", ""AmtR/A1"", ""PhlF/P1""]",0x77,6
07a57303,1,4.984349438627863,0.8371869921684265,"[15, 2, 19, 5, 10, 8]","[""QacR/Q2"", ""BetI/E1"", ""SrpR/S4"", ""BM3R1/B3"", ""PhlF/P1"", ""LitR/L1""]",0x77,6
07a57303,1,6.199082494592007,0.8135684728622437,"[15, 19, 11, 4, 2, 8]","[""QacR/Q2"", ""SrpR/S4"", ""PhlF/P2"", ""BM3R1/B2"", ""BetI/E1"", ""LitR/L1""]",0x77,6
07a57303,1,6.2748709217845375,0.7976878881454468,"[15, 19, 11, 5, 2, 8]","[""QacR/Q2"", ""SrpR/S4"", ""PhlF/P2"", ""BM3R1/B3"", ""BetI/E1"", ""LitR/L1""]",0x77,6
07a57303,1,7.054421986394098,0.4943612515926361,"[18, 14, 11, 3, 8, 9]","[""SrpR/S3"", ""QacR/Q1"", ""PhlF/P2"", ""BM3R1/B1"", ""LitR/L1"", ""LmrA/N1""]",0x77,6
07a57303,1,6.549195829727879,0.7497702240943909,"[19, 11, 3, 15, 1, 2]","[""SrpR/S4"", ""PhlF/P2"", ""BM3R1/B1"", ""QacR/Q2"", ""AmtR/A1"", ""BetI/E1""]",0x77,6
07a57303,1,6.313380187168209,0.7504406571388245,"[19, 11, 3, 15, 2, 1]","[""SrpR/S4"", ""PhlF/P2"", ""BM3R1/B1"", ""QacR/Q2"", ""BetI/E1"", ""AmtR/A1""]",0x77,6
07a57303,1,6.657207872106701,0.7393353581428528,"[19, 11, 3, 15, 8, 2]","[""SrpR/S4"", ""PhlF/P2"", ""BM3R1/B1"", ""QacR/Q2"", ""LitR/L1"", ""BetI/E1""]",0x77,6
098247b0,0,8.188015581295467,0.7343994379043579,"[4, 2, 11, 8, 15, 19]","[""BM3R1/B2"", ""BetI/E1"", ""PhlF/P2"", ""LitR/L1"", ""QacR/Q2"", ""SrpR/S4""]",0x77,6
098247b0,0,7.4928256551889305,0.7468522191047668,"[4, 2, 11, 8, 17, 15]","[""BM3R1/B2"", ""BetI/E1"", ""PhlF/P2"", ""LitR/L1"", ""SrpR/S2"", ""QacR/Q2""]",0x77,6
098247b0,0,4.658607785322136,0.8434780836105347,"[4, 2, 15, 10, 17, 1]","[""BM3R1/B2"", ""BetI/E1"", ""QacR/Q2"", ""PhlF/P1"", ""SrpR/S2"", ""AmtR/A1""]",0x77,6
098247b0,0,5.041362039454308,0.841168224811554,"[4, 2, 15, 10, 19, 1]","[""BM3R1/B2"", ""BetI/E1"", ""QacR/Q2"", ""PhlF/P1"", ""SrpR/S4"", ""AmtR/A1""]",0x77,6
098247b0,0,6.504088909038354,0.7960568070411682,"[4, 13, 2, 10, 19, 1]","[""BM3R1/B2"", ""PsrA/R1"", ""BetI/E1"", ""PhlF/P1"", ""SrpR/S4"", ""AmtR/A1""]",0x77,6
098247b0,0,9.044959362491543,0.6772173047065735,"[4, 13, 11, 16, 15, 1]","[""BM3R1/B2"", ""PsrA/R1"", ""PhlF/P2"", ""SrpR/S1"", ""QacR/Q2"", ""AmtR/A1""]",0x77,6
098247b0,0,5.975231188033159,0.8399220108985901,"[4, 15, 2, 10, 19, 1]","[""BM3R1/B2"", ""QacR/Q2"", ""BetI/E1"", ""PhlF/P1"", ""SrpR/S4"", ""AmtR/A1""]",0x77,6
098247b0,0,8.130888500218084,0.7429272532463074,"[4, 15, 11, 8, 2, 19]","[""BM3R1/B2"", ""QacR/Q2"", ""PhlF/P2"", ""LitR/L1"", ""BetI/E1"", ""SrpR/S4""]",0x77,6
098247b0,0,8.65947399800417,0.7207973599433899,"[4, 15, 11, 16, 2, 1]","[""BM3R1/B2"", ""QacR/Q2"", ""PhlF/P2"", ""SrpR/S1"", ""BetI/E1"", ""AmtR/A1""]",0x77,6
098247b0,0,3.8198690803230795,0.8515889048576355,"[4, 19, 2, 10, 15, 1]","[""BM3R1/B2"", ""SrpR/S4"", ""BetI/E1"", ""PhlF/P1"", ""QacR/Q2"", ""AmtR/A1""]",0x77,6
098247b0,0,3.518717739985195,0.8638582825660706,"[4, 19, 15, 10, 2, 1]","[""BM3R1/B2"", ""SrpR/S4"", ""QacR/Q2"", ""PhlF/P1"", ""BetI/E1"", ""AmtR/A1""]",0x77,6
098247b0,0,9.294095126752023,0.656843364238739,"[5, 13, 11, 16, 15, 1]","[""BM3R1/B3"", ""PsrA/R1"", ""PhlF/P2"", ""SrpR/S1"", ""QacR/Q2"", ""AmtR/A1""]",0x77,6
098247b0,0,6.185275771688673,0.8175469040870667,"[5, 15, 2, 10, 19, 1]","[""BM3R1/B3"", ""QacR/Q2"", ""BetI/E1"", ""PhlF/P1"", ""SrpR/S4"", ""AmtR/A1""]",0x77,6
098247b0,0,8.853858343776588,0.6995641589164734,"[5, 15, 11, 16, 2, 1]","[""BM3R1/B3"", ""QacR/Q2"", ""PhlF/P2"", ""SrpR/S1"", ""BetI/E1"", ""AmtR/A1""]",0x77,6
098247b0,0,3.820657147125135,0.8454785943031311,"[15, 19, 2, 10, 4, 1]","[""QacR/Q2"", ""SrpR/S4"", ""BetI/E1"", ""PhlF/P1"", ""BM3R1/B2"", ""AmtR/A1""]",0x77,6
098247b0,0,6.940350163082404,0.7885410189628601,"[19, 2, 11, 4, 15, 1]","[""SrpR/S4"", ""BetI/E1"", ""PhlF/P2"", ""BM3R1/B2"", ""QacR/Q2"", ""AmtR/A1""]",0x77,6
098247b0,0,7.380294457565392,0.7490390539169312,"[19, 13, 11, 4, 15, 2]","[""SrpR/S4"", ""PsrA/R1"", ""PhlF/P2"", ""BM3R1/B2"", ""QacR/Q2"", ""BetI/E1""]",0x77,6
098247b0,0,6.786130807013743,0.7931714057922363,"[19, 15, 11, 4, 2, 1]","[""SrpR/S4"", ""QacR/Q2"", ""PhlF/P2"", ""BM3R1/B2"", ""BetI/E1"", ""AmtR/A1""]",0x77,6
098247b0,0,7.220877638533901,0.761125385761261,"[19, 15, 11, 4, 13, 2]","[""SrpR/S4"", ""QacR/Q2"", ""PhlF/P2"", ""BM3R1/B2"", ""PsrA/R1"", ""BetI/E1""]",0x77,6
098247b0,0,6.9730607419325,0.7663108706474304,"[19, 15, 11, 5, 2, 1]","[""SrpR/S4"", ""QacR/Q2"", ""PhlF/P2"", ""BM3R1/B3"", ""BetI/E1"", ""AmtR/A1""]",0x77,6
01f4a154,0,8.175942528251033,0.6272588968276978,"[11, 14, 19, 1, 4, 8, 2]","[""PhlF/P2"", ""QacR/Q1"", ""SrpR/S4"", ""AmtR/A1"", ""BM3R1/B2"", ""LitR/L1"", ""BetI/E1""]",0x77,7
01f4a154,0,5.199032455567507,0.8029862642288208,"[19, 2, 1, 15, 10, 13, 4]","[""SrpR/S4"", ""BetI/E1"", ""AmtR/A1"", ""QacR/Q2"", ""PhlF/P1"", ""PsrA/R1"", ""BM3R1/B2""]",0x77,7
01f4a154,0,4.452415831661746,0.8304367661476135,"[1, 2, 4, 15, 19, 8, 10]","[""AmtR/A1"", ""BetI/E1"", ""BM3R1/B2"", ""QacR/Q2"", ""SrpR/S4"", ""LitR/L1"", ""PhlF/P1""]",0x77,7
01f4a154,0,7.932256210281525,0.6422104835510254,"[11, 14, 9, 19, 5, 8, 2]","[""PhlF/P2"", ""QacR/Q1"", ""LmrA/N1"", ""SrpR/S4"", ""BM3R1/B3"", ""LitR/L1"", ""BetI/E1""]",0x77,7
01f4a154,0,6.257485534523232,0.7790376543998718,"[11, 5, 1, 15, 19, 8, 2]","[""PhlF/P2"", ""BM3R1/B3"", ""AmtR/A1"", ""QacR/Q2"", ""SrpR/S4"", ""LitR/L1"", ""BetI/E1""]",0x77,7
01f4a154,0,5.081951797405424,0.8175936937332153,"[19, 15, 2, 1, 10, 7, 4]","[""SrpR/S4"", ""QacR/Q2"", ""BetI/E1"", ""AmtR/A1"", ""PhlF/P1"", ""IcaRA/I1"", ""BM3R1/B2""]",0x77,7
01f4a154,0,7.091620847050876,0.7594435811042786,"[11, 2, 4, 1, 19, 6, 15]","[""PhlF/P2"", ""BetI/E1"", ""BM3R1/B2"", ""AmtR/A1"", ""SrpR/S4"", ""HlyIIR/H1"", ""QacR/Q2""]",0x77,7
01f4a154,0,8.721399734168548,0.5357567071914673,"[11, 14, 5, 1, 6, 8, 13]","[""PhlF/P2"", ""QacR/Q1"", ""BM3R1/B3"", ""AmtR/A1"", ""HlyIIR/H1"", ""LitR/L1"", ""PsrA/R1""]",0x77,7
01f4a154,0,8.712654302161933,0.5513325333595276,"[11, 14, 5, 19, 8, 6, 13]","[""PhlF/P2"", ""QacR/Q1"", ""BM3R1/B3"", ""SrpR/S4"", ""LitR/L1"", ""HlyIIR/H1"", ""PsrA/R1""]",0x77,7
01f4a154,0,7.578280544410512,0.6854415535926819,"[11, 19, 4, 1, 13, 6, 15]","[""PhlF/P2"", ""SrpR/S4"", ""BM3R1/B2"", ""AmtR/A1"", ""PsrA/R1"", ""HlyIIR/H1"", ""QacR/Q2""]",0x77,7
01f4a154,0,4.516861289190215,0.8249383568763733,"[1, 15, 2, 19, 10, 7, 4]","[""AmtR/A1"", ""QacR/Q2"", ""BetI/E1"", ""SrpR/S4"", ""PhlF/P1"", ""IcaRA/I1"", ""BM3R1/B2""]",0x77,7
01f4a154,0,8.586722872594265,0.5968583822250366,"[11, 14, 4, 19, 2, 6, 13]","[""PhlF/P2"", ""QacR/Q1"", ""BM3R1/B2"", ""SrpR/S4"", ""BetI/E1"", ""HlyIIR/H1"", ""PsrA/R1""]",0x77,7
01f4a154,0,7.31657681421704,0.719918966293335,"[11, 19, 2, 13, 5, 6, 15]","[""PhlF/P2"", ""SrpR/S4"", ""BetI/E1"", ""PsrA/R1"", ""BM3R1/B3"", ""HlyIIR/H1"", ""QacR/Q2""]",0x77,7
01f4a154,0,7.0963879866027835,0.7389339208602905,"[11, 19, 1, 2, 4, 8, 15]","[""PhlF/P2"", ""SrpR/S4"", ""AmtR/A1"", ""BetI/E1"", ""BM3R1/B2"", ""LitR/L1"", ""QacR/Q2""]",0x77,7
01f4a154,0,7.463504167847828,0.7122637629508972,"[11, 19, 5, 1, 2, 6, 15]","[""PhlF/P2"", ""SrpR/S4"", ""BM3R1/B3"", ""AmtR/A1"", ""BetI/E1"", ""HlyIIR/H1"", ""QacR/Q2""]",0x77,7
01f4a154,0,8.420531972866254,0.6159149408340454,"[11, 14, 4, 19, 2, 8, 13]","[""PhlF/P2"", ""QacR/Q1"", ""BM3R1/B2"", ""SrpR/S4"", ""BetI/E1"", ""LitR/L1"", ""PsrA/R1""]",0x77,7
01f4a154,0,8.346850359307378,0.6268848180770874,"[11, 14, 1, 19, 5, 6, 2]","[""PhlF/P2"", ""QacR/Q1"", ""AmtR/A1"", ""SrpR/S4"", ""BM3R1/B3"", ""HlyIIR/H1"", ""BetI/E1""]",0x77,7
01f4a154,0,5.280396982951329,0.7965086698532104,"[19, 2, 9, 15, 10, 7, 4]","[""SrpR/S4"", ""BetI/E1"", ""LmrA/N1"", ""QacR/Q2"", ""PhlF/P1"", ""IcaRA/I1"", ""BM3R1/B2""]",0x77,7
01f4a154,0,7.552082725922428,0.7061413526535034,"[11, 19, 13, 2, 5, 6, 15]","[""PhlF/P2"", ""SrpR/S4"", ""PsrA/R1"", ""BetI/E1"", ""BM3R1/B3"", ""HlyIIR/H1"", ""QacR/Q2""]",0x77,7
01f4a154,0,4.983580518401111,0.8224736452102661,"[2, 4, 1, 19, 10, 8, 15]","[""BetI/E1"", ""BM3R1/B2"", ""AmtR/A1"", ""SrpR/S4"", ""PhlF/P1"", ""LitR/L1"", ""QacR/Q2""]",0x77,7
01f4a154,0,5.195757570737686,0.8032507300376892,"[19, 2, 10, 1, 15, 13, 4]","[""SrpR/S4"", ""BetI/E1"", ""PhlF/P1"", ""AmtR/A1"", ""QacR/Q2"", ""PsrA/R1"", ""BM3R1/B2""]",0x77,7
01f4a154,0,8.79616272226137,0.5268058180809021,"[11, 14, 3, 1, 8, 16, 2]","[""PhlF/P2"", ""QacR/Q1"", ""BM3R1/B1"", ""AmtR/A1"", ""LitR/L1"", ""SrpR/S1"", ""BetI/E1""]",0x77,7
01f4a154,0,5.407976569957224,0.781264066696167,"[2, 15, 10, 1, 4, 8, 17]","[""BetI/E1"", ""QacR/Q2"", ""PhlF/P1"", ""AmtR/A1"", ""BM3R1/B2"", ""LitR/L1"", ""SrpR/S2""]",0x77,7
01f4a154,0,7.884852994472151,0.6605350971221924,"[14, 11, 4, 1, 19, 8, 2]","[""QacR/Q1"", ""PhlF/P2"", ""BM3R1/B2"", ""AmtR/A1"", ""SrpR/S4"", ""LitR/L1"", ""BetI/E1""]",0x77,7
01f4a154,0,7.155846905636734,0.7202358245849609,"[11, 19, 1, 2, 15, 3, 13]","[""PhlF/P2"", ""SrpR/S4"", ""AmtR/A1"", ""BetI/E1"", ""QacR/Q2"", ""BM3R1/B1"", ""PsrA/R1""]",0x77,7
01f4a154,0,8.112860391796213,0.6313937902450562,"[14, 11, 16, 1, 5, 8, 2]","[""QacR/Q1"", ""PhlF/P2"", ""SrpR/S1"", ""AmtR/A1"", ""BM3R1/B3"", ""LitR/L1"", ""BetI/E1""]",0x77,7
01f4a154,0,9.073025721058798,0.4976905286312103,"[11, 14, 3, 1, 8, 16, 13]","[""PhlF/P2"", ""QacR/Q1"", ""BM3R1/B1"", ""AmtR/A1"", ""LitR/L1"", ""SrpR/S1"", ""PsrA/R1""]",0x77,7
01f4a154,0,8.688386281173104,0.5705453157424927,"[11, 14, 3, 1, 19, 8, 13]","[""PhlF/P2"", ""QacR/Q1"", ""BM3R1/B1"", ""AmtR/A1"", ""SrpR/S4"", ""LitR/L1"", ""PsrA/R1""]",0x77,7
0857254f,1,8.497947561745093,0.4874859154224396,"[1, 0, 3, 16, 13, 11, 14]","[""AmtR/A1"", ""AmeR/F1"", ""BM3R1/B1"", ""SrpR/S1"", ""PsrA/R1"", ""PhlF/P2"", ""QacR/Q1""]",0x77,7
0857254f,1,7.69067123339835,0.6193383932113647,"[1, 2, 17, 4, 13, 11, 14]","[""AmtR/A1"", ""BetI/E1"", ""SrpR/S2"", ""BM3R1/B2"", ""PsrA/R1"", ""PhlF/P2"", ""QacR/Q1""]",0x77,7
0857254f,1,6.126054703458504,0.7599459886550903,"[1, 13, 19, 4, 2, 11, 15]","[""AmtR/A1"", ""PsrA/R1"", ""SrpR/S4"", ""BM3R1/B2"", ""BetI/E1"", ""PhlF/P2"", ""QacR/Q2""]",0x77,7
0857254f,1,6.9304500471841495,0.73582923412323,"[2, 1, 4, 8, 15, 11, 19]","[""BetI/E1"", ""AmtR/A1"", ""BM3R1/B2"", ""LitR/L1"", ""QacR/Q2"", ""PhlF/P2"", ""SrpR/S4""]",0x77,7
0857254f,1,2.874213403957688,0.7988071441650391,"[1, 13, 10, 5, 15, 19, 2]","[""AmtR/A1"", ""PsrA/R1"", ""PhlF/P1"", ""BM3R1/B3"", ""QacR/Q2"", ""SrpR/S4"", ""BetI/E1""]",0x77,7
0857254f,1,8.27152999383415,0.5111699104309082,"[1, 0, 3, 9, 13, 11, 14]","[""AmtR/A1"", ""AmeR/F1"", ""BM3R1/B1"", ""LmrA/N1"", ""PsrA/R1"", ""PhlF/P2"", ""QacR/Q1""]",0x77,7
0857254f,1,7.265614474233379,0.6455477476119995,"[1, 14, 4, 8, 13, 11, 19]","[""AmtR/A1"", ""QacR/Q1"", ""BM3R1/B2"", ""LitR/L1"", ""PsrA/R1"", ""PhlF/P2"", ""SrpR/S4""]",0x77,7
0857254f,1,1.2767298701744423,0.8117552995681763,"[2, 1, 4, 10, 15, 19, 0]","[""BetI/E1"", ""AmtR/A1"", ""BM3R1/B2"", ""PhlF/P1"", ""QacR/Q2"", ""SrpR/S4"", ""AmeR/F1""]",0x77,7
0857254f,1,7.94394138412818,0.5495463609695435,"[1, 0, 17, 9, 13, 11, 14]","[""AmtR/A1"", ""AmeR/F1"", ""SrpR/S2"", ""LmrA/N1"", ""PsrA/R1"", ""PhlF/P2"", ""QacR/Q1""]",0x77,7
0857254f,1,4.733539211411182,0.7943819761276245,"[1, 13, 4, 10, 15, 2, 17]","[""AmtR/A1"", ""PsrA/R1"", ""BM3R1/B2"", ""PhlF/P1"", ""QacR/Q2"", ""BetI/E1"", ""SrpR/S2""]",0x77,7
0857254f,1,2.6405217646602783,0.8026692867279053,"[1, 13, 10, 4, 15, 19, 2]","[""AmtR/A1"", ""PsrA/R1"", ""PhlF/P1"", ""BM3R1/B2"", ""QacR/Q2"", ""SrpR/S4"", ""BetI/E1""]",0x77,7
0857254f,1,5.700984456323941,0.7703367471694946,"[19, 1, 4, 10, 13, 2, 15]","[""SrpR/S4"", ""AmtR/A1"", ""BM3R1/B2"", ""PhlF/P1"", ""PsrA/R1"", ""BetI/E1"", ""QacR/Q2""]",0x77,7
0857254f,1,7.3274525935528025,0.6227583885192871,"[2, 19, 5, 1, 13, 11, 14]","[""BetI/E1"", ""SrpR/S4"", ""BM3R1/B3"", ""AmtR/A1"", ""PsrA/R1"", ""PhlF/P2"", ""QacR/Q1""]",0x77,7
0857254f,1,-0.08365207266449834,0.8131765127182007,"[10, 1, 19, 4, 2, 15, 0]","[""PhlF/P1"", ""AmtR/A1"", ""SrpR/S4"", ""BM3R1/B2"", ""BetI/E1"", ""QacR/Q2"", ""AmeR/F1""]",0x77,7
0857254f,1,7.8081950337727575,0.5914534330368042,"[1, 0, 17, 5, 13, 11, 14]","[""AmtR/A1"", ""AmeR/F1"", ""SrpR/S2"", ""BM3R1/B3"", ""PsrA/R1"", ""PhlF/P2"", ""QacR/Q1""]",0x77,7
0857254f,1,3.9840462844852484,0.7946879863739014,"[1, 13, 4, 10, 2, 15, 19]","[""AmtR/A1"", ""PsrA/R1"", ""BM3R1/B2"", ""PhlF/P1"", ""BetI/E1"", ""QacR/Q2"", ""SrpR/S4""]",0x77,7
0857254f,1,7.2380937429512375,0.6799004077911377,"[1, 15, 2, 3, 13, 11, 19]","[""AmtR/A1"", ""QacR/Q2"", ""BetI/E1"", ""BM3R1/B1"", ""PsrA/R1"", ""PhlF/P2"", ""SrpR/S4""]",0x77,7
0857254f,1,3.9250627867185997,0.7955495119094849,"[13, 1, 4, 10, 15, 2, 17]","[""PsrA/R1"", ""AmtR/A1"", ""BM3R1/B2"", ""PhlF/P1"", ""QacR/Q2"", ""BetI/E1"", ""SrpR/S2""]",0x77,7
0857254f,1,7.973231487841436,0.5321148633956909,"[19, 1, 5, 6, 13, 11, 14]","[""SrpR/S4"", ""AmtR/A1"", ""BM3R1/B3"", ""HlyIIR/H1"", ""PsrA/R1"", ""PhlF/P2"", ""QacR/Q1""]",0x77,7
0857254f,1,-1.5197681850203013,0.8319091796875,"[19, 1, 2, 10, 8, 15, 4]","[""SrpR/S4"", ""AmtR/A1"", ""BetI/E1"", ""PhlF/P1"", ""LitR/L1"", ""QacR/Q2"", ""BM3R1/B2""]",0x77,7
0857254f,1,7.841902804373612,0.5787633657455444,"[1, 18, 4, 9, 13, 11, 14]","[""AmtR/A1"", ""SrpR/S3"", ""BM3R1/B2"", ""LmrA/N1"", ""PsrA/R1"", ""PhlF/P2"", ""QacR/Q1""]",0x77,7
0857254f,1,7.072478239421858,0.6997247934341431,"[1, 15, 4, 16, 13, 11, 2]","[""AmtR/A1"", ""QacR/Q2"", ""BM3R1/B2"", ""SrpR/S1"", ""PsrA/R1"", ""PhlF/P2"", ""BetI/E1""]",0x77,7
0857254f,1,-0.3803060276169635,0.8161548376083374,"[10, 5, 2, 19, 1, 15, 0]","[""PhlF/P1"", ""BM3R1/B3"", ""BetI/E1"", ""SrpR/S4"", ""AmtR/A1"", ""QacR/Q2"", ""AmeR/F1""]",0x77,7
0857254f,1,5.521007772957619,0.7877200841903687,"[1, 13, 11, 4, 15, 19, 2]","[""AmtR/A1"", ""PsrA/R1"", ""PhlF/P2"", ""BM3R1/B2"", ""QacR/Q2"", ""SrpR/S4"", ""BetI/E1""]",0x77,7
0857254f,1,6.032676188265018,0.7672590017318726,"[13, 2, 4, 1, 15, 11, 19]","[""PsrA/R1"", ""BetI/E1"", ""BM3R1/B2"", ""AmtR/A1"", ""QacR/Q2"", ""PhlF/P2"", ""SrpR/S4""]",0x77,7
0857254f,1,1.5010048543571421,0.8061543703079224,"[1, 13, 2, 10, 17, 15, 4]","[""AmtR/A1"", ""PsrA/R1"", ""BetI/E1"", ""PhlF/P1"", ""SrpR/S2"", ""QacR/Q2"", ""BM3R1/B2""]",0x77,7
0857254f,1,7.044942358407097,0.7279741764068604,"[15, 1, 2, 5, 13, 11, 19]","[""QacR/Q2"", ""AmtR/A1"", ""BetI/E1"", ""BM3R1/B3"", ""PsrA/R1"", ""PhlF/P2"", ""SrpR/S4""]",0x77,7
0857254f,1,7.934780128139167,0.5510412454605103,"[19, 0, 5, 8, 13, 11, 14]","[""SrpR/S4"", ""AmeR/F1"", ""BM3R1/B3"", ""LitR/L1"", ""PsrA/R1"", ""PhlF/P2"", ""QacR/Q1""]",0x77,7
0857254f,1,6.8662757507009635,0.7577434778213501,"[1, 13, 17, 4, 15, 11, 2]","[""AmtR/A1"", ""PsrA/R1"", ""SrpR/S2"", ""BM3R1/B2"", ""QacR/Q2"", ""PhlF/P2"", ""BetI/E1""]",0x77,7
0857254f,1,5.546669831219706,0.7768192291259766,"[13, 1, 4, 17, 15, 11, 2]","[""PsrA/R1"", ""AmtR/A1"", ""BM3R1/B2"", ""SrpR/S2"", ""QacR/Q2"", ""PhlF/P2"", ""BetI/E1""]",0x77,7
0857254f,1,-0.7171574590057173,0.8175559043884277,"[19, 1, 4, 15, 10, 2, 0]","[""SrpR/S4"", ""AmtR/A1"", ""BM3R1/B2"", ""QacR/Q2"", ""PhlF/P1"", ""BetI/E1"", ""AmeR/F1""]",0x77,7
0857254f,1,8.558705054225847,0.3486197292804718,"[1, 7, 8, 6, 13, 11, 14]","[""AmtR/A1"", ""IcaRA/I1"", ""LitR/L1"", ""HlyIIR/H1"", ""PsrA/R1"", ""PhlF/P2"", ""QacR/Q1""]",0x77,7
09a32db6,0,5.077182120680117,0.7658069133758545,"[19, 2, 9, 4, 1, 10, 15]","[""SrpR/S4"", ""BetI/E1"", ""LmrA/N1"", ""BM3R1/B2"", ""AmtR/A1"", ""PhlF/P1"", ""QacR/Q2""]",0x77,7
09a32db6,0,2.741524694266567,0.8259617686271667,"[2, 17, 1, 4, 10, 8, 15]","[""BetI/E1"", ""SrpR/S2"", ""AmtR/A1"", ""BM3R1/B2"", ""PhlF/P1"", ""LitR/L1"", ""QacR/Q2""]",0x77,7
09a32db6,0,4.11343346328087,0.8172342777252197,"[1, 15, 2, 5, 10, 8, 19]","[""AmtR/A1"", ""QacR/Q2"", ""BetI/E1"", ""BM3R1/B3"", ""PhlF/P1"", ""LitR/L1"", ""SrpR/S4""]",0x77,7
09a32db6,0,7.147108791020536,0.3581384718418121,"[11, 14, 16, 2, 7, 4, 1]","[""PhlF/P2"", ""QacR/Q1"", ""SrpR/S1"", ""BetI/E1"", ""IcaRA/I1"", ""BM3R1/B2"", ""AmtR/A1""]",0x77,7
09a32db6,0,6.121674208961454,0.7353362441062927,"[11, 19, 4, 15, 13, 2, 1]","[""PhlF/P2"", ""SrpR/S4"", ""BM3R1/B2"", ""QacR/Q2"", ""PsrA/R1"", ""BetI/E1"", ""AmtR/A1""]",0x77,7
09a32db6,0,6.6798872432750045,0.7245118021965027,"[14, 11, 8, 5, 1, 19, 2]","[""QacR/Q1"", ""PhlF/P2"", ""LitR/L1"", ""BM3R1/B3"", ""AmtR/A1"", ""SrpR/S4"", ""BetI/E1""]",0x77,7
09a32db6,0,7.100689765748227,0.5622406601905823,"[11, 14, 8, 19, 1, 4, 13]","[""PhlF/P2"", ""QacR/Q1"", ""LitR/L1"", ""SrpR/S4"", ""AmtR/A1"", ""BM3R1/B2"", ""PsrA/R1""]",0x77,7
09a32db6,0,6.1251821594485785,0.7306826114654541,"[11, 19, 15, 4, 2, 1, 0]","[""PhlF/P2"", ""SrpR/S4"", ""QacR/Q2"", ""BM3R1/B2"", ""BetI/E1"", ""AmtR/A1"", ""AmeR/F1""]",0x77,7
09a32db6,0,6.923882370784349,0.6248552799224854,"[11, 14, 2, 19, 1, 4, 0]","[""PhlF/P2"", ""QacR/Q1"", ""BetI/E1"", ""SrpR/S4"", ""AmtR/A1"", ""BM3R1/B2"", ""AmeR/F1""]",0x77,7
09a32db6,0,6.095541574042928,0.7407499551773071,"[11, 15, 1, 5, 2, 19, 0]","[""PhlF/P2"", ""QacR/Q2"", ""AmtR/A1"", ""BM3R1/B3"", ""BetI/E1"", ""SrpR/S4"", ""AmeR/F1""]",0x77,7
09a32db6,0,4.4535706936390875,0.8147152066230774,"[1, 2, 4, 10, 13, 0, 15]","[""AmtR/A1"", ""BetI/E1"", ""BM3R1/B2"", ""PhlF/P1"", ""PsrA/R1"", ""AmeR/F1"", ""QacR/Q2""]",0x77,7
09a32db6,0,4.679739087163606,0.7924231290817261,"[19, 15, 1, 5, 10, 8, 2]","[""SrpR/S4"", ""QacR/Q2"", ""AmtR/A1"", ""BM3R1/B3"", ""PhlF/P1"", ""LitR/L1"", ""BetI/E1""]",0x77,7
09a32db6,0,0.8890110119207938,0.8355040550231934,"[15, 1, 4, 19, 10, 8, 2]","[""QacR/Q2"", ""AmtR/A1"", ""BM3R1/B2"", ""SrpR/S4"", ""PhlF/P1"", ""LitR/L1"", ""BetI/E1""]",0x77,7
09a32db6,0,7.0352246533944935,0.5802807807922363,"[11, 14, 1, 2, 5, 6, 13]","[""PhlF/P2"", ""QacR/Q1"", ""AmtR/A1"", ""BetI/E1"", ""BM3R1/B3"", ""HlyIIR/H1"", ""PsrA/R1""]",0x77,7
09a32db6,0,6.479046037930468,0.7296869158744812,"[14, 11, 13, 5, 1, 19, 2]","[""QacR/Q1"", ""PhlF/P2"", ""PsrA/R1"", ""BM3R1/B3"", ""AmtR/A1"", ""SrpR/S4"", ""BetI/E1""]",0x77,7
09a32db6,0,6.070961441665625,0.743058443069458,"[11, 2, 4, 8, 19, 1, 15]","[""PhlF/P2"", ""BetI/E1"", ""BM3R1/B2"", ""LitR/L1"", ""SrpR/S4"", ""AmtR/A1"", ""QacR/Q2""]",0x77,7
09a32db6,0,6.758753786501829,0.6722723841667175,"[14, 11, 8, 4, 19, 1, 13]","[""QacR/Q1"", ""PhlF/P2"", ""LitR/L1"", ""BM3R1/B2"", ""SrpR/S4"", ""AmtR/A1"", ""PsrA/R1""]",0x77,7
09a32db6,0,7.14316504502902,0.5078339576721191,"[11, 14, 16, 2, 13, 4, 1]","[""PhlF/P2"", ""QacR/Q1"", ""SrpR/S1"", ""BetI/E1"", ""PsrA/R1"", ""BM3R1/B2"", ""AmtR/A1""]",0x77,7
09a32db6,0,5.06091160113454,0.7722587585449219,"[19, 2, 0, 10, 13, 15, 5]","[""SrpR/S4"", ""BetI/E1"", ""AmeR/F1"", ""PhlF/P1"", ""PsrA/R1"", ""QacR/Q2"", ""BM3R1/B3""]",0x77,7
09a32db6,0,4.475139678797659,0.8040529489517212,"[1, 2, 4, 10, 6, 7, 19]","[""AmtR/A1"", ""BetI/E1"", ""BM3R1/B2"", ""PhlF/P1"", ""HlyIIR/H1"", ""IcaRA/I1"", ""SrpR/S4""]",0x77,7
09a32db6,0,5.482926958524876,0.7609291076660156,"[11, 13, 4, 15, 1, 2, 19]","[""PhlF/P2"", ""PsrA/R1"", ""BM3R1/B2"", ""QacR/Q2"", ""AmtR/A1"", ""BetI/E1"", ""SrpR/S4""]",0x77,7
09a32db6,0,7.075733091479226,0.5687543153762817,"[11, 14, 8, 19, 1, 2, 13]","[""PhlF/P2"", ""QacR/Q1"", ""LitR/L1"", ""SrpR/S4"", ""AmtR/A1"", ""BetI/E1"", ""PsrA/R1""]",0x77,7
09a32db6,0,4.394026539972115,0.8155759572982788,"[1, 15, 17, 5, 10, 8, 2]","[""AmtR/A1"", ""QacR/Q2"", ""SrpR/S2"", ""BM3R1/B3"", ""PhlF/P1"", ""LitR/L1"", ""BetI/E1""]",0x77,7
09a32db6,0,6.811053013916183,0.6311308741569519,"[11, 14, 2, 4, 19, 1, 0]","[""PhlF/P2"", ""QacR/Q1"", ""BetI/E1"", ""BM3R1/B2"", ""SrpR/S4"", ""AmtR/A1"", ""AmeR/F1""]",0x77,7
09a32db6,0,6.03156424498019,0.7523186206817627,"[11, 2, 4, 13, 1, 19, 15]","[""PhlF/P2"", ""BetI/E1"", ""BM3R1/B2"", ""PsrA/R1"", ""AmtR/A1"", ""SrpR/S4"", ""QacR/Q2""]",0x77,7
09a32db6,0,7.016317781506188,0.6043698191642761,"[11, 14, 9, 19, 1, 5, 0]","[""PhlF/P2"", ""QacR/Q1"", ""LmrA/N1"", ""SrpR/S4"", ""AmtR/A1"", ""BM3R1/B3"", ""AmeR/F1""]",0x77,7
09a32db6,0,6.77435626906039,0.6588072776794434,"[14, 11, 9, 4, 1, 2, 13]","[""QacR/Q1"", ""PhlF/P2"", ""LmrA/N1"", ""BM3R1/B2"", ""AmtR/A1"", ""BetI/E1"", ""PsrA/R1""]",0x77,7
09a32db6,0,2.4810813882817593,0.8335995674133301,"[15, 2, 1, 5, 10, 7, 19]","[""QacR/Q2"", ""BetI/E1"", ""AmtR/A1"", ""BM3R1/B3"", ""PhlF/P1"", ""IcaRA/I1"", ""SrpR/S4""]",0x77,7
09a32db6,0,4.97627655000603,0.7907812595367432,"[19, 15, 4, 10, 6, 1, 2]","[""SrpR/S4"", ""QacR/Q2"", ""BM3R1/B2"", ""PhlF/P1"", ""HlyIIR/H1"", ""AmtR/A1"", ""BetI/E1""]",0x77,7
09a32db6,0,7.0257326715567485,0.6031859517097473,"[11, 14, 4, 1, 19, 2, 0]","[""PhlF/P2"", ""QacR/Q1"", ""BM3R1/B2"", ""AmtR/A1"", ""SrpR/S4"", ""BetI/E1"", ""AmeR/F1""]",0x77,7
09a32db6,0,6.9662227325151,0.6188822388648987,"[11, 14, 4, 8, 1, 2, 19]","[""PhlF/P2"", ""QacR/Q1"", ""BM3R1/B2"", ""LitR/L1"", ""AmtR/A1"", ""BetI/E1"", ""SrpR/S4""]",0x77,7
09a32db6,0,6.098834318366223,0.739076554775238,"[11, 2, 9, 4, 1, 19, 15]","[""PhlF/P2"", ""BetI/E1"", ""LmrA/N1"", ""BM3R1/B2"", ""AmtR/A1"", ""SrpR/S4"", ""QacR/Q2""]",0x77,7
09a32db6,0,6.775803557082925,0.6378515362739563,"[14, 11, 16, 4, 2, 8, 13]","[""QacR/Q1"", ""PhlF/P2"", ""SrpR/S1"", ""BM3R1/B2"", ""BetI/E1"", ""LitR/L1"", ""PsrA/R1""]",0x77,7
09a32db6,0,5.0053207784550215,0.7772331237792969,"[19, 15, 0, 10, 13, 2, 5]","[""SrpR/S4"", ""QacR/Q2"", ""AmeR/F1"", ""PhlF/P1"", ""PsrA/R1"", ""BetI/E1"", ""BM3R1/B3""]",0x77,7
09f55c47,0,5.538089444696873,0.7567923069000244,"[19, 11, 8, 4, 2, 1, 15]","[""SrpR/S4"", ""PhlF/P2"", ""LitR/L1"", ""BM3R1/B2"", ""BetI/E1"", ""AmtR/A1"", ""QacR/Q2""]",0x77,7
09f55c47,0,7.098766224397022,0.5589153170585632,"[11, 14, 0, 13, 4, 8, 17]","[""PhlF/P2"", ""QacR/Q1"", ""AmeR/F1"", ""PsrA/R1"", ""BM3R1/B2"", ""LitR/L1"", ""SrpR/S2""]",0x77,7
09f55c47,0,6.186465207975948,0.7341121435165405,"[11, 19, 1, 2, 0, 5, 15]","[""PhlF/P2"", ""SrpR/S4"", ""AmtR/A1"", ""BetI/E1"", ""AmeR/F1"", ""BM3R1/B3"", ""QacR/Q2""]",0x77,7
09f55c47,0,7.093339219401293,0.5693197846412659,"[11, 14, 2, 13, 4, 19, 1]","[""PhlF/P2"", ""QacR/Q1"", ""BetI/E1"", ""PsrA/R1"", ""BM3R1/B2"", ""SrpR/S4"", ""AmtR/A1""]",0x77,7
09f55c47,0,7.183539373215379,0.4844099283218384,"[11, 14, 0, 13, 16, 9, 1]","[""PhlF/P2"", ""QacR/Q1"", ""AmeR/F1"", ""PsrA/R1"", ""SrpR/S1"", ""LmrA/N1"", ""AmtR/A1""]",0x77,7
09f55c47,0,7.037040820558536,0.5976132750511169,"[11, 14, 0, 2, 4, 13, 1]","[""PhlF/P2"", ""QacR/Q1"", ""AmeR/F1"", ""BetI/E1"", ""BM3R1/B2"", ""PsrA/R1"", ""AmtR/A1""]",0x77,7
09f55c47,0,6.21959410666449,0.7258239388465881,"[11, 19, 8, 4, 2, 1, 15]","[""PhlF/P2"", ""SrpR/S4"", ""LitR/L1"", ""BM3R1/B2"", ""BetI/E1"", ""AmtR/A1"", ""QacR/Q2""]",0x77,7
09f55c47,0,5.076440988041365,0.7875259518623352,"[19, 2, 4, 10, 1, 8, 15]","[""SrpR/S4"", ""BetI/E1"", ""BM3R1/B2"", ""PhlF/P1"", ""AmtR/A1"", ""LitR/L1"", ""QacR/Q2""]",0x77,7
09f55c47,0,7.049148258262747,0.5857643485069275,"[11, 14, 0, 2, 5, 17, 1]","[""PhlF/P2"", ""QacR/Q1"", ""AmeR/F1"", ""BetI/E1"", ""BM3R1/B3"", ""SrpR/S2"", ""AmtR/A1""]",0x77,7
09f55c47,0,7.148326376379512,0.5489750504493713,"[11, 14, 0, 13, 4, 2, 1]","[""PhlF/P2"", ""QacR/Q1"", ""AmeR/F1"", ""PsrA/R1"", ""BM3R1/B2"", ""BetI/E1"", ""AmtR/A1""]",0x77,7
09f55c47,0,4.957709263739878,0.8138685822486877,"[19, 15, 1, 4, 10, 8, 2]","[""SrpR/S4"", ""QacR/Q2"", ""AmtR/A1"", ""BM3R1/B2"", ""PhlF/P1"", ""LitR/L1"", ""BetI/E1""]",0x77,7
09f55c47,0,7.174364640999634,0.5125839114189148,"[11, 14, 0, 13, 9, 17, 4]","[""PhlF/P2"", ""QacR/Q1"", ""AmeR/F1"", ""PsrA/R1"", ""LmrA/N1"", ""SrpR/S2"", ""BM3R1/B2""]",0x77,7
09f55c47,0,7.002064893130055,0.6139863133430481,"[11, 14, 1, 2, 17, 13, 4]","[""PhlF/P2"", ""QacR/Q1"", ""AmtR/A1"", ""BetI/E1"", ""SrpR/S2"", ""PsrA/R1"", ""BM3R1/B2""]",0x77,7
09f55c47,0,7.055750772975128,0.5845283269882202,"[11, 14, 4, 2, 13, 8, 6]","[""PhlF/P2"", ""QacR/Q1"", ""BM3R1/B2"", ""BetI/E1"", ""PsrA/R1"", ""LitR/L1"", ""HlyIIR/H1""]",0x77,7
09f55c47,0,6.074143096427226,0.7417193651199341,"[11, 2, 4, 1, 17, 8, 15]","[""PhlF/P2"", ""BetI/E1"", ""BM3R1/B2"", ""AmtR/A1"", ""SrpR/S2"", ""LitR/L1"", ""QacR/Q2""]",0x77,7
09f55c47,0,7.0039179434104994,0.6076862215995789,"[11, 14, 0, 2, 4, 13, 19]","[""PhlF/P2"", ""QacR/Q1"", ""AmeR/F1"", ""BetI/E1"", ""BM3R1/B2"", ""PsrA/R1"", ""SrpR/S4""]",0x77,7
09f55c47,0,5.248565627074328,0.7790826559066772,"[19, 2, 1, 11, 5, 6, 15]","[""SrpR/S4"", ""BetI/E1"", ""AmtR/A1"", ""PhlF/P2"", ""BM3R1/B3"", ""HlyIIR/H1"", ""QacR/Q2""]",0x77,7
09f55c47,0,6.557397089022425,0.6870652437210083,"[3, 11, 1, 19, 2, 13, 15]","[""BM3R1/B1"", ""PhlF/P2"", ""AmtR/A1"", ""SrpR/S4"", ""BetI/E1"", ""PsrA/R1"", ""QacR/Q2""]",0x77,7
09f55c47,0,7.15130274771551,0.5422777533531189,"[11, 14, 0, 13, 5, 19, 1]","[""PhlF/P2"", ""QacR/Q1"", ""AmeR/F1"", ""PsrA/R1"", ""BM3R1/B3"", ""SrpR/S4"", ""AmtR/A1""]",0x77,7
09f55c47,0,6.968349162230454,0.6253507733345032,"[11, 14, 19, 2, 5, 6, 8]","[""PhlF/P2"", ""QacR/Q1"", ""SrpR/S4"", ""BetI/E1"", ""BM3R1/B3"", ""HlyIIR/H1"", ""LitR/L1""]",0x77,7
09f55c47,0,5.343025729613146,0.7573249936103821,"[19, 11, 1, 2, 0, 5, 15]","[""SrpR/S4"", ""PhlF/P2"", ""AmtR/A1"", ""BetI/E1"", ""AmeR/F1"", ""BM3R1/B3"", ""QacR/Q2""]",0x77,7
09f55c47,0,6.140293072899486,0.735372006893158,"[11, 2, 19, 15, 4, 8, 1]","[""PhlF/P2"", ""BetI/E1"", ""SrpR/S4"", ""QacR/Q2"", ""BM3R1/B2"", ""LitR/L1"", ""AmtR/A1""]",0x77,7
09f55c47,0,6.528611730949004,0.7228532433509827,"[3, 11, 1, 19, 15, 8, 2]","[""BM3R1/B1"", ""PhlF/P2"", ""AmtR/A1"", ""SrpR/S4"", ""QacR/Q2"", ""LitR/L1"", ""BetI/E1""]",0x77,7
09f55c47,0,7.1537020036560035,0.523963987827301,"[11, 14, 0, 13, 4, 9, 1]","[""PhlF/P2"", ""QacR/Q1"", ""AmeR/F1"", ""PsrA/R1"", ""BM3R1/B2"", ""LmrA/N1"", ""AmtR/A1""]",0x77,7
09f55c47,0,6.55261094009953,0.6879681944847107,"[3, 11, 8, 19, 2, 1, 15]","[""BM3R1/B1"", ""PhlF/P2"", ""LitR/L1"", ""SrpR/S4"", ""BetI/E1"", ""AmtR/A1"", ""QacR/Q2""]",0x77,7
09f55c47,0,5.000772339296864,0.7962689995765686,"[19, 15, 10, 2, 5, 6, 8]","[""SrpR/S4"", ""QacR/Q2"", ""PhlF/P1"", ""BetI/E1"", ""BM3R1/B3"", ""HlyIIR/H1"", ""LitR/L1""]",0x77,7
09f55c47,1,6.561768176463577,0.6857847571372986,"[11, 3, 2, 15, 8, 1, 19]","[""PhlF/P2"", ""BM3R1/B1"", ""BetI/E1"", ""QacR/Q2"", ""LitR/L1"", ""AmtR/A1"", ""SrpR/S4""]",0x77,7
09f55c47,1,6.7301166295455515,0.6608587503433228,"[11, 3, 1, 13, 15, 17, 2]","[""PhlF/P2"", ""BM3R1/B1"", ""AmtR/A1"", ""PsrA/R1"", ""QacR/Q2"", ""SrpR/S2"", ""BetI/E1""]",0x77,7
09f55c47,1,6.8263627643794464,0.64507657289505,"[11, 3, 0, 13, 19, 15, 2]","[""PhlF/P2"", ""BM3R1/B1"", ""AmeR/F1"", ""PsrA/R1"", ""SrpR/S4"", ""QacR/Q2"", ""BetI/E1""]",0x77,7
09f55c47,1,5.807583788242561,0.7510244250297546,"[2, 11, 0, 1, 19, 15, 4]","[""BetI/E1"", ""PhlF/P2"", ""AmeR/F1"", ""AmtR/A1"", ""SrpR/S4"", ""QacR/Q2"", ""BM3R1/B2""]",0x77,7
09f55c47,1,6.723577104754089,0.6844775080680847,"[11, 3, 1, 15, 19, 2, 9]","[""PhlF/P2"", ""BM3R1/B1"", ""AmtR/A1"", ""QacR/Q2"", ""SrpR/S4"", ""BetI/E1"", ""LmrA/N1""]",0x77,7
09f55c47,1,6.7277963621214125,0.6665763854980469,"[11, 3, 9, 2, 19, 1, 15]","[""PhlF/P2"", ""BM3R1/B1"", ""LmrA/N1"", ""BetI/E1"", ""SrpR/S4"", ""AmtR/A1"", ""QacR/Q2""]",0x77,7
09f55c47,1,6.865150177192713,0.6275099515914917,"[11, 3, 8, 2, 19, 15, 0]","[""PhlF/P2"", ""BM3R1/B1"", ""LitR/L1"", ""BetI/E1"", ""SrpR/S4"", ""QacR/Q2"", ""AmeR/F1""]",0x77,7
09f55c47,1,6.773421056195987,0.658373236656189,"[11, 3, 19, 13, 15, 8, 2]","[""PhlF/P2"", ""BM3R1/B1"", ""SrpR/S4"", ""PsrA/R1"", ""QacR/Q2"", ""LitR/L1"", ""BetI/E1""]",0x77,7
09f55c47,1,3.717581776397604,0.8319244980812073,"[2, 1, 17, 15, 10, 7, 4]","[""BetI/E1"", ""AmtR/A1"", ""SrpR/S2"", ""QacR/Q2"", ""PhlF/P1"", ""IcaRA/I1"", ""BM3R1/B2""]",0x77,7
09f55c47,1,2.8385966953044135,0.8346742987632751,"[15, 1, 19, 2, 10, 7, 4]","[""QacR/Q2"", ""AmtR/A1"", ""SrpR/S4"", ""BetI/E1"", ""PhlF/P1"", ""IcaRA/I1"", ""BM3R1/B2""]",0x77,7
09f55c47,1,6.788053858836618,0.6480520367622375,"[11, 3, 2, 1, 15, 13, 0]","[""PhlF/P2"", ""BM3R1/B1"", ""BetI/E1"", ""AmtR/A1"", ""QacR/Q2"", ""PsrA/R1"", ""AmeR/F1""]",0x77,7
09f55c47,1,5.08694720582684,0.7839014530181885,"[2, 19, 1, 8, 10, 15, 4]","[""BetI/E1"", ""SrpR/S4"", ""AmtR/A1"", ""LitR/L1"", ""PhlF/P1"", ""QacR/Q2"", ""BM3R1/B2""]",0x77,7
09f55c47,1,4.350134054946347,0.8306872844696045,"[19, 5, 1, 15, 10, 7, 2]","[""SrpR/S4"", ""BM3R1/B3"", ""AmtR/A1"", ""QacR/Q2"", ""PhlF/P1"", ""IcaRA/I1"", ""BetI/E1""]",0x77,7
0a095a06,0,6.104084567219218,0.7307050824165344,"[11, 2, 4, 19, 13, 15, 1]","[""PhlF/P2"", ""BetI/E1"", ""BM3R1/B2"", ""SrpR/S4"", ""PsrA/R1"", ""QacR/Q2"", ""AmtR/A1""]",0x77,7
0a095a06,0,6.772998110363839,0.6633690595626831,"[3, 13, 1, 11, 17, 2, 15]","[""BM3R1/B1"", ""PsrA/R1"", ""AmtR/A1"", ""PhlF/P2"", ""SrpR/S2"", ""BetI/E1"", ""QacR/Q2""]",0x77,7
0a095a06,0,0.5804760719741319,0.8018343448638916,"[2, 10, 15, 0, 1, 19, 4]","[""BetI/E1"", ""PhlF/P1"", ""QacR/Q2"", ""AmeR/F1"", ""AmtR/A1"", ""SrpR/S4"", ""BM3R1/B2""]",0x77,7
0a095a06,0,5.453163607273498,0.7573739290237427,"[1, 13, 4, 11, 19, 2, 15]","[""AmtR/A1"", ""PsrA/R1"", ""BM3R1/B2"", ""PhlF/P2"", ""SrpR/S4"", ""BetI/E1"", ""QacR/Q2""]",0x77,7
0a095a06,0,6.155667513594363,0.7160402536392212,"[11, 8, 4, 19, 2, 15, 1]","[""PhlF/P2"", ""LitR/L1"", ""BM3R1/B2"", ""SrpR/S4"", ""BetI/E1"", ""QacR/Q2"", ""AmtR/A1""]",0x77,7
0a095a06,0,5.095905302642471,0.7746599912643433,"[19, 0, 8, 2, 5, 10, 1]","[""SrpR/S4"", ""AmeR/F1"", ""LitR/L1"", ""BetI/E1"", ""BM3R1/B3"", ""PhlF/P1"", ""AmtR/A1""]",0x77,7
0a095a06,0,4.825069120725134,0.7899158596992493,"[1, 9, 10, 15, 19, 2, 4]","[""AmtR/A1"", ""LmrA/N1"", ""PhlF/P1"", ""QacR/Q2"", ""SrpR/S4"", ""BetI/E1"", ""BM3R1/B2""]",0x77,7
0a095a06,0,2.7418551584892303,0.7973585724830627,"[2, 1, 10, 4, 0, 15, 19]","[""BetI/E1"", ""AmtR/A1"", ""PhlF/P1"", ""BM3R1/B2"", ""AmeR/F1"", ""QacR/Q2"", ""SrpR/S4""]",0x77,7
0a095a06,0,5.353049746177579,0.7707790732383728,"[1, 2, 19, 11, 4, 15, 8]","[""AmtR/A1"", ""BetI/E1"", ""SrpR/S4"", ""PhlF/P2"", ""BM3R1/B2"", ""QacR/Q2"", ""LitR/L1""]",0x77,7
0a095a06,0,6.713804545728255,0.6956781148910522,"[14, 17, 5, 11, 1, 0, 2]","[""QacR/Q1"", ""SrpR/S2"", ""BM3R1/B3"", ""PhlF/P2"", ""AmtR/A1"", ""AmeR/F1"", ""BetI/E1""]",0x77,7
0a095a06,0,6.113098457175637,0.7191068530082703,"[11, 5, 8, 15, 1, 2, 19]","[""PhlF/P2"", ""BM3R1/B3"", ""LitR/L1"", ""QacR/Q2"", ""AmtR/A1"", ""BetI/E1"", ""SrpR/S4""]",0x77,7
0a095a06,0,5.347606095688754,0.7716147303581238,"[1, 15, 19, 11, 4, 2, 8]","[""AmtR/A1"", ""QacR/Q2"", ""SrpR/S4"", ""PhlF/P2"", ""BM3R1/B2"", ""BetI/E1"", ""LitR/L1""]",0x77,7
0a095a06,0,5.904027156936034,0.7503712773323059,"[11, 9, 4, 2, 19, 15, 1]","[""PhlF/P2"", ""LmrA/N1"", ""BM3R1/B2"", ""BetI/E1"", ""SrpR/S4"", ""QacR/Q2"", ""AmtR/A1""]",0x77,7
0a095a06,0,6.657860309336936,0.7084859013557434,"[3, 1, 15, 11, 13, 19, 2]","[""BM3R1/B1"", ""AmtR/A1"", ""QacR/Q2"", ""PhlF/P2"", ""PsrA/R1"", ""SrpR/S4"", ""BetI/E1""]",0x77,7
0a095a06,0,6.751354860979389,0.6895266771316528,"[3, 9, 15, 11, 2, 17, 1]","[""BM3R1/B1"", ""LmrA/N1"", ""QacR/Q2"", ""PhlF/P2"", ""BetI/E1"", ""SrpR/S2"", ""AmtR/A1""]",0x77,7
0a095a06,0,3.3646278931301166,0.7966071367263794,"[15, 4, 8, 19, 2, 10, 1]","[""QacR/Q2"", ""BM3R1/B2"", ""LitR/L1"", ""SrpR/S4"", ""BetI/E1"", ""PhlF/P1"", ""AmtR/A1""]",0x77,7
0a095a06,0,5.072174483930968,0.7750296592712402,"[19, 5, 8, 15, 2, 10, 1]","[""SrpR/S4"", ""BM3R1/B3"", ""LitR/L1"", ""QacR/Q2"", ""BetI/E1"", ""PhlF/P1"", ""AmtR/A1""]",0x77,7
0a095a06,0,0.11738628413083393,0.8086655139923096,"[1, 19, 2, 4, 10, 8, 15]","[""AmtR/A1"", ""SrpR/S4"", ""BetI/E1"", ""BM3R1/B2"", ""PhlF/P1"", ""LitR/L1"", ""QacR/Q2""]",0x77,7
0a095a06,0,6.1257421616308605,0.7187932729721069,"[11, 17, 6, 15, 1, 4, 2]","[""PhlF/P2"", ""SrpR/S2"", ""HlyIIR/H1"", ""QacR/Q2"", ""AmtR/A1"", ""BM3R1/B2"", ""BetI/E1""]",0x77,7
0a095a06,0,6.790682580251231,0.6444595456123352,"[3, 1, 9, 11, 17, 13, 2]","[""BM3R1/B1"", ""AmtR/A1"", ""LmrA/N1"", ""PhlF/P2"", ""SrpR/S2"", ""PsrA/R1"", ""BetI/E1""]",0x77,7
0a095a06,0,6.072397276923821,0.732010543346405,"[11, 2, 19, 15, 4, 0, 1]","[""PhlF/P2"", ""BetI/E1"", ""SrpR/S4"", ""QacR/Q2"", ""BM3R1/B2"", ""AmeR/F1"", ""AmtR/A1""]",0x77,7
0a095a06,0,6.19401826463215,0.7156822681427002,"[3, 8, 15, 11, 19, 1, 2]","[""BM3R1/B1"", ""LitR/L1"", ""QacR/Q2"", ""PhlF/P2"", ""SrpR/S4"", ""AmtR/A1"", ""BetI/E1""]",0x77,7
0a095a06,0,6.062214165764125,0.7457677125930786,"[11, 4, 1, 15, 19, 2, 8]","[""PhlF/P2"", ""BM3R1/B2"", ""AmtR/A1"", ""QacR/Q2"", ""SrpR/S4"", ""BetI/E1"", ""LitR/L1""]",0x77,7
0a095a06,0,6.010473812034452,0.746092677116394,"[11, 4, 19, 2, 1, 0, 15]","[""PhlF/P2"", ""BM3R1/B2"", ""SrpR/S4"", ""BetI/E1"", ""AmtR/A1"", ""AmeR/F1"", ""QacR/Q2""]",0x77,7
0a095a06,0,6.705747856217507,0.7049084305763245,"[14, 1, 6, 11, 19, 5, 2]","[""QacR/Q1"", ""AmtR/A1"", ""HlyIIR/H1"", ""PhlF/P2"", ""SrpR/S4"", ""BM3R1/B3"", ""BetI/E1""]",0x77,7
0a095a06,0,6.711521415365981,0.6984748840332031,"[3, 1, 15, 11, 13, 17, 2]","[""BM3R1/B1"", ""AmtR/A1"", ""QacR/Q2"", ""PhlF/P2"", ""PsrA/R1"", ""SrpR/S2"", ""BetI/E1""]",0x77,7
0a095a06,0,5.403380065225399,0.7597181797027588,"[1, 2, 19, 11, 15, 0, 4]","[""AmtR/A1"", ""BetI/E1"", ""SrpR/S4"", ""PhlF/P2"", ""QacR/Q2"", ""AmeR/F1"", ""BM3R1/B2""]",0x77,7
0a095a06,0,5.056648628945606,0.7828329801559448,"[19, 4, 8, 2, 15, 10, 1]","[""SrpR/S4"", ""BM3R1/B2"", ""LitR/L1"", ""BetI/E1"", ""QacR/Q2"", ""PhlF/P1"", ""AmtR/A1""]",0x77,7
0a095a06,0,6.8851819131473535,0.6288694143295288,"[11, 19, 5, 14, 1, 0, 2]","[""PhlF/P2"", ""SrpR/S4"", ""BM3R1/B3"", ""QacR/Q1"", ""AmtR/A1"", ""AmeR/F1"", ""BetI/E1""]",0x77,7
0a095a06,0,6.77146669991989,0.6702489256858826,"[3, 1, 15, 11, 19, 0, 2]","[""BM3R1/B1"", ""AmtR/A1"", ""QacR/Q2"", ""PhlF/P2"", ""SrpR/S4"", ""AmeR/F1"", ""BetI/E1""]",0x77,7
0a095a06,0,6.699748235115097,0.7075051069259644,"[14, 1, 5, 11, 0, 2, 19]","[""QacR/Q1"", ""AmtR/A1"", ""BM3R1/B3"", ""PhlF/P2"", ""AmeR/F1"", ""BetI/E1"", ""SrpR/S4""]",0x77,7
0a095a06,0,6.713434973282413,0.6961493492126465,"[3, 2, 19, 11, 1, 0, 15]","[""BM3R1/B1"", ""BetI/E1"", ""SrpR/S4"", ""PhlF/P2"", ""AmtR/A1"", ""AmeR/F1"", ""QacR/Q2""]",0x77,7
0a095a06,1,7.150212279378411,0.5119579434394836,"[14, 2, 1, 11, 0, 4, 9]","[""QacR/Q1"", ""BetI/E1"", ""AmtR/A1"", ""PhlF/P2"", ""AmeR/F1"", ""BM3R1/B2"", ""LmrA/N1""]",0x77,7
0a095a06,1,7.111573968455418,0.5972564816474915,"[14, 4, 1, 11, 19, 2, 8]","[""QacR/Q1"", ""BM3R1/B2"", ""AmtR/A1"", ""PhlF/P2"", ""SrpR/S4"", ""BetI/E1"", ""LitR/L1""]",0x77,7
0a095a06,1,1.7187634209574782,0.7993803024291992,"[0, 4, 10, 1, 2, 19, 15]","[""AmeR/F1"", ""BM3R1/B2"", ""PhlF/P1"", ""AmtR/A1"", ""BetI/E1"", ""SrpR/S4"", ""QacR/Q2""]",0x77,7
0a095a06,1,0.14712307950466325,0.8072991967201233,"[9, 4, 19, 15, 1, 2, 10]","[""LmrA/N1"", ""BM3R1/B2"", ""SrpR/S4"", ""QacR/Q2"", ""AmtR/A1"", ""BetI/E1"", ""PhlF/P1""]",0x77,7
0a095a06,1,6.644855379332358,0.7124906778335571,"[11, 2, 5, 14, 1, 0, 19]","[""PhlF/P2"", ""BetI/E1"", ""BM3R1/B3"", ""QacR/Q1"", ""AmtR/A1"", ""AmeR/F1"", ""SrpR/S4""]",0x77,7
0a095a06,1,7.1292470082422925,0.5536008477210999,"[14, 4, 1, 11, 0, 2, 8]","[""QacR/Q1"", ""BM3R1/B2"", ""AmtR/A1"", ""PhlF/P2"", ""AmeR/F1"", ""BetI/E1"", ""LitR/L1""]",0x77,7
0a095a06,1,7.1340163826493885,0.5200727581977844,"[14, 2, 1, 11, 0, 18, 8]","[""QacR/Q1"", ""BetI/E1"", ""AmtR/A1"", ""PhlF/P2"", ""AmeR/F1"", ""SrpR/S3"", ""LitR/L1""]",0x77,7
0a095a06,1,6.2938214413417715,0.7147939801216125,"[19, 1, 4, 11, 2, 15, 8]","[""SrpR/S4"", ""AmtR/A1"", ""BM3R1/B2"", ""PhlF/P2"", ""BetI/E1"", ""QacR/Q2"", ""LitR/L1""]",0x77,7
0a095a06,1,7.129544957137984,0.5375121831893921,"[14, 5, 1, 11, 0, 2, 8]","[""QacR/Q1"", ""BM3R1/B3"", ""AmtR/A1"", ""PhlF/P2"", ""AmeR/F1"", ""BetI/E1"", ""LitR/L1""]",0x77,7
0a095a06,1,4.012714040322172,0.7931113243103027,"[2, 10, 19, 15, 1, 0, 4]","[""BetI/E1"", ""PhlF/P1"", ""SrpR/S4"", ""QacR/Q2"", ""AmtR/A1"", ""AmeR/F1"", ""BM3R1/B2""]",0x77,7
0a095a06,1,7.133997418650889,0.5300894379615784,"[14, 2, 1, 11, 9, 18, 8]","[""QacR/Q1"", ""BetI/E1"", ""AmtR/A1"", ""PhlF/P2"", ""LmrA/N1"", ""SrpR/S3"", ""LitR/L1""]",0x77,7
0a095a06,1,7.155345416481972,0.4845671057701111,"[14, 17, 1, 11, 0, 6, 8]","[""QacR/Q1"", ""SrpR/S2"", ""AmtR/A1"", ""PhlF/P2"", ""AmeR/F1"", ""HlyIIR/H1"", ""LitR/L1""]",0x77,7
0a095a06,1,7.186295478089434,0.423065185546875,"[14, 2, 1, 11, 6, 4, 16]","[""QacR/Q1"", ""BetI/E1"", ""AmtR/A1"", ""PhlF/P2"", ""HlyIIR/H1"", ""BM3R1/B2"", ""SrpR/S1""]",0x77,7
0a095a06,1,7.030893906650914,0.6179413795471191,"[14, 2, 5, 11, 1, 0, 19]","[""QacR/Q1"", ""BetI/E1"", ""BM3R1/B3"", ""PhlF/P2"", ""AmtR/A1"", ""AmeR/F1"", ""SrpR/S4""]",0x77,7
0a095a06,1,7.1708630337676045,0.4743943810462951,"[14, 2, 1, 11, 8, 4, 16]","[""QacR/Q1"", ""BetI/E1"", ""AmtR/A1"", ""PhlF/P2"", ""LitR/L1"", ""BM3R1/B2"", ""SrpR/S1""]",0x77,7
0a095a06,1,1.7413178199048795,0.798699140548706,"[0, 1, 10, 15, 19, 2, 4]","[""AmeR/F1"", ""AmtR/A1"", ""PhlF/P1"", ""QacR/Q2"", ""SrpR/S4"", ""BetI/E1"", ""BM3R1/B2""]",0x77,7
0a095a06,1,7.114160605584462,0.5745099186897278,"[14, 5, 1, 11, 2, 13, 19]","[""QacR/Q1"", ""BM3R1/B3"", ""AmtR/A1"", ""PhlF/P2"", ""BetI/E1"", ""PsrA/R1"", ""SrpR/S4""]",0x77,7
0a095a06,1,7.119964271349223,0.5728229880332947,"[14, 5, 1, 11, 13, 2, 19]","[""QacR/Q1"", ""BM3R1/B3"", ""AmtR/A1"", ""PhlF/P2"", ""PsrA/R1"", ""BetI/E1"", ""SrpR/S4""]",0x77,7
660178a5,0,5.409303914338538,0.8173664212226868,"[1, 2, 11, 19]","[""AmtR/A1"", ""BetI/E1"", ""PhlF/P2"", ""SrpR/S4""]","[""0x47"", ""0x1B""]",4
660178a5,0,5.264380745549982,0.8286799788475037,"[1, 15, 11, 5]","[""AmtR/A1"", ""QacR/Q2"", ""PhlF/P2"", ""BM3R1/B3""]","[""0x47"", ""0x1B""]",4
660178a5,0,5.653298303585525,0.802499532699585,"[1, 15, 11, 19]","[""AmtR/A1"", ""QacR/Q2"", ""PhlF/P2"", ""SrpR/S4""]","[""0x47"", ""0x1B""]",4
660178a5,0,-1.8428439918677713,0.8792189955711365,"[2, 10, 4, 15]","[""BetI/E1"", ""PhlF/P1"", ""BM3R1/B2"", ""QacR/Q2""]","[""0x47"", ""0x1B""]",4
660178a5,0,6.047005723656326,0.6677267551422119,"[3, 1, 11, 14]","[""BM3R1/B1"", ""AmtR/A1"", ""PhlF/P2"", ""QacR/Q1""]","[""0x47"", ""0x1B""]",4
660178a5,0,3.43718363345304,0.8586704134941101,"[4, 1, 2, 15]","[""BM3R1/B2"", ""AmtR/A1"", ""BetI/E1"", ""QacR/Q2""]","[""0x47"", ""0x1B""]",4
660178a5,0,-1.932818419785592,0.8824416995048523,"[4, 10, 2, 15]","[""BM3R1/B2"", ""PhlF/P1"", ""BetI/E1"", ""QacR/Q2""]","[""0x47"", ""0x1B""]",4
660178a5,0,-1.895102321885498,0.8797392249107361,"[4, 10, 17, 1]","[""BM3R1/B2"", ""PhlF/P1"", ""SrpR/S2"", ""AmtR/A1""]","[""0x47"", ""0x1B""]",4
660178a5,0,-1.934186008029415,0.8861455321311951,"[4, 10, 17, 15]","[""BM3R1/B2"", ""PhlF/P1"", ""SrpR/S2"", ""QacR/Q2""]","[""0x47"", ""0x1B""]",4
660178a5,0,3.3547001483362586,0.8735260367393494,"[4, 19, 2, 15]","[""BM3R1/B2"", ""SrpR/S4"", ""BetI/E1"", ""QacR/Q2""]","[""0x47"", ""0x1B""]",4
660178a5,0,-0.2698519555652014,0.875507652759552,"[4, 19, 10, 15]","[""BM3R1/B2"", ""SrpR/S4"", ""PhlF/P1"", ""QacR/Q2""]","[""0x47"", ""0x1B""]",4
660178a5,0,3.9785019567509234,0.8457419872283936,"[4, 19, 11, 2]","[""BM3R1/B2"", ""SrpR/S4"", ""PhlF/P2"", ""BetI/E1""]","[""0x47"", ""0x1B""]",4
660178a5,0,3.5868126497835844,0.8563349843025208,"[4, 19, 11, 15]","[""BM3R1/B2"", ""SrpR/S4"", ""PhlF/P2"", ""QacR/Q2""]","[""0x47"", ""0x1B""]",4
660178a5,0,3.829778469995753,0.8466953039169312,"[4, 19, 15, 2]","[""BM3R1/B2"", ""SrpR/S4"", ""QacR/Q2"", ""BetI/E1""]","[""0x47"", ""0x1B""]",4
660178a5,0,3.6041618199117407,0.8471198678016663,"[11, 19, 2, 5]","[""PhlF/P2"", ""SrpR/S4"", ""BetI/E1"", ""BM3R1/B3""]","[""0x47"", ""0x1B""]",4
660178a5,0,5.68718642461084,0.7752362489700317,"[13, 15, 11, 19]","[""PsrA/R1"", ""QacR/Q2"", ""PhlF/P2"", ""SrpR/S4""]","[""0x47"", ""0x1B""]",4
660178a5,0,5.582157260547986,0.8129035830497742,"[15, 2, 11, 19]","[""QacR/Q2"", ""BetI/E1"", ""PhlF/P2"", ""SrpR/S4""]","[""0x47"", ""0x1B""]",4
660178a5,0,5.857140716038174,0.7359064817428589,"[19, 2, 11, 14]","[""SrpR/S4"", ""BetI/E1"", ""PhlF/P2"", ""QacR/Q1""]","[""0x47"", ""0x1B""]",4
660178a5,0,4.885913236979208,0.8447256684303284,"[19, 2, 11, 15]","[""SrpR/S4"", ""BetI/E1"", ""PhlF/P2"", ""QacR/Q2""]","[""0x47"", ""0x1B""]",4
660178a5,0,-1.9030095286585964,0.8801515698432922,"[19, 10, 4, 2]","[""SrpR/S4"", ""PhlF/P1"", ""BM3R1/B2"", ""BetI/E1""]","[""0x47"", ""0x1B""]",4
660178a5,0,-1.9508258112764751,0.8910142779350281,"[19, 10, 4, 15]","[""SrpR/S4"", ""PhlF/P1"", ""BM3R1/B2"", ""QacR/Q2""]","[""0x47"", ""0x1B""]",4
660178a5,0,5.127099642848424,0.8431688547134399,"[19, 15, 11, 5]","[""SrpR/S4"", ""QacR/Q2"", ""PhlF/P2"", ""BM3R1/B3""]","[""0x47"", ""0x1B""]",4
cd9571ae,0,5.892637214574875,0.8230613470077515,"[2, 15, 11, 19]","[""BetI/E1"", ""QacR/Q2"", ""PhlF/P2"", ""SrpR/S4""]","[""0x47"", ""0x1B""]",4
cd9571ae,0,4.149346475106443,0.8749667406082153,"[4, 1, 2, 15]","[""BM3R1/B2"", ""AmtR/A1"", ""BetI/E1"", ""QacR/Q2""]","[""0x47"", ""0x1B""]",4
cd9571ae,0,4.275674828061092,0.8673412799835205,"[4, 1, 19, 15]","[""BM3R1/B2"", ""AmtR/A1"", ""SrpR/S4"", ""QacR/Q2""]","[""0x47"", ""0x1B""]",4
cd9571ae,0,5.320677032350927,0.8531780242919922,"[4, 2, 11, 19]","[""BM3R1/B2"", ""BetI/E1"", ""PhlF/P2"", ""SrpR/S4""]","[""0x47"", ""0x1B""]",4
cd9571ae,0,-1.7275961720402224,0.9014654159545898,"[4, 10, 2, 15]","[""BM3R1/B2"", ""PhlF/P1"", ""BetI/E1"", ""QacR/Q2""]","[""0x47"", ""0x1B""]",4
cd9571ae,0,4.0533369600538975,0.8815383911132812,"[4, 19, 2, 15]","[""BM3R1/B2"", ""SrpR/S4"", ""BetI/E1"", ""QacR/Q2""]","[""0x47"", ""0x1B""]",4
cd9571ae,0,4.826748827864899,0.8658550381660461,"[4, 19, 11, 15]","[""BM3R1/B2"", ""SrpR/S4"", ""PhlF/P2"", ""QacR/Q2""]","[""0x47"", ""0x1B""]",4
cd9571ae,0,-0.37993648918511874,0.9013726115226746,"[10, 4, 15, 2]","[""PhlF/P1"", ""BM3R1/B2"", ""QacR/Q2"", ""BetI/E1""]","[""0x47"", ""0x1B""]",4
cd9571ae,0,2.1453609568574397,0.8963960409164429,"[11, 4, 15, 2]","[""PhlF/P2"", ""BM3R1/B2"", ""QacR/Q2"", ""BetI/E1""]","[""0x47"", ""0x1B""]",4
cd9571ae,0,5.781852637900465,0.8281527757644653,"[15, 2, 11, 19]","[""QacR/Q2"", ""BetI/E1"", ""PhlF/P2"", ""SrpR/S4""]","[""0x47"", ""0x1B""]",4
cd9571ae,0,3.079902862977489,0.8816686272621155,"[19, 2, 4, 15]","[""SrpR/S4"", ""BetI/E1"", ""BM3R1/B2"", ""QacR/Q2""]","[""0x47"", ""0x1B""]",4
cd9571ae,0,5.515513130107454,0.8520857095718384,"[19, 2, 11, 5]","[""SrpR/S4"", ""BetI/E1"", ""PhlF/P2"", ""BM3R1/B3""]","[""0x47"", ""0x1B""]",4
cd9571ae,0,6.757649420530405,0.7403441667556763,"[19, 2, 11, 14]","[""SrpR/S4"", ""BetI/E1"", ""PhlF/P2"", ""QacR/Q1""]","[""0x47"", ""0x1B""]",4
cd9571ae,0,5.305355545519702,0.8567222952842712,"[19, 2, 11, 15]","[""SrpR/S4"", ""BetI/E1"", ""PhlF/P2"", ""QacR/Q2""]","[""0x47"", ""0x1B""]",4
cd9571ae,0,-1.9875480015172358,0.902051329612732,"[19, 10, 4, 2]","[""SrpR/S4"", ""PhlF/P1"", ""BM3R1/B2"", ""BetI/E1""]","[""0x47"", ""0x1B""]",4
cd9571ae,0,-1.989070387922451,0.909835696220398,"[19, 10, 4, 15]","[""SrpR/S4"", ""PhlF/P1"", ""BM3R1/B2"", ""QacR/Q2""]","[""0x47"", ""0x1B""]",4
cd9571ae,0,5.582277188464453,0.8504987955093384,"[19, 15, 11, 5]","[""SrpR/S4"", ""QacR/Q2"", ""PhlF/P2"", ""BM3R1/B3""]","[""0x47"", ""0x1B""]",4
0abd6f97,0,0.042079816649575066,0.8507306575775146,"[2, 4, 19, 10, 1]","[""BetI/E1"", ""BM3R1/B2"", ""SrpR/S4"", ""PhlF/P1"", ""AmtR/A1""]","[""0x47"", ""0x1B""]",5
0abd6f97,0,3.8516686078763556,0.8437671661376953,"[4, 1, 15, 2, 19]","[""BM3R1/B2"", ""AmtR/A1"", ""QacR/Q2"", ""BetI/E1"", ""SrpR/S4""]","[""0x47"", ""0x1B""]",5
0abd6f97,0,2.865889553141405,0.8492351770401001,"[4, 2, 15, 19, 1]","[""BM3R1/B2"", ""BetI/E1"", ""QacR/Q2"", ""SrpR/S4"", ""AmtR/A1""]","[""0x47"", ""0x1B""]",5
0abd6f97,0,6.337573858756116,0.7918394804000854,"[4, 2, 19, 13, 11]","[""BM3R1/B2"", ""BetI/E1"", ""SrpR/S4"", ""PsrA/R1"", ""PhlF/P2""]","[""0x47"", ""0x1B""]",5
0abd6f97,0,-0.18137374687681687,0.8776288032531738,"[4, 10, 1, 15, 2]","[""BM3R1/B2"", ""PhlF/P1"", ""AmtR/A1"", ""QacR/Q2"", ""BetI/E1""]","[""0x47"", ""0x1B""]",5
0abd6f97,0,-0.17199565296798314,0.8772710561752319,"[4, 10, 1, 15, 19]","[""BM3R1/B2"", ""PhlF/P1"", ""AmtR/A1"", ""QacR/Q2"", ""SrpR/S4""]","[""0x47"", ""0x1B""]",5
0abd6f97,0,3.622008685213521,0.8440816402435303,"[4, 19, 1, 15, 2]","[""BM3R1/B2"", ""SrpR/S4"", ""AmtR/A1"", ""QacR/Q2"", ""BetI/E1""]","[""0x47"", ""0x1B""]",5
0abd6f97,0,6.050769179259383,0.8346496820449829,"[4, 19, 2, 15, 11]","[""BM3R1/B2"", ""SrpR/S4"", ""BetI/E1"", ""QacR/Q2"", ""PhlF/P2""]","[""0x47"", ""0x1B""]",5
0abd6f97,0,-0.09175875767116835,0.8746068477630615,"[4, 19, 15, 10, 1]","[""BM3R1/B2"", ""SrpR/S4"", ""QacR/Q2"", ""PhlF/P1"", ""AmtR/A1""]","[""0x47"", ""0x1B""]",5
0abd6f97,0,-0.6202165833694376,0.8799372911453247,"[4, 19, 15, 10, 2]","[""BM3R1/B2"", ""SrpR/S4"", ""QacR/Q2"", ""PhlF/P1"", ""BetI/E1""]","[""0x47"", ""0x1B""]",5
0abd6f97,0,6.588075694265328,0.7889913320541382,"[5, 2, 19, 13, 11]","[""BM3R1/B3"", ""BetI/E1"", ""SrpR/S4"", ""PsrA/R1"", ""PhlF/P2""]","[""0x47"", ""0x1B""]",5
0abd6f97,0,6.2231596039059305,0.8252322673797607,"[5, 2, 19, 15, 11]","[""BM3R1/B3"", ""BetI/E1"", ""SrpR/S4"", ""QacR/Q2"", ""PhlF/P2""]","[""0x47"", ""0x1B""]",5
0abd6f97,0,-0.03268630446648496,0.8517913818359375,"[5, 19, 15, 10, 1]","[""BM3R1/B3"", ""SrpR/S4"", ""QacR/Q2"", ""PhlF/P1"", ""AmtR/A1""]","[""0x47"", ""0x1B""]",5
0abd6f97,0,6.70656610211945,0.765235424041748,"[11, 19, 2, 13, 15]","[""PhlF/P2"", ""SrpR/S4"", ""BetI/E1"", ""PsrA/R1"", ""QacR/Q2""]","[""0x47"", ""0x1B""]",5
0abd6f97,0,5.77484073603711,0.8388876914978027,"[11, 19, 5, 1, 15]","[""PhlF/P2"", ""SrpR/S4"", ""BM3R1/B3"", ""AmtR/A1"", ""QacR/Q2""]","[""0x47"", ""0x1B""]",5
0abd6f97,0,7.079158243057501,0.6793903112411499,"[14, 1, 19, 2, 11]","[""QacR/Q1"", ""AmtR/A1"", ""SrpR/S4"", ""BetI/E1"", ""PhlF/P2""]","[""0x47"", ""0x1B""]",5
0abd6f97,0,6.921476597067261,0.6878737211227417,"[14, 4, 19, 13, 11]","[""QacR/Q1"", ""BM3R1/B2"", ""SrpR/S4"", ""PsrA/R1"", ""PhlF/P2""]","[""0x47"", ""0x1B""]",5
0abd6f97,0,7.438490099021976,0.6714795827865601,"[14, 19, 2, 13, 11]","[""QacR/Q1"", ""SrpR/S4"", ""BetI/E1"", ""PsrA/R1"", ""PhlF/P2""]","[""0x47"", ""0x1B""]",5
0abd6f97,0,-0.04623426526978287,0.8529773950576782,"[17, 10, 1, 15, 4]","[""SrpR/S2"", ""PhlF/P1"", ""AmtR/A1"", ""QacR/Q2"", ""BM3R1/B2""]","[""0x47"", ""0x1B""]",5
0abd6f97,0,4.53903335078168,0.8392516374588013,"[19, 5, 1, 15, 2]","[""SrpR/S4"", ""BM3R1/B3"", ""AmtR/A1"", ""QacR/Q2"", ""BetI/E1""]","[""0x47"", ""0x1B""]",5
147e9960,0,-0.41006888709277667,0.8918307423591614,"[2, 15, 4, 1, 10]","[""BetI/E1"", ""QacR/Q2"", ""BM3R1/B2"", ""AmtR/A1"", ""PhlF/P1""]","[""0x47"", ""0x1B""]",5
147e9960,0,-0.0843962071314266,0.8839547038078308,"[4, 2, 10, 19, 15]","[""BM3R1/B2"", ""BetI/E1"", ""PhlF/P1"", ""SrpR/S4"", ""QacR/Q2""]","[""0x47"", ""0x1B""]",5
147e9960,0,3.637519827886745,0.8721258044242859,"[4, 2, 11, 15, 19]","[""BM3R1/B2"", ""BetI/E1"", ""PhlF/P2"", ""QacR/Q2"", ""SrpR/S4""]","[""0x47"", ""0x1B""]",5
147e9960,0,4.706118137822648,0.8647416830062866,"[4, 2, 11, 19, 15]","[""BM3R1/B2"", ""BetI/E1"", ""PhlF/P2"", ""SrpR/S4"", ""QacR/Q2""]","[""0x47"", ""0x1B""]",5
147e9960,0,6.08313404503166,0.842276394367218,"[4, 11, 2, 19, 15]","[""BM3R1/B2"", ""PhlF/P2"", ""BetI/E1"", ""SrpR/S4"", ""QacR/Q2""]","[""0x47"", ""0x1B""]",5
147e9960,0,6.136121559954106,0.8371441960334778,"[4, 11, 19, 2, 15]","[""BM3R1/B2"", ""PhlF/P2"", ""SrpR/S4"", ""BetI/E1"", ""QacR/Q2""]","[""0x47"", ""0x1B""]",5
147e9960,0,-0.18900952688571032,0.8865064978599548,"[4, 15, 2, 1, 10]","[""BM3R1/B2"", ""QacR/Q2"", ""BetI/E1"", ""AmtR/A1"", ""PhlF/P1""]","[""0x47"", ""0x1B""]",5
147e9960,0,-0.16713885507153123,0.8849734663963318,"[4, 15, 19, 1, 10]","[""BM3R1/B2"", ""QacR/Q2"", ""SrpR/S4"", ""AmtR/A1"", ""PhlF/P1""]","[""0x47"", ""0x1B""]",5
147e9960,0,-0.3303807969553836,0.8902212977409363,"[4, 15, 19, 2, 10]","[""BM3R1/B2"", ""QacR/Q2"", ""SrpR/S4"", ""BetI/E1"", ""PhlF/P1""]","[""0x47"", ""0x1B""]",5
147e9960,0,-0.07357984651139547,0.883089005947113,"[4, 19, 10, 2, 15]","[""BM3R1/B2"", ""SrpR/S4"", ""PhlF/P1"", ""BetI/E1"", ""QacR/Q2""]","[""0x47"", ""0x1B""]",5
147e9960,0,4.591882283312706,0.8656752705574036,"[4, 19, 11, 2, 15]","[""BM3R1/B2"", ""SrpR/S4"", ""PhlF/P2"", ""BetI/E1"", ""QacR/Q2""]","[""0x47"", ""0x1B""]",5
147e9960,0,4.818867377658806,0.8564570546150208,"[11, 2, 4, 19, 15]","[""PhlF/P2"", ""BetI/E1"", ""BM3R1/B2"", ""SrpR/S4"", ""QacR/Q2""]","[""0x47"", ""0x1B""]",5
147e9960,0,6.895941785471562,0.7929354310035706,"[11, 2, 19, 15, 13]","[""PhlF/P2"", ""BetI/E1"", ""SrpR/S4"", ""QacR/Q2"", ""PsrA/R1""]","[""0x47"", ""0x1B""]",5
147e9960,0,5.52041869945962,0.8502992391586304,"[11, 5, 2, 15, 19]","[""PhlF/P2"", ""BM3R1/B3"", ""BetI/E1"", ""QacR/Q2"", ""SrpR/S4""]","[""0x47"", ""0x1B""]",5
147e9960,0,7.4426248934513675,0.6629693508148193,"[14, 11, 1, 2, 19]","[""QacR/Q1"", ""PhlF/P2"", ""AmtR/A1"", ""BetI/E1"", ""SrpR/S4""]","[""0x47"", ""0x1B""]",5
147e9960,0,7.377152664436746,0.670086681842804,"[14, 11, 1, 19, 2]","[""QacR/Q1"", ""PhlF/P2"", ""AmtR/A1"", ""SrpR/S4"", ""BetI/E1""]","[""0x47"", ""0x1B""]",5
147e9960,0,7.926780533294151,0.6464459896087646,"[14, 11, 2, 19, 13]","[""QacR/Q1"", ""PhlF/P2"", ""BetI/E1"", ""SrpR/S4"", ""PsrA/R1""]","[""0x47"", ""0x1B""]",5
147e9960,0,7.264503736386605,0.6806160807609558,"[14, 11, 5, 1, 2]","[""QacR/Q1"", ""PhlF/P2"", ""BM3R1/B3"", ""AmtR/A1"", ""BetI/E1""]","[""0x47"", ""0x1B""]",5
147e9960,0,7.1241541348686805,0.699863612651825,"[14, 11, 5, 19, 2]","[""QacR/Q1"", ""PhlF/P2"", ""BM3R1/B3"", ""SrpR/S4"", ""BetI/E1""]","[""0x47"", ""0x1B""]",5
147e9960,0,7.2877740872558965,0.671498715877533,"[14, 11, 19, 1, 2]","[""QacR/Q1"", ""PhlF/P2"", ""SrpR/S4"", ""AmtR/A1"", ""BetI/E1""]","[""0x47"", ""0x1B""]",5
147e9960,0,-0.8578809423154524,0.8983427882194519,"[17, 15, 4, 2, 10]","[""SrpR/S2"", ""QacR/Q2"", ""BM3R1/B2"", ""BetI/E1"", ""PhlF/P1""]","[""0x47"", ""0x1B""]",5
147e9960,0,4.871496197959733,0.8511603474617004,"[19, 2, 4, 1, 15]","[""SrpR/S4"", ""BetI/E1"", ""BM3R1/B2"", ""AmtR/A1"", ""QacR/Q2""]","[""0x47"", ""0x1B""]",5
147e9960,0,7.00144874213064,0.7453110218048096,"[19, 11, 1, 13, 15]","[""SrpR/S4"", ""PhlF/P2"", ""AmtR/A1"", ""PsrA/R1"", ""QacR/Q2""]","[""0x47"", ""0x1B""]",5
147e9960,0,6.938458991014894,0.7723004221916199,"[19, 11, 2, 15, 13]","[""SrpR/S4"", ""PhlF/P2"", ""BetI/E1"", ""QacR/Q2"", ""PsrA/R1""]","[""0x47"", ""0x1B""]",5
147e9960,0,6.557549942784582,0.814580500125885,"[19, 11, 5, 1, 15]","[""SrpR/S4"", ""PhlF/P2"", ""BM3R1/B3"", ""AmtR/A1"", ""QacR/Q2""]","[""0x47"", ""0x1B""]",5
147e9960,0,-0.6872201947275156,0.8969756960868835,"[19, 15, 4, 2, 10]","[""SrpR/S4"", ""QacR/Q2"", ""BM3R1/B2"", ""BetI/E1"", ""PhlF/P1""]","[""0x47"", ""0x1B""]",5
148597e8,0,5.679211076779611,0.8216165900230408,"[4, 1, 2, 15, 11]","[""BM3R1/B2"", ""AmtR/A1"", ""BetI/E1"", ""QacR/Q2"", ""PhlF/P2""]",0x47,5
148597e8,0,3.6433969092403142,0.8616625666618347,"[4, 1, 15, 2, 19]","[""BM3R1/B2"", ""AmtR/A1"", ""QacR/Q2"", ""BetI/E1"", ""SrpR/S4""]",0x47,5
148597e8,0,1.1851055992550816,0.868758499622345,"[4, 1, 15, 19, 2]","[""BM3R1/B2"", ""AmtR/A1"", ""QacR/Q2"", ""SrpR/S4"", ""BetI/E1""]",0x47,5
148597e8,0,5.795422893113406,0.8189218640327454,"[4, 1, 19, 15, 11]","[""BM3R1/B2"", ""AmtR/A1"", ""SrpR/S4"", ""QacR/Q2"", ""PhlF/P2""]",0x47,5
148597e8,0,5.616195121712909,0.8250656723976135,"[4, 2, 19, 15, 11]","[""BM3R1/B2"", ""BetI/E1"", ""SrpR/S4"", ""QacR/Q2"", ""PhlF/P2""]",0x47,5
148597e8,0,-0.302351851584153,0.8786756992340088,"[4, 10, 15, 19, 2]","[""BM3R1/B2"", ""PhlF/P1"", ""QacR/Q2"", ""SrpR/S4"", ""BetI/E1""]",0x47,5
148597e8,0,5.978230745143367,0.7989553809165955,"[5, 1, 19, 15, 11]","[""BM3R1/B3"", ""AmtR/A1"", ""SrpR/S4"", ""QacR/Q2"", ""PhlF/P2""]",0x47,5
148597e8,0,4.686668826601265,0.8504635095596313,"[11, 1, 15, 2, 19]","[""PhlF/P2"", ""AmtR/A1"", ""QacR/Q2"", ""BetI/E1"", ""SrpR/S4""]",0x47,5
148597e8,0,6.402738077217529,0.6834440231323242,"[11, 13, 19, 2, 14]","[""PhlF/P2"", ""PsrA/R1"", ""SrpR/S4"", ""BetI/E1"", ""QacR/Q1""]",0x47,5
148597e8,0,5.468313672728107,0.8375499248504639,"[11, 15, 19, 2, 5]","[""PhlF/P2"", ""QacR/Q2"", ""SrpR/S4"", ""BetI/E1"", ""BM3R1/B3""]",0x47,5
148597e8,0,4.964201947325593,0.8460256457328796,"[11, 19, 15, 2, 5]","[""PhlF/P2"", ""SrpR/S4"", ""QacR/Q2"", ""BetI/E1"", ""BM3R1/B3""]",0x47,5
148597e8,0,6.939691296413486,0.6686838269233704,"[14, 1, 19, 2, 11]","[""QacR/Q1"", ""AmtR/A1"", ""SrpR/S4"", ""BetI/E1"", ""PhlF/P2""]",0x47,5
148597e8,0,7.26014039075553,0.6493557095527649,"[14, 2, 19, 13, 11]","[""QacR/Q1"", ""BetI/E1"", ""SrpR/S4"", ""PsrA/R1"", ""PhlF/P2""]",0x47,5
148597e8,0,6.617084478396805,0.6749281287193298,"[14, 19, 1, 2, 12]","[""QacR/Q1"", ""SrpR/S4"", ""AmtR/A1"", ""BetI/E1"", ""PhlF/P3""]",0x47,5
148597e8,0,6.391356227391686,0.7966365218162537,"[19, 1, 2, 15, 11]","[""SrpR/S4"", ""AmtR/A1"", ""BetI/E1"", ""QacR/Q2"", ""PhlF/P2""]",0x47,5
148597e8,0,5.860863342296,0.8123697638511658,"[19, 1, 15, 2, 11]","[""SrpR/S4"", ""AmtR/A1"", ""QacR/Q2"", ""BetI/E1"", ""PhlF/P2""]",0x47,5
148597e8,0,6.298944108438763,0.7988669276237488,"[19, 2, 1, 15, 11]","[""SrpR/S4"", ""BetI/E1"", ""AmtR/A1"", ""QacR/Q2"", ""PhlF/P2""]",0x47,5
148597e8,0,5.915479429200869,0.8027048707008362,"[19, 15, 1, 2, 11]","[""SrpR/S4"", ""QacR/Q2"", ""AmtR/A1"", ""BetI/E1"", ""PhlF/P2""]",0x47,5
1f41e344,0,0.9518662062601716,0.8693026304244995,"[1, 4, 15, 19, 2]","[""AmtR/A1"", ""BM3R1/B2"", ""QacR/Q2"", ""SrpR/S4"", ""BetI/E1""]","[""0x47"", ""0x1B""]",5
1f41e344,0,-0.19991335834359097,0.8718152046203613,"[2, 4, 1, 10, 15]","[""BetI/E1"", ""BM3R1/B2"", ""AmtR/A1"", ""PhlF/P1"", ""QacR/Q2""]","[""0x47"", ""0x1B""]",5
1f41e344,0,6.039752593544435,0.8422842621803284,"[4, 1, 2, 15, 11]","[""BM3R1/B2"", ""AmtR/A1"", ""BetI/E1"", ""QacR/Q2"", ""PhlF/P2""]","[""0x47"", ""0x1B""]",5
1f41e344,0,4.166080772903974,0.8634397983551025,"[4, 1, 2, 15, 19]","[""BM3R1/B2"", ""AmtR/A1"", ""BetI/E1"", ""QacR/Q2"", ""SrpR/S4""]","[""0x47"", ""0x1B""]",5
1f41e344,0,6.065734955120161,0.8301860094070435,"[4, 1, 19, 15, 11]","[""BM3R1/B2"", ""AmtR/A1"", ""SrpR/S4"", ""QacR/Q2"", ""PhlF/P2""]","[""0x47"", ""0x1B""]",5
1f41e344,0,-0.019300204176284093,0.8709897398948669,"[4, 10, 2, 15, 19]","[""BM3R1/B2"", ""PhlF/P1"", ""BetI/E1"", ""QacR/Q2"", ""SrpR/S4""]","[""0x47"", ""0x1B""]",5
1f41e344,0,-0.24902412065347898,0.8848386406898499,"[4, 10, 2, 19, 15]","[""BM3R1/B2"", ""PhlF/P1"", ""BetI/E1"", ""SrpR/S4"", ""QacR/Q2""]","[""0x47"", ""0x1B""]",5
1f41e344,0,4.711597872008288,0.8463088870048523,"[4, 11, 2, 15, 19]","[""BM3R1/B2"", ""PhlF/P2"", ""BetI/E1"", ""QacR/Q2"", ""SrpR/S4""]","[""0x47"", ""0x1B""]",5
1f41e344,0,4.525047360489074,0.8522279262542725,"[4, 11, 19, 15, 2]","[""BM3R1/B2"", ""PhlF/P2"", ""SrpR/S4"", ""QacR/Q2"", ""BetI/E1""]","[""0x47"", ""0x1B""]",5
1f41e344,0,6.01958818341005,0.8454051613807678,"[4, 19, 2, 15, 11]","[""BM3R1/B2"", ""SrpR/S4"", ""BetI/E1"", ""QacR/Q2"", ""PhlF/P2""]","[""0x47"", ""0x1B""]",5
1f41e344,0,6.221448910884503,0.8192107677459717,"[5, 1, 2, 15, 11]","[""BM3R1/B3"", ""AmtR/A1"", ""BetI/E1"", ""QacR/Q2"", ""PhlF/P2""]","[""0x47"", ""0x1B""]",5
1f41e344,0,-0.7583243124926545,0.8895562291145325,"[10, 4, 1, 19, 15]","[""PhlF/P1"", ""BM3R1/B2"", ""AmtR/A1"", ""SrpR/S4"", ""QacR/Q2""]","[""0x47"", ""0x1B""]",5
1f41e344,0,-0.9708120385788543,0.8939565420150757,"[10, 4, 2, 19, 15]","[""PhlF/P1"", ""BM3R1/B2"", ""BetI/E1"", ""SrpR/S4"", ""QacR/Q2""]","[""0x47"", ""0x1B""]",5
1f41e344,0,7.342743406247204,0.6456685066223145,"[14, 2, 1, 13, 11]","[""QacR/Q1"", ""BetI/E1"", ""AmtR/A1"", ""PsrA/R1"", ""PhlF/P2""]","[""0x47"", ""0x1B""]",5
1f41e344,0,7.357341247556752,0.6421607732772827,"[14, 2, 19, 13, 11]","[""QacR/Q1"", ""BetI/E1"", ""SrpR/S4"", ""PsrA/R1"", ""PhlF/P2""]","[""0x47"", ""0x1B""]",5
1f41e344,0,7.6369982532955465,0.6340804696083069,"[14, 13, 1, 2, 11]","[""QacR/Q1"", ""PsrA/R1"", ""AmtR/A1"", ""BetI/E1"", ""PhlF/P2""]","[""0x47"", ""0x1B""]",5
1f41e344,0,7.737187090816482,0.6328586339950562,"[14, 13, 19, 2, 11]","[""QacR/Q1"", ""PsrA/R1"", ""SrpR/S4"", ""BetI/E1"", ""PhlF/P2""]","[""0x47"", ""0x1B""]",5
1f41e344,0,7.241470288367991,0.6875569224357605,"[14, 19, 1, 2, 11]","[""QacR/Q1"", ""SrpR/S4"", ""AmtR/A1"", ""BetI/E1"", ""PhlF/P2""]","[""0x47"", ""0x1B""]",5
1f41e344,0,6.62319284403742,0.804222583770752,"[19, 1, 2, 15, 11]","[""SrpR/S4"", ""AmtR/A1"", ""BetI/E1"", ""QacR/Q2"", ""PhlF/P2""]","[""0x47"", ""0x1B""]",5
1f41e344,0,6.995146491858317,0.7582839727401733,"[19, 1, 15, 13, 11]","[""SrpR/S4"", ""AmtR/A1"", ""QacR/Q2"", ""PsrA/R1"", ""PhlF/P2""]","[""0x47"", ""0x1B""]",5
1f41e344,0,6.355878927253337,0.8082364797592163,"[19, 2, 1, 15, 11]","[""SrpR/S4"", ""BetI/E1"", ""AmtR/A1"", ""QacR/Q2"", ""PhlF/P2""]","[""0x47"", ""0x1B""]",5
28c6d3bb,0,-0.07926271572439393,0.8648955821990967,"[1, 17, 15, 10, 2]","[""AmtR/A1"", ""SrpR/S2"", ""QacR/Q2"", ""PhlF/P1"", ""BetI/E1""]",0x47,5
28c6d3bb,0,6.146151761726554,0.7500976324081421,"[2, 13, 11, 15, 19]","[""BetI/E1"", ""PsrA/R1"", ""PhlF/P2"", ""QacR/Q2"", ""SrpR/S4""]",0x47,5
28c6d3bb,0,3.9036889020507486,0.8559871912002563,"[4, 2, 19, 15, 11]","[""BM3R1/B2"", ""BetI/E1"", ""SrpR/S4"", ""QacR/Q2"", ""PhlF/P2""]",0x47,5
28c6d3bb,0,0.010593665550564783,0.8628849983215332,"[4, 10, 19, 2, 15]","[""BM3R1/B2"", ""PhlF/P1"", ""SrpR/S4"", ""BetI/E1"", ""QacR/Q2""]",0x47,5
28c6d3bb,0,0.06395457539953064,0.8615487217903137,"[4, 15, 19, 1, 10]","[""BM3R1/B2"", ""QacR/Q2"", ""SrpR/S4"", ""AmtR/A1"", ""PhlF/P1""]",0x47,5
28c6d3bb,0,-0.214654399290182,0.8694469928741455,"[4, 17, 1, 15, 10]","[""BM3R1/B2"", ""SrpR/S2"", ""AmtR/A1"", ""QacR/Q2"", ""PhlF/P1""]",0x47,5
28c6d3bb,0,-0.39529408226610285,0.8767582178115845,"[4, 17, 15, 10, 1]","[""BM3R1/B2"", ""SrpR/S2"", ""QacR/Q2"", ""PhlF/P1"", ""AmtR/A1""]",0x47,5
28c6d3bb,0,-0.17559454974201072,0.8656013607978821,"[4, 19, 1, 15, 10]","[""BM3R1/B2"", ""SrpR/S4"", ""AmtR/A1"", ""QacR/Q2"", ""PhlF/P1""]",0x47,5
28c6d3bb,0,4.900665077657091,0.8276709318161011,"[11, 1, 5, 15, 2]","[""PhlF/P2"", ""AmtR/A1"", ""BM3R1/B3"", ""QacR/Q2"", ""BetI/E1""]",0x47,5
28c6d3bb,0,4.966723174966483,0.8276578187942505,"[11, 1, 5, 15, 19]","[""PhlF/P2"", ""AmtR/A1"", ""BM3R1/B3"", ""QacR/Q2"", ""SrpR/S4""]",0x47,5
28c6d3bb,0,2.423138741446222,0.8562237024307251,"[11, 1, 15, 2, 5]","[""PhlF/P2"", ""AmtR/A1"", ""QacR/Q2"", ""BetI/E1"", ""BM3R1/B3""]",0x47,5
28c6d3bb,0,4.100537227949463,0.8416826725006104,"[11, 1, 15, 2, 19]","[""PhlF/P2"", ""AmtR/A1"", ""QacR/Q2"", ""BetI/E1"", ""SrpR/S4""]",0x47,5
28c6d3bb,0,5.389997560053521,0.8102548122406006,"[11, 1, 19, 15, 2]","[""PhlF/P2"", ""AmtR/A1"", ""SrpR/S4"", ""QacR/Q2"", ""BetI/E1""]",0x47,5
28c6d3bb,0,4.879642699613524,0.8288706541061401,"[11, 2, 5, 15, 19]","[""PhlF/P2"", ""BetI/E1"", ""BM3R1/B3"", ""QacR/Q2"", ""SrpR/S4""]",0x47,5
28c6d3bb,0,4.1561310774909375,0.8378318548202515,"[11, 2, 15, 5, 1]","[""PhlF/P2"", ""BetI/E1"", ""QacR/Q2"", ""BM3R1/B3"", ""AmtR/A1""]",0x47,5
28c6d3bb,0,4.075432468911626,0.8441576957702637,"[11, 2, 15, 5, 19]","[""PhlF/P2"", ""BetI/E1"", ""QacR/Q2"", ""BM3R1/B3"", ""SrpR/S4""]",0x47,5
28c6d3bb,0,4.718116631485547,0.834877610206604,"[11, 15, 5, 2, 19]","[""PhlF/P2"", ""QacR/Q2"", ""BM3R1/B3"", ""BetI/E1"", ""SrpR/S4""]",0x47,5
28c6d3bb,0,5.516114070919237,0.7826260924339294,"[11, 15, 19, 13, 2]","[""PhlF/P2"", ""QacR/Q2"", ""SrpR/S4"", ""PsrA/R1"", ""BetI/E1""]",0x47,5
28c6d3bb,0,5.162181548697657,0.8226827383041382,"[11, 19, 5, 15, 2]","[""PhlF/P2"", ""SrpR/S4"", ""BM3R1/B3"", ""QacR/Q2"", ""BetI/E1""]",0x47,5
28c6d3bb,0,6.26848160614654,0.6878254413604736,"[11, 19, 14, 13, 2]","[""PhlF/P2"", ""SrpR/S4"", ""QacR/Q1"", ""PsrA/R1"", ""BetI/E1""]",0x47,5
28c6d3bb,0,6.421522085429964,0.6569237112998962,"[14, 1, 11, 2, 19]","[""QacR/Q1"", ""AmtR/A1"", ""PhlF/P2"", ""BetI/E1"", ""SrpR/S4""]",0x47,5
28c6d3bb,0,6.530307383330393,0.6437474489212036,"[14, 1, 11, 19, 2]","[""QacR/Q1"", ""AmtR/A1"", ""PhlF/P2"", ""SrpR/S4"", ""BetI/E1""]",0x47,5
28c6d3bb,0,6.3298274000644215,0.6702200174331665,"[14, 2, 11, 1, 19]","[""QacR/Q1"", ""BetI/E1"", ""PhlF/P2"", ""AmtR/A1"", ""SrpR/S4""]",0x47,5
28c6d3bb,0,6.6339788831890765,0.6328982710838318,"[14, 13, 11, 2, 19]","[""QacR/Q1"", ""PsrA/R1"", ""PhlF/P2"", ""BetI/E1"", ""SrpR/S4""]",0x47,5
28c6d3bb,0,6.829408702168351,0.5925191640853882,"[14, 13, 11, 19, 1]","[""QacR/Q1"", ""PsrA/R1"", ""PhlF/P2"", ""SrpR/S4"", ""AmtR/A1""]",0x47,5
28c6d3bb,0,6.672577595910763,0.6061998605728149,"[14, 13, 11, 19, 2]","[""QacR/Q1"", ""PsrA/R1"", ""PhlF/P2"", ""SrpR/S4"", ""BetI/E1""]",0x47,5
28c6d3bb,0,5.8987473236532475,0.7821643352508545,"[19, 1, 11, 15, 2]","[""SrpR/S4"", ""AmtR/A1"", ""PhlF/P2"", ""QacR/Q2"", ""BetI/E1""]",0x47,5
28c6d3bb,0,5.44837824087597,0.7870118618011475,"[19, 15, 11, 1, 2]","[""SrpR/S4"", ""QacR/Q2"", ""PhlF/P2"", ""AmtR/A1"", ""BetI/E1""]",0x47,5
02dd2ca8,0,-0.17992487622759082,0.8676484227180481,"[2, 1, 10, 15, 17, 4]","[""BetI/E1"", ""AmtR/A1"", ""PhlF/P1"", ""QacR/Q2"", ""SrpR/S2"", ""BM3R1/B2""]","[""0x47"", ""0x1B""]",6
02dd2ca8,0,4.775264247451821,0.821250855922699,"[2, 1, 15, 11, 17, 4]","[""BetI/E1"", ""AmtR/A1"", ""QacR/Q2"", ""PhlF/P2"", ""SrpR/S2"", ""BM3R1/B2""]","[""0x47"", ""0x1B""]",6
02dd2ca8,0,5.126063213484187,0.8056982755661011,"[2, 19, 15, 11, 1, 4]","[""BetI/E1"", ""SrpR/S4"", ""QacR/Q2"", ""PhlF/P2"", ""AmtR/A1"", ""BM3R1/B2""]","[""0x47"", ""0x1B""]",6
02dd2ca8,0,2.549087695216155,0.8472604155540466,"[4, 1, 2, 15, 17, 10]","[""BM3R1/B2"", ""AmtR/A1"", ""BetI/E1"", ""QacR/Q2"", ""SrpR/S2"", ""PhlF/P1""]","[""0x47"", ""0x1B""]",6
02dd2ca8,0,-1.9490154884512183,0.867982804775238,"[4, 1, 10, 15, 2, 19]","[""BM3R1/B2"", ""AmtR/A1"", ""PhlF/P1"", ""QacR/Q2"", ""BetI/E1"", ""SrpR/S4""]","[""0x47"", ""0x1B""]",6
02dd2ca8,0,3.1842462622650993,0.8462322354316711,"[4, 1, 15, 2, 10, 17]","[""BM3R1/B2"", ""AmtR/A1"", ""QacR/Q2"", ""BetI/E1"", ""PhlF/P1"", ""SrpR/S2""]","[""0x47"", ""0x1B""]",6
02dd2ca8,0,5.023483310937707,0.8126126527786255,"[4, 1, 15, 11, 2, 19]","[""BM3R1/B2"", ""AmtR/A1"", ""QacR/Q2"", ""PhlF/P2"", ""BetI/E1"", ""SrpR/S4""]","[""0x47"", ""0x1B""]",6
02dd2ca8,0,3.5799770627390193,0.8459640145301819,"[4, 1, 15, 19, 10, 2]","[""BM3R1/B2"", ""AmtR/A1"", ""QacR/Q2"", ""SrpR/S4"", ""PhlF/P1"", ""BetI/E1""]","[""0x47"", ""0x1B""]",6
02dd2ca8,0,1.9116830067118908,0.858056366443634,"[4, 2, 19, 15, 10, 1]","[""BM3R1/B2"", ""BetI/E1"", ""SrpR/S4"", ""QacR/Q2"", ""PhlF/P1"", ""AmtR/A1""]","[""0x47"", ""0x1B""]",6
02dd2ca8,0,4.266045029002053,0.8318501114845276,"[11, 1, 2, 15, 17, 4]","[""PhlF/P2"", ""AmtR/A1"", ""BetI/E1"", ""QacR/Q2"", ""SrpR/S2"", ""BM3R1/B2""]","[""0x47"", ""0x1B""]",6
02dd2ca8,0,4.360322273984082,0.8268588185310364,"[11, 1, 2, 15, 17, 5]","[""PhlF/P2"", ""AmtR/A1"", ""BetI/E1"", ""QacR/Q2"", ""SrpR/S2"", ""BM3R1/B3""]","[""0x47"", ""0x1B""]",6
02dd2ca8,0,4.3397211757576875,0.8285565972328186,"[11, 1, 2, 19, 4, 15]","[""PhlF/P2"", ""AmtR/A1"", ""BetI/E1"", ""SrpR/S4"", ""BM3R1/B2"", ""QacR/Q2""]","[""0x47"", ""0x1B""]",6
02dd2ca8,0,4.1458979492531975,0.8403719067573547,"[11, 1, 19, 15, 2, 4]","[""PhlF/P2"", ""AmtR/A1"", ""SrpR/S4"", ""QacR/Q2"", ""BetI/E1"", ""BM3R1/B2""]","[""0x47"", ""0x1B""]",6
02dd2ca8,0,6.47247455817659,0.7118907570838928,"[11, 2, 19, 14, 1, 4]","[""PhlF/P2"", ""BetI/E1"", ""SrpR/S4"", ""QacR/Q1"", ""AmtR/A1"", ""BM3R1/B2""]","[""0x47"", ""0x1B""]",6
02dd2ca8,0,6.5909793044032075,0.7064446210861206,"[11, 2, 19, 14, 13, 4]","[""PhlF/P2"", ""BetI/E1"", ""SrpR/S4"", ""QacR/Q1"", ""PsrA/R1"", ""BM3R1/B2""]","[""0x47"", ""0x1B""]",6
02dd2ca8,0,6.64299155968857,0.683678388595581,"[11, 2, 19, 14, 13, 5]","[""PhlF/P2"", ""BetI/E1"", ""SrpR/S4"", ""QacR/Q1"", ""PsrA/R1"", ""BM3R1/B3""]","[""0x47"", ""0x1B""]",6
02dd2ca8,0,4.445163912827427,0.826231062412262,"[11, 2, 19, 15, 1, 4]","[""PhlF/P2"", ""BetI/E1"", ""SrpR/S4"", ""QacR/Q2"", ""AmtR/A1"", ""BM3R1/B2""]","[""0x47"", ""0x1B""]",6
02dd2ca8,0,5.310181732540091,0.7977468371391296,"[11, 15, 2, 19, 1, 4]","[""PhlF/P2"", ""QacR/Q2"", ""BetI/E1"", ""SrpR/S4"", ""AmtR/A1"", ""BM3R1/B2""]","[""0x47"", ""0x1B""]",6
02dd2ca8,0,6.9354010431994375,0.6705235242843628,"[14, 2, 19, 11, 1, 4]","[""QacR/Q1"", ""BetI/E1"", ""SrpR/S4"", ""PhlF/P2"", ""AmtR/A1"", ""BM3R1/B2""]","[""0x47"", ""0x1B""]",6
02dd2ca8,0,7.042842815110534,0.6457663178443909,"[14, 2, 19, 11, 1, 5]","[""QacR/Q1"", ""BetI/E1"", ""SrpR/S4"", ""PhlF/P2"", ""AmtR/A1"", ""BM3R1/B3""]","[""0x47"", ""0x1B""]",6
02dd2ca8,0,7.045647026410248,0.6423469185829163,"[14, 2, 19, 11, 13, 4]","[""QacR/Q1"", ""BetI/E1"", ""SrpR/S4"", ""PhlF/P2"", ""PsrA/R1"", ""BM3R1/B2""]","[""0x47"", ""0x1B""]",6
02dd2ca8,0,7.123174013868794,0.6214331388473511,"[14, 2, 19, 11, 13, 5]","[""QacR/Q1"", ""BetI/E1"", ""SrpR/S4"", ""PhlF/P2"", ""PsrA/R1"", ""BM3R1/B3""]","[""0x47"", ""0x1B""]",6
02dd2ca8,0,-0.013967723662721154,0.8620060086250305,"[15, 1, 10, 2, 17, 4]","[""QacR/Q2"", ""AmtR/A1"", ""PhlF/P1"", ""BetI/E1"", ""SrpR/S2"", ""BM3R1/B2""]","[""0x47"", ""0x1B""]",6
02dd2ca8,0,5.964375419536784,0.791169285774231,"[19, 1, 2, 11, 4, 15]","[""SrpR/S4"", ""AmtR/A1"", ""BetI/E1"", ""PhlF/P2"", ""BM3R1/B2"", ""QacR/Q2""]","[""0x47"", ""0x1B""]",6
02dd2ca8,0,5.991808126548116,0.790291428565979,"[19, 1, 2, 11, 15, 4]","[""SrpR/S4"", ""AmtR/A1"", ""BetI/E1"", ""PhlF/P2"", ""QacR/Q2"", ""BM3R1/B2""]","[""0x47"", ""0x1B""]",6
02dd2ca8,0,0.005107946637109206,0.8607016205787659,"[19, 1, 10, 2, 4, 15]","[""SrpR/S4"", ""AmtR/A1"", ""PhlF/P1"", ""BetI/E1"", ""BM3R1/B2"", ""QacR/Q2""]","[""0x47"", ""0x1B""]",6
02dd2ca8,0,6.104432870900747,0.7874852418899536,"[19, 1, 15, 11, 2, 4]","[""SrpR/S4"", ""AmtR/A1"", ""QacR/Q2"", ""PhlF/P2"", ""BetI/E1"", ""BM3R1/B2""]","[""0x47"", ""0x1B""]",6
02dd2ca8,0,6.348299699769284,0.7625220417976379,"[19, 2, 15, 11, 1, 4]","[""SrpR/S4"", ""BetI/E1"", ""QacR/Q2"", ""PhlF/P2"", ""AmtR/A1"", ""BM3R1/B2""]","[""0x47"", ""0x1B""]",6
02dd2ca8,0,6.3770312310837545,0.7398661971092224,"[19, 2, 15, 11, 1, 5]","[""SrpR/S4"", ""BetI/E1"", ""QacR/Q2"", ""PhlF/P2"", ""AmtR/A1"", ""BM3R1/B3""]","[""0x47"", ""0x1B""]",6
02dd2ca8,0,6.304623016969784,0.7645168900489807,"[19, 15, 2, 11, 1, 4]","[""SrpR/S4"", ""QacR/Q2"", ""BetI/E1"", ""PhlF/P2"", ""AmtR/A1"", ""BM3R1/B2""]","[""0x47"", ""0x1B""]",6
0ec7dcf1,0,1.6916433223844387,0.8212936520576477,"[1, 19, 15, 10, 4, 2]","[""AmtR/A1"", ""SrpR/S4"", ""QacR/Q2"", ""PhlF/P1"", ""BM3R1/B2"", ""BetI/E1""]",0x47,6
0ec7dcf1,0,4.956641760565952,0.8039770722389221,"[2, 4, 1, 10, 15, 19]","[""BetI/E1"", ""BM3R1/B2"", ""AmtR/A1"", ""PhlF/P1"", ""QacR/Q2"", ""SrpR/S4""]",0x47,6
0ec7dcf1,0,0.019659609907312605,0.8242582678794861,"[2, 4, 1, 15, 10, 19]","[""BetI/E1"", ""BM3R1/B2"", ""AmtR/A1"", ""QacR/Q2"", ""PhlF/P1"", ""SrpR/S4""]",0x47,6
0ec7dcf1,0,0.008028642514591344,0.8246394991874695,"[2, 4, 19, 15, 10, 1]","[""BetI/E1"", ""BM3R1/B2"", ""SrpR/S4"", ""QacR/Q2"", ""PhlF/P1"", ""AmtR/A1""]",0x47,6
0ec7dcf1,0,-1.9746496954729102,0.8362725377082825,"[4, 1, 2, 19, 10, 15]","[""BM3R1/B2"", ""AmtR/A1"", ""BetI/E1"", ""SrpR/S4"", ""PhlF/P1"", ""QacR/Q2""]",0x47,6
0ec7dcf1,0,2.2471782711167645,0.8200902342796326,"[4, 19, 2, 10, 1, 15]","[""BM3R1/B2"", ""SrpR/S4"", ""BetI/E1"", ""PhlF/P1"", ""AmtR/A1"", ""QacR/Q2""]",0x47,6
0ec7dcf1,0,6.629333605490397,0.6894172430038452,"[11, 2, 1, 4, 19, 14]","[""PhlF/P2"", ""BetI/E1"", ""AmtR/A1"", ""BM3R1/B2"", ""SrpR/S4"", ""QacR/Q1""]",0x47,6
0ec7dcf1,0,6.658454812572801,0.6721160411834717,"[11, 2, 1, 5, 19, 14]","[""PhlF/P2"", ""BetI/E1"", ""AmtR/A1"", ""BM3R1/B3"", ""SrpR/S4"", ""QacR/Q1""]",0x47,6
0ec7dcf1,0,5.341868286776952,0.7951560020446777,"[11, 4, 1, 15, 2, 19]","[""PhlF/P2"", ""BM3R1/B2"", ""AmtR/A1"", ""QacR/Q2"", ""BetI/E1"", ""SrpR/S4""]",0x47,6
0ec7dcf1,0,6.953197888637005,0.6252909898757935,"[14, 0, 1, 5, 19, 11]","[""QacR/Q1"", ""AmeR/F1"", ""AmtR/A1"", ""BM3R1/B3"", ""SrpR/S4"", ""PhlF/P2""]",0x47,6
0ec7dcf1,0,6.961002637227016,0.6212758421897888,"[14, 0, 1, 19, 2, 11]","[""QacR/Q1"", ""AmeR/F1"", ""AmtR/A1"", ""SrpR/S4"", ""BetI/E1"", ""PhlF/P2""]",0x47,6
0ec7dcf1,0,6.936831377735162,0.6303567290306091,"[14, 0, 2, 5, 19, 11]","[""QacR/Q1"", ""AmeR/F1"", ""BetI/E1"", ""BM3R1/B3"", ""SrpR/S4"", ""PhlF/P2""]",0x47,6
0ec7dcf1,0,7.029569986791209,0.5303274989128113,"[14, 0, 4, 19, 13, 11]","[""QacR/Q1"", ""AmeR/F1"", ""BM3R1/B2"", ""SrpR/S4"", ""PsrA/R1"", ""PhlF/P2""]",0x47,6
0ec7dcf1,0,7.025589739313767,0.5844976902008057,"[14, 2, 13, 5, 1, 11]","[""QacR/Q1"", ""BetI/E1"", ""PsrA/R1"", ""BM3R1/B3"", ""AmtR/A1"", ""PhlF/P2""]",0x47,6
0ec7dcf1,0,7.030166162136496,0.5243295431137085,"[14, 4, 0, 16, 1, 11]","[""QacR/Q1"", ""BM3R1/B2"", ""AmeR/F1"", ""SrpR/S1"", ""AmtR/A1"", ""PhlF/P2""]",0x47,6
0ec7dcf1,0,7.054909973866216,0.4278086125850677,"[14, 4, 1, 16, 7, 11]","[""QacR/Q1"", ""BM3R1/B2"", ""AmtR/A1"", ""SrpR/S1"", ""IcaRA/I1"", ""PhlF/P2""]",0x47,6
0ec7dcf1,0,6.8999477393609965,0.6707333922386169,"[14, 4, 1, 19, 2, 11]","[""QacR/Q1"", ""BM3R1/B2"", ""AmtR/A1"", ""SrpR/S4"", ""BetI/E1"", ""PhlF/P2""]",0x47,6
0ec7dcf1,0,6.961265270289183,0.5937150120735168,"[14, 4, 2, 1, 13, 11]","[""QacR/Q1"", ""BM3R1/B2"", ""BetI/E1"", ""AmtR/A1"", ""PsrA/R1"", ""PhlF/P2""]",0x47,6
0ec7dcf1,0,7.022473983272721,0.5863140821456909,"[14, 4, 2, 16, 1, 11]","[""QacR/Q1"", ""BM3R1/B2"", ""BetI/E1"", ""SrpR/S1"", ""AmtR/A1"", ""PhlF/P2""]",0x47,6
0ec7dcf1,0,6.906171207765066,0.6329655051231384,"[14, 4, 19, 8, 2, 11]","[""QacR/Q1"", ""BM3R1/B2"", ""SrpR/S4"", ""LitR/L1"", ""BetI/E1"", ""PhlF/P2""]",0x47,6
0ec7dcf1,0,7.03187532559039,0.4873409569263458,"[14, 6, 13, 5, 1, 11]","[""QacR/Q1"", ""HlyIIR/H1"", ""PsrA/R1"", ""BM3R1/B3"", ""AmtR/A1"", ""PhlF/P2""]",0x47,6
0ec7dcf1,0,7.030452622748418,0.5240975618362427,"[14, 9, 0, 3, 1, 11]","[""QacR/Q1"", ""LmrA/N1"", ""AmeR/F1"", ""BM3R1/B1"", ""AmtR/A1"", ""PhlF/P2""]",0x47,6
0ec7dcf1,0,7.056699393717229,0.3997909724712372,"[14, 9, 1, 16, 7, 11]","[""QacR/Q1"", ""LmrA/N1"", ""AmtR/A1"", ""SrpR/S1"", ""IcaRA/I1"", ""PhlF/P2""]",0x47,6
0ec7dcf1,0,6.941708092451752,0.6263831257820129,"[14, 9, 1, 19, 2, 11]","[""QacR/Q1"", ""LmrA/N1"", ""AmtR/A1"", ""SrpR/S4"", ""BetI/E1"", ""PhlF/P2""]",0x47,6
0ec7dcf1,0,7.066659957262613,0.3763883113861084,"[14, 9, 4, 16, 7, 11]","[""QacR/Q1"", ""LmrA/N1"", ""BM3R1/B2"", ""SrpR/S1"", ""IcaRA/I1"", ""PhlF/P2""]",0x47,6
0ec7dcf1,0,6.976811530524729,0.5934026837348938,"[14, 17, 2, 3, 1, 11]","[""QacR/Q1"", ""SrpR/S2"", ""BetI/E1"", ""BM3R1/B1"", ""AmtR/A1"", ""PhlF/P2""]",0x47,6
0ec7dcf1,0,7.0049269634832285,0.5885079503059387,"[14, 17, 13, 5, 1, 11]","[""QacR/Q1"", ""SrpR/S2"", ""PsrA/R1"", ""BM3R1/B3"", ""AmtR/A1"", ""PhlF/P2""]",0x47,6
0ec7dcf1,0,6.170633701613654,0.7202004790306091,"[19, 0, 5, 1, 15, 11]","[""SrpR/S4"", ""AmeR/F1"", ""BM3R1/B3"", ""AmtR/A1"", ""QacR/Q2"", ""PhlF/P2""]",0x47,6
0ec7dcf1,0,1.5457932330182798,0.8215128779411316,"[19, 2, 1, 10, 4, 15]","[""SrpR/S4"", ""BetI/E1"", ""AmtR/A1"", ""PhlF/P1"", ""BM3R1/B2"", ""QacR/Q2""]",0x47,6
0ec7dcf1,0,6.1960742245023965,0.6975507140159607,"[19, 4, 0, 1, 15, 11]","[""SrpR/S4"", ""BM3R1/B2"", ""AmeR/F1"", ""AmtR/A1"", ""QacR/Q2"", ""PhlF/P2""]",0x47,6
0ec7dcf1,0,6.01888170198055,0.7776066660881042,"[19, 4, 1, 2, 15, 11]","[""SrpR/S4"", ""BM3R1/B2"", ""AmtR/A1"", ""BetI/E1"", ""QacR/Q2"", ""PhlF/P2""]",0x47,6
0ec7dcf1,0,4.382862382309789,0.8100742101669312,"[19, 4, 1, 10, 15, 2]","[""SrpR/S4"", ""BM3R1/B2"", ""AmtR/A1"", ""PhlF/P1"", ""QacR/Q2"", ""BetI/E1""]",0x47,6
0ec7dcf1,0,5.811079480210272,0.7852963805198669,"[19, 4, 1, 15, 2, 11]","[""SrpR/S4"", ""BM3R1/B2"", ""AmtR/A1"", ""QacR/Q2"", ""BetI/E1"", ""PhlF/P2""]",0x47,6
0ec7dcf1,0,6.144161408194066,0.7526393532752991,"[19, 4, 2, 1, 15, 11]","[""SrpR/S4"", ""BM3R1/B2"", ""BetI/E1"", ""AmtR/A1"", ""QacR/Q2"", ""PhlF/P2""]",0x47,6
0ec7dcf1,0,6.15741540391683,0.7264215350151062,"[19, 4, 2, 8, 15, 11]","[""SrpR/S4"", ""BM3R1/B2"", ""BetI/E1"", ""LitR/L1"", ""QacR/Q2"", ""PhlF/P2""]",0x47,6
0ec7dcf1,0,3.9013081213566285,0.8190132975578308,"[19, 4, 2, 10, 1, 15]","[""SrpR/S4"", ""BM3R1/B2"", ""BetI/E1"", ""PhlF/P1"", ""AmtR/A1"", ""QacR/Q2""]",0x47,6
0ec7dcf1,0,-0.07819237900918798,0.8361257910728455,"[19, 4, 2, 15, 10, 1]","[""SrpR/S4"", ""BM3R1/B2"", ""BetI/E1"", ""QacR/Q2"", ""PhlF/P1"", ""AmtR/A1""]",0x47,6
0ec7dcf1,0,6.104811477764211,0.7556806802749634,"[19, 4, 15, 1, 2, 11]","[""SrpR/S4"", ""BM3R1/B2"", ""QacR/Q2"", ""AmtR/A1"", ""BetI/E1"", ""PhlF/P2""]",0x47,6
0ec7dcf1,0,6.202169420411708,0.6919406056404114,"[19, 9, 2, 3, 1, 11]","[""SrpR/S4"", ""LmrA/N1"", ""BetI/E1"", ""BM3R1/B1"", ""AmtR/A1"", ""PhlF/P2""]",0x47,6
0ec7dcf1,0,6.18500923494033,0.7022655606269836,"[19, 9, 5, 1, 15, 11]","[""SrpR/S4"", ""LmrA/N1"", ""BM3R1/B3"", ""AmtR/A1"", ""QacR/Q2"", ""PhlF/P2""]",0x47,6
0ec7dcf1,0,6.180910141861407,0.7080940008163452,"[19, 15, 2, 3, 1, 11]","[""SrpR/S4"", ""QacR/Q2"", ""BetI/E1"", ""BM3R1/B1"", ""AmtR/A1"", ""PhlF/P2""]",0x47,6
10349a42,0,3.8980321687679136,0.8216575384140015,"[2, 10, 19, 15, 4, 1]","[""BetI/E1"", ""PhlF/P1"", ""SrpR/S4"", ""QacR/Q2"", ""BM3R1/B2"", ""AmtR/A1""]",0x47,6
10349a42,0,-0.13127341436820356,0.8395440578460693,"[2, 15, 10, 1, 4, 19]","[""BetI/E1"", ""QacR/Q2"", ""PhlF/P1"", ""AmtR/A1"", ""BM3R1/B2"", ""SrpR/S4""]",0x47,6
10349a42,0,2.5661506864608175,0.8321161270141602,"[2, 15, 19, 1, 4, 10]","[""BetI/E1"", ""QacR/Q2"", ""SrpR/S4"", ""AmtR/A1"", ""BM3R1/B2"", ""PhlF/P1""]",0x47,6
10349a42,0,2.215533740326771,0.8343294858932495,"[4, 1, 2, 15, 19, 10]","[""BM3R1/B2"", ""AmtR/A1"", ""BetI/E1"", ""QacR/Q2"", ""SrpR/S4"", ""PhlF/P1""]",0x47,6
10349a42,0,3.092675373136705,0.8303623199462891,"[4, 15, 2, 1, 17, 10]","[""BM3R1/B2"", ""QacR/Q2"", ""BetI/E1"", ""AmtR/A1"", ""SrpR/S2"", ""PhlF/P1""]",0x47,6
10349a42,0,-2.0471050421800543,0.8439414501190186,"[4, 15, 10, 2, 17, 1]","[""BM3R1/B2"", ""QacR/Q2"", ""PhlF/P1"", ""BetI/E1"", ""SrpR/S2"", ""AmtR/A1""]",0x47,6
10349a42,0,5.036136209609316,0.8137450218200684,"[11, 2, 15, 19, 4, 1]","[""PhlF/P2"", ""BetI/E1"", ""QacR/Q2"", ""SrpR/S4"", ""BM3R1/B2"", ""AmtR/A1""]",0x47,6
10349a42,0,6.667267173536988,0.6921076774597168,"[11, 4, 19, 14, 1, 2]","[""PhlF/P2"", ""BM3R1/B2"", ""SrpR/S4"", ""QacR/Q1"", ""AmtR/A1"", ""BetI/E1""]",0x47,6
10349a42,0,6.660754991202583,0.7076587677001953,"[11, 4, 19, 14, 2, 1]","[""PhlF/P2"", ""BM3R1/B2"", ""SrpR/S4"", ""QacR/Q1"", ""BetI/E1"", ""AmtR/A1""]",0x47,6
10349a42,0,6.694368834285624,0.6767635345458984,"[11, 4, 19, 14, 2, 13]","[""PhlF/P2"", ""BM3R1/B2"", ""SrpR/S4"", ""QacR/Q1"", ""BetI/E1"", ""PsrA/R1""]",0x47,6
10349a42,0,4.595904970985976,0.8188326358795166,"[11, 15, 2, 1, 17, 4]","[""PhlF/P2"", ""QacR/Q2"", ""BetI/E1"", ""AmtR/A1"", ""SrpR/S2"", ""BM3R1/B2""]",0x47,6
10349a42,0,5.449164139969512,0.8101954460144043,"[11, 15, 2, 19, 1, 4]","[""PhlF/P2"", ""QacR/Q2"", ""BetI/E1"", ""SrpR/S4"", ""AmtR/A1"", ""BM3R1/B2""]",0x47,6
10349a42,0,5.478891052676693,0.7966330051422119,"[11, 15, 2, 19, 1, 5]","[""PhlF/P2"", ""QacR/Q2"", ""BetI/E1"", ""SrpR/S4"", ""AmtR/A1"", ""BM3R1/B3""]",0x47,6
10349a42,0,6.675076643787322,0.6904112100601196,"[11, 19, 2, 14, 0, 5]","[""PhlF/P2"", ""SrpR/S4"", ""BetI/E1"", ""QacR/Q1"", ""AmeR/F1"", ""BM3R1/B3""]",0x47,6
10349a42,0,6.666490365262698,0.6951075792312622,"[11, 19, 2, 14, 1, 5]","[""PhlF/P2"", ""SrpR/S4"", ""BetI/E1"", ""QacR/Q1"", ""AmtR/A1"", ""BM3R1/B3""]",0x47,6
10349a42,0,6.885414774262745,0.6645457744598389,"[14, 1, 2, 11, 4, 19]","[""QacR/Q1"", ""AmtR/A1"", ""BetI/E1"", ""PhlF/P2"", ""BM3R1/B2"", ""SrpR/S4""]",0x47,6
10349a42,0,6.920263888833206,0.6469969749450684,"[14, 1, 2, 11, 5, 19]","[""QacR/Q1"", ""AmtR/A1"", ""BetI/E1"", ""PhlF/P2"", ""BM3R1/B3"", ""SrpR/S4""]",0x47,6
10349a42,0,7.045053881542922,0.59773850440979,"[14, 5, 1, 11, 0, 19]","[""QacR/Q1"", ""BM3R1/B3"", ""AmtR/A1"", ""PhlF/P2"", ""AmeR/F1"", ""SrpR/S4""]",0x47,6
10349a42,0,7.004269337366607,0.6122665405273438,"[14, 5, 1, 11, 2, 19]","[""QacR/Q1"", ""BM3R1/B3"", ""AmtR/A1"", ""PhlF/P2"", ""BetI/E1"", ""SrpR/S4""]",0x47,6
10349a42,0,7.0751427217629725,0.5314130783081055,"[14, 16, 1, 11, 0, 5]","[""QacR/Q1"", ""SrpR/S1"", ""AmtR/A1"", ""PhlF/P2"", ""AmeR/F1"", ""BM3R1/B3""]",0x47,6
10349a42,0,7.050762371777814,0.5663155317306519,"[14, 16, 1, 11, 2, 5]","[""QacR/Q1"", ""SrpR/S1"", ""AmtR/A1"", ""PhlF/P2"", ""BetI/E1"", ""BM3R1/B3""]",0x47,6
10349a42,0,7.053738493373975,0.5369886159896851,"[14, 16, 1, 11, 13, 5]","[""QacR/Q1"", ""SrpR/S1"", ""AmtR/A1"", ""PhlF/P2"", ""PsrA/R1"", ""BM3R1/B3""]",0x47,6
10349a42,0,7.079889357448317,0.3929062187671661,"[14, 18, 7, 11, 1, 9]","[""QacR/Q1"", ""SrpR/S3"", ""IcaRA/I1"", ""PhlF/P2"", ""AmtR/A1"", ""LmrA/N1""]",0x47,6
10349a42,0,6.933318218371311,0.6294766664505005,"[14, 19, 2, 11, 1, 5]","[""QacR/Q1"", ""SrpR/S4"", ""BetI/E1"", ""PhlF/P2"", ""AmtR/A1"", ""BM3R1/B3""]",0x47,6
10349a42,0,7.05196546878141,0.5601198673248291,"[14, 19, 13, 11, 4, 0]","[""QacR/Q1"", ""SrpR/S4"", ""PsrA/R1"", ""PhlF/P2"", ""BM3R1/B2"", ""AmeR/F1""]",0x47,6
10349a42,0,5.772389788853554,0.7810136079788208,"[15, 1, 2, 11, 4, 19]","[""QacR/Q2"", ""AmtR/A1"", ""BetI/E1"", ""PhlF/P2"", ""BM3R1/B2"", ""SrpR/S4""]",0x47,6
10349a42,0,-0.11704272883217641,0.839181661605835,"[15, 2, 10, 1, 4, 19]","[""QacR/Q2"", ""BetI/E1"", ""PhlF/P1"", ""AmtR/A1"", ""BM3R1/B2"", ""SrpR/S4""]",0x47,6
10349a42,0,-0.3427156824035136,0.8424392938613892,"[17, 15, 10, 2, 4, 1]","[""SrpR/S2"", ""QacR/Q2"", ""PhlF/P1"", ""BetI/E1"", ""BM3R1/B2"", ""AmtR/A1""]",0x47,6
10349a42,0,4.291090020869248,0.819998025894165,"[19, 1, 15, 2, 4, 10]","[""SrpR/S4"", ""AmtR/A1"", ""QacR/Q2"", ""BetI/E1"", ""BM3R1/B2"", ""PhlF/P1""]",0x47,6
10349a42,0,6.107901715287704,0.7764116525650024,"[19, 1, 15, 11, 4, 2]","[""SrpR/S4"", ""AmtR/A1"", ""QacR/Q2"", ""PhlF/P2"", ""BM3R1/B2"", ""BetI/E1""]",0x47,6
10349a42,0,3.7543814022262723,0.8236261606216431,"[19, 10, 2, 15, 4, 1]","[""SrpR/S4"", ""PhlF/P1"", ""BetI/E1"", ""QacR/Q2"", ""BM3R1/B2"", ""AmtR/A1""]",0x47,6
10349a42,0,6.16395795114261,0.716157078742981,"[19, 13, 15, 11, 1, 5]","[""SrpR/S4"", ""PsrA/R1"", ""QacR/Q2"", ""PhlF/P2"", ""AmtR/A1"", ""BM3R1/B3""]",0x47,6
10349a42,0,3.731359846584396,0.8294939994812012,"[19, 15, 2, 1, 4, 10]","[""SrpR/S4"", ""QacR/Q2"", ""BetI/E1"", ""AmtR/A1"", ""BM3R1/B2"", ""PhlF/P1""]",0x47,6
10349a42,0,6.152435719723253,0.7612302303314209,"[19, 15, 2, 11, 1, 5]","[""SrpR/S4"", ""QacR/Q2"", ""BetI/E1"", ""PhlF/P2"", ""AmtR/A1"", ""BM3R1/B3""]",0x47,6
10349a42,0,-0.1831148807872922,0.8396213054656982,"[19, 15, 10, 2, 4, 1]","[""SrpR/S4"", ""QacR/Q2"", ""PhlF/P1"", ""BetI/E1"", ""BM3R1/B2"", ""AmtR/A1""]",0x47,6
0070f10b,0,4.6655187392556074,0.7601796388626099,"[15, 2, 5, 1, 19, 11, 13]","[""QacR/Q2"", ""BetI/E1"", ""BM3R1/B3"", ""AmtR/A1"", ""SrpR/S4"", ""PhlF/P2"", ""PsrA/R1""]",0x47,7
0070f10b,0,-0.01100923283074315,0.8340643048286438,"[8, 7, 17, 15, 4, 1, 10]","[""LitR/L1"", ""IcaRA/I1"", ""SrpR/S2"", ""QacR/Q2"", ""BM3R1/B2"", ""AmtR/A1"", ""PhlF/P1""]",0x47,7
0070f10b,0,6.6404006242756966,0.7427993416786194,"[19, 2, 4, 1, 15, 11, 13]","[""SrpR/S4"", ""BetI/E1"", ""BM3R1/B2"", ""AmtR/A1"", ""QacR/Q2"", ""PhlF/P2"", ""PsrA/R1""]",0x47,7
0070f10b,0,8.094422614253647,0.7402825951576233,"[11, 13, 4, 1, 15, 17, 2]","[""PhlF/P2"", ""PsrA/R1"", ""BM3R1/B2"", ""AmtR/A1"", ""QacR/Q2"", ""SrpR/S2"", ""BetI/E1""]",0x47,7
0070f10b,0,5.768920386815042,0.7436081767082214,"[13, 11, 5, 19, 2, 1, 15]","[""PsrA/R1"", ""PhlF/P2"", ""BM3R1/B3"", ""SrpR/S4"", ""BetI/E1"", ""AmtR/A1"", ""QacR/Q2""]",0x47,7
0070f10b,0,8.65958483743292,0.7015787959098816,"[11, 13, 4, 1, 15, 2, 17]","[""PhlF/P2"", ""PsrA/R1"", ""BM3R1/B2"", ""AmtR/A1"", ""QacR/Q2"", ""BetI/E1"", ""SrpR/S2""]",0x47,7
0070f10b,0,9.63006922354998,0.3973142802715301,"[11, 1, 14, 19, 13, 7, 4]","[""PhlF/P2"", ""AmtR/A1"", ""QacR/Q1"", ""SrpR/S4"", ""PsrA/R1"", ""IcaRA/I1"", ""BM3R1/B2""]",0x47,7
0070f10b,0,5.469992504728221,0.7445670962333679,"[11, 15, 19, 1, 2, 4, 13]","[""PhlF/P2"", ""QacR/Q2"", ""SrpR/S4"", ""AmtR/A1"", ""BetI/E1"", ""BM3R1/B2"", ""PsrA/R1""]",0x47,7
0070f10b,0,9.000564852416487,0.5930845737457275,"[11, 1, 2, 19, 13, 14, 4]","[""PhlF/P2"", ""AmtR/A1"", ""BetI/E1"", ""SrpR/S4"", ""PsrA/R1"", ""QacR/Q1"", ""BM3R1/B2""]",0x47,7
0070f10b,0,1.00799614678677,0.7633872032165527,"[19, 15, 2, 1, 4, 0, 11]","[""SrpR/S4"", ""QacR/Q2"", ""BetI/E1"", ""AmtR/A1"", ""BM3R1/B2"", ""AmeR/F1"", ""PhlF/P2""]",0x47,7
0070f10b,0,-0.010993635908398365,0.8146273493766785,"[8, 13, 4, 2, 17, 1, 10]","[""LitR/L1"", ""PsrA/R1"", ""BM3R1/B2"", ""BetI/E1"", ""SrpR/S2"", ""AmtR/A1"", ""PhlF/P1""]",0x47,7
0070f10b,0,5.132997772823102,0.7453321814537048,"[13, 11, 5, 19, 15, 2, 1]","[""PsrA/R1"", ""PhlF/P2"", ""BM3R1/B3"", ""SrpR/S4"", ""QacR/Q2"", ""BetI/E1"", ""AmtR/A1""]",0x47,7
0070f10b,0,8.832923420653584,0.6698504090309143,"[11, 1, 2, 19, 15, 13, 4]","[""PhlF/P2"", ""AmtR/A1"", ""BetI/E1"", ""SrpR/S4"", ""QacR/Q2"", ""PsrA/R1"", ""BM3R1/B2""]",0x47,7
0070f10b,0,8.402538112966042,0.7228150963783264,"[11, 15, 4, 1, 13, 19, 2]","[""PhlF/P2"", ""QacR/Q2"", ""BM3R1/B2"", ""AmtR/A1"", ""PsrA/R1"", ""SrpR/S4"", ""BetI/E1""]",0x47,7
0070f10b,0,9.53419243822856,0.47210294008255,"[11, 2, 3, 1, 15, 7, 13]","[""PhlF/P2"", ""BetI/E1"", ""BM3R1/B1"", ""AmtR/A1"", ""QacR/Q2"", ""IcaRA/I1"", ""PsrA/R1""]",0x47,7
0070f10b,0,0.022514451213474517,0.8123630881309509,"[15, 13, 4, 19, 2, 1, 10]","[""QacR/Q2"", ""PsrA/R1"", ""BM3R1/B2"", ""SrpR/S4"", ""BetI/E1"", ""AmtR/A1"", ""PhlF/P1""]",0x47,7
0070f10b,0,8.125399280690074,0.7334936261177063,"[11, 15, 4, 1, 2, 19, 13]","[""PhlF/P2"", ""QacR/Q2"", ""BM3R1/B2"", ""AmtR/A1"", ""BetI/E1"", ""SrpR/S4"", ""PsrA/R1""]",0x47,7
0070f10b,0,-0.138069053340016,0.8474323153495789,"[15, 2, 4, 19, 1, 10, 8]","[""QacR/Q2"", ""BetI/E1"", ""BM3R1/B2"", ""SrpR/S4"", ""AmtR/A1"", ""PhlF/P1"", ""LitR/L1""]",0x47,7
0070f10b,0,1.3018773911788144,0.7610951662063599,"[13, 15, 19, 1, 11, 2, 5]","[""PsrA/R1"", ""QacR/Q2"", ""SrpR/S4"", ""AmtR/A1"", ""PhlF/P2"", ""BetI/E1"", ""BM3R1/B3""]",0x47,7
0070f10b,0,-0.006787241405206057,0.8140484690666199,"[8, 7, 19, 1, 5, 10, 6]","[""LitR/L1"", ""IcaRA/I1"", ""SrpR/S4"", ""AmtR/A1"", ""BM3R1/B3"", ""PhlF/P1"", ""HlyIIR/H1""]",0x47,7
0070f10b,0,0.05599663065978072,0.8026009798049927,"[7, 11, 4, 1, 15, 2, 16]","[""IcaRA/I1"", ""PhlF/P2"", ""BM3R1/B2"", ""AmtR/A1"", ""QacR/Q2"", ""BetI/E1"", ""SrpR/S1""]",0x47,7
0070f10b,0,0.9841408802836651,0.7980464696884155,"[15, 2, 19, 1, 4, 0, 11]","[""QacR/Q2"", ""BetI/E1"", ""SrpR/S4"", ""AmtR/A1"", ""BM3R1/B2"", ""AmeR/F1"", ""PhlF/P2""]",0x47,7
0070f10b,0,9.436867949025627,0.5644716620445251,"[11, 1, 14, 19, 13, 2, 4]","[""PhlF/P2"", ""AmtR/A1"", ""QacR/Q1"", ""SrpR/S4"", ""PsrA/R1"", ""BetI/E1"", ""BM3R1/B2""]",0x47,7
0070f10b,0,4.856008465149499,0.7505682110786438,"[19, 11, 4, 2, 13, 1, 15]","[""SrpR/S4"", ""PhlF/P2"", ""BM3R1/B2"", ""BetI/E1"", ""PsrA/R1"", ""AmtR/A1"", ""QacR/Q2""]",0x47,7
0070f10b,0,8.691156614135128,0.6795207858085632,"[12, 2, 5, 1, 13, 19, 15]","[""PhlF/P3"", ""BetI/E1"", ""BM3R1/B3"", ""AmtR/A1"", ""PsrA/R1"", ""SrpR/S4"", ""QacR/Q2""]",0x47,7
0070f10b,0,-0.011019977475338089,0.847268283367157,"[8, 7, 19, 2, 5, 1, 10]","[""LitR/L1"", ""IcaRA/I1"", ""SrpR/S4"", ""BetI/E1"", ""BM3R1/B3"", ""AmtR/A1"", ""PhlF/P1""]",0x47,7
0070f10b,0,-0.7154728119478516,0.8533681035041809,"[1, 15, 19, 2, 4, 10, 8]","[""AmtR/A1"", ""QacR/Q2"", ""SrpR/S4"", ""BetI/E1"", ""BM3R1/B2"", ""PhlF/P1"", ""LitR/L1""]",0x47,7
00b0114d,0,7.9722103033536085,0.7023932933807373,"[11, 4, 19, 13, 2, 1, 15]","[""PhlF/P2"", ""BM3R1/B2"", ""SrpR/S4"", ""PsrA/R1"", ""BetI/E1"", ""AmtR/A1"", ""QacR/Q2""]","[""0x47"", ""0x1B""]",7
00b0114d,0,4.375576282005829,0.7414640784263611,"[13, 10, 2, 19, 15, 4, 1]","[""PsrA/R1"", ""PhlF/P1"", ""BetI/E1"", ""SrpR/S4"", ""QacR/Q2"", ""BM3R1/B2"", ""AmtR/A1""]","[""0x47"", ""0x1B""]",7
00b0114d,0,-1.862643888547562,0.808800220489502,"[2, 1, 10, 15, 8, 4, 17]","[""BetI/E1"", ""AmtR/A1"", ""PhlF/P1"", ""QacR/Q2"", ""LitR/L1"", ""BM3R1/B2"", ""SrpR/S2""]","[""0x47"", ""0x1B""]",7
00b0114d,0,8.445329384378331,0.6195240616798401,"[11, 3, 1, 13, 2, 15, 19]","[""PhlF/P2"", ""BM3R1/B1"", ""AmtR/A1"", ""PsrA/R1"", ""BetI/E1"", ""QacR/Q2"", ""SrpR/S4""]","[""0x47"", ""0x1B""]",7
00b0114d,0,4.873264705487529,0.7388663291931152,"[19, 10, 2, 15, 13, 4, 1]","[""SrpR/S4"", ""PhlF/P1"", ""BetI/E1"", ""QacR/Q2"", ""PsrA/R1"", ""BM3R1/B2"", ""AmtR/A1""]","[""0x47"", ""0x1B""]",7
00b0114d,0,2.0415587285492642,0.7617725133895874,"[2, 19, 13, 1, 15, 4, 11]","[""BetI/E1"", ""SrpR/S4"", ""PsrA/R1"", ""AmtR/A1"", ""QacR/Q2"", ""BM3R1/B2"", ""PhlF/P2""]","[""0x47"", ""0x1B""]",7
00b0114d,0,-0.10189169480234257,0.7782788872718811,"[15, 5, 10, 17, 8, 2, 1]","[""QacR/Q2"", ""BM3R1/B3"", ""PhlF/P1"", ""SrpR/S2"", ""LitR/L1"", ""BetI/E1"", ""AmtR/A1""]","[""0x47"", ""0x1B""]",7
00b0114d,0,1.850669867407386,0.770080029964447,"[15, 10, 2, 13, 19, 1, 4]","[""QacR/Q2"", ""PhlF/P1"", ""BetI/E1"", ""PsrA/R1"", ""SrpR/S4"", ""AmtR/A1"", ""BM3R1/B2""]","[""0x47"", ""0x1B""]",7
00b0114d,0,2.7029948625850078,0.7610346674919128,"[15, 10, 1, 19, 2, 4, 0]","[""QacR/Q2"", ""PhlF/P1"", ""AmtR/A1"", ""SrpR/S4"", ""BetI/E1"", ""BM3R1/B2"", ""AmeR/F1""]","[""0x47"", ""0x1B""]",7
00b0114d,0,3.0019487944681447,0.758942723274231,"[15, 10, 19, 4, 1, 13, 2]","[""QacR/Q2"", ""PhlF/P1"", ""SrpR/S4"", ""BM3R1/B2"", ""AmtR/A1"", ""PsrA/R1"", ""BetI/E1""]","[""0x47"", ""0x1B""]",7
00b0114d,0,8.12754807456456,0.6341435313224792,"[11, 8, 1, 13, 15, 19, 2]","[""PhlF/P2"", ""LitR/L1"", ""AmtR/A1"", ""PsrA/R1"", ""QacR/Q2"", ""SrpR/S4"", ""BetI/E1""]","[""0x47"", ""0x1B""]",7
00b0114d,0,-0.1713161086453814,0.785060465335846,"[15, 2, 10, 17, 1, 4, 0]","[""QacR/Q2"", ""BetI/E1"", ""PhlF/P1"", ""SrpR/S2"", ""AmtR/A1"", ""BM3R1/B2"", ""AmeR/F1""]","[""0x47"", ""0x1B""]",7
00b0114d,0,8.553501335895982,0.4060021340847015,"[11, 6, 19, 7, 2, 13, 15]","[""PhlF/P2"", ""HlyIIR/H1"", ""SrpR/S4"", ""IcaRA/I1"", ""BetI/E1"", ""PsrA/R1"", ""QacR/Q2""]","[""0x47"", ""0x1B""]",7
00b0114d,0,-0.8816456583576873,0.8044245839118958,"[15, 1, 10, 2, 8, 4, 19]","[""QacR/Q2"", ""AmtR/A1"", ""PhlF/P1"", ""BetI/E1"", ""LitR/L1"", ""BM3R1/B2"", ""SrpR/S4""]","[""0x47"", ""0x1B""]",7
00b0114d,0,5.458502738435015,0.737582266330719,"[15, 2, 1, 17, 13, 4, 11]","[""QacR/Q2"", ""BetI/E1"", ""AmtR/A1"", ""SrpR/S2"", ""PsrA/R1"", ""BM3R1/B2"", ""PhlF/P2""]","[""0x47"", ""0x1B""]",7
00b0114d,0,4.833788630233205,0.7395725846290588,"[13, 4, 1, 15, 2, 11, 19]","[""PsrA/R1"", ""BM3R1/B2"", ""AmtR/A1"", ""QacR/Q2"", ""BetI/E1"", ""PhlF/P2"", ""SrpR/S4""]","[""0x47"", ""0x1B""]",7
00b0114d,0,7.662257103306964,0.7125388383865356,"[11, 9, 19, 15, 2, 4, 1]","[""PhlF/P2"", ""LmrA/N1"", ""SrpR/S4"", ""QacR/Q2"", ""BetI/E1"", ""BM3R1/B2"", ""AmtR/A1""]","[""0x47"", ""0x1B""]",7
00b0114d,0,-0.7458523943903912,0.8004242181777954,"[15, 1, 10, 0, 2, 4, 17]","[""QacR/Q2"", ""AmtR/A1"", ""PhlF/P1"", ""AmeR/F1"", ""BetI/E1"", ""BM3R1/B2"", ""SrpR/S2""]","[""0x47"", ""0x1B""]",7
00b0114d,0,5.9182188719704225,0.7325543165206909,"[15, 2, 19, 11, 13, 4, 1]","[""QacR/Q2"", ""BetI/E1"", ""SrpR/S4"", ""PhlF/P2"", ""PsrA/R1"", ""BM3R1/B2"", ""AmtR/A1""]","[""0x47"", ""0x1B""]",7
00b0114d,0,4.05751171774585,0.7547917366027832,"[2, 10, 13, 19, 15, 4, 1]","[""BetI/E1"", ""PhlF/P1"", ""PsrA/R1"", ""SrpR/S4"", ""QacR/Q2"", ""BM3R1/B2"", ""AmtR/A1""]","[""0x47"", ""0x1B""]",7
00b0114d,0,-0.10679384218745244,0.782409131526947,"[19, 5, 10, 2, 8, 15, 1]","[""SrpR/S4"", ""BM3R1/B3"", ""PhlF/P1"", ""BetI/E1"", ""LitR/L1"", ""QacR/Q2"", ""AmtR/A1""]","[""0x47"", ""0x1B""]",7
00b0114d,0,3.7052958404705585,0.7578554749488831,"[19, 1, 13, 2, 15, 11, 4]","[""SrpR/S4"", ""AmtR/A1"", ""PsrA/R1"", ""BetI/E1"", ""QacR/Q2"", ""PhlF/P2"", ""BM3R1/B2""]","[""0x47"", ""0x1B""]",7
00b0114d,0,6.605834407743518,0.7186822295188904,"[11, 9, 1, 2, 15, 4, 19]","[""PhlF/P2"", ""LmrA/N1"", ""AmtR/A1"", ""BetI/E1"", ""QacR/Q2"", ""BM3R1/B2"", ""SrpR/S4""]","[""0x47"", ""0x1B""]",7
00b0114d,0,-0.22838419608018592,0.7854636311531067,"[15, 1, 10, 19, 8, 2, 5]","[""QacR/Q2"", ""AmtR/A1"", ""PhlF/P1"", ""SrpR/S4"", ""LitR/L1"", ""BetI/E1"", ""BM3R1/B3""]","[""0x47"", ""0x1B""]",7
00b0114d,0,-0.23069149195543837,0.7951399683952332,"[15, 1, 10, 19, 8, 2, 4]","[""QacR/Q2"", ""AmtR/A1"", ""PhlF/P1"", ""SrpR/S4"", ""LitR/L1"", ""BetI/E1"", ""BM3R1/B2""]","[""0x47"", ""0x1B""]",7
00b0114d,0,-0.10865478520563736,0.7826148271560669,"[19, 15, 10, 5, 8, 2, 1]","[""SrpR/S4"", ""QacR/Q2"", ""PhlF/P1"", ""BM3R1/B3"", ""LitR/L1"", ""BetI/E1"", ""AmtR/A1""]","[""0x47"", ""0x1B""]",7
00b0114d,0,0.004335696455877303,0.7768256664276123,"[8, 19, 1, 2, 10, 4, 15]","[""LitR/L1"", ""SrpR/S4"", ""AmtR/A1"", ""BetI/E1"", ""PhlF/P1"", ""BM3R1/B2"", ""QacR/Q2""]","[""0x47"", ""0x1B""]",7
00b0114d,0,0.5024132539797029,0.7737424969673157,"[15, 10, 2, 17, 1, 4, 0]","[""QacR/Q2"", ""PhlF/P1"", ""BetI/E1"", ""SrpR/S2"", ""AmtR/A1"", ""BM3R1/B2"", ""AmeR/F1""]","[""0x47"", ""0x1B""]",7
00b0114d,0,6.359794324329767,0.7248218655586243,"[11, 4, 13, 15, 2, 1, 19]","[""PhlF/P2"", ""BM3R1/B2"", ""PsrA/R1"", ""QacR/Q2"", ""BetI/E1"", ""AmtR/A1"", ""SrpR/S4""]","[""0x47"", ""0x1B""]",7
00d162df,0,5.450226823101093,0.7620820999145508,"[11, 2, 4, 19, 1, 15, 13]","[""PhlF/P2"", ""BetI/E1"", ""BM3R1/B2"", ""SrpR/S4"", ""AmtR/A1"", ""QacR/Q2"", ""PsrA/R1""]","[""0x47"", ""0x1B""]",7
00d162df,0,9.976465708086417,0.4517517685890198,"[11, 1, 14, 19, 7, 2, 13]","[""PhlF/P2"", ""AmtR/A1"", ""QacR/Q1"", ""SrpR/S4"", ""IcaRA/I1"", ""BetI/E1"", ""PsrA/R1""]","[""0x47"", ""0x1B""]",7
00d162df,0,6.880838376931599,0.7568655610084534,"[5, 1, 11, 2, 15, 19, 13]","[""BM3R1/B3"", ""AmtR/A1"", ""PhlF/P2"", ""BetI/E1"", ""QacR/Q2"", ""SrpR/S4"", ""PsrA/R1""]","[""0x47"", ""0x1B""]",7
00d162df,0,8.37143740949998,0.6512244343757629,"[11, 14, 2, 3, 19, 1, 13]","[""PhlF/P2"", ""QacR/Q1"", ""BetI/E1"", ""BM3R1/B1"", ""SrpR/S4"", ""AmtR/A1"", ""PsrA/R1""]","[""0x47"", ""0x1B""]",7
00d162df,0,4.656743441412192,0.7812785506248474,"[2, 1, 11, 19, 4, 15, 13]","[""BetI/E1"", ""AmtR/A1"", ""PhlF/P2"", ""SrpR/S4"", ""BM3R1/B2"", ""QacR/Q2"", ""PsrA/R1""]","[""0x47"", ""0x1B""]",7
00d162df,0,0.04020291764355482,0.7965949177742004,"[8, 10, 4, 16, 9, 15, 2]","[""LitR/L1"", ""PhlF/P1"", ""BM3R1/B2"", ""SrpR/S1"", ""LmrA/N1"", ""QacR/Q2"", ""BetI/E1""]","[""0x47"", ""0x1B""]",7
00d162df,0,9.480881026258361,0.5395259261131287,"[11, 1, 2, 19, 7, 15, 13]","[""PhlF/P2"", ""AmtR/A1"", ""BetI/E1"", ""SrpR/S4"", ""IcaRA/I1"", ""QacR/Q2"", ""PsrA/R1""]","[""0x47"", ""0x1B""]",7
00d162df,0,7.443911777129151,0.7391217350959778,"[11, 1, 19, 4, 2, 15, 13]","[""PhlF/P2"", ""AmtR/A1"", ""SrpR/S4"", ""BM3R1/B2"", ""BetI/E1"", ""QacR/Q2"", ""PsrA/R1""]","[""0x47"", ""0x1B""]",7
00d162df,0,7.09371752509834,0.7517988681793213,"[11, 1, 4, 19, 15, 2, 13]","[""PhlF/P2"", ""AmtR/A1"", ""BM3R1/B2"", ""SrpR/S4"", ""QacR/Q2"", ""BetI/E1"", ""PsrA/R1""]","[""0x47"", ""0x1B""]",7
00d162df,0,0.9788841153376586,0.7888960838317871,"[15, 13, 4, 10, 19, 1, 2]","[""QacR/Q2"", ""PsrA/R1"", ""BM3R1/B2"", ""PhlF/P1"", ""SrpR/S4"", ""AmtR/A1"", ""BetI/E1""]","[""0x47"", ""0x1B""]",7
00d162df,0,-0.11893581046707244,0.8346527814865112,"[15, 10, 2, 8, 1, 17, 5]","[""QacR/Q2"", ""PhlF/P1"", ""BetI/E1"", ""LitR/L1"", ""AmtR/A1"", ""SrpR/S2"", ""BM3R1/B3""]","[""0x47"", ""0x1B""]",7
00d162df,0,8.031543885284197,0.7343155741691589,"[11, 13, 19, 5, 2, 1, 15]","[""PhlF/P2"", ""PsrA/R1"", ""SrpR/S4"", ""BM3R1/B3"", ""BetI/E1"", ""AmtR/A1"", ""QacR/Q2""]","[""0x47"", ""0x1B""]",7
00d162df,0,-0.054541696221004514,0.8021207451820374,"[0, 10, 1, 2, 5, 19, 15]","[""AmeR/F1"", ""PhlF/P1"", ""AmtR/A1"", ""BetI/E1"", ""BM3R1/B3"", ""SrpR/S4"", ""QacR/Q2""]","[""0x47"", ""0x1B""]",7
00d162df,0,-0.07481765795534291,0.8051665425300598,"[0, 10, 2, 8, 1, 15, 4]","[""AmeR/F1"", ""PhlF/P1"", ""BetI/E1"", ""LitR/L1"", ""AmtR/A1"", ""QacR/Q2"", ""BM3R1/B2""]","[""0x47"", ""0x1B""]",7
00d162df,0,8.92519094602308,0.5965194702148438,"[5, 1, 14, 19, 13, 2, 12]","[""BM3R1/B3"", ""AmtR/A1"", ""QacR/Q1"", ""SrpR/S4"", ""PsrA/R1"", ""BetI/E1"", ""PhlF/P3""]","[""0x47"", ""0x1B""]",7
00d162df,0,-0.011118502665307022,0.8012214303016663,"[4, 10, 1, 2, 13, 19, 15]","[""BM3R1/B2"", ""PhlF/P1"", ""AmtR/A1"", ""BetI/E1"", ""PsrA/R1"", ""SrpR/S4"", ""QacR/Q2""]","[""0x47"", ""0x1B""]",7
00d162df,0,8.10074702340843,0.6721810698509216,"[11, 1, 2, 4, 19, 14, 13]","[""PhlF/P2"", ""AmtR/A1"", ""BetI/E1"", ""BM3R1/B2"", ""SrpR/S4"", ""QacR/Q1"", ""PsrA/R1""]","[""0x47"", ""0x1B""]",7
00d162df,0,-0.07966968105513614,0.8232387900352478,"[3, 10, 19, 8, 1, 15, 2]","[""BM3R1/B1"", ""PhlF/P1"", ""SrpR/S4"", ""LitR/L1"", ""AmtR/A1"", ""QacR/Q2"", ""BetI/E1""]","[""0x47"", ""0x1B""]",7
00d162df,0,-0.09534626999268049,0.8281541466712952,"[2, 10, 19, 8, 5, 15, 1]","[""BetI/E1"", ""PhlF/P1"", ""SrpR/S4"", ""LitR/L1"", ""BM3R1/B3"", ""QacR/Q2"", ""AmtR/A1""]","[""0x47"", ""0x1B""]",7
0201c198,0,-0.652545695785901,0.796094536781311,"[1, 4, 2, 19, 8, 10, 15]","[""AmtR/A1"", ""BM3R1/B2"", ""BetI/E1"", ""SrpR/S4"", ""LitR/L1"", ""PhlF/P1"", ""QacR/Q2""]",0x47,7
0201c198,0,5.478148471973336,0.7204266786575317,"[11, 4, 15, 1, 13, 2, 19]","[""PhlF/P2"", ""BM3R1/B2"", ""QacR/Q2"", ""AmtR/A1"", ""PsrA/R1"", ""BetI/E1"", ""SrpR/S4""]",0x47,7
0201c198,0,4.821180728524968,0.7309816479682922,"[11, 1, 19, 9, 15, 2, 5]","[""PhlF/P2"", ""AmtR/A1"", ""SrpR/S4"", ""LmrA/N1"", ""QacR/Q2"", ""BetI/E1"", ""BM3R1/B3""]",0x47,7
0201c198,0,7.024330276128799,0.5354533195495605,"[14, 5, 13, 8, 2, 19, 11]","[""QacR/Q1"", ""BM3R1/B3"", ""PsrA/R1"", ""LitR/L1"", ""BetI/E1"", ""SrpR/S4"", ""PhlF/P2""]",0x47,7
0201c198,0,7.249107374944272,0.4231041073799133,"[14, 4, 13, 6, 2, 18, 11]","[""QacR/Q1"", ""BM3R1/B2"", ""PsrA/R1"", ""HlyIIR/H1"", ""BetI/E1"", ""SrpR/S3"", ""PhlF/P2""]",0x47,7
0201c198,0,6.483265819900586,0.6307191848754883,"[11, 5, 1, 17, 13, 2, 14]","[""PhlF/P2"", ""BM3R1/B3"", ""AmtR/A1"", ""SrpR/S2"", ""PsrA/R1"", ""BetI/E1"", ""QacR/Q1""]",0x47,7
0201c198,0,0.4535939271309197,0.7791188359260559,"[1, 19, 10, 4, 13, 2, 15]","[""AmtR/A1"", ""SrpR/S4"", ""PhlF/P1"", ""BM3R1/B2"", ""PsrA/R1"", ""BetI/E1"", ""QacR/Q2""]",0x47,7
0201c198,0,5.981164227557466,0.6975805759429932,"[19, 1, 4, 13, 15, 2, 11]","[""SrpR/S4"", ""AmtR/A1"", ""BM3R1/B2"", ""PsrA/R1"", ""QacR/Q2"", ""BetI/E1"", ""PhlF/P2""]",0x47,7
0201c198,0,6.326202747952391,0.6738560199737549,"[19, 5, 15, 1, 13, 2, 11]","[""SrpR/S4"", ""BM3R1/B3"", ""QacR/Q2"", ""AmtR/A1"", ""PsrA/R1"", ""BetI/E1"", ""PhlF/P2""]",0x47,7
0201c198,0,5.067050412337289,0.7264231443405151,"[11, 1, 4, 13, 15, 2, 19]","[""PhlF/P2"", ""AmtR/A1"", ""BM3R1/B2"", ""PsrA/R1"", ""QacR/Q2"", ""BetI/E1"", ""SrpR/S4""]",0x47,7
0201c198,0,5.500373270019808,0.7040347456932068,"[19, 1, 13, 4, 15, 2, 12]","[""SrpR/S4"", ""AmtR/A1"", ""PsrA/R1"", ""BM3R1/B2"", ""QacR/Q2"", ""BetI/E1"", ""PhlF/P3""]",0x47,7
0201c198,0,4.521422281840399,0.7430042624473572,"[19, 15, 2, 4, 13, 11, 1]","[""SrpR/S4"", ""QacR/Q2"", ""BetI/E1"", ""BM3R1/B2"", ""PsrA/R1"", ""PhlF/P2"", ""AmtR/A1""]",0x47,7
0201c198,0,4.194284194505774,0.7476363182067871,"[11, 13, 17, 5, 1, 2, 15]","[""PhlF/P2"", ""PsrA/R1"", ""SrpR/S2"", ""BM3R1/B3"", ""AmtR/A1"", ""BetI/E1"", ""QacR/Q2""]",0x47,7
0201c198,0,-2.6568854624997016,0.797234058380127,"[4, 1, 19, 2, 8, 10, 15]","[""BM3R1/B2"", ""AmtR/A1"", ""SrpR/S4"", ""BetI/E1"", ""LitR/L1"", ""PhlF/P1"", ""QacR/Q2""]",0x47,7
0201c198,0,6.912100278172333,0.5700934529304504,"[14, 5, 1, 19, 13, 2, 11]","[""QacR/Q1"", ""BM3R1/B3"", ""AmtR/A1"", ""SrpR/S4"", ""PsrA/R1"", ""BetI/E1"", ""PhlF/P2""]",0x47,7
0201c198,0,5.6294928100131605,0.7028821706771851,"[2, 1, 19, 4, 13, 15, 11]","[""BetI/E1"", ""AmtR/A1"", ""SrpR/S4"", ""BM3R1/B2"", ""PsrA/R1"", ""QacR/Q2"", ""PhlF/P2""]",0x47,7
0201c198,0,6.892280804565585,0.5703551769256592,"[14, 5, 17, 1, 13, 2, 11]","[""QacR/Q1"", ""BM3R1/B3"", ""SrpR/S2"", ""AmtR/A1"", ""PsrA/R1"", ""BetI/E1"", ""PhlF/P2""]",0x47,7
0201c198,0,6.347884766507348,0.6584337949752808,"[11, 4, 19, 1, 13, 2, 14]","[""PhlF/P2"", ""BM3R1/B2"", ""SrpR/S4"", ""AmtR/A1"", ""PsrA/R1"", ""BetI/E1"", ""QacR/Q1""]",0x47,7
0201c198,0,3.871778365049429,0.7487586736679077,"[15, 4, 2, 10, 13, 19, 1]","[""QacR/Q2"", ""BM3R1/B2"", ""BetI/E1"", ""PhlF/P1"", ""PsrA/R1"", ""SrpR/S4"", ""AmtR/A1""]",0x47,7
0201c198,0,3.392534530443828,0.7653266191482544,"[2, 13, 10, 4, 1, 19, 15]","[""BetI/E1"", ""PsrA/R1"", ""PhlF/P1"", ""BM3R1/B2"", ""AmtR/A1"", ""SrpR/S4"", ""QacR/Q2""]",0x47,7
0201c198,0,6.84148392021548,0.5931984782218933,"[14, 1, 13, 4, 2, 19, 11]","[""QacR/Q1"", ""AmtR/A1"", ""PsrA/R1"", ""BM3R1/B2"", ""BetI/E1"", ""SrpR/S4"", ""PhlF/P2""]",0x47,7
0201c198,0,-0.10301338312164776,0.782120943069458,"[2, 19, 4, 15, 13, 10, 1]","[""BetI/E1"", ""SrpR/S4"", ""BM3R1/B2"", ""QacR/Q2"", ""PsrA/R1"", ""PhlF/P1"", ""AmtR/A1""]",0x47,7
0201c198,0,-0.12045395462134272,0.7957971692085266,"[0, 19, 4, 2, 15, 10, 1]","[""AmeR/F1"", ""SrpR/S4"", ""BM3R1/B2"", ""BetI/E1"", ""QacR/Q2"", ""PhlF/P1"", ""AmtR/A1""]",0x47,7
0201c198,0,7.196914693954971,0.5018004775047302,"[14, 4, 13, 1, 2, 18, 11]","[""QacR/Q1"", ""BM3R1/B2"", ""PsrA/R1"", ""AmtR/A1"", ""BetI/E1"", ""SrpR/S3"", ""PhlF/P2""]",0x47,7
0201c198,0,6.014465105680062,0.6870174407958984,"[15, 4, 1, 9, 2, 19, 11]","[""QacR/Q2"", ""BM3R1/B2"", ""AmtR/A1"", ""LmrA/N1"", ""BetI/E1"", ""SrpR/S4"", ""PhlF/P2""]",0x47,7
0201c198,0,1.437036407339792,0.7779932618141174,"[0, 10, 4, 2, 1, 19, 15]","[""AmeR/F1"", ""PhlF/P1"", ""BM3R1/B2"", ""BetI/E1"", ""AmtR/A1"", ""SrpR/S4"", ""QacR/Q2""]",0x47,7
0201c198,0,6.9939512624390385,0.5451592206954956,"[14, 1, 13, 9, 2, 19, 11]","[""QacR/Q1"", ""AmtR/A1"", ""PsrA/R1"", ""LmrA/N1"", ""BetI/E1"", ""SrpR/S4"", ""PhlF/P2""]",0x47,7
0869e90d,0,4.4611500460752485,0.7445841431617737,"[11, 1, 13, 19, 4, 2, 15]","[""PhlF/P2"", ""AmtR/A1"", ""PsrA/R1"", ""SrpR/S4"", ""BM3R1/B2"", ""BetI/E1"", ""QacR/Q2""]",0x47,7
0869e90d,0,0.08879309023036049,0.7765643000602722,"[11, 15, 2, 19, 9, 4, 1]","[""PhlF/P2"", ""QacR/Q2"", ""BetI/E1"", ""SrpR/S4"", ""LmrA/N1"", ""BM3R1/B2"", ""AmtR/A1""]",0x47,7
0869e90d,0,3.882027371696533,0.7616832852363586,"[11, 2, 19, 1, 4, 13, 15]","[""PhlF/P2"", ""BetI/E1"", ""SrpR/S4"", ""AmtR/A1"", ""BM3R1/B2"", ""PsrA/R1"", ""QacR/Q2""]",0x47,7
0869e90d,0,6.519790041186083,0.6175925135612488,"[11, 13, 5, 9, 1, 2, 14]","[""PhlF/P2"", ""PsrA/R1"", ""BM3R1/B3"", ""LmrA/N1"", ""AmtR/A1"", ""BetI/E1"", ""QacR/Q1""]",0x47,7
0869e90d,0,4.090640976670826,0.7579140067100525,"[11, 1, 13, 4, 19, 2, 15]","[""PhlF/P2"", ""AmtR/A1"", ""PsrA/R1"", ""BM3R1/B2"", ""SrpR/S4"", ""BetI/E1"", ""QacR/Q2""]",0x47,7
0869e90d,0,4.123568099708117,0.750508725643158,"[19, 13, 4, 10, 2, 15, 1]","[""SrpR/S4"", ""PsrA/R1"", ""BM3R1/B2"", ""PhlF/P1"", ""BetI/E1"", ""QacR/Q2"", ""AmtR/A1""]",0x47,7
0869e90d,0,5.2078853707488815,0.7297549843788147,"[11, 13, 1, 19, 2, 15, 5]","[""PhlF/P2"", ""PsrA/R1"", ""AmtR/A1"", ""SrpR/S4"", ""BetI/E1"", ""QacR/Q2"", ""BM3R1/B3""]",0x47,7
0869e90d,0,6.259170576308426,0.6244983077049255,"[11, 13, 5, 9, 1, 19, 14]","[""PhlF/P2"", ""PsrA/R1"", ""BM3R1/B3"", ""LmrA/N1"", ""AmtR/A1"", ""SrpR/S4"", ""QacR/Q1""]",0x47,7
0869e90d,0,5.413027944934514,0.7167653441429138,"[11, 13, 0, 4, 15, 2, 19]","[""PhlF/P2"", ""PsrA/R1"", ""AmeR/F1"", ""BM3R1/B2"", ""QacR/Q2"", ""BetI/E1"", ""SrpR/S4""]",0x47,7
0869e90d,0,2.225925234909051,0.7706839442253113,"[4, 1, 0, 10, 17, 2, 15]","[""BM3R1/B2"", ""AmtR/A1"", ""AmeR/F1"", ""PhlF/P1"", ""SrpR/S2"", ""BetI/E1"", ""QacR/Q2""]",0x47,7
0869e90d,0,6.992088297742926,0.5340852737426758,"[14, 13, 19, 3, 1, 2, 11]","[""QacR/Q1"", ""PsrA/R1"", ""SrpR/S4"", ""BM3R1/B1"", ""AmtR/A1"", ""BetI/E1"", ""PhlF/P2""]",0x47,7
0869e90d,0,3.2156280872516407,0.7618772387504578,"[4, 13, 19, 10, 2, 15, 1]","[""BM3R1/B2"", ""PsrA/R1"", ""SrpR/S4"", ""PhlF/P1"", ""BetI/E1"", ""QacR/Q2"", ""AmtR/A1""]",0x47,7
0869e90d,0,-0.037742403145939685,0.7888590097427368,"[15, 8, 17, 4, 2, 10, 1]","[""QacR/Q2"", ""LitR/L1"", ""SrpR/S2"", ""BM3R1/B2"", ""BetI/E1"", ""PhlF/P1"", ""AmtR/A1""]",0x47,7
0869e90d,0,-0.051712893667023946,0.813130795955658,"[15, 8, 19, 4, 2, 10, 1]","[""QacR/Q2"", ""LitR/L1"", ""SrpR/S4"", ""BM3R1/B2"", ""BetI/E1"", ""PhlF/P1"", ""AmtR/A1""]",0x47,7
0869e90d,0,7.0238232055137,0.3528821170330047,"[14, 13, 2, 16, 1, 7, 11]","[""QacR/Q1"", ""PsrA/R1"", ""BetI/E1"", ""SrpR/S1"", ""AmtR/A1"", ""IcaRA/I1"", ""PhlF/P2""]",0x47,7
0869e90d,0,5.123408173201544,0.7422850728034973,"[11, 15, 0, 4, 1, 2, 19]","[""PhlF/P2"", ""QacR/Q2"", ""AmeR/F1"", ""BM3R1/B2"", ""AmtR/A1"", ""BetI/E1"", ""SrpR/S4""]",0x47,7
0869e90d,0,5.667633279893548,0.6995064616203308,"[2, 1, 13, 4, 15, 19, 11]","[""BetI/E1"", ""AmtR/A1"", ""PsrA/R1"", ""BM3R1/B2"", ""QacR/Q2"", ""SrpR/S4"", ""PhlF/P2""]",0x47,7
0869e90d,0,7.041345327165215,0.3400219082832336,"[14, 13, 0, 16, 1, 7, 11]","[""QacR/Q1"", ""PsrA/R1"", ""AmeR/F1"", ""SrpR/S1"", ""AmtR/A1"", ""IcaRA/I1"", ""PhlF/P2""]",0x47,7
0869e90d,0,6.613988712643946,0.6002679467201233,"[11, 13, 4, 8, 1, 2, 14]","[""PhlF/P2"", ""PsrA/R1"", ""BM3R1/B2"", ""LitR/L1"", ""AmtR/A1"", ""BetI/E1"", ""QacR/Q1""]",0x47,7
0869e90d,0,6.078566504840863,0.6529564261436462,"[11, 13, 15, 2, 1, 19, 3]","[""PhlF/P2"", ""PsrA/R1"", ""QacR/Q2"", ""BetI/E1"", ""AmtR/A1"", ""SrpR/S4"", ""BM3R1/B1""]",0x47,7
0869e90d,0,2.5650443037470376,0.768650472164154,"[4, 2, 19, 9, 11, 1, 15]","[""BM3R1/B2"", ""BetI/E1"", ""SrpR/S4"", ""LmrA/N1"", ""PhlF/P2"", ""AmtR/A1"", ""QacR/Q2""]",0x47,7
0869e90d,0,-0.03666943135303158,0.787293016910553,"[0, 2, 19, 15, 4, 10, 1]","[""AmeR/F1"", ""BetI/E1"", ""SrpR/S4"", ""QacR/Q2"", ""BM3R1/B2"", ""PhlF/P1"", ""AmtR/A1""]",0x47,7
0869e90d,0,6.618494726799847,0.5883817076683044,"[11, 13, 8, 9, 17, 2, 14]","[""PhlF/P2"", ""PsrA/R1"", ""LitR/L1"", ""LmrA/N1"", ""SrpR/S2"", ""BetI/E1"", ""QacR/Q1""]",0x47,7
0869e90d,0,5.985632986357663,0.6590388417243958,"[11, 13, 15, 1, 2, 19, 3]","[""PhlF/P2"", ""PsrA/R1"", ""QacR/Q2"", ""AmtR/A1"", ""BetI/E1"", ""SrpR/S4"", ""BM3R1/B1""]",0x47,7
0869e90d,0,5.971874336646522,0.677084743976593,"[19, 15, 1, 5, 13, 2, 11]","[""SrpR/S4"", ""QacR/Q2"", ""AmtR/A1"", ""BM3R1/B3"", ""PsrA/R1"", ""BetI/E1"", ""PhlF/P2""]",0x47,7
0869e90d,0,5.545418310858976,0.7005126476287842,"[19, 15, 1, 4, 13, 2, 12]","[""SrpR/S4"", ""QacR/Q2"", ""AmtR/A1"", ""BM3R1/B2"", ""PsrA/R1"", ""BetI/E1"", ""PhlF/P3""]",0x47,7
0869e90d,0,0.005931681528777312,0.7780632972717285,"[0, 10, 19, 4, 2, 1, 15]","[""AmeR/F1"", ""PhlF/P1"", ""SrpR/S4"", ""BM3R1/B2"", ""BetI/E1"", ""AmtR/A1"", ""QacR/Q2""]",0x47,7
0869e90d,0,6.9475124516255695,0.5846877694129944,"[14, 13, 19, 5, 1, 2, 11]","[""QacR/Q1"", ""PsrA/R1"", ""SrpR/S4"", ""BM3R1/B3"", ""AmtR/A1"", ""BetI/E1"", ""PhlF/P2""]",0x47,7
0869e90d,0,-0.01108895306729704,0.785545289516449,"[1, 7, 2, 19, 10, 15, 5]","[""AmtR/A1"", ""IcaRA/I1"", ""BetI/E1"", ""SrpR/S4"", ""PhlF/P1"", ""QacR/Q2"", ""BM3R1/B3""]",0x47,7
0869e90d,0,5.730322835583851,0.6859650015830994,"[2, 13, 1, 5, 17, 15, 11]","[""BetI/E1"", ""PsrA/R1"", ""AmtR/A1"", ""BM3R1/B3"", ""SrpR/S2"", ""QacR/Q2"", ""PhlF/P2""]",0x47,7
91c94c8d,0,3.999602235291167,0.8668231964111328,"[1, 4, 15, 2]","[""AmtR/A1"", ""BM3R1/B2"", ""QacR/Q2"", ""BetI/E1""]",0x1B,4
91c94c8d,0,-1.0804268565838093,0.8837409019470215,"[2, 4, 15, 10]","[""BetI/E1"", ""BM3R1/B2"", ""QacR/Q2"", ""PhlF/P1""]",0x1B,4
91c94c8d,0,5.6960334152873875,0.7738829851150513,"[3, 17, 15, 11]","[""BM3R1/B1"", ""SrpR/S2"", ""QacR/Q2"", ""PhlF/P2""]",0x1B,4
91c94c8d,0,3.710382172625839,0.8776070475578308,"[4, 10, 15, 2]","[""BM3R1/B2"", ""PhlF/P1"", ""QacR/Q2"", ""BetI/E1""]",0x1B,4
91c94c8d,0,3.8333679622733627,0.8678311109542847,"[5, 10, 15, 2]","[""BM3R1/B3"", ""PhlF/P1"", ""QacR/Q2"", ""BetI/E1""]",0x1B,4
91c94c8d,0,0.08948959823290346,0.8780443668365479,"[10, 4, 15, 19]","[""PhlF/P1"", ""BM3R1/B2"", ""QacR/Q2"", ""SrpR/S4""]",0x1B,4
91c94c8d,0,4.0260534572666575,0.8648070693016052,"[11, 2, 15, 4]","[""PhlF/P2"", ""BetI/E1"", ""QacR/Q2"", ""BM3R1/B2""]",0x1B,4
91c94c8d,0,5.477346831069983,0.8237472176551819,"[11, 4, 2, 15]","[""PhlF/P2"", ""BM3R1/B2"", ""BetI/E1"", ""QacR/Q2""]",0x1B,4
91c94c8d,0,5.463423842255168,0.8342143893241882,"[11, 5, 2, 15]","[""PhlF/P2"", ""BM3R1/B3"", ""BetI/E1"", ""QacR/Q2""]",0x1B,4
91c94c8d,0,5.450943651071264,0.8368039727210999,"[11, 19, 2, 15]","[""PhlF/P2"", ""SrpR/S4"", ""BetI/E1"", ""QacR/Q2""]",0x1B,4
91c94c8d,0,5.085588672667186,0.8547027707099915,"[11, 19, 15, 2]","[""PhlF/P2"", ""SrpR/S4"", ""QacR/Q2"", ""BetI/E1""]",0x1B,4
91c94c8d,0,6.414766128130568,0.6747711300849915,"[14, 4, 17, 11]","[""QacR/Q1"", ""BM3R1/B2"", ""SrpR/S2"", ""PhlF/P2""]",0x1B,4
91c94c8d,0,6.098587141189476,0.7200873494148254,"[14, 4, 19, 11]","[""QacR/Q1"", ""BM3R1/B2"", ""SrpR/S4"", ""PhlF/P2""]",0x1B,4
91c94c8d,0,6.721398065223974,0.4517301321029663,"[14, 7, 17, 11]","[""QacR/Q1"", ""IcaRA/I1"", ""SrpR/S2"", ""PhlF/P2""]",0x1B,4
91c94c8d,0,6.584909987729388,0.6329787969589233,"[14, 16, 1, 11]","[""QacR/Q1"", ""SrpR/S1"", ""AmtR/A1"", ""PhlF/P2""]",0x1B,4
91c94c8d,0,6.330203373218228,0.6955286860466003,"[14, 19, 1, 11]","[""QacR/Q1"", ""SrpR/S4"", ""AmtR/A1"", ""PhlF/P2""]",0x1B,4
91c94c8d,0,6.2651221111381545,0.6998286843299866,"[14, 19, 2, 11]","[""QacR/Q1"", ""SrpR/S4"", ""BetI/E1"", ""PhlF/P2""]",0x1B,4
91c94c8d,0,4.580752534823719,0.8624123930931091,"[19, 4, 15, 2]","[""SrpR/S4"", ""BM3R1/B2"", ""QacR/Q2"", ""BetI/E1""]",0x1B,4
91c94c8d,0,5.367893542313247,0.8510246872901917,"[19, 4, 15, 11]","[""SrpR/S4"", ""BM3R1/B2"", ""QacR/Q2"", ""PhlF/P2""]",0x1B,4
badf61a8,0,-1.115272651394631,0.8802520036697388,"[2, 4, 15, 10]","[""BetI/E1"", ""BM3R1/B2"", ""QacR/Q2"", ""PhlF/P1""]",0x1B,4
badf61a8,0,2.282113905441524,0.8733569979667664,"[2, 4, 15, 19]","[""BetI/E1"", ""BM3R1/B2"", ""QacR/Q2"", ""SrpR/S4""]",0x1B,4
badf61a8,0,6.267838244378494,0.7117135524749756,"[3, 19, 13, 11]","[""BM3R1/B1"", ""SrpR/S4"", ""PsrA/R1"", ""PhlF/P2""]",0x1B,4
badf61a8,0,5.819229817413013,0.7513980269432068,"[3, 19, 15, 11]","[""BM3R1/B1"", ""SrpR/S4"", ""QacR/Q2"", ""PhlF/P2""]",0x1B,4
badf61a8,0,3.3137651749797294,0.8672302961349487,"[5, 10, 2, 19]","[""BM3R1/B3"", ""PhlF/P1"", ""BetI/E1"", ""SrpR/S4""]",0x1B,4
badf61a8,0,5.06055889558693,0.8550305366516113,"[11, 4, 2, 15]","[""PhlF/P2"", ""BM3R1/B2"", ""BetI/E1"", ""QacR/Q2""]",0x1B,4
badf61a8,0,4.475953181003834,0.8555660247802734,"[11, 4, 2, 19]","[""PhlF/P2"", ""BM3R1/B2"", ""BetI/E1"", ""SrpR/S4""]",0x1B,4
badf61a8,0,5.086044359634332,0.8362405896186829,"[11, 5, 2, 15]","[""PhlF/P2"", ""BM3R1/B3"", ""BetI/E1"", ""QacR/Q2""]",0x1B,4
badf61a8,0,5.161699784379732,0.8299351930618286,"[11, 19, 2, 15]","[""PhlF/P2"", ""SrpR/S4"", ""BetI/E1"", ""QacR/Q2""]",0x1B,4
badf61a8,0,6.442031153783041,0.6273996829986572,"[14, 13, 2, 11]","[""QacR/Q1"", ""PsrA/R1"", ""BetI/E1"", ""PhlF/P2""]",0x1B,4
badf61a8,0,6.319963954868605,0.6777817010879517,"[14, 19, 2, 11]","[""QacR/Q1"", ""SrpR/S4"", ""BetI/E1"", ""PhlF/P2""]",0x1B,4
badf61a8,0,5.447627727944034,0.8208411335945129,"[19, 4, 1, 11]","[""SrpR/S4"", ""BM3R1/B2"", ""AmtR/A1"", ""PhlF/P2""]",0x1B,4
badf61a8,0,5.428322982037536,0.8217849731445312,"[19, 4, 2, 11]","[""SrpR/S4"", ""BM3R1/B2"", ""BetI/E1"", ""PhlF/P2""]",0x1B,4
badf61a8,0,4.419952207873657,0.8586695194244385,"[19, 4, 2, 15]","[""SrpR/S4"", ""BM3R1/B2"", ""BetI/E1"", ""QacR/Q2""]",0x1B,4
badf61a8,0,4.186975637555095,0.8643338680267334,"[19, 4, 15, 2]","[""SrpR/S4"", ""BM3R1/B2"", ""QacR/Q2"", ""BetI/E1""]",0x1B,4
badf61a8,0,5.621350895863926,0.7924308776855469,"[19, 15, 2, 11]","[""SrpR/S4"", ""QacR/Q2"", ""BetI/E1"", ""PhlF/P2""]",0x1B,4
0b96a9dc,0,5.740391202000895,0.7681649327278137,"[3, 1, 11, 15, 19]","[""BM3R1/B1"", ""AmtR/A1"", ""PhlF/P2"", ""QacR/Q2"", ""SrpR/S4""]",0x1B,5
0b96a9dc,0,5.889418087388654,0.7307291030883789,"[3, 15, 11, 13, 2]","[""BM3R1/B1"", ""QacR/Q2"", ""PhlF/P2"", ""PsrA/R1"", ""BetI/E1""]",0x1B,5
0b96a9dc,0,5.880568812389496,0.736100435256958,"[3, 15, 11, 13, 19]","[""BM3R1/B1"", ""QacR/Q2"", ""PhlF/P2"", ""PsrA/R1"", ""SrpR/S4""]",0x1B,5
0b96a9dc,0,5.267945229407284,0.8152754902839661,"[5, 1, 11, 15, 19]","[""BM3R1/B3"", ""AmtR/A1"", ""PhlF/P2"", ""QacR/Q2"", ""SrpR/S4""]",0x1B,5
0b96a9dc,0,5.0287557649087145,0.8410792350769043,"[5, 2, 11, 1, 15]","[""BM3R1/B3"", ""BetI/E1"", ""PhlF/P2"", ""AmtR/A1"", ""QacR/Q2""]",0x1B,5
0b96a9dc,0,4.626800424916178,0.8470957279205322,"[5, 2, 11, 17, 15]","[""BM3R1/B3"", ""BetI/E1"", ""PhlF/P2"", ""SrpR/S2"", ""QacR/Q2""]",0x1B,5
0b96a9dc,0,3.8978616085833444,0.8638491034507751,"[5, 2, 19, 1, 15]","[""BM3R1/B3"", ""BetI/E1"", ""SrpR/S4"", ""AmtR/A1"", ""QacR/Q2""]",0x1B,5
0b96a9dc,0,5.183479251226635,0.8346276879310608,"[5, 19, 11, 1, 15]","[""BM3R1/B3"", ""SrpR/S4"", ""PhlF/P2"", ""AmtR/A1"", ""QacR/Q2""]",0x1B,5
0b96a9dc,0,-0.34612279970354226,0.876244843006134,"[10, 2, 1, 4, 19]","[""PhlF/P1"", ""BetI/E1"", ""AmtR/A1"", ""BM3R1/B2"", ""SrpR/S4""]",0x1B,5
0b96a9dc,0,-0.9579748060708407,0.8881038427352905,"[10, 2, 19, 4, 1]","[""PhlF/P1"", ""BetI/E1"", ""SrpR/S4"", ""BM3R1/B2"", ""AmtR/A1""]",0x1B,5
0b96a9dc,0,-0.5161618401840381,0.8772425055503845,"[10, 15, 19, 4, 1]","[""PhlF/P1"", ""QacR/Q2"", ""SrpR/S4"", ""BM3R1/B2"", ""AmtR/A1""]",0x1B,5
0b96a9dc,0,5.670298906372648,0.7698786854743958,"[11, 1, 2, 15, 19]","[""PhlF/P2"", ""AmtR/A1"", ""BetI/E1"", ""QacR/Q2"", ""SrpR/S4""]",0x1B,5
0b96a9dc,0,5.5847058797840585,0.8025650978088379,"[11, 1, 2, 19, 15]","[""PhlF/P2"", ""AmtR/A1"", ""BetI/E1"", ""SrpR/S4"", ""QacR/Q2""]",0x1B,5
0b96a9dc,0,5.602830573605527,0.7984442710876465,"[11, 19, 2, 1, 15]","[""PhlF/P2"", ""SrpR/S4"", ""BetI/E1"", ""AmtR/A1"", ""QacR/Q2""]",0x1B,5
0b96a9dc,0,6.0843253822098955,0.7198164463043213,"[14, 1, 11, 2, 19]","[""QacR/Q1"", ""AmtR/A1"", ""PhlF/P2"", ""BetI/E1"", ""SrpR/S4""]",0x1B,5
0b96a9dc,0,6.090954756163933,0.7114554047584534,"[14, 1, 11, 19, 2]","[""QacR/Q1"", ""AmtR/A1"", ""PhlF/P2"", ""SrpR/S4"", ""BetI/E1""]",0x1B,5
0b96a9dc,0,5.955713220694694,0.721254825592041,"[14, 2, 11, 1, 19]","[""QacR/Q1"", ""BetI/E1"", ""PhlF/P2"", ""AmtR/A1"", ""SrpR/S4""]",0x1B,5
0b96a9dc,0,6.270113358187549,0.7052977085113525,"[14, 19, 11, 1, 2]","[""QacR/Q1"", ""SrpR/S4"", ""PhlF/P2"", ""AmtR/A1"", ""BetI/E1""]",0x1B,5
0b96a9dc,0,6.329380428234908,0.6699543595314026,"[14, 19, 11, 13, 2]","[""QacR/Q1"", ""SrpR/S4"", ""PhlF/P2"", ""PsrA/R1"", ""BetI/E1""]",0x1B,5
0b96a9dc,0,3.3532737862349733,0.8703583478927612,"[15, 2, 19, 4, 1]","[""QacR/Q2"", ""BetI/E1"", ""SrpR/S4"", ""BM3R1/B2"", ""AmtR/A1""]",0x1B,5
0b96a9dc,0,0.25188788392903677,0.874605119228363,"[15, 10, 19, 4, 1]","[""QacR/Q2"", ""PhlF/P1"", ""SrpR/S4"", ""BM3R1/B2"", ""AmtR/A1""]",0x1B,5
0b96a9dc,0,-0.5660478683066851,0.877610981464386,"[15, 10, 19, 4, 2]","[""QacR/Q2"", ""PhlF/P1"", ""SrpR/S4"", ""BM3R1/B2"", ""BetI/E1""]",0x1B,5
0b96a9dc,0,3.944575079913823,0.8612480759620667,"[19, 15, 2, 4, 1]","[""SrpR/S4"", ""QacR/Q2"", ""BetI/E1"", ""BM3R1/B2"", ""AmtR/A1""]",0x1B,5
0b96a9dc,0,5.322130332309263,0.8110278248786926,"[19, 15, 11, 1, 2]","[""SrpR/S4"", ""QacR/Q2"", ""PhlF/P2"", ""AmtR/A1"", ""BetI/E1""]",0x1B,5
10211231,0,-0.11983618952124235,0.8706980347633362,"[1, 10, 2, 4, 17]","[""AmtR/A1"", ""PhlF/P1"", ""BetI/E1"", ""BM3R1/B2"", ""SrpR/S2""]",0x1B,5
10211231,0,-0.13256806760440235,0.8757699728012085,"[1, 10, 2, 4, 19]","[""AmtR/A1"", ""PhlF/P1"", ""BetI/E1"", ""BM3R1/B2"", ""SrpR/S4""]",0x1B,5
10211231,0,2.1154447255624755,0.8538020849227905,"[2, 5, 15, 19, 11]","[""BetI/E1"", ""BM3R1/B3"", ""QacR/Q2"", ""SrpR/S4"", ""PhlF/P2""]",0x1B,5
10211231,0,4.447274209911029,0.8497060537338257,"[2, 5, 19, 15, 11]","[""BetI/E1"", ""BM3R1/B3"", ""SrpR/S4"", ""QacR/Q2"", ""PhlF/P2""]",0x1B,5
10211231,0,5.987778197018606,0.7506667375564575,"[3, 1, 2, 15, 11]","[""BM3R1/B1"", ""AmtR/A1"", ""BetI/E1"", ""QacR/Q2"", ""PhlF/P2""]",0x1B,5
10211231,0,5.9403864592350955,0.7556729912757874,"[3, 1, 17, 2, 11]","[""BM3R1/B1"", ""AmtR/A1"", ""SrpR/S2"", ""BetI/E1"", ""PhlF/P2""]",0x1B,5
10211231,0,6.6022960769668915,0.6935572624206543,"[3, 14, 2, 13, 11]","[""BM3R1/B1"", ""QacR/Q1"", ""BetI/E1"", ""PsrA/R1"", ""PhlF/P2""]",0x1B,5
10211231,0,6.298204120391038,0.7399364709854126,"[3, 19, 2, 13, 11]","[""BM3R1/B1"", ""SrpR/S4"", ""BetI/E1"", ""PsrA/R1"", ""PhlF/P2""]",0x1B,5
10211231,0,5.927343135720209,0.7712432742118835,"[3, 19, 15, 2, 11]","[""BM3R1/B1"", ""SrpR/S4"", ""QacR/Q2"", ""BetI/E1"", ""PhlF/P2""]",0x1B,5
10211231,0,6.393559225336038,0.7333556413650513,"[3, 19, 15, 13, 11]","[""BM3R1/B1"", ""SrpR/S4"", ""QacR/Q2"", ""PsrA/R1"", ""PhlF/P2""]",0x1B,5
10211231,0,4.865268759603531,0.8373504281044006,"[5, 1, 17, 15, 11]","[""BM3R1/B3"", ""AmtR/A1"", ""SrpR/S2"", ""QacR/Q2"", ""PhlF/P2""]",0x1B,5
10211231,0,5.321377920685244,0.8315904140472412,"[5, 1, 19, 2, 11]","[""BM3R1/B3"", ""AmtR/A1"", ""SrpR/S4"", ""BetI/E1"", ""PhlF/P2""]",0x1B,5
10211231,0,3.8855953763558695,0.8527543544769287,"[5, 2, 19, 15, 11]","[""BM3R1/B3"", ""BetI/E1"", ""SrpR/S4"", ""QacR/Q2"", ""PhlF/P2""]",0x1B,5
10211231,0,4.969509310185542,0.834176242351532,"[5, 15, 2, 19, 11]","[""BM3R1/B3"", ""QacR/Q2"", ""BetI/E1"", ""SrpR/S4"", ""PhlF/P2""]",0x1B,5
10211231,0,4.855568280171383,0.8458049297332764,"[5, 15, 19, 2, 11]","[""BM3R1/B3"", ""QacR/Q2"", ""SrpR/S4"", ""BetI/E1"", ""PhlF/P2""]",0x1B,5
10211231,0,0.08393860165218933,0.8560566902160645,"[5, 19, 10, 15, 2]","[""BM3R1/B3"", ""SrpR/S4"", ""PhlF/P1"", ""QacR/Q2"", ""BetI/E1""]",0x1B,5
10211231,0,-0.24094467056956498,0.8843176960945129,"[10, 2, 19, 15, 4]","[""PhlF/P1"", ""BetI/E1"", ""SrpR/S4"", ""QacR/Q2"", ""BM3R1/B2""]",0x1B,5
10211231,0,6.6462990807530895,0.6549477577209473,"[14, 1, 13, 2, 11]","[""QacR/Q1"", ""AmtR/A1"", ""PsrA/R1"", ""BetI/E1"", ""PhlF/P2""]",0x1B,5
10211231,0,6.409757872120766,0.7075717449188232,"[14, 1, 19, 2, 11]","[""QacR/Q1"", ""AmtR/A1"", ""SrpR/S4"", ""BetI/E1"", ""PhlF/P2""]",0x1B,5
10211231,0,6.538769493421091,0.6982766389846802,"[14, 5, 19, 2, 11]","[""QacR/Q1"", ""BM3R1/B3"", ""SrpR/S4"", ""BetI/E1"", ""PhlF/P2""]",0x1B,5
10211231,0,6.614398360441175,0.6648198366165161,"[14, 19, 2, 13, 11]","[""QacR/Q1"", ""SrpR/S4"", ""BetI/E1"", ""PsrA/R1"", ""PhlF/P2""]",0x1B,5
10211231,0,6.752274159739233,0.6543903350830078,"[14, 19, 13, 2, 11]","[""QacR/Q1"", ""SrpR/S4"", ""PsrA/R1"", ""BetI/E1"", ""PhlF/P2""]",0x1B,5
10211231,0,-0.05338513087123942,0.8602078557014465,"[15, 10, 2, 4, 19]","[""QacR/Q2"", ""PhlF/P1"", ""BetI/E1"", ""BM3R1/B2"", ""SrpR/S4""]",0x1B,5
10211231,0,5.910547216095022,0.8274617195129395,"[19, 1, 15, 2, 11]","[""SrpR/S4"", ""AmtR/A1"", ""QacR/Q2"", ""BetI/E1"", ""PhlF/P2""]",0x1B,5
05771a23,0,6.1856907569934165,0.6758096814155579,"[3, 17, 2, 15, 13, 11]","[""BM3R1/B1"", ""SrpR/S2"", ""BetI/E1"", ""QacR/Q2"", ""PsrA/R1"", ""PhlF/P2""]",0x1B,6
05771a23,0,5.637685537894801,0.7011107802391052,"[3, 19, 1, 2, 15, 11]","[""BM3R1/B1"", ""SrpR/S4"", ""AmtR/A1"", ""BetI/E1"", ""QacR/Q2"", ""PhlF/P2""]",0x1B,6
05771a23,0,6.272040827322984,0.6727134585380554,"[3, 19, 2, 15, 13, 11]","[""BM3R1/B1"", ""SrpR/S4"", ""BetI/E1"", ""QacR/Q2"", ""PsrA/R1"", ""PhlF/P2""]",0x1B,6
05771a23,0,-1.6447950421405628,0.8441713452339172,"[4, 9, 19, 10, 1, 15]","[""BM3R1/B2"", ""LmrA/N1"", ""SrpR/S4"", ""PhlF/P1"", ""AmtR/A1"", ""QacR/Q2""]",0x1B,6
05771a23,0,3.8306392815045376,0.8438324928283691,"[4, 10, 2, 1, 15, 19]","[""BM3R1/B2"", ""PhlF/P1"", ""BetI/E1"", ""AmtR/A1"", ""QacR/Q2"", ""SrpR/S4""]",0x1B,6
05771a23,0,4.262643149581438,0.8159319162368774,"[11, 4, 2, 1, 15, 19]","[""PhlF/P2"", ""BM3R1/B2"", ""BetI/E1"", ""AmtR/A1"", ""QacR/Q2"", ""SrpR/S4""]",0x1B,6
05771a23,0,4.900726336650897,0.8120929002761841,"[11, 4, 19, 1, 15, 2]","[""PhlF/P2"", ""BM3R1/B2"", ""SrpR/S4"", ""AmtR/A1"", ""QacR/Q2"", ""BetI/E1""]",0x1B,6
05771a23,0,6.3337844317959116,0.6333802342414856,"[14, 4, 13, 19, 2, 11]","[""QacR/Q1"", ""BM3R1/B2"", ""PsrA/R1"", ""SrpR/S4"", ""BetI/E1"", ""PhlF/P2""]",0x1B,6
05771a23,0,6.005197915608487,0.6873919367790222,"[14, 4, 19, 1, 2, 11]","[""QacR/Q1"", ""BM3R1/B2"", ""SrpR/S4"", ""AmtR/A1"", ""BetI/E1"", ""PhlF/P2""]",0x1B,6
05771a23,0,6.357558850350285,0.6128023266792297,"[14, 5, 13, 19, 2, 11]","[""QacR/Q1"", ""BM3R1/B3"", ""PsrA/R1"", ""SrpR/S4"", ""BetI/E1"", ""PhlF/P2""]",0x1B,6
05771a23,0,6.345782866435609,0.6185176372528076,"[14, 19, 13, 1, 2, 11]","[""QacR/Q1"", ""SrpR/S4"", ""PsrA/R1"", ""AmtR/A1"", ""BetI/E1"", ""PhlF/P2""]",0x1B,6
05771a23,0,5.579893187398033,0.7318692803382874,"[19, 2, 13, 1, 15, 11]","[""SrpR/S4"", ""BetI/E1"", ""PsrA/R1"", ""AmtR/A1"", ""QacR/Q2"", ""PhlF/P2""]",0x1B,6
05771a23,0,5.03473902677203,0.7963466644287109,"[19, 4, 2, 1, 15, 11]","[""SrpR/S4"", ""BM3R1/B2"", ""BetI/E1"", ""AmtR/A1"", ""QacR/Q2"", ""PhlF/P2""]",0x1B,6
05771a23,0,5.4478555832373505,0.7555868029594421,"[19, 4, 13, 1, 15, 11]","[""SrpR/S4"", ""BM3R1/B2"", ""PsrA/R1"", ""AmtR/A1"", ""QacR/Q2"", ""PhlF/P2""]",0x1B,6
05771a23,0,5.356034403613181,0.7614495754241943,"[19, 4, 13, 2, 15, 11]","[""SrpR/S4"", ""BM3R1/B2"", ""PsrA/R1"", ""BetI/E1"", ""QacR/Q2"", ""PhlF/P2""]",0x1B,6
05771a23,0,5.3009433373705654,0.7883356213569641,"[19, 4, 15, 1, 2, 11]","[""SrpR/S4"", ""BM3R1/B2"", ""QacR/Q2"", ""AmtR/A1"", ""BetI/E1"", ""PhlF/P2""]",0x1B,6
0a3768e5,0,6.16054329327754,0.7086845636367798,"[3, 1, 11, 2, 8, 16]","[""BM3R1/B1"", ""AmtR/A1"", ""PhlF/P2"", ""BetI/E1"", ""LitR/L1"", ""SrpR/S1""]",0x1B,6
0a3768e5,0,6.193685369808177,0.7020343542098999,"[3, 1, 11, 15, 8, 16]","[""BM3R1/B1"", ""AmtR/A1"", ""PhlF/P2"", ""QacR/Q2"", ""LitR/L1"", ""SrpR/S1""]",0x1B,6
0a3768e5,0,6.029050427746639,0.7553229331970215,"[3, 15, 11, 1, 2, 19]","[""BM3R1/B1"", ""QacR/Q2"", ""PhlF/P2"", ""AmtR/A1"", ""BetI/E1"", ""SrpR/S4""]",0x1B,6
0a3768e5,0,6.11605184252853,0.7098535299301147,"[3, 15, 11, 2, 13, 17]","[""BM3R1/B1"", ""QacR/Q2"", ""PhlF/P2"", ""BetI/E1"", ""PsrA/R1"", ""SrpR/S2""]",0x1B,6
0a3768e5,0,6.064912945275337,0.7243355512619019,"[3, 15, 11, 13, 2, 19]","[""BM3R1/B1"", ""QacR/Q2"", ""PhlF/P2"", ""PsrA/R1"", ""BetI/E1"", ""SrpR/S4""]",0x1B,6
0a3768e5,0,6.089412656118112,0.7149957418441772,"[3, 15, 11, 17, 6, 8]","[""BM3R1/B1"", ""QacR/Q2"", ""PhlF/P2"", ""SrpR/S2"", ""HlyIIR/H1"", ""LitR/L1""]",0x1B,6
0a3768e5,0,1.4395005602354023,0.8773002624511719,"[4, 15, 1, 10, 2, 19]","[""BM3R1/B2"", ""QacR/Q2"", ""AmtR/A1"", ""PhlF/P1"", ""BetI/E1"", ""SrpR/S4""]",0x1B,6
0a3768e5,0,3.7373194566641197,0.8634965419769287,"[4, 15, 2, 10, 7, 19]","[""BM3R1/B2"", ""QacR/Q2"", ""BetI/E1"", ""PhlF/P1"", ""IcaRA/I1"", ""SrpR/S4""]",0x1B,6
0a3768e5,0,4.053283756376166,0.8631299734115601,"[4, 15, 19, 10, 2, 1]","[""BM3R1/B2"", ""QacR/Q2"", ""SrpR/S4"", ""PhlF/P1"", ""BetI/E1"", ""AmtR/A1""]",0x1B,6
0a3768e5,0,5.3626055073757835,0.8441098928451538,"[11, 15, 2, 5, 6, 8]","[""PhlF/P2"", ""QacR/Q2"", ""BetI/E1"", ""BM3R1/B3"", ""HlyIIR/H1"", ""LitR/L1""]",0x1B,6
0a3768e5,0,4.392094253934464,0.8527438044548035,"[11, 15, 19, 5, 6, 8]","[""PhlF/P2"", ""QacR/Q2"", ""SrpR/S4"", ""BM3R1/B3"", ""HlyIIR/H1"", ""LitR/L1""]",0x1B,6
0a3768e5,0,5.459551938936279,0.8118516802787781,"[11, 19, 2, 9, 15, 4]","[""PhlF/P2"", ""SrpR/S4"", ""BetI/E1"", ""LmrA/N1"", ""QacR/Q2"", ""BM3R1/B2""]",0x1B,6
0a3768e5,0,6.698103626341615,0.6216439604759216,"[14, 19, 11, 1, 13, 2]","[""QacR/Q1"", ""SrpR/S4"", ""PhlF/P2"", ""AmtR/A1"", ""PsrA/R1"", ""BetI/E1""]",0x1B,6
0a3768e5,0,6.625681868966257,0.6949847936630249,"[14, 19, 11, 2, 1, 5]","[""QacR/Q1"", ""SrpR/S4"", ""PhlF/P2"", ""BetI/E1"", ""AmtR/A1"", ""BM3R1/B3""]",0x1B,6
0a3768e5,0,6.6740752158363374,0.673020601272583,"[14, 19, 11, 4, 13, 2]","[""QacR/Q1"", ""SrpR/S4"", ""PhlF/P2"", ""BM3R1/B2"", ""PsrA/R1"", ""BetI/E1""]",0x1B,6
0a3768e5,0,6.695693241057379,0.6676695346832275,"[14, 19, 11, 5, 13, 2]","[""QacR/Q1"", ""SrpR/S4"", ""PhlF/P2"", ""BM3R1/B3"", ""PsrA/R1"", ""BetI/E1""]",0x1B,6
0a3768e5,0,5.6121861618314846,0.7841477990150452,"[19, 1, 11, 2, 15, 5]","[""SrpR/S4"", ""AmtR/A1"", ""PhlF/P2"", ""BetI/E1"", ""QacR/Q2"", ""BM3R1/B3""]",0x1B,6
0a3768e5,0,5.701598997408154,0.7794623374938965,"[19, 1, 11, 4, 13, 15]","[""SrpR/S4"", ""AmtR/A1"", ""PhlF/P2"", ""BM3R1/B2"", ""PsrA/R1"", ""QacR/Q2""]",0x1B,6
0a3768e5,0,5.7677936787812785,0.7726193070411682,"[19, 1, 11, 5, 13, 15]","[""SrpR/S4"", ""AmtR/A1"", ""PhlF/P2"", ""BM3R1/B3"", ""PsrA/R1"", ""QacR/Q2""]",0x1B,6
0a3768e5,0,5.648633626221961,0.7796379327774048,"[19, 1, 11, 9, 2, 5]","[""SrpR/S4"", ""AmtR/A1"", ""PhlF/P2"", ""LmrA/N1"", ""BetI/E1"", ""BM3R1/B3""]",0x1B,6
0a3768e5,0,5.608513605222972,0.7882485389709473,"[19, 1, 11, 15, 2, 5]","[""SrpR/S4"", ""AmtR/A1"", ""PhlF/P2"", ""QacR/Q2"", ""BetI/E1"", ""BM3R1/B3""]",0x1B,6
0a3768e5,0,5.581046419756187,0.799107015132904,"[19, 2, 11, 1, 15, 4]","[""SrpR/S4"", ""BetI/E1"", ""PhlF/P2"", ""AmtR/A1"", ""QacR/Q2"", ""BM3R1/B2""]",0x1B,6
0a3768e5,0,5.609892022453361,0.7864394187927246,"[19, 2, 11, 1, 15, 5]","[""SrpR/S4"", ""BetI/E1"", ""PhlF/P2"", ""AmtR/A1"", ""QacR/Q2"", ""BM3R1/B3""]",0x1B,6
0a3768e5,0,5.5974553060717245,0.7967360019683838,"[19, 2, 11, 4, 15, 1]","[""SrpR/S4"", ""BetI/E1"", ""PhlF/P2"", ""BM3R1/B2"", ""QacR/Q2"", ""AmtR/A1""]",0x1B,6
0a3768e5,0,5.578629059282162,0.8027322292327881,"[19, 2, 11, 5, 6, 8]","[""SrpR/S4"", ""BetI/E1"", ""PhlF/P2"", ""BM3R1/B3"", ""HlyIIR/H1"", ""LitR/L1""]",0x1B,6
0a3768e5,0,5.575295372405845,0.8080040216445923,"[19, 2, 11, 15, 1, 5]","[""SrpR/S4"", ""BetI/E1"", ""PhlF/P2"", ""QacR/Q2"", ""AmtR/A1"", ""BM3R1/B3""]",0x1B,6
0a3768e5,0,4.5704871496860235,0.8501770496368408,"[19, 15, 2, 5, 6, 8]","[""SrpR/S4"", ""QacR/Q2"", ""BetI/E1"", ""BM3R1/B3"", ""HlyIIR/H1"", ""LitR/L1""]",0x1B,6
0a3768e5,0,4.535121924704637,0.8509522676467896,"[19, 15, 2, 5, 10, 8]","[""SrpR/S4"", ""QacR/Q2"", ""BetI/E1"", ""BM3R1/B3"", ""PhlF/P1"", ""LitR/L1""]",0x1B,6
009d5d18,0,0.0004890357645413297,0.8174600601196289,"[5, 2, 19, 0, 8, 10, 15]","[""BM3R1/B3"", ""BetI/E1"", ""SrpR/S4"", ""AmeR/F1"", ""LitR/L1"", ""PhlF/P1"", ""QacR/Q2""]",0x1B,7
009d5d18,0,0.9969196001607036,0.7916660308837891,"[11, 15, 19, 0, 1, 2, 5]","[""PhlF/P2"", ""QacR/Q2"", ""SrpR/S4"", ""AmeR/F1"", ""AmtR/A1"", ""BetI/E1"", ""BM3R1/B3""]",0x1B,7
009d5d18,0,3.530082419847457,0.7574427723884583,"[11, 13, 5, 15, 2, 1, 19]","[""PhlF/P2"", ""PsrA/R1"", ""BM3R1/B3"", ""QacR/Q2"", ""BetI/E1"", ""AmtR/A1"", ""SrpR/S4""]",0x1B,7
009d5d18,0,4.508783107242194,0.7252919673919678,"[19, 13, 4, 1, 15, 2, 11]","[""SrpR/S4"", ""PsrA/R1"", ""BM3R1/B2"", ""AmtR/A1"", ""QacR/Q2"", ""BetI/E1"", ""PhlF/P2""]",0x1B,7
009d5d18,0,4.600809114603429,0.7182518243789673,"[19, 2, 5, 1, 15, 13, 11]","[""SrpR/S4"", ""BetI/E1"", ""BM3R1/B3"", ""AmtR/A1"", ""QacR/Q2"", ""PsrA/R1"", ""PhlF/P2""]",0x1B,7
009d5d18,0,4.938509602819045,0.6627302765846252,"[1, 18, 5, 13, 15, 2, 11]","[""AmtR/A1"", ""SrpR/S3"", ""BM3R1/B3"", ""PsrA/R1"", ""QacR/Q2"", ""BetI/E1"", ""PhlF/P2""]",0x1B,7
009d5d18,0,2.006560815996364,0.7868676781654358,"[11, 2, 15, 0, 1, 19, 5]","[""PhlF/P2"", ""BetI/E1"", ""QacR/Q2"", ""AmeR/F1"", ""AmtR/A1"", ""SrpR/S4"", ""BM3R1/B3""]",0x1B,7
009d5d18,0,4.763331221127335,0.7172321081161499,"[1, 19, 4, 13, 15, 2, 11]","[""AmtR/A1"", ""SrpR/S4"", ""BM3R1/B2"", ""PsrA/R1"", ""QacR/Q2"", ""BetI/E1"", ""PhlF/P2""]",0x1B,7
009d5d18,0,3.415709407993889,0.7732909917831421,"[11, 13, 1, 4, 17, 2, 15]","[""PhlF/P2"", ""PsrA/R1"", ""AmtR/A1"", ""BM3R1/B2"", ""SrpR/S2"", ""BetI/E1"", ""QacR/Q2""]",0x1B,7
009d5d18,0,-1.4672070165300235,0.8364776372909546,"[5, 2, 10, 6, 1, 15, 19]","[""BM3R1/B3"", ""BetI/E1"", ""PhlF/P1"", ""HlyIIR/H1"", ""AmtR/A1"", ""QacR/Q2"", ""SrpR/S4""]",0x1B,7
009d5d18,0,3.52414388778655,0.7716442346572876,"[11, 1, 5, 13, 2, 15, 19]","[""PhlF/P2"", ""AmtR/A1"", ""BM3R1/B3"", ""PsrA/R1"", ""BetI/E1"", ""QacR/Q2"", ""SrpR/S4""]",0x1B,7
009d5d18,0,-0.04556146961026483,0.8285856246948242,"[17, 10, 2, 1, 8, 4, 15]","[""SrpR/S2"", ""PhlF/P1"", ""BetI/E1"", ""AmtR/A1"", ""LitR/L1"", ""BM3R1/B2"", ""QacR/Q2""]",0x1B,7
009d5d18,0,4.005692216422722,0.7465710043907166,"[4, 19, 2, 1, 13, 11, 15]","[""BM3R1/B2"", ""SrpR/S4"", ""BetI/E1"", ""AmtR/A1"", ""PsrA/R1"", ""PhlF/P2"", ""QacR/Q2""]",0x1B,7
009d5d18,0,-0.2119487307505038,0.8350284695625305,"[5, 10, 2, 6, 8, 19, 15]","[""BM3R1/B3"", ""PhlF/P1"", ""BetI/E1"", ""HlyIIR/H1"", ""LitR/L1"", ""SrpR/S4"", ""QacR/Q2""]",0x1B,7
009d5d18,0,4.162998059199577,0.7271496653556824,"[15, 13, 5, 1, 2, 19, 11]","[""QacR/Q2"", ""PsrA/R1"", ""BM3R1/B3"", ""AmtR/A1"", ""BetI/E1"", ""SrpR/S4"", ""PhlF/P2""]",0x1B,7
009d5d18,0,0.021196712790736448,0.8039234280586243,"[4, 13, 2, 10, 19, 1, 15]","[""BM3R1/B2"", ""PsrA/R1"", ""BetI/E1"", ""PhlF/P1"", ""SrpR/S4"", ""AmtR/A1"", ""QacR/Q2""]",0x1B,7
009d5d18,0,4.515384754218147,0.7232558131217957,"[2, 13, 4, 19, 15, 1, 11]","[""BetI/E1"", ""PsrA/R1"", ""BM3R1/B2"", ""SrpR/S4"", ""QacR/Q2"", ""AmtR/A1"", ""PhlF/P2""]",0x1B,7
009d5d18,0,5.195823489696096,0.6027308702468872,"[1, 18, 3, 2, 15, 13, 11]","[""AmtR/A1"", ""SrpR/S3"", ""BM3R1/B1"", ""BetI/E1"", ""QacR/Q2"", ""PsrA/R1"", ""PhlF/P2""]",0x1B,7
009d5d18,0,5.056235333933583,0.6590838432312012,"[1, 2, 3, 17, 13, 15, 11]","[""AmtR/A1"", ""BetI/E1"", ""BM3R1/B1"", ""SrpR/S2"", ""PsrA/R1"", ""QacR/Q2"", ""PhlF/P2""]",0x1B,7
009d5d18,0,5.31316038529795,0.4733458161354065,"[2, 7, 3, 19, 13, 15, 11]","[""BetI/E1"", ""IcaRA/I1"", ""BM3R1/B1"", ""SrpR/S4"", ""PsrA/R1"", ""QacR/Q2"", ""PhlF/P2""]",0x1B,7
009d5d18,0,-2.5648427751724743,0.8492722511291504,"[10, 2, 15, 8, 1, 19, 5]","[""PhlF/P1"", ""BetI/E1"", ""QacR/Q2"", ""LitR/L1"", ""AmtR/A1"", ""SrpR/S4"", ""BM3R1/B3""]",0x1B,7
009d5d18,0,1.2191148885801313,0.7894165515899658,"[11, 1, 15, 0, 2, 4, 19]","[""PhlF/P2"", ""AmtR/A1"", ""QacR/Q2"", ""AmeR/F1"", ""BetI/E1"", ""BM3R1/B2"", ""SrpR/S4""]",0x1B,7
009d5d18,0,-0.027638835175239785,0.8198257684707642,"[1, 10, 2, 17, 8, 5, 15]","[""AmtR/A1"", ""PhlF/P1"", ""BetI/E1"", ""SrpR/S2"", ""LitR/L1"", ""BM3R1/B3"", ""QacR/Q2""]",0x1B,7
009d5d18,0,4.846482530932266,0.6931068897247314,"[13, 5, 19, 2, 1, 12, 15]","[""PsrA/R1"", ""BM3R1/B3"", ""SrpR/S4"", ""BetI/E1"", ""AmtR/A1"", ""PhlF/P3"", ""QacR/Q2""]",0x1B,7
009d5d18,0,3.7889716742366635,0.7522985935211182,"[11, 4, 19, 13, 1, 15, 2]","[""PhlF/P2"", ""BM3R1/B2"", ""SrpR/S4"", ""PsrA/R1"", ""AmtR/A1"", ""QacR/Q2"", ""BetI/E1""]",0x1B,7
009d5d18,0,-2.092722013891057,0.8427168130874634,"[5, 10, 15, 6, 8, 2, 19]","[""BM3R1/B3"", ""PhlF/P1"", ""QacR/Q2"", ""HlyIIR/H1"", ""LitR/L1"", ""BetI/E1"", ""SrpR/S4""]",0x1B,7
009d5d18,0,-0.18162895571831847,0.8317602872848511,"[10, 2, 5, 8, 1, 15, 19]","[""PhlF/P1"", ""BetI/E1"", ""BM3R1/B3"", ""LitR/L1"", ""AmtR/A1"", ""QacR/Q2"", ""SrpR/S4""]",0x1B,7
009d5d18,0,4.810202697425442,0.7123801708221436,"[1, 19, 5, 2, 15, 13, 11]","[""AmtR/A1"", ""SrpR/S4"", ""BM3R1/B3"", ""BetI/E1"", ""QacR/Q2"", ""PsrA/R1"", ""PhlF/P2""]",0x1B,7
017c44d7,0,-0.03125974153160495,0.7784425020217896,"[0, 1, 10, 5, 2, 15, 19]","[""AmeR/F1"", ""AmtR/A1"", ""PhlF/P1"", ""BM3R1/B3"", ""BetI/E1"", ""QacR/Q2"", ""SrpR/S4""]",0x1B,7
017c44d7,0,6.326544831971651,0.6594406366348267,"[1, 5, 15, 16, 13, 2, 11]","[""AmtR/A1"", ""BM3R1/B3"", ""QacR/Q2"", ""SrpR/S1"", ""PsrA/R1"", ""BetI/E1"", ""PhlF/P2""]",0x1B,7
017c44d7,0,-0.1670844964212305,0.7920534610748291,"[0, 1, 10, 2, 5, 15, 19]","[""AmeR/F1"", ""AmtR/A1"", ""PhlF/P1"", ""BetI/E1"", ""BM3R1/B3"", ""QacR/Q2"", ""SrpR/S4""]",0x1B,7
017c44d7,0,5.1509761119659405,0.7462960481643677,"[1, 4, 2, 8, 15, 19, 11]","[""AmtR/A1"", ""BM3R1/B2"", ""BetI/E1"", ""LitR/L1"", ""QacR/Q2"", ""SrpR/S4"", ""PhlF/P2""]",0x1B,7
017c44d7,0,5.8632268564399705,0.7331091165542603,"[1, 4, 19, 15, 13, 2, 11]","[""AmtR/A1"", ""BM3R1/B2"", ""SrpR/S4"", ""QacR/Q2"", ""PsrA/R1"", ""BetI/E1"", ""PhlF/P2""]",0x1B,7
017c44d7,0,1.3964801399197249,0.771613597869873,"[0, 10, 1, 5, 15, 2, 19]","[""AmeR/F1"", ""PhlF/P1"", ""AmtR/A1"", ""BM3R1/B3"", ""QacR/Q2"", ""BetI/E1"", ""SrpR/S4""]",0x1B,7
017c44d7,0,0.10035595807064171,0.7734613418579102,"[15, 9, 10, 2, 1, 19, 4]","[""QacR/Q2"", ""LmrA/N1"", ""PhlF/P1"", ""BetI/E1"", ""AmtR/A1"", ""SrpR/S4"", ""BM3R1/B2""]",0x1B,7
017c44d7,0,6.002065751813162,0.6995548009872437,"[2, 4, 1, 8, 13, 15, 11]","[""BetI/E1"", ""BM3R1/B2"", ""AmtR/A1"", ""LitR/L1"", ""PsrA/R1"", ""QacR/Q2"", ""PhlF/P2""]",0x1B,7
017c44d7,0,6.6280591138827525,0.5690197348594666,"[1, 2, 19, 8, 13, 11, 14]","[""AmtR/A1"", ""BetI/E1"", ""SrpR/S4"", ""LitR/L1"", ""PsrA/R1"", ""PhlF/P2"", ""QacR/Q1""]",0x1B,7
017c44d7,0,3.1889647098467924,0.7686201333999634,"[13, 10, 1, 2, 15, 19, 4]","[""PsrA/R1"", ""PhlF/P1"", ""AmtR/A1"", ""BetI/E1"", ""QacR/Q2"", ""SrpR/S4"", ""BM3R1/B2""]",0x1B,7
017c44d7,0,0.026797628372172547,0.7778034210205078,"[17, 9, 10, 1, 15, 2, 4]","[""SrpR/S2"", ""LmrA/N1"", ""PhlF/P1"", ""AmtR/A1"", ""QacR/Q2"", ""BetI/E1"", ""BM3R1/B2""]",0x1B,7
017c44d7,0,0.12495917014763992,0.772567629814148,"[1, 0, 10, 19, 15, 2, 4]","[""AmtR/A1"", ""AmeR/F1"", ""PhlF/P1"", ""SrpR/S4"", ""QacR/Q2"", ""BetI/E1"", ""BM3R1/B2""]",0x1B,7
017c44d7,0,6.479704539574046,0.6109678745269775,"[1, 8, 15, 16, 13, 2, 11]","[""AmtR/A1"", ""LitR/L1"", ""QacR/Q2"", ""SrpR/S1"", ""PsrA/R1"", ""BetI/E1"", ""PhlF/P2""]",0x1B,7
017c44d7,0,4.711907752974399,0.7616511583328247,"[1, 4, 13, 10, 2, 19, 15]","[""AmtR/A1"", ""BM3R1/B2"", ""PsrA/R1"", ""PhlF/P1"", ""BetI/E1"", ""SrpR/S4"", ""QacR/Q2""]",0x1B,7
02b5456c,0,6.200404753509916,0.6358547210693359,"[3, 17, 15, 2, 8, 13, 11]","[""BM3R1/B1"", ""SrpR/S2"", ""QacR/Q2"", ""BetI/E1"", ""LitR/L1"", ""PsrA/R1"", ""PhlF/P2""]",0x1B,7
02b5456c,0,1.6266674336094367,0.8003146648406982,"[4, 10, 19, 2, 1, 15, 13]","[""BM3R1/B2"", ""PhlF/P1"", ""SrpR/S4"", ""BetI/E1"", ""AmtR/A1"", ""QacR/Q2"", ""PsrA/R1""]",0x1B,7
02b5456c,0,5.602585606402317,0.6724361181259155,"[3, 2, 1, 17, 8, 15, 11]","[""BM3R1/B1"", ""BetI/E1"", ""AmtR/A1"", ""SrpR/S2"", ""LitR/L1"", ""QacR/Q2"", ""PhlF/P2""]",0x1B,7
02b5456c,0,3.6296666697431355,0.7725151777267456,"[4, 9, 15, 19, 10, 13, 2]","[""BM3R1/B2"", ""LmrA/N1"", ""QacR/Q2"", ""SrpR/S4"", ""PhlF/P1"", ""PsrA/R1"", ""BetI/E1""]",0x1B,7
02b5456c,0,6.531868418317865,0.570173978805542,"[3, 9, 2, 17, 8, 13, 11]","[""BM3R1/B1"", ""LmrA/N1"", ""BetI/E1"", ""SrpR/S2"", ""LitR/L1"", ""PsrA/R1"", ""PhlF/P2""]",0x1B,7
02b5456c,0,5.3556220925229345,0.6919077634811401,"[11, 19, 1, 15, 8, 13, 2]","[""PhlF/P2"", ""SrpR/S4"", ""AmtR/A1"", ""QacR/Q2"", ""LitR/L1"", ""PsrA/R1"", ""BetI/E1""]",0x1B,7
02b5456c,0,3.582635304647577,0.7883925437927246,"[4, 10, 1, 15, 2, 8, 19]","[""BM3R1/B2"", ""PhlF/P1"", ""AmtR/A1"", ""QacR/Q2"", ""BetI/E1"", ""LitR/L1"", ""SrpR/S4""]",0x1B,7
02b5456c,0,5.697192632718205,0.6720463037490845,"[11, 5, 1, 2, 8, 13, 15]","[""PhlF/P2"", ""BM3R1/B3"", ""AmtR/A1"", ""BetI/E1"", ""LitR/L1"", ""PsrA/R1"", ""QacR/Q2""]",0x1B,7
02b5456c,0,6.9974093364545045,0.4643044769763946,"[3, 16, 14, 2, 13, 6, 11]","[""BM3R1/B1"", ""SrpR/S1"", ""QacR/Q1"", ""BetI/E1"", ""PsrA/R1"", ""HlyIIR/H1"", ""PhlF/P2""]",0x1B,7
02b5456c,0,6.683755813198437,0.5607104301452637,"[3, 16, 2, 15, 13, 8, 11]","[""BM3R1/B1"", ""SrpR/S1"", ""BetI/E1"", ""QacR/Q2"", ""PsrA/R1"", ""LitR/L1"", ""PhlF/P2""]",0x1B,7
02b5456c,0,2.875318524651464,0.7976940870285034,"[4, 10, 1, 19, 6, 2, 15]","[""BM3R1/B2"", ""PhlF/P1"", ""AmtR/A1"", ""SrpR/S4"", ""HlyIIR/H1"", ""BetI/E1"", ""QacR/Q2""]",0x1B,7
02b5456c,0,6.768989824386749,0.5203835964202881,"[3, 9, 2, 14, 6, 13, 11]","[""BM3R1/B1"", ""LmrA/N1"", ""BetI/E1"", ""QacR/Q1"", ""HlyIIR/H1"", ""PsrA/R1"", ""PhlF/P2""]",0x1B,7
02b5456c,0,6.494658713257256,0.6133928298950195,"[3, 1, 15, 2, 16, 13, 11]","[""BM3R1/B1"", ""AmtR/A1"", ""QacR/Q2"", ""BetI/E1"", ""SrpR/S1"", ""PsrA/R1"", ""PhlF/P2""]",0x1B,7
02b5456c,0,4.432946565847691,0.7661941051483154,"[19, 4, 1, 13, 10, 15, 2]","[""SrpR/S4"", ""BM3R1/B2"", ""AmtR/A1"", ""PsrA/R1"", ""PhlF/P1"", ""QacR/Q2"", ""BetI/E1""]",0x1B,7
02b5456c,0,5.537075940946763,0.6864333152770996,"[11, 19, 1, 2, 3, 13, 15]","[""PhlF/P2"", ""SrpR/S4"", ""AmtR/A1"", ""BetI/E1"", ""BM3R1/B1"", ""PsrA/R1"", ""QacR/Q2""]",0x1B,7
02b5456c,0,5.239300465756496,0.7421033382415771,"[19, 5, 1, 2, 10, 13, 15]","[""SrpR/S4"", ""BM3R1/B3"", ""AmtR/A1"", ""BetI/E1"", ""PhlF/P1"", ""PsrA/R1"", ""QacR/Q2""]",0x1B,7
02b5456c,0,-0.03741442675883391,0.8073312044143677,"[2, 4, 1, 0, 19, 10, 15]","[""BetI/E1"", ""BM3R1/B2"", ""AmtR/A1"", ""AmeR/F1"", ""SrpR/S4"", ""PhlF/P1"", ""QacR/Q2""]",0x1B,7
02b5456c,0,6.5011353667603515,0.5810819864273071,"[3, 8, 15, 2, 16, 13, 11]","[""BM3R1/B1"", ""LitR/L1"", ""QacR/Q2"", ""BetI/E1"", ""SrpR/S1"", ""PsrA/R1"", ""PhlF/P2""]",0x1B,7
02b5456c,0,6.873818532861572,0.5018573999404907,"[3, 9, 2, 14, 8, 13, 11]","[""BM3R1/B1"", ""LmrA/N1"", ""BetI/E1"", ""QacR/Q1"", ""LitR/L1"", ""PsrA/R1"", ""PhlF/P2""]",0x1B,7
02b5456c,0,5.573172397535957,0.6747040748596191,"[19, 5, 1, 13, 8, 15, 11]","[""SrpR/S4"", ""BM3R1/B3"", ""AmtR/A1"", ""PsrA/R1"", ""LitR/L1"", ""QacR/Q2"", ""PhlF/P2""]",0x1B,7
02b5456c,0,4.703207728001522,0.7507628202438354,"[1, 10, 19, 2, 13, 4, 15]","[""AmtR/A1"", ""PhlF/P1"", ""SrpR/S4"", ""BetI/E1"", ""PsrA/R1"", ""BM3R1/B2"", ""QacR/Q2""]",0x1B,7
02b5456c,0,0.9926039644972805,0.8040440082550049,"[4, 9, 15, 19, 10, 1, 2]","[""BM3R1/B2"", ""LmrA/N1"", ""QacR/Q2"", ""SrpR/S4"", ""PhlF/P1"", ""AmtR/A1"", ""BetI/E1""]",0x1B,7
