topology_id,source,gate_count,qc_tier,n_perms_trained,n_designs_total,n_perm_front_union,n_pareto_front,circuit_log_max,toxicity_max,circuit_log_min_on_front,toxicity_min_on_front,knee_A_perm,knee_A_design_row_idx,knee_A_circuit_log,knee_A_toxicity,knee_A_part_names,knee_A_gate_assignments,knee_B_perm,knee_B_design_row_idx,knee_B_circuit_log,knee_B_toxicity,knee_B_part_names,knee_B_gate_assignments,knee_C_perm,knee_C_design_row_idx,knee_C_circuit_log,knee_C_toxicity,knee_C_part_names,knee_C_gate_assignments
deab6c1f,"[""0x2B"", ""0x4D"", ""0x71""]",4,A1,2,149472,26,16,7.2599561316460814,0.8873525857925415,0.054901861409539975,0.7206032872200012,1,17349,5.379538073819175,0.8602328896522522,"[""BM3R1/B2"", ""AmtR/A1"", ""SrpR/S4"", ""BetI/E1""]","[4, 1, 19, 2]",1,17349,5.379538073819175,0.8602328896522522,"[""BM3R1/B2"", ""AmtR/A1"", ""SrpR/S4"", ""BetI/E1""]","[4, 1, 19, 2]",1,17349,5.379538073819175,0.8602328896522522,"[""BM3R1/B2"", ""AmtR/A1"", ""SrpR/S4"", ""BetI/E1""]","[4, 1, 19, 2]"
ea89a821,"[""0x2B"", ""0x4D"", ""0x71""]",4,A2,1,74736,20,20,5.811188673045277,0.892011821269989,-3.9585071100141813,0.4607956111431122,0,74043,5.350680926350869,0.8390058279037476,"[""SrpR/S4"", ""PhlF/P2"", ""QacR/Q2"", ""BetI/E1""]","[19, 11, 15, 2]",0,74043,5.350680926350869,0.8390058279037476,"[""SrpR/S4"", ""PhlF/P2"", ""QacR/Q2"", ""BetI/E1""]","[19, 11, 15, 2]",0,74043,5.350680926350869,0.8390058279037476,"[""SrpR/S4"", ""PhlF/P2"", ""QacR/Q2"", ""BetI/E1""]","[19, 11, 15, 2]"
e4c14f22,"[""0x2B"", ""0x4D"", ""0x71""]",5,A1,1,875520,16,16,7.0432567928947725,0.8835000395774841,-0.22932159091484763,0.7018843293190002,0,234543,6.031329502119065,0.8467715382575989,"[""BM3R1/B2"", ""QacR/Q2"", ""PhlF/P2"", ""AmtR/A1"", ""SrpR/S2""]","[4, 15, 11, 1, 17]",0,234543,6.031329502119065,0.8467715382575989,"[""BM3R1/B2"", ""QacR/Q2"", ""PhlF/P2"", ""AmtR/A1"", ""SrpR/S2""]","[4, 15, 11, 1, 17]",0,234543,6.031329502119065,0.8467715382575989,"[""BM3R1/B2"", ""QacR/Q2"", ""PhlF/P2"", ""AmtR/A1"", ""SrpR/S2""]","[4, 15, 11, 1, 17]"
1df1418f,"[""0x2B"", ""0x4D""]",6,A1,1,8739360,25,25,7.418680433085033,0.8482658863067627,0.0021158980201640767,0.5877062082290649,1,965976,5.994291969624468,0.8035827279090881,"[""AmtR/A1"", ""PhlF/P2"", ""QacR/Q2"", ""SrpR/S4"", ""BetI/E1"", ""BM3R1/B3""]","[1, 11, 15, 19, 2, 5]",1,965976,5.994291969624468,0.8035827279090881,"[""AmtR/A1"", ""PhlF/P2"", ""QacR/Q2"", ""SrpR/S4"", ""BetI/E1"", ""BM3R1/B3""]","[1, 11, 15, 19, 2, 5]",1,965976,5.994291969624468,0.8035827279090881,"[""AmtR/A1"", ""PhlF/P2"", ""QacR/Q2"", ""SrpR/S4"", ""BetI/E1"", ""BM3R1/B3""]","[1, 11, 15, 19, 2, 5]"
1e873b88,0x2B,6,A1,1,8739360,22,22,6.735845311484549,0.8426003456115723,-1.0894523264455838,0.4261904060840606,0,722907,5.397421737897407,0.8008793592453003,"[""AmtR/A1"", ""BM3R1/B2"", ""QacR/Q2"", ""SrpR/S4"", ""BetI/E1"", ""PhlF/P2""]","[1, 4, 15, 19, 2, 11]",0,722907,5.397421737897407,0.8008793592453003,"[""AmtR/A1"", ""BM3R1/B2"", ""QacR/Q2"", ""SrpR/S4"", ""BetI/E1"", ""PhlF/P2""]","[1, 4, 15, 19, 2, 11]",0,726453,5.718591508611618,0.7807257175445557,"[""AmtR/A1"", ""BM3R1/B2"", ""SrpR/S4"", ""BetI/E1"", ""QacR/Q2"", ""PhlF/P2""]","[1, 4, 19, 2, 15, 11]"
2d1a0fd5,"[""0x2B"", ""0x4D"", ""0x71""]",6,A1,2,17478720,47,25,7.502629584760257,0.8507582545280457,0.09436607159483987,0.5884130001068115,1,7522516,6.209143949606601,0.8201293349266052,"[""QacR/Q2"", ""PhlF/P2"", ""SrpR/S4"", ""BM3R1/B2"", ""AmtR/A1"", ""BetI/E1""]","[15, 11, 19, 4, 1, 2]",1,7522516,6.209143949606601,0.8201293349266052,"[""QacR/Q2"", ""PhlF/P2"", ""SrpR/S4"", ""BM3R1/B2"", ""AmtR/A1"", ""BetI/E1""]","[15, 11, 19, 4, 1, 2]",1,7522516,6.209143949606601,0.8201293349266052,"[""QacR/Q2"", ""PhlF/P2"", ""SrpR/S4"", ""BM3R1/B2"", ""AmtR/A1"", ""BetI/E1""]","[15, 11, 19, 4, 1, 2]"
3ff42dea,0x2B,6,A1,1,8739360,21,21,9.331942410339611,0.8268516659736633,-2.593222263345945,0.556826651096344,1,5530061,8.994943199254287,0.7809838652610779,"[""PhlF/P2"", ""AmtR/A1"", ""BetI/E1"", ""BM3R1/B3"", ""SrpR/S4"", ""QacR/Q2""]","[11, 1, 2, 5, 19, 15]",1,5530061,8.994943199254287,0.7809838652610779,"[""PhlF/P2"", ""AmtR/A1"", ""BetI/E1"", ""BM3R1/B3"", ""SrpR/S4"", ""QacR/Q2""]","[11, 1, 2, 5, 19, 15]",1,5829791,8.176084710747578,0.789340078830719,"[""PhlF/P2"", ""SrpR/S4"", ""BetI/E1"", ""BM3R1/B3"", ""AmtR/A1"", ""QacR/Q2""]","[11, 19, 2, 5, 1, 15]"
461f6e8c,"[""0x2B"", ""0x4D"", ""0x71""]",6,A1,1,8739360,16,16,8.02889737241103,0.853618323802948,-0.0019633133776143356,0.6448805928230286,1,5608261,7.439141239364591,0.7823856472969055,"[""PhlF/P2"", ""BM3R1/B2"", ""SrpR/S4"", ""AmtR/A1"", ""BetI/E1"", ""QacR/Q2""]","[11, 4, 19, 1, 2, 15]",1,5608261,7.439141239364591,0.7823856472969055,"[""PhlF/P2"", ""BM3R1/B2"", ""SrpR/S4"", ""AmtR/A1"", ""BetI/E1"", ""QacR/Q2""]","[11, 4, 19, 1, 2, 15]",1,5547501,5.777113416549108,0.8109050393104553,"[""PhlF/P2"", ""AmtR/A1"", ""QacR/Q2"", ""BM3R1/B2"", ""BetI/E1"", ""SrpR/S4""]","[11, 1, 15, 4, 2, 19]"
02d9736d,"[""0x2B"", ""0x4D"", ""0x71""]",7,A1,1,10000000,17,17,7.336291207094061,0.7943764328956604,0.0345828797879515,0.5504685044288635,0,9552021,5.764000290511584,0.7423803806304932,"[""AmtR/A1"", ""BM3R1/B2"", ""QacR/Q2"", ""SrpR/S4"", ""BetI/E1"", ""PsrA/R1"", ""PhlF/P2""]","[1, 4, 15, 19, 2, 13, 11]",0,9552021,5.764000290511584,0.7423803806304932,"[""AmtR/A1"", ""BM3R1/B2"", ""QacR/Q2"", ""SrpR/S4"", ""BetI/E1"", ""PsrA/R1"", ""PhlF/P2""]","[1, 4, 15, 19, 2, 13, 11]",0,9552021,5.764000290511584,0.7423803806304932,"[""AmtR/A1"", ""BM3R1/B2"", ""QacR/Q2"", ""SrpR/S4"", ""BetI/E1"", ""PsrA/R1"", ""PhlF/P2""]","[1, 4, 15, 19, 2, 13, 11]"
076cf7ed,"[""0x2B"", ""0x4D""]",7,A2,1,10000000,17,17,6.726968979469468,0.7628251910209656,0.004677731717698002,0.4926009774208069,1,6405519,6.184078541825611,0.7164881825447083,"[""AmtR/A1"", ""SrpR/S4"", ""BetI/E1"", ""QacR/Q2"", ""PsrA/R1"", ""PhlF/P2"", ""BM3R1/B2""]","[1, 19, 2, 15, 13, 11, 4]",1,6405519,6.184078541825611,0.7164881825447083,"[""AmtR/A1"", ""SrpR/S4"", ""BetI/E1"", ""QacR/Q2"", ""PsrA/R1"", ""PhlF/P2"", ""BM3R1/B2""]","[1, 19, 2, 15, 13, 11, 4]",1,6405519,6.184078541825611,0.7164881825447083,"[""AmtR/A1"", ""SrpR/S4"", ""BetI/E1"", ""QacR/Q2"", ""PsrA/R1"", ""PhlF/P2"", ""BM3R1/B2""]","[1, 19, 2, 15, 13, 11, 4]"
186e103b,0x2B,7,A1,2,20000000,38,20,6.83473962684675,0.7799066305160522,0.05578551987386035,0.3821386694908142,0,8342831,5.900656326159919,0.7010637521743774,"[""BetI/E1"", ""SrpR/S4"", ""AmtR/A1"", ""PhlF/P2"", ""BM3R1/B2"", ""QacR/Q2"", ""PsrA/R1""]","[2, 19, 1, 11, 4, 15, 13]",0,8342831,5.900656326159919,0.7010637521743774,"[""BetI/E1"", ""SrpR/S4"", ""AmtR/A1"", ""PhlF/P2"", ""BM3R1/B2"", ""QacR/Q2"", ""PsrA/R1""]","[2, 19, 1, 11, 4, 15, 13]",0,8342831,5.900656326159919,0.7010637521743774,"[""BetI/E1"", ""SrpR/S4"", ""AmtR/A1"", ""PhlF/P2"", ""BM3R1/B2"", ""QacR/Q2"", ""PsrA/R1""]","[2, 19, 1, 11, 4, 15, 13]"
1f7306eb,"[""0x2B"", ""0x71""]",7,A1,2,20000000,33,20,5.720792006403217,0.8103654384613037,-0.06089063892786432,0.4530529677867889,0,2875970,5.262141597003899,0.7428692579269409,"[""BM3R1/B2"", ""BetI/E1"", ""AmtR/A1"", ""QacR/Q2"", ""PhlF/P2"", ""PsrA/R1"", ""SrpR/S4""]","[4, 2, 1, 15, 11, 13, 19]",0,2875970,5.262141597003899,0.7428692579269409,"[""BM3R1/B2"", ""BetI/E1"", ""AmtR/A1"", ""QacR/Q2"", ""PhlF/P2"", ""PsrA/R1"", ""SrpR/S4""]","[4, 2, 1, 15, 11, 13, 19]",0,2875970,5.262141597003899,0.7428692579269409,"[""BM3R1/B2"", ""BetI/E1"", ""AmtR/A1"", ""QacR/Q2"", ""PhlF/P2"", ""PsrA/R1"", ""SrpR/S4""]","[4, 2, 1, 15, 11, 13, 19]"
2905552f,"[""0x2B"", ""0x4D"", ""0x71""]",7,A1,1,10000000,15,15,8.86756361796718,0.7933146357536316,-0.0465870779709804,0.6508010625839233,0,7885718,6.898948307759306,0.7528071403503418,"[""PhlF/P2"", ""BM3R1/B2"", ""AmtR/A1"", ""PsrA/R1"", ""BetI/E1"", ""QacR/Q2"", ""SrpR/S2""]","[11, 4, 1, 13, 2, 15, 17]",0,7885718,6.898948307759306,0.7528071403503418,"[""PhlF/P2"", ""BM3R1/B2"", ""AmtR/A1"", ""PsrA/R1"", ""BetI/E1"", ""QacR/Q2"", ""SrpR/S2""]","[11, 4, 1, 13, 2, 15, 17]",0,7885718,6.898948307759306,0.7528071403503418,"[""PhlF/P2"", ""BM3R1/B2"", ""AmtR/A1"", ""PsrA/R1"", ""BetI/E1"", ""QacR/Q2"", ""SrpR/S2""]","[11, 4, 1, 13, 2, 15, 17]"
4ca37011,0x17,5,A1,4,3502080,96,34,7.248486439293158,0.884367048740387,-1.5569698433125883,0.6386843323707581,4,852041,5.9192800743669824,0.8248284459114075,"[""SrpR/S4"", ""BetI/E1"", ""QacR/Q2"", ""BM3R1/B2"", ""PhlF/P2""]","[19, 2, 15, 4, 11]",4,852041,5.9192800743669824,0.8248284459114075,"[""SrpR/S4"", ""BetI/E1"", ""QacR/Q2"", ""BM3R1/B2"", ""PhlF/P2""]","[19, 2, 15, 4, 11]",4,852041,5.9192800743669824,0.8248284459114075,"[""SrpR/S4"", ""BetI/E1"", ""QacR/Q2"", ""BM3R1/B2"", ""PhlF/P2""]","[19, 2, 15, 4, 11]"
4e6f5b1a,0x17,5,A1,2,1751040,56,33,6.879429285157512,0.8610733151435852,-1.2030368509762666,0.581407368183136,1,874307,5.340267796528153,0.8178179860115051,"[""SrpR/S4"", ""QacR/Q2"", ""BM3R1/B2"", ""BetI/E1"", ""PhlF/P2""]","[19, 15, 4, 2, 11]",1,874307,5.340267796528153,0.8178179860115051,"[""SrpR/S4"", ""QacR/Q2"", ""BM3R1/B2"", ""BetI/E1"", ""PhlF/P2""]","[19, 15, 4, 2, 11]",1,874307,5.340267796528153,0.8178179860115051,"[""SrpR/S4"", ""QacR/Q2"", ""BM3R1/B2"", ""BetI/E1"", ""PhlF/P2""]","[19, 15, 4, 2, 11]"
96cc1443,0x17,5,A1,4,3502080,116,31,6.756999176876744,0.8872503042221069,-0.40820466844715203,0.4573143124580383,0,851461,6.22136113968157,0.772965669631958,"[""SrpR/S4"", ""BetI/E1"", ""PhlF/P2"", ""AmtR/A1"", ""QacR/Q2""]","[19, 2, 11, 1, 15]",3,567159,5.505694546089208,0.8131412267684937,"[""PhlF/P2"", ""QacR/Q2"", ""BetI/E1"", ""AmtR/A1"", ""SrpR/S2""]","[11, 15, 2, 1, 17]",3,567159,5.505694546089208,0.8131412267684937,"[""PhlF/P2"", ""QacR/Q2"", ""BetI/E1"", ""AmtR/A1"", ""SrpR/S2""]","[11, 15, 2, 1, 17]"
a512820e,0x17,6,A1,2,17478720,42,22,7.177281745681652,0.8329386711120605,-1.826501119612554,0.4162609279155731,3,5829721,5.773976141649302,0.7924198508262634,"[""PhlF/P2"", ""SrpR/S4"", ""BetI/E1"", ""BM3R1/B2"", ""AmtR/A1"", ""QacR/Q2""]","[11, 19, 2, 4, 1, 15]",3,5829721,5.773976141649302,0.7924198508262634,"[""PhlF/P2"", ""SrpR/S4"", ""BetI/E1"", ""BM3R1/B2"", ""AmtR/A1"", ""QacR/Q2""]","[11, 19, 2, 4, 1, 15]",3,5829721,5.773976141649302,0.7924198508262634,"[""PhlF/P2"", ""SrpR/S4"", ""BetI/E1"", ""BM3R1/B2"", ""AmtR/A1"", ""QacR/Q2""]","[11, 19, 2, 4, 1, 15]"
a60f23fb,0x17,6,A1,2,17478720,65,41,6.920304056243068,0.8245370388031006,-2.010942687137118,0.5448748469352722,2,5577713,5.298812135358558,0.797002911567688,"[""PhlF/P2"", ""BetI/E1"", ""SrpR/S4"", ""AmtR/A1"", ""QacR/Q2"", ""BM3R1/B2""]","[11, 2, 19, 1, 15, 4]",2,5577713,5.298812135358558,0.797002911567688,"[""PhlF/P2"", ""BetI/E1"", ""SrpR/S4"", ""AmtR/A1"", ""QacR/Q2"", ""BM3R1/B2""]","[11, 2, 19, 1, 15, 4]",2,5577713,5.298812135358558,0.797002911567688,"[""PhlF/P2"", ""BetI/E1"", ""SrpR/S4"", ""AmtR/A1"", ""QacR/Q2"", ""BM3R1/B2""]","[11, 2, 19, 1, 15, 4]"
acfb5670,0x17,6,A1,4,34957440,102,28,7.033747626246169,0.8414114117622375,0.09155515568193599,0.5296260714530945,3,8521057,5.81880566219536,0.7882646322250366,"[""SrpR/S4"", ""BetI/E1"", ""PhlF/P2"", ""BM3R1/B2"", ""AmtR/A1"", ""QacR/Q2""]","[19, 2, 11, 4, 1, 15]",3,8521057,5.81880566219536,0.7882646322250366,"[""SrpR/S4"", ""BetI/E1"", ""PhlF/P2"", ""BM3R1/B2"", ""AmtR/A1"", ""QacR/Q2""]","[19, 2, 11, 4, 1, 15]",3,8521057,5.81880566219536,0.7882646322250366,"[""SrpR/S4"", ""BetI/E1"", ""PhlF/P2"", ""BM3R1/B2"", ""AmtR/A1"", ""QacR/Q2""]","[19, 2, 11, 4, 1, 15]"
b466eedb,0x17,6,A1,4,34957440,126,35,6.9031828423375865,0.8303413987159729,-1.5495423335077712,0.5821363925933838,3,5577854,5.292490992033912,0.7984614968299866,"[""PhlF/P2"", ""BetI/E1"", ""SrpR/S4"", ""BM3R1/B2"", ""QacR/Q2"", ""AmtR/A1""]","[11, 2, 19, 4, 15, 1]",3,5577854,5.292490992033912,0.7984614968299866,"[""PhlF/P2"", ""BetI/E1"", ""SrpR/S4"", ""BM3R1/B2"", ""QacR/Q2"", ""AmtR/A1""]","[11, 2, 19, 4, 15, 1]",3,5577854,5.292490992033912,0.7984614968299866,"[""PhlF/P2"", ""BetI/E1"", ""SrpR/S4"", ""BM3R1/B2"", ""QacR/Q2"", ""AmtR/A1""]","[11, 2, 19, 4, 15, 1]"
00930f32,0x17,7,A1,4,40000000,89,28,6.89636816142103,0.8512473702430725,-1.762531952136727,0.4232296645641327,0,2718187,5.484511933401562,0.7402408719062805,"[""BM3R1/B2"", ""SrpR/S4"", ""BetI/E1"", ""PhlF/P2"", ""PsrA/R1"", ""QacR/Q2"", ""AmtR/A1""]","[4, 19, 2, 11, 13, 15, 1]",0,2718187,5.484511933401562,0.7402408719062805,"[""BM3R1/B2"", ""SrpR/S4"", ""BetI/E1"", ""PhlF/P2"", ""PsrA/R1"", ""QacR/Q2"", ""AmtR/A1""]","[4, 19, 2, 11, 13, 15, 1]",0,2718187,5.484511933401562,0.7402408719062805,"[""BM3R1/B2"", ""SrpR/S4"", ""BetI/E1"", ""PhlF/P2"", ""PsrA/R1"", ""QacR/Q2"", ""AmtR/A1""]","[4, 19, 2, 11, 13, 15, 1]"
022059b9,0x17,7,A1,2,20000000,56,32,6.811646134500003,0.838324248790741,-1.4473550562886548,0.4289356470108032,1,3143786,5.437054827304792,0.7345348596572876,"[""BM3R1/B3"", ""SrpR/S4"", ""QacR/Q2"", ""PhlF/P2"", ""AmtR/A1"", ""BetI/E1"", ""PsrA/R1""]","[5, 19, 15, 11, 1, 2, 13]",1,3143786,5.437054827304792,0.7345348596572876,"[""BM3R1/B3"", ""SrpR/S4"", ""QacR/Q2"", ""PhlF/P2"", ""AmtR/A1"", ""BetI/E1"", ""PsrA/R1""]","[5, 19, 15, 11, 1, 2, 13]",1,3143786,5.437054827304792,0.7345348596572876,"[""BM3R1/B3"", ""SrpR/S4"", ""QacR/Q2"", ""PhlF/P2"", ""AmtR/A1"", ""BetI/E1"", ""PsrA/R1""]","[5, 19, 15, 11, 1, 2, 13]"
024eae69,0x17,7,A1,2,20000000,33,13,6.148168705536445,0.7953227162361145,-0.11890826337508503,0.7140499353408813,5,1286350,0.09908289830977123,0.7717304229736328,"[""PhlF/P1"", ""BM3R1/B3"", ""SrpR/S4"", ""AmeR/F1"", ""BetI/E1"", ""AmtR/A1"", ""QacR/Q2""]","[10, 5, 19, 0, 2, 1, 15]",3,832200,3.5041548761892165,0.7552238702774048,"[""BM3R1/B2"", ""PsrA/R1"", ""AmtR/A1"", ""PhlF/P2"", ""QacR/Q2"", ""SrpR/S4"", ""BetI/E1""]","[4, 13, 1, 11, 15, 19, 2]",3,832200,3.5041548761892165,0.7552238702774048,"[""BM3R1/B2"", ""PsrA/R1"", ""AmtR/A1"", ""PhlF/P2"", ""QacR/Q2"", ""SrpR/S4"", ""BetI/E1""]","[4, 13, 1, 11, 15, 19, 2]"
032fb3a9,0x17,7,A1,2,20000000,40,19,6.746673611124627,0.8164364695549011,-0.42441920744361583,0.4148430824279785,5,3125770,6.630298235647578,0.7179145216941833,"[""AmtR/A1"", ""SrpR/S4"", ""QacR/Q2"", ""BetI/E1"", ""BM3R1/B3"", ""PsrA/R1"", ""PhlF/P2""]","[1, 19, 15, 2, 5, 13, 11]",5,3125770,6.630298235647578,0.7179145216941833,"[""AmtR/A1"", ""SrpR/S4"", ""QacR/Q2"", ""BetI/E1"", ""BM3R1/B3"", ""PsrA/R1"", ""PhlF/P2""]","[1, 19, 15, 2, 5, 13, 11]",5,3125770,6.630298235647578,0.7179145216941833,"[""AmtR/A1"", ""SrpR/S4"", ""QacR/Q2"", ""BetI/E1"", ""BM3R1/B3"", ""PsrA/R1"", ""PhlF/P2""]","[1, 19, 15, 2, 5, 13, 11]"
048334c7,0x17,7,A1,1,10000000,28,28,7.065743171210637,0.7877309322357178,-2.254210598652186,0.3399307131767273,0,3034520,5.970720916236135,0.7021076083183289,"[""SrpR/S4"", ""QacR/Q2"", ""BM3R1/B3"", ""LmrA/N1"", ""BetI/E1"", ""AmtR/A1"", ""PhlF/P2""]","[19, 15, 5, 9, 2, 1, 11]",0,4561484,5.884878327227952,0.706220269203186,"[""QacR/Q2"", ""BetI/E1"", ""BM3R1/B2"", ""LmrA/N1"", ""SrpR/S4"", ""AmtR/A1"", ""PhlF/P2""]","[15, 2, 4, 9, 19, 1, 11]",0,4561484,5.884878327227952,0.706220269203186,"[""QacR/Q2"", ""BetI/E1"", ""BM3R1/B2"", ""LmrA/N1"", ""SrpR/S4"", ""AmtR/A1"", ""PhlF/P2""]","[15, 2, 4, 9, 19, 1, 11]"
00a8f4fe,0x6D,7,A1,1,10000000,22,22,5.405138605887822,0.8023602366447449,-0.3278537420466139,0.4452977180480957,0,9103515,4.752501009048683,0.7063999772071838,"[""QacR/Q2"", ""BetI/E1"", ""AmtR/A1"", ""SrpR/S4"", ""BM3R1/B3"", ""PsrA/R1"", ""PhlF/P2""]","[15, 2, 1, 19, 5, 13, 11]",0,9103515,4.752501009048683,0.7063999772071838,"[""QacR/Q2"", ""BetI/E1"", ""AmtR/A1"", ""SrpR/S4"", ""BM3R1/B3"", ""PsrA/R1"", ""PhlF/P2""]","[15, 2, 1, 19, 5, 13, 11]",0,9103515,4.752501009048683,0.7063999772071838,"[""QacR/Q2"", ""BetI/E1"", ""AmtR/A1"", ""SrpR/S4"", ""BM3R1/B3"", ""PsrA/R1"", ""PhlF/P2""]","[15, 2, 1, 19, 5, 13, 11]"
62c3e40b,0x6D,7,A1,2,20000000,41,21,5.026964410530546,0.8039193749427795,-0.15217665348840226,0.4967652857303619,1,3294527,4.797792316402556,0.6953139305114746,"[""SrpR/S4"", ""AmtR/A1"", ""BetI/E1"", ""PsrA/R1"", ""QacR/Q2"", ""PhlF/P2"", ""BM3R1/B2""]","[19, 1, 2, 13, 15, 11, 4]",1,3294527,4.797792316402556,0.6953139305114746,"[""SrpR/S4"", ""AmtR/A1"", ""BetI/E1"", ""PsrA/R1"", ""QacR/Q2"", ""PhlF/P2"", ""BM3R1/B2""]","[19, 1, 2, 13, 15, 11, 4]",0,4173550,4.00950625350625,0.7306903004646301,"[""AmtR/A1"", ""SrpR/S4"", ""BetI/E1"", ""PsrA/R1"", ""QacR/Q2"", ""PhlF/P2"", ""BM3R1/B3""]","[1, 19, 2, 13, 15, 11, 5]"
a33c0bce,0x6D,7,A1,2,20000000,41,17,5.262715973479809,0.8224223256111145,-5.074468377674026,0.5909510254859924,0,429566,4.6992553564801725,0.7576290369033813,"[""PsrA/R1"", ""BetI/E1"", ""SrpR/S4"", ""QacR/Q2"", ""AmtR/A1"", ""PhlF/P2"", ""BM3R1/B3""]","[13, 2, 19, 15, 1, 11, 5]",0,429566,4.6992553564801725,0.7576290369033813,"[""PsrA/R1"", ""BetI/E1"", ""SrpR/S4"", ""QacR/Q2"", ""AmtR/A1"", ""PhlF/P2"", ""BM3R1/B3""]","[13, 2, 19, 15, 1, 11, 5]",0,429566,4.6992553564801725,0.7576290369033813,"[""PsrA/R1"", ""BetI/E1"", ""SrpR/S4"", ""QacR/Q2"", ""AmtR/A1"", ""PhlF/P2"", ""BM3R1/B3""]","[13, 2, 19, 15, 1, 11, 5]"
a56bf54d,0x6D,7,A1,2,20000000,33,15,5.2859975969467925,0.7949487566947937,-1.8437300212751826,0.4927914440631866,0,9116977,5.143243845047983,0.7119269967079163,"[""AmtR/A1"", ""SrpR/S4"", ""PsrA/R1"", ""QacR/Q2"", ""BM3R1/B2"", ""BetI/E1"", ""PhlF/P2""]","[1, 19, 13, 15, 4, 2, 11]",0,9116977,5.143243845047983,0.7119269967079163,"[""AmtR/A1"", ""SrpR/S4"", ""PsrA/R1"", ""QacR/Q2"", ""BM3R1/B2"", ""BetI/E1"", ""PhlF/P2""]","[1, 19, 13, 15, 4, 2, 11]",1,4761784,4.209008856801899,0.739534854888916,"[""SrpR/S4"", ""BetI/E1"", ""QacR/Q2"", ""AmtR/A1"", ""BM3R1/B3"", ""PsrA/R1"", ""PhlF/P2""]","[19, 2, 15, 1, 5, 13, 11]"
a987d27b,0x6D,7,A1,2,20000000,47,26,5.2970392548083,0.8089240789413452,-0.3308596352280109,0.4163942635059356,0,1188408,5.0290797558800024,0.7108860015869141,"[""SrpR/S4"", ""AmtR/A1"", ""BetI/E1"", ""BM3R1/B2"", ""QacR/Q2"", ""PsrA/R1"", ""PhlF/P2""]","[19, 1, 2, 4, 15, 13, 11]",0,1188408,5.0290797558800024,0.7108860015869141,"[""SrpR/S4"", ""AmtR/A1"", ""BetI/E1"", ""BM3R1/B2"", ""QacR/Q2"", ""PsrA/R1"", ""PhlF/P2""]","[19, 1, 2, 4, 15, 13, 11]",0,2318931,4.967364888403819,0.7129327058792114,"[""AmtR/A1"", ""SrpR/S4"", ""PsrA/R1"", ""BM3R1/B2"", ""QacR/Q2"", ""BetI/E1"", ""PhlF/P2""]","[1, 19, 13, 4, 15, 2, 11]"
03b5c679,0xEE,4,A1,1,74736,25,25,10.27193471533923,0.9161524176597596,0.25416692887310227,0.7734704613685608,1,9045,6.065221685355183,0.8859043717384338,"[""AmtR/A1"", ""SrpR/S4"", ""PhlF/P1"", ""BetI/E1""]","[1, 19, 10, 2]",1,9045,6.065221685355183,0.8859043717384338,"[""AmtR/A1"", ""SrpR/S4"", ""PhlF/P1"", ""BetI/E1""]","[1, 19, 10, 2]",1,9045,6.065221685355183,0.8859043717384338,"[""AmtR/A1"", ""SrpR/S4"", ""PhlF/P1"", ""BetI/E1""]","[1, 19, 10, 2]"
0c2c6466,0xEE,4,A1,1,74736,22,22,8.84830506655143,0.9055079221725464,5.425128421890636,0.6785799860954285,0,20115,7.936351012523846,0.857485294342041,"[""BM3R1/B2"", ""SrpR/S4"", ""PhlF/P2"", ""QacR/Q2""]","[4, 19, 11, 15]",0,20115,7.936351012523846,0.857485294342041,"[""BM3R1/B2"", ""SrpR/S4"", ""PhlF/P2"", ""QacR/Q2""]","[4, 19, 11, 15]",0,20115,7.936351012523846,0.857485294342041,"[""BM3R1/B2"", ""SrpR/S4"", ""PhlF/P2"", ""QacR/Q2""]","[4, 19, 11, 15]"
0dc43646,0xEE,4,A1,1,74736,23,23,9.653024025526369,0.902677059173584,-0.2940822790038312,0.5434110760688782,1,4893,9.331837607957393,0.826495885848999,"[""AmtR/A1"", ""BetI/E1"", ""BM3R1/B3"", ""PhlF/P2""]","[1, 2, 5, 11]",1,4893,9.331837607957393,0.826495885848999,"[""AmtR/A1"", ""BetI/E1"", ""BM3R1/B3"", ""PhlF/P2""]","[1, 2, 5, 11]",1,5555,8.124435782658505,0.8548069596290588,"[""AmtR/A1"", ""BM3R1/B2"", ""SrpR/S4"", ""PhlF/P2""]","[1, 4, 19, 11]"
1b87f351,0xEE,4,A1,2,149472,42,16,9.430107819363519,0.954126000404358,-0.15058287206196933,0.5558979511260986,1,45371,8.584488323963962,0.902022659778595,"[""PhlF/P2"", ""BetI/E1"", ""BM3R1/B2"", ""QacR/Q2""]","[11, 2, 4, 15]",1,45371,8.584488323963962,0.902022659778595,"[""PhlF/P2"", ""BetI/E1"", ""BM3R1/B2"", ""QacR/Q2""]","[11, 2, 4, 15]",1,45371,8.584488323963962,0.902022659778595,"[""PhlF/P2"", ""BetI/E1"", ""BM3R1/B2"", ""QacR/Q2""]","[11, 2, 4, 15]"
20e11378,0xEE,4,A1,1,74736,27,27,8.628483253712142,0.8840913772583008,-0.1683528512949097,0.6489612460136414,1,72762,5.564370018047248,0.8536407351493835,"[""SrpR/S4"", ""BM3R1/B2"", ""PhlF/P1"", ""BetI/E1""]","[19, 4, 10, 2]",1,20819,6.080194909456732,0.8378371596336365,"[""BM3R1/B3"", ""BetI/E1"", ""SrpR/S4"", ""QacR/Q2""]","[5, 2, 19, 15]",1,20819,6.080194909456732,0.8378371596336365,"[""BM3R1/B3"", ""BetI/E1"", ""SrpR/S4"", ""QacR/Q2""]","[5, 2, 19, 15]"
0367de62,0xEE,5,A1,1,875520,35,35,8.6012570987787,0.8981114625930786,1.8583555602956097,0.6446883678436279,1,567452,7.724684124598522,0.807317852973938,"[""PhlF/P2"", ""QacR/Q2"", ""BM3R1/B2"", ""BetI/E1"", ""SrpR/S4""]","[11, 15, 4, 2, 19]",1,544683,7.064578484506295,0.8283936977386475,"[""PhlF/P2"", ""BetI/E1"", ""BM3R1/B2"", ""QacR/Q2"", ""SrpR/S4""]","[11, 2, 4, 15, 19]",1,544683,7.064578484506295,0.8283936977386475,"[""PhlF/P2"", ""BetI/E1"", ""BM3R1/B2"", ""QacR/Q2"", ""SrpR/S4""]","[11, 2, 4, 15, 19]"
0392d2d2,0xEE,5,A1,1,875520,31,31,10.144553537453078,0.8915514945983887,-0.07658219516628974,0.5377612709999084,1,61573,9.138520708249544,0.8187172412872314,"[""AmtR/A1"", ""BetI/E1"", ""LitR/L1"", ""BM3R1/B3"", ""PhlF/P2""]","[1, 2, 8, 5, 11]",1,61573,9.138520708249544,0.8187172412872314,"[""AmtR/A1"", ""BetI/E1"", ""LitR/L1"", ""BM3R1/B3"", ""PhlF/P2""]","[1, 2, 8, 5, 11]",1,63095,9.091940706747557,0.8198838233947754,"[""AmtR/A1"", ""BetI/E1"", ""QacR/Q2"", ""BM3R1/B3"", ""PhlF/P2""]","[1, 2, 15, 5, 11]"
127e231c,0xEE,5,A1,2,1751040,56,30,11.497933800174536,0.8858715295791626,-0.09136128570580604,0.7317991852760315,1,795993,5.471611466039611,0.8701135516166687,"[""SrpR/S2"", ""BM3R1/B3"", ""PhlF/P1"", ""LitR/L1"", ""QacR/Q2""]","[17, 5, 10, 8, 15]",1,68455,8.2826775591182,0.8264315128326416,"[""AmtR/A1"", ""BM3R1/B2"", ""QacR/Q2"", ""BetI/E1"", ""PhlF/P2""]","[1, 4, 15, 2, 11]",1,68455,8.2826775591182,0.8264315128326416,"[""AmtR/A1"", ""BM3R1/B2"", ""QacR/Q2"", ""BetI/E1"", ""PhlF/P2""]","[1, 4, 15, 2, 11]"
14ec46f1,0xEE,5,A1,2,1751040,54,26,10.393888717528288,0.9211442470550536,1.0776112980017263,0.6741230487823486,0,89681,9.073799003695093,0.8456233739852905,"[""AmtR/A1"", ""PhlF/P2"", ""BM3R1/B2"", ""BetI/E1"", ""SrpR/S4""]","[1, 11, 4, 2, 19]",0,89681,9.073799003695093,0.8456233739852905,"[""AmtR/A1"", ""PhlF/P2"", ""BM3R1/B2"", ""BetI/E1"", ""SrpR/S4""]","[1, 11, 4, 2, 19]",0,89681,9.073799003695093,0.8456233739852905,"[""AmtR/A1"", ""PhlF/P2"", ""BM3R1/B2"", ""BetI/E1"", ""SrpR/S4""]","[1, 11, 4, 2, 19]"
1b94262d,0xEE,5,A2,1,875520,25,25,8.351340295724697,0.9240150451660156,-0.06885618655031057,0.6430233120918274,0,850269,7.1466009920341325,0.8190827369689941,"[""SrpR/S4"", ""BetI/E1"", ""AmtR/A1"", ""QacR/Q2"", ""PhlF/P2""]","[19, 2, 1, 15, 11]",0,537671,6.012475186928065,0.8519864082336426,"[""PhlF/P1"", ""SrpR/S4"", ""AmtR/A1"", ""QacR/Q2"", ""BetI/E1""]","[10, 19, 1, 15, 2]",0,537671,6.012475186928065,0.8519864082336426,"[""PhlF/P1"", ""SrpR/S4"", ""AmtR/A1"", ""QacR/Q2"", ""BetI/E1""]","[10, 19, 1, 15, 2]"
01bb328f,0xEE,6,A1,1,8739360,32,32,10.193725820478624,0.8460362553596497,2.553661398818121,0.6230453848838806,0,5533965,9.980110196573138,0.7815179228782654,"[""PhlF/P2"", ""AmtR/A1"", ""BM3R1/B2"", ""SrpR/S2"", ""BetI/E1"", ""QacR/Q2""]","[11, 1, 4, 17, 2, 15]",0,5533965,9.980110196573138,0.7815179228782654,"[""PhlF/P2"", ""AmtR/A1"", ""BM3R1/B2"", ""SrpR/S2"", ""BetI/E1"", ""QacR/Q2""]","[11, 1, 4, 17, 2, 15]",0,5533965,9.980110196573138,0.7815179228782654,"[""PhlF/P2"", ""AmtR/A1"", ""BM3R1/B2"", ""SrpR/S2"", ""BetI/E1"", ""QacR/Q2""]","[11, 1, 4, 17, 2, 15]"
01f602ff,0xEE,6,A1,2,17478720,46,26,10.88687700152277,0.8883972764015198,0.007962795147108829,0.6816118359565735,1,5529911,9.54162024141971,0.8180216550827026,"[""PhlF/P2"", ""AmtR/A1"", ""BetI/E1"", ""BM3R1/B2"", ""QacR/Q2"", ""SrpR/S4""]","[11, 1, 2, 4, 15, 19]",1,5529911,9.54162024141971,0.8180216550827026,"[""PhlF/P2"", ""AmtR/A1"", ""BetI/E1"", ""BM3R1/B2"", ""QacR/Q2"", ""SrpR/S4""]","[11, 1, 2, 4, 15, 19]",1,5529911,9.54162024141971,0.8180216550827026,"[""PhlF/P2"", ""AmtR/A1"", ""BetI/E1"", ""BM3R1/B2"", ""QacR/Q2"", ""SrpR/S4""]","[11, 1, 2, 4, 15, 19]"
02f0b000,0xEE,6,A1,1,8739360,32,32,10.172908145418594,0.8695299029350281,-0.21472055929715955,0.4196018278598785,1,1328713,10.078528719143986,0.7444284558296204,"[""BetI/E1"", ""BM3R1/B3"", ""LitR/L1"", ""AmtR/A1"", ""SrpR/S1"", ""PhlF/P2""]","[2, 5, 8, 1, 16, 11]",1,1328713,10.078528719143986,0.7444284558296204,"[""BetI/E1"", ""BM3R1/B3"", ""LitR/L1"", ""AmtR/A1"", ""SrpR/S1"", ""PhlF/P2""]","[2, 5, 8, 1, 16, 11]",1,1074251,8.29801151023447,0.7779417037963867,"[""AmtR/A1"", ""QacR/Q2"", ""BetI/E1"", ""SrpR/S4"", ""BM3R1/B3"", ""PhlF/P2""]","[1, 15, 2, 19, 5, 11]"
043ead30,0xEE,6,A1,2,17478720,50,19,9.742108432293284,0.9513367414474488,-0.00584418271795072,0.7278279066085815,0,5608310,8.957188233785368,0.8572297096252441,"[""PhlF/P2"", ""BM3R1/B2"", ""SrpR/S4"", ""AmtR/A1"", ""QacR/Q2"", ""BetI/E1""]","[11, 4, 19, 1, 15, 2]",0,5608310,8.957188233785368,0.8572297096252441,"[""PhlF/P2"", ""BM3R1/B2"", ""SrpR/S4"", ""AmtR/A1"", ""QacR/Q2"", ""BetI/E1""]","[11, 4, 19, 1, 15, 2]",0,5608310,8.957188233785368,0.8572297096252441,"[""PhlF/P2"", ""BM3R1/B2"", ""SrpR/S4"", ""AmtR/A1"", ""QacR/Q2"", ""BetI/E1""]","[11, 4, 19, 1, 15, 2]"
054721c9,0xEE,6,A1,1,8739360,50,50,10.370060243585419,0.870114803314209,-0.03048102876097684,0.4869106709957123,1,2187690,10.20701283024246,0.7100512981414795,"[""BM3R1/B2"", ""BetI/E1"", ""QacR/Q2"", ""AmtR/A1"", ""SrpR/S1"", ""PhlF/P2""]","[4, 2, 15, 1, 16, 11]",1,8526146,8.154735303969064,0.7834515571594238,"[""SrpR/S4"", ""BetI/E1"", ""QacR/Q2"", ""AmtR/A1"", ""BM3R1/B2"", ""PhlF/P2""]","[19, 2, 15, 1, 4, 11]",1,8526146,8.154735303969064,0.7834515571594238,"[""SrpR/S4"", ""BetI/E1"", ""QacR/Q2"", ""AmtR/A1"", ""BM3R1/B2"", ""PhlF/P2""]","[19, 2, 15, 1, 4, 11]"
03442896,0xEE,7,A1,2,20000000,66,43,10.21940444751631,0.8232806324958801,1.8374369900961378,0.4904890060424804,0,2436642,8.229530880578213,0.7197650074958801,"[""SrpR/S4"", ""BetI/E1"", ""LitR/L1"", ""AmtR/A1"", ""QacR/Q2"", ""PhlF/P2"", ""BM3R1/B3""]","[19, 2, 8, 1, 15, 11, 5]",0,2436642,8.229530880578213,0.7197650074958801,"[""SrpR/S4"", ""BetI/E1"", ""LitR/L1"", ""AmtR/A1"", ""QacR/Q2"", ""PhlF/P2"", ""BM3R1/B3""]","[19, 2, 8, 1, 15, 11, 5]",0,2436642,8.229530880578213,0.7197650074958801,"[""SrpR/S4"", ""BetI/E1"", ""LitR/L1"", ""AmtR/A1"", ""QacR/Q2"", ""PhlF/P2"", ""BM3R1/B3""]","[19, 2, 8, 1, 15, 11, 5]"
069067ff,0xEE,7,A1,2,20000000,52,24,10.236666645203707,0.8661500811576843,1.310959690976294,0.5407477021217346,0,1074705,9.93574668974407,0.7787206768989563,"[""PhlF/P2"", ""AmtR/A1"", ""BetI/E1"", ""SrpR/S4"", ""PsrA/R1"", ""BM3R1/B2"", ""QacR/Q2""]","[11, 1, 2, 19, 13, 4, 15]",0,1074705,9.93574668974407,0.7787206768989563,"[""PhlF/P2"", ""AmtR/A1"", ""BetI/E1"", ""SrpR/S4"", ""PsrA/R1"", ""BM3R1/B2"", ""QacR/Q2""]","[11, 1, 2, 19, 13, 4, 15]",0,1074705,9.93574668974407,0.7787206768989563,"[""PhlF/P2"", ""AmtR/A1"", ""BetI/E1"", ""SrpR/S4"", ""PsrA/R1"", ""BM3R1/B2"", ""QacR/Q2""]","[11, 1, 2, 19, 13, 4, 15]"
07012647,0xEE,7,A1,2,20000000,53,31,10.272089109252827,0.8355366587638855,-0.0259872285600143,0.4923537671566009,0,4244953,9.796287013580079,0.7484906315803528,"[""PhlF/P2"", ""AmtR/A1"", ""QacR/Q2"", ""SrpR/S4"", ""AmeR/F1"", ""BM3R1/B3"", ""BetI/E1""]","[11, 1, 15, 19, 0, 5, 2]",0,4244953,9.796287013580079,0.7484906315803528,"[""PhlF/P2"", ""AmtR/A1"", ""QacR/Q2"", ""SrpR/S4"", ""AmeR/F1"", ""BM3R1/B3"", ""BetI/E1""]","[11, 1, 15, 19, 0, 5, 2]",0,4244953,9.796287013580079,0.7484906315803528,"[""PhlF/P2"", ""AmtR/A1"", ""QacR/Q2"", ""SrpR/S4"", ""AmeR/F1"", ""BM3R1/B3"", ""BetI/E1""]","[11, 1, 15, 19, 0, 5, 2]"
08077746,0xEE,7,A1,2,20000000,43,20,10.292145090449916,0.8509738445281982,0.01306636638960336,0.5302696824073792,1,5807127,9.700992814146067,0.767448365688324,"[""PhlF/P2"", ""AmtR/A1"", ""QacR/Q2"", ""SrpR/S4"", ""BM3R1/B3"", ""BetI/E1"", ""AmeR/F1""]","[11, 1, 15, 19, 5, 2, 0]",1,5807127,9.700992814146067,0.767448365688324,"[""PhlF/P2"", ""AmtR/A1"", ""QacR/Q2"", ""SrpR/S4"", ""BM3R1/B3"", ""BetI/E1"", ""AmeR/F1""]","[11, 1, 15, 19, 5, 2, 0]",1,3933840,8.488269453223758,0.7921954393386841,"[""PhlF/P2"", ""QacR/Q2"", ""AmtR/A1"", ""SrpR/S4"", ""HlyIIR/H1"", ""BetI/E1"", ""BM3R1/B2""]","[11, 15, 1, 19, 6, 2, 4]"
08c0d645,0xEE,7,A1,2,20000000,61,26,11.033655891884997,0.8725406527519226,-0.31238169145130756,0.6659331321716309,0,1837732,9.345021976693056,0.7737173438072205,"[""PhlF/P2"", ""BM3R1/B3"", ""PsrA/R1"", ""QacR/Q2"", ""BetI/E1"", ""AmtR/A1"", ""SrpR/S4""]","[11, 5, 13, 15, 2, 1, 19]",0,1837732,9.345021976693056,0.7737173438072205,"[""PhlF/P2"", ""BM3R1/B3"", ""PsrA/R1"", ""QacR/Q2"", ""BetI/E1"", ""AmtR/A1"", ""SrpR/S4""]","[11, 5, 13, 15, 2, 1, 19]",0,1837732,9.345021976693056,0.7737173438072205,"[""PhlF/P2"", ""BM3R1/B3"", ""PsrA/R1"", ""QacR/Q2"", ""BetI/E1"", ""AmtR/A1"", ""SrpR/S4""]","[11, 5, 13, 15, 2, 1, 19]"
0e00a42e,0x4D,6,A1,2,17478720,40,19,6.722158069698345,0.8698773980140686,-0.0878026652431618,0.651962161064148,0,1772903,5.851364463757548,0.8000996112823486,"[""BetI/E1"", ""SrpR/S4"", ""PhlF/P2"", ""BM3R1/B3"", ""AmtR/A1"", ""QacR/Q2""]","[2, 19, 11, 5, 1, 15]",0,1772903,5.851364463757548,0.8000996112823486,"[""BetI/E1"", ""SrpR/S4"", ""PhlF/P2"", ""BM3R1/B3"", ""AmtR/A1"", ""QacR/Q2""]","[2, 19, 11, 5, 1, 15]",0,1772903,5.851364463757548,0.8000996112823486,"[""BetI/E1"", ""SrpR/S4"", ""PhlF/P2"", ""BM3R1/B3"", ""AmtR/A1"", ""QacR/Q2""]","[2, 19, 11, 5, 1, 15]"
0973762a,0x4D,7,A1,2,20000000,48,21,6.432909238427591,0.797788143157959,-1.4465785850356594,0.5719010829925537,0,88387,4.962284254338788,0.7125550508499146,"[""AmtR/A1"", ""PsrA/R1"", ""BM3R1/B3"", ""BetI/E1"", ""SrpR/S4"", ""QacR/Q2"", ""PhlF/P2""]","[1, 13, 5, 2, 19, 15, 11]",0,88387,4.962284254338788,0.7125550508499146,"[""AmtR/A1"", ""PsrA/R1"", ""BM3R1/B3"", ""BetI/E1"", ""SrpR/S4"", ""QacR/Q2"", ""PhlF/P2""]","[1, 13, 5, 2, 19, 15, 11]",0,6143165,4.4833874903491715,0.7221823930740356,"[""SrpR/S4"", ""PsrA/R1"", ""AmtR/A1"", ""BetI/E1"", ""BM3R1/B3"", ""QacR/Q2"", ""PhlF/P2""]","[19, 13, 1, 2, 5, 15, 11]"
0b104926,0x4D,7,A1,2,20000000,47,22,6.347793548959891,0.7839072942733765,-1.4167061223106163,0.4100377559661865,0,305439,4.343200357333029,0.7488481998443604,"[""BetI/E1"", ""AmtR/A1"", ""PsrA/R1"", ""BM3R1/B2"", ""QacR/Q2"", ""SrpR/S4"", ""PhlF/P2""]","[2, 1, 13, 4, 15, 19, 11]",0,305439,4.343200357333029,0.7488481998443604,"[""BetI/E1"", ""AmtR/A1"", ""PsrA/R1"", ""BM3R1/B2"", ""QacR/Q2"", ""SrpR/S4"", ""PhlF/P2""]","[2, 1, 13, 4, 15, 19, 11]",1,7077202,4.91106734522823,0.7088456749916077,"[""PsrA/R1"", ""BM3R1/B2"", ""SrpR/S4"", ""BetI/E1"", ""AmtR/A1"", ""QacR/Q2"", ""PhlF/P2""]","[13, 4, 19, 2, 1, 15, 11]"
121452f9,0xCC,4,A1,2,149472,38,12,11.437413779120648,0.937978208065033,0.49967390178291227,0.7793875932693481,0,44779,8.670777792473158,0.9317149519920348,"[""PhlF/P1"", ""SrpR/S4"", ""BM3R1/B2"", ""AmtR/A1""]","[10, 19, 4, 1]",0,44779,8.670777792473158,0.9317149519920348,"[""PhlF/P1"", ""SrpR/S4"", ""BM3R1/B2"", ""AmtR/A1""]","[10, 19, 4, 1]",0,44779,8.670777792473158,0.9317149519920348,"[""PhlF/P1"", ""SrpR/S4"", ""BM3R1/B2"", ""AmtR/A1""]","[10, 19, 4, 1]"
0489dcd5,0xCC,5,A1,2,1751040,51,25,11.913864737504179,0.8843634128570557,5.303357547835353,0.5097505450248718,1,546030,11.099497263580917,0.7691290974617004,"[""PhlF/P2"", ""BetI/E1"", ""QacR/Q2"", ""BM3R1/B3"", ""PsrA/R1""]","[11, 2, 15, 5, 13]",1,546030,11.099497263580917,0.7691290974617004,"[""PhlF/P2"", ""BetI/E1"", ""QacR/Q2"", ""BM3R1/B3"", ""PsrA/R1""]","[11, 2, 15, 5, 13]",1,546030,11.099497263580917,0.7691290974617004,"[""PhlF/P2"", ""BetI/E1"", ""QacR/Q2"", ""BM3R1/B3"", ""PsrA/R1""]","[11, 2, 15, 5, 13]"
05ce3955,0xCC,5,A1,2,1751040,59,33,11.681382982241683,0.9084908366203308,-0.5933521265046242,0.5174791812896729,1,169087,10.130519975392652,0.7900556325912476,"[""BetI/E1"", ""SrpR/S4"", ""PsrA/R1"", ""BM3R1/B3"", ""PhlF/P2""]","[2, 19, 13, 5, 11]",1,169395,8.992948100831736,0.8262335658073425,"[""BetI/E1"", ""SrpR/S4"", ""QacR/Q2"", ""BM3R1/B3"", ""PhlF/P2""]","[2, 19, 15, 5, 11]",1,169395,8.992948100831736,0.8262335658073425,"[""BetI/E1"", ""SrpR/S4"", ""QacR/Q2"", ""BM3R1/B3"", ""PhlF/P2""]","[2, 19, 15, 5, 11]"
00340848,0xCC,6,A1,2,17478720,89,55,11.697513046539008,0.8451122045516968,0.4563304739453798,0.4927787482738495,1,5574182,9.505109122188138,0.791249692440033,"[""PhlF/P2"", ""BetI/E1"", ""QacR/Q2"", ""SrpR/S4"", ""BM3R1/B2"", ""AmtR/A1""]","[11, 2, 15, 19, 4, 1]",1,5574182,9.505109122188138,0.791249692440033,"[""PhlF/P2"", ""BetI/E1"", ""QacR/Q2"", ""SrpR/S4"", ""BM3R1/B2"", ""AmtR/A1""]","[11, 2, 15, 19, 4, 1]",1,5574182,9.505109122188138,0.791249692440033,"[""PhlF/P2"", ""BetI/E1"", ""QacR/Q2"", ""SrpR/S4"", ""BM3R1/B2"", ""AmtR/A1""]","[11, 2, 15, 19, 4, 1]"
0064e4f7,0xCC,6,A1,2,17478720,77,48,11.702525602624016,0.8987922072410583,-0.23964886536791397,0.5286140441894531,1,5746225,11.239980997551097,0.7652140259742737,"[""PhlF/P2"", ""PsrA/R1"", ""QacR/Q2"", ""BM3R1/B2"", ""BetI/E1"", ""SrpR/S4""]","[11, 13, 15, 4, 2, 19]",1,5772789,9.92435403684349,0.7977146506309509,"[""PhlF/P2"", ""QacR/Q2"", ""AmtR/A1"", ""BM3R1/B2"", ""BetI/E1"", ""SrpR/S4""]","[11, 15, 1, 4, 2, 19]",1,5772862,9.745640373406031,0.801607608795166,"[""PhlF/P2"", ""QacR/Q2"", ""AmtR/A1"", ""BM3R1/B2"", ""SrpR/S4"", ""BetI/E1""]","[11, 15, 1, 4, 19, 2]"
01316716,0xCC,6,A1,2,17478720,104,53,13.17570486647711,0.8992335200309753,3.6066738151053714,0.4962754249572754,0,5577924,11.725626498927229,0.8139392733573914,"[""PhlF/P2"", ""BetI/E1"", ""SrpR/S4"", ""BM3R1/B3"", ""QacR/Q2"", ""AmtR/A1""]","[11, 2, 19, 5, 15, 1]",0,5577924,11.725626498927229,0.8139392733573914,"[""PhlF/P2"", ""BetI/E1"", ""SrpR/S4"", ""BM3R1/B3"", ""QacR/Q2"", ""AmtR/A1""]","[11, 2, 19, 5, 15, 1]",0,5577924,11.725626498927229,0.8139392733573914,"[""PhlF/P2"", ""BetI/E1"", ""SrpR/S4"", ""BM3R1/B3"", ""QacR/Q2"", ""AmtR/A1""]","[11, 2, 19, 5, 15, 1]"
0492607b,0xCC,7,A1,2,20000000,50,30,11.745908161389817,0.865537703037262,0.04682975473214895,0.5126922130584717,1,5863839,11.232025906008273,0.7557778358459473,"[""PhlF/P2"", ""QacR/Q2"", ""AmtR/A1"", ""BetI/E1"", ""PsrA/R1"", ""SrpR/S4"", ""BM3R1/B2""]","[11, 15, 1, 2, 13, 19, 4]",1,5863839,11.232025906008273,0.7557778358459473,"[""PhlF/P2"", ""QacR/Q2"", ""AmtR/A1"", ""BetI/E1"", ""PsrA/R1"", ""SrpR/S4"", ""BM3R1/B2""]","[11, 15, 1, 2, 13, 19, 4]",1,7175432,9.548479287522142,0.7844487428665161,"[""PhlF/P2"", ""BetI/E1"", ""SrpR/S4"", ""IcaRA/I1"", ""QacR/Q2"", ""BM3R1/B3"", ""LmrA/N1""]","[11, 2, 19, 7, 15, 5, 9]"
11476b01,0xE8,6,A1,4,34957440,88,28,6.616328969662075,0.8765908479690552,-0.03465385607025298,0.651479959487915,2,7622987,5.502575929982276,0.784536600112915,"[""QacR/Q2"", ""SrpR/S4"", ""AmtR/A1"", ""BetI/E1"", ""BM3R1/B3"", ""PhlF/P2""]","[15, 19, 1, 2, 5, 11]",2,7622987,5.502575929982276,0.784536600112915,"[""QacR/Q2"", ""SrpR/S4"", ""AmtR/A1"", ""BetI/E1"", ""BM3R1/B3"", ""PhlF/P2""]","[15, 19, 1, 2, 5, 11]",3,1269218,4.8117358849781855,0.7982686161994934,"[""BetI/E1"", ""AmtR/A1"", ""SrpR/S4"", ""QacR/Q2"", ""BM3R1/B2"", ""PhlF/P2""]","[2, 1, 19, 15, 4, 11]"
1977316a,0xE8,6,A1,4,34957440,80,26,9.276875092846169,0.867751955986023,-0.8571995778866668,0.5146576166152954,2,5578550,7.4040248870927,0.801307201385498,"[""PhlF/P2"", ""BetI/E1"", ""SrpR/S4"", ""QacR/Q2"", ""BM3R1/B2"", ""AmtR/A1""]","[11, 2, 19, 15, 4, 1]",2,5578550,7.4040248870927,0.801307201385498,"[""PhlF/P2"", ""BetI/E1"", ""SrpR/S4"", ""QacR/Q2"", ""BM3R1/B2"", ""AmtR/A1""]","[11, 2, 19, 15, 4, 1]",2,5578550,7.4040248870927,0.801307201385498,"[""PhlF/P2"", ""BetI/E1"", ""SrpR/S4"", ""QacR/Q2"", ""BM3R1/B2"", ""AmtR/A1""]","[11, 2, 19, 15, 4, 1]"
1bb98c9c,0xE8,6,A1,2,17478720,47,24,9.051661013602002,0.8476337790489197,-0.8264852601953608,0.43325275182724,3,5773920,8.797911224598801,0.7344759702682495,"[""PhlF/P2"", ""QacR/Q2"", ""AmtR/A1"", ""SrpR/S4"", ""BetI/E1"", ""BM3R1/B3""]","[11, 15, 1, 19, 2, 5]",1,5574173,8.526056686839752,0.7435853481292725,"[""PhlF/P2"", ""BetI/E1"", ""QacR/Q2"", ""SrpR/S4"", ""AmtR/A1"", ""PsrA/R1""]","[11, 2, 15, 19, 1, 13]",1,5573037,7.174584999991469,0.7946257591247559,"[""PhlF/P2"", ""BetI/E1"", ""QacR/Q2"", ""BM3R1/B2"", ""AmtR/A1"", ""SrpR/S4""]","[11, 2, 15, 4, 1, 19]"
1fdd9f06,0xE8,6,A1,3,26218080,64,35,8.49183609669994,0.8826131224632263,-1.0566086999667388,0.5876278281211853,2,1166925,6.108304940365972,0.7943254709243774,"[""AmtR/A1"", ""SrpR/S4"", ""BetI/E1"", ""BM3R1/B2"", ""PhlF/P2"", ""QacR/Q2""]","[1, 19, 2, 4, 11, 15]",2,1166925,6.108304940365972,0.7943254709243774,"[""AmtR/A1"", ""SrpR/S4"", ""BetI/E1"", ""BM3R1/B2"", ""PhlF/P2"", ""QacR/Q2""]","[1, 19, 2, 4, 11, 15]",2,1166925,6.108304940365972,0.7943254709243774,"[""AmtR/A1"", ""SrpR/S4"", ""BetI/E1"", ""BM3R1/B2"", ""PhlF/P2"", ""QacR/Q2""]","[1, 19, 2, 4, 11, 15]"
039d4a44,0xE8,7,A1,4,40000000,86,19,9.0190069694162,0.8030890822410583,0.011062227964905027,0.5335159301757812,1,300592,8.88015969914981,0.7066166400909424,"[""PhlF/P2"", ""AmtR/A1"", ""QacR/Q2"", ""PsrA/R1"", ""BM3R1/B2"", ""BetI/E1"", ""SrpR/S2""]","[11, 1, 15, 13, 4, 2, 17]",1,300592,8.88015969914981,0.7066166400909424,"[""PhlF/P2"", ""AmtR/A1"", ""QacR/Q2"", ""PsrA/R1"", ""BM3R1/B2"", ""BetI/E1"", ""SrpR/S2""]","[11, 1, 15, 13, 4, 2, 17]",1,4479880,7.963672410754059,0.7210143804550171,"[""PhlF/P2"", ""SrpR/S4"", ""BetI/E1"", ""QacR/Q2"", ""BM3R1/B2"", ""AmtR/A1"", ""PsrA/R1""]","[11, 19, 2, 15, 4, 1, 13]"
4f845bff,0xE8,7,A1,2,20000000,44,24,8.780744096940579,0.790974497795105,0.0621894569850272,0.4160085320472717,5,7912032,7.838386547454745,0.7081648707389832,"[""PhlF/P2"", ""AmtR/A1"", ""PsrA/R1"", ""BetI/E1"", ""SrpR/S4"", ""QacR/Q2"", ""BM3R1/B2""]","[11, 1, 13, 2, 19, 15, 4]",5,7912032,7.838386547454745,0.7081648707389832,"[""PhlF/P2"", ""AmtR/A1"", ""PsrA/R1"", ""BetI/E1"", ""SrpR/S4"", ""QacR/Q2"", ""BM3R1/B2""]","[11, 1, 13, 2, 19, 15, 4]",5,7926385,7.279039065955029,0.7270228862762451,"[""PhlF/P3"", ""AmtR/A1"", ""PsrA/R1"", ""QacR/Q2"", ""BetI/E1"", ""SrpR/S4"", ""BM3R1/B2""]","[12, 1, 13, 15, 2, 19, 4]"
810fcebd,0xE8,7,A1,3,30000000,89,30,8.433334306219031,0.8754723072052002,-4.187818580681713,0.4878125786781311,2,7077043,6.7093392234226545,0.7663251757621765,"[""PhlF/P3"", ""SrpR/S4"", ""AmtR/A1"", ""QacR/Q2"", ""BetI/E1"", ""BM3R1/B3"", ""PsrA/R1""]","[12, 19, 1, 15, 2, 5, 13]",2,7077043,6.7093392234226545,0.7663251757621765,"[""PhlF/P3"", ""SrpR/S4"", ""AmtR/A1"", ""QacR/Q2"", ""BetI/E1"", ""BM3R1/B3"", ""PsrA/R1""]","[12, 19, 1, 15, 2, 5, 13]",2,7077043,6.7093392234226545,0.7663251757621765,"[""PhlF/P3"", ""SrpR/S4"", ""AmtR/A1"", ""QacR/Q2"", ""BetI/E1"", ""BM3R1/B3"", ""PsrA/R1""]","[12, 19, 1, 15, 2, 5, 13]"
e42ec999,0xE8,7,A1,4,40000000,63,16,8.759781538134842,0.7929773926734924,-0.07082441070682247,0.5450601577758789,1,2593057,8.555405589268997,0.7115536332130432,"[""PhlF/P2"", ""QacR/Q2"", ""SrpR/S4"", ""BetI/E1"", ""BM3R1/B3"", ""PsrA/R1"", ""AmtR/A1""]","[11, 15, 19, 2, 5, 13, 1]",1,2593057,8.555405589268997,0.7115536332130432,"[""PhlF/P2"", ""QacR/Q2"", ""SrpR/S4"", ""BetI/E1"", ""BM3R1/B3"", ""PsrA/R1"", ""AmtR/A1""]","[11, 15, 19, 2, 5, 13, 1]",0,4136838,7.6268006476719,0.7303662300109863,"[""PhlF/P2"", ""QacR/Q2"", ""BetI/E1"", ""SrpR/S2"", ""BM3R1/B2"", ""PsrA/R1"", ""AmtR/A1""]","[11, 15, 2, 17, 4, 13, 1]"
2846df4c,"[""0x33"", ""0x0F""]",4,A1,2,149472,38,20,11.169126781161719,0.9264647960662842,1.0612694950982589,0.6794337630271912,0,13531,9.09622389217504,0.8860973119735718,"[""BetI/E1"", ""SrpR/S4"", ""BM3R1/B2"", ""PhlF/P2""]","[2, 19, 4, 11]",0,13531,9.09622389217504,0.8860973119735718,"[""BetI/E1"", ""SrpR/S4"", ""BM3R1/B2"", ""PhlF/P2""]","[2, 19, 4, 11]",0,13531,9.09622389217504,0.8860973119735718,"[""BetI/E1"", ""SrpR/S4"", ""BM3R1/B2"", ""PhlF/P2""]","[2, 19, 4, 11]"
038b4a59,"[""0x33"", ""0x0F""]",5,A1,2,1751040,38,23,11.726969395097756,0.8712964057922363,4.934886466326198,0.5986083149909973,0,573584,11.294439158838337,0.8431917428970337,"[""PhlF/P2"", ""SrpR/S4"", ""BetI/E1"", ""BM3R1/B3"", ""QacR/Q2""]","[11, 19, 2, 5, 15]",0,573584,11.294439158838337,0.8431917428970337,"[""PhlF/P2"", ""SrpR/S4"", ""BetI/E1"", ""BM3R1/B3"", ""QacR/Q2""]","[11, 19, 2, 5, 15]",0,573584,11.294439158838337,0.8431917428970337,"[""PhlF/P2"", ""SrpR/S4"", ""BetI/E1"", ""BM3R1/B3"", ""QacR/Q2""]","[11, 19, 2, 5, 15]"
072f2e06,"[""0x33"", ""0x0F""]",5,A1,2,1751040,86,37,11.516656338626047,0.8424650430679321,4.914150968665041,0.5434973835945129,0,777314,10.87764801133147,0.7081854343414307,"[""SrpR/S1"", ""PhlF/P2"", ""BM3R1/B2"", ""BetI/E1"", ""LitR/L1""]","[16, 11, 4, 2, 8]",0,261371,9.737628091184748,0.7531119585037231,"[""BM3R1/B3"", ""PhlF/P2"", ""BetI/E1"", ""QacR/Q2"", ""LitR/L1""]","[5, 11, 2, 15, 8]",0,261371,9.737628091184748,0.7531119585037231,"[""BM3R1/B3"", ""PhlF/P2"", ""BetI/E1"", ""QacR/Q2"", ""LitR/L1""]","[5, 11, 2, 15, 8]"
02aaa5f4,0x33,6,A1,2,17478720,47,19,11.264263472112011,0.8595511317253113,7.023097469934364,0.5816606283187866,1,5828467,11.022490068991793,0.840328574180603,"[""PhlF/P2"", ""SrpR/S4"", ""AmtR/A1"", ""BetI/E1"", ""BM3R1/B2"", ""QacR/Q2""]","[11, 19, 1, 2, 4, 15]",1,5828467,11.022490068991793,0.840328574180603,"[""PhlF/P2"", ""SrpR/S4"", ""AmtR/A1"", ""BetI/E1"", ""BM3R1/B2"", ""QacR/Q2""]","[11, 19, 1, 2, 4, 15]",1,5828467,11.022490068991793,0.840328574180603,"[""PhlF/P2"", ""SrpR/S4"", ""AmtR/A1"", ""BetI/E1"", ""BM3R1/B2"", ""QacR/Q2""]","[11, 19, 1, 2, 4, 15]"
0595ffad,0x33,6,A1,2,17478720,63,29,11.181127076371121,0.8902513980865479,4.136634311795092,0.5528793334960938,1,7847175,11.140590933671405,0.7854217886924744,"[""SrpR/S1"", ""PhlF/P2"", ""QacR/Q2"", ""BM3R1/B3"", ""LitR/L1"", ""AmeR/F1""]","[16, 11, 15, 5, 8, 0]",1,7847175,11.140590933671405,0.7854217886924744,"[""SrpR/S1"", ""PhlF/P2"", ""QacR/Q2"", ""BM3R1/B3"", ""LitR/L1"", ""AmeR/F1""]","[16, 11, 15, 5, 8, 0]",1,7847175,11.140590933671405,0.7854217886924744,"[""SrpR/S1"", ""PhlF/P2"", ""QacR/Q2"", ""BM3R1/B3"", ""LitR/L1"", ""AmeR/F1""]","[16, 11, 15, 5, 8, 0]"
01665019,0x33,7,A1,2,20000000,43,23,13.083405472762513,0.8132632374763489,4.642699342253381,0.44412562251091,0,6484729,11.796843865674118,0.7521781325340271,"[""PhlF/P2"", ""BM3R1/B3"", ""BetI/E1"", ""SrpR/S4"", ""AmtR/A1"", ""LitR/L1"", ""QacR/Q2""]","[11, 5, 2, 19, 1, 8, 15]",0,6484729,11.796843865674118,0.7521781325340271,"[""PhlF/P2"", ""BM3R1/B3"", ""BetI/E1"", ""SrpR/S4"", ""AmtR/A1"", ""LitR/L1"", ""QacR/Q2""]","[11, 5, 2, 19, 1, 8, 15]",0,6484729,11.796843865674118,0.7521781325340271,"[""PhlF/P2"", ""BM3R1/B3"", ""BetI/E1"", ""SrpR/S4"", ""AmtR/A1"", ""LitR/L1"", ""QacR/Q2""]","[11, 5, 2, 19, 1, 8, 15]"
01874d6e,0x33,7,A1,2,20000000,58,33,11.321404622326426,0.8185214996337891,2.4837700272321395,0.5625327229499817,0,6448703,9.816278131250579,0.7345355749130249,"[""BM3R1/B3"", ""HlyIIR/H1"", ""IcaRA/I1"", ""QacR/Q2"", ""BetI/E1"", ""SrpR/S4"", ""PhlF/P2""]","[5, 6, 7, 15, 2, 19, 11]",0,5491630,9.31214620552363,0.747961163520813,"[""BM3R1/B2"", ""HlyIIR/H1"", ""IcaRA/I1"", ""QacR/Q2"", ""BetI/E1"", ""SrpR/S4"", ""PhlF/P2""]","[4, 6, 7, 15, 2, 19, 11]",0,5491630,9.31214620552363,0.747961163520813,"[""BM3R1/B2"", ""HlyIIR/H1"", ""IcaRA/I1"", ""QacR/Q2"", ""BetI/E1"", ""SrpR/S4"", ""PhlF/P2""]","[4, 6, 7, 15, 2, 19, 11]"
01a3ec20,0x33,7,A1,1,10000000,22,22,11.140216452353888,0.8516897559165955,-0.3450735062271515,0.5751921534538269,0,3210903,8.454402219664809,0.7640438675880432,"[""QacR/Q2"", ""BetI/E1"", ""SrpR/S4"", ""AmtR/A1"", ""PsrA/R1"", ""BM3R1/B3"", ""PhlF/P2""]","[15, 2, 19, 1, 13, 5, 11]",0,3210903,8.454402219664809,0.7640438675880432,"[""QacR/Q2"", ""BetI/E1"", ""SrpR/S4"", ""AmtR/A1"", ""PsrA/R1"", ""BM3R1/B3"", ""PhlF/P2""]","[15, 2, 19, 1, 13, 5, 11]",0,3210903,8.454402219664809,0.7640438675880432,"[""QacR/Q2"", ""BetI/E1"", ""SrpR/S4"", ""AmtR/A1"", ""PsrA/R1"", ""BM3R1/B3"", ""PhlF/P2""]","[15, 2, 19, 1, 13, 5, 11]"
87c860fb,0x66,6,A1,1,8739360,15,15,9.407812073012991,0.8516437411308289,-0.0022952134327350305,0.7459845542907715,1,5838935,9.007959374422523,0.7865541577339172,"[""PhlF/P2"", ""SrpR/S4"", ""QacR/Q2"", ""AmtR/A1"", ""BetI/E1"", ""BM3R1/B2""]","[11, 19, 15, 1, 2, 4]",1,1262469,6.19473852201174,0.8162077069282532,"[""BetI/E1"", ""AmtR/A1"", ""QacR/Q2"", ""SrpR/S4"", ""PhlF/P2"", ""BM3R1/B2""]","[2, 1, 15, 19, 11, 4]",1,1262469,6.19473852201174,0.8162077069282532,"[""BetI/E1"", ""AmtR/A1"", ""QacR/Q2"", ""SrpR/S4"", ""PhlF/P2"", ""BM3R1/B2""]","[2, 1, 15, 19, 11, 4]"
4fc3e01f,0x66,7,A1,1,10000000,22,22,6.172485651320763,0.8009899258613586,-2.785901182052797,0.3962671458721161,1,2812176,5.965847418799715,0.6801277995109558,"[""BM3R1/B2"", ""BetI/E1"", ""AmtR/A1"", ""PhlF/P2"", ""SrpR/S4"", ""PsrA/R1"", ""QacR/Q2""]","[4, 2, 1, 11, 19, 13, 15]",1,2812176,5.965847418799715,0.6801277995109558,"[""BM3R1/B2"", ""BetI/E1"", ""AmtR/A1"", ""PhlF/P2"", ""SrpR/S4"", ""PsrA/R1"", ""QacR/Q2""]","[4, 2, 1, 11, 19, 13, 15]",1,5621417,4.957713425553762,0.7142993211746216,"[""AmtR/A1"", ""SrpR/S4"", ""BetI/E1"", ""BM3R1/B3"", ""QacR/Q2"", ""PsrA/R1"", ""PhlF/P2""]","[1, 19, 2, 5, 15, 13, 11]"
58cd788d,0x66,7,A1,1,10000000,29,29,6.439081872413975,0.7930840253829956,-3.889486582099647,0.3184636235237121,1,8339693,5.045951087338342,0.7253981232643127,"[""BM3R1/B2"", ""AmtR/A1"", ""BetI/E1"", ""SrpR/S4"", ""PsrA/R1"", ""QacR/Q2"", ""PhlF/P2""]","[4, 1, 2, 19, 13, 15, 11]",1,8339693,5.045951087338342,0.7253981232643127,"[""BM3R1/B2"", ""AmtR/A1"", ""BetI/E1"", ""SrpR/S4"", ""PsrA/R1"", ""QacR/Q2"", ""PhlF/P2""]","[4, 1, 2, 19, 13, 15, 11]",1,8339693,5.045951087338342,0.7253981232643127,"[""BM3R1/B2"", ""AmtR/A1"", ""BetI/E1"", ""SrpR/S4"", ""PsrA/R1"", ""QacR/Q2"", ""PhlF/P2""]","[4, 1, 2, 19, 13, 15, 11]"
c1e19df0,0x66,7,A1,1,10000000,31,31,6.771764892511279,0.8691329956054688,-1.2419533130283569,0.5432878732681274,0,5725137,5.851104780119503,0.7578039765357971,"[""BetI/E1"", ""AmtR/A1"", ""PhlF/P2"", ""SrpR/S4"", ""LmrA/N1"", ""QacR/Q2"", ""BM3R1/B2""]","[2, 1, 11, 19, 9, 15, 4]",0,124383,4.937343644946042,0.7924463152885437,"[""QacR/Q2"", ""AmtR/A1"", ""SrpR/S4"", ""BetI/E1"", ""PhlF/P1"", ""IcaRA/I1"", ""BM3R1/B3""]","[15, 1, 19, 2, 10, 7, 5]",0,124383,4.937343644946042,0.7924463152885437,"[""QacR/Q2"", ""AmtR/A1"", ""SrpR/S4"", ""BetI/E1"", ""PhlF/P1"", ""IcaRA/I1"", ""BM3R1/B3""]","[15, 1, 19, 2, 10, 7, 5]"
e697dccd,0x66,7,A1,1,10000000,25,25,6.552072286348935,0.8447332382202148,-0.2664677187474985,0.5474461317062378,1,4506346,5.988699680331343,0.7654345035552979,"[""BM3R1/B2"", ""PsrA/R1"", ""PhlF/P2"", ""QacR/Q2"", ""SrpR/S2"", ""BetI/E1"", ""AmtR/A1""]","[4, 13, 11, 15, 17, 2, 1]",1,4506346,5.988699680331343,0.7654345035552979,"[""BM3R1/B2"", ""PsrA/R1"", ""PhlF/P2"", ""QacR/Q2"", ""SrpR/S2"", ""BetI/E1"", ""AmtR/A1""]","[4, 13, 11, 15, 17, 2, 1]",1,4506346,5.988699680331343,0.7654345035552979,"[""BM3R1/B2"", ""PsrA/R1"", ""PhlF/P2"", ""QacR/Q2"", ""SrpR/S2"", ""BetI/E1"", ""AmtR/A1""]","[4, 13, 11, 15, 17, 2, 1]"
03a28722,0x3C,6,A1,1,8739360,22,22,8.944118024642611,0.8445292115211487,-0.15985242754420956,0.649707019329071,0,5596535,8.756127384535107,0.7749579548835754,"[""PhlF/P2"", ""BM3R1/B2"", ""BetI/E1"", ""AmtR/A1"", ""QacR/Q2"", ""SrpR/S4""]","[11, 4, 2, 1, 15, 19]",0,5596535,8.756127384535107,0.7749579548835754,"[""PhlF/P2"", ""BM3R1/B2"", ""BetI/E1"", ""AmtR/A1"", ""QacR/Q2"", ""SrpR/S4""]","[11, 4, 2, 1, 15, 19]",0,5596535,8.756127384535107,0.7749579548835754,"[""PhlF/P2"", ""BM3R1/B2"", ""BetI/E1"", ""AmtR/A1"", ""QacR/Q2"", ""SrpR/S4""]","[11, 4, 2, 1, 15, 19]"
2b8d88ba,0x3C,6,A1,2,17478720,59,36,7.62378472658264,0.8041213750839233,-0.25231918962195093,0.370618611574173,1,5577805,5.780413811618469,0.790859580039978,"[""PhlF/P2"", ""BetI/E1"", ""SrpR/S4"", ""BM3R1/B2"", ""AmtR/A1"", ""QacR/Q2""]","[11, 2, 19, 4, 1, 15]",1,5577805,5.780413811618469,0.790859580039978,"[""PhlF/P2"", ""BetI/E1"", ""SrpR/S4"", ""BM3R1/B2"", ""AmtR/A1"", ""QacR/Q2""]","[11, 2, 19, 4, 1, 15]",1,1615383,6.651037124773809,0.7370951175689697,"[""BetI/E1"", ""PsrA/R1"", ""PhlF/P2"", ""BM3R1/B2"", ""AmtR/A1"", ""QacR/Q2""]","[2, 13, 11, 4, 1, 15]"
67eaf262,0x3C,6,A1,1,8739360,25,25,7.098985109372711,0.8325943350791931,-1.080903726577997,0.5553370118141174,1,1077459,5.698809884030225,0.7814555764198303,"[""AmtR/A1"", ""QacR/Q2"", ""BM3R1/B2"", ""SrpR/S4"", ""BetI/E1"", ""PhlF/P2""]","[1, 15, 4, 19, 2, 11]",1,1077459,5.698809884030225,0.7814555764198303,"[""AmtR/A1"", ""QacR/Q2"", ""BM3R1/B2"", ""SrpR/S4"", ""BetI/E1"", ""PhlF/P2""]","[1, 15, 4, 19, 2, 11]",1,1077459,5.698809884030225,0.7814555764198303,"[""AmtR/A1"", ""QacR/Q2"", ""BM3R1/B2"", ""SrpR/S4"", ""BetI/E1"", ""PhlF/P2""]","[1, 15, 4, 19, 2, 11]"
687b8380,0x3C,6,A1,2,17478720,54,33,7.076119467573304,0.8565458059310913,-0.23627955647835078,0.5605968236923218,0,1250232,4.360478477881357,0.8263649344444275,"[""BetI/E1"", ""AmtR/A1"", ""PhlF/P1"", ""QacR/Q2"", ""SrpR/S4"", ""BM3R1/B3""]","[2, 1, 10, 15, 19, 5]",0,1250232,4.360478477881357,0.8263649344444275,"[""BetI/E1"", ""AmtR/A1"", ""PhlF/P1"", ""QacR/Q2"", ""SrpR/S4"", ""BM3R1/B3""]","[2, 1, 10, 15, 19, 5]",0,5535176,4.66902376716747,0.8070563077926636,"[""PhlF/P2"", ""AmtR/A1"", ""BM3R1/B3"", ""QacR/Q2"", ""SrpR/S4"", ""BetI/E1""]","[11, 1, 5, 15, 19, 2]"
6f156a51,0x3C,6,A1,1,8739360,30,30,7.474970785888946,0.8188611268997192,0.05721900980541388,0.5222431421279907,1,8736652,5.934112321513839,0.7755038738250732,"[""SrpR/S4"", ""QacR/Q2"", ""PhlF/P2"", ""BM3R1/B2"", ""AmtR/A1"", ""BetI/E1""]","[19, 15, 11, 4, 1, 2]",1,8736652,5.934112321513839,0.7755038738250732,"[""SrpR/S4"", ""QacR/Q2"", ""PhlF/P2"", ""BM3R1/B2"", ""AmtR/A1"", ""BetI/E1""]","[19, 15, 11, 4, 1, 2]",1,8736652,5.934112321513839,0.7755038738250732,"[""SrpR/S4"", ""QacR/Q2"", ""PhlF/P2"", ""BM3R1/B2"", ""AmtR/A1"", ""BetI/E1""]","[19, 15, 11, 4, 1, 2]"
0b2e82b8,0x3C,7,A1,1,10000000,24,24,6.997155873012445,0.7903634905815125,-4.217466229136833,0.3316231071949005,0,1381512,6.533168348314531,0.705774188041687,"[""BM3R1/B3"", ""PhlF/P2"", ""QacR/Q2"", ""BetI/E1"", ""SrpR/S4"", ""AmtR/A1"", ""PsrA/R1""]","[5, 11, 15, 2, 19, 1, 13]",0,3033611,6.294392460558616,0.714933454990387,"[""BM3R1/B2"", ""SrpR/S4"", ""BetI/E1"", ""QacR/Q2"", ""PhlF/P2"", ""AmtR/A1"", ""PsrA/R1""]","[4, 19, 2, 15, 11, 1, 13]",0,3033611,6.294392460558616,0.714933454990387,"[""BM3R1/B2"", ""SrpR/S4"", ""BetI/E1"", ""QacR/Q2"", ""PhlF/P2"", ""AmtR/A1"", ""PsrA/R1""]","[4, 19, 2, 15, 11, 1, 13]"
104e83a9,0x3C,7,A1,2,20000000,35,20,7.062855292974723,0.8202704191207886,0.01458326606398697,0.5174435377120972,1,2353396,5.551642086770417,0.7526518702507019,"[""PsrA/R1"", ""SrpR/S4"", ""BetI/E1"", ""PhlF/P2"", ""AmtR/A1"", ""BM3R1/B3"", ""QacR/Q2""]","[13, 19, 2, 11, 1, 5, 15]",1,2353396,5.551642086770417,0.7526518702507019,"[""PsrA/R1"", ""SrpR/S4"", ""BetI/E1"", ""PhlF/P2"", ""AmtR/A1"", ""BM3R1/B3"", ""QacR/Q2""]","[13, 19, 2, 11, 1, 5, 15]",1,2353396,5.551642086770417,0.7526518702507019,"[""PsrA/R1"", ""SrpR/S4"", ""BetI/E1"", ""PhlF/P2"", ""AmtR/A1"", ""BM3R1/B3"", ""QacR/Q2""]","[13, 19, 2, 11, 1, 5, 15]"
13136e2d,0x3C,7,A1,2,20000000,44,21,7.171132960353243,0.8273424506187439,-0.07856235725906102,0.5444043874740601,1,3796032,6.29444560953293,0.7442458868026733,"[""AmtR/A1"", ""BM3R1/B2"", ""QacR/Q2"", ""BetI/E1"", ""PsrA/R1"", ""PhlF/P2"", ""SrpR/S4""]","[1, 4, 15, 2, 13, 11, 19]",1,3796032,6.29444560953293,0.7442458868026733,"[""AmtR/A1"", ""BM3R1/B2"", ""QacR/Q2"", ""BetI/E1"", ""PsrA/R1"", ""PhlF/P2"", ""SrpR/S4""]","[1, 4, 15, 2, 13, 11, 19]",1,3796032,6.29444560953293,0.7442458868026733,"[""AmtR/A1"", ""BM3R1/B2"", ""QacR/Q2"", ""BetI/E1"", ""PsrA/R1"", ""PhlF/P2"", ""SrpR/S4""]","[1, 4, 15, 2, 13, 11, 19]"
1408b6bc,0x3C,7,A1,2,20000000,35,22,9.135619897607326,0.821782112121582,-0.03600495966425369,0.4716672599315643,0,1276893,8.221905972398424,0.7474539279937744,"[""PhlF/P2"", ""PsrA/R1"", ""BM3R1/B3"", ""BetI/E1"", ""SrpR/S4"", ""AmtR/A1"", ""QacR/Q2""]","[11, 13, 5, 2, 19, 1, 15]",0,1276893,8.221905972398424,0.7474539279937744,"[""PhlF/P2"", ""PsrA/R1"", ""BM3R1/B3"", ""BetI/E1"", ""SrpR/S4"", ""AmtR/A1"", ""QacR/Q2""]","[11, 13, 5, 2, 19, 1, 15]",0,1276893,8.221905972398424,0.7474539279937744,"[""PhlF/P2"", ""PsrA/R1"", ""BM3R1/B3"", ""BetI/E1"", ""SrpR/S4"", ""AmtR/A1"", ""QacR/Q2""]","[11, 13, 5, 2, 19, 1, 15]"
143b51d3,0x3C,7,A1,2,20000000,40,17,8.296356549368385,0.8176325559616089,-0.10591257603376494,0.6019765734672546,1,927117,6.0703948313257285,0.7457568049430847,"[""AmtR/A1"", ""BM3R1/B3"", ""PsrA/R1"", ""SrpR/S4"", ""QacR/Q2"", ""BetI/E1"", ""PhlF/P2""]","[1, 5, 13, 19, 15, 2, 11]",1,927117,6.0703948313257285,0.7457568049430847,"[""AmtR/A1"", ""BM3R1/B3"", ""PsrA/R1"", ""SrpR/S4"", ""QacR/Q2"", ""BetI/E1"", ""PhlF/P2""]","[1, 5, 13, 19, 15, 2, 11]",1,927117,6.0703948313257285,0.7457568049430847,"[""AmtR/A1"", ""BM3R1/B3"", ""PsrA/R1"", ""SrpR/S4"", ""QacR/Q2"", ""BetI/E1"", ""PhlF/P2""]","[1, 5, 13, 19, 15, 2, 11]"
01276479,0x2C,6,A1,1,8739360,21,21,6.995604485536288,0.8074932098388672,-0.03594183534073245,0.5870262384414673,0,7624599,6.074974723385911,0.7520380020141602,"[""QacR/Q2"", ""SrpR/S4"", ""BetI/E1"", ""BM3R1/B3"", ""AmtR/A1"", ""PhlF/P2""]","[15, 19, 2, 5, 1, 11]",0,7624599,6.074974723385911,0.7520380020141602,"[""QacR/Q2"", ""SrpR/S4"", ""BetI/E1"", ""BM3R1/B3"", ""AmtR/A1"", ""PhlF/P2""]","[15, 19, 2, 5, 1, 11]",0,7624599,6.074974723385911,0.7520380020141602,"[""QacR/Q2"", ""SrpR/S4"", ""BetI/E1"", ""BM3R1/B3"", ""AmtR/A1"", ""PhlF/P2""]","[15, 19, 2, 5, 1, 11]"
0d5b01b1,0x2C,6,A1,1,8739360,24,24,8.06386869069557,0.8284171223640442,-0.11068292792467872,0.442577064037323,0,5573037,6.649328330466611,0.7832027077674866,"[""PhlF/P2"", ""BetI/E1"", ""QacR/Q2"", ""BM3R1/B2"", ""AmtR/A1"", ""SrpR/S4""]","[11, 2, 15, 4, 1, 19]",0,5573037,6.649328330466611,0.7832027077674866,"[""PhlF/P2"", ""BetI/E1"", ""QacR/Q2"", ""BM3R1/B2"", ""AmtR/A1"", ""SrpR/S4""]","[11, 2, 15, 4, 1, 19]",0,5573037,6.649328330466611,0.7832027077674866,"[""PhlF/P2"", ""BetI/E1"", ""QacR/Q2"", ""BM3R1/B2"", ""AmtR/A1"", ""SrpR/S4""]","[11, 2, 15, 4, 1, 19]"
1323c479,0x2C,6,A1,1,8739360,22,22,7.021831254395842,0.832525372505188,-0.0485313594016226,0.6157011389732361,0,7624599,6.1975126299554,0.7600349187850952,"[""QacR/Q2"", ""SrpR/S4"", ""BetI/E1"", ""BM3R1/B3"", ""AmtR/A1"", ""PhlF/P2""]","[15, 19, 2, 5, 1, 11]",0,7624599,6.1975126299554,0.7600349187850952,"[""QacR/Q2"", ""SrpR/S4"", ""BetI/E1"", ""BM3R1/B3"", ""AmtR/A1"", ""PhlF/P2""]","[15, 19, 2, 5, 1, 11]",0,7624599,6.1975126299554,0.7600349187850952,"[""QacR/Q2"", ""SrpR/S4"", ""BetI/E1"", ""BM3R1/B3"", ""AmtR/A1"", ""PhlF/P2""]","[15, 19, 2, 5, 1, 11]"
27c9f7d8,0x2C,6,A1,1,8739360,29,29,7.5540801031706994,0.8260893821716309,-0.8722734103067091,0.4350582957267761,0,1324392,7.275318191678638,0.7037205100059509,"[""BetI/E1"", ""BM3R1/B3"", ""AmtR/A1"", ""SrpR/S4"", ""QacR/Q1"", ""PhlF/P2""]","[2, 5, 1, 19, 14, 11]",0,1324197,5.916133130272701,0.7625155448913574,"[""BetI/E1"", ""BM3R1/B3"", ""AmtR/A1"", ""SrpR/S2"", ""QacR/Q2"", ""PhlF/P2""]","[2, 5, 1, 17, 15, 11]",0,1324197,5.916133130272701,0.7625155448913574,"[""BetI/E1"", ""BM3R1/B3"", ""AmtR/A1"", ""SrpR/S2"", ""QacR/Q2"", ""PhlF/P2""]","[2, 5, 1, 17, 15, 11]"
27d8c27d,0x2C,6,A1,1,8739360,22,22,7.850903407326564,0.8436219096183777,-2.0172798397284963,0.6282121539115906,0,5596326,6.9091899360423366,0.7704840302467346,"[""PhlF/P2"", ""BM3R1/B2"", ""AmtR/A1"", ""SrpR/S4"", ""QacR/Q2"", ""BetI/E1""]","[11, 4, 1, 19, 15, 2]",0,5596326,6.9091899360423366,0.7704840302467346,"[""PhlF/P2"", ""BM3R1/B2"", ""AmtR/A1"", ""SrpR/S4"", ""QacR/Q2"", ""BetI/E1""]","[11, 4, 1, 19, 15, 2]",0,1234661,5.341296886920369,0.7993337512016296,"[""BetI/E1"", ""AmtR/A1"", ""BM3R1/B2"", ""SrpR/S4"", ""PhlF/P2"", ""QacR/Q2""]","[2, 1, 4, 19, 11, 15]"
0a4ff245,0x2C,7,A1,1,10000000,21,21,6.6336812872092175,0.8167887926101685,-0.03636330425263728,0.4124260544776916,0,3300227,5.971916424445437,0.746834397315979,"[""BM3R1/B2"", ""BetI/E1"", ""PhlF/P2"", ""AmtR/A1"", ""QacR/Q2"", ""SrpR/S4"", ""PsrA/R1""]","[4, 2, 11, 1, 15, 19, 13]",0,3300227,5.971916424445437,0.746834397315979,"[""BM3R1/B2"", ""BetI/E1"", ""PhlF/P2"", ""AmtR/A1"", ""QacR/Q2"", ""SrpR/S4"", ""PsrA/R1""]","[4, 2, 11, 1, 15, 19, 13]",0,3300227,5.971916424445437,0.746834397315979,"[""BM3R1/B2"", ""BetI/E1"", ""PhlF/P2"", ""AmtR/A1"", ""QacR/Q2"", ""SrpR/S4"", ""PsrA/R1""]","[4, 2, 11, 1, 15, 19, 13]"
0ed03332,0x2C,7,A1,1,10000000,15,15,6.749977319005497,0.7960560321807861,-0.5169446979010859,0.5720928311347961,0,8778474,5.761973794539064,0.7525675892829895,"[""BM3R1/B2"", ""BetI/E1"", ""PsrA/R1"", ""SrpR/S4"", ""QacR/Q2"", ""PhlF/P2"", ""AmtR/A1""]","[4, 2, 13, 19, 15, 11, 1]",0,8778474,5.761973794539064,0.7525675892829895,"[""BM3R1/B2"", ""BetI/E1"", ""PsrA/R1"", ""SrpR/S4"", ""QacR/Q2"", ""PhlF/P2"", ""AmtR/A1""]","[4, 2, 13, 19, 15, 11, 1]",0,8778474,5.761973794539064,0.7525675892829895,"[""BM3R1/B2"", ""BetI/E1"", ""PsrA/R1"", ""SrpR/S4"", ""QacR/Q2"", ""PhlF/P2"", ""AmtR/A1""]","[4, 2, 13, 19, 15, 11, 1]"
0ff5e006,0x2C,7,A1,1,10000000,19,19,8.068038720633066,0.7796126008033752,-0.16572416974832924,0.5742929577827454,0,6929775,5.889953313375659,0.7350456118583679,"[""PhlF/P2"", ""BM3R1/B3"", ""PsrA/R1"", ""AmtR/A1"", ""BetI/E1"", ""QacR/Q2"", ""SrpR/S4""]","[11, 5, 13, 1, 2, 15, 19]",0,6929775,5.889953313375659,0.7350456118583679,"[""PhlF/P2"", ""BM3R1/B3"", ""PsrA/R1"", ""AmtR/A1"", ""BetI/E1"", ""QacR/Q2"", ""SrpR/S4""]","[11, 5, 13, 1, 2, 15, 19]",0,6929775,5.889953313375659,0.7350456118583679,"[""PhlF/P2"", ""BM3R1/B3"", ""PsrA/R1"", ""AmtR/A1"", ""BetI/E1"", ""QacR/Q2"", ""SrpR/S4""]","[11, 5, 13, 1, 2, 15, 19]"
161d9514,0x2C,7,A1,1,10000000,16,16,6.537173246400389,0.8260133862495422,-0.8201203632042391,0.4316649138927459,0,5143123,5.5248281496827865,0.771281898021698,"[""BM3R1/B3"", ""AmtR/A1"", ""QacR/Q2"", ""SrpR/S4"", ""BetI/E1"", ""PsrA/R1"", ""PhlF/P2""]","[5, 1, 15, 19, 2, 13, 11]",0,5143123,5.5248281496827865,0.771281898021698,"[""BM3R1/B3"", ""AmtR/A1"", ""QacR/Q2"", ""SrpR/S4"", ""BetI/E1"", ""PsrA/R1"", ""PhlF/P2""]","[5, 1, 15, 19, 2, 13, 11]",0,5143123,5.5248281496827865,0.771281898021698,"[""BM3R1/B3"", ""AmtR/A1"", ""QacR/Q2"", ""SrpR/S4"", ""BetI/E1"", ""PsrA/R1"", ""PhlF/P2""]","[5, 1, 15, 19, 2, 13, 11]"
187bbd1c,0x2C,7,A1,1,10000000,24,24,8.734499182086939,0.8072977066040039,-0.004522485523822452,0.4154016077518463,0,705688,7.958059345428013,0.7276960611343384,"[""PhlF/P2"", ""AmtR/A1"", ""PsrA/R1"", ""SrpR/S4"", ""BM3R1/B3"", ""BetI/E1"", ""QacR/Q2""]","[11, 1, 13, 19, 5, 2, 15]",0,705688,7.958059345428013,0.7276960611343384,"[""PhlF/P2"", ""AmtR/A1"", ""PsrA/R1"", ""SrpR/S4"", ""BM3R1/B3"", ""BetI/E1"", ""QacR/Q2""]","[11, 1, 13, 19, 5, 2, 15]",0,705688,7.958059345428013,0.7276960611343384,"[""PhlF/P2"", ""AmtR/A1"", ""PsrA/R1"", ""SrpR/S4"", ""BM3R1/B3"", ""BetI/E1"", ""QacR/Q2""]","[11, 1, 13, 19, 5, 2, 15]"
001e156f,0x03,4,A1,2,149472,37,18,10.475795637102765,0.9636063575744628,1.7803707558238828,0.7718247771263123,0,48000,8.775312379585523,0.8922125697135925,"[""PhlF/P2"", ""SrpR/S4"", ""BetI/E1"", ""BM3R1/B3""]","[11, 19, 2, 5]",0,48000,8.775312379585523,0.8922125697135925,"[""PhlF/P2"", ""SrpR/S4"", ""BetI/E1"", ""BM3R1/B3""]","[11, 19, 2, 5]",0,48000,8.775312379585523,0.8922125697135925,"[""PhlF/P2"", ""SrpR/S4"", ""BetI/E1"", ""BM3R1/B3""]","[11, 19, 2, 5]"
019e39ef,0x03,4,A1,2,149472,41,21,10.406122203978946,0.940784513950348,4.086496501254396,0.6953684091567993,1,45530,9.891933852551896,0.8166779279708862,"[""PhlF/P2"", ""BetI/E1"", ""SrpR/S4"", ""BM3R1/B1""]","[11, 2, 19, 3]",0,48000,8.597683075852851,0.8536455631256104,"[""PhlF/P2"", ""SrpR/S4"", ""BetI/E1"", ""BM3R1/B3""]","[11, 19, 2, 5]",0,48000,8.597683075852851,0.8536455631256104,"[""PhlF/P2"", ""SrpR/S4"", ""BetI/E1"", ""BM3R1/B3""]","[11, 19, 2, 5]"
2f0ee7b4,0x03,4,A1,1,74736,17,17,9.92493878288706,0.8852760195732117,0.6609016288172481,0.6388839483261108,1,45482,9.04868492204986,0.8557989001274109,"[""PhlF/P2"", ""BetI/E1"", ""QacR/Q2"", ""BM3R1/B3""]","[11, 2, 15, 5]",1,45482,9.04868492204986,0.8557989001274109,"[""PhlF/P2"", ""BetI/E1"", ""QacR/Q2"", ""BM3R1/B3""]","[11, 2, 15, 5]",1,45482,9.04868492204986,0.8557989001274109,"[""PhlF/P2"", ""BetI/E1"", ""QacR/Q2"", ""BM3R1/B3""]","[11, 2, 15, 5]"
68236200,0x03,4,A2,2,149472,42,21,10.3554214043701,0.92294180393219,0.08862942350178352,0.7366962432861328,1,11899,8.770948947606048,0.8561496734619141,"[""BetI/E1"", ""PhlF/P2"", ""SrpR/S4"", ""QacR/Q2""]","[2, 11, 19, 15]",1,62423,8.543612914200295,0.8598579168319702,"[""QacR/Q2"", ""PhlF/P2"", ""SrpR/S4"", ""BetI/E1""]","[15, 11, 19, 2]",1,62423,8.543612914200295,0.8598579168319702,"[""QacR/Q2"", ""PhlF/P2"", ""SrpR/S4"", ""BetI/E1""]","[15, 11, 19, 2]"
7868634e,0x03,4,A1,2,149472,39,20,10.534225809902242,0.9880783557891846,2.496174648629258,0.7653583288192749,1,48113,8.218863989000178,0.9217513203620912,"[""PhlF/P2"", ""SrpR/S4"", ""QacR/Q2"", ""BM3R1/B2""]","[11, 19, 15, 4]",1,48113,8.218863989000178,0.9217513203620912,"[""PhlF/P2"", ""SrpR/S4"", ""QacR/Q2"", ""BM3R1/B2""]","[11, 19, 15, 4]",1,48113,8.218863989000178,0.9217513203620912,"[""PhlF/P2"", ""SrpR/S4"", ""QacR/Q2"", ""BM3R1/B2""]","[11, 19, 15, 4]"
009fd716,0x03,5,A1,2,1751040,65,37,10.526979373038076,0.8994846343994141,0.010821735337768987,0.6129634380340576,1,112406,9.399548617251401,0.8424556255340576,"[""AmtR/A1"", ""SrpR/S4"", ""PhlF/P2"", ""QacR/Q2"", ""BM3R1/B3""]","[1, 19, 11, 15, 5]",1,755192,8.969326967624857,0.8539943695068359,"[""QacR/Q2"", ""SrpR/S4"", ""PhlF/P2"", ""BetI/E1"", ""BM3R1/B3""]","[15, 19, 11, 2, 5]",1,755192,8.969326967624857,0.8539943695068359,"[""QacR/Q2"", ""SrpR/S4"", ""PhlF/P2"", ""BetI/E1"", ""BM3R1/B3""]","[15, 19, 11, 2, 5]"
01160282,0x03,5,A1,1,875520,21,21,10.697593218409766,0.8522118330001831,-0.056182616844790034,0.720262885093689,0,546312,9.879223132153632,0.8338112831115723,"[""PhlF/P2"", ""BetI/E1"", ""SrpR/S2"", ""BM3R1/B3"", ""QacR/Q2""]","[11, 2, 17, 5, 15]",0,546312,9.879223132153632,0.8338112831115723,"[""PhlF/P2"", ""BetI/E1"", ""SrpR/S2"", ""BM3R1/B3"", ""QacR/Q2""]","[11, 2, 17, 5, 15]",0,546312,9.879223132153632,0.8338112831115723,"[""PhlF/P2"", ""BetI/E1"", ""SrpR/S2"", ""BM3R1/B3"", ""QacR/Q2""]","[11, 2, 17, 5, 15]"
05bb7f91,0x03,5,A2,2,1751040,49,24,10.467714495521216,0.9437541365623474,0.10428824788605529,0.7221397161483765,1,548753,8.69462378173152,0.8598816990852356,"[""PhlF/P2"", ""BM3R1/B2"", ""BetI/E1"", ""QacR/Q2"", ""SrpR/S4""]","[11, 4, 2, 15, 19]",1,548753,8.69462378173152,0.8598816990852356,"[""PhlF/P2"", ""BM3R1/B2"", ""BetI/E1"", ""QacR/Q2"", ""SrpR/S4""]","[11, 4, 2, 15, 19]",1,548753,8.69462378173152,0.8598816990852356,"[""PhlF/P2"", ""BM3R1/B2"", ""BetI/E1"", ""QacR/Q2"", ""SrpR/S4""]","[11, 4, 2, 15, 19]"
081a8405,0x03,5,A1,2,1751040,73,40,10.473468811121297,0.9352959394454956,0.74567883701215,0.6027935147285461,1,548744,8.23031485141662,0.8843820095062256,"[""PhlF/P2"", ""BM3R1/B2"", ""BetI/E1"", ""QacR/Q2"", ""AmtR/A1""]","[11, 4, 2, 15, 1]",1,548744,8.23031485141662,0.8843820095062256,"[""PhlF/P2"", ""BM3R1/B2"", ""BetI/E1"", ""QacR/Q2"", ""AmtR/A1""]","[11, 4, 2, 15, 1]",1,548744,8.23031485141662,0.8843820095062256,"[""PhlF/P2"", ""BM3R1/B2"", ""BetI/E1"", ""QacR/Q2"", ""AmtR/A1""]","[11, 4, 2, 15, 1]"
0899c0ab,0x03,5,A1,2,1751040,49,33,10.680116640509935,0.9162145256996156,0.8441700561861072,0.5189063549041748,1,568840,9.98977014699373,0.8516499400138855,"[""PhlF/P2"", ""QacR/Q2"", ""SrpR/S4"", ""BM3R1/B3"", ""BetI/E1""]","[11, 15, 19, 5, 2]",1,568840,9.98977014699373,0.8516499400138855,"[""PhlF/P2"", ""QacR/Q2"", ""SrpR/S4"", ""BM3R1/B3"", ""BetI/E1""]","[11, 15, 19, 5, 2]",1,568840,9.98977014699373,0.8516499400138855,"[""PhlF/P2"", ""QacR/Q2"", ""SrpR/S4"", ""BM3R1/B3"", ""BetI/E1""]","[11, 15, 19, 5, 2]"
0055f301,0x03,6,A1,2,17478720,51,30,11.090349260409617,0.8813962936401367,0.666532406592498,0.5945560932159424,0,5560689,10.944673729082915,0.797184944152832,"[""PhlF/P2"", ""BetI/E1"", ""BM3R1/B3"", ""QacR/Q2"", ""PsrA/R1"", ""SrpR/S4""]","[11, 2, 5, 15, 13, 19]",0,5533061,10.067423692343134,0.8201428651809692,"[""PhlF/P2"", ""AmtR/A1"", ""BM3R1/B2"", ""BetI/E1"", ""QacR/Q2"", ""SrpR/S4""]","[11, 1, 4, 2, 15, 19]",0,5559899,9.755285325986282,0.8259364366531372,"[""PhlF/P2"", ""BetI/E1"", ""BM3R1/B3"", ""AmtR/A1"", ""QacR/Q2"", ""SrpR/S4""]","[11, 2, 5, 1, 15, 19]"
01d6c96b,0x03,6,A1,2,17478720,31,12,10.512925240148324,0.8792974948883057,0.007102911872534139,0.7052748203277588,1,5839163,7.857467944900373,0.8322126865386963,"[""PhlF/P2"", ""SrpR/S4"", ""QacR/Q2"", ""BM3R1/B2"", ""BetI/E1"", ""AmtR/A1""]","[11, 19, 15, 4, 2, 1]",1,5839163,7.857467944900373,0.8322126865386963,"[""PhlF/P2"", ""SrpR/S4"", ""QacR/Q2"", ""BM3R1/B2"", ""BetI/E1"", ""AmtR/A1""]","[11, 19, 15, 4, 2, 1]",1,5839163,7.857467944900373,0.8322126865386963,"[""PhlF/P2"", ""SrpR/S4"", ""QacR/Q2"", ""BM3R1/B2"", ""BetI/E1"", ""AmtR/A1""]","[11, 19, 15, 4, 2, 1]"
0290090c,0x03,6,A1,2,17478720,69,32,10.351726877726222,0.911032259464264,1.7776188291514288,0.4525104165077209,1,2725818,10.249526825647537,0.7744824886322021,"[""BM3R1/B3"", ""QacR/Q2"", ""AmtR/A1"", ""PhlF/P2"", ""BetI/E1"", ""SrpR/S1""]","[5, 15, 1, 11, 2, 16]",1,2725818,10.249526825647537,0.7744824886322021,"[""BM3R1/B3"", ""QacR/Q2"", ""AmtR/A1"", ""PhlF/P2"", ""BetI/E1"", ""SrpR/S1""]","[5, 15, 1, 11, 2, 16]",1,1694170,9.485868116292988,0.806226372718811,"[""BetI/E1"", ""QacR/Q2"", ""SrpR/S4"", ""PhlF/P2"", ""AmtR/A1"", ""BM3R1/B1""]","[2, 15, 19, 11, 1, 3]"
029bd500,0x03,6,A1,2,17478720,45,23,10.388827033710015,0.8465461134910583,5.452625464056681,0.5331955552101135,0,5786687,10.290320115891518,0.7548303604125977,"[""PhlF/P2"", ""QacR/Q2"", ""SrpR/S1"", ""AmtR/A1"", ""BetI/E1"", ""BM3R1/B2""]","[11, 15, 16, 1, 2, 4]",0,5735763,9.705057647344796,0.7903414368629456,"[""PhlF/P2"", ""PsrA/R1"", ""BM3R1/B3"", ""QacR/Q2"", ""SrpR/S4"", ""BetI/E1""]","[11, 13, 5, 15, 19, 2]",0,5735763,9.705057647344796,0.7903414368629456,"[""PhlF/P2"", ""PsrA/R1"", ""BM3R1/B3"", ""QacR/Q2"", ""SrpR/S4"", ""BetI/E1""]","[11, 13, 5, 15, 19, 2]"
040614cc,0x03,6,A1,1,8739360,24,24,10.270862902943495,0.8916414976119995,0.2672620457253348,0.6292686462402344,0,5777940,9.616470321155411,0.8263050317764282,"[""PhlF/P2"", ""QacR/Q2"", ""BM3R1/B3"", ""HlyIIR/H1"", ""LitR/L1"", ""BetI/E1""]","[11, 15, 5, 6, 8, 2]",0,5777940,9.616470321155411,0.8263050317764282,"[""PhlF/P2"", ""QacR/Q2"", ""BM3R1/B3"", ""HlyIIR/H1"", ""LitR/L1"", ""BetI/E1""]","[11, 15, 5, 6, 8, 2]",0,5777940,9.616470321155411,0.8263050317764282,"[""PhlF/P2"", ""QacR/Q2"", ""BM3R1/B3"", ""HlyIIR/H1"", ""LitR/L1"", ""BetI/E1""]","[11, 15, 5, 6, 8, 2]"
002e324d,0x03,7,A1,2,20000000,51,29,10.90335452165937,0.875752329826355,0.0031476299270142014,0.5784443616867065,1,4826935,10.585429644617362,0.761893630027771,"[""PhlF/P2"", ""BetI/E1"", ""PsrA/R1"", ""AmtR/A1"", ""BM3R1/B3"", ""SrpR/S2"", ""QacR/Q2""]","[11, 2, 13, 1, 5, 17, 15]",1,4826935,10.585429644617362,0.761893630027771,"[""PhlF/P2"", ""BetI/E1"", ""PsrA/R1"", ""AmtR/A1"", ""BM3R1/B3"", ""SrpR/S2"", ""QacR/Q2""]","[11, 2, 13, 1, 5, 17, 15]",1,9399380,9.58460725548586,0.7760820388793945,"[""PhlF/P2"", ""BetI/E1"", ""PsrA/R1"", ""QacR/Q2"", ""BM3R1/B2"", ""AmtR/A1"", ""SrpR/S4""]","[11, 2, 13, 15, 4, 1, 19]"
0043547c,0x03,7,A1,2,20000000,51,25,11.199629215154669,0.8868749141693115,-0.10568568161153465,0.5804006457328796,0,7987817,9.86474129525852,0.7691099047660828,"[""BetI/E1"", ""PhlF/P2"", ""BM3R1/B2"", ""QacR/Q2"", ""AmtR/A1"", ""SrpR/S4"", ""PsrA/R1""]","[2, 11, 4, 15, 1, 19, 13]",0,7987817,9.86474129525852,0.7691099047660828,"[""BetI/E1"", ""PhlF/P2"", ""BM3R1/B2"", ""QacR/Q2"", ""AmtR/A1"", ""SrpR/S4"", ""PsrA/R1""]","[2, 11, 4, 15, 1, 19, 13]",0,7987817,9.86474129525852,0.7691099047660828,"[""BetI/E1"", ""PhlF/P2"", ""BM3R1/B2"", ""QacR/Q2"", ""AmtR/A1"", ""SrpR/S4"", ""PsrA/R1""]","[2, 11, 4, 15, 1, 19, 13]"
0051bf46,0x03,7,A1,1,10000000,28,28,10.362175134054898,0.7951961159706116,1.151905489989149,0.4611978232860565,0,5878026,9.245149221039558,0.7487600445747375,"[""PsrA/R1"", ""BM3R1/B2"", ""PhlF/P2"", ""BetI/E1"", ""LitR/L1"", ""QacR/Q2"", ""SrpR/S4""]","[13, 4, 11, 2, 8, 15, 19]",0,5878026,9.245149221039558,0.7487600445747375,"[""PsrA/R1"", ""BM3R1/B2"", ""PhlF/P2"", ""BetI/E1"", ""LitR/L1"", ""QacR/Q2"", ""SrpR/S4""]","[13, 4, 11, 2, 8, 15, 19]",0,5878026,9.245149221039558,0.7487600445747375,"[""PsrA/R1"", ""BM3R1/B2"", ""PhlF/P2"", ""BetI/E1"", ""LitR/L1"", ""QacR/Q2"", ""SrpR/S4""]","[13, 4, 11, 2, 8, 15, 19]"
00d368d4,0x03,7,A1,2,20000000,53,32,10.99775542908335,0.8506829142570496,-1.8890149707959203,0.4195659160614013,1,856559,9.36756605679917,0.7427914142608643,"[""BetI/E1"", ""PsrA/R1"", ""BM3R1/B3"", ""PhlF/P2"", ""SrpR/S4"", ""QacR/Q2"", ""AmtR/A1""]","[2, 13, 5, 11, 19, 15, 1]",1,856559,9.36756605679917,0.7427914142608643,"[""BetI/E1"", ""PsrA/R1"", ""BM3R1/B3"", ""PhlF/P2"", ""SrpR/S4"", ""QacR/Q2"", ""AmtR/A1""]","[2, 13, 5, 11, 19, 15, 1]",1,856559,9.36756605679917,0.7427914142608643,"[""BetI/E1"", ""PsrA/R1"", ""BM3R1/B3"", ""PhlF/P2"", ""SrpR/S4"", ""QacR/Q2"", ""AmtR/A1""]","[2, 13, 5, 11, 19, 15, 1]"
00db8011,0x03,7,A1,2,20000000,41,24,10.451936503603159,0.8418671488761902,0.007602035065160585,0.601483941078186,0,9750277,8.318891953914774,0.7733575701713562,"[""PhlF/P2"", ""BM3R1/B2"", ""PsrA/R1"", ""BetI/E1"", ""AmtR/A1"", ""QacR/Q2"", ""SrpR/S4""]","[11, 4, 13, 2, 1, 15, 19]",0,9750277,8.318891953914774,0.7733575701713562,"[""PhlF/P2"", ""BM3R1/B2"", ""PsrA/R1"", ""BetI/E1"", ""AmtR/A1"", ""QacR/Q2"", ""SrpR/S4""]","[11, 4, 13, 2, 1, 15, 19]",0,9750277,8.318891953914774,0.7733575701713562,"[""PhlF/P2"", ""BM3R1/B2"", ""PsrA/R1"", ""BetI/E1"", ""AmtR/A1"", ""QacR/Q2"", ""SrpR/S4""]","[11, 4, 13, 2, 1, 15, 19]"
00685be0,0x0F,5,A1,1,875520,23,23,10.479525202292452,0.8936106562614441,4.571374685966437,0.5932368636131287,0,146398,10.3335307302651,0.7624554634094238,"[""BetI/E1"", ""PhlF/P2"", ""BM3R1/B3"", ""QacR/Q2"", ""SrpR/S1""]","[2, 11, 5, 15, 16]",0,146398,10.3335307302651,0.7624554634094238,"[""BetI/E1"", ""PhlF/P2"", ""BM3R1/B3"", ""QacR/Q2"", ""SrpR/S1""]","[2, 11, 5, 15, 16]",0,867198,9.000825452516256,0.8002040386199951,"[""SrpR/S4"", ""PhlF/P2"", ""BetI/E1"", ""QacR/Q2"", ""BM3R1/B3""]","[19, 11, 2, 15, 5]"
02f0946b,0x0F,5,A1,2,1751040,63,34,10.583018245882984,0.8733748197555542,0.18426064172016832,0.5842114090919495,0,543944,9.604042792370134,0.7781862020492554,"[""PhlF/P2"", ""AmtR/A1"", ""SrpR/S4"", ""BetI/E1"", ""BM3R1/B1""]","[11, 1, 19, 2, 3]",0,543944,9.604042792370134,0.7781862020492554,"[""PhlF/P2"", ""AmtR/A1"", ""SrpR/S4"", ""BetI/E1"", ""BM3R1/B1""]","[11, 1, 19, 2, 3]",0,567274,8.14215973356145,0.8027856349945068,"[""PhlF/P2"", ""QacR/Q2"", ""BetI/E1"", ""SrpR/S2"", ""BM3R1/B3""]","[11, 15, 2, 17, 5]"
054e8a38,0x0F,5,A1,2,1751040,62,35,10.56697112295909,0.9071943759918212,6.207944930919479,0.5216904282569885,0,761732,9.859359897751219,0.7954293489456177,"[""SrpR/S1"", ""BetI/E1"", ""PsrA/R1"", ""BM3R1/B2"", ""PhlF/P2""]","[16, 2, 13, 4, 11]",0,761732,9.859359897751219,0.7954293489456177,"[""SrpR/S1"", ""BetI/E1"", ""PsrA/R1"", ""BM3R1/B2"", ""PhlF/P2""]","[16, 2, 13, 4, 11]",0,761732,9.859359897751219,0.7954293489456177,"[""SrpR/S1"", ""BetI/E1"", ""PsrA/R1"", ""BM3R1/B2"", ""PhlF/P2""]","[16, 2, 13, 4, 11]"
016fb08b,0x0F,6,A1,2,17478720,70,43,10.376923296459685,0.8695307374000549,4.414923255279756,0.4782080054283142,1,1560107,10.294549798278656,0.7290707230567932,"[""BetI/E1"", ""PhlF/P2"", ""SrpR/S1"", ""QacR/Q2"", ""AmtR/A1"", ""BM3R1/B2""]","[2, 11, 16, 15, 1, 4]",1,1560107,10.294549798278656,0.7290707230567932,"[""BetI/E1"", ""PhlF/P2"", ""SrpR/S1"", ""QacR/Q2"", ""AmtR/A1"", ""BM3R1/B2""]","[2, 11, 16, 15, 1, 4]",0,8666498,9.071123850759431,0.7649188041687012,"[""SrpR/S4"", ""PhlF/P2"", ""BM3R1/B3"", ""AmtR/A1"", ""QacR/Q2"", ""BetI/E1""]","[19, 11, 5, 1, 15, 2]"
026c6361,0x0F,6,A1,2,17478720,83,39,10.374460989547812,0.8834075331687927,2.5843171921704773,0.541630208492279,0,5574189,9.340943075617737,0.7986844778060913,"[""PhlF/P2"", ""BetI/E1"", ""QacR/Q2"", ""SrpR/S4"", ""BM3R1/B3"", ""AmtR/A1""]","[11, 2, 15, 19, 5, 1]",0,5574189,9.340943075617737,0.7986844778060913,"[""PhlF/P2"", ""BetI/E1"", ""QacR/Q2"", ""SrpR/S4"", ""BM3R1/B3"", ""AmtR/A1""]","[11, 2, 15, 19, 5, 1]",0,5574189,9.340943075617737,0.7986844778060913,"[""PhlF/P2"", ""BetI/E1"", ""QacR/Q2"", ""SrpR/S4"", ""BM3R1/B3"", ""AmtR/A1""]","[11, 2, 15, 19, 5, 1]"
00f7ae8d,0x0F,7,A1,2,20000000,36,18,12.49051256835714,0.8738794922828674,7.527269142828896,0.4768584668636322,1,6183026,12.192041873194016,0.770595371723175,"[""PhlF/P2"", ""HlyIIR/H1"", ""BetI/E1"", ""BM3R1/B2"", ""LitR/L1"", ""PsrA/R1"", ""QacR/Q2""]","[11, 6, 2, 4, 8, 13, 15]",1,6183026,12.192041873194016,0.770595371723175,"[""PhlF/P2"", ""HlyIIR/H1"", ""BetI/E1"", ""BM3R1/B2"", ""LitR/L1"", ""PsrA/R1"", ""QacR/Q2""]","[11, 6, 2, 4, 8, 13, 15]",1,1034390,11.940509948935594,0.7843243479728699,"[""PhlF/P2"", ""SrpR/S4"", ""AmtR/A1"", ""AmeR/F1"", ""BM3R1/B3"", ""QacR/Q2"", ""BetI/E1""]","[11, 19, 1, 0, 5, 15, 2]"
01ec5f09,0x0F,7,A1,1,10000000,29,29,10.434898221097727,0.8462522625923157,1.6280882691421246,0.5144935846328735,1,3333978,10.239873229234144,0.790589451789856,"[""PhlF/P2"", ""BetI/E1"", ""BM3R1/B2"", ""LitR/L1"", ""IcaRA/I1"", ""SrpR/S4"", ""QacR/Q2""]","[11, 2, 4, 8, 7, 19, 15]",1,3333978,10.239873229234144,0.790589451789856,"[""PhlF/P2"", ""BetI/E1"", ""BM3R1/B2"", ""LitR/L1"", ""IcaRA/I1"", ""SrpR/S4"", ""QacR/Q2""]","[11, 2, 4, 8, 7, 19, 15]",1,9641434,10.067108692403211,0.7938122153282166,"[""PhlF/P2"", ""BetI/E1"", ""BM3R1/B3"", ""LitR/L1"", ""AmtR/A1"", ""SrpR/S2"", ""QacR/Q2""]","[11, 2, 5, 8, 1, 17, 15]"
02ff08e5,0x0F,7,A1,2,20000000,53,37,11.221991351188821,0.8414710760116577,1.4811622152676913,0.4712478220462799,1,1553422,10.312604087129348,0.7497373223304749,"[""PhlF/P2"", ""BM3R1/B2"", ""PsrA/R1"", ""SrpR/S4"", ""AmtR/A1"", ""BetI/E1"", ""QacR/Q2""]","[11, 4, 13, 19, 1, 2, 15]",1,1553422,10.312604087129348,0.7497373223304749,"[""PhlF/P2"", ""BM3R1/B2"", ""PsrA/R1"", ""SrpR/S4"", ""AmtR/A1"", ""BetI/E1"", ""QacR/Q2""]","[11, 4, 13, 19, 1, 2, 15]",0,256598,9.695495193837536,0.762757420539856,"[""PhlF/P2"", ""BM3R1/B3"", ""QacR/Q2"", ""BetI/E1"", ""AmeR/F1"", ""SrpR/S4"", ""AmtR/A1""]","[11, 5, 15, 2, 0, 19, 1]"
045b97cd,0x0F,7,A1,2,20000000,34,17,12.550329930944162,0.8245758414268494,6.211728657972256,0.6741369962692261,0,9871661,11.467616121633199,0.7850354313850403,"[""PhlF/P2"", ""BM3R1/B2"", ""SrpR/S4"", ""PsrA/R1"", ""QacR/Q2"", ""AmtR/A1"", ""BetI/E1""]","[11, 4, 19, 13, 15, 1, 2]",0,9871661,11.467616121633199,0.7850354313850403,"[""PhlF/P2"", ""BM3R1/B2"", ""SrpR/S4"", ""PsrA/R1"", ""QacR/Q2"", ""AmtR/A1"", ""BetI/E1""]","[11, 4, 19, 13, 15, 1, 2]",0,9871661,11.467616121633199,0.7850354313850403,"[""PhlF/P2"", ""BM3R1/B2"", ""SrpR/S4"", ""PsrA/R1"", ""QacR/Q2"", ""AmtR/A1"", ""BetI/E1""]","[11, 4, 19, 13, 15, 1, 2]"
046dc60c,0x0F,7,A1,2,20000000,62,30,10.417710383836031,0.906253218650818,-0.3208932165802554,0.6769790053367615,1,4900883,8.170649134168432,0.8280739188194275,"[""BM3R1/B2"", ""PhlF/P2"", ""SrpR/S4"", ""IcaRA/I1"", ""LmrA/N1"", ""QacR/Q2"", ""AmtR/A1""]","[4, 11, 19, 7, 9, 15, 1]",1,4900883,8.170649134168432,0.8280739188194275,"[""BM3R1/B2"", ""PhlF/P2"", ""SrpR/S4"", ""IcaRA/I1"", ""LmrA/N1"", ""QacR/Q2"", ""AmtR/A1""]","[4, 11, 19, 7, 9, 15, 1]",1,4900883,8.170649134168432,0.8280739188194275,"[""BM3R1/B2"", ""PhlF/P2"", ""SrpR/S4"", ""IcaRA/I1"", ""LmrA/N1"", ""QacR/Q2"", ""AmtR/A1""]","[4, 11, 19, 7, 9, 15, 1]"
77634763,0x06,5,A1,2,1751040,38,23,8.904407507026862,0.8674038648605347,-0.0395571524586994,0.7069256901741028,0,546533,8.09356618248676,0.8029142022132874,"[""PhlF/P2"", ""BetI/E1"", ""SrpR/S4"", ""AmtR/A1"", ""QacR/Q2""]","[11, 2, 19, 1, 15]",1,568813,7.780614554814422,0.8083229064941406,"[""PhlF/P2"", ""QacR/Q2"", ""SrpR/S4"", ""BetI/E1"", ""AmtR/A1""]","[11, 15, 19, 2, 1]",1,568813,7.780614554814422,0.8083229064941406,"[""PhlF/P2"", ""QacR/Q2"", ""SrpR/S4"", ""BetI/E1"", ""AmtR/A1""]","[11, 15, 19, 2, 1]"
cedb356c,0x06,5,A1,2,1751040,57,29,6.265108086130164,0.8647682070732117,-2.0317195761972067,0.6438719630241394,0,63082,4.799190598714563,0.8286572098731995,"[""AmtR/A1"", ""BetI/E1"", ""QacR/Q2"", ""BM3R1/B2"", ""PhlF/P2""]","[1, 2, 15, 4, 11]",0,63082,4.799190598714563,0.8286572098731995,"[""AmtR/A1"", ""BetI/E1"", ""QacR/Q2"", ""BM3R1/B2"", ""PhlF/P2""]","[1, 2, 15, 4, 11]",0,63082,4.799190598714563,0.8286572098731995,"[""AmtR/A1"", ""BetI/E1"", ""QacR/Q2"", ""BM3R1/B2"", ""PhlF/P2""]","[1, 2, 15, 4, 11]"
15353008,0x06,6,A1,2,17478720,35,21,8.902933057039458,0.8361425995826721,-0.043688988167967235,0.4753525853157043,0,7511652,8.07745841923919,0.7907848954200745,"[""QacR/Q2"", ""PhlF/P2"", ""BM3R1/B3"", ""SrpR/S4"", ""AmtR/A1"", ""BetI/E1""]","[15, 11, 5, 19, 1, 2]",0,7511652,8.07745841923919,0.7907848954200745,"[""QacR/Q2"", ""PhlF/P2"", ""BM3R1/B3"", ""SrpR/S4"", ""AmtR/A1"", ""BetI/E1""]","[15, 11, 5, 19, 1, 2]",0,7511652,8.07745841923919,0.7907848954200745,"[""QacR/Q2"", ""PhlF/P2"", ""BM3R1/B3"", ""SrpR/S4"", ""AmtR/A1"", ""BetI/E1""]","[15, 11, 5, 19, 1, 2]"
364d8813,0x06,6,A1,1,8739360,19,19,8.24799442219493,0.8750309348106384,-0.8807751516440714,0.4896531105041504,0,5789313,7.798919670578047,0.7949306964874268,"[""PhlF/P2"", ""QacR/Q2"", ""SrpR/S4"", ""BetI/E1"", ""BM3R1/B3"", ""AmtR/A1""]","[11, 15, 19, 2, 5, 1]",0,5789313,7.798919670578047,0.7949306964874268,"[""PhlF/P2"", ""QacR/Q2"", ""SrpR/S4"", ""BetI/E1"", ""BM3R1/B3"", ""AmtR/A1""]","[11, 15, 19, 2, 5, 1]",0,5789313,7.798919670578047,0.7949306964874268,"[""PhlF/P2"", ""QacR/Q2"", ""SrpR/S4"", ""BetI/E1"", ""BM3R1/B3"", ""AmtR/A1""]","[11, 15, 19, 2, 5, 1]"
59849fd9,0x06,6,A1,2,17478720,27,20,9.367232630304526,0.8586899042129517,-0.5885234069077442,0.7763993144035339,0,5531041,8.876232894012317,0.8209027051925659,"[""PhlF/P2"", ""AmtR/A1"", ""BetI/E1"", ""QacR/Q2"", ""BM3R1/B2"", ""SrpR/S4""]","[11, 1, 2, 15, 4, 19]",0,5531041,8.876232894012317,0.8209027051925659,"[""PhlF/P2"", ""AmtR/A1"", ""BetI/E1"", ""QacR/Q2"", ""BM3R1/B2"", ""SrpR/S4""]","[11, 1, 2, 15, 4, 19]",0,5531041,8.876232894012317,0.8209027051925659,"[""PhlF/P2"", ""AmtR/A1"", ""BetI/E1"", ""QacR/Q2"", ""BM3R1/B2"", ""SrpR/S4""]","[11, 1, 2, 15, 4, 19]"
0012834e,0x06,7,A2,2,20000000,37,20,8.403755683007423,0.8119165301322937,0.05105074840285489,0.4742596745491028,0,8816224,7.755965366940217,0.7027720808982849,"[""PhlF/P2"", ""SrpR/S2"", ""BetI/E1"", ""PsrA/R1"", ""BM3R1/B3"", ""AmtR/A1"", ""QacR/Q2""]","[11, 17, 2, 13, 5, 1, 15]",0,8816224,7.755965366940217,0.7027720808982849,"[""PhlF/P2"", ""SrpR/S2"", ""BetI/E1"", ""PsrA/R1"", ""BM3R1/B3"", ""AmtR/A1"", ""QacR/Q2""]","[11, 17, 2, 13, 5, 1, 15]",0,6057831,6.051812336686694,0.7632965445518494,"[""PhlF/P2"", ""AmtR/A1"", ""BM3R1/B2"", ""SrpR/S4"", ""BetI/E1"", ""PsrA/R1"", ""QacR/Q2""]","[11, 1, 4, 19, 2, 13, 15]"
011f8a14,0x06,7,A2,2,20000000,35,19,9.060493918446229,0.7700625061988831,-0.029989981155524936,0.6979197859764099,0,3369597,-0.011956975564829749,0.7549058794975281,"[""SrpR/S4"", ""AmtR/A1"", ""PhlF/P1"", ""BM3R1/B2"", ""AmeR/F1"", ""QacR/Q2"", ""BetI/E1""]","[19, 1, 10, 4, 0, 15, 2]",1,4088231,5.5216895703135656,0.7369958758354187,"[""BetI/E1"", ""AmtR/A1"", ""PhlF/P2"", ""QacR/Q2"", ""BM3R1/B2"", ""SrpR/S4"", ""PsrA/R1""]","[2, 1, 11, 15, 4, 19, 13]",1,4088231,5.5216895703135656,0.7369958758354187,"[""BetI/E1"", ""AmtR/A1"", ""PhlF/P2"", ""QacR/Q2"", ""BM3R1/B2"", ""SrpR/S4"", ""PsrA/R1""]","[2, 1, 11, 15, 4, 19, 13]"
027ce22d,0x06,7,A2,2,20000000,38,13,8.808764196429147,0.8308191895484924,0.07920594280432275,0.4683449268341064,0,669933,7.863285282572956,0.7155596017837524,"[""PhlF/P2"", ""QacR/Q1"", ""PsrA/R1"", ""AmtR/A1"", ""BetI/E1"", ""SrpR/S4"", ""BM3R1/B2""]","[11, 14, 13, 1, 2, 19, 4]",1,9518436,7.120512222456253,0.7434222102165222,"[""PhlF/P2"", ""PsrA/R1"", ""QacR/Q2"", ""AmtR/A1"", ""BM3R1/B2"", ""BetI/E1"", ""SrpR/S4""]","[11, 13, 15, 1, 4, 2, 19]",1,9518436,7.120512222456253,0.7434222102165222,"[""PhlF/P2"", ""PsrA/R1"", ""QacR/Q2"", ""AmtR/A1"", ""BM3R1/B2"", ""BetI/E1"", ""SrpR/S4""]","[11, 13, 15, 1, 4, 2, 19]"
09d17748,0x06,7,A1,2,20000000,41,20,7.589813990720505,0.8162049651145935,-0.05488064660163507,0.3746201395988464,0,7514338,6.672138378928003,0.734440803527832,"[""PhlF/P2"", ""BM3R1/B2"", ""AmtR/A1"", ""PsrA/R1"", ""SrpR/S4"", ""QacR/Q2"", ""BetI/E1""]","[11, 4, 1, 13, 19, 15, 2]",0,7514338,6.672138378928003,0.734440803527832,"[""PhlF/P2"", ""BM3R1/B2"", ""AmtR/A1"", ""PsrA/R1"", ""SrpR/S4"", ""QacR/Q2"", ""BetI/E1""]","[11, 4, 1, 13, 19, 15, 2]",0,7514338,6.672138378928003,0.734440803527832,"[""PhlF/P2"", ""BM3R1/B2"", ""AmtR/A1"", ""PsrA/R1"", ""SrpR/S4"", ""QacR/Q2"", ""BetI/E1""]","[11, 4, 1, 13, 19, 15, 2]"
0204839c,0x07,4,A1,1,74736,22,22,6.954510948847314,0.9350631237030028,-2.7164816120023914,0.6533057689666748,0,17305,4.939119048463586,0.8722660541534424,"[""BM3R1/B2"", ""AmtR/A1"", ""QacR/Q2"", ""PhlF/P2""]","[4, 1, 15, 11]",0,17305,4.939119048463586,0.8722660541534424,"[""BM3R1/B2"", ""AmtR/A1"", ""QacR/Q2"", ""PhlF/P2""]","[4, 1, 15, 11]",0,17305,4.939119048463586,0.8722660541534424,"[""BM3R1/B2"", ""AmtR/A1"", ""QacR/Q2"", ""PhlF/P2""]","[4, 1, 15, 11]"
16db710e,0x07,4,A2,1,74736,14,14,6.553296837293248,0.9291532635688782,0.03583695114166268,0.676078736782074,0,8243,5.804104624105784,0.8780186176300049,"[""AmtR/A1"", ""QacR/Q2"", ""PhlF/P2"", ""BM3R1/B2""]","[1, 15, 11, 4]",0,8243,5.804104624105784,0.8780186176300049,"[""AmtR/A1"", ""QacR/Q2"", ""PhlF/P2"", ""BM3R1/B2""]","[1, 15, 11, 4]",0,8243,5.804104624105784,0.8780186176300049,"[""AmtR/A1"", ""QacR/Q2"", ""PhlF/P2"", ""BM3R1/B2""]","[1, 15, 11, 4]"
323dda67,0x07,4,A1,1,74736,18,18,7.416036845232326,0.9112064838409424,-0.024849996069359268,0.4602197408676147,0,8947,6.248758149618475,0.8486977219581604,"[""AmtR/A1"", ""SrpR/S4"", ""BetI/E1"", ""PhlF/P2""]","[1, 19, 2, 11]",0,8947,6.248758149618475,0.8486977219581604,"[""AmtR/A1"", ""SrpR/S4"", ""BetI/E1"", ""PhlF/P2""]","[1, 19, 2, 11]",0,8947,6.248758149618475,0.8486977219581604,"[""AmtR/A1"", ""SrpR/S4"", ""BetI/E1"", ""PhlF/P2""]","[1, 19, 2, 11]"
41ca0731,"[""0x07"", ""0x1B""]",4,A1,1,74736,33,33,6.799278755527605,0.9129369854927064,-0.43564196125057675,0.4786940515041351,1,72525,5.76602353941075,0.7986218333244324,"[""SrpR/S4"", ""BetI/E1"", ""QacR/Q2"", ""PhlF/P2""]","[19, 2, 15, 11]",1,72525,5.76602353941075,0.7986218333244324,"[""SrpR/S4"", ""BetI/E1"", ""QacR/Q2"", ""PhlF/P2""]","[19, 2, 15, 11]",1,72525,5.76602353941075,0.7986218333244324,"[""SrpR/S4"", ""BetI/E1"", ""QacR/Q2"", ""PhlF/P2""]","[19, 2, 15, 11]"
02c2394e,0x07,5,A1,1,875520,12,12,8.463487205051695,0.8546637892723083,0.017228443198248913,0.6837995648384094,1,854995,7.236443159520067,0.8206717371940613,"[""SrpR/S4"", ""BM3R1/B2"", ""QacR/Q2"", ""BetI/E1"", ""PhlF/P2""]","[19, 4, 15, 2, 11]",1,854995,7.236443159520067,0.8206717371940613,"[""SrpR/S4"", ""BM3R1/B2"", ""QacR/Q2"", ""BetI/E1"", ""PhlF/P2""]","[19, 4, 15, 2, 11]",1,854995,7.236443159520067,0.8206717371940613,"[""SrpR/S4"", ""BM3R1/B2"", ""QacR/Q2"", ""BetI/E1"", ""PhlF/P2""]","[19, 4, 15, 2, 11]"
0608bf36,0x07,5,A2,1,875520,17,17,9.605217476599442,0.8548298478126526,0.11272599552705143,0.7339918613433838,1,568832,9.344903360321725,0.8191778659820557,"[""PhlF/P2"", ""QacR/Q2"", ""SrpR/S4"", ""BM3R1/B2"", ""BetI/E1""]","[11, 15, 19, 4, 2]",1,568832,9.344903360321725,0.8191778659820557,"[""PhlF/P2"", ""QacR/Q2"", ""SrpR/S4"", ""BM3R1/B2"", ""BetI/E1""]","[11, 15, 19, 4, 2]",1,568832,9.344903360321725,0.8191778659820557,"[""PhlF/P2"", ""QacR/Q2"", ""SrpR/S4"", ""BM3R1/B2"", ""BetI/E1""]","[11, 15, 19, 4, 2]"
08fef3b6,0x07,5,A1,1,875520,27,27,7.151003528051084,0.8958745002746582,-1.2158257702062696,0.682549238204956,0,867318,5.549512429179284,0.8323569297790527,"[""SrpR/S4"", ""PhlF/P2"", ""BM3R1/B2"", ""BetI/E1"", ""QacR/Q2""]","[19, 11, 4, 2, 15]",0,867318,5.549512429179284,0.8323569297790527,"[""SrpR/S4"", ""PhlF/P2"", ""BM3R1/B2"", ""BetI/E1"", ""QacR/Q2""]","[19, 11, 4, 2, 15]",0,867311,5.318599903042128,0.8375465869903564,"[""SrpR/S4"", ""PhlF/P2"", ""BM3R1/B2"", ""BetI/E1"", ""AmtR/A1""]","[19, 11, 4, 2, 1]"
003c0fe1,0x07,6,A1,2,17478720,36,25,9.358423567499099,0.8990679383277893,0.017281293904434725,0.7283097505569458,1,5577805,8.61617672085628,0.809949517250061,"[""PhlF/P2"", ""BetI/E1"", ""SrpR/S4"", ""BM3R1/B2"", ""AmtR/A1"", ""QacR/Q2""]","[11, 2, 19, 4, 1, 15]",1,5829721,6.704755999174545,0.840094804763794,"[""PhlF/P2"", ""SrpR/S4"", ""BetI/E1"", ""BM3R1/B2"", ""AmtR/A1"", ""QacR/Q2""]","[11, 19, 2, 4, 1, 15]",1,5829721,6.704755999174545,0.840094804763794,"[""PhlF/P2"", ""SrpR/S4"", ""BetI/E1"", ""BM3R1/B2"", ""AmtR/A1"", ""QacR/Q2""]","[11, 19, 2, 4, 1, 15]"
078f63d3,0x07,6,A1,1,8739360,16,16,9.749848461740399,0.8755340576171875,0.03837113558090211,0.6560634970664978,0,5839034,9.483610997689304,0.7947995662689209,"[""PhlF/P2"", ""SrpR/S4"", ""QacR/Q2"", ""BetI/E1"", ""BM3R1/B2"", ""AmtR/A1""]","[11, 19, 15, 2, 4, 1]",0,5608261,7.7561636348811875,0.8269069790840149,"[""PhlF/P2"", ""BM3R1/B2"", ""SrpR/S4"", ""AmtR/A1"", ""BetI/E1"", ""QacR/Q2""]","[11, 4, 19, 1, 2, 15]",0,5608261,7.7561636348811875,0.8269069790840149,"[""PhlF/P2"", ""BM3R1/B2"", ""SrpR/S4"", ""AmtR/A1"", ""BetI/E1"", ""QacR/Q2""]","[11, 4, 19, 1, 2, 15]"
07c3b91a,0x07,6,A1,1,8739360,22,22,6.946995932656017,0.8839499354362488,-0.8023733913052467,0.6310259103775024,1,2156945,5.563874131526428,0.8292385339736938,"[""BM3R1/B2"", ""AmtR/A1"", ""PhlF/P2"", ""SrpR/S4"", ""BetI/E1"", ""QacR/Q2""]","[4, 1, 11, 19, 2, 15]",1,2156945,5.563874131526428,0.8292385339736938,"[""BM3R1/B2"", ""AmtR/A1"", ""PhlF/P2"", ""SrpR/S4"", ""BetI/E1"", ""QacR/Q2""]","[4, 1, 11, 19, 2, 15]",1,2156945,5.563874131526428,0.8292385339736938,"[""BM3R1/B2"", ""AmtR/A1"", ""PhlF/P2"", ""SrpR/S4"", ""BetI/E1"", ""QacR/Q2""]","[4, 1, 11, 19, 2, 15]"
089de4f9,0x07,6,A1,1,8739360,24,24,9.057694650710614,0.8319863677024841,0.12156007591010802,0.5352516770362854,0,715405,8.158359136939332,0.7841063141822815,"[""AmtR/A1"", ""BM3R1/B2"", ""PhlF/P2"", ""BetI/E1"", ""SrpR/S4"", ""QacR/Q2""]","[1, 4, 11, 2, 19, 15]",0,715405,8.158359136939332,0.7841063141822815,"[""AmtR/A1"", ""BM3R1/B2"", ""PhlF/P2"", ""BetI/E1"", ""SrpR/S4"", ""QacR/Q2""]","[1, 4, 11, 2, 19, 15]",0,715405,8.158359136939332,0.7841063141822815,"[""AmtR/A1"", ""BM3R1/B2"", ""PhlF/P2"", ""BetI/E1"", ""SrpR/S4"", ""QacR/Q2""]","[1, 4, 11, 2, 19, 15]"
00175049,0x07,7,A1,1,10000000,21,21,9.263161724704826,0.809434175491333,-0.007091822378961517,0.4022212922573089,0,3050939,8.82205962200574,0.695277750492096,"[""PhlF/P2"", ""BM3R1/B2"", ""QacR/Q2"", ""PsrA/R1"", ""AmtR/A1"", ""SrpR/S2"", ""BetI/E1""]","[11, 4, 15, 13, 1, 17, 2]",0,3050939,8.82205962200574,0.695277750492096,"[""PhlF/P2"", ""BM3R1/B2"", ""QacR/Q2"", ""PsrA/R1"", ""AmtR/A1"", ""SrpR/S2"", ""BetI/E1""]","[11, 4, 15, 13, 1, 17, 2]",0,4217357,8.169654695831028,0.7127665281295776,"[""PhlF/P2"", ""BM3R1/B3"", ""PsrA/R1"", ""AmtR/A1"", ""SrpR/S4"", ""QacR/Q2"", ""BetI/E1""]","[11, 5, 13, 1, 19, 15, 2]"
006bb422,0x07,7,A1,1,10000000,25,25,6.986294385985646,0.8293051719665527,-2.122152068127413,0.538250744342804,0,1101710,5.139728388527162,0.7664737701416016,"[""BM3R1/B2"", ""AmtR/A1"", ""SrpR/S2"", ""PhlF/P2"", ""QacR/Q2"", ""BetI/E1"", ""PsrA/R1""]","[4, 1, 17, 11, 15, 2, 13]",0,1101710,5.139728388527162,0.7664737701416016,"[""BM3R1/B2"", ""AmtR/A1"", ""SrpR/S2"", ""PhlF/P2"", ""QacR/Q2"", ""BetI/E1"", ""PsrA/R1""]","[4, 1, 17, 11, 15, 2, 13]",0,1101710,5.139728388527162,0.7664737701416016,"[""BM3R1/B2"", ""AmtR/A1"", ""SrpR/S2"", ""PhlF/P2"", ""QacR/Q2"", ""BetI/E1"", ""PsrA/R1""]","[4, 1, 17, 11, 15, 2, 13]"
018c9f36,0x07,7,A1,1,10000000,20,20,9.60662784675161,0.7950407266616821,-0.041442948192847606,0.6776078939437866,0,4159431,9.430351731414353,0.7412694692611694,"[""PhlF/P2"", ""SrpR/S4"", ""AmtR/A1"", ""BetI/E1"", ""PsrA/R1"", ""BM3R1/B2"", ""QacR/Q2""]","[11, 19, 1, 2, 13, 4, 15]",0,4159431,9.430351731414353,0.7412694692611694,"[""PhlF/P2"", ""SrpR/S4"", ""AmtR/A1"", ""BetI/E1"", ""PsrA/R1"", ""BM3R1/B2"", ""QacR/Q2""]","[11, 19, 1, 2, 13, 4, 15]",0,2783817,5.798602221595662,0.7752840518951416,"[""BM3R1/B2"", ""BetI/E1"", ""AmtR/A1"", ""SrpR/S4"", ""LitR/L1"", ""PhlF/P1"", ""QacR/Q2""]","[4, 2, 1, 19, 8, 10, 15]"
01a74816,0x07,7,A1,1,10000000,17,17,9.298281464945727,0.8213058710098267,-0.15856867681348039,0.5589529871940613,1,3847946,8.143402522144502,0.7430624961853027,"[""PhlF/P2"", ""AmtR/A1"", ""SrpR/S4"", ""PsrA/R1"", ""QacR/Q2"", ""BM3R1/B2"", ""BetI/E1""]","[11, 1, 19, 13, 15, 4, 2]",1,3847946,8.143402522144502,0.7430624961853027,"[""PhlF/P2"", ""AmtR/A1"", ""SrpR/S4"", ""PsrA/R1"", ""QacR/Q2"", ""BM3R1/B2"", ""BetI/E1""]","[11, 1, 19, 13, 15, 4, 2]",1,3847946,8.143402522144502,0.7430624961853027,"[""PhlF/P2"", ""AmtR/A1"", ""SrpR/S4"", ""PsrA/R1"", ""QacR/Q2"", ""BM3R1/B2"", ""BetI/E1""]","[11, 1, 19, 13, 15, 4, 2]"
01c4e3b3,0x07,7,A1,1,10000000,28,28,7.482878103752005,0.8285424709320068,-2.098880009720359,0.4140977263450622,1,1610739,6.038064802719037,0.7445329427719116,"[""BM3R1/B2"", ""AmtR/A1"", ""SrpR/S2"", ""PhlF/P2"", ""QacR/Q2"", ""BetI/E1"", ""PsrA/R1""]","[4, 1, 17, 11, 15, 2, 13]",1,1610739,6.038064802719037,0.7445329427719116,"[""BM3R1/B2"", ""AmtR/A1"", ""SrpR/S2"", ""PhlF/P2"", ""QacR/Q2"", ""BetI/E1"", ""PsrA/R1""]","[4, 1, 17, 11, 15, 2, 13]",1,1610739,6.038064802719037,0.7445329427719116,"[""BM3R1/B2"", ""AmtR/A1"", ""SrpR/S2"", ""PhlF/P2"", ""QacR/Q2"", ""BetI/E1"", ""PsrA/R1""]","[4, 1, 17, 11, 15, 2, 13]"
8f5136c1,0x71,6,A1,2,17478720,58,36,6.96484064164769,0.8770976066589355,-0.1860334157541033,0.5561211109161377,0,7289001,5.292396344300309,0.7907014489173889,"[""QacR/Q2"", ""BetI/E1"", ""PhlF/P2"", ""BM3R1/B2"", ""AmtR/A1"", ""SrpR/S4""]","[15, 2, 11, 4, 1, 19]",0,7289001,5.292396344300309,0.7907014489173889,"[""QacR/Q2"", ""BetI/E1"", ""PhlF/P2"", ""BM3R1/B2"", ""AmtR/A1"", ""SrpR/S4""]","[15, 2, 11, 4, 1, 19]",0,7289001,5.292396344300309,0.7907014489173889,"[""QacR/Q2"", ""BetI/E1"", ""PhlF/P2"", ""BM3R1/B2"", ""AmtR/A1"", ""SrpR/S4""]","[15, 2, 11, 4, 1, 19]"
8f92f4fb,0x71,6,A1,2,17478720,64,29,7.077078433938424,0.8494571447372437,-0.4167603031637105,0.5264062881469727,1,8520965,5.916369523743399,0.7817671298980713,"[""SrpR/S4"", ""BetI/E1"", ""PhlF/P2"", ""AmtR/A1"", ""QacR/Q2"", ""BM3R1/B2""]","[19, 2, 11, 1, 15, 4]",1,8520965,5.916369523743399,0.7817671298980713,"[""SrpR/S4"", ""BetI/E1"", ""PhlF/P2"", ""AmtR/A1"", ""QacR/Q2"", ""BM3R1/B2""]","[19, 2, 11, 1, 15, 4]",1,8520965,5.916369523743399,0.7817671298980713,"[""SrpR/S4"", ""BetI/E1"", ""PhlF/P2"", ""AmtR/A1"", ""QacR/Q2"", ""BM3R1/B2""]","[19, 2, 11, 1, 15, 4]"
076290ad,0x71,7,A1,2,20000000,43,23,7.969481117105058,0.8088546991348267,0.0056930729495817765,0.4433147311210632,0,7287477,6.533223967222125,0.7330986261367798,"[""PhlF/P2"", ""BM3R1/B3"", ""SrpR/S4"", ""BetI/E1"", ""QacR/Q2"", ""AmtR/A1"", ""PsrA/R1""]","[11, 5, 19, 2, 15, 1, 13]",0,7287477,6.533223967222125,0.7330986261367798,"[""PhlF/P2"", ""BM3R1/B3"", ""SrpR/S4"", ""BetI/E1"", ""QacR/Q2"", ""AmtR/A1"", ""PsrA/R1""]","[11, 5, 19, 2, 15, 1, 13]",0,7287477,6.533223967222125,0.7330986261367798,"[""PhlF/P2"", ""BM3R1/B3"", ""SrpR/S4"", ""BetI/E1"", ""QacR/Q2"", ""AmtR/A1"", ""PsrA/R1""]","[11, 5, 19, 2, 15, 1, 13]"
199ebd1c,0x8E,5,A2,1,875520,24,24,8.665198188937687,0.8489102721214294,-0.16543829370732216,0.6476887464523315,0,573577,8.351551931200392,0.7702585458755493,"[""PhlF/P2"", ""SrpR/S4"", ""BetI/E1"", ""BM3R1/B3"", ""AmtR/A1""]","[11, 19, 2, 5, 1]",0,573577,8.351551931200392,0.7702585458755493,"[""PhlF/P2"", ""SrpR/S4"", ""BetI/E1"", ""BM3R1/B3"", ""AmtR/A1""]","[11, 19, 2, 5, 1]",0,261413,6.134561060193553,0.8065266609191895,"[""BM3R1/B3"", ""PhlF/P2"", ""BetI/E1"", ""SrpR/S4"", ""QacR/Q2""]","[5, 11, 2, 19, 15]"
830cbc6a,0x8E,5,A1,2,1751040,47,21,7.112348028375665,0.877019464969635,-0.12203686433061248,0.6690009236335754,0,550030,5.553752554097588,0.8309041261672974,"[""PhlF/P2"", ""BM3R1/B2"", ""SrpR/S4"", ""BetI/E1"", ""QacR/Q2""]","[11, 4, 19, 2, 15]",0,550030,5.553752554097588,0.8309041261672974,"[""PhlF/P2"", ""BM3R1/B2"", ""SrpR/S4"", ""BetI/E1"", ""QacR/Q2""]","[11, 4, 19, 2, 15]",0,550030,5.553752554097588,0.8309041261672974,"[""PhlF/P2"", ""BM3R1/B2"", ""SrpR/S4"", ""BetI/E1"", ""QacR/Q2""]","[11, 4, 19, 2, 15]"
89f39494,0x8E,5,A2,2,1751040,28,21,8.805546595524516,0.8519493937492371,-0.2560017991641719,0.7127002477645874,1,551758,8.359386840227744,0.7997133135795593,"[""PhlF/P2"", ""BM3R1/B3"", ""SrpR/S4"", ""BetI/E1"", ""QacR/Q2""]","[11, 5, 19, 2, 15]",1,551758,8.359386840227744,0.7997133135795593,"[""PhlF/P2"", ""BM3R1/B3"", ""SrpR/S4"", ""BetI/E1"", ""QacR/Q2""]","[11, 5, 19, 2, 15]",1,128131,6.436206248542709,0.8213414549827576,"[""BetI/E1"", ""BM3R1/B3"", ""SrpR/S4"", ""PhlF/P2"", ""QacR/Q2""]","[2, 5, 19, 11, 15]"
8d6295b1,0x8E,5,A1,1,875520,20,20,6.644407969690416,0.8705244064331055,-0.2518528169266475,0.665188193321228,1,754053,5.920601914489896,0.796517014503479,"[""QacR/Q2"", ""SrpR/S4"", ""BetI/E1"", ""AmtR/A1"", ""PhlF/P2""]","[15, 19, 2, 1, 11]",1,754053,5.920601914489896,0.796517014503479,"[""QacR/Q2"", ""SrpR/S4"", ""BetI/E1"", ""AmtR/A1"", ""PhlF/P2""]","[15, 19, 2, 1, 11]",1,755179,4.946948650916792,0.8146497011184692,"[""QacR/Q2"", ""SrpR/S4"", ""PhlF/P2"", ""AmtR/A1"", ""BetI/E1""]","[15, 19, 11, 1, 2]"
b9ca967f,0x8E,5,A1,2,1751040,54,25,6.475954541198085,0.8863937258720398,-1.4616256134071373,0.4963666498661041,1,167985,5.363602885830651,0.8187735676765442,"[""BetI/E1"", ""SrpR/S4"", ""BM3R1/B3"", ""QacR/Q2"", ""PhlF/P2""]","[2, 19, 5, 15, 11]",1,167985,5.363602885830651,0.8187735676765442,"[""BetI/E1"", ""SrpR/S4"", ""BM3R1/B3"", ""QacR/Q2"", ""PhlF/P2""]","[2, 19, 5, 15, 11]",1,167985,5.363602885830651,0.8187735676765442,"[""BetI/E1"", ""SrpR/S4"", ""BM3R1/B3"", ""QacR/Q2"", ""PhlF/P2""]","[2, 19, 5, 15, 11]"
498a9089,0x8E,6,A1,2,17478720,63,35,7.217727449739384,0.8722407221794128,-1.0744667478372312,0.4399708211421966,0,1777922,4.908355419068718,0.8397080302238464,"[""BetI/E1"", ""SrpR/S4"", ""QacR/Q2"", ""AmtR/A1"", ""BM3R1/B2"", ""PhlF/P2""]","[2, 19, 15, 1, 4, 11]",0,5531487,5.469501592897087,0.8075391054153442,"[""PhlF/P2"", ""AmtR/A1"", ""BetI/E1"", ""SrpR/S4"", ""BM3R1/B3"", ""QacR/Q2""]","[11, 1, 2, 19, 5, 15]",0,5531487,5.469501592897087,0.8075391054153442,"[""PhlF/P2"", ""AmtR/A1"", ""BetI/E1"", ""SrpR/S4"", ""BM3R1/B3"", ""QacR/Q2""]","[11, 1, 2, 19, 5, 15]"
6c760541,0x8E,6,A1,2,17478720,48,35,9.103668796609078,0.8578757047653198,-0.13197835691582838,0.4815133512020111,0,5547277,8.293364715792665,0.7740383148193359,"[""PhlF/P2"", ""AmtR/A1"", ""QacR/Q2"", ""BetI/E1"", ""BM3R1/B2"", ""SrpR/S4""]","[11, 1, 15, 2, 4, 19]",0,5547277,8.293364715792665,0.7740383148193359,"[""PhlF/P2"", ""AmtR/A1"", ""QacR/Q2"", ""BetI/E1"", ""BM3R1/B2"", ""SrpR/S4""]","[11, 1, 15, 2, 4, 19]",0,5839034,7.786694583073358,0.790263295173645,"[""PhlF/P2"", ""SrpR/S4"", ""QacR/Q2"", ""BetI/E1"", ""BM3R1/B2"", ""AmtR/A1""]","[11, 19, 15, 2, 4, 1]"
013f5616,0x8E,7,A1,2,20000000,57,29,7.997726232339551,0.8311702609062195,-0.5504277696622946,0.4422305822372436,0,1566749,6.642081007600342,0.7535881400108337,"[""PhlF/P2"", ""QacR/Q2"", ""AmtR/A1"", ""BM3R1/B2"", ""SrpR/S4"", ""BetI/E1"", ""PsrA/R1""]","[11, 15, 1, 4, 19, 2, 13]",0,1566749,6.642081007600342,0.7535881400108337,"[""PhlF/P2"", ""QacR/Q2"", ""AmtR/A1"", ""BM3R1/B2"", ""SrpR/S4"", ""BetI/E1"", ""PsrA/R1""]","[11, 15, 1, 4, 19, 2, 13]",0,1566749,6.642081007600342,0.7535881400108337,"[""PhlF/P2"", ""QacR/Q2"", ""AmtR/A1"", ""BM3R1/B2"", ""SrpR/S4"", ""BetI/E1"", ""PsrA/R1""]","[11, 15, 1, 4, 19, 2, 13]"
0271424b,0x8E,7,A2,2,20000000,50,19,10.569370876176494,0.836613118648529,0.031198736305640618,0.472085177898407,1,8125522,8.939221210603842,0.7230011820793152,"[""PsrA/R1"", ""PhlF/P2"", ""BetI/E1"", ""BM3R1/B3"", ""AmtR/A1"", ""SrpR/S4"", ""QacR/Q2""]","[13, 11, 2, 5, 1, 19, 15]",1,8125522,8.939221210603842,0.7230011820793152,"[""PsrA/R1"", ""PhlF/P2"", ""BetI/E1"", ""BM3R1/B3"", ""AmtR/A1"", ""SrpR/S4"", ""QacR/Q2""]","[13, 11, 2, 5, 1, 19, 15]",1,8125522,8.939221210603842,0.7230011820793152,"[""PsrA/R1"", ""PhlF/P2"", ""BetI/E1"", ""BM3R1/B3"", ""AmtR/A1"", ""SrpR/S4"", ""QacR/Q2""]","[13, 11, 2, 5, 1, 19, 15]"
083ff9a8,0x8E,7,A2,2,20000000,39,24,8.617968804706017,0.7851203680038452,-1.3607726909209,0.411948561668396,1,4968949,7.801355602018304,0.6917139887809753,"[""PhlF/P2"", ""BetI/E1"", ""PsrA/R1"", ""QacR/Q2"", ""SrpR/S4"", ""AmtR/A1"", ""BM3R1/B2""]","[11, 2, 13, 15, 19, 1, 4]",1,9900095,6.863063193946659,0.7260849475860596,"[""PhlF/P2"", ""BetI/E1"", ""PsrA/R1"", ""SrpR/S4"", ""BM3R1/B2"", ""AmtR/A1"", ""QacR/Q2""]","[11, 2, 13, 19, 4, 1, 15]",1,9900095,6.863063193946659,0.7260849475860596,"[""PhlF/P2"", ""BetI/E1"", ""PsrA/R1"", ""SrpR/S4"", ""BM3R1/B2"", ""AmtR/A1"", ""QacR/Q2""]","[11, 2, 13, 19, 4, 1, 15]"
0f20a32d,0x8E,7,A1,1,10000000,19,19,7.553400086342667,0.8097377419471741,-0.031549669903172525,0.4454217851161957,1,1062214,6.802594754725227,0.7064478993415833,"[""PhlF/P2"", ""SrpR/S4"", ""BetI/E1"", ""BM3R1/B3"", ""AmtR/A1"", ""QacR/Q2"", ""PsrA/R1""]","[11, 19, 2, 5, 1, 15, 13]",1,1062214,6.802594754725227,0.7064478993415833,"[""PhlF/P2"", ""SrpR/S4"", ""BetI/E1"", ""BM3R1/B3"", ""AmtR/A1"", ""QacR/Q2"", ""PsrA/R1""]","[11, 19, 2, 5, 1, 15, 13]",1,1062214,6.802594754725227,0.7064478993415833,"[""PhlF/P2"", ""SrpR/S4"", ""BetI/E1"", ""BM3R1/B3"", ""AmtR/A1"", ""QacR/Q2"", ""PsrA/R1""]","[11, 19, 2, 5, 1, 15, 13]"
0fb754cb,0x8E,7,A2,1,10000000,30,30,8.283828645817199,0.7894236445426941,-2.2541012734201127,0.6002430319786072,1,5774386,5.825183084028279,0.729956328868866,"[""BetI/E1"", ""SrpR/S4"", ""PhlF/P2"", ""PsrA/R1"", ""QacR/Q2"", ""BM3R1/B3"", ""AmtR/A1""]","[2, 19, 11, 13, 15, 5, 1]",1,5774386,5.825183084028279,0.729956328868866,"[""BetI/E1"", ""SrpR/S4"", ""PhlF/P2"", ""PsrA/R1"", ""QacR/Q2"", ""BM3R1/B3"", ""AmtR/A1""]","[2, 19, 11, 13, 15, 5, 1]",1,5774386,5.825183084028279,0.729956328868866,"[""BetI/E1"", ""SrpR/S4"", ""PhlF/P2"", ""PsrA/R1"", ""QacR/Q2"", ""BM3R1/B3"", ""AmtR/A1""]","[2, 19, 11, 13, 15, 5, 1]"
56f94267,0x77,4,A1,2,149472,59,35,7.194883371756379,0.9185095429420472,0.018120018408205284,0.626011073589325,0,45388,5.735519665211426,0.8616966009140015,"[""PhlF/P2"", ""BetI/E1"", ""BM3R1/B3"", ""SrpR/S4""]","[11, 2, 5, 19]",0,45388,5.735519665211426,0.8616966009140015,"[""PhlF/P2"", ""BetI/E1"", ""BM3R1/B3"", ""SrpR/S4""]","[11, 2, 5, 19]",0,45388,5.735519665211426,0.8616966009140015,"[""PhlF/P2"", ""BetI/E1"", ""BM3R1/B3"", ""SrpR/S4""]","[11, 2, 5, 19]"
5f656235,0x77,4,A1,2,149472,49,30,7.0023418777917845,0.9166433811187744,2.6143745442806696,0.6237636208534241,1,20114,6.691420543274904,0.835530161857605,"[""BM3R1/B2"", ""SrpR/S4"", ""PhlF/P2"", ""QacR/Q1""]","[4, 19, 11, 14]",1,20114,6.691420543274904,0.835530161857605,"[""BM3R1/B2"", ""SrpR/S4"", ""PhlF/P2"", ""QacR/Q1""]","[4, 19, 11, 14]",1,20157,6.077558493096427,0.8699885010719299,"[""BM3R1/B2"", ""SrpR/S4"", ""QacR/Q2"", ""PhlF/P2""]","[4, 19, 15, 11]"
71e1aa86,0x77,4,A1,2,149472,36,16,7.045035378300758,0.9070656299591064,0.02243690077387383,0.6639881134033203,0,72707,6.084585394906383,0.853773295879364,"[""SrpR/S4"", ""BM3R1/B2"", ""BetI/E1"", ""PhlF/P2""]","[19, 4, 2, 11]",0,72707,6.084585394906383,0.853773295879364,"[""SrpR/S4"", ""BM3R1/B2"", ""BetI/E1"", ""PhlF/P2""]","[19, 4, 2, 11]",0,72707,6.084585394906383,0.853773295879364,"[""SrpR/S4"", ""BM3R1/B2"", ""BetI/E1"", ""PhlF/P2""]","[19, 4, 2, 11]"
9cc4c4e3,0x77,4,A1,1,74736,22,22,7.076120609578984,0.9184426069259644,0.06612943897045016,0.7267206907272339,0,17525,6.193851676462889,0.874081015586853,"[""BM3R1/B2"", ""BetI/E1"", ""QacR/Q2"", ""PhlF/P2""]","[4, 2, 15, 11]",0,17525,6.193851676462889,0.874081015586853,"[""BM3R1/B2"", ""BetI/E1"", ""QacR/Q2"", ""PhlF/P2""]","[4, 2, 15, 11]",0,20043,5.967020752937344,0.8790473937988281,"[""BM3R1/B2"", ""SrpR/S4"", ""BetI/E1"", ""PhlF/P2""]","[4, 19, 2, 11]"
9d8f007a,0x77,4,A1,1,74736,25,25,7.064025319495411,0.8870401978492737,4.628103180382928,0.6502408981323242,1,60601,6.51581651862529,0.7713140845298767,"[""QacR/Q2"", ""BM3R1/B1"", ""PhlF/P2"", ""SrpR/S4""]","[15, 3, 11, 19]",1,60601,6.51581651862529,0.7713140845298767,"[""QacR/Q2"", ""BM3R1/B1"", ""PhlF/P2"", ""SrpR/S4""]","[15, 3, 11, 19]",1,60601,6.51581651862529,0.7713140845298767,"[""QacR/Q2"", ""BM3R1/B1"", ""PhlF/P2"", ""SrpR/S4""]","[15, 3, 11, 19]"
03137b78,0x77,5,A1,2,1751040,67,34,7.177153827356406,0.8769014477729797,-0.07526123990999664,0.5385482907295227,1,568815,5.907277252513124,0.8199278116226196,"[""PhlF/P2"", ""QacR/Q2"", ""SrpR/S4"", ""BetI/E1"", ""BM3R1/B2""]","[11, 15, 19, 2, 4]",1,568815,5.907277252513124,0.8199278116226196,"[""PhlF/P2"", ""QacR/Q2"", ""SrpR/S4"", ""BetI/E1"", ""BM3R1/B2""]","[11, 15, 19, 2, 4]",1,568815,5.907277252513124,0.8199278116226196,"[""PhlF/P2"", ""QacR/Q2"", ""SrpR/S4"", ""BetI/E1"", ""BM3R1/B2""]","[11, 15, 19, 2, 4]"
047684f3,0x77,5,A1,1,875520,25,25,8.052128537420653,0.9041568636894226,-0.5118543810609341,0.5912836790084839,0,567534,6.394493049101088,0.8440676331520081,"[""PhlF/P2"", ""QacR/Q2"", ""BM3R1/B2"", ""SrpR/S4"", ""BetI/E1""]","[11, 15, 4, 19, 2]",0,567534,6.394493049101088,0.8440676331520081,"[""PhlF/P2"", ""QacR/Q2"", ""BM3R1/B2"", ""SrpR/S4"", ""BetI/E1""]","[11, 15, 4, 19, 2]",0,567534,6.394493049101088,0.8440676331520081,"[""PhlF/P2"", ""QacR/Q2"", ""BM3R1/B2"", ""SrpR/S4"", ""BetI/E1""]","[11, 15, 4, 19, 2]"
104084ad,0x77,5,A1,1,875520,35,35,7.047429159753243,0.8820189833641052,3.5790963010402534,0.5910817980766296,1,565364,6.754338072229139,0.7933891415596008,"[""PhlF/P2"", ""QacR/Q1"", ""BM3R1/B2"", ""BetI/E1"", ""SrpR/S4""]","[11, 14, 4, 2, 19]",1,565364,6.754338072229139,0.7933891415596008,"[""PhlF/P2"", ""QacR/Q1"", ""BM3R1/B2"", ""BetI/E1"", ""SrpR/S4""]","[11, 14, 4, 2, 19]",1,565364,6.754338072229139,0.7933891415596008,"[""PhlF/P2"", ""QacR/Q1"", ""BM3R1/B2"", ""BetI/E1"", ""SrpR/S4""]","[11, 14, 4, 2, 19]"
10c2e7be,0x77,5,A1,2,1751040,56,36,7.340641873915112,0.8919259905815125,4.449630789391535,0.5277636647224426,0,189523,6.633047430404212,0.7839080691337585,"[""BM3R1/B1"", ""PhlF/P2"", ""AmtR/A1"", ""QacR/Q2"", ""SrpR/S4""]","[3, 11, 1, 15, 19]",0,189523,6.633047430404212,0.7839080691337585,"[""BM3R1/B1"", ""PhlF/P2"", ""AmtR/A1"", ""QacR/Q2"", ""SrpR/S4""]","[3, 11, 1, 15, 19]",0,189523,6.633047430404212,0.7839080691337585,"[""BM3R1/B1"", ""PhlF/P2"", ""AmtR/A1"", ""QacR/Q2"", ""SrpR/S4""]","[3, 11, 1, 15, 19]"
1cdd5bae,0x77,5,A1,1,875520,38,38,7.224061897929314,0.877762496471405,3.7084836083987454,0.5509125590324402,0,546629,5.946275565620162,0.8087605834007263,"[""PhlF/P2"", ""BetI/E1"", ""SrpR/S4"", ""QacR/Q2"", ""BM3R1/B2""]","[11, 2, 19, 15, 4]",0,546629,5.946275565620162,0.8087605834007263,"[""PhlF/P2"", ""BetI/E1"", ""SrpR/S4"", ""QacR/Q2"", ""BM3R1/B2""]","[11, 2, 19, 15, 4]",0,567439,6.140461124488895,0.7867355346679688,"[""PhlF/P2"", ""QacR/Q2"", ""BM3R1/B2"", ""AmtR/A1"", ""SrpR/S2""]","[11, 15, 4, 1, 17]"
00cab20a,0x77,6,A1,1,8739360,28,28,6.8055839866828425,0.8775842189788818,-0.027088381595111427,0.4520064890384674,0,726453,5.436785491292794,0.8031588792800903,"[""AmtR/A1"", ""BM3R1/B2"", ""SrpR/S4"", ""BetI/E1"", ""QacR/Q2"", ""PhlF/P2""]","[1, 4, 19, 2, 15, 11]",0,726453,5.436785491292794,0.8031588792800903,"[""AmtR/A1"", ""BM3R1/B2"", ""SrpR/S4"", ""BetI/E1"", ""QacR/Q2"", ""PhlF/P2""]","[1, 4, 19, 2, 15, 11]",0,726453,5.436785491292794,0.8031588792800903,"[""AmtR/A1"", ""BM3R1/B2"", ""SrpR/S4"", ""BetI/E1"", ""QacR/Q2"", ""PhlF/P2""]","[1, 4, 19, 2, 15, 11]"
00e58ea1,0x77,6,A1,1,8739360,30,30,8.25744611328462,0.8421341776847839,0.7768242573783539,0.4622791707515716,0,2193238,6.631886319090459,0.7734569907188416,"[""BM3R1/B2"", ""BetI/E1"", ""SrpR/S4"", ""PsrA/R1"", ""QacR/Q2"", ""PhlF/P2""]","[4, 2, 19, 13, 15, 11]",0,2193238,6.631886319090459,0.7734569907188416,"[""BM3R1/B2"", ""BetI/E1"", ""SrpR/S4"", ""PsrA/R1"", ""QacR/Q2"", ""PhlF/P2""]","[4, 2, 19, 13, 15, 11]",0,2193238,6.631886319090459,0.7734569907188416,"[""BM3R1/B2"", ""BetI/E1"", ""SrpR/S4"", ""PsrA/R1"", ""QacR/Q2"", ""PhlF/P2""]","[4, 2, 19, 13, 15, 11]"
019a5192,0x77,6,A1,1,8739360,46,46,7.249963075459572,0.9103720784187316,2.462086088177908,0.5127444267272949,0,2659385,6.656394747458671,0.7690339684486389,"[""BM3R1/B3"", ""PhlF/P2"", ""QacR/Q1"", ""LmrA/N1"", ""BetI/E1"", ""SrpR/S4""]","[5, 11, 14, 9, 2, 19]",0,2659385,6.656394747458671,0.7690339684486389,"[""BM3R1/B3"", ""PhlF/P2"", ""QacR/Q1"", ""LmrA/N1"", ""BetI/E1"", ""SrpR/S4""]","[5, 11, 14, 9, 2, 19]",0,2397897,6.135672654710578,0.8011983633041382,"[""BM3R1/B2"", ""QacR/Q2"", ""PhlF/P2"", ""AmtR/A1"", ""BetI/E1"", ""SrpR/S4""]","[4, 15, 11, 1, 2, 19]"
07a57303,0x77,6,A1,1,8739360,38,38,7.065756152538224,0.8816555738449097,2.963065929353698,0.4876717031002044,1,7634582,6.199082494592007,0.8135684728622437,"[""QacR/Q2"", ""SrpR/S4"", ""PhlF/P2"", ""BM3R1/B2"", ""BetI/E1"", ""LitR/L1""]","[15, 19, 11, 4, 2, 8]",1,7634582,6.199082494592007,0.8135684728622437,"[""QacR/Q2"", ""SrpR/S4"", ""PhlF/P2"", ""BM3R1/B2"", ""BetI/E1"", ""LitR/L1""]","[15, 19, 11, 4, 2, 8]",1,7634582,6.199082494592007,0.8135684728622437,"[""QacR/Q2"", ""SrpR/S4"", ""PhlF/P2"", ""BM3R1/B2"", ""BetI/E1"", ""LitR/L1""]","[15, 19, 11, 4, 2, 8]"
098247b0,0x77,6,A1,1,8739360,20,20,9.294095126752023,0.8638582825660706,3.518717739985195,0.656843364238739,0,2389712,5.975231188033159,0.8399220108985901,"[""BM3R1/B2"", ""QacR/Q2"", ""BetI/E1"", ""PhlF/P1"", ""SrpR/S4"", ""AmtR/A1""]","[4, 15, 2, 10, 19, 1]",0,8521106,6.940350163082404,0.7885410189628601,"[""SrpR/S4"", ""BetI/E1"", ""PhlF/P2"", ""BM3R1/B2"", ""QacR/Q2"", ""AmtR/A1""]","[19, 2, 11, 4, 15, 1]",0,8521106,6.940350163082404,0.7885410189628601,"[""SrpR/S4"", ""BetI/E1"", ""PhlF/P2"", ""BM3R1/B2"", ""QacR/Q2"", ""AmtR/A1""]","[19, 2, 11, 4, 15, 1]"
01f4a154,0x77,7,A1,1,10000000,28,28,9.073025721058798,0.8304367661476135,4.452415831661746,0.4976905286312103,0,3070806,7.091620847050876,0.7594435811042786,"[""PhlF/P2"", ""BetI/E1"", ""BM3R1/B2"", ""AmtR/A1"", ""SrpR/S4"", ""HlyIIR/H1"", ""QacR/Q2""]","[11, 2, 4, 1, 19, 6, 15]",0,3070806,7.091620847050876,0.7594435811042786,"[""PhlF/P2"", ""BetI/E1"", ""BM3R1/B2"", ""AmtR/A1"", ""SrpR/S4"", ""HlyIIR/H1"", ""QacR/Q2""]","[11, 2, 4, 1, 19, 6, 15]",0,3070806,7.091620847050876,0.7594435811042786,"[""PhlF/P2"", ""BetI/E1"", ""BM3R1/B2"", ""AmtR/A1"", ""SrpR/S4"", ""HlyIIR/H1"", ""QacR/Q2""]","[11, 2, 4, 1, 19, 6, 15]"
0857254f,0x77,7,A1,2,20000000,54,32,8.558705054225847,0.8319091796875,-1.5197681850203013,0.3486197292804718,1,8889904,6.8662757507009635,0.7577434778213501,"[""AmtR/A1"", ""PsrA/R1"", ""SrpR/S2"", ""BM3R1/B2"", ""QacR/Q2"", ""PhlF/P2"", ""BetI/E1""]","[1, 13, 17, 4, 15, 11, 2]",1,8889904,6.8662757507009635,0.7577434778213501,"[""AmtR/A1"", ""PsrA/R1"", ""SrpR/S2"", ""BM3R1/B2"", ""QacR/Q2"", ""PhlF/P2"", ""BetI/E1""]","[1, 13, 17, 4, 15, 11, 2]",1,8889904,6.8662757507009635,0.7577434778213501,"[""AmtR/A1"", ""PsrA/R1"", ""SrpR/S2"", ""BM3R1/B2"", ""QacR/Q2"", ""PhlF/P2"", ""BetI/E1""]","[1, 13, 17, 4, 15, 11, 2]"
09a32db6,0x77,7,A1,1,10000000,34,34,7.147108791020536,0.8355040550231934,0.8890110119207938,0.3581384718418121,0,2192036,6.6798872432750045,0.7245118021965027,"[""QacR/Q1"", ""PhlF/P2"", ""LitR/L1"", ""BM3R1/B3"", ""AmtR/A1"", ""SrpR/S4"", ""BetI/E1""]","[14, 11, 8, 5, 1, 19, 2]",0,2192036,6.6798872432750045,0.7245118021965027,"[""QacR/Q1"", ""PhlF/P2"", ""LitR/L1"", ""BM3R1/B3"", ""AmtR/A1"", ""SrpR/S4"", ""BetI/E1""]","[14, 11, 8, 5, 1, 19, 2]",0,2192036,6.6798872432750045,0.7245118021965027,"[""QacR/Q1"", ""PhlF/P2"", ""LitR/L1"", ""BM3R1/B3"", ""AmtR/A1"", ""SrpR/S4"", ""BetI/E1""]","[14, 11, 8, 5, 1, 19, 2]"
09f55c47,0x77,7,A1,2,20000000,68,39,7.183539373215379,0.8346742987632751,2.8385966953044135,0.4844099283218384,0,7778682,6.528611730949004,0.7228532433509827,"[""BM3R1/B1"", ""PhlF/P2"", ""AmtR/A1"", ""SrpR/S4"", ""QacR/Q2"", ""LitR/L1"", ""BetI/E1""]","[3, 11, 1, 19, 15, 8, 2]",0,7778682,6.528611730949004,0.7228532433509827,"[""BM3R1/B1"", ""PhlF/P2"", ""AmtR/A1"", ""SrpR/S4"", ""QacR/Q2"", ""LitR/L1"", ""BetI/E1""]","[3, 11, 1, 19, 15, 8, 2]",0,7778682,6.528611730949004,0.7228532433509827,"[""BM3R1/B1"", ""PhlF/P2"", ""AmtR/A1"", ""SrpR/S4"", ""QacR/Q2"", ""LitR/L1"", ""BetI/E1""]","[3, 11, 1, 19, 15, 8, 2]"
0a095a06,0x77,7,A1,2,20000000,78,50,7.186295478089434,0.8086655139923096,0.11738628413083393,0.423065185546875,0,7088266,6.062214165764125,0.7457677125930786,"[""PhlF/P2"", ""BM3R1/B2"", ""AmtR/A1"", ""QacR/Q2"", ""SrpR/S4"", ""BetI/E1"", ""LitR/L1""]","[11, 4, 1, 15, 19, 2, 8]",0,7088266,6.062214165764125,0.7457677125930786,"[""PhlF/P2"", ""BM3R1/B2"", ""AmtR/A1"", ""QacR/Q2"", ""SrpR/S4"", ""BetI/E1"", ""LitR/L1""]","[11, 4, 1, 15, 19, 2, 8]",0,7088266,6.062214165764125,0.7457677125930786,"[""PhlF/P2"", ""BM3R1/B2"", ""AmtR/A1"", ""QacR/Q2"", ""SrpR/S4"", ""BetI/E1"", ""LitR/L1""]","[11, 4, 1, 15, 19, 2, 8]"
660178a5,"[""0x47"", ""0x1B""]",4,A1,1,74736,22,22,6.047005723656326,0.8910142779350281,-1.9508258112764751,0.6677267551422119,0,74706,5.127099642848424,0.8431688547134399,"[""SrpR/S4"", ""QacR/Q2"", ""PhlF/P2"", ""BM3R1/B3""]","[19, 15, 11, 5]",0,74706,5.127099642848424,0.8431688547134399,"[""SrpR/S4"", ""QacR/Q2"", ""PhlF/P2"", ""BM3R1/B3""]","[19, 15, 11, 5]",0,74706,5.127099642848424,0.8431688547134399,"[""SrpR/S4"", ""QacR/Q2"", ""PhlF/P2"", ""BM3R1/B3""]","[19, 15, 11, 5]"
cd9571ae,"[""0x47"", ""0x1B""]",4,A1,1,74736,17,17,6.757649420530405,0.909835696220398,-1.989070387922451,0.7403441667556763,0,20047,4.0533369600538975,0.8815383911132812,"[""BM3R1/B2"", ""SrpR/S4"", ""BetI/E1"", ""QacR/Q2""]","[4, 19, 2, 15]",0,20115,4.826748827864899,0.8658550381660461,"[""BM3R1/B2"", ""SrpR/S4"", ""PhlF/P2"", ""QacR/Q2""]","[4, 19, 11, 15]",0,20115,4.826748827864899,0.8658550381660461,"[""BM3R1/B2"", ""SrpR/S4"", ""PhlF/P2"", ""QacR/Q2""]","[4, 19, 11, 15]"
0abd6f97,"[""0x47"", ""0x1B""]",5,A2,1,875520,20,20,7.438490099021976,0.8799372911453247,-0.6202165833694376,0.6714795827865601,0,240105,6.050769179259383,0.8346496820449829,"[""BM3R1/B2"", ""SrpR/S4"", ""BetI/E1"", ""QacR/Q2"", ""PhlF/P2""]","[4, 19, 2, 15, 11]",0,240105,6.050769179259383,0.8346496820449829,"[""BM3R1/B2"", ""SrpR/S4"", ""BetI/E1"", ""QacR/Q2"", ""PhlF/P2""]","[4, 19, 2, 15, 11]",0,240105,6.050769179259383,0.8346496820449829,"[""BM3R1/B2"", ""SrpR/S4"", ""BetI/E1"", ""QacR/Q2"", ""PhlF/P2""]","[4, 19, 2, 15, 11]"
147e9960,"[""0x47"", ""0x1B""]",5,A1,1,875520,26,26,7.926780533294151,0.8983427882194519,-0.8578809423154524,0.6464459896087646,0,225557,6.08313404503166,0.842276394367218,"[""BM3R1/B2"", ""PhlF/P2"", ""BetI/E1"", ""SrpR/S4"", ""QacR/Q2""]","[4, 11, 2, 19, 15]",0,225557,6.08313404503166,0.842276394367218,"[""BM3R1/B2"", ""PhlF/P2"", ""BetI/E1"", ""SrpR/S4"", ""QacR/Q2""]","[4, 11, 2, 19, 15]",0,225557,6.08313404503166,0.842276394367218,"[""BM3R1/B2"", ""PhlF/P2"", ""BetI/E1"", ""SrpR/S4"", ""QacR/Q2""]","[4, 11, 2, 19, 15]"
148597e8,0x47,5,A1,1,875520,18,18,7.26014039075553,0.8786756992340088,-0.302351851584153,0.6493557095527649,0,568816,5.468313672728107,0.8375499248504639,"[""PhlF/P2"", ""QacR/Q2"", ""SrpR/S4"", ""BetI/E1"", ""BM3R1/B3""]","[11, 15, 19, 2, 5]",0,568816,5.468313672728107,0.8375499248504639,"[""PhlF/P2"", ""QacR/Q2"", ""SrpR/S4"", ""BetI/E1"", ""BM3R1/B3""]","[11, 15, 19, 2, 5]",0,568816,5.468313672728107,0.8375499248504639,"[""PhlF/P2"", ""QacR/Q2"", ""SrpR/S4"", ""BetI/E1"", ""BM3R1/B3""]","[11, 15, 19, 2, 5]"
1f41e344,"[""0x47"", ""0x1B""]",5,A1,1,875520,21,21,7.737187090816482,0.8939565420150757,-0.9708120385788543,0.6328586339950562,0,240105,6.01958818341005,0.8454051613807678,"[""BM3R1/B2"", ""SrpR/S4"", ""BetI/E1"", ""QacR/Q2"", ""PhlF/P2""]","[4, 19, 2, 15, 11]",0,240105,6.01958818341005,0.8454051613807678,"[""BM3R1/B2"", ""SrpR/S4"", ""BetI/E1"", ""QacR/Q2"", ""PhlF/P2""]","[4, 19, 2, 15, 11]",0,240105,6.01958818341005,0.8454051613807678,"[""BM3R1/B2"", ""SrpR/S4"", ""BetI/E1"", ""QacR/Q2"", ""PhlF/P2""]","[4, 19, 2, 15, 11]"
28c6d3bb,0x47,5,A1,1,875520,28,28,6.829408702168351,0.8767582178115845,-0.39529408226610285,0.5925191640853882,0,573918,5.162181548697657,0.8226827383041382,"[""PhlF/P2"", ""SrpR/S4"", ""BM3R1/B3"", ""QacR/Q2"", ""BetI/E1""]","[11, 19, 5, 15, 2]",0,573918,5.162181548697657,0.8226827383041382,"[""PhlF/P2"", ""SrpR/S4"", ""BM3R1/B3"", ""QacR/Q2"", ""BetI/E1""]","[11, 19, 5, 15, 2]",0,573918,5.162181548697657,0.8226827383041382,"[""PhlF/P2"", ""SrpR/S4"", ""BM3R1/B3"", ""QacR/Q2"", ""BetI/E1""]","[11, 19, 5, 15, 2]"
02dd2ca8,"[""0x47"", ""0x1B""]",6,A1,1,8739360,30,30,7.123174013868794,0.867982804775238,-1.9490154884512183,0.6214331388473511,0,8505899,6.104432870900747,0.7874852418899536,"[""SrpR/S4"", ""AmtR/A1"", ""QacR/Q2"", ""PhlF/P2"", ""BetI/E1"", ""BM3R1/B2""]","[19, 1, 15, 11, 2, 4]",0,1261667,4.775264247451821,0.821250855922699,"[""BetI/E1"", ""AmtR/A1"", ""QacR/Q2"", ""PhlF/P2"", ""SrpR/S2"", ""BM3R1/B2""]","[2, 1, 15, 11, 17, 4]",0,1261667,4.775264247451821,0.821250855922699,"[""BetI/E1"", ""AmtR/A1"", ""QacR/Q2"", ""PhlF/P2"", ""SrpR/S2"", ""BM3R1/B2""]","[2, 1, 15, 11, 17, 4]"
0ec7dcf1,0x47,6,A1,1,8739360,41,41,7.066659957262613,0.8362725377082825,-1.9746496954729102,0.3763883113861084,0,8541069,6.01888170198055,0.7776066660881042,"[""SrpR/S4"", ""BM3R1/B2"", ""AmtR/A1"", ""BetI/E1"", ""QacR/Q2"", ""PhlF/P2""]","[19, 4, 1, 2, 15, 11]",0,8541069,6.01888170198055,0.7776066660881042,"[""SrpR/S4"", ""BM3R1/B2"", ""AmtR/A1"", ""BetI/E1"", ""QacR/Q2"", ""PhlF/P2""]","[19, 4, 1, 2, 15, 11]",0,8541069,6.01888170198055,0.7776066660881042,"[""SrpR/S4"", ""BM3R1/B2"", ""AmtR/A1"", ""BetI/E1"", ""QacR/Q2"", ""PhlF/P2""]","[19, 4, 1, 2, 15, 11]"
10349a42,0x47,6,A1,1,8739360,35,35,7.079889357448317,0.8439414501190186,-2.0471050421800543,0.3929062187671661,0,5775515,5.449164139969512,0.8101954460144043,"[""PhlF/P2"", ""QacR/Q2"", ""BetI/E1"", ""SrpR/S4"", ""AmtR/A1"", ""BM3R1/B2""]","[11, 15, 2, 19, 1, 4]",0,5775515,5.449164139969512,0.8101954460144043,"[""PhlF/P2"", ""QacR/Q2"", ""BetI/E1"", ""SrpR/S4"", ""AmtR/A1"", ""BM3R1/B2""]","[11, 15, 2, 19, 1, 4]",0,8505914,6.107901715287704,0.7764116525650024,"[""SrpR/S4"", ""AmtR/A1"", ""QacR/Q2"", ""PhlF/P2"", ""BM3R1/B2"", ""BetI/E1""]","[19, 1, 15, 11, 4, 2]"
0070f10b,0x47,7,A2,1,10000000,27,27,9.63006922354998,0.8533681035041809,-0.7154728119478516,0.3973142802715301,0,1703243,8.094422614253647,0.7402825951576233,"[""PhlF/P2"", ""PsrA/R1"", ""BM3R1/B2"", ""AmtR/A1"", ""QacR/Q2"", ""SrpR/S2"", ""BetI/E1""]","[11, 13, 4, 1, 15, 17, 2]",0,1703243,8.094422614253647,0.7402825951576233,"[""PhlF/P2"", ""PsrA/R1"", ""BM3R1/B2"", ""AmtR/A1"", ""QacR/Q2"", ""SrpR/S2"", ""BetI/E1""]","[11, 13, 4, 1, 15, 17, 2]",0,1703243,8.094422614253647,0.7402825951576233,"[""PhlF/P2"", ""PsrA/R1"", ""BM3R1/B2"", ""AmtR/A1"", ""QacR/Q2"", ""SrpR/S2"", ""BetI/E1""]","[11, 13, 4, 1, 15, 17, 2]"
00b0114d,"[""0x47"", ""0x1B""]",7,A1,1,10000000,29,29,8.553501335895982,0.808800220489502,-1.862643888547562,0.4060021340847015,0,247706,7.9722103033536085,0.7023932933807373,"[""PhlF/P2"", ""BM3R1/B2"", ""SrpR/S4"", ""PsrA/R1"", ""BetI/E1"", ""AmtR/A1"", ""QacR/Q2""]","[11, 4, 19, 13, 2, 1, 15]",0,5582321,7.662257103306964,0.7125388383865356,"[""PhlF/P2"", ""LmrA/N1"", ""SrpR/S4"", ""QacR/Q2"", ""BetI/E1"", ""BM3R1/B2"", ""AmtR/A1""]","[11, 9, 19, 15, 2, 4, 1]",0,5582321,7.662257103306964,0.7125388383865356,"[""PhlF/P2"", ""LmrA/N1"", ""SrpR/S4"", ""QacR/Q2"", ""BetI/E1"", ""BM3R1/B2"", ""AmtR/A1""]","[11, 9, 19, 15, 2, 4, 1]"
00d162df,"[""0x47"", ""0x1B""]",7,A2,1,10000000,19,19,9.976465708086417,0.8346527814865112,-0.11893581046707244,0.4517517685890198,0,5869957,8.031543885284197,0.7343155741691589,"[""PhlF/P2"", ""PsrA/R1"", ""SrpR/S4"", ""BM3R1/B3"", ""BetI/E1"", ""AmtR/A1"", ""QacR/Q2""]","[11, 13, 19, 5, 2, 1, 15]",0,5869957,8.031543885284197,0.7343155741691589,"[""PhlF/P2"", ""PsrA/R1"", ""SrpR/S4"", ""BM3R1/B3"", ""BetI/E1"", ""AmtR/A1"", ""QacR/Q2""]","[11, 13, 19, 5, 2, 1, 15]",0,5869957,8.031543885284197,0.7343155741691589,"[""PhlF/P2"", ""PsrA/R1"", ""SrpR/S4"", ""BM3R1/B3"", ""BetI/E1"", ""AmtR/A1"", ""QacR/Q2""]","[11, 13, 19, 5, 2, 1, 15]"
0201c198,0x47,7,A1,1,10000000,27,27,7.249107374944272,0.797234058380127,-2.6568854624997016,0.4231041073799133,0,213404,5.478148471973336,0.7204266786575317,"[""PhlF/P2"", ""BM3R1/B2"", ""QacR/Q2"", ""AmtR/A1"", ""PsrA/R1"", ""BetI/E1"", ""SrpR/S4""]","[11, 4, 15, 1, 13, 2, 19]",0,213404,5.478148471973336,0.7204266786575317,"[""PhlF/P2"", ""BM3R1/B2"", ""QacR/Q2"", ""AmtR/A1"", ""PsrA/R1"", ""BetI/E1"", ""SrpR/S4""]","[11, 4, 15, 1, 13, 2, 19]",0,213404,5.478148471973336,0.7204266786575317,"[""PhlF/P2"", ""BM3R1/B2"", ""QacR/Q2"", ""AmtR/A1"", ""PsrA/R1"", ""BetI/E1"", ""SrpR/S4""]","[11, 4, 15, 1, 13, 2, 19]"
0869e90d,0x47,7,A1,1,10000000,30,30,7.041345327165215,0.813130795955658,-0.051712893667023946,0.3400219082832336,0,6362035,5.123408173201544,0.7422850728034973,"[""PhlF/P2"", ""QacR/Q2"", ""AmeR/F1"", ""BM3R1/B2"", ""AmtR/A1"", ""BetI/E1"", ""SrpR/S4""]","[11, 15, 0, 4, 1, 2, 19]",0,6362035,5.123408173201544,0.7422850728034973,"[""PhlF/P2"", ""QacR/Q2"", ""AmeR/F1"", ""BM3R1/B2"", ""AmtR/A1"", ""BetI/E1"", ""SrpR/S4""]","[11, 15, 0, 4, 1, 2, 19]",0,3384218,5.413027944934514,0.7167653441429138,"[""PhlF/P2"", ""PsrA/R1"", ""AmeR/F1"", ""BM3R1/B2"", ""QacR/Q2"", ""BetI/E1"", ""SrpR/S4""]","[11, 13, 0, 4, 15, 2, 19]"
91c94c8d,0x1B,4,A1,1,74736,19,19,6.721398065223974,0.8837409019470215,-1.0804268565838093,0.4517301321029663,0,72821,5.367893542313247,0.8510246872901917,"[""SrpR/S4"", ""BM3R1/B2"", ""QacR/Q2"", ""PhlF/P2""]","[19, 4, 15, 11]",0,72821,5.367893542313247,0.8510246872901917,"[""SrpR/S4"", ""BM3R1/B2"", ""QacR/Q2"", ""PhlF/P2""]","[19, 4, 15, 11]",0,72821,5.367893542313247,0.8510246872901917,"[""SrpR/S4"", ""BM3R1/B2"", ""QacR/Q2"", ""PhlF/P2""]","[19, 4, 15, 11]"
badf61a8,0x1B,4,A1,1,74736,16,16,6.442031153783041,0.8802520036697388,-1.115272651394631,0.6273996829986572,0,45742,5.06055889558693,0.8550305366516113,"[""PhlF/P2"", ""BM3R1/B2"", ""BetI/E1"", ""QacR/Q2""]","[11, 4, 2, 15]",0,45742,5.06055889558693,0.8550305366516113,"[""PhlF/P2"", ""BM3R1/B2"", ""BetI/E1"", ""QacR/Q2""]","[11, 4, 2, 15]",0,45742,5.06055889558693,0.8550305366516113,"[""PhlF/P2"", ""BM3R1/B2"", ""BetI/E1"", ""QacR/Q2""]","[11, 4, 2, 15]"
0b96a9dc,0x1B,5,A1,1,875520,24,24,6.329380428234908,0.8881038427352905,-0.9579748060708407,0.6699543595314026,0,247661,5.0287557649087145,0.8410792350769043,"[""BM3R1/B3"", ""BetI/E1"", ""PhlF/P2"", ""AmtR/A1"", ""QacR/Q2""]","[5, 2, 11, 1, 15]",0,247661,5.0287557649087145,0.8410792350769043,"[""BM3R1/B3"", ""BetI/E1"", ""PhlF/P2"", ""AmtR/A1"", ""QacR/Q2""]","[5, 2, 11, 1, 15]",0,247661,5.0287557649087145,0.8410792350769043,"[""BM3R1/B3"", ""BetI/E1"", ""PhlF/P2"", ""AmtR/A1"", ""QacR/Q2""]","[5, 2, 11, 1, 15]"
10211231,0x1B,5,A1,1,875520,24,24,6.752274159739233,0.8843176960945129,-0.24094467056956498,0.6543903350830078,0,849813,5.910547216095022,0.8274617195129395,"[""SrpR/S4"", ""AmtR/A1"", ""QacR/Q2"", ""BetI/E1"", ""PhlF/P2""]","[19, 1, 15, 2, 11]",0,849813,5.910547216095022,0.8274617195129395,"[""SrpR/S4"", ""AmtR/A1"", ""QacR/Q2"", ""BetI/E1"", ""PhlF/P2""]","[19, 1, 15, 2, 11]",0,849813,5.910547216095022,0.8274617195129395,"[""SrpR/S4"", ""AmtR/A1"", ""QacR/Q2"", ""BetI/E1"", ""PhlF/P2""]","[19, 1, 15, 2, 11]"
05771a23,0x1B,6,A1,1,8739360,16,16,6.357558850350285,0.8441713452339172,-1.6447950421405628,0.6128023266792297,0,2298359,3.8306392815045376,0.8438324928283691,"[""BM3R1/B2"", ""PhlF/P1"", ""BetI/E1"", ""AmtR/A1"", ""QacR/Q2"", ""SrpR/S4""]","[4, 10, 2, 1, 15, 19]",0,5608310,4.900726336650897,0.8120929002761841,"[""PhlF/P2"", ""BM3R1/B2"", ""SrpR/S4"", ""AmtR/A1"", ""QacR/Q2"", ""BetI/E1""]","[11, 4, 19, 1, 15, 2]",0,5608310,4.900726336650897,0.8120929002761841,"[""PhlF/P2"", ""BM3R1/B2"", ""SrpR/S4"", ""AmtR/A1"", ""QacR/Q2"", ""BetI/E1""]","[11, 4, 19, 1, 15, 2]"
0a3768e5,0x1B,6,A1,1,8739360,28,28,6.698103626341615,0.8773002624511719,1.4395005602354023,0.6216439604759216,0,5774487,5.3626055073757835,0.8441098928451538,"[""PhlF/P2"", ""QacR/Q2"", ""BetI/E1"", ""BM3R1/B3"", ""HlyIIR/H1"", ""LitR/L1""]","[11, 15, 2, 5, 6, 8]",0,5774487,5.3626055073757835,0.8441098928451538,"[""PhlF/P2"", ""QacR/Q2"", ""BetI/E1"", ""BM3R1/B3"", ""HlyIIR/H1"", ""LitR/L1""]","[11, 15, 2, 5, 6, 8]",0,5774487,5.3626055073757835,0.8441098928451538,"[""PhlF/P2"", ""QacR/Q2"", ""BetI/E1"", ""BM3R1/B3"", ""HlyIIR/H1"", ""LitR/L1""]","[11, 15, 2, 5, 6, 8]"
009d5d18,0x1B,7,A1,1,10000000,28,28,5.31316038529795,0.8492722511291504,-2.5648427751724743,0.4733458161354065,0,1217189,4.763331221127335,0.7172321081161499,"[""AmtR/A1"", ""SrpR/S4"", ""BM3R1/B2"", ""PsrA/R1"", ""QacR/Q2"", ""BetI/E1"", ""PhlF/P2""]","[1, 19, 4, 13, 15, 2, 11]",0,2094810,3.52414388778655,0.7716442346572876,"[""PhlF/P2"", ""AmtR/A1"", ""BM3R1/B3"", ""PsrA/R1"", ""BetI/E1"", ""QacR/Q2"", ""SrpR/S4""]","[11, 1, 5, 13, 2, 15, 19]",0,2094810,3.52414388778655,0.7716442346572876,"[""PhlF/P2"", ""AmtR/A1"", ""BM3R1/B3"", ""PsrA/R1"", ""BetI/E1"", ""QacR/Q2"", ""SrpR/S4""]","[11, 1, 5, 13, 2, 15, 19]"
017c44d7,0x1B,7,A1,1,10000000,14,14,6.6280591138827525,0.7920534610748291,-0.1670844964212305,0.5690197348594666,0,3556234,5.8632268564399705,0.7331091165542603,"[""AmtR/A1"", ""BM3R1/B2"", ""SrpR/S4"", ""QacR/Q2"", ""PsrA/R1"", ""BetI/E1"", ""PhlF/P2""]","[1, 4, 19, 15, 13, 2, 11]",0,3556234,5.8632268564399705,0.7331091165542603,"[""AmtR/A1"", ""BM3R1/B2"", ""SrpR/S4"", ""QacR/Q2"", ""PsrA/R1"", ""BetI/E1"", ""PhlF/P2""]","[1, 4, 19, 15, 13, 2, 11]",0,3556234,5.8632268564399705,0.7331091165542603,"[""AmtR/A1"", ""BM3R1/B2"", ""SrpR/S4"", ""QacR/Q2"", ""PsrA/R1"", ""BetI/E1"", ""PhlF/P2""]","[1, 4, 19, 15, 13, 2, 11]"
02b5456c,0x1B,7,A1,1,10000000,22,22,6.9974093364545045,0.8073312044143677,-0.03741442675883391,0.4643044769763946,0,8248714,5.239300465756496,0.7421033382415771,"[""SrpR/S4"", ""BM3R1/B3"", ""AmtR/A1"", ""BetI/E1"", ""PhlF/P1"", ""PsrA/R1"", ""QacR/Q2""]","[19, 5, 1, 2, 10, 13, 15]",0,8248714,5.239300465756496,0.7421033382415771,"[""SrpR/S4"", ""BM3R1/B3"", ""AmtR/A1"", ""BetI/E1"", ""PhlF/P1"", ""PsrA/R1"", ""QacR/Q2""]","[19, 5, 1, 2, 10, 13, 15]",0,8248714,5.239300465756496,0.7421033382415771,"[""SrpR/S4"", ""BM3R1/B3"", ""AmtR/A1"", ""BetI/E1"", ""PhlF/P1"", ""PsrA/R1"", ""QacR/Q2""]","[19, 5, 1, 2, 10, 13, 15]"
