k,task,size_class,iso_key,n_topo_in_size,n_topo_with_motif_in_size,num_edges,max_in_deg,max_out_deg,is_linear,partial_r,presence_rate_top_01,presence_designs_top_01,n_topo_top_01,presence_rate_top_05,presence_designs_top_05,n_topo_top_05,presence_rate_top_10,presence_designs_top_10,n_topo_top_10,presence_rate_top_25,presence_designs_top_25,n_topo_top_25,presence_rate_bot_25,presence_designs_bot_25,n_topo_bot_25,presence_rate_bot_10,presence_designs_bot_10,n_topo_bot_10,presence_rate_bot_05,presence_designs_bot_05,n_topo_bot_05,presence_rate_bot_01,presence_designs_bot_01,n_topo_bot_01,log_odds_top01_vs_bot01,log_odds_top05_vs_bot05,log_odds_top10_vs_bot10,log_odds_top25_vs_bot25
5,toxicity,4,0000000000000000000011110,27,0,4,1,4,False,,0.0,0,0,0.0,0,0,0.0,0,0,0.0,0,0,0.0,0,0,0.0,0,0,0.0,0,0,0.0,0,0,,,,
5,toxicity,4,0000000000000000000111100,27,0,4,1,3,False,,0.0,0,0,0.0,0,0,0.0,0,0,0.0,0,0,0.0,0,0,0.0,0,0,0.0,0,0,0.0,0,0,,,,
5,toxicity,4,0000000000000000010011010,27,0,4,1,3,False,,0.0,0,0,0.0,0,0,0.0,0,0,0.0,0,0,0.0,0,0,0.0,0,0,0.0,0,0,0.0,0,0,,,,
5,toxicity,4,0000000000000000010011100,27,0,4,2,3,False,,0.0,0,0,0.0,0,0,0.0,0,0,0.0,0,0,0.0,0,0,0.0,0,0,0.0,0,0,0.0,0,0,,,,
5,toxicity,4,0000000000000000010011110,27,0,5,2,4,False,,0.0,0,0,0.0,0,0,0.0,0,0,0.0,0,0,0.0,0,0,0.0,0,0,0.0,0,0,0.0,0,0,,,,
5,toxicity,4,0000000000000000010111000,27,0,4,1,2,False,,0.0,0,0,0.0,0,0,0.0,0,0,0.0,0,0,0.0,0,0,0.0,0,0,0.0,0,0,0.0,0,0,,,,
5,toxicity,4,0000000000000000010111100,27,0,5,2,3,False,,0.0,0,0,0.0,0,0,0.0,0,0,0.0,0,0,0.0,0,0,0.0,0,0,0.0,0,0,0.0,0,0,,,,
5,toxicity,4,0000000000000000110010100,27,3,4,2,2,False,-0.23649406799791778,0.03642400515387284,735,3,0.06153922394568611,6209,3,0.07282854863248245,14696,3,0.0865049913968775,43639,3,0.12482803734612563,62972,3,0.13371459155152932,26982,3,0.13732680528850918,13856,3,0.14585191793041927,2943,3,-2.001542883861175,-1.1580351020820312,-0.8765809078192615,-0.5290867263518015
5,toxicity,4,0000000000000000110010110,27,0,5,2,3,False,,0.0,0,0,0.0,0,0,0.0,0,0,0.0,0,0,0.0,0,0,0.0,0,0,0.0,0,0,0.0,0,0,,,,
5,toxicity,4,0000000000000000110011100,27,0,5,2,3,False,,0.0,0,0,0.0,0,0,0.0,0,0,0.0,0,0,0.0,0,0,0.0,0,0,0.0,0,0,0.0,0,0,,,,
5,toxicity,4,0000000000000010000111000,27,4,4,2,2,False,0.3746207428265502,0.17815550820159573,3595,4,0.17513256355617227,17670,4,0.17180817586687083,34669,4,0.16895026047241846,85230,4,0.1324558447479533,66820,4,0.1137877376256269,22961,4,0.09632500148664988,9719,4,0.072058677767866,1454,4,1.3058930047625588,0.8624651502831671,0.5944535984031044,0.3510870692335887
5,toxicity,4,0000000000000010010011000,27,2,4,1,2,False,-0.011299974256871232,0.036721343971455475,741,2,0.04451162099212052,4491,2,0.049799543087086014,10049,2,0.05648524782543194,28495,2,0.08685551172517691,43816,2,0.098296231688703,19835,2,0.10673155067493904,10769,2,0.13960749330954506,2817,2,-1.9266856127136038,-1.2617327651753938,-0.9810036045071426,-0.6207432731417222
5,toxicity,4,0000000000000010010111000,27,0,5,2,2,False,,0.0,0,0,0.0,0,0,0.0,0,0,0.0,0,0,0.0,0,0,0.0,0,0,0.0,0,0,0.0,0,0,,,,
5,toxicity,4,0000000000000010100010010,27,2,4,1,2,False,0.3868949670704442,0.11789484117151494,2379,2,0.10343426334307944,10436,2,0.09778531039848555,19732,2,0.09048343998033571,45646,2,0.06667789957777469,33637,2,0.06138125161060123,12386,2,0.058474895438958154,5900,2,0.060114976707304986,1213,2,0.9717042246601174,0.8228248859669118,0.6718196917365266,0.4404451197795004
5,toxicity,4,0000000000000010100011000,27,7,4,2,2,False,0.297214376637416,0.2485256950294861,5015,7,0.2543138906784281,25659,7,0.2580715499853808,52076,7,0.2622247595486731,132284,7,0.2580212896703471,130164,7,0.25257200626399984,50966,7,0.24700192273385002,24922,7,0.2689067301020914,5426,7,-0.11371084342683009,0.042087992282139476,0.031076358988187815,0.023313803641530167
5,toxicity,4,0000000000000010100011010,27,1,5,2,3,False,0.21467430801050022,0.02492690420734427,503,1,0.0324297537043461,3272,1,0.03495730688987011,7054,1,0.03881911241149092,19583,1,0.03331417130850199,16806,1,0.025259182904830813,5097,1,0.018196594580665623,1836,1,0.0033700069382495788,68,1,2.8868802519106804,0.8336495858139665,0.46878607298043595,0.2206311246478017
5,toxicity,4,0000000000000010100110000,27,9,4,2,2,False,-0.002811201955128638,0.35561722582883193,7176,9,0.3416224788146092,34468,9,0.33973606093493697,68555,9,0.3381681295939485,170595,9,0.33107023212480424,167015,9,0.33944040279897714,68495,9,0.33755872267041964,34059,9,0.3355634849836456,6771,9,0.08373947436176174,0.017264408342629378,0.0012560640018248687,0.030603402454399853
5,toxicity,4,0000000000000010100111000,27,1,5,2,2,False,-0.1768410156147871,0.00847415630110511,171,1,0.015431884632538778,1557,1,0.019485700409834033,3932,1,0.025214681605176145,12720,1,0.04454576089757567,22472,1,0.05008722025095645,10107,1,0.056264742611350074,5677,1,0.07552780255724056,1524,1,-3.155866169251931,-1.8663169009098146,-1.3620267570427722,-0.8210241392968192
5,toxicity,4,0000000000000010110010000,27,8,4,1,2,False,-0.20229650107864933,0.22939689776500322,4629,8,0.26867535556766936,27108,8,0.2787119218589715,56241,8,0.2845215157353886,143532,8,0.2926279065157492,147622,8,0.2963456697127679,59799,8,0.2954667089535967,29812,8,0.2870948557835266,5793,8,-0.3236815990244225,-0.13713159192118407,-0.08850626177230272,-0.040529604559704585
5,toxicity,4,0000000000000010110011000,27,1,5,2,2,False,-0.0435044880162065,0.012736012686456216,257,1,0.018980127855691562,1915,1,0.022518571379014713,4544,1,0.027008650697368318,13625,1,0.04341387991357266,21901,1,0.047743176006501874,9634,1,0.05161648397391425,5208,1,0.06516998711467935,1315,1,-2.3552940316302937,-1.4433421600672904,-1.0841792386227342,-0.6847347952609246
5,toxicity,4,0000000000000010110110000,27,1,5,2,3,False,-0.07728403678930178,0.013528916200009912,273,1,0.01938649090638783,1956,1,0.023157853004871425,4673,1,0.027286170777928432,13765,1,0.044367355838801116,22382,1,0.052758340436497714,10646,1,0.05913893238716327,5967,1,0.06581425314699177,1328,1,-2.282353787071579,-1.6090565103166408,-1.1878976786011257,-0.7013286281332609
5,toxicity,4,0000000000000010110111000,27,1,6,2,3,False,0.1667767430529857,0.028247187670350365,570,1,0.029079736359581745,2934,1,0.03031384267725198,6117,1,0.03127056622025579,15775,1,0.042309750827601245,21344,1,0.04820901143774654,9728,1,0.05046680806358897,5092,1,0.06407969075230449,1293,1,-1.1817599474026572,-0.7953206519419423,-0.6693261022462719,-0.43618484676944985
5,toxicity,4,0000000000000011100001000,27,10,4,2,2,False,-0.33205720687293366,0.3505624659299271,7074,10,0.36044402596759006,36367,10,0.3646779556863853,73588,10,0.36934751064487736,186324,10,0.37789957777469424,190639,10,0.38844232560905506,78383,10,0.40094947372594103,40455,10,0.4250173456239469,8576,10,-0.2778501834013607,-0.15364520663894873,-0.09107741559079419,-0.033024052579431036
5,toxicity,4,0000000000000011100001010,27,0,5,2,2,False,,0.0,0,0,0.0,0,0,0.0,0,0,0.0,0,0,0.0,0,0,0.0,0,0,0.0,0,0,0.0,0,0,,,,
5,toxicity,4,0000000000000011100011000,27,0,5,2,2,False,,0.0,0,0,0.0,0,0,0.0,0,0,0.0,0,0,0.0,0,0,0.0,0,0,0.0,0,0,0.0,0,0,,,,
5,toxicity,4,0000000000000011100101000,27,4,5,2,3,False,0.06726515472121669,0.1426730759700679,2879,4,0.15232667624758411,15369,4,0.153283875731581,30931,4,0.15213849044934466,76749,4,0.14372113307035106,72503,4,0.1355481991000456,27352,4,0.1340066205474836,13521,4,0.13296659728417087,2683,4,0.10164923765840654,0.18486433802523033,0.17739999912337043,0.08211298107038581
5,toxicity,4,0000000000000011110001000,27,0,5,2,3,False,,0.0,0,0,0.0,0,0,0.0,0,0,0.0,0,0,0.0,0,0,0.0,0,0,0.0,0,0,0.0,0,0,,,,
5,toxicity,4,0000000000000011110101000,27,0,6,2,4,False,,0.0,0,0,0.0,0,0,0.0,0,0,0.0,0,0,0.0,0,0,0.0,0,0,0.0,0,0,0.0,0,0,,,,
5,toxicity,4,0000000000000110100010000,27,4,4,1,2,False,-0.0563576724451102,0.09019277466673274,1820,4,0.10246295653897616,10338,4,0.11256312286596395,22714,4,0.12409310402245534,62601,4,0.16022360100699745,80828,4,0.1758231411184015,35479,4,0.18121270986540863,18284,4,0.18366537813460204,3706,4,-1.025995927585714,-0.8225817203719048,-0.6433907052833416,-0.36866372732085606
5,toxicity,4,0000000000000110100010010,27,1,5,2,2,False,7.265737845443343e-05,0.012736012686456216,257,1,0.019148619852321722,1932,1,0.022989360173250276,4639,1,0.0271771450319941,13710,1,0.044196879893749874,22296,1,0.05088508731936488,10268,1,0.055650260659279666,5615,1,0.06100703736742987,1231,1,-2.260061993935086,-1.5391480321661646,-1.1462765992660215,-0.7015506167793591
5,toxicity,4,0000000000000110100011000,27,1,5,2,2,False,0.050644978139068174,0.0562465929927152,1135,1,0.05495812478319045,5545,1,0.05301081823092438,10697,1,0.04942830863404617,24935,1,0.027759827145320833,14004,1,0.019892164053362936,4014,1,0.01198239806537295,1209,1,0.0006442660323124195,13,1,6.447965367392678,2.1974161120859743,1.4140865746207587,0.832338955781834
5,toxicity,4,0000000000000110100111000,27,0,6,2,2,False,,0.0,0,0,0.0,0,0,0.0,0,0,0.0,0,0,0.0,0,0,0.0,0,0,0.0,0,0,0.0,0,0,,,,
5,toxicity,4,0000000000000111100011000,27,0,6,2,2,False,,0.0,0,0,0.0,0,0,0.0,0,0,0.0,0,0,0.0,0,0,0.0,0,0,0.0,0,0,0.0,0,0,,,,
5,toxicity,4,0000000000010000100010010,27,10,4,2,2,False,-0.10743208680451972,0.22186431438624313,4477,10,0.2509044055701472,25315,10,0.2721704354548563,54921,10,0.30119650800447206,151944,10,0.41474815152536326,209228,10,0.4617866275497056,93183,10,0.48690757002120955,49128,10,0.5476756863911191,11051,10,-1.303644197636939,-0.9565101276613676,-0.7627160336139155,-0.46153050743669444
5,toxicity,4,0000000000010000100010110,27,0,5,2,3,False,,0.0,0,0,0.0,0,0,0.0,0,0,0.0,0,0,0.0,0,0,0.0,0,0,0.0,0,0,0.0,0,0,,,,
5,toxicity,4,0000000000010000100110000,27,14,4,2,2,False,-0.1658154179126088,0.398235789682343,8036,14,0.43348035085980474,43736,14,0.4512634484535827,91060,14,0.47166123520223285,237938,14,0.5447182191210578,274794,14,0.5727991753721727,115584,14,0.5855418343277369,59080,14,0.6264248191099216,12640,14,-0.6535184909756803,-0.43380564916654235,-0.3440594881147358,-0.20775908781012078
5,toxicity,4,0000000000010000100110100,27,0,5,2,2,False,,0.0,0,0,0.0,0,0,0.0,0,0,0.0,0,0,0.0,0,0,0.0,0,0,0.0,0,0,0.0,0,0,,,,
5,toxicity,4,0000000000010000110010010,27,0,5,2,2,False,,0.0,0,0,0.0,0,0,0.0,0,0,0.0,0,0,0.0,0,0,0.0,0,0,0.0,0,0,0.0,0,0,,,,
5,toxicity,4,0000000000010000110010100,27,3,5,2,2,False,-0.13605721709872456,0.07393825263888201,1492,3,0.09025224243024926,9106,3,0.09780513308455863,19736,3,0.10459533607681756,52765,3,0.11550141732907804,58267,3,0.1178018514480544,23771,3,0.12536422922159013,12649,3,0.1377738130637328,2780,3,-0.8979088440001389,-0.47409107261697914,-0.2683801247371206,-0.14309203218984792
5,toxicity,4,0000000000010000110010110,27,0,6,2,3,False,,0.0,0,0,0.0,0,0,0.0,0,0,0.0,0,0,0.0,0,0,0.0,0,0,0.0,0,0,0.0,0,0,,,,
5,toxicity,4,0000000000010000110110000,27,2,5,2,3,False,-0.09274505013105246,0.028594082957530107,577,2,0.039902869319589675,4026,2,0.046796406147014954,9443,2,0.054724977600164926,27607,2,0.08828869903066584,44539,2,0.10210716197197059,20604,2,0.1147099050526274,11574,2,0.13856675587273268,2796,2,-2.276792633374461,-1.5234255755628943,-1.1256144192578577,-0.6900293255794664
5,toxicity,4,0000000000010000110110100,27,0,6,2,3,False,,0.0,0,0,0.0,0,0,0.0,0,0,0.0,0,0,0.0,0,0,0.0,0,0,0.0,0,0,0.0,0,0,,,,
5,toxicity,4,0000000000010001000011000,27,10,4,2,2,False,-0.3656780367978876,0.3038802715694534,6132,10,0.33620100104068584,33921,10,0.3487454717551502,70373,10,0.36149369236502615,182362,10,0.3781572739707019,190769,10,0.38078577516998036,76838,10,0.38558742492418085,38905,10,0.38978094954901377,7865,10,-0.3591605652887783,-0.19773398183231491,-0.12680510103349169,-0.06501589578092182
5,toxicity,4,0000000000010001000011010,27,1,5,2,3,False,0.0058870651775330815,0.050398929580256706,1017,1,0.0453441696813519,4575,1,0.04364459906139581,8807,1,0.04119587367285933,20782,1,0.035962495292088725,18142,1,0.035715701627450594,7207,1,0.03636345616365042,3669,1,0.038457726236495196,776,1,0.39011962502586545,0.31842773509625,0.28924467100228196,0.19600671201269293
5,toxicity,4,0000000000010001000011110,27,0,6,2,4,False,,0.0,0,0,0.0,0,0,0.0,0,0,0.0,0,0,0.0,0,0,0.0,0,0,0.0,0,0,0.0,0,0,,,,
5,toxicity,4,0000000000010001000110100,27,1,5,2,2,False,7.265737845443343e-05,0.012736012686456216,257,1,0.019148619852321722,1932,1,0.022989360173250276,4639,1,0.0271771450319941,13710,1,0.044196879893749874,22296,1,0.05088508731936488,10268,1,0.055650260659279666,5615,1,0.06100703736742987,1231,1,-2.260061993935086,-1.5391480321661646,-1.1462765992660215,-0.7015506167793591
5,toxicity,4,0000000000010001000111000,27,2,5,2,2,False,-0.011299974256871232,0.036721343971455475,741,2,0.04451162099212052,4491,2,0.049799543087086014,10049,2,0.05648524782543194,28495,2,0.08685551172517691,43816,2,0.098296231688703,19835,2,0.10673155067493904,10769,2,0.13960749330954506,2817,2,-1.9266856127136038,-1.2617327651753938,-0.9810036045071426,-0.6207432731417222
5,toxicity,4,0000000000010001000111100,27,0,6,2,3,False,,0.0,0,0,0.0,0,0,0.0,0,0,0.0,0,0,0.0,0,0,0.0,0,0,0.0,0,0,0.0,0,0,,,,
5,toxicity,4,0000000000010001010010100,27,1,5,2,2,False,-0.07728403678930178,0.013528916200009912,273,1,0.01938649090638783,1956,1,0.023157853004871425,4673,1,0.027286170777928432,13765,1,0.044367355838801116,22382,1,0.052758340436497714,10646,1,0.05913893238716327,5967,1,0.06581425314699177,1328,1,-2.282353787071579,-1.6090565103166408,-1.1878976786011257,-0.7013286281332609
5,toxicity,4,0000000000010001010011000,27,1,5,2,2,False,-0.10991519016891627,0.008573269240299322,173,1,0.015689578274443727,1583,1,0.01956499115412634,3948,1,0.02460215514165418,12411,1,0.04541399885027851,22910,1,0.05425496065177315,10948,1,0.05921822038097881,5975,1,0.07116661710774111,1436,1,-3.0532833028308337,-1.9162345613322669,-1.4714805944489975,-0.8843523755778832
5,toxicity,4,0000000000010001010011010,27,0,6,2,3,False,,0.0,0,0,0.0,0,0,0.0,0,0,0.0,0,0,0.0,0,0,0.0,0,0,0.0,0,0,0.0,0,0,,,,
5,toxicity,4,0000000000010001010011100,27,1,6,2,3,False,-0.07728403678930178,0.013528916200009912,273,1,0.01938649090638783,1956,1,0.023157853004871425,4673,1,0.027286170777928432,13765,1,0.044367355838801116,22382,1,0.052758340436497714,10646,1,0.05913893238716327,5967,1,0.06581425314699177,1328,1,-2.282353787071579,-1.6090565103166408,-1.1878976786011257,-0.7013286281332609
5,toxicity,4,0000000000010001010111000,27,0,6,2,3,False,,0.0,0,0,0.0,0,0,0.0,0,0,0.0,0,0,0.0,0,0,0.0,0,0,0.0,0,0,0.0,0,0,,,,
5,toxicity,4,0000000000010011000111000,27,1,6,2,2,False,7.265737845443343e-05,0.012736012686456216,257,1,0.019148619852321722,1932,1,0.022989360173250276,4639,1,0.0271771450319941,13710,1,0.044196879893749874,22296,1,0.05088508731936488,10268,1,0.055650260659279666,5615,1,0.06100703736742987,1231,1,-2.260061993935086,-1.5391480321661646,-1.1462765992660215,-0.7015506167793591
5,toxicity,4,0000000000010011010011000,27,0,6,2,2,False,,0.0,0,0,0.0,0,0,0.0,0,0,0.0,0,0,0.0,0,0,0.0,0,0,0.0,0,0,0.0,0,0,,,,
5,toxicity,4,0000000001000010010010000,27,23,4,2,1,False,-0.13934962213160793,0.7167352197829426,14463,23,0.7813370335497299,78833,23,0.8031210819222059,162061,23,0.8250235892068476,416198,23,0.8649473705076615,436340,23,0.871409598192162,175840,23,0.8788380344506334,88673,23,0.8965705223510755,18091,23,-0.3229768178011479,-0.16965231204472192,-0.11773349305919024,-0.06817698197231636
5,toxicity,4,0000000001000010110010000,27,3,5,2,2,False,-0.134644073019594,0.12364339164477922,2495,3,0.13586401704742554,13708,3,0.13479922096843733,27201,3,0.12900719173465908,65080,3,0.09428310900549092,47563,3,0.07683311197890856,15504,3,0.0623500961366925,6291,3,0.028545941123996433,576,3,2.114827602137803,1.1236997259874513,0.8110120653534193,0.45238025582391633
5,toxicity,4,0000000001000011000000010,27,12,4,2,1,False,0.0397313881962046,0.3819812676544923,7708,12,0.4164131027305615,42014,12,0.42538493178518155,85838,12,0.4382458352165053,221081,12,0.44154657363173233,222747,12,0.43191369159712173,87155,12,0.42138595413189556,42517,12,0.4248191099216969,8572,12,-0.15334677502533353,-0.01712676148939117,-0.02197412019845329,-0.010825238402671404
5,toxicity,4,0000000001000011000010000,27,18,4,2,1,False,0.19093684057146657,0.6606868526686159,13332,18,0.6454829277962238,65126,18,0.6469728280530653,130552,18,0.6516647240261028,328744,18,0.676422780343727,341235,18,0.684024818125954,138028,18,0.6883288073103531,69451,18,0.699425116463475,14113,18,-0.08220296826123845,-0.09271895098979484,-0.0803435483023654,-0.05379534620543631
5,toxicity,4,0000000001000011000010010,27,5,5,2,2,False,0.3588313647506847,0.21284503691956985,4295,5,0.20284454135487387,20466,5,0.1992080836913806,40198,5,0.19764583680233433,99706,5,0.17638511705354135,88981,5,0.1608073820048764,32449,5,0.14748557949612479,14881,5,0.12771335117454655,2577,5,0.7368940975216991,0.4598005785710656,0.3089425556813217,0.1641887317151362
5,toxicity,4,0000000001000011010010000,27,6,5,2,2,False,-0.26708703523790245,0.12904504683086376,2604,6,0.1708508845829823,17238,6,0.183929748400557,37115,6,0.19706106234686838,99411,6,0.23463040418657205,118364,6,0.2472644557654568,49895,6,0.2590338757953577,26136,6,0.28511249876102684,5753,6,-1.14365651836311,-0.6004030648983575,-0.42690003039689567,-0.2517472348841344
5,toxicity,4,0000000001000011110010000,27,0,6,2,3,False,,0.0,0,0,0.0,0,0,0.0,0,0,0.0,0,0,0.0,0,0,0.0,0,0,0.0,0,0,0.0,0,0,,,,
5,toxicity,4,0000000001000100100110000,27,4,5,2,2,False,0.6856870947584963,0.32528866643540316,6564,4,0.2592992715198969,26162,4,0.2336202667142411,47142,4,0.2055016373684753,103669,4,0.11600689832893929,58522,4,0.08092156124249213,16329,4,0.0539852127891534,5447,4,0.010407374368123699,210,4,4.966042509203084,2.2639819584009664,1.5295693748062194,0.8249392913656749
5,toxicity,4,0000000001000101000010000,27,19,4,2,1,False,0.22820352114164652,0.7283314336686655,14697,19,0.7071014420932653,71343,19,0.7062624820976366,142516,19,0.705134914404878,355718,19,0.712093880706484,359230,19,0.7254197474577279,146381,19,0.7324327538702452,73901,19,0.7448706512042819,15030,19,-0.03239480844422656,-0.050779107263978995,-0.038611559003720756,-0.01416813840726193
5,toxicity,4,0000000001000101000010010,27,4,5,2,2,False,0.15866092401085088,0.12859903860448982,2595,4,0.13407998414192973,13528,4,0.13788660432431896,27824,4,0.14395164807282126,72619,4,0.14841715067298353,74872,4,0.13991416734394513,28233,4,0.13295605462942775,13415,4,0.12483893349192189,2519,4,0.04281191986649501,0.012144406548125219,-0.021059747519767278,-0.044073509302002864
5,toxicity,4,0000000001000101000010100,27,2,5,2,2,False,0.41648293689733806,0.1091729025224243,2203,2,0.10119431091729025,10210,2,0.09627878625693174,19428,2,0.09251330114100399,46670,2,0.0612821376890598,30915,2,0.04615239756576209,9313,2,0.032726119447362687,3302,2,0.006244424620874219,126,2,4.12790235955646,1.6286137371379312,1.0608123583020033,0.5941941813615927
5,toxicity,4,0000000001000101000010110,27,0,6,2,3,False,,0.0,0,0,0.0,0,0,0.0,0,0,0.0,0,0,0.0,0,0,0.0,0,0,0.0,0,0,0.0,0,0,,,,
5,toxicity,4,0000000001000110100010000,27,6,5,2,2,False,-0.27712740631972177,0.11739927647554388,2369,6,0.16147480053520988,16292,6,0.17488069220819769,35289,6,0.1915126430219558,96612,6,0.23615675857830992,119134,6,0.24992566455884394,50432,6,0.257953576879621,26027,6,0.27619189215977796,5573,6,-1.2342474514823811,-0.6758024134606867,-0.5151280410379135,-0.3023051874388678
5,toxicity,4,0000000001000111000000010,27,11,5,2,2,False,-0.030314067222762104,0.32281084295554785,6514,11,0.34387234253431787,34695,11,0.3568232163299288,72003,11,0.3707291641888088,187021,11,0.4316252700854362,217742,11,0.4583325073839872,92486,11,0.48188269341314993,48621,11,0.524085637823372,10575,11,-0.6991135351432782,-0.4868089029522973,-0.36118512720360446,-0.21941371957307415
5,toxicity,4,0000000001000111000010000,27,8,5,2,2,False,-0.2520628091521011,0.2580900936617275,5208,8,0.2747708013281134,27723,8,0.2811748906035512,56738,8,0.2887814489719863,145681,8,0.3040973695165223,153408,8,0.3070251947588558,61954,8,0.307736525996551,31050,8,0.32044801268708495,6466,8,-0.3122155556049571,-0.1634669873059673,-0.1268892842442198,-0.07455526898258057
5,toxicity,4,0000000001000111000010010,27,2,6,2,2,False,0.2335216853172009,0.09138212993706328,1844,2,0.08840874176123693,8920,2,0.08744777961137624,17646,2,0.0873316047796887,44056,2,0.06316728447677761,31866,2,0.04480444823279878,9041,2,0.029415845705564034,2968,2,0.0056001585885618,113,2,4.028372481369644,1.5875955144728895,0.9647797814320793,0.46732629799475855
5,toxicity,4,0000000001000111100010000,27,0,6,2,2,False,,0.0,0,0,0.0,0,0,0.0,0,0,0.0,0,0,0.0,0,0,0.0,0,0,0.0,0,0,0.0,0,0,,,,
5,toxicity,4,0000000001010000110010000,27,11,5,2,2,False,-0.16226901242274117,0.2701323157738243,5451,11,0.31147232271173003,31426,11,0.32980489521232575,66551,11,0.35260710292823333,177879,11,0.4432533153606756,223608,11,0.476405930977065,96133,11,0.5031616087533946,50768,11,0.5493111309346813,11084,11,-1.023957287170652,-0.691917877016752,-0.5305785615296745,-0.3300698853127876
5,toxicity,4,0000000001010000110110000,27,1,6,2,3,False,0.1667767430529857,0.028247187670350365,570,1,0.029079736359581745,2934,1,0.03031384267725198,6117,1,0.03127056622025579,15775,1,0.042309750827601245,21344,1,0.04820901143774654,9728,1,0.05046680806358897,5092,1,0.06407969075230449,1293,1,-1.1817599474026572,-0.7953206519419423,-0.6693261022462719,-0.43618484676944985
5,toxicity,4,0000000001010001000010000,27,23,4,2,1,False,-0.4722284483731223,0.8116358590614005,16378,23,0.8238465731701273,83122,23,0.8287121696425475,167225,23,0.8319655557934299,419700,23,0.8654508692290919,436594,23,0.8865591610997681,178897,23,0.9044381454538246,91256,23,0.9263554366141342,18692,23,-0.19073324597662308,-0.13464615424288492,-0.09734579870052093,-0.056928120993229525
5,toxicity,4,0000000001010001000010010,27,3,5,2,2,False,0.2943944043038788,0.12146290698250657,2451,3,0.11443579959363695,11546,3,0.11176030408000436,22552,3,0.11031423202264563,55650,3,0.11321783257676374,57115,3,0.11600293377207763,23408,3,0.11806973379056077,11913,3,0.12211319258598474,2464,3,-0.0077032684725688,-0.04510073995181395,-0.05375344110850423,-0.037482280283745964
5,toxicity,4,0000000001010001000110000,27,6,5,2,2,False,0.030142070317205793,0.17914663759353783,3615,6,0.1777788790326577,17937,6,0.182566938733033,36840,6,0.19439488728720156,98066,6,0.2388843736991298,120510,6,0.25595179098856224,51648,6,0.265822910265813,26821,6,0.29809693725840025,6015,6,-0.7346405868694658,-0.5803815149830412,-0.48744657183952145,-0.29732220930121733
5,toxicity,4,0000000001010001010010000,27,2,5,2,2,False,-0.12995189148436725,0.05887308588136181,1188,2,0.06973586401704743,7036,2,0.0741665799424151,14966,2,0.07715652925458107,38923,2,0.07158007413721332,36110,2,0.06845302991258152,13813,2,0.06979325655612599,7042,2,0.06502131033799187,1312,2,-0.14330438046182484,-0.0011868481051445457,0.11565484287447592,0.10823020985837689
5,toxicity,4,0000000001010001010110000,27,0,6,2,3,False,,0.0,0,0,0.0,0,0,0.0,0,0,0.0,0,0,0.0,0,0,0.0,0,0,0.0,0,0,0.0,0,0,,,,
5,toxicity,4,0000000001010001100010000,27,6,5,2,2,False,0.13211679146043473,0.19589672431735963,3953,6,0.20545121165568164,20729,6,0.2090649143412178,42187,6,0.21771053862683065,109828,6,0.2233175411818344,112657,6,0.2206721906158939,44529,6,0.21228369244187198,21419,6,0.19803746654772525,3996,6,-0.015680124617311636,-0.047197709302500175,-0.07795386434411002,-0.03668533147396931
5,toxicity,4,0000000001010001100110000,27,1,6,2,3,False,0.1667767430529857,0.028247187670350365,570,1,0.029079736359581745,2934,1,0.03031384267725198,6117,1,0.03127056622025579,15775,1,0.042309750827601245,21344,1,0.04820901143774654,9728,1,0.05046680806358897,5092,1,0.06407969075230449,1293,1,-1.1817599474026572,-0.7953206519419423,-0.6693261022462719,-0.43618484676944985
5,toxicity,4,0000000001010001110010000,27,1,6,2,3,False,-0.04642620658767881,0.015065166757520194,304,1,0.020516378413201843,2070,1,0.023638553142143526,4770,1,0.027438806822236494,13842,1,0.04392134319186473,22157,1,0.049348821535472875,9958,1,0.05557097266546413,5607,1,0.07275250272574091,1468,1,-2.2717802360441346,-1.437555405793601,-1.0618738987136147,-0.678704427952386
5,toxicity,4,0000000001010010110010000,27,1,6,2,2,False,0.11208509662337698,0.06645522572971901,1341,1,0.055978988056890826,5648,1,0.05249047272150613,10592,1,0.04851249236819778,24473,1,0.029853113168275616,15060,1,0.019545265327967968,3944,1,0.011219251124898412,1132,1,0.0022301516503122213,45,1,4.897168928930292,2.3189090267253234,1.425236420888867,0.7004749133389101
5,toxicity,4,0000000001010011000010000,27,11,5,2,2,False,0.13804130489315902,0.38718469696218843,7813,11,0.3720501511472323,37538,11,0.3746933678248071,75609,11,0.3798992205650309,191647,11,0.4315281384423256,217693,11,0.4580103871389775,92421,11,0.477254256774168,48154,11,0.5045594211517495,10181,11,-0.3820022503649378,-0.3592609604885031,-0.28966987553068624,-0.18383788353014427
5,toxicity,4,0000000001010011000010010,27,0,6,2,2,False,,0.0,0,0,0.0,0,0,0.0,0,0,0.0,0,0,0.0,0,0,0.0,0,0,0.0,0,0,0.0,0,0,,,,
5,toxicity,4,0000000001010011010010000,27,1,6,2,2,False,0.48007638385328966,0.08424599831508003,1700,1,0.06876455721294415,6938,1,0.061321479367061636,12374,1,0.05369418872951307,27087,1,0.027967966380557815,14109,1,0.020893214660931275,4216,1,0.01452952486669706,1466,1,0.0028744176826246406,58,1,4.8732665392529855,2.2426776334385963,1.5533580174359833,0.9409905994283183
5,toxicity,4,0000000001010011100010000,27,1,6,2,2,False,-0.07400609265645364,0.0034193964022003072,69,1,0.011140294365429407,1124,1,0.01458949694978418,2944,1,0.021890387497323912,11043,1,0.04544769758360259,22927,1,0.052010030328859994,10495,1,0.05449067374972745,5498,1,0.06383189612449203,1288,1,-4.222463917980955,-2.2902219750060016,-1.8338597396629428,-1.0539097152796308
5,toxicity,4,0000000001010011110010000,27,1,7,2,3,False,0.21467430801050022,0.02492690420734427,503,1,0.0324297537043461,3272,1,0.03495730688987011,7054,1,0.03881911241149092,19583,1,0.03331417130850199,16806,1,0.025259182904830813,5097,1,0.018196594580665623,1836,1,0.0033700069382495788,68,1,2.8868802519106804,0.8336495858139665,0.46878607298043595,0.2206311246478017
5,toxicity,4,0000000001010101000010000,27,5,5,2,2,False,-0.15141644947725433,0.10937112840081273,2207,5,0.12431735963129986,12543,5,0.13490824574183924,27223,5,0.14882212548665127,75076,5,0.21313457688266893,107520,5,0.2450145697464666,49441,5,0.2674780471367123,26988,5,0.307909604519774,6213,5,-1.4932749213065608,-1.1053927214476535,-0.8608890112701921,-0.5181756320872076
5,toxicity,4,0000000001010101000010010,27,1,6,2,2,False,-0.04642620658767881,0.015065166757520194,304,1,0.020516378413201843,2070,1,0.023638553142143526,4770,1,0.027438806822236494,13842,1,0.04392134319186473,22157,1,0.049348821535472875,9958,1,0.05557097266546413,5607,1,0.07275250272574091,1468,1,-2.2717802360441346,-1.437555405793601,-1.0618738987136147,-0.678704427952386
5,toxicity,4,0000000001010101000110000,27,0,6,2,2,False,,0.0,0,0,0.0,0,0,0.0,0,0,0.0,0,0,0.0,0,0,0.0,0,0,0.0,0,0,0.0,0,0,,,,
5,toxicity,4,0000000001010101100010000,27,0,6,2,2,False,,0.0,0,0,0.0,0,0,0.0,0,0,0.0,0,0,0.0,0,0,0.0,0,0,0.0,0,0,0.0,0,0,,,,
5,toxicity,4,0000000001010111000010000,27,2,6,2,3,False,-0.0287120362862266,0.10268100500520343,2072,2,0.09938054413003618,10027,2,0.09468801569956738,19107,2,0.08588057121561725,43324,2,0.06648561856998433,33540,2,0.06094019465974191,12297,2,0.060239053301353845,6078,2,0.056844087620180395,1147,2,0.8530871150262219,0.7222643437465526,0.6357877324513161,0.369289480390538
5,toxicity,4,0000000001010111000010010,27,0,7,2,3,False,,0.0,0,0,0.0,0,0,0.0,0,0,0.0,0,0,0.0,0,0,0.0,0,0,0.0,0,0,0.0,0,0,,,,
5,toxicity,4,0000000001100001000000110,27,4,5,2,2,False,0.0005566895886574354,0.10570394965062689,2133,4,0.11844987363100253,11951,4,0.1253289326970251,25290,4,0.1329222071568464,67055,4,0.15802921878407042,79721,4,0.1659315717485678,33483,4,0.17033043271422624,17186,4,0.20542174645653682,4145,4,-0.9585596326870484,-0.5240595630398834,-0.4048689083852392,-0.2496091757917724
5,toxicity,4,0000000001100001010000110,27,2,6,2,2,False,0.2335216853172009,0.09138212993706328,1844,2,0.08840874176123693,8920,2,0.08744777961137624,17646,2,0.0873316047796887,44056,2,0.06316728447677761,31866,2,0.04480444823279878,9041,2,0.029415845705564034,2968,2,0.0056001585885618,113,2,4.028372481369644,1.5875955144728895,0.9647797814320793,0.46732629799475855
5,toxicity,4,0000000011000111000010000,27,0,6,2,2,False,,0.0,0,0,0.0,0,0,0.0,0,0,0.0,0,0,0.0,0,0,0.0,0,0,0.0,0,0,0.0,0,0,,,,
5,toxicity,4,0000000011010011000010000,27,2,6,2,2,False,-0.011299974256871232,0.036721343971455475,741,2,0.04451162099212052,4491,2,0.049799543087086014,10049,2,0.05648524782543194,28495,2,0.08685551172517691,43816,2,0.098296231688703,19835,2,0.10673155067493904,10769,2,0.13960749330954506,2817,2,-1.9266856127136038,-1.2617327651753938,-0.9810036045071426,-0.6207432731417222
5,toxicity,4,0000000011010011000010010,27,0,7,2,2,False,,0.0,0,0,0.0,0,0,0.0,0,0,0.0,0,0,0.0,0,0,0.0,0,0,0.0,0,0,0.0,0,0,,,,
5,toxicity,4,0000000001000100100010000,27,20,4,1,1,True,-0.21358309871322387,0.6338272461469845,12790,20,0.6657911690371178,67175,20,0.680963778996873,137411,20,0.697425803024176,351829,20,0.7671536464011736,387006,20,0.7952851507522747,160479,20,0.8175682372296775,82491,20,0.8724848845277035,17605,20,-0.4610404596260013,-0.296269413335179,-0.2238941715648828,-0.13747581002516251
5,toxicity,5,0000000000000000000011110,43,0,4,1,4,False,,0.0,0,0,0.0,0,0,0.0,0,0,0.0,0,0,0.0,0,0,0.0,0,0,0.0,0,0,0.0,0,0,,,,
5,toxicity,5,0000000000000000000111100,43,1,4,1,3,False,0.16320502576595877,0.015879171669305227,5978,1,0.017404710247327298,32762,1,0.01828735264891295,68847,1,0.020054318826992136,188748,1,0.025348069522211435,238572,1,0.026092155804940217,98230,1,0.02523571323840346,47503,1,0.024605012909463753,9263,1,-0.6318166165753738,-0.5359890658321541,-0.5127699086348023,-0.3379629137046858
5,toxicity,5,0000000000000000010011010,43,3,4,1,3,False,-0.21753305410073023,0.023747038260888042,8940,3,0.03617684996100648,68098,3,0.04234855433306957,159431,3,0.05111456444532938,481082,3,0.08360797850282427,786905,3,0.0956901857316309,360248,3,0.10795262572966449,203207,3,0.1458610027943942,54912,3,-2.6187747214288657,-1.5772596361599864,-1.1760582446005936,-0.7099061943479541
5,toxicity,5,0000000000000000010011100,43,2,4,2,3,False,-0.2959110023535541,0.017818247500451564,6708,2,0.025095571313518535,47239,2,0.0287932769734268,108399,2,0.03374877468141717,317638,2,0.05633860580517669,530250,2,0.06648811482779789,250310,2,0.07691890869604945,144790,2,0.10821371271927495,40739,2,-2.6024559736048762,-1.6159055041076207,-1.2073644808746042,-0.7392887390992386
5,toxicity,5,0000000000000000010011110,43,0,5,2,4,False,,0.0,0,0,0.0,0,0,0.0,0,0,0.0,0,0,0.0,0,0,0.0,0,0,0.0,0,0,0.0,0,0,,,,
5,toxicity,5,0000000000000000010111000,43,4,4,1,2,False,0.060442400843707375,0.09925146360381228,37365,4,0.10236330486558391,192685,4,0.10267341668054547,386538,4,0.10172455157005465,957415,4,0.08538552659357505,803635,4,0.07634538757463012,287420,4,0.07079578319269518,133264,4,0.05944728370007544,22380,4,0.7394774859855987,0.531963294810978,0.42744979579910697,0.2526044712106139
5,toxicity,5,0000000000000000010111100,43,1,5,2,3,False,0.16320502576595877,0.015879171669305227,5978,1,0.017404710247327298,32762,1,0.01828735264891295,68847,1,0.020054318826992136,188748,1,0.025348069522211435,238572,1,0.026092155804940217,98230,1,0.02523571323840346,47503,1,0.024605012909463753,9263,1,-0.6318166165753738,-0.5359890658321541,-0.5127699086348023,-0.3379629137046858
5,toxicity,5,0000000000000000110010100,43,10,4,2,2,False,-0.19952081077045708,0.13371654430124208,50340,10,0.1715645858080584,322947,10,0.1855483509720344,698540,10,0.20287503886063488,1909427,10,0.2548890275558204,2398975,10,0.2745440380499759,1033585,10,0.2888966686712297,543811,10,0.31505997853735246,118610,10,-1.2364485269083416,-0.7518017840888724,-0.565242402913827,-0.3292778985454773
5,toxicity,5,0000000000000000110010110,43,0,5,2,3,False,,0.0,0,0,0.0,0,0,0.0,0,0,0.0,0,0,0.0,0,0,0.0,0,0,0.0,0,0,0.0,0,0,,,,
5,toxicity,5,0000000000000000110011100,43,1,5,2,3,False,-0.05074699517750572,0.005928790760436478,2232,1,0.011081278647487945,20859,1,0.01355527735964277,51032,1,0.017365789763912214,163444,1,0.027269372697647568,256655,1,0.029202070903833022,109938,1,0.031033717033615033,58417,1,0.037647290075119265,14173,1,-2.666736233670427,-1.4857121438213106,-1.107216050372532,-0.6510334896928501
5,toxicity,5,0000000000000010000111000,43,14,4,2,2,False,0.16824898079184575,0.37544492493385895,141343,14,0.35924613942893086,676232,14,0.3539895126692916,1332676,14,0.3455139155603826,3251921,14,0.3093818733231894,2911853,14,0.2910564972336684,1095750,14,0.2758583319343892,519268,14,0.2505392224571544,94320,13,0.5835648121593284,0.38104509729909386,0.2824073963806804,0.15935514447997626
5,toxicity,5,0000000000000010010011000,43,5,4,1,2,False,0.08361883786684256,0.1374061009169438,51729,5,0.12892777379932893,242689,5,0.12516877026870166,471227,5,0.12026354469764566,1131901,5,0.11507706090657503,1083087,5,0.1175414033345791,442512,5,0.11700131536168196,220240,5,0.11130826524432355,41904,5,0.3038853375275783,0.14003833545722616,0.09070562536222826,0.06359910695391209
5,toxicity,5,0000000000000010010111000,43,0,5,2,2,False,,0.0,0,0,0.0,0,0,0.0,0,0,0.0,0,0,0.0,0,0,0.0,0,0,0.0,0,0,0.0,0,0,,,,
5,toxicity,5,0000000000000010100010010,43,13,4,1,2,False,0.176598373538694,0.3248855148379145,122309,13,0.333385041362882,627552,13,0.33484207246569675,1260591,13,0.32996434915263095,3105571,13,0.2723729608266863,2563531,13,0.23980771013508792,902812,13,0.2131895289560193,401302,13,0.16115313917783186,60669,11,1.0114991303081942,0.6450527933189333,0.48160276795889606,0.2767266672008796
5,toxicity,5,0000000000000010100011000,43,19,4,2,2,False,0.12076953781095581,0.4785825090047494,180171,19,0.477760943154459,899320,19,0.47576202615165536,1791117,19,0.46859965078021953,4410384,19,0.41632598765746254,3918394,19,0.3870444464454717,1457119,19,0.3615704015996838,680610,19,0.3174001508760373,119491,17,0.592464856982097,0.4020123360479056,0.297740876417429,0.1706422626900913
5,toxicity,5,0000000000000010100011010,43,3,5,2,3,False,0.2741732094732893,0.0909426564807633,34237,3,0.09090377844030166,171114,3,0.0899527270592629,338648,3,0.08518846159485532,801780,3,0.05510101583739037,518602,3,0.04028519419571056,151663,3,0.0309991861332404,58352,3,0.014986665533325541,5642,3,2.6012777208098226,1.5521099228541901,1.1589173096335283,0.6285791205015996
5,toxicity,5,0000000000000010100110000,43,22,4,2,2,False,-0.11341802168045927,0.4353676806528045,163902,22,0.46711794318208383,879286,22,0.4779342917545547,1799295,22,0.49160716535919974,4626927,22,0.5239900461556883,4931711,22,0.5314398125975999,2000729,22,0.5400324696712446,1016542,22,0.5647651327602877,212616,22,-0.3754167092330327,-0.20925928873905766,-0.15309402621562151,-0.09203346254550705
5,toxicity,5,0000000000000010100111000,43,5,5,2,2,False,0.2891715477211753,0.12093192515698545,45527,5,0.12620619603859828,237566,5,0.12797135945630142,481778,5,0.12674336298606076,1192888,5,0.10479756298475505,986338,5,0.09284536247324844,349538,5,0.08387768198846987,157889,5,0.07139252207358926,26877,5,0.7603502820929523,0.5894238432182636,0.4629192089658589,0.2743050332590197
5,toxicity,5,0000000000000010110010000,43,19,4,1,2,False,-0.2551956229850549,0.3841867037835885,144634,19,0.40217619971482665,757042,19,0.41172348742925463,1550029,19,0.42428025216753623,3993257,19,0.45294900328214216,4263084,19,0.46619109509226814,1755085,19,0.47777803749737036,899356,19,0.5143863489061488,193650,18,-0.42104476605160873,-0.24851283022851842,-0.17924569535073526,-0.09433109801823701
5,toxicity,5,0000000000000010110011000,43,3,5,2,2,False,-0.17633387693278094,0.03715588044667807,13988,3,0.048808307001196365,91875,3,0.053014649378853695,199586,3,0.05868694297543158,552352,3,0.07774206980334665,731696,3,0.08344974265107247,314166,3,0.08590703644125604,161709,3,0.08743106983860514,32915,3,-1.2345554966081331,-0.8156495936484146,-0.6545165301437685,-0.4056559589188792
5,toxicity,5,0000000000000010110110000,43,2,5,2,3,False,0.37891664891167476,0.055133504042840294,20756,2,0.053720746890612014,101122,2,0.05313338289860131,200033,2,0.05158312329642733,485492,2,0.04043002851408136,380521,2,0.035283511473456416,132833,2,0.0315357432006001,59362,2,0.024960952856550887,9397,2,1.1432562871631453,0.7684914294908411,0.590624421868951,0.3514719081318891
5,toxicity,5,0000000000000010110111000,43,1,6,2,3,False,0.09081268696900417,0.024302198327613503,9149,1,0.020283005837340707,38180,1,0.01941598514423201,73096,1,0.01956865385910807,184177,1,0.026940106616760738,253556,1,0.03156478825988457,118833,1,0.03357784752429382,63206,1,0.035416024735170054,13333,1,-0.543315463148384,-0.7272382824736484,-0.70107116362262,-0.4612110449325773
5,toxicity,5,0000000000000011100001000,43,27,4,2,2,False,-0.11296297753766991,0.6236652251984233,234790,27,0.6213017248523665,1169516,27,0.6204020311666193,2335648,27,0.6222969413625692,5856958,27,0.632998475006112,5957681,27,0.6395994085105106,2407921,27,0.6460354276412952,1216079,27,0.6707688302857082,252523,25,-0.10504383211654922,-0.05631922289958339,-0.043965194945258024,-0.02459886869086452
5,toxicity,5,0000000000000011100001010,43,2,5,2,2,False,0.09973660405055068,0.046869853480242675,17645,2,0.05035742290014046,94791,2,0.05066176007700945,190728,2,0.05009297865092876,471467,2,0.04280416551873326,402866,2,0.037797633988917674,142298,2,0.03390031300933078,63813,2,0.025765802139889712,9700,2,0.8632027777052341,0.5709058591885809,0.4226012704633543,0.22685719993590556
5,toxicity,5,0000000000000011100011000,43,0,5,2,2,False,,0.0,0,0,0.0,0,0,0.0,0,0,0.0,0,0,0.0,0,0,0.0,0,0,0.0,0,0,0.0,0,0,,,,
5,toxicity,5,0000000000000011100101000,43,3,5,2,3,False,0.14956839656426513,0.07554958190337559,28442,3,0.07673489293250402,144443,3,0.07612970162824297,286608,3,0.07459403784893025,702067,3,0.06714913692230882,631997,3,0.06324591943173659,238104,3,0.06137203485814706,115525,3,0.061840581403997154,23281,3,0.2888698883859115,0.32230133157666097,0.26748702246362344,0.15169146678108578
5,toxicity,5,0000000000000011110001000,43,2,5,2,3,False,0.13002821753300667,0.021807962429741704,8210,2,0.028485988894815243,53621,2,0.03184263000855572,119879,2,0.03742010859090435,352192,2,0.052617442219859006,495227,2,0.055294226708773236,208168,2,0.05626943027201849,105920,2,0.06225230298458302,23436,2,-1.513272227942781,-0.9820988657579395,-0.7961693573024933,-0.49172737433457686
5,toxicity,5,0000000000000011110101000,43,0,6,2,4,False,,0.0,0,0,0.0,0,0,0.0,0,0,0.0,0,0,0.0,0,0,0.0,0,0,0.0,0,0,0.0,0,0,,,,
5,toxicity,5,0000000000000110100010000,43,20,4,1,2,False,-0.18951809020751706,0.4044540306214605,152264,20,0.4285658884254055,806717,20,0.43826640561229707,1649956,20,0.4487173493636418,4223255,20,0.47320348909421656,4453716,20,0.47961542027017584,1805624,20,0.4894702003642213,921365,20,0.515114166409894,193924,20,-0.3489164785321119,-0.19170400549386876,-0.13006994769893399,-0.07665374525474929
5,toxicity,5,0000000000000110100010010,43,7,5,2,2,False,0.037057419863732205,0.14932743287610103,56217,7,0.1612520213943743,303535,7,0.1648204534026716,620505,7,0.16717127940366164,1573389,7,0.15652272493766098,1473167,7,0.14868225714811648,559749,7,0.1413551625289794,266083,7,0.1276150961037857,48043,7,0.2266802252772444,0.18999267194106603,0.14866278988720438,0.09495487701905973
5,toxicity,5,0000000000000110100011000,43,3,5,2,2,False,-0.015373167658606777,0.04331842281415685,16308,3,0.052764502508547764,99322,3,0.056386468841216626,212280,3,0.06148756491558822,578711,3,0.07309345748616025,687944,3,0.07187760725661023,270600,3,0.06934548537696056,130534,3,0.06054432249221713,22793,3,-0.48301096175495356,-0.3942342832187527,-0.350193385452285,-0.24944760485614084
5,toxicity,5,0000000000000110100111000,43,0,6,2,2,False,,0.0,0,0,0.0,0,0,0.0,0,0,0.0,0,0,0.0,0,0,0.0,0,0,0.0,0,0,0.0,0,0,,,,
5,toxicity,5,0000000000000111100011000,43,0,6,2,2,False,,0.0,0,0,0.0,0,0,0.0,0,0,0.0,0,0,0.0,0,0,0.0,0,0,0.0,0,0,0.0,0,0,,,,
5,toxicity,5,0000000000010000100010010,43,29,4,2,2,False,-0.06432396756463193,0.5516723864976572,207687,29,0.5931265153817221,1116480,29,0.6089828946700868,2292658,29,0.632487830751018,5952873,29,0.7023492003317948,6610399,29,0.7233293835180343,2723142,29,0.7379088724226667,1389019,29,0.7753142365353762,291881,27,-0.4909693869538091,-0.31510279451129847,-0.24825105310612897,-0.15115077887722067
5,toxicity,5,0000000000010000100010110,43,3,5,2,3,False,-0.21753305410073023,0.023747038260888042,8940,3,0.03617684996100648,68098,3,0.04234855433306957,159431,3,0.05111456444532938,481082,3,0.08360797850282427,786905,3,0.0956901857316309,360248,3,0.10795262572966449,203207,3,0.1458610027943942,54912,3,-2.6187747214288657,-1.5772596361599864,-1.1760582446005936,-0.7099061943479541
5,toxicity,5,0000000000010000100110000,43,32,4,2,2,False,-0.15911090667494693,0.6387050160969857,240452,32,0.6757428425108003,1271994,32,0.6894249871106397,2595501,32,0.7086195066255921,6669412,32,0.7696126613273642,7243472,32,0.7878099190566767,2965894,32,0.8002360851096383,1506342,32,0.8221389334551675,309509,31,-0.36423243506695135,-0.24395135994276565,-0.19245399373028046,-0.1191213538858815
5,toxicity,5,0000000000010000100110100,43,1,5,2,2,False,-0.1783980931426927,0.0082025563925752,3088,1,0.012571957389750334,23665,1,0.014420411752971592,54289,1,0.017216297178085725,162037,1,0.027165461039981444,255677,1,0.029782457348236913,112123,1,0.03157930525953425,59444,1,0.03613587343412986,13604,1,-2.1392862534397614,-1.3287701449323837,-1.0463504363524687,-0.6579986457716823
5,toxicity,5,0000000000010000110010010,43,4,5,2,2,False,0.1534763492525563,0.10394243335422931,39131,4,0.09484509903504316,178533,4,0.09181022930444205,345641,4,0.0899456620481568,846554,4,0.0973583170391425,916321,4,0.10130652027647113,381392,4,0.1043725682277467,196468,4,0.11793831082588693,44400,4,-0.18224769752485304,-0.13809745290970377,-0.14200022188676975,-0.11425052545363025
5,toxicity,5,0000000000010000110010100,43,6,5,2,2,False,-0.42779911085782607,0.056939766460894416,21436,6,0.08397578789224613,158073,6,0.0949647690818977,357517,6,0.11031192844585723,1038238,6,0.15627165822287054,1470804,6,0.1681341014090508,632980,6,0.17700592656499353,333191,6,0.18545533750544535,69818,6,-1.7035633090114255,-1.0757523343204174,-0.8241480722115835,-0.502467348231654
5,toxicity,5,0000000000010000110010110,43,0,6,2,3,False,,0.0,0,0,0.0,0,0,0.0,0,0,0.0,0,0,0.0,0,0,0.0,0,0,0.0,0,0,0.0,0,0,,,,
5,toxicity,5,0000000000010000110110000,43,1,5,2,3,False,0.041581756267855416,0.024241104157591082,9126,1,0.021987777071809704,41389,1,0.020993255032959842,79034,1,0.02096381174431604,197308,1,0.027321116028203196,257142,1,0.032074518963230596,120752,1,0.03648056813424764,68670,1,0.04745954503437211,17867,1,-0.9692428567668648,-0.7304264401884112,-0.6115017528788725,-0.3821153581441604
5,toxicity,5,0000000000010000110110100,43,0,6,2,3,False,,0.0,0,0,0.0,0,0,0.0,0,0,0.0,0,0,0.0,0,0,0.0,0,0,0.0,0,0,0.0,0,0,,,,
5,toxicity,5,0000000000010001000011000,43,18,4,2,2,False,-0.30274245705168307,0.3300599254119872,124257,18,0.36214993486913266,681698,18,0.3750409391582351,1411929,18,0.3912905215750632,3682763,18,0.4373634233727493,4116395,18,0.4502566317451995,1695096,18,0.46244791146489644,870499,18,0.4902036826503182,184546,18,-0.5706533396855261,-0.35270375875501836,-0.2636994378717514,-0.16059240955232784
5,toxicity,5,0000000000010001000011010,43,1,5,2,3,False,0.13629268224116242,0.015499325307861491,5835,1,0.017564084311004674,33062,1,0.018317102434621525,68959,1,0.02002488780618621,188471,1,0.025157033570796617,236774,1,0.026169717746251858,98522,1,0.025428023791259115,47865,1,0.02435532369285039,9169,1,-0.6520317416052135,-0.5337909785662003,-0.5147070613696876,-0.32916765506269546
5,toxicity,5,0000000000010001000011110,43,0,6,2,4,False,,0.0,0,0,0.0,0,0,0.0,0,0,0.0,0,0,0.0,0,0,0.0,0,0,0.0,0,0,0.0,0,0,,,,
5,toxicity,5,0000000000010001000110100,43,6,5,2,2,False,-0.011909860422692879,0.10031397090855,37765,6,0.11375111296221135,214121,6,0.11879355056520609,447226,6,0.12647306509100562,1190344,6,0.146677148498365,1380502,6,0.15060775890348665,566998,6,0.15197952370732246,286082,6,0.15370496297162042,57865,6,-0.6156412021901385,-0.41799630061177967,-0.3423395829255817,-0.21381395693033575
5,toxicity,5,0000000000010001000111000,43,2,5,2,2,False,0.060932700460227786,0.04467046335943559,16817,2,0.04688838078076291,88261,2,0.0476894377370188,179538,2,0.048374185786028194,455290,2,0.04496081053642959,423164,2,0.042785769933750946,161077,2,0.039233477761037666,73852,2,0.03353273053752245,12624,2,0.4137512543950857,0.2571452331763364,0.15653872107821268,0.10556933447262654
5,toxicity,5,0000000000010001000111100,43,1,6,2,3,False,0.3813603907719872,0.039634178734978806,14921,1,0.03615666257960735,68060,1,0.03481628046397978,131074,1,0.03155823549024112,297021,1,0.015272994943284742,143747,1,0.009113793727204559,34311,1,0.0061077194093409806,11497,1,0.0006056291637005004,228,1,6.032166593115618,2.565555825864553,1.9336384599583314,1.0470335486909073
5,toxicity,5,0000000000010001010010100,43,1,5,2,2,False,-0.0507469951775057,0.005928790760436478,2232,1,0.011081278647487945,20859,1,0.01355527735964277,51032,1,0.017365789763912214,163444,1,0.027269372697647568,256655,1,0.029202070903833022,109938,1,0.031033717033615033,58417,1,0.037647290075119265,14173,1,-2.666736233670427,-1.4857121438213106,-1.107216050372532,-0.6510334896928501
5,toxicity,5,0000000000010001010011000,43,4,5,2,2,False,-0.10960169849408381,0.05704867345963004,21477,4,0.07341672492674106,138197,4,0.07871899547723571,296356,4,0.08422722533048274,792733,4,0.10086421986941768,949318,4,0.11030423671479492,415266,4,0.12013087742486607,226131,4,0.14396973979196107,54200,4,-1.3355003660487166,-0.7104263535608853,-0.48670448911694186,-0.2600559441151316
5,toxicity,5,0000000000010001010011010,43,0,6,2,3,False,,0.0,0,0,0.0,0,0,0.0,0,0,0.0,0,0,0.0,0,0,0.0,0,0,0.0,0,0,0.0,0,0,,,,
5,toxicity,5,0000000000010001010011100,43,0,6,2,3,False,,0.0,0,0,0.0,0,0,0.0,0,0,0.0,0,0,0.0,0,0,0.0,0,0,0.0,0,0,0.0,0,0,,,,
5,toxicity,5,0000000000010001010111000,43,1,6,2,3,False,0.07172591777977573,0.028424726669995855,10701,1,0.03058919528847768,57580,1,0.03104522950233124,116877,1,0.02959464453170571,278540,1,0.01739829646505928,163750,1,0.011163341464056016,42027,1,0.00695717955855697,13096,1,0.0011182889382364504,421,1,4.667781578121572,2.1364476933815157,1.4756026707827898,0.7663900752332501
5,toxicity,5,0000000000010011000111000,43,4,6,2,2,False,-0.14920703469808352,0.0447129636516251,16833,4,0.060824580155591584,114494,4,0.06663633251016739,250868,4,0.07609374491996143,716182,4,0.10603982791464496,998030,4,0.115663713734812,435443,4,0.12131661541926889,228363,4,0.12612227334062923,47481,4,-1.4960580013390528,-0.9960507922189745,-0.7955554242524274,-0.47875646318055326
5,toxicity,5,0000000000010011010011000,43,0,6,2,2,False,,0.0,0,0,0.0,0,0,0.0,0,0,0.0,0,0,0.0,0,0,0.0,0,0,0.0,0,0,0.0,0,0,,,,
5,toxicity,5,0000000001000010010010000,43,42,4,2,1,False,-0.540312332392047,0.9603658212650212,361547,42,0.9638433374203926,1814304,42,0.9651837195360202,3633659,42,0.9684417645097588,9114817,42,0.9847270050567153,9268094,42,0.9908862062727954,3730422,42,0.993892280590659,1870875,42,0.9993943708362995,376240,40,-0.05747003201484566,-0.044290828360253644,-0.03791580654851314,-0.024058525421270852
5,toxicity,5,0000000001000010110010000,43,6,5,2,2,False,-0.07828019501784926,0.07025563925751989,26449,6,0.09235301992600793,173842,6,0.10194454693068539,383794,6,0.11547829446278188,1086863,6,0.15223737842575114,1432834,6,0.15737105393662712,592460,6,0.15791565110403258,297256,6,0.15135947809641193,56982,6,-1.1072930823474072,-0.7739231216135576,-0.6263855960893367,-0.398700918085844
5,toxicity,5,0000000001000011000000010,43,35,4,2,1,False,-0.2510744985160241,0.8012500398440239,301645,35,0.8039088082857513,1513249,35,0.8072097011926211,3038929,35,0.810121253680737,7624730,35,0.8158803362700241,7678936,35,0.8172300665146771,3076653,35,0.8211734981183315,1545754,35,0.8315235292242634,313042,34,-0.05350456387008431,-0.030655209836540003,-0.017798769774382703,-0.01021971280540269
5,toxicity,5,0000000001000011000010000,43,40,4,2,1,False,-0.08776556856684387,0.9012426022928908,339289,40,0.9141770667097331,1720814,40,0.9192149881545385,3460599,40,0.9246773053254848,8702913,40,0.9331963852768018,8783096,40,0.9325357203286395,3510748,40,0.934154885431785,1758427,40,0.9404464655694508,354048,38,-0.06143030914548775,-0.03118814498362569,-0.02075666628606359,-0.01323073855967009
5,toxicity,5,0000000001000011000010010,43,13,5,2,2,False,0.4353546875801106,0.3959433471105114,149060,13,0.3666708458087809,690208,13,0.3565158538467403,1342187,13,0.34005547056802293,3200547,13,0.27112028348120204,2551741,13,0.2438308374059993,917958,13,0.2268451719426341,427007,13,0.192762731493779,72569,12,1.0384678698047567,0.6927776067431591,0.5480856372230335,0.32683705062179835
5,toxicity,5,0000000001000011010010000,43,15,5,2,2,False,-0.027320852925211983,0.2864971259177407,107857,15,0.2996184584915564,563991,15,0.3050920211340353,1148590,15,0.31824644665579666,2995284,15,0.3752630330240386,3531916,15,0.39304141887352967,1479696,15,0.4013882484439845,755562,15,0.41734755676445273,157118,15,-0.5427286588794635,-0.4218718729797238,-0.3654369017390259,-0.2377577720783179
5,toxicity,5,0000000001000011110010000,43,0,6,2,3,False,,0.0,0,0,0.0,0,0,0.0,0,0,0.0,0,0,0.0,0,0,0.0,0,0,0.0,0,0,0.0,0,0,,,,
5,toxicity,5,0000000001000100100110000,43,11,5,2,2,False,0.5564032978873584,0.34870958487839604,131278,11,0.3225167927138428,607094,11,0.3121020800147049,1174981,11,0.29533190010282795,2779616,11,0.22082268495611007,2078348,11,0.18543546116019383,698115,11,0.16050918734447814,302138,11,0.11903800588629047,44814,9,1.5506037557297845,1.0067184025671767,0.7511008126378986,0.4194488099949362
5,toxicity,5,0000000001000101000010000,43,33,4,2,1,False,0.12214138235406787,0.732274721888713,275678,33,0.7499628127184753,1411703,33,0.7551297794558074,2842862,33,0.7609919550251503,7162333,33,0.7727483921583461,7272985,33,0.7703489198304369,2900158,33,0.7620061284379496,1434379,33,0.7403232147221012,278708,31,-0.015770273785650216,-0.022983540020864737,-0.028787431602059738,-0.022117545223301515
5,toxicity,5,0000000001000101000010010,43,12,5,2,2,False,0.31688978989610256,0.27956160948606523,105246,12,0.28939089357850023,544739,12,0.29033108058393514,1093019,12,0.28958010114496235,2725481,12,0.26458266772674977,2490210,12,0.24682812831613823,929242,12,0.23458115611579433,441569,12,0.1999505934103297,75275,11,0.4835226949219563,0.30293239805840577,0.23419221181271863,0.13024391256222403
5,toxicity,5,0000000001000101000010100,43,12,5,2,2,False,0.3366581075941029,0.26282180689992246,98944,12,0.2731273016271029,514125,12,0.2764931802600609,1040923,12,0.28049335315801227,2639958,12,0.27151340529445833,2555441,12,0.25406316995122896,956480,12,0.23900058011912628,449888,12,0.21780071612992338,81995,11,0.2710762865365843,0.19255941214572758,0.1220566451359365,0.046943154498141855
5,toxicity,5,0000000001000101000010110,43,0,6,2,3,False,,0.0,0,0,0.0,0,0,0.0,0,0,0.0,0,0,0.0,0,0,0.0,0,0,0.0,0,0,0.0,0,0,,,,
5,toxicity,5,0000000001000110100010000,43,13,5,2,2,False,-0.11060377057534468,0.24195150716661176,91087,13,0.2645131334853408,497910,13,0.2716936367067731,1022854,13,0.28268782356857397,2660612,13,0.3132170422343514,2947949,13,0.32083470461251834,1207857,13,0.3254739233265263,612663,13,0.34099843811426206,128375,12,-0.49504720515140754,-0.2992026044588241,-0.23984942938220935,-0.14795297005244662
5,toxicity,5,0000000001000111000000010,43,19,5,2,2,False,-0.03503399616444463,0.3158887342350479,118922,19,0.36165162529670136,680760,19,0.37880667765815,1426106,19,0.40343820197500213,3797095,19,0.4651850790934526,4378248,19,0.4744509105957846,1786181,19,0.47614392904271846,896280,19,0.4727466876334775,177974,19,-0.5816508636223201,-0.396797102806239,-0.3247970624250004,-0.20545712213009448
5,toxicity,5,0000000001000111000010000,43,14,5,2,2,False,-0.20934866471680988,0.3021000456878141,113731,14,0.31432284085330997,591670,14,0.3179665065225077,1197059,14,0.3210017001992597,3021216,14,0.32726105339008593,3080129,14,0.32660510054763514,1229581,14,0.3278932113312353,617217,14,0.3429082949945281,129094,14,-0.18279640141858414,-0.060978920562202416,-0.038672516375401575,-0.02786098200699927
5,toxicity,5,0000000001000111000010010,43,0,6,2,2,False,,0.0,0,0,0.0,0,0,0.0,0,0,0.0,0,0,0.0,0,0,0.0,0,0,0.0,0,0,0.0,0,0,,,,
5,toxicity,5,0000000001000111100010000,43,2,6,2,2,False,0.09953286047613417,0.049098462551930046,18484,2,0.04641503981164111,87370,2,0.0458133418757718,172475,2,0.046109272174042946,433973,2,0.04765018873565756,448476,2,0.0470033333041148,176955,2,0.04721542819378954,88877,2,0.05337505445349937,20094,2,-0.12048778726133755,-0.024665998203388637,-0.03699526629976016,-0.04742503519057499
5,toxicity,5,0000000001010000110010000,43,14,5,2,2,False,-0.20170019391604677,0.3204840783280385,120652,14,0.3187348461827787,599975,14,0.3183787535530408,1198611,14,0.3203790800479141,3015356,14,0.3288301406706722,3094897,14,0.3274758130257843,1232859,14,0.32510630204869173,611971,14,0.3107276050022844,116979,13,0.04460226942770289,-0.02855476971757633,-0.04064429147040428,-0.03756259649980063
5,toxicity,5,0000000001010000110110000,43,1,6,2,3,False,0.09081268696900417,0.024302198327613503,9149,1,0.020283005837340707,38180,1,0.01941598514423201,73096,1,0.01956865385910807,184177,1,0.026940106616760738,253556,1,0.03156478825988457,118833,1,0.03357784752429382,63206,1,0.035416024735170054,13333,1,-0.543315463148384,-0.7272382824736484,-0.70107116362262,-0.4612110449325773
5,toxicity,5,0000000001010001000010000,43,41,4,2,1,False,0.03503450395702604,0.9670543047483452,364065,41,0.9600852969988801,1807230,41,0.9571313556632037,3603344,41,0.9547050214846452,8985529,41,0.9545512934185777,8984085,41,0.9572912607613874,3603946,41,0.9599866551351167,1807052,41,0.9640580341489847,362937,39,0.004476910137862124,0.00014823416137349496,-0.00024100665205236963,0.000232323672111713
5,toxicity,5,0000000001010001000010010,43,8,5,2,2,False,0.1900859570406931,0.2644793182953133,99568,8,0.2324348531952375,437527,8,0.22233794534698742,837043,8,0.20939416934290625,1970784,8,0.16937610824492255,1594141,8,0.1571904302376822,591780,8,0.149167645927585,280789,8,0.13048917836310125,49125,7,1.0192247439666806,0.6398917617924403,0.5002407982824282,0.3059908842616466
5,toxicity,5,0000000001010001000110000,43,6,5,2,2,False,0.02301277757874785,0.12609305438974894,47470,6,0.12935383379622645,243491,6,0.12986764267213638,488917,6,0.13241611255952343,1246279,6,0.1413543853960134,1330405,6,0.13990261726396003,526696,6,0.13619783974687255,256375,6,0.12198115112041395,45922,5,0.047830573972201515,-0.07438100740877404,-0.10738093319121578,-0.09423796043557756
5,toxicity,5,0000000001010001010010000,43,9,5,2,2,False,-0.3219964586710065,0.17206508919748822,64777,9,0.1866190598630233,351285,9,0.19424033523758524,731263,9,0.2010462781021093,1892215,9,0.2147197344281528,2020908,9,0.21877115853899864,823615,9,0.2248508796348437,423253,9,0.24494777776597215,92215,8,-0.5095197888107106,-0.26887218825459064,-0.17157973787112837,-0.09492716399524459
5,toxicity,5,0000000001010001010110000,43,2,6,2,3,False,0.37891664891167476,0.055133504042840294,20756,2,0.053720746890612014,101122,2,0.05313338289860131,200033,2,0.05158312329642733,485492,2,0.04043002851408136,380521,2,0.035283511473456416,132833,2,0.0315357432006001,59362,2,0.024960952856550887,9397,2,1.1432562871631453,0.7684914294908411,0.590624421868951,0.3514719081318891
5,toxicity,5,0000000001010001100010000,43,17,5,2,2,False,0.015097597155588501,0.32492535886184215,122324,17,0.34738286537566593,653901,17,0.35602152928242187,1340326,17,0.37123046529275155,3493961,17,0.410457422729517,3863160,17,0.4164608751802585,1567864,17,0.41710937051762353,785155,17,0.4142981607998555,155970,17,-0.3505610722811628,-0.26389912825574546,-0.2262164803003901,-0.14491746605217834
5,toxicity,5,0000000001010001100110000,43,1,6,2,3,False,0.09081268696900417,0.024302198327613503,9149,1,0.020283005837340707,38180,1,0.01941598514423201,73096,1,0.01956865385910807,184177,1,0.026940106616760738,253556,1,0.03156478825988457,118833,1,0.03357784752429382,63206,1,0.035416024735170054,13333,1,-0.543315463148384,-0.7272382824736484,-0.70107116362262,-0.4612110449325773
5,toxicity,5,0000000001010001110010000,43,3,6,2,3,False,0.14956839656426513,0.07554958190337559,28442,3,0.07673489293250402,144443,3,0.07612970162824297,286608,3,0.07459403784893025,702067,3,0.06714913692230882,631997,3,0.06324591943173659,238104,3,0.06137203485814706,115525,3,0.061840581403997154,23281,3,0.2888698883859115,0.32230133157666097,0.26748702246362344,0.15169146678108578
5,toxicity,5,0000000001010010110010000,43,0,6,2,2,False,,0.0,0,0,0.0,0,0,0.0,0,0,0.0,0,0,0.0,0,0,0.0,0,0,0.0,0,0,0.0,0,0,,,,
5,toxicity,5,0000000001010011000010000,43,17,5,2,2,False,0.1532854621928279,0.4888755485193961,184046,17,0.43698349522196556,822562,17,0.42101046740897696,1584992,17,0.40641158506978126,3825080,17,0.3917934865240499,3687498,17,0.38958141254638773,1466670,17,0.38509338217950545,724889,17,0.37961792237321634,142914,16,0.3649191437437945,0.18237045978723448,0.1119312567273562,0.052848114476102645
5,toxicity,5,0000000001010011000010010,43,0,6,2,2,False,,0.0,0,0,0.0,0,0,0.0,0,0,0.0,0,0,0.0,0,0,0.0,0,0,0.0,0,0,0.0,0,0,,,,
5,toxicity,5,0000000001010011010010000,43,4,6,2,2,False,0.141362314870645,0.07229034074609263,27215,4,0.0818359254639379,154045,4,0.08531468234267875,321187,4,0.09034834641225231,850344,4,0.09225389591685622,868279,4,0.0859803337979081,323693,4,0.08074918241452805,152000,4,0.07180158738591327,27031,4,0.009787151332292389,0.019286663808369613,-0.01121266583321379,-0.030111641404898415
5,toxicity,5,0000000001010011100010000,43,1,6,2,2,False,0.014652574866816396,0.031628186193780085,11907,1,0.031109817229823776,58560,1,0.029997080802277348,112931,1,0.02786618299209995,262272,1,0.017810543123284808,167630,1,0.01231534879100324,46364,1,0.008146636265307814,15335,1,0.0,0,0,,1.9330935184218954,1.284364622234556,0.6457838895327493
5,toxicity,5,0000000001010011110010000,43,0,7,2,3,False,,0.0,0,0,0.0,0,0,0.0,0,0,0.0,0,0,0.0,0,0,0.0,0,0,0.0,0,0,0.0,0,0,,,,
5,toxicity,5,0000000001010101000010000,43,11,5,2,2,False,0.018737823462125963,0.24871967869779105,93635,11,0.25173239607217307,473852,11,0.2516231562769524,947294,11,0.2527445755016183,2378791,11,0.2621284188715045,2467111,11,0.26920820148467367,1013497,11,0.2781867771088818,523651,11,0.30727179999362497,115678,11,-0.30499471094211067,-0.1441629542384359,-0.09745766652758973,-0.05259364433238423
5,toxicity,5,0000000001010101000010010,43,4,6,2,2,False,-0.03860616745028807,0.08923467598839742,33594,4,0.09042565624926953,170214,4,0.09073870577275998,341607,4,0.09158668051872546,861999,4,0.09550926327803455,898918,4,0.09689664579134828,364790,4,0.0980300386958582,184529,4,0.0953069052349735,35880,4,-0.09497630437247499,-0.11649172942434266,-0.09472864332069968,-0.06050286246806352
5,toxicity,5,0000000001010101000110000,43,0,6,2,2,False,,0.0,0,0,0.0,0,0,0.0,0,0,0.0,0,0,0.0,0,0,0.0,0,0,0.0,0,0,0.0,0,0,,,,
5,toxicity,5,0000000001010101100010000,43,4,6,2,2,False,0.24146710427819662,0.08801810512447274,33136,4,0.08641633605402568,162667,4,0.08694003001009633,327306,4,0.08839750535442706,831983,4,0.09472663212223836,891552,4,0.09655319514026625,363497,4,0.0965005854315725,181650,4,0.09676254024246417,36428,4,-0.13664833055488756,-0.15923363094225204,-0.1513034080512203,-0.09976443608733623
5,toxicity,5,0000000001010111000010000,43,0,6,2,3,False,,0.0,0,0,0.0,0,0,0.0,0,0,0.0,0,0,0.0,0,0,0.0,0,0,0.0,0,0,0.0,0,0,,,,
5,toxicity,5,0000000001010111000010010,43,0,7,2,3,False,,0.0,0,0,0.0,0,0,0.0,0,0,0.0,0,0,0.0,0,0,0.0,0,0,0.0,0,0,0.0,0,0,,,,
5,toxicity,5,0000000001100001000000110,43,7,5,2,2,False,-0.07636192899393007,0.1834259485533963,69054,7,0.18031475315082524,339418,7,0.17851943285221022,672078,7,0.1736719225299033,1634572,7,0.15382994676599404,1447823,7,0.14611872873853204,550098,7,0.13996967655702486,263475,7,0.12858463401935888,48408,7,0.5124794962123749,0.3654031299708424,0.2889400211971714,0.17502814641302106
5,toxicity,5,0000000001100001010000110,43,0,6,2,2,False,,0.0,0,0,0.0,0,0,0.0,0,0,0.0,0,0,0.0,0,0,0.0,0,0,0.0,0,0,0.0,0,0,,,,
5,toxicity,5,0000000011000111000010000,43,0,6,2,2,False,,0.0,0,0,0.0,0,0,0.0,0,0,0.0,0,0,0.0,0,0,0.0,0,0,0.0,0,0,0.0,0,0,,,,
5,toxicity,5,0000000011010011000010000,43,1,6,2,2,False,-0.08447126237420358,0.008114899539934337,3055,1,0.013206797410065215,24860,1,0.015366826810825629,57852,1,0.018449531324274814,173644,1,0.027149204921757604,255524,1,0.030044361711707046,113109,1,0.032259829619225106,60725,1,0.0337638258763029,12711,1,-2.0568332493789545,-1.28845815706587,-0.9672749873985135,-0.5573257808012707
5,toxicity,5,0000000011010011000010010,43,0,7,2,2,False,,0.0,0,0,0.0,0,0,0.0,0,0,0.0,0,0,0.0,0,0,0.0,0,0,0.0,0,0,0.0,0,0,,,,
5,toxicity,5,0000000001000100100010000,43,43,4,1,1,True,-0.31078979041007465,1.0,376468,43,1.0,1882364,43,1.0,3764733,43,1.0,9411838,43,1.0,9411841,43,1.0,3764733,43,1.0,1882372,43,1.0,376468,41,0.0,0.0,0.0,0.0
5,toxicity,6,0000000000000000000011110,63,0,4,1,4,False,,0.0,0,0,0.0,0,0,0.0,0,0,0.0,0,0,0.0,0,0,0.0,0,0,0.0,0,0,0.0,0,0,,,,
5,toxicity,6,0000000000000000000111100,63,1,4,1,3,False,0.003693673181147127,0.020555799944567486,113176,1,0.021668979077870108,596525,1,0.021593440905893206,1188891,1,0.020541862351331236,2827483,1,0.0105637825977434,1454051,1,0.006783232044943464,373471,1,0.004594502514749271,126482,1,0.0018505949274918781,10189,1,3.473484469921545,2.2376506208290476,1.6705484031779307,0.9594404678379737
5,toxicity,6,0000000000000000010011010,63,14,4,1,3,False,-0.3427506911652114,0.10945869024522167,602657,14,0.14263580731363687,3926619,14,0.15753002076774753,8673283,14,0.17905797758464315,24646421,14,0.26068324396340414,35881724,14,0.29194989237889113,16074169,14,0.3189514746764928,8780411,14,0.3770656636995516,2076047,14,-1.7844292831275508,-1.1610007472322699,-0.8900939876160788,-0.5418710565927362
5,toxicity,6,0000000000000000010011100,63,11,4,2,3,False,-0.326734143692504,0.0794533903738498,437454,11,0.10508981715090476,2893016,11,0.11666327539252311,6423243,11,0.13414346857116122,18464167,11,0.2119646712131815,29175860,11,0.24339826755696706,13401015,11,0.27083154203966897,7455718,11,0.3291243756353531,1812092,11,-2.0504521918415803,-1.3657728864948593,-1.0609684150000878,-0.6600470148543133
5,toxicity,6,0000000000000000010011110,63,2,5,2,4,False,-0.15494204256369934,0.012399301535800286,68268,2,0.017700507301667678,487277,2,0.020327157363904943,1119172,2,0.023903679118706306,3290220,2,0.037720520580930415,5192038,2,0.04206911217143995,2316240,2,0.04621419596732709,1272230,2,0.05507268066730393,303219,2,-2.1510779789526353,-1.3845453744093452,-1.0493528950416766,-0.6581169000518188
5,toxicity,6,0000000000000000010111000,63,13,4,1,2,False,0.07818637450112911,0.12746154323972164,701777,13,0.15101148843664233,4157193,13,0.1629026308616651,8969088,13,0.18047545815711905,24841530,13,0.2289513134880046,31513985,13,0.24327359896219933,13394151,13,0.2521083685353188,6940288,13,0.2639715921237198,1453374,13,-1.0503206457884544,-0.7393856990761728,-0.5785698582168854,-0.3432381752780912
5,toxicity,6,0000000000000000010111100,63,0,5,2,3,False,,0.0,0,0,0.0,0,0,0.0,0,0,0.0,0,0,0.0,0,0,0.0,0,0,0.0,0,0,0.0,0,0,,,,
5,toxicity,6,0000000000000000110010100,63,18,4,2,2,False,-0.1008769017625485,0.20485256077506714,1127876,18,0.2313635973138857,6369205,18,0.24065873189038267,13250181,18,0.2545655517108804,35039655,18,0.31177110867419666,42913709,18,0.3316370243350046,18259262,18,0.3444763514182342,9483085,18,0.36528335498021447,2011176,18,-0.8344300878575114,-0.5742430550891223,-0.4626163099681348,-0.29245003776547934
5,toxicity,6,0000000000000000110010110,63,8,5,2,3,False,-0.022619020819755222,0.07403328202980351,407612,8,0.09419791539717139,2593173,8,0.10300274606932922,5671122,8,0.11335719472974375,15603042,8,0.1378319820145341,18971872,8,0.14213068000397835,7825427,8,0.14229165061540405,3917145,8,0.1388986916880517,764748,8,-0.9077871179709417,-0.5950839715204699,-0.46453520465623255,-0.2820347232308206
5,toxicity,6,0000000000000000110011100,63,7,5,2,3,False,-0.013285682337324085,0.07227949320297854,397956,7,0.08748070442844151,2408255,7,0.093521956830627,5149129,7,0.10149961219055524,13970906,7,0.11668897854486006,16061645,7,0.11998927239819149,6606366,7,0.12303569324944648,3387048,7,0.12940487998376984,712477,7,-0.8402337280805667,-0.4920401664082878,-0.35952840602182284,-0.20119408751854773
5,toxicity,6,0000000000000010000111000,63,11,4,2,2,False,0.3451168645628338,0.20085150298031493,1105847,11,0.19098484742535912,5257619,11,0.18691474071628034,10291146,11,0.18253368885680635,25124835,11,0.1691296211231742,23279833,11,0.1676676176884975,9231439,11,0.16818417619217155,4629940,11,0.17235488340743402,948951,11,0.22074708136854462,0.1834162063063915,0.15677626689004956,0.11003340238479467
5,toxicity,6,0000000000000010010011000,63,13,4,1,2,False,0.09353984887671342,0.13685873463482287,753516,13,0.15769211977848074,4341104,13,0.16756092110844117,9225564,13,0.18202240954479104,25054460,13,0.2298468714271974,31637254,13,0.24565350863268265,13525184,13,0.25434481116213975,7001855,13,0.26301351103209947,1448099,13,-0.9424493991086352,-0.6896750950760677,-0.5519391249778249,-0.3365569513530191
5,toxicity,6,0000000000000010010111000,63,9,5,2,2,False,0.02082851856228006,0.1126723956617338,620351,9,0.12017188428850537,3308210,9,0.12475679951071206,6868856,9,0.13210488262116757,18183566,9,0.15122388208169166,20815199,9,0.15450345682910369,8506647,9,0.1546615209633395,4257675,9,0.14868546733561008,818632,9,-0.400129540222918,-0.3640149068721684,-0.3085206694067237,-0.19500220579532282
5,toxicity,6,0000000000000010100010010,63,15,4,1,2,False,0.14879000223445674,0.23987584715301735,1320707,15,0.24246945537585204,6674938,15,0.24384155906659033,13425421,15,0.24430982995958006,33628007,15,0.2307909309750838,31767199,15,0.22326788571144612,12292677,15,0.21857059251762515,6017027,15,0.20818566322005697,1146228,15,0.2044171811468009,0.14970371069873406,0.12716827975850412,0.08212537871487129
5,toxicity,6,0000000000000010100011000,63,23,4,2,2,False,0.243287811237929,0.3818430184638219,2102349,23,0.37920319256231205,10439079,23,0.37816609254148115,20821057,23,0.37640647399119415,51810439,23,0.35642426437840397,49059989,23,0.3487041622237739,19198944,23,0.34242683902607823,9426664,23,0.32660848193277014,1798240,23,0.22541738825137475,0.1471753275627727,0.11701642830214197,0.07869588697497236
5,toxicity,6,0000000000000010100011010,63,1,5,2,3,False,-0.031801334629564,0.005045593787199448,27780,1,0.008920016484443578,245559,1,0.01060634837438337,583964,1,0.012652417539274242,1741541,1,0.017891325142194315,2462650,1,0.01866981224807917,1027922,1,0.018689100329045888,514492,1,0.01818338017184433,100114,1,-1.8495244450670594,-1.0670788397374995,-0.8157793783604111,-0.4998471744920798
5,toxicity,6,0000000000000010100110000,63,49,4,2,2,False,-0.2624249790215498,0.6249452849125848,3440820,49,0.6827624047889888,18795756,49,0.7057829902879272,38858978,49,0.7345436940208182,101106208,49,0.8121347799260211,111786226,49,0.8351928218496678,45984023,49,0.8504845092919692,23412977,49,0.8772842514898388,4830149,49,-0.48931448559503943,-0.316901338032733,-0.2428846516836161,-0.14487086202537364
5,toxicity,6,0000000000000010100111000,63,8,5,2,2,False,0.04864758843785166,0.11436225183869937,629655,8,0.12095331520577311,3329722,8,0.12436087135724168,6847057,8,0.12703337689469396,17485499,8,0.12725053076605028,17515389,8,0.1252491828068059,6895966,8,0.12349818756498378,3399780,8,0.11862369789514579,653118,8,-0.05278131859753346,-0.030039556613071797,-0.010268560196653417,-0.0024640716933773776
5,toxicity,6,0000000000000010110010000,63,53,4,1,2,False,-0.11955462063338616,0.6792335492392196,3739720,53,0.7422199910385363,20432563,53,0.7672603215712516,42243795,53,0.7992023679479053,110006146,53,0.8739281178987798,120291765,53,0.8913144312689177,49073965,53,0.900566773488614,24791691,53,0.914129961565964,5033014,53,-0.42849156797773097,-0.27898639099471295,-0.2162183160733942,-0.12895376275817874
5,toxicity,6,0000000000000010110011000,63,2,5,2,2,False,0.13233318139971612,0.012501012569667517,68828,2,0.01553409978609818,427638,2,0.017446030382995057,960543,2,0.02171433569796837,2988868,2,0.043163547504430584,5941243,2,0.05360913039078156,2951610,2,0.06152856260203109,1693819,2,0.07655640046300291,421504,2,-2.6144780421361284,-1.9858176509346717,-1.6195799256085397,-0.9911656238039536
5,toxicity,6,0000000000000010110110000,63,12,5,2,3,False,-0.29103774755999323,0.09305705952674583,512353,12,0.1266522176535023,3486607,12,0.14110496883748108,7768953,12,0.15859915498516036,21830368,12,0.21617626147173657,29755564,12,0.2333703646040577,12848899,12,0.24357183938515428,6705286,12,0.2623436715883277,1444411,12,-1.4952704830663783,-0.943475006806927,-0.7258525751727851,-0.4468230236099277
5,toxicity,6,0000000000000010110111000,63,0,6,2,3,False,,0.0,0,0,0.0,0,0,0.0,0,0,0.0,0,0,0.0,0,0,0.0,0,0,0.0,0,0,0.0,0,0,,,,
5,toxicity,6,0000000000000011100001000,63,36,4,2,2,False,-0.17816761680099608,0.513318151750683,2826224,36,0.5274862840021163,14521162,36,0.5348724178329208,29448989,36,0.5467238020843777,75253754,36,0.5967389395608566,82138083,36,0.6166730223917437,33952766,36,0.6330697529843724,17427769,36,0.6638384960433521,3654960,36,-0.3709790163797885,-0.2632308871162123,-0.20531092501960588,-0.1262877356285329
5,toxicity,6,0000000000000011100001010,63,0,5,2,2,False,,0.0,0,0,0.0,0,0,0.0,0,0,0.0,0,0,0.0,0,0,0.0,0,0,0.0,0,0,0.0,0,0,,,,
5,toxicity,6,0000000000000011100011000,63,4,5,2,2,False,0.004194623338291872,0.05815582638943629,320194,4,0.06086744571221932,1675619,4,0.06220394726147636,3424823,4,0.06383639149196352,8786755,4,0.06249348731862743,8601911,4,0.06080926845616471,3348035,4,0.05945118866887474,1636631,4,0.05713523400880926,314575,4,0.02554303905057589,0.03396516918633464,0.032714898214553215,0.03067325307048869
5,toxicity,6,0000000000000011100101000,63,8,5,2,3,False,-0.05004953673162771,0.07282382886101442,400953,8,0.09293822492910654,2558495,8,0.10107187208449335,5564812,8,0.11141097688167496,15335155,8,0.13876717817676945,19100597,8,0.14448548885890675,7955078,8,0.14568153197936415,4010465,8,0.14462974207004,796302,8,-0.9898817621779112,-0.6484740032997751,-0.5155430489261154,-0.31677499298802736
5,toxicity,6,0000000000000011110001000,63,10,5,2,3,False,-0.14005275506824777,0.0800249700588144,440601,10,0.10287331697845017,2831998,10,0.11359930476185927,6254547,10,0.12961682131094995,17841097,10,0.18618582644521736,25627533,10,0.20750110447220976,11424590,10,0.22589930388648155,6218779,10,0.2650330188345121,1459218,10,-1.7276499702769255,-1.1348109968907505,-0.8691650101112322,-0.522490291360037
5,toxicity,6,0000000000000011110101000,63,0,6,2,4,False,,0.0,0,0,0.0,0,0,0.0,0,0,0.0,0,0,0.0,0,0,0.0,0,0,0.0,0,0,0.0,0,0,,,,
5,toxicity,6,0000000000000110100010000,63,45,4,1,2,False,-0.21080865820221198,0.5328419479551905,2933718,45,0.5965887954096383,16423484,45,0.622738572140211,34286721,45,0.6572499878673328,90467122,45,0.7594715138013921,104537395,45,0.7908103843708592,43540416,45,0.810743780728292,22318955,45,0.8449486968008446,4652116,45,-0.66515608419879,-0.4425091691738184,-0.3447051738085636,-0.20855364303697155
5,toxicity,6,0000000000000110100010010,63,13,5,2,2,False,-0.02729585908829982,0.1441614052396439,793723,13,0.16534147553932702,4551683,13,0.1757319998491045,9675447,13,0.1893084684854334,26057349,13,0.22123051269331634,30451256,13,0.2247410783673616,12373788,13,0.22447611312395913,6179600,13,0.21686923800496094,1194038,13,-0.5891404479942696,-0.4411132667059179,-0.35488692340741207,-0.22481142988137193
5,toxicity,6,0000000000000110100011000,63,7,5,2,2,False,-0.06072347779777856,0.06598049255021166,363275,7,0.08137986198909986,2240305,7,0.08830807035399363,4862063,7,0.09685131133063248,13331091,7,0.12097439644684596,16651511,7,0.12610758710836642,6943228,7,0.1284592128290082,3536352,7,0.12983224771999405,714830,7,-0.9765373113865462,-0.6585666221718185,-0.5140378813140185,-0.32085825385913685
5,toxicity,6,0000000000000110100111000,63,0,6,2,2,False,,0.0,0,0,0.0,0,0,0.0,0,0,0.0,0,0,0.0,0,0,0.0,0,0,0.0,0,0,0.0,0,0,,,,
5,toxicity,6,0000000000000111100011000,63,0,6,2,2,False,,0.0,0,0,0.0,0,0,0.0,0,0,0.0,0,0,0.0,0,0,0.0,0,0,0.0,0,0,0.0,0,0,,,,
5,toxicity,6,0000000000010000100010010,63,54,4,2,2,False,-0.37000894708419385,0.7028359579018031,3869670,54,0.7592554901679085,20901533,54,0.782161307112509,43064213,54,0.8125361037661252,111841467,54,0.8934056112888555,122972743,54,0.9146296198486933,50357652,54,0.9265536723163842,25507084,54,0.9425874219481757,5189695,54,-0.42343842672210663,-0.2872891138803845,-0.22572147202079232,-0.1368833975856219
5,toxicity,6,0000000000010000100010110,63,3,5,2,3,False,-0.025388717528858153,0.030921244056715525,170246,3,0.03679725205996516,1012991,3,0.03913073873102729,2154459,3,0.04226687043735432,5817820,3,0.049906230102107874,6869339,3,0.051766145690945536,2850139,3,0.05438961484489059,1497291,3,0.060539100878583066,333316,3,-0.9692688840568305,-0.5637331765990047,-0.40370655818242096,-0.23969263234848653
5,toxicity,6,0000000000010000100110000,63,48,4,2,2,False,-0.27501765755641483,0.6315229011474094,3477035,48,0.678711765072341,18684246,48,0.6979349710484235,38426882,48,0.7228546102536876,99497265,48,0.7942974415205257,109331007,48,0.8153271791412876,44890261,48,0.829373053211148,22831800,48,0.854001337136113,4701958,48,-0.4354032767767262,-0.2892221524282167,-0.224286486487606,-0.13597385318656183
5,toxicity,6,0000000000010000100110100,63,3,5,2,2,False,-0.0941915183847607,0.01751028098762867,96408,3,0.026442275296383065,727929,3,0.030848322792291886,1698446,3,0.036945707840144046,5085389,3,0.055833568400734064,7685207,3,0.061399119459031294,3380511,3,0.06555933205969403,1804782,3,0.07207784812988928,396846,3,-2.0413537055181865,-1.3099548331099107,-0.9930259127664168,-0.5957259943915018
5,toxicity,6,0000000000010000110010010,63,13,5,2,2,False,0.08744577453870071,0.17879110624189717,984387,13,0.1921439893261593,5289529,13,0.19815064373333496,10909772,13,0.20495672488312683,28211252,13,0.2041121982860842,28095007,13,0.19925875584374958,10970783,13,0.1941019115596226,5343429,13,0.18252416498465163,1004941,13,-0.029812506759752937,-0.014626479580962786,-0.00804546641972004,0.005956923126939865
5,toxicity,6,0000000000010000110010100,63,14,5,2,2,False,-0.2923137331529555,0.10721959448537305,590329,14,0.1445303559139576,3978774,14,0.1615336373922547,8893714,14,0.1834427089644863,25249957,14,0.2530421700491538,34829969,14,0.27084326680248955,14912081,14,0.282173078144866,7767939,14,0.30329559916575205,1669884,14,-1.5001559807223739,-0.9652078125697239,-0.7456236059828405,-0.46404826835737306
5,toxicity,6,0000000000010000110010110,63,1,6,2,3,False,0.10218165841340016,0.01652586348127082,90988,1,0.01676095213826445,461412,1,0.01661614143449425,914851,1,0.01634921216126247,2250386,1,0.0147351316324288,2028216,1,0.013754974483985716,757321,1,0.012912207775752882,355460,1,0.01102746795786332,60715,1,0.5836240864998191,0.3763684075175805,0.27263193798415314,0.14996116809688784
5,toxicity,6,0000000000010000110110000,63,15,5,2,3,False,-0.1326512426728522,0.12645623864605177,696242,15,0.1631611190895705,4491660,15,0.17911763145494888,9861853,15,0.19986794281982945,27510807,15,0.2700659731580793,37173209,15,0.29155612560520755,16052489,15,0.30384154709361444,8364450,15,0.3226820749112254,1776622,15,-1.3514752246064845,-0.8970218490666667,-0.702866278068852,-0.43426478540286956
5,toxicity,6,0000000000010000110110100,63,0,6,2,3,False,,0.0,0,0,0.0,0,0,0.0,0,0,0.0,0,0,0.0,0,0,0.0,0,0,0.0,0,0,0.0,0,0,,,,
5,toxicity,6,0000000000010001000011000,63,33,4,2,2,False,-0.09834073925210791,0.3714921044993692,2045359,33,0.42709235375005655,11757419,33,0.4496112633577167,24754683,33,0.4790453654228576,65938161,33,0.5577569194544697,76772406,33,0.582018331514281,32044749,33,0.5993847503360731,16500455,33,0.6334419885077492,3487603,33,-0.7698809526140834,-0.48893430939983856,-0.372386416195479,-0.21947422132414485
5,toxicity,6,0000000000010001000011010,63,9,5,2,3,False,-0.23689246497274272,0.07913427200509136,435697,9,0.1032681735269208,2842868,9,0.11306561271811534,6225163,9,0.12410477626054053,17082392,9,0.15556823423318664,21413177,9,0.16292172911853708,8970140,9,0.16602993782517314,4570636,9,0.17105933981946664,941818,9,-1.1121223299700034,-0.6850477108132028,-0.5270188100594948,-0.32598886413401257
5,toxicity,6,0000000000010001000011110,63,0,6,2,4,False,,0.0,0,0,0.0,0,0,0.0,0,0,0.0,0,0,0.0,0,0,0.0,0,0,0.0,0,0,0.0,0,0,,,,
5,toxicity,6,0000000000010001000110100,63,11,5,2,2,False,-0.04560136131781616,0.10883625504332345,599230,11,0.12986802818919768,3575135,11,0.1403643312741885,7728175,11,0.1550000755567296,21334973,11,0.19167779814669367,26383475,11,0.19745276851097968,10871349,11,0.19921158014277823,5484093,11,0.19493472062264555,1073271,11,-0.8408318570858154,-0.6172552116762559,-0.49233122483999603,-0.3064143219574856
5,toxicity,6,0000000000010001000111000,63,7,5,2,2,False,0.08525365645498467,0.10914247790600229,600916,7,0.11295411000441898,3109512,7,0.11489390391425444,6325825,7,0.11543928391981338,15889631,7,0.10742615206886061,14786664,7,0.10236877231874796,5636217,7,0.09863112652855698,2715215,7,0.09116336835520815,501927,7,0.2596865670811615,0.19562184945969857,0.16652656583819694,0.10378900673319254
5,toxicity,6,0000000000010001000111100,63,1,6,2,3,False,-0.031801334629564,0.005045593787199448,27780,1,0.008920016484443578,245559,1,0.01060634837438337,583964,1,0.012652417539274242,1741541,1,0.017891325142194315,2462650,1,0.01866981224807917,1027922,1,0.018689100329045888,514492,1,0.01818338017184433,100114,1,-1.8495244450670594,-1.0670788397374995,-0.8157793783604111,-0.4998471744920798
5,toxicity,6,0000000000010001010010100,63,10,5,2,2,False,0.07597358916135917,0.10606753539998046,583986,10,0.12617780858974642,3473547,10,0.1345884553060793,7410167,10,0.14538430477492376,20011411,10,0.16816731898400114,23147377,10,0.1740772980159894,9584343,10,0.17859945227915577,4916662,10,0.18704085893468284,1029809,10,-0.8183703089698185,-0.501269456154329,-0.3711734045942025,-0.2100258358872732
5,toxicity,6,0000000000010001010011000,63,10,5,2,2,False,-0.056391992378111086,0.0822520784468144,452863,10,0.10709130757999251,2948115,10,0.1179979777314343,6496729,10,0.13344205510817253,18367621,10,0.17976750017194604,24744083,10,0.1900791042575996,10465370,10,0.1943533919355623,5350352,10,0.19770035110266507,1088498,10,-1.265191392983616,-0.8598409026777228,-0.6878378079514352,-0.4299188096480954
5,toxicity,6,0000000000010001010011010,63,0,6,2,3,False,,0.0,0,0,0.0,0,0,0.0,0,0,0.0,0,0,0.0,0,0,0.0,0,0,0.0,0,0,0.0,0,0,,,,
5,toxicity,6,0000000000010001010011100,63,5,6,2,3,False,-0.022844603239188133,0.04772881077642934,262785,5,0.05729826217711986,1577363,5,0.06193188855186431,3409844,5,0.06799189537834015,9358739,5,0.09015796652835402,12409786,5,0.09806418224049371,5399215,5,0.10378685565146295,2857147,5,0.11439615372669933,629842,5,-1.2611062506787696,-0.8570604528476925,-0.6630438506940093,-0.4070921889281764
5,toxicity,6,0000000000010001010111000,63,0,6,2,3,False,,0.0,0,0,0.0,0,0,0.0,0,0,0.0,0,0,0.0,0,0,0.0,0,0,0.0,0,0,0.0,0,0,,,,
5,toxicity,6,0000000000010011000111000,63,10,6,2,2,False,-0.1273776845258876,0.07317109939093254,402865,10,0.10126345014173244,2787680,10,0.11404835873985834,6279271,10,0.1316473866234947,18120594,10,0.1827468981982546,25154182,10,0.194040674073502,10683486,10,0.19770909114817772,5442731,10,0.19854673174474105,1093158,10,-1.4401327724898245,-0.9652656670580539,-0.7667134113007599,-0.47316803697329657
5,toxicity,6,0000000000010011010011000,63,0,6,2,2,False,,0.0,0,0,0.0,0,0,0.0,0,0,0.0,0,0,0.0,0,0,0.0,0,0,0.0,0,0,0.0,0,0,,,,
5,toxicity,6,0000000001000010010010000,63,58,4,2,1,False,-0.31495719133286143,0.8476156209258828,4666797,58,0.8708748252069591,23974300,58,0.8812961299026486,48522375,58,0.8959184545277806,123318624,58,0.9431334475920611,129817527,58,0.9584703555735762,52771434,58,0.9672778733194941,26628180,58,0.9801661775761075,5396596,58,-0.20961618902723492,-0.1514650287098434,-0.12110694190309433,-0.07409449202649232
5,toxicity,6,0000000001000010110010000,63,15,5,2,2,False,-0.004057557155188655,0.20104311930304694,1106902,15,0.2133870900071325,5874330,15,0.21933211884368636,12075981,15,0.22706590261376883,31254468,15,0.24737802344887136,34050328,15,0.251746232135103,13860637,15,0.25173221956914,6929933,15,0.24743084425379286,1362304,15,-0.2995203943447039,-0.23841698567903846,-0.19885309095183357,-0.12360626018195883
5,toxicity,6,0000000001000011000000010,63,58,4,2,1,False,0.037717801610049236,0.8232511060166798,4532651,58,0.860032616531267,23675825,58,0.8752833763265042,48191325,58,0.8953187229866529,123236074,58,0.9401816277722537,129411224,58,0.9495569143011661,52280678,58,0.9536306584764633,26252486,58,0.9586069010535623,5277895,58,-0.21960678097420053,-0.14903924334117824,-0.11750430427103191,-0.07053813252802184
5,toxicity,6,0000000001000011000010000,63,54,4,2,1,False,-0.2783239399380729,0.8082625321615738,4450127,54,0.8274811802905192,22779717,54,0.8346964996111643,45956694,54,0.8444090562877293,116228617,54,0.868830290786106,119590075,54,0.8761508324353102,48239088,54,0.8802430325532865,24232199,54,0.8863138252282095,4879864,54,-0.1329936458410477,-0.08917540212487891,-0.06992753539294431,-0.041132350277718846
5,toxicity,6,0000000001000011000010010,63,11,5,2,2,False,0.07874722566247354,0.15311669851796125,843029,11,0.16374831836335413,4507825,11,0.16860463923033558,9283029,11,0.17394936914489834,23943247,11,0.1719427362226135,23667044,11,0.1684828311511365,9276323,11,0.16522947248295042,4548600,11,0.15810880786196804,870515,11,-0.0462861109389364,-0.012990956844061522,0.0010426487774864148,0.01673927677785965
5,toxicity,6,0000000001000011010010000,63,19,5,2,2,False,0.06573869708260634,0.23927883970958594,1317420,19,0.25892385789014744,7127911,19,0.26793363917946195,14751882,19,0.28174196330674606,38780350,19,0.3200610695989439,44054780,19,0.3321285244578206,18286323,19,0.34058721448776885,9376021,19,0.35209398385011287,1938558,19,-0.5572677566154525,-0.3954963729367687,-0.3098659087733121,-0.18397274827828158
5,toxicity,6,0000000001000011110010000,63,1,6,2,3,False,-0.18319182923682534,0.0030956479664876672,17044,1,0.006381637390553993,175680,1,0.008154514381015398,448971,1,0.01046470149425057,1440413,1,0.019858873250526595,2733473,1,0.022820128572843185,1256430,1,0.025537626938470347,703025,1,0.031211466750408704,171844,1,-3.333762832494269,-2.000625929061589,-1.4846360510662937,-0.9242526105098817
5,toxicity,6,0000000001000100100110000,63,15,5,2,2,False,0.2360466969208053,0.3049769025139698,1679140,15,0.2821988169923446,7768647,15,0.2732151997833411,15042674,15,0.26030643920603824,35829859,15,0.21764977754100753,29958386,15,0.20100071975044775,11066692,15,0.18964228505756495,5220660,15,0.17064759198350393,939551,15,0.8376799273782723,0.5734312582628125,0.44283707985854026,0.258202454608421
5,toxicity,6,0000000001000101000010000,63,58,4,2,1,False,-0.1192348846357539,0.8733594101050639,4808537,58,0.8898475188969008,24496599,58,0.8962982633812736,49348362,58,0.9045436184640886,124505834,58,0.9343317932425824,128606024,58,0.9430425079950275,51922008,58,0.9492418300753311,26131666,58,0.9599196991825162,5285123,58,-0.1363382415577151,-0.09321753475402872,-0.0733439010226468,-0.046744887030298214
5,toxicity,6,0000000001000101000010010,63,17,5,2,2,False,0.24138058943449783,0.3412701238004909,1878963,17,0.3177060832428075,8746126,17,0.30851733742666754,16986338,17,0.2954112872454719,40661863,17,0.24595050980414324,33853838,17,0.22665368059688068,12479092,17,0.21330864808065766,5872171,17,0.19063997455772524,1049625,17,0.8400634563653405,0.5747502567349194,0.4448619761458964,0.26435690501263764
5,toxicity,6,0000000001000101000010100,63,11,5,2,2,False,0.29401157644694875,0.2366988303594359,1303215,11,0.21820513905616207,6006966,11,0.2099485544045404,11559341,11,0.19810901848030424,27268700,11,0.15262619319787604,21008220,11,0.1365225729709042,7516656,11,0.12596413373292667,3467665,11,0.10694963871715575,588843,11,1.1461209680600803,0.7926720717606386,0.6208963450278784,0.3762919833345085
5,toxicity,6,0000000001000101000010110,63,0,6,2,3,False,,0.0,0,0,0.0,0,0,0.0,0,0,0.0,0,0,0.0,0,0,0.0,0,0,0.0,0,0,0.0,0,0,,,,
5,toxicity,6,0000000001000110100010000,63,15,5,2,2,False,0.07146234926381172,0.15622851127375997,860162,15,0.176083171973104,4847391,15,0.18629430373648545,10256986,15,0.20351599608616142,28012943,15,0.27235718740914805,37488583,15,0.2986931665408962,16445440,15,0.3191537342075101,8785979,15,0.35689383389907037,1964985,15,-1.1918372105876618,-0.8579944885428277,-0.6810806701452854,-0.42035774703262097
5,toxicity,6,0000000001000111000000010,63,36,5,2,2,False,-0.04847874981008616,0.505346731098185,2782335,36,0.5308833217061943,14614679,36,0.5430224097078481,29897711,36,0.5564609867185799,76594028,36,0.5827622812579083,80214267,36,0.5831780364158708,32108600,36,0.5791715474310769,15944006,36,0.5661211265144719,3116948,36,-0.163837166225301,-0.12559591156440186,-0.10292464898794687,-0.06662695906301791
5,toxicity,6,0000000001000111000010000,63,15,5,2,2,False,0.03333928792876501,0.2099361145731206,1155865,15,0.22099775927081947,6083844,15,0.22528148468389744,12403541,15,0.2310711357891014,31805768,15,0.2422441179975557,33343672,15,0.24627172973243547,13559222,15,0.24870846137564015,6846692,15,0.2517975145106149,1386346,15,-0.26231367256182264,-0.17042384870415994,-0.12852227908316716,-0.06812457849331707
5,toxicity,6,0000000001000111000010010,63,1,6,2,2,False,0.11265533749662902,0.006974834147445401,38402,1,0.010009704317104318,275557,1,0.011365584516929783,625766,1,0.013342635529157197,1836546,1,0.018134225499453416,2496084,1,0.018894738803674063,1040306,1,0.018745368291248784,516041,1,0.017451787634015566,96086,1,-1.3231440061401758,-0.9051348124755536,-0.733312693311127,-0.44267146437121857
5,toxicity,6,0000000001000111100010000,63,0,6,2,2,False,,0.0,0,0,0.0,0,0,0.0,0,0,0.0,0,0,0.0,0,0,0.0,0,0,0.0,0,0,0.0,0,0,,,,
5,toxicity,6,0000000001010000110010000,63,36,5,2,2,False,0.10064637629979653,0.6207618737642564,3417787,36,0.6001439936852012,16521355,36,0.5939747069129993,32703041,36,0.5859451042581157,80652367,36,0.5637860413866784,77602284,36,0.5568527115383036,30659181,36,0.551040980912229,15169600,36,0.5395642084152394,2970731,36,0.20224530077147207,0.1231490748056973,0.09310571558399094,0.055617749375632
5,toxicity,6,0000000001010000110110000,63,0,6,2,3,False,,0.0,0,0,0.0,0,0,0.0,0,0,0.0,0,0,0.0,0,0,0.0,0,0,0.0,0,0,0.0,0,0,,,,
5,toxicity,6,0000000001010001000010000,63,63,4,2,1,False,-0.014049479013515087,1.0,5505794,63,1.0,27528985,63,1.0,55057969,63,1.0,137644920,63,1.0,137644919,63,1.0,55057972,63,1.0,27528987,63,1.0,5505797,63,0.0,0.0,0.0,0.0
5,toxicity,6,0000000001010001000010010,63,10,5,2,2,False,0.32282548412774853,0.1898690724716544,1045380,10,0.17899584746767816,4927574,10,0.17506167000094028,9638540,10,0.17034577084283242,23447230,10,0.14805958801864674,20379650,10,0.1379967827365672,7597823,10,0.13133291101485137,3615462,10,0.1186033556994564,653006,10,0.678860096592339,0.4466976289440479,0.34322860590170073,0.2022882108847605
5,toxicity,6,0000000001010001000110000,63,11,5,2,2,False,0.3499771265664068,0.2075001353120004,1142453,11,0.19070641362186075,5249954,11,0.1854447990989279,10210214,11,0.18027877091286768,24814457,11,0.16838442834202982,23177261,11,0.1653479899332289,9103725,11,0.16262018649651003,4476769,11,0.1554563308454707,855911,11,0.4166029066727851,0.22984700926911575,0.16548429984301297,0.09847079062260246
5,toxicity,6,0000000001010001010010000,63,14,5,2,2,False,-0.03766474943351478,0.16513585506468276,909204,14,0.18520003552619177,5098369,14,0.1936026372494779,10659368,14,0.20507095358114197,28226975,14,0.23742528411092312,32680384,14,0.24910541565170616,13715239,14,0.25695130009687606,7073609,14,0.26959402971086655,1484330,14,-0.7071351487816463,-0.47241057642311285,-0.3636577815927315,-0.21135041818965358
5,toxicity,6,0000000001010001010110000,63,2,6,2,3,False,-0.18156141384129731,0.00831542189918475,45783,2,0.014380842591908128,395890,2,0.017621481824002624,970203,2,0.022058794469131154,3036281,2,0.03968325194771628,5462198,2,0.045700539060901116,2516179,2,0.05040468797489715,1387590,2,0.058671796290346336,323035,2,-2.818805793669596,-1.809409712708697,-1.374875934363018,-0.8471763073432909
5,toxicity,6,0000000001010001100010000,63,17,5,2,2,False,-0.06700798593370386,0.20919089962319695,1151762,17,0.2291344195944747,6307838,17,0.2379373093112098,13100345,17,0.25004710671487185,34417714,17,0.28507768601324107,39239495,17,0.29498189653625456,16241105,17,0.30274237842460383,8334191,17,0.3175582027452156,1748411,17,-0.6022009445797553,-0.40189644994517243,-0.31004490834239956,-0.18915520733973218
5,toxicity,6,0000000001010001100110000,63,0,6,2,3,False,,0.0,0,0,0.0,0,0,0.0,0,0,0.0,0,0,0.0,0,0,0.0,0,0,0.0,0,0,0.0,0,0,,,,
5,toxicity,6,0000000001010001110010000,63,3,6,2,3,False,0.1315233959397764,0.02617696920734775,144125,3,0.031066819208917438,855238,3,0.03356916416586307,1848250,3,0.038358553297862356,5279860,3,0.05701622738431776,7847994,3,0.0636797701157609,3506079,3,0.06803406896156404,1872909,3,0.07317214928192957,402871,3,-1.4829965652437445,-1.130882837968373,-0.9236985117443298,-0.5718242732611759
5,toxicity,6,0000000001010010110010000,63,4,6,2,2,False,0.46831757066014335,0.10257684904302632,564767,4,0.08647194947434494,2380485,4,0.08080256284063075,4448825,4,0.07414649229335889,10205888,4,0.054416349360487476,7490134,4,0.04848089936912315,2669260,4,0.04475740425900888,1232126,4,0.03795072720625188,208949,4,1.4345057246552304,0.9501058461277204,0.7369845896274397,0.446338270091327
5,toxicity,6,0000000001010011000010000,63,31,5,2,2,False,0.1438025650288827,0.5339843808177349,2940008,31,0.5118999483635157,14092086,31,0.5050813625181125,27808754,31,0.4991438768681038,68704619,31,0.4868475530142889,67012092,31,0.4800929282320824,26432943,31,0.4752371382208869,13082797,31,0.4606553783221575,2536275,31,0.21310968619193915,0.10721427838008968,0.07320212210469755,0.03598563773487541
5,toxicity,6,0000000001010011000010010,63,6,6,2,2,False,0.3890128235533508,0.1593592132215626,877399,6,0.1391348791101452,3830242,6,0.13006945461428118,7161360,6,0.11742418100137658,16162842,6,0.07500077790739228,10323476,6,0.060424383230097904,3326844,6,0.05146749497175468,1416848,6,0.03728561005790806,205287,6,2.0955915779031207,1.4347506576387317,1.1060794535591516,0.6467520668446624
5,toxicity,6,0000000001010011010010000,63,2,6,2,2,False,-0.09389974123989972,0.015974626003079664,87953,2,0.021743191766786896,598568,2,0.024172795040805082,1330905,2,0.027108054550796352,3731286,2,0.03538508384751928,4870577,2,0.03706556790722332,2040755,2,0.03781188897361171,1040923,2,0.03897764483507111,214603,2,-1.286864765291115,-0.7982761893680766,-0.6166953180607849,-0.38441975810307893
5,toxicity,6,0000000001010011100010000,63,3,6,2,2,False,0.22085217980489558,0.07432860728171087,409238,3,0.06086715510942376,1675611,3,0.05664166435198509,3118575,3,0.05200382258931169,7158062,3,0.04675319689788186,6435340,3,0.04822549584645072,2655198,3,0.05173096271214048,1424101,3,0.0637110303921485,350780,3,0.22237440584677637,0.23463589646319308,0.23206758612587144,0.15355265657641276
5,toxicity,6,0000000001010011110010000,63,0,7,2,3,False,,0.0,0,0,0.0,0,0,0.0,0,0,0.0,0,0,0.0,0,0,0.0,0,0,0.0,0,0,0.0,0,0,,,,
5,toxicity,6,0000000001010101000010000,63,25,5,2,2,False,-0.27316922418200007,0.2894765042062961,1593798,25,0.3283031684604427,9037853,25,0.34416013420327946,18948758,25,0.3645906874005957,50184056,25,0.42360340231665217,58306856,25,0.43925878708354893,24184698,25,0.4507412859034733,12408451,25,0.47460176973469964,2613061,25,-0.7132712257192844,-0.4572709271185034,-0.3519911542446954,-0.21643646523470458
5,toxicity,6,0000000001010101000010010,63,4,6,2,2,False,0.029761301026414316,0.04944718236824698,272246,4,0.05393529765082149,1484784,4,0.05636306707935412,3103236,4,0.06013735196329803,8277601,4,0.06616785469574797,9107669,4,0.06705975294549534,3692174,4,0.06740524088300089,1855598,4,0.06699302571453325,368850,4,-0.43812259739380227,-0.3216310223117596,-0.25069704795549863,-0.1378691621233792
5,toxicity,6,0000000001010101000110000,63,3,6,2,2,False,0.19556067350796244,0.038895207485060285,214149,3,0.04463037776365529,1228629,3,0.046412336786342406,2555369,3,0.04819378005377895,6633629,3,0.04336146254697567,5968485,3,0.038981439418073735,2146239,3,0.03563988751202505,981130,3,0.029728121105809024,163677,3,0.3877641188701725,0.32453323462683725,0.25172097256078324,0.15243354409573642
5,toxicity,6,0000000001010101100010000,63,1,6,2,2,False,-0.03221726332152771,0.005219773932697082,28739,1,0.007999205201354137,220210,1,0.009466967442987227,521232,1,0.011594092974880585,1595868,1,0.019824378697189688,2728725,1,0.02288041048805793,1259749,1,0.024867061036426802,684565,1,0.02746032953993763,151191,1,-2.395289708324789,-1.6363074433336864,-1.2731386693494606,-0.7738856921085665
5,toxicity,6,0000000001010111000010000,63,2,6,2,3,False,0.09223940745370668,0.022325753560703505,122921,2,0.026073282396717495,717771,2,0.027882739372387673,1535167,2,0.029800722031732084,4101918,2,0.0327061327995696,4501833,2,0.032530384519066556,1791057,2,0.03202184664477483,881529,2,0.030267734171819265,166648,2,-0.4390718083186537,-0.29648429108115726,-0.222415568141697,-0.13421389835287573
5,toxicity,6,0000000001010111000010010,63,0,7,2,3,False,,0.0,0,0,0.0,0,0,0.0,0,0,0.0,0,0,0.0,0,0,0.0,0,0,0.0,0,0,0.0,0,0,,,,
5,toxicity,6,0000000001100001000000110,63,11,5,2,2,False,0.06296876547993573,0.11471914859146565,631620,11,0.13379821304708472,3683329,11,0.14294125161064333,7870055,11,0.1562507501184933,21507122,11,0.19168881925819578,26384992,11,0.20262575236152905,11156163,11,0.2075174070153762,5712744,11,0.21144259405132446,1164160,11,-0.8821598077107708,-0.633173509883492,-0.5033952167146096,-0.2949030747848844
5,toxicity,6,0000000001100001010000110,63,2,6,2,2,False,0.2775433305968709,0.03651244488987419,201030,2,0.03427412961284261,943532,2,0.03379841345037628,1860872,2,0.033422577455092424,4600448,2,0.02983577621197917,4106743,2,0.028910363788916888,1591746,2,0.02801941095762078,771346,2,0.02548386727661772,140309,2,0.5188040466937068,0.2906934026038346,0.22536876291754732,0.16377968352052
5,toxicity,6,0000000011000111000010000,63,4,6,2,2,False,0.06772714558789718,0.056121968965784044,308996,4,0.05829521139264669,1604808,4,0.0594140877227055,3271219,4,0.0616577204592803,8486872,4,0.06411541424206149,8825161,4,0.06372306993072684,3508463,4,0.06303210503168896,1735210,4,0.06075105929259651,334483,4,-0.11434393973826475,-0.11270946462852979,-0.10101072181409816,-0.05638968989046065
5,toxicity,6,0000000011010011000010000,63,10,6,2,2,False,-0.09617925778444837,0.07500970795492894,412988,10,0.10417372816324322,2867797,10,0.11736996691614252,6462152,10,0.13388060380288644,18427985,10,0.1800302922914285,24780255,10,0.19098772835294406,10515397,10,0.19462561408452841,5357846,10,0.19601757928961056,1079233,10,-1.3858338140060011,-0.9017101047509346,-0.7024166496541459,-0.42729271528760765
5,toxicity,6,0000000011010011000010010,63,0,7,2,2,False,,0.0,0,0,0.0,0,0,0.0,0,0,0.0,0,0,0.0,0,0,0.0,0,0,0.0,0,0,0.0,0,0,,,,
5,toxicity,6,0000000001000100100010000,63,62,4,1,1,True,0.07994453592699222,0.9813004264235095,5402838,62,0.9816140333542991,27022838,62,0.9818195800139304,54056992,62,0.9823352797909287,135213461,62,0.9859647634359827,135713040,62,0.988118814111061,54403818,62,0.9898729292145766,27250199,62,0.993036430511332,5467457,62,-0.01715175833688747,-0.012087462943030041,-0.009226587791391556,-0.005320574989088093
5,toxicity,7,0000000000000000000011110,82,1,4,1,4,False,-0.1167390069162828,0.008605731707317073,70567,1,0.010239269291636028,419810,1,0.010210732205401571,837280,1,0.010619258329380325,2176948,1,0.013300799870236099,2726664,1,0.015352024015804292,1258866,1,0.016934756097560975,694325,1,0.02209841463414634,181207,1,-1.3605731041426465,-0.7258744451116448,-0.588342548805132,-0.32482999878871144
5,toxicity,7,0000000000000000000111100,82,2,4,1,3,False,0.06933353908477409,0.017994634146341462,147556,2,0.021932977749558803,899252,2,0.023055245027085124,1890530,2,0.024148511723931478,4950445,2,0.024174126593423155,4955696,2,0.022543926279416433,1848602,2,0.020905219512195122,857114,2,0.01700780487804878,139464,2,0.08136981998157952,0.06923850177044943,0.03235619950954592,-0.001529488038595029
5,toxicity,7,0000000000000000010011010,82,20,4,1,3,False,-0.26395013375051335,0.15617280487804877,1280617,20,0.17839172472114387,7314060,20,0.18900493604902127,15498404,20,0.20660570328574238,42354170,20,0.2806102021403883,57525092,20,0.3075804803029151,25221600,20,0.32645975609756095,13384850,20,0.3658081707317073,2999627,20,-1.2279440477206904,-0.8718564636544249,-0.7025400374441676,-0.44168738205311386
5,toxicity,7,0000000000000000010011100,82,18,4,2,3,False,-0.19837894320180122,0.1486198780487805,1218683,18,0.1664042357467547,6822573,18,0.174679337789236,14323705,18,0.1888118548524516,38706431,18,0.25060068048194456,51373140,18,0.27298483480524793,22384757,18,0.2885450487804878,11830347,18,0.32226439024390247,2642568,18,-1.1166176908536334,-0.794104418527032,-0.6441118400003224,-0.40844098271907925
5,toxicity,7,0000000000000000010011110,82,2,5,2,4,False,-0.08332612992940583,0.014257926829268292,116915,2,0.01790280662466406,734015,2,0.018699659448763877,1533372,2,0.020416628869919438,4185409,2,0.027886599727935613,5716753,2,0.03145337728162494,2579177,2,0.034429073170731704,1411592,2,0.04145963414634146,339969,2,-1.5399431634060048,-0.9434415674820146,-0.7502029371388604,-0.4498273616587642
5,toxicity,7,0000000000000000010111000,82,18,4,1,2,False,0.17439682450205976,0.16744121951219512,1373018,18,0.19257316512908929,7895499,18,0.20106236346645676,16487113,18,0.21159490318839214,43376956,18,0.22394293440055674,45908302,18,0.2197829336638309,18022201,18,0.21454831707317074,8796481,18,0.19893243902439026,1631246,18,-0.24862382497367397,-0.1558959054356219,-0.12843631290939908,-0.08182627177401038
5,toxicity,7,0000000000000000010111100,82,2,5,2,3,False,0.0720329028172414,0.019404268292682925,159115,2,0.02184509969220485,895649,2,0.02252701329400065,1847215,2,0.023474731249273538,4812320,2,0.02558862414059879,5245668,2,0.025382548161401265,2081369,2,0.02428831707317073,995821,2,0.02159060975609756,177043,2,-0.15402995596057587,-0.15295284005652998,-0.172180860056991,-0.1243939367943115
5,toxicity,7,0000000000000000110010100,82,34,4,2,2,False,-0.24500162162612507,0.2972140243902439,2437155,34,0.3366349352814571,13802031,34,0.35341216358108113,28979796,34,0.3767906414284753,77242083,34,0.45190210290827215,92639932,34,0.4749111591485083,38942716,34,0.4899748048780488,20088967,34,0.5244475609756097,4300470,34,-0.8192963335470247,-0.5415226615756348,-0.42630596131515774,-0.26224713822036905
5,toxicity,7,0000000000000000110010110,82,4,5,2,3,False,-0.1377264984710455,0.011898170731707318,97565,4,0.020059514152147722,822440,4,0.024684586569979832,2024136,4,0.03240357009944254,6642732,4,0.0675606139750184,13849926,4,0.08104892485246525,6646012,4,0.09083453658536586,3724216,4,0.11329329268292683,929005,4,-3.2512507611488726,-2.178954271200598,-1.7151825656324085,-1.0600296666726028
5,toxicity,7,0000000000000000110011100,82,6,5,2,3,False,-0.12217576979944966,0.031153536585365852,255459,6,0.04534017515513904,1858947,6,0.05163042934782582,4233695,6,0.06028386711641235,12358193,6,0.08438472600600268,17298869,6,0.0896815222028897,7353885,6,0.09329265853658536,3824999,6,0.096295,789619,6,-1.6280649408902597,-1.0409735913740341,-0.796589170533394,-0.48520992208011643
5,toxicity,7,0000000000000010000111000,82,16,4,2,2,False,0.06189442753908188,0.16962048780487804,1390888,16,0.18674167675528552,7656408,16,0.1917058630100421,15719880,16,0.19596369861534246,40172559,16,0.18926472498278318,38799269,16,0.18537987352732016,15201150,16,0.1852679512195122,7595986,16,0.19427731707317072,1593074,16,-0.1958070303133676,0.011430605471555581,0.048409839368762544,0.05018087871223767
5,toxicity,7,0000000000000010010011000,82,28,4,1,2,False,0.22952588098933077,0.3028040243902439,2482993,28,0.32240832413739745,13218740,28,0.3308313697966522,27128171,28,0.33907629094485287,69510641,28,0.3427271332416865,70259063,28,0.3416767721542251,28017496,28,0.3416857804878049,14009117,28,0.3440831707317073,2821482,28,-0.18437295145086657,-0.08378121743203851,-0.04653613497432421,-0.015450501510661787
5,toxicity,7,0000000000000010010111000,82,13,5,2,2,False,0.25508223993621165,0.12818475609756097,1051115,13,0.14035155027820004,5754413,13,0.14636444616411934,12001884,13,0.15361952870986287,31492004,13,0.16427488620219624,33676352,13,0.16263344725284276,13335943,13,0.1591101219512195,6523515,13,0.1464441463414634,1200842,13,-0.19212582209563384,-0.1809806176064674,-0.15205884639611508,-0.096750314026991
5,toxicity,7,0000000000000010100010010,82,35,4,1,2,False,0.4392785042608478,0.4360456097560976,3575574,35,0.4469963850728181,18326850,35,0.4495510219293181,36863182,35,0.44789107418749124,91817672,35,0.4007004156029228,82143586,35,0.37626774692029885,30853956,35,0.35829653658536587,14690158,35,0.31892621951219513,2615195,35,0.4512563376788052,0.31910906612204226,0.2567252349876347,0.16062390956287767
5,toxicity,7,0000000000000010100011000,82,40,4,2,2,False,0.29112750369507256,0.46946402439024393,3849605,40,0.4893352672522212,20062744,40,0.49498608512127246,40588857,40,0.4982249854004881,102136124,40,0.47365861001308673,97100016,40,0.45986169610093425,37708660,40,0.45137663414634144,18506442,40,0.4380392682926829,3591922,40,0.09995439972145777,0.11649152582356308,0.1061879348949728,0.07294976329852612
5,toxicity,7,0000000000000010100011010,82,3,5,2,3,False,0.25510444924907494,0.05946987804878049,487653,3,0.05485705413239553,2249139,3,0.05210150254153671,4272323,3,0.046913077133403376,9617181,3,0.025302741216558622,5187062,3,0.018308267846139807,1501278,3,0.014625073170731707,599628,3,0.008489146341463414,69611,3,2.808467726796958,1.907233307726353,1.5088296750736547,0.890696443256607
5,toxicity,7,0000000000000010100110000,82,63,4,2,2,False,-0.08215302686060479,0.6610098780487805,5420281,63,0.7092207033386052,29078046,63,0.725302547575734,59474806,63,0.7449150976601933,152707598,63,0.7872557532950658,161387431,63,0.7966353708137714,65324102,63,0.8029720731707317,32921855,63,0.8186012195121951,6712530,63,-0.3084889846913947,-0.17911516111811965,-0.13533662086795717,-0.07975639313462671
5,toxicity,7,0000000000000010100111000,82,14,5,2,2,False,0.1866759796365826,0.147295,1207819,14,0.1603410400332722,6573982,14,0.1647503373048945,13509527,14,0.169369060109872,34720658,14,0.17184727149417295,35228691,14,0.16891499588012204,13851030,14,0.1648221219512195,6757707,14,0.15189939024390245,1245575,14,-0.044407620346154704,-0.03976615264769705,-0.036015993965375845,-0.020956594454649796
5,toxicity,7,0000000000000010110010000,82,73,4,1,2,False,-0.38948262142317264,0.7775065853658537,6375554,73,0.8275010563415665,33927540,73,0.8446216631522763,69258973,73,0.8653202075059472,177390646,73,0.9129840057269853,187161723,73,0.9245001115975583,75809011,73,0.9313931707317074,38187120,73,0.9463234146341464,7759852,73,-0.2834784272801239,-0.17062915031743098,-0.13036824341747583,-0.07735549253434272
5,toxicity,7,0000000000000010110011000,82,5,5,2,2,False,-0.19920167219934426,0.034377560975609754,281896,5,0.0434245652121527,1780407,5,0.047101331565918614,3862309,5,0.05173035021013951,10604722,5,0.07141306271792133,14639678,5,0.08081496144353753,6626827,5,0.08938743902439024,3664885,5,0.11476268292682927,941054,5,-1.7391145039851141,-1.0415607100219342,-0.7788545611176041,-0.46517703444788083
5,toxicity,7,0000000000000010110110000,82,12,5,2,3,False,0.00808637999243686,0.10861329268292683,890629,12,0.120685402018088,4948101,12,0.12591093297126502,10324696,12,0.13326132422904732,27318572,12,0.16113392037918126,33032454,12,0.17203414214550872,14106800,12,0.18043439024390243,7397810,12,0.19743670731707316,1618981,12,-0.8621895609698788,-0.5802231583311851,-0.4502913535562102,-0.27400209347056936
5,toxicity,7,0000000000000010110111000,82,0,6,2,3,False,,0.0,0,0,0.0,0,0,0.0,0,0,0.0,0,0,0.0,0,0,0.0,0,0,0.0,0,0,0.0,0,0,,,,
5,toxicity,7,0000000000000011100001000,82,54,4,2,2,False,-0.040666102876358336,0.631375243902439,5177277,54,0.6429953554141811,26362807,54,0.6472690803545893,53076062,54,0.6530841823788452,133882260,54,0.6617642472023,135661672,54,0.6624180326239504,54318280,54,0.6636997317073171,27211689,54,0.6693020731707318,5488277,54,-0.08415978909964947,-0.04572237455092321,-0.03337635816083895,-0.019048383242318594
5,toxicity,7,0000000000000011100001010,82,2,5,2,2,False,0.03126465484427076,0.019548414634146343,160297,2,0.023542636443184044,965248,2,0.024974171949959607,2047882,2,0.025937862908529504,5317262,2,0.02185074125023667,4479402,2,0.01899903612197473,1557921,2,0.017228,706348,2,0.013795487804878048,113123,2,0.5028551395729136,0.45052066222453463,0.39451061627354483,0.2473773952979692
5,toxicity,7,0000000000000011100011000,82,3,5,2,2,False,-0.09537653574256952,0.018096585365853658,148392,3,0.025368148816404763,1040094,3,0.028362623334762114,2325735,3,0.03209893595904515,6580282,3,0.03980511668482813,8160049,3,0.04058581608327278,3328037,3,0.04094063414634146,1678566,3,0.04036243902439025,330972,3,-1.1572958546574927,-0.6905152032144429,-0.5169846454718062,-0.31042841706501617
5,toxicity,7,0000000000000011100101000,82,15,5,2,3,False,-0.04760065449411671,0.1405470731707317,1152486,15,0.15427813700274506,6325403,15,0.15973586145052981,13098340,15,0.16722854795651615,34281853,15,0.20198073949287085,41406052,15,0.21877965320049628,17939932,15,0.2331709756097561,9560010,15,0.27141,2225562,15,-0.9494204667365809,-0.5958545877577952,-0.4537903308870767,-0.27239657270884093
5,toxicity,7,0000000000000011110001000,82,10,5,2,3,False,-0.2058061906687841,0.07935487804878048,650710,10,0.0917233260217879,3760656,10,0.0969430657045398,7949331,10,0.10518964672800689,21563878,10,0.13730344256289323,28147206,10,0.15090788656322227,12374447,10,0.16088646341463414,6596345,10,0.18714329268292684,1534575,10,-1.2377525269303522,-0.8106823711991553,-0.6384585924123498,-0.3843750835257556
5,toxicity,7,0000000000000011110101000,82,1,6,2,4,False,-0.33357983252594814,0.0012936585365853658,10608,1,0.0029711710215776605,121818,1,0.004128500201390254,338537,1,0.006187146220738611,1268365,1,0.0193818485913966,3973279,1,0.026127011557877767,2142415,1,0.03205682926829268,1314330,1,0.04912658536585366,402838,1,-5.246975194555103,-3.431528181324634,-2.661852436022644,-1.6473601432386473
5,toxicity,7,0000000000000110100010000,82,64,4,1,2,False,-0.1375191673039287,0.6580312195121951,5395856,64,0.7073566787665052,29001621,64,0.7250315841478822,59452587,64,0.7484637268592443,153435067,64,0.8094128652740208,165929639,64,0.8268768578810523,67803904,64,0.8379085609756097,34354251,64,0.8629318292682927,7076041,64,-0.39109055993096475,-0.2443549489676185,-0.18962864911798472,-0.11294338022840072
5,toxicity,7,0000000000000110100010010,82,24,5,2,2,False,0.13168684497565034,0.22214158536585366,1821561,24,0.2486849998717073,10196084,24,0.25988950048241466,21310938,24,0.274648409275153,56302925,24,0.31413648474013184,64397980,24,0.3211934799708907,26337866,24,0.32211424390243903,13206684,24,0.3187648780487805,2613872,24,-0.5210131862941489,-0.37325296814315584,-0.30554425712588357,-0.19380557559420525
5,toxicity,7,0000000000000110100011000,82,14,5,2,2,False,0.3096296976280688,0.11865670731707317,972985,14,0.14081620886011795,5773464,14,0.149925007313415,12293850,14,0.16093450905493642,32991575,14,0.17831271045548575,36554106,14,0.17468230061750487,14323949,14,0.16994075609756099,6967571,14,0.15439512195121952,1266040,14,-0.3798335178110214,-0.2712184817275317,-0.2204923938967615,-0.14793582941496183
5,toxicity,7,0000000000000110100111000,82,1,6,2,2,False,0.01841817959744126,0.01235719512195122,101329,1,0.014107708693434995,578416,1,0.014691049497124365,1204666,1,0.014546272886901992,2981986,1,0.00926439990961561,1899202,1,0.006890682758763835,565036,1,0.005634243902439024,231004,1,0.003849390243902439,31565,1,1.6826494712191815,1.3241897679069563,1.0922186190079566,0.6508801109565208
5,toxicity,7,0000000000000111100011000,82,1,6,2,2,False,0.054795555034001645,0.0044797560975609755,36734,1,0.0076442202579727085,313413,1,0.008980122389274262,736370,1,0.010656746133526905,2184633,1,0.013392316942513981,2745425,1,0.012771402127526777,1047255,1,0.011989414634146342,491566,1,0.009494512195121952,77855,1,-1.0836736939191571,-0.6493199696168085,-0.5081099096003546,-0.3296385746722141
5,toxicity,7,0000000000010000100010010,82,67,4,2,2,False,-0.33001150466281115,0.6673289024390244,5472097,67,0.7257534122686256,29755887,67,0.7483921828483991,61368156,67,0.7778161116523685,159452306,67,0.8558601428696572,175451331,67,0.8745627957423708,71714151,67,0.8850159268292683,36285653,67,0.9044797560975609,7416734,67,-0.43869022382468553,-0.2862239683290918,-0.22476748755839515,-0.13794594435319044
5,toxicity,7,0000000000010000100010110,82,6,5,2,3,False,-0.007903625909308695,0.059768170731707315,490099,6,0.06195220116606841,2540040,6,0.06296394209580206,5163043,6,0.06608933041776917,13548313,6,0.08031443336278601,16464459,6,0.0846016930584953,6937339,6,0.08688182926829269,3562155,6,0.08984939024390244,736765,6,-0.5881313248010955,-0.4878989365979775,-0.42616066595362534,-0.28124189956417567
5,toxicity,7,0000000000010000100110000,82,71,4,2,2,False,-0.07199792042420215,0.7846030487804878,6433745,71,0.8203608117425182,33634790,71,0.8320419796118039,68227439,71,0.8469259103038846,173619815,71,0.8821412694425242,180838962,71,0.8912052099706046,73078829,71,0.8974526097560975,36795557,71,0.9122701219512195,7480615,71,-0.21749812630462098,-0.1295771824319862,-0.09910134714131574,-0.05877394586660652
5,toxicity,7,0000000000010000100110100,82,4,5,2,2,False,0.18758666291745513,0.05835182926829268,478485,4,0.06023883514525221,2469792,4,0.05976605169590496,4900816,4,0.05726122327295174,11738551,4,0.03870769230529081,7935077,4,0.03193025531877426,2618281,4,0.02783817073170732,1141365,4,0.01974158536585366,161881,4,1.563540032233584,1.1136294588278917,0.9044021487009267,0.5649381921229266
5,toxicity,7,0000000000010000110010010,82,18,5,2,2,False,0.1490548897499284,0.17552426829268292,1439299,18,0.19410079942446823,7958132,18,0.2022828757211159,16587195,18,0.21158134221304697,43374176,18,0.2258589295038153,46301081,18,0.22391644575813546,18361149,18,0.22024724390243902,9030137,18,0.2088978048780488,1712962,18,-0.2511268186175221,-0.18231790591925728,-0.14658629864340308,-0.09420954044239323
5,toxicity,7,0000000000010000110010100,82,31,5,2,2,False,-0.04263588686270645,0.271769756097561,2228512,31,0.3096817375299256,12696950,31,0.32557421100362005,26697084,31,0.34627937373113415,70987273,31,0.411503810619475,84358282,31,0.4301572821912858,35272898,31,0.441665,18108265,31,0.4635531707317073,3801136,31,-0.7703499144519306,-0.5121662024114236,-0.40187783446624054,-0.24896933500557614
5,toxicity,7,0000000000010000110010110,82,1,6,2,3,False,-0.018840570459450066,0.0038513414634146342,31581,1,0.005591317618665133,229244,1,0.006467085681321253,530301,1,0.008206131547197433,1682257,1,0.016581185204085996,3399143,1,0.019758889761978298,1620229,1,0.022050560975609756,904073,1,0.027081463414634147,222068,1,-2.8138727560912447,-1.9795551533251086,-1.6113142555404596,-1.0147729462635855
5,toxicity,7,0000000000010000110110000,82,16,5,2,3,False,-0.11480183907795777,0.12838060975609755,1052721,16,0.14628723378412037,5997776,16,0.15466945876436383,12682895,16,0.1677727186776055,34393408,16,0.22628560267038436,46388549,16,0.25097634753716225,20580061,16,0.27142358536585365,11128367,16,0.3197529268292683,2621974,16,-1.3165302464060673,-0.8917422156144216,-0.6983630599634864,-0.4316366567151622
5,toxicity,7,0000000000010000110110100,82,1,6,2,3,False,-0.04985234738507935,0.004466219512195122,36623,1,0.006461317703543191,264914,1,0.007473000364536603,612786,1,0.009104307139428154,1866383,1,0.015040585219116241,3083320,1,0.01687610934448514,1383841,1,0.01815712195121951,744442,1,0.020060243902439025,164494,1,-2.167213081390476,-1.4906352227330313,-1.1752228424901545,-0.7242395686202968
5,toxicity,7,0000000000010001000011000,82,49,4,2,2,False,-0.03606322536016582,0.5028396341463415,4123285,49,0.5464614923377066,22404919,49,0.5627902835507456,46148801,49,0.5814765447516772,119202694,49,0.608437930649386,124729777,49,0.611326448504233,50128770,49,0.6126889512195122,25120247,49,0.6174785365853659,5063324,49,-0.29629062141499424,-0.16503499838763197,-0.11934556441242805,-0.06538909665148186
5,toxicity,7,0000000000010001000011010,82,10,5,2,3,False,-0.13766212166282263,0.06582219512195121,539742,10,0.08260230074168788,3386694,10,0.0890546994660829,7302485,10,0.09920840782032375,20337724,10,0.14713187661334753,30162035,10,0.16706369104722704,13699223,10,0.18205995121951218,7464458,10,0.21845012195121952,1791291,10,-1.7306578659772505,-1.1401597281947304,-0.9076345676421766,-0.5685755471948994
5,toxicity,7,0000000000010001000011110,82,1,6,2,4,False,-0.046317339265618485,0.007267560975609756,59594,1,0.009735464364435547,399154,1,0.01044759807061454,856703,1,0.011012638809509487,2257591,1,0.013694321817616373,2807336,1,0.01444910940368026,1184827,1,0.014770609756097562,605595,1,0.01587,130134,1,-1.1267589522832893,-0.601407684555254,-0.4678092712494766,-0.31441761758341064
5,toxicity,7,0000000000010001000110100,82,25,5,2,2,False,0.08265443822550396,0.22956280487804878,1882415,25,0.25675229334168714,10526843,25,0.26877786676965204,22039784,25,0.28513213102181206,58452088,25,0.32730775290431463,67098090,25,0.33364027235023724,27358503,25,0.3339306585365854,13691157,25,0.32769451219512197,2687095,25,-0.5134626057134979,-0.3791713919582328,-0.3118791006638334,-0.19901715263336756
5,toxicity,7,0000000000010001000111000,82,6,5,2,2,False,0.09858566852555882,0.06219121951219512,509968,6,0.06752729927095602,2768619,6,0.06885817409064264,5646370,6,0.07082080349617945,14518265,6,0.07568210657871116,15514832,6,0.07541015669731325,6183633,6,0.07436004878048781,3048762,6,0.07001195121951219,574098,6,-0.1708903074617122,-0.13905685805219234,-0.13113092196930357,-0.09577903413595096
5,toxicity,7,0000000000010001000111100,82,0,6,2,3,False,,0.0,0,0,0.0,0,0,0.0,0,0,0.0,0,0,0.0,0,0,0.0,0,0,0.0,0,0,0.0,0,0,,,,
5,toxicity,7,0000000000010001010010100,82,6,5,2,2,False,-0.18970740681259968,0.02845658536585366,233344,6,0.041599174790163396,1705566,6,0.0479188925814094,3929349,6,0.05711684278796404,11708953,6,0.08836600401594143,18115031,6,0.0979060098071705,8028293,6,0.10506414634146341,4307630,6,0.11707560975609756,960020,6,-2.040606090065076,-1.336643611703251,-1.0308028526853812,-0.6295752111202727
5,toxicity,7,0000000000010001010011000,82,18,5,2,2,False,-0.14426184555720234,0.12991646341463414,1065315,18,0.15934711310703542,6533231,18,0.17206347180797424,14109204,18,0.19002454751171616,38955033,18,0.24869710001271123,50982906,18,0.2639361764893616,21642767,18,0.27188521951219513,11147294,18,0.285139756097561,2338146,18,-1.134084938387934,-0.7708248422738406,-0.6172482545049606,-0.3882038857815248
5,toxicity,7,0000000000010001010011010,82,1,6,2,3,False,0.15373922140642823,0.01577878048780488,129386,1,0.01484568437518872,608673,1,0.014659683641935787,1202094,1,0.014238004600234057,2918791,1,0.010419629166637764,2136024,1,0.009022024170194532,739806,1,0.00782119512195122,320669,1,0.005079024390243903,41648,1,1.6353623993564415,0.9245826207572944,0.7003309140571065,0.45044303930864416
5,toxicity,7,0000000000010001010011100,82,3,6,2,3,False,-0.11379531273606132,0.01106280487804878,90715,3,0.017537196832897253,719025,3,0.020968598583834076,1719425,3,0.026276072658027852,5386595,3,0.04703338490699137,9641844,3,0.05350535235352799,4387439,3,0.058691560975609756,2406354,3,0.06727109756097562,551623,3,-2.6042695818964154,-1.742734914846422,-1.3514527737466355,-0.8399355040894861
5,toxicity,7,0000000000010001010111000,82,1,6,2,3,False,0.004004876951385435,0.007560487804878049,61996,1,0.0097788302223249,400932,1,0.010437500509146366,855875,1,0.010961194908074246,2247045,1,0.013831585230911363,2835475,1,0.015067511827621663,1235536,1,0.015709,644069,1,0.017659634146341464,144809,1,-1.2239042293962759,-0.6838575443834803,-0.5296649293104359,-0.3355614337335774
5,toxicity,7,0000000000010011000111000,82,18,6,2,2,False,0.10170800493030538,0.1303108536585366,1068549,18,0.15535525905904968,6369565,18,0.16845343504650903,13813181,18,0.1881414890118734,38569006,18,0.25527235848514773,52330834,18,0.2725167372556893,22346373,18,0.2813439024390244,11535100,18,0.29361975609756097,2407682,18,-1.17199179092529,-0.8567636160859602,-0.6939949913983509,-0.4402193002132384
5,toxicity,7,0000000000010011010011000,82,1,6,2,2,False,0.02554106473593585,0.007191219512195122,58968,1,0.009434927749749049,386832,1,0.010283122452835242,843216,1,0.011391590021627512,2335276,1,0.01258634134062106,2580200,1,0.012108353363210894,992885,1,0.011593756097560975,475344,1,0.009946097560975609,81558,1,-0.46789413387238055,-0.29726466530435725,-0.23572428069607576,-0.14388984394914558
5,toxicity,7,0000000001000010010010000,82,81,4,2,1,False,-0.22422940776835126,0.9879373170731708,8101086,81,0.9883511695952361,40522394,81,0.9883319628454617,81043217,81,0.9882452782781409,202590286,81,0.9869408830542353,202322883,81,0.986617902765417,80902670,81,0.9865581707317073,40448885,81,0.9876487804878049,8098720,81,0.00042141448990359306,0.0026196152163880026,0.002504232275686729,0.0019054860056189422
5,toxicity,7,0000000001000010110010000,82,25,5,2,2,False,0.1743481328068939,0.27377573170731706,2244961,25,0.2852291253882073,11694393,25,0.29083330686991743,23848330,25,0.29843578929881387,61179338,25,0.30959892868683975,63467781,25,0.3093466875769101,25366429,25,0.30924858536585365,12679192,25,0.30918548780487803,2535321,25,-0.17547803778353277,-0.11664568957524356,-0.08903208661349526,-0.05297992108967394
5,toxicity,7,0000000001000011000000010,82,74,4,2,1,False,-0.07509522857305136,0.9220973170731708,7561198,74,0.9152504307561395,37525264,74,0.9123399347482894,74811871,74,0.908204148132602,186181854,74,0.8957837815045485,183635677,74,0.8927116733484958,73202359,74,0.8910307804878049,36532262,74,0.8929681707317073,7322339,74,0.046310266699611045,0.038691277292046966,0.03137717667145093,0.01986608023944049
5,toxicity,7,0000000001000011000010000,82,71,4,2,1,False,-0.12869676234714933,0.7913296341463415,6488903,71,0.8247883243695926,33816318,71,0.8367681383789336,68614984,71,0.8505458029161794,174361893,71,0.8791789963006927,180231696,71,0.8835827467418842,72453787,71,0.8861230243902439,36331044,71,0.8907713414634146,7304325,71,-0.17077635837812874,-0.1034830982502982,-0.07853732908632874,-0.04776799168209954
5,toxicity,7,0000000001000011000010010,82,24,5,2,2,False,0.24199365366656658,0.32520853658536586,2666710,24,0.31267934757847293,12819852,24,0.30907213702790914,25343914,24,0.30316846725524943,62149537,24,0.28087710457680876,57579807,24,0.27060822510711646,22189875,24,0.2628156097560976,10775440,24,0.2466151219512195,2022244,24,0.3991038623815917,0.2506329665250187,0.19173791000780624,0.1101806763069091
5,toxicity,7,0000000001000011010010000,82,28,5,2,2,False,-0.12040602802045386,0.2976192682926829,2440478,28,0.3178204212507728,13030636,28,0.32521249147378006,26667423,28,0.33384203738844803,68437619,28,0.3458901283327792,70907477,28,0.350670674373886,28754996,28,0.35481646341463413,14547475,28,0.3678386585365854,3016277,28,-0.3056051782542392,-0.1588611252893323,-0.10873411433958938,-0.051148209641712246
5,toxicity,7,0000000001000011110010000,82,0,6,2,3,False,,0.0,0,0,0.0,0,0,0.0,0,0,0.0,0,0,0.0,0,0,0.0,0,0,0.0,0,0,0.0,0,0,,,,
5,toxicity,7,0000000001000100100110000,82,33,5,2,2,False,0.19518771370687818,0.4760157317073171,3903329,33,0.45165533674686215,18517867,33,0.44175637520762806,36224021,33,0.4260751624180456,87345410,33,0.37870971337844184,77635492,33,0.3629188326117358,29759345,33,0.3524977804878049,14452409,33,0.3330669512195122,2731149,33,0.5151970447563382,0.3576080821587223,0.2836040319814179,0.17001552882809814
5,toxicity,7,0000000001000101000010000,82,73,4,2,1,False,-0.13263647022439964,0.841320975609756,6898832,73,0.8578004983219998,35169817,73,0.8641449933729265,70859886,73,0.8734365195427021,179054490,73,0.9087380008903609,186291292,73,0.9171113556802108,75203133,73,0.9220234146341464,37802960,73,0.9305721951219512,7630692,73,-0.1454617673214465,-0.10416123404647218,-0.08582351654848491,-0.05716155622346527
5,toxicity,7,0000000001000101000010010,82,31,5,2,2,False,0.15944620679301863,0.38237926829268293,3135510,31,0.38932433066578837,15962296,31,0.3909749215109718,32059942,31,0.38899621192202516,79744225,31,0.364643586686404,74751936,31,0.35003961341366796,28703249,31,0.338521,13879361,31,0.3129698780487805,2566353,31,0.288980495003536,0.20172717461979398,0.15955787228336712,0.09326908585354872
5,toxicity,7,0000000001000101000010100,82,18,5,2,2,False,0.1895321205055581,0.2370689024390244,1943965,18,0.23969855997059122,9827640,18,0.23952854826968528,19641340,18,0.23611145392953262,48402849,18,0.20001191512183497,41002443,18,0.18450075159754264,15129062,18,0.17372685365853657,7122801,18,0.14701292682926828,1205506,18,0.6893634127752606,0.46440046731937745,0.376570920797234,0.23938208252018214
5,toxicity,7,0000000001000101000010110,82,1,6,2,3,False,0.03061700475186003,0.006104146341463414,50054,1,0.008315561786884076,340938,1,0.009417939483801926,772271,1,0.01055128272095058,2163013,1,0.013980668156286164,2866037,1,0.014613060619193643,1198271,1,0.015123414634146341,620060,1,0.015918048780487803,130528,1,-1.3828020474859959,-0.8628982764316233,-0.6337750161852687,-0.40601491259986633
5,toxicity,7,0000000001000110100010000,82,25,5,2,2,False,0.023793544037459737,0.3023489024390244,2479261,25,0.30662939576872156,12571804,25,0.30840436870265214,25289157,25,0.30955230127702826,63458223,25,0.29753521173136377,60994719,25,0.2948585903693027,24178405,25,0.2942321951219512,12063520,25,0.2975557317073171,2439957,25,0.023054433674524463,0.05954089500205682,0.06479997584748821,0.057122770706297864
5,toxicity,7,0000000001000111000000010,82,54,5,2,2,False,0.2596870413957578,0.5585974390243903,4580499,54,0.6023676929139212,24697073,54,0.6185386033433465,50720163,54,0.6373712558561706,130661110,54,0.6823703689524842,139885927,54,0.6903639831618541,56609848,54,0.6924756341463415,28391501,54,0.6890653658536585,5650336,54,-0.30283188642676373,-0.20111891323728082,-0.15849356250904797,-0.09842104287829676
5,toxicity,7,0000000001000111000010000,82,21,5,2,2,False,-0.08522791481762154,0.26596231707317075,2180891,21,0.2665593430789603,10928932,21,0.26474653730470915,21709215,21,0.2621062192759762,53731776,21,0.24628807564597,50489056,21,0.2450779330468797,20096391,21,0.2473390975609756,10140903,21,0.2627459756097561,2154517,21,0.017553184565478674,0.10796644191066691,0.11137122593172986,0.08980480685697659
5,toxicity,7,0000000001000111000010010,82,5,6,2,2,False,0.02771413513091448,0.03946853658536585,323642,5,0.04830812666420748,1980633,5,0.05206144156397276,4269038,5,0.056366379387973085,11555108,5,0.06477824327045616,13279540,5,0.06496613256180164,5327223,5,0.06487282926829269,2659786,5,0.0645740243902439,529507,5,-0.7102509137364895,-0.4253484520362858,-0.31947256396852947,-0.20067444298338785
5,toxicity,7,0000000001000111100010000,82,2,6,2,2,False,0.1315676906648219,0.036024268292682925,295399,2,0.035503905902820085,1455660,2,0.03436023338342602,2817539,2,0.03152014572643618,6461630,2,0.01608957545278463,3298363,2,0.011202109482875379,918573,2,0.008923268292682926,365854,2,0.004897439024390244,40159,2,2.8788696919522065,1.9923336263682712,1.6169694021350192,0.9701479458679514
5,toxicity,7,0000000001010000110010000,82,50,5,2,2,False,0.2317640992422919,0.5567258536585366,4565152,50,0.5738687145237771,23528615,50,0.5820128820494089,47725054,50,0.5923021591745921,121421945,50,0.63467856941777,130109108,50,0.6476761305444846,53109444,50,0.6545656097560976,26837190,50,0.6677015853658537,5475153,50,-0.2622363839877166,-0.18981708111559034,-0.154221490435174,-0.09969278401005814
5,toxicity,7,0000000001010000110110000,82,4,6,2,3,False,-0.21469579453513069,0.01587060975609756,130139,4,0.023201514458684337,951262,4,0.027376294018355805,2244856,4,0.03432037006204156,7035676,4,0.06482243351392748,13288599,4,0.07662205910677905,6283009,4,0.08555526829268292,3507766,4,0.10627560975609757,871460,4,-2.743381073105764,-1.8826377161347154,-1.484832637213267,-0.9174280733276278
5,toxicity,7,0000000001010001000010000,82,81,4,2,1,False,0.0357027364511089,0.9893662195121952,8112803,81,0.9872431207066459,40476964,81,0.9866945359363188,80908948,81,0.9864926978245327,202231007,81,0.9892335513245507,202792880,81,0.9904021709658007,81212980,81,0.9912995121951219,40643280,81,0.9930564634146342,8143063,81,-0.005371107557321107,-0.005915610800021937,-0.005410957311395507,-0.004002799771087236
5,toxicity,7,0000000001010001000010010,82,27,5,2,2,False,0.1362667729081043,0.37085060975609757,3040975,27,0.35256413195747627,14455128,27,0.34705172424642555,28458240,27,0.33930559825745177,69557649,27,0.3191631090813355,65428438,27,0.311629833862687,25553647,27,0.3067226341463415,12575628,27,0.2955841463414634,2423790,27,0.327269248512924,0.20095107773263265,0.1553173403420975,0.08829132824868711
5,toxicity,7,0000000001010001000110000,82,22,5,2,2,False,0.1472868185152761,0.2195598780487805,1800391,22,0.23880863305450079,9791153,22,0.24677521935488875,20235567,22,0.25758156570572555,52804222,22,0.2782046704565398,57031958,22,0.2807009077877827,23017475,22,0.2801312682926829,11485382,22,0.2721151219512195,2231344,22,-0.3096026890011825,-0.2302480345188128,-0.18583620016025224,-0.11111729177580205
5,toxicity,7,0000000001010001010010000,82,23,5,2,2,False,0.12561197537186666,0.2442251219512195,2002646,23,0.26532831856861644,10878460,23,0.2729751352670798,22383960,23,0.2809458969571532,57593910,23,0.27480073878243183,56334152,23,0.26930067635852006,22082656,23,0.2638187073170732,10816567,23,0.25266390243902437,2071844,23,-0.04900795498227022,0.00823179369253562,0.019551691836765996,0.031906448032793
5,toxicity,7,0000000001010001010110000,82,1,6,2,3,False,-0.1167390069162828,0.008605731707317073,70567,1,0.010239269291636028,419810,1,0.010210732205401571,837280,1,0.010619258329380325,2176948,1,0.013300799870236099,2726664,1,0.015352024015804292,1258866,1,0.016934756097560975,694325,1,0.02209841463414634,181207,1,-1.3605731041426465,-0.7258744451116448,-0.588342548805132,-0.32482999878871144
5,toxicity,7,0000000001010001100010000,82,19,5,2,2,False,0.04032638931670553,0.2344060975609756,1922130,19,0.2377428524627173,9747456,19,0.2388250238451231,19583651,19,0.23873017095160642,48939686,19,0.2209785636977701,45300606,19,0.2140033240486994,17548273,19,0.2098070487804878,8602089,19,0.2016718292682927,1653709,19,0.21700052507729312,0.18033882011523364,0.15832080290920095,0.11147448118140744
5,toxicity,7,0000000001010001100110000,82,4,6,2,3,False,-0.21469579453513069,0.01587060975609756,130139,4,0.023201514458684337,951262,4,0.027376294018355805,2244856,4,0.03432037006204156,7035676,4,0.06482243351392748,13288599,4,0.07662205910677905,6283009,4,0.08555526829268292,3507766,4,0.10627560975609757,871460,4,-2.743381073105764,-1.8826377161347154,-1.484832637213267,-0.9174280733276278
5,toxicity,7,0000000001010001110010000,82,4,6,2,3,False,-0.2662366194301243,0.023476463414634146,192507,4,0.029789344369692133,1221363,4,0.032728940620923935,2683773,4,0.037266457809434966,7639624,4,0.06240208231802846,12792427,4,0.07425082745729689,6088568,4,0.08464763414634147,3470553,4,0.11289439024390244,925734,4,-2.265686803182,-1.5066733743462357,-1.1818401979138846,-0.7437164748245656
5,toxicity,7,0000000001010010110010000,82,6,6,2,2,False,0.0044173002744486755,0.04393475609756098,360265,6,0.05476944436775067,2245547,6,0.05953444192850936,4881824,6,0.06547068652740123,13421491,6,0.0798188284895724,16362860,6,0.08184224190628678,6711064,6,0.08302995121951219,3404228,6,0.08463426829268293,694001,6,-0.9458792418861894,-0.6002606062935638,-0.4591211259958899,-0.28587999725285557
5,toxicity,7,0000000001010011000010000,82,48,5,2,2,False,0.030266389845991587,0.5147175609756097,4220684,48,0.5319846860472864,21811370,48,0.542032770343062,44446685,48,0.5572657940045699,114239490,48,0.6191088622525964,126917318,48,0.6362430576526084,52171932,48,0.645451268292683,26463502,48,0.6611247560975609,5421223,48,-0.3611415332167191,-0.27892345961359827,-0.23119793234212868,-0.1518275100619217
5,toxicity,7,0000000001010011000010010,82,4,6,2,2,False,0.08444709825402577,0.03980512195121951,326402,4,0.042842491984633364,1756542,4,0.04486244121280201,3678720,4,0.04704346737476161,9643911,4,0.05103018974604693,10461189,4,0.05052801096273144,4143297,4,0.04986246341463415,2044361,4,0.04653353658536585,381575,4,-0.22531675473722781,-0.21891176116436084,-0.1715752617703758,-0.1173566070841272
5,toxicity,7,0000000001010011010010000,82,2,6,2,2,False,0.25152305290971516,0.039575,324515,2,0.03575373519548636,1465903,2,0.03364261139720055,2758694,2,0.03016015063102145,6182831,2,0.018296038845892305,3750688,2,0.014833036223584482,1216309,2,0.013281658536585366,544548,2,0.010187926829268293,83541,2,1.9577288471837315,1.4286586548928786,1.1814757563297515,0.7211123000054565
5,toxicity,7,0000000001010011100010000,82,3,6,2,2,False,0.12888369871550145,0.051208658536585364,419911,3,0.04511756537732345,1849820,3,0.0429329533138026,3520502,3,0.04023053580037979,8247260,3,0.03376023869502206,6920849,3,0.031975499220109775,2621991,3,0.030468024390243903,1249189,3,0.026593536585365854,218067,3,0.9453121175673881,0.5663932637663883,0.4251185342330368,0.2529658478982054
5,toxicity,7,0000000001010011110010000,82,0,7,2,3,False,,0.0,0,0,0.0,0,0,0.0,0,0,0.0,0,0,0.0,0,0,0.0,0,0,0.0,0,0,0.0,0,0,,,,
5,toxicity,7,0000000001010101000010000,82,38,5,2,2,False,-0.04047216484259809,0.36401817073170734,2984949,38,0.4019804294615053,16481196,38,0.4152831787943014,34053219,38,0.4334170403235699,88850495,38,0.4904802586294609,100548454,38,0.5031703048007242,41259966,38,0.5099129268292683,20906430,38,0.5185762195121951,4252325,38,-0.5105455822822187,-0.34312564719691385,-0.27695134632478335,-0.1784391946151989
5,toxicity,7,0000000001010101000010010,82,6,6,2,2,False,0.05212703841419087,0.07225780487804878,592514,6,0.07324420226772706,3003012,6,0.07355006456341778,6031105,6,0.07326231076561344,15018774,6,0.07281032124087491,14926116,6,0.07248082750046762,5943428,6,0.07271648780487805,2981376,6,0.07276634146341464,596684,6,-0.01011784913600576,0.010432046538789522,0.021127181435429965,0.008928231360876726
5,toxicity,7,0000000001010101000110000,82,5,6,2,2,False,0.032144499580557755,0.051088170731707315,418923,5,0.056996468975265266,2336855,5,0.05908563702856766,4845022,5,0.06079710125273949,12463406,5,0.05991462868375972,12282499,5,0.058167059556900984,4769699,5,0.056845634146341466,2330671,5,0.05370365853658537,440370,5,-0.0720310951070638,0.003822993093964849,0.022605096756430472,0.021094246286826112
5,toxicity,7,0000000001010101100010000,82,7,6,2,2,False,0.17523558122752705,0.0838669512195122,687709,7,0.08788874028182832,3603438,7,0.08924666289008111,7318226,7,0.08968723727439537,18385884,7,0.08052904799483855,16508455,7,0.0761014981438659,6240323,7,0.07207512195121951,2955080,7,0.061795,506719,7,0.44061230081533914,0.28617697599344366,0.22987336983008316,0.15539342239810533
5,toxicity,7,0000000001010111000010000,82,3,6,2,3,False,0.0051472149018021,0.02992219512195122,245362,3,0.03297832029056783,1352111,3,0.03339107479956462,2738068,3,0.03435321884188841,7042410,3,0.03809765328685216,7810019,3,0.04011702341177992,3289596,3,0.041909439024390246,1718287,3,0.046690975609756095,382866,3,-0.6419277174152687,-0.3457572917309691,-0.26475203341563547,-0.14925685071045158
5,toxicity,7,0000000001010111000010010,82,1,7,2,3,False,-0.04985234738507935,0.004466219512195122,36623,1,0.006461317703543191,264914,1,0.007473000364536603,612786,1,0.009104307139428154,1866383,1,0.015040585219116241,3083320,1,0.01687610934448514,1383841,1,0.01815712195121951,744442,1,0.020060243902439025,164494,1,-2.167213081390476,-1.4906352227330313,-1.1752228424901545,-0.7242395686202968
5,toxicity,7,0000000001100001000000110,82,14,5,2,2,False,-0.09685479013861666,0.14755573170731706,1209957,14,0.1622399182673091,6651836,14,0.16690010570244418,13685808,14,0.17077666496045532,35009217,14,0.16808736909183056,34457911,14,0.1681679593129766,13789773,14,0.17156463414634146,7034150,14,0.18647243902439026,1529074,14,-0.33770245079135425,-0.08062335970803328,-0.01091798972894134,0.022899540118742585
5,toxicity,7,0000000001100001010000110,82,5,6,2,2,False,0.027208269042919953,0.040083414634146344,328684,5,0.04917812674908554,2016303,5,0.053067356247188106,4351523,5,0.0572645549802038,11739234,5,0.06323764328548641,12963717,5,0.06208335214430848,5090835,5,0.06097939024390244,2500155,5,0.05755280487804878,471933,5,-0.5218808264998368,-0.3103049422820794,-0.22638177968893258,-0.14314117209890057
5,toxicity,7,0000000011000111000010000,82,1,6,2,2,False,0.054795555034001645,0.0044797560975609755,36734,1,0.0076442202579727085,313413,1,0.008980122389274262,736370,1,0.010656746133526905,2184633,1,0.013392316942513981,2745425,1,0.012771402127526777,1047255,1,0.011989414634146342,491566,1,0.009494512195121952,77855,1,-1.0836736939191571,-0.6493199696168085,-0.5081099096003546,-0.3296385746722141
5,toxicity,7,0000000011010011000010000,82,13,6,2,2,False,0.225427256840483,0.08618012195121952,706677,13,0.11005564488347755,4512281,13,0.12156803032039172,9968578,13,0.13706557293530588,28098443,13,0.18123879335376786,37153953,13,0.18956953196171875,15544702,13,0.19352931707317073,7934702,13,0.19531865853658537,1601613,13,-1.1804027295005688,-0.8143189870517763,-0.6409632276486856,-0.40302553916736966
5,toxicity,7,0000000011010011000010010,82,1,7,2,2,False,-0.04985234738507935,0.004466219512195122,36623,1,0.006461317703543191,264914,1,0.007473000364536603,612786,1,0.009104307139428154,1866383,1,0.015040585219116241,3083320,1,0.01687610934448514,1383841,1,0.01815712195121951,744442,1,0.020060243902439025,164494,1,-2.167213081390476,-1.4906352227330313,-1.1752228424901545,-0.7242395686202968
5,toxicity,7,0000000001000100100010000,82,82,4,1,1,True,0.118745559641872,1.0,8200000,82,1.0,40999996,82,1.0,81999996,82,1.0,205000004,82,1.0,205000002,82,1.0,82000002,82,1.0,41000000,82,1.0,8200000,82,0.0,0.0,0.0,0.0
