k,task,size_class,iso_key,n_topo_in_size,n_topo_with_motif_in_size,num_edges,max_in_deg,max_out_deg,is_linear,partial_r,presence_rate_top_01,presence_designs_top_01,n_topo_top_01,presence_rate_top_05,presence_designs_top_05,n_topo_top_05,presence_rate_top_10,presence_designs_top_10,n_topo_top_10,presence_rate_top_25,presence_designs_top_25,n_topo_top_25,presence_rate_bot_25,presence_designs_bot_25,n_topo_bot_25,presence_rate_bot_10,presence_designs_bot_10,n_topo_bot_10,presence_rate_bot_05,presence_designs_bot_05,n_topo_bot_05,presence_rate_bot_01,presence_designs_bot_01,n_topo_bot_01,log_odds_top01_vs_bot01,log_odds_top05_vs_bot05,log_odds_top10_vs_bot10,log_odds_top25_vs_bot25
5,circuit,4,0000000000000000000011110,27,0,4,1,4,False,,0.0,0,0,0.0,0,0,0.0,0,0,0.0,0,0,0.0,0,0,0.0,0,0,0.0,0,0,0.0,0,0,,,,
5,circuit,4,0000000000000000000111100,27,0,4,1,3,False,,0.0,0,0,0.0,0,0,0.0,0,0,0.0,0,0,0.0,0,0,0.0,0,0,0.0,0,0,0.0,0,0,,,,
5,circuit,4,0000000000000000010011010,27,0,4,1,3,False,,0.0,0,0,0.0,0,0,0.0,0,0,0.0,0,0,0.0,0,0,0.0,0,0,0.0,0,0,0.0,0,0,,,,
5,circuit,4,0000000000000000010011100,27,0,4,2,3,False,,0.0,0,0,0.0,0,0,0.0,0,0,0.0,0,0,0.0,0,0,0.0,0,0,0.0,0,0,0.0,0,0,,,,
5,circuit,4,0000000000000000010011110,27,0,5,2,4,False,,0.0,0,0,0.0,0,0,0.0,0,0,0.0,0,0,0.0,0,0,0.0,0,0,0.0,0,0,0.0,0,0,,,,
5,circuit,4,0000000000000000010111000,27,0,4,1,2,False,,0.0,0,0,0.0,0,0,0.0,0,0,0.0,0,0,0.0,0,0,0.0,0,0,0.0,0,0,0.0,0,0,,,,
5,circuit,4,0000000000000000010111100,27,0,5,2,3,False,,0.0,0,0,0.0,0,0,0.0,0,0,0.0,0,0,0.0,0,0,0.0,0,0,0.0,0,0,0.0,0,0,,,,
5,circuit,4,0000000000000000110010100,27,3,4,2,2,False,-0.08009492728514518,0.03394618167401754,685,1,0.050747333782658686,5120,3,0.052640186336942785,10622,3,0.06620202152353653,33397,3,0.17393769277734167,87746,2,0.2397317977283089,48375,2,0.15187376725838264,15323,2,0.0001982258783884236,4,1,7.41996017784789,-1.5814687670222893,-2.1871847778797675,-1.3936234260275828
5,circuit,4,0000000000000000110010110,27,0,5,2,3,False,,0.0,0,0,0.0,0,0,0.0,0,0,0.0,0,0,0.0,0,0,0.0,0,0,0.0,0,0,0.0,0,0,,,,
5,circuit,4,0000000000000000110011100,27,0,5,2,3,False,,0.0,0,0,0.0,0,0,0.0,0,0,0.0,0,0,0.0,0,0,0.0,0,0,0.0,0,0,0.0,0,0,,,,
5,circuit,4,0000000000000010000111000,27,4,4,2,2,False,0.3809866444398195,0.16730264135982953,3376,3,0.18786425088213138,18954,4,0.21840077310008177,44070,4,0.20757189214047983,104714,4,0.17479602274078831,88179,4,0.22295181081134657,44989,4,0.08422784534110395,8498,2,0.0,0,0,,1.1573213934836415,-0.029753954095519515,0.24793873922874124
5,circuit,4,0000000000000010010011000,27,2,4,1,2,False,-0.26673332670347044,0.0,0,0,0.0001982317725885105,20,2,0.004217360061451545,851,2,0.023904248212483967,12059,2,0.19334031098107313,97534,2,0.32467738418538267,65516,2,0.4543328080243426,45839,2,0.06204469993557659,1252,1,,-11.16234555667981,-6.26652288669953,-3.0158035284736977
5,circuit,4,0000000000000010010111000,27,0,5,2,2,False,,0.0,0,0,0.0,0,0,0.0,0,0,0.0,0,0,0.0,0,0,0.0,0,0,0.0,0,0,0.0,0,0,,,,
5,circuit,4,0000000000000010100010010,27,2,4,1,2,False,0.1739594824110373,0.06075623172605184,1226,1,0.06516869523847282,6575,2,0.08745942463513146,17648,2,0.10306241587722585,51992,2,0.02820595161635624,14229,1,0.044948163419033835,9070,1,0.002408492164966846,243,1,0.0,0,0,,4.757976974790146,0.9603516890094028,1.869446799365928
5,circuit,4,0000000000000010100011000,27,7,4,2,2,False,0.10337288708536231,0.16730264135982953,3376,3,0.19568449431074814,19743,7,0.23921005030106302,48269,7,0.2654741303266194,133924,7,0.36813633372186144,185713,6,0.5476291949967292,110505,6,0.5385606533654466,54337,4,0.06204469993557659,1252,1,1.4310803417745668,-1.4605793880958955,-1.1949213560654879,-0.4716688640313609
5,circuit,4,0000000000000010100011010,27,1,5,2,3,False,0.3105871316122388,0.06338272461469845,1279,1,0.07153193513856401,7217,1,0.08287038184205962,16722,1,0.0719486353031195,36296,1,0.0313240879500781,15802,1,0.03436775229448728,6935,1,0.0,0,0,0.0,0,0,,,1.2698010694479054,1.1996948188524275
5,circuit,4,0000000000000010100110000,27,9,4,2,2,False,-0.2334992461664362,0.10391991674513108,2097,2,0.1432224556951988,14450,9,0.1961890130584533,39588,9,0.2967742447038581,149714,9,0.3930378140932626,198275,7,0.32521755505778344,65625,7,0.2505525655892877,25279,5,0.305565191535755,6166,4,-1.5560080280105826,-0.8068556016984563,-0.7291608850955805,-0.40530222622663825
5,circuit,4,0000000000000010100111000,27,1,5,2,2,False,-0.2498125886159273,0.0,0,0,1.982317725885105e-05,2,1,0.0021309809946229896,430,1,0.011518997127684248,5811,1,0.10626045656017824,53605,1,0.16140206553412492,32569,1,0.2106191708047139,21250,1,0.0,0,0,,-13.375160921470892,-6.242997504968315,-3.205517793871002
5,circuit,4,0000000000000010110010000,27,8,4,1,2,False,-0.10968834424296463,0.12859903860448982,2595,4,0.2653926971414978,26776,8,0.2540525807170999,51264,8,0.2558878508378083,129088,8,0.39246493335553495,197986,6,0.27642872717901956,55780,5,0.24814407342432082,25036,4,0.305565191535755,6166,4,-1.248600350861932,0.09695067407154881,-0.12178043267305924,-0.6170521032602199
5,circuit,4,0000000000000010110011000,27,1,5,2,2,False,-0.17428208943921752,0.0,0,0,6.938112040597868e-05,7,1,0.003414525361151721,689,1,0.011021446227830738,5560,1,0.09099883441566164,45906,1,0.13111780680714413,26458,1,0.0818193531761371,8255,1,0.0,0,0,,-10.203683278414118,-5.263034768262215,-3.045534520318084
5,circuit,4,0000000000000010110110000,27,1,5,2,3,False,-0.12360716378720452,0.0,0,0,0.0004856678428418507,49,1,0.003870456178605942,781,1,0.01815565215839959,9159,1,0.058945265110968384,29736,1,0.07491525759708209,15117,1,0.07928201163608972,7999,1,0.06273849050993607,1266,1,,-7.350879793065875,-4.274684054715025,-1.6989571774121106
5,circuit,4,0000000000000010110111000,27,1,6,2,3,False,-0.11933543785011198,0.0,0,0,0.00017840859532965945,18,1,0.002086379066828555,421,1,0.012385251084799721,6248,1,0.08707985442089489,43929,1,0.16327531865125774,32947,1,0.24371363721962871,24589,1,0.06204469993557659,1252,1,,-10.415786142529775,-6.2901616137879595,-2.8137158791723063
5,circuit,4,0000000000000011100001000,27,10,4,2,2,False,-0.029082158589901052,0.1796422022895089,3625,3,0.2547377393648654,25701,10,0.3084322422380256,62237,10,0.3753456591161831,189351,10,0.19597873403268393,98865,5,0.12497274367157611,25218,3,0.07005441408224555,7068,1,0.0001982258783884236,4,1,9.82376527978966,1.8624648486475814,1.3033401065156596,0.9375226846052546
5,circuit,4,0000000000000011100001010,27,0,5,2,2,False,,0.0,0,0,0.0,0,0,0.0,0,0,0.0,0,0,0.0,0,0,0.0,0,0,0.0,0,0,0.0,0,0,,,,
5,circuit,4,0000000000000011100011000,27,0,5,2,2,False,,0.0,0,0,0.0,0,0,0.0,0,0,0.0,0,0,0.0,0,0,0.0,0,0,0.0,0,0,0.0,0,0,,,,
5,circuit,4,0000000000000011100101000,27,4,5,2,3,False,0.10709643231273647,0.1250805292630953,2524,2,0.1804503825873211,18206,4,0.19044527591248112,38429,4,0.18559639701786623,93628,4,0.041285076555896506,20827,2,0.03436775229448728,6935,1,0.0,0,0,0.0,0,0,,,2.470249096230101,2.1684764181473897
5,circuit,4,0000000000000011110001000,27,0,5,2,3,False,,0.0,0,0,0.0,0,0,0.0,0,0,0.0,0,0,0.0,0,0,0.0,0,0,0.0,0,0,0.0,0,0,,,,
5,circuit,4,0000000000000011110101000,27,0,6,2,4,False,,0.0,0,0,0.0,0,0,0.0,0,0,0.0,0,0,0.0,0,0,0.0,0,0,0.0,0,0,0.0,0,0,,,,
5,circuit,4,0000000000000110100010000,27,4,4,1,2,False,-0.33848580506427406,0.0,0,0,0.0017642627760377433,178,4,0.011373491587580841,2295,4,0.06121263660349158,30880,4,0.31354615158939714,158174,4,0.26391063888833827,53254,4,0.24814407342432082,25036,4,0.305565191535755,6166,4,,-7.1359687306485835,-4.536302385141235,-2.356776396704555
5,circuit,4,0000000000000110100010010,27,1,5,2,2,False,-0.23086287977046988,0.0,0,0,0.0,0,0,0.001357880912852789,274,1,0.008678397767166002,4378,1,0.10007572333626712,50485,1,0.14783832537118163,29832,1,0.20986589753501234,21174,1,0.6308538579711581,12730,1,,,-6.7665195499792095,-3.5275195207770764
5,circuit,4,0000000000000110100011000,27,1,5,2,2,False,0.23188664709440227,0.04316368501907924,871,1,0.05871625104071681,5924,1,0.061248358401268674,12359,1,0.055537384705959314,28017,1,0.024267148758692327,12242,1,0.012518088290681309,2526,1,0.0,0,0,0.0,0,0,,,2.290656920216286,1.194454630626639
5,circuit,4,0000000000000110100111000,27,0,6,2,2,False,,0.0,0,0,0.0,0,0,0.0,0,0,0.0,0,0,0.0,0,0,0.0,0,0,0.0,0,0,0.0,0,0,,,,
5,circuit,4,0000000000000111100011000,27,0,6,2,2,False,,0.0,0,0,0.0,0,0,0.0,0,0,0.0,0,0,0.0,0,0,0.0,0,0,0.0,0,0,0.0,0,0,,,,
5,circuit,4,0000000000010000100010010,27,10,4,2,2,False,-0.5176841518793044,0.012042222112096735,243,1,0.07399992070729096,7466,9,0.11223827340981737,22648,10,0.22847299448333006,115258,10,0.6733707588984832,339694,9,0.7099827541776518,143266,8,0.7835429613550989,79054,7,0.9984637494424897,20148,6,-6.3735365120524055,-3.4044167493008133,-2.661219260394108,-1.5593774247926175
5,circuit,4,0000000000010000100010110,27,0,5,2,3,False,,0.0,0,0,0.0,0,0,0.0,0,0,0.0,0,0,0.0,0,0,0.0,0,0,0.0,0,0,0.0,0,0,,,,
5,circuit,4,0000000000010000100110000,27,14,4,2,2,False,-0.3573585774277034,0.15084989345359037,3044,4,0.29185663878206397,29446,14,0.326386996060163,65860,14,0.4266607991341425,215238,14,0.6075231729267268,306476,10,0.5746625170971514,115960,8,0.5736770638200867,57880,6,0.3676098914713316,7418,5,-1.2850619089994644,-0.9749789535818665,-0.8161313726321446,-0.5098498746188893
5,circuit,4,0000000000010000100110100,27,0,5,2,2,False,,0.0,0,0,0.0,0,0,0.0,0,0,0.0,0,0,0.0,0,0,0.0,0,0,0.0,0,0,0.0,0,0,,,,
5,circuit,4,0000000000010000110010010,27,0,5,2,2,False,,0.0,0,0,0.0,0,0,0.0,0,0,0.0,0,0,0.0,0,0,0.0,0,0,0.0,0,0,0.0,0,0,,,,
5,circuit,4,0000000000010000110010100,27,3,5,2,2,False,-0.028224479794664456,0.048317557857178256,975,1,0.07623993973754113,7692,3,0.09176598855217187,18517,3,0.11097367341234679,55983,3,0.06175416478349469,31153,2,0.0,0,0,0.0,0,0,0.0,0,0,,,,0.8456091203060805
5,circuit,4,0000000000010000110010110,27,0,6,2,3,False,,0.0,0,0,0.0,0,0,0.0,0,0,0.0,0,0,0.0,0,0,0.0,0,0,0.0,0,0,0.0,0,0,,,,
5,circuit,4,0000000000010000110110000,27,2,5,2,3,False,-0.15506737677937962,0.0,0,0,0.007859889783134441,793,2,0.02160220036177119,4359,2,0.05593780415524381,28219,2,0.0689062537167868,34761,2,0.07491525759708209,15117,1,0.07928201163608972,7999,1,0.06273849050993607,1266,1,,-3.334412581477104,-1.7940813045030066,-0.30081130160563047
5,circuit,4,0000000000010000110110100,27,0,6,2,3,False,,0.0,0,0,0.0,0,0,0.0,0,0,0.0,0,0,0.0,0,0,0.0,0,0,0.0,0,0,0.0,0,0,,,,
5,circuit,4,0000000000010001000011000,27,10,4,2,2,False,0.020620527519835646,0.21358838396352645,4310,4,0.28111247670776673,28362,10,0.31059295785117824,62673,10,0.32675416426315884,164838,10,0.2599590063195287,131141,5,0.25224988601899023,50901,3,0.15187376725838264,15323,2,0.0001982258783884236,4,1,10.07347215397646,0.8882747881701544,0.3001715020852825,0.3299214838453093
5,circuit,4,0000000000010001000011010,27,1,5,2,3,False,-0.09372446353145505,0.0,0,0,0.0012785949331958926,129,1,0.004762494734494635,961,1,0.013665800412709551,6894,1,0.0,0,0,0.0,0,0,0.0,0,0,0.0,0,0,,,,
5,circuit,4,0000000000010001000011110,27,0,6,2,4,False,,0.0,0,0,0.0,0,0,0.0,0,0,0.0,0,0,0.0,0,0,0.0,0,0,0.0,0,0,0.0,0,0,,,,
5,circuit,4,0000000000010001000110100,27,1,5,2,2,False,-0.23086287977046988,0.0,0,0,0.0,0,0,0.001357880912852789,274,1,0.008678397767166002,4378,1,0.10007572333626712,50485,1,0.14783832537118163,29832,1,0.20986589753501234,21174,1,0.6308538579711581,12730,1,,,-6.7665195499792095,-3.5275195207770764
5,circuit,4,0000000000010001000111000,27,2,5,2,2,False,-0.26673332670347044,0.0,0,0,0.0001982317725885105,20,2,0.004217360061451545,851,2,0.023904248212483967,12059,2,0.19334031098107313,97534,2,0.32467738418538267,65516,2,0.4543328080243426,45839,2,0.06204469993557659,1252,1,,-11.16234555667981,-6.26652288669953,-3.0158035284736977
5,circuit,4,0000000000010001000111100,27,0,6,2,3,False,,0.0,0,0,0.0,0,0,0.0,0,0,0.0,0,0,0.0,0,0,0.0,0,0,0.0,0,0,0.0,0,0,,,,
5,circuit,4,0000000000010001010010100,27,1,5,2,2,False,-0.12360716378720452,0.0,0,0,0.0004856678428418507,49,1,0.003870456178605942,781,1,0.01815565215839959,9159,1,0.058945265110968384,29736,1,0.07491525759708209,15117,1,0.07928201163608972,7999,1,0.06273849050993607,1266,1,,-7.350879793065875,-4.274684054715025,-1.6989571774121106
5,circuit,4,0000000000010001010011000,27,1,5,2,2,False,-0.15652672973115625,0.0,0,0,0.0004559330769535741,46,1,0.0025423098842827763,513,1,0.017499519298433408,8828,1,0.08293885836168002,41840,1,0.10861399092116479,21917,1,0.07005441408224555,7068,1,0.0001982258783884236,4,1,,-7.263510069165706,-5.416926250755315,-2.244732896332979
5,circuit,4,0000000000010001010011010,27,0,6,2,3,False,,0.0,0,0,0.0,0,0,0.0,0,0,0.0,0,0,0.0,0,0,0.0,0,0,0.0,0,0,0.0,0,0,,,,
5,circuit,4,0000000000010001010011100,27,1,6,2,3,False,-0.12360716378720452,0.0,0,0,0.0004856678428418507,49,1,0.003870456178605942,781,1,0.01815565215839959,9159,1,0.058945265110968384,29736,1,0.07491525759708209,15117,1,0.07928201163608972,7999,1,0.06273849050993607,1266,1,,-7.350879793065875,-4.274684054715025,-1.6989571774121106
5,circuit,4,0000000000010001010111000,27,0,6,2,3,False,,0.0,0,0,0.0,0,0,0.0,0,0,0.0,0,0,0.0,0,0,0.0,0,0,0.0,0,0,0.0,0,0,,,,
5,circuit,4,0000000000010011000111000,27,1,6,2,2,False,-0.23086287977046988,0.0,0,0,0.0,0,0,0.001357880912852789,274,1,0.008678397767166002,4378,1,0.10007572333626712,50485,1,0.14783832537118163,29832,1,0.20986589753501234,21174,1,0.6308538579711581,12730,1,,,-6.7665195499792095,-3.5275195207770764
5,circuit,4,0000000000010011010011000,27,0,6,2,2,False,,0.0,0,0,0.0,0,0,0.0,0,0,0.0,0,0,0.0,0,0,0.0,0,0,0.0,0,0,0.0,0,0,,,,
5,circuit,4,0000000001000010010010000,27,23,4,2,1,False,-0.12445033337034277,0.4347589077754101,8773,10,0.6701026840582008,67608,22,0.7403027975320267,149382,23,0.8084369567328945,407833,23,0.9065431305850916,457322,16,0.9576535770214284,193243,12,0.9706025195008573,97927,9,0.9473710292878735,19117,6,-1.123713967604133,-0.5344984193055087,-0.37138838735894114,-0.16524038636537255
5,circuit,4,0000000001000010110010000,27,3,5,2,2,False,0.2970664094326047,0.13880767134149363,2801,3,0.20920390120128454,21107,3,0.19301236464553856,38947,3,0.15541825000842466,78404,3,0.024267148758692327,12242,1,0.012518088290681309,2526,1,0.0,0,0,0.0,0,0,,,3.946607109601367,2.6790794066172583
5,circuit,4,0000000001000011000000010,27,12,4,2,1,False,0.35896367640754007,0.23658258585658357,4774,7,0.3915374856281965,39503,12,0.4398493445994499,88755,12,0.47541484049628224,239833,12,0.4883461389027649,246355,9,0.5209328602295479,105118,8,0.36832089441289284,37161,5,0.0017344764358987067,35,2,7.0916998341368105,0.08818719516411379,-0.24408798222034964,-0.03871715113317625
5,circuit,4,0000000001000011000010000,27,18,4,2,1,False,-0.21046907301007542,0.33019475692551664,6663,7,0.46751972406137254,47169,17,0.5394652724434422,108856,18,0.6270172120894957,316312,18,0.8786900259283047,443271,15,0.824206593058061,166315,12,0.7562863627803713,76304,10,0.9379553000644234,18927,6,-1.506201957905955,-0.6939053729852309,-0.6114759135831879,-0.48684927127513716
5,circuit,4,0000000001000011000010010,27,5,5,2,2,False,0.2879562911568879,0.13573517022647308,2739,3,0.16766443325536218,16916,5,0.21071932997992912,42520,5,0.23302429673856376,117554,5,0.12899331573063108,65073,5,0.10344024421670268,20873,3,0.005827956349796319,588,2,0.001536250557510283,31,1,6.465237240318503,4.846442799521336,1.0265250770174488,0.8531840792048888
5,circuit,4,0000000001000011010010000,27,6,5,2,2,False,-0.20289639045206395,0.04564150849893454,921,2,0.1270269198747175,12816,6,0.14552617885373045,29365,6,0.19059172876141542,96148,6,0.1838986813831601,92771,3,0.2397317977283089,48375,2,0.15187376725838264,15323,2,0.0001982258783884236,4,1,7.8470573460913355,-0.25773842950094167,-0.7201425745878028,0.05157437582375305
5,circuit,4,0000000001000011110010000,27,0,6,2,3,False,,0.0,0,0,0.0,0,0,0.0,0,0,0.0,0,0,0.0,0,0,0.0,0,0,0.0,0,0,0.0,0,0,,,,
5,circuit,4,0000000001000100100110000,27,4,5,2,2,False,0.5354960054011206,0.2081371723078448,4200,4,0.21774769059984933,21969,4,0.25462249423891764,51379,4,0.23670141593867636,119409,4,0.11752380725833948,59287,4,0.11609709199754198,23427,4,0.005837867840187129,589,3,0.001536250557510283,31,1,7.08197730216661,5.221072056721904,1.133028041579853,1.0101152974584913
5,circuit,4,0000000001000101000010000,27,19,4,2,1,False,-0.28600312543200973,0.34674661777095,6997,6,0.4209649922689609,42472,18,0.5011522164680229,101125,19,0.6004031946335865,302886,19,0.84455902059199,426053,13,0.9415079192023311,189985,12,0.9965805358151705,100548,10,0.9984637494424897,20148,6,-1.5258282393434306,-1.2432861342696324,-0.9097243655939833,-0.49226659358450653
5,circuit,4,0000000001000101000010010,27,4,5,2,2,False,0.2182904110840185,0.07497893850042123,1513,2,0.11011774967291757,11110,4,0.13985182248432737,28220,4,0.1639598708349935,82713,4,0.10078736411427484,50844,4,0.05849208079766884,11803,2,0.003419464184829473,345,1,0.001536250557510283,31,1,5.608999961829862,5.009132943939822,1.2575858369247122,0.7020279815445759
5,circuit,4,0000000001000101000010100,27,2,5,2,2,False,0.39818449043627874,0.12413895634075028,2505,2,0.1290786187210086,13023,2,0.15373788933766136,31022,2,0.14101306120668977,71137,2,0.059530039566434344,30031,2,0.07931591571352112,16005,2,0.002408492164966846,243,1,0.0,0,0,,5.7439760036971546,0.9547904724143143,1.2441390387693487
5,circuit,4,0000000001000101000010110,27,0,6,2,3,False,,0.0,0,0,0.0,0,0,0.0,0,0,0.0,0,0,0.0,0,0,0.0,0,0,0.0,0,0,0.0,0,0,,,,
5,circuit,4,0000000001000110100010000,27,6,5,2,2,False,-0.13578436897946994,0.05768373061103127,1164,3,0.16772390278713872,16922,6,0.1738632703124613,35083,6,0.19069084248648585,96198,6,0.22858932578478713,115316,3,0.2397317977283089,48375,2,0.15187376725838264,15323,2,0.0001982258783884236,4,1,8.184875342908285,0.14321560734848124,-0.4634680923466868,-0.26152247396828554
5,circuit,4,0000000001000111000000010,27,11,5,2,2,False,-0.294256959526938,0.6028544526487933,12165,3,0.4428299567854736,44678,10,0.37090963153851875,74844,11,0.3466978280218288,174899,11,0.4922591720386625,248329,8,0.5771205423513787,116456,5,0.7728682862041966,77977,5,0.8082660191287973,16310,4,-0.4230204617734551,-0.8034697464690589,-0.6378049527295059,-0.5057392890171604
5,circuit,4,0000000001000111000010000,27,8,5,2,2,False,0.09946621615351475,0.1652708261063482,3335,3,0.20461483566586053,20644,8,0.22050201947617515,44494,8,0.2221852197648626,112086,8,0.3086062941554271,155682,4,0.4683132792832081,94500,4,0.5361521612004797,54094,3,0.06204469993557659,1252,1,1.413452199139329,-1.3897317469684385,-1.0866820782153728,-0.47400463781707924
5,circuit,4,0000000001000111000010010,27,2,6,2,2,False,0.395719839887119,0.07497893850042123,1513,2,0.09594417793283908,9680,2,0.10867507495601754,21929,2,0.09885999393424003,49872,2,0.07400469405393405,37333,2,0.05849208079766884,11803,2,0.003419464184829473,345,1,0.001536250557510283,31,1,5.608999961829862,4.810353079825324,0.893707873133505,0.4177700354117719
5,circuit,4,0000000001000111100010000,27,0,6,2,2,False,,0.0,0,0,0.0,0,0,0.0,0,0,0.0,0,0,0.0,0,0,0.0,0,0,0.0,0,0,0.0,0,0,,,,
5,circuit,4,0000000001010000110010000,27,11,5,2,2,False,0.022602892677280113,0.7030576341741415,14187,5,0.5897097886849304,59497,10,0.5174368758827464,104411,11,0.44287382228116184,223417,11,0.37933030439988263,191360,8,0.38602890161952147,77896,3,0.5328615463907308,53762,3,0.7556370484166708,15248,3,-0.10405047673098121,0.14624441618033182,0.42267400866932175,0.22344109183114888
5,circuit,4,0000000001010000110110000,27,1,6,2,3,False,-0.11933543785011198,0.0,0,0,0.00017840859532965945,18,1,0.002086379066828555,421,1,0.012385251084799721,6248,1,0.08707985442089489,43929,1,0.16327531865125774,32947,1,0.24371363721962871,24589,1,0.06204469993557659,1252,1,,-10.415786142529775,-6.2901616137879595,-2.8137158791723063
5,circuit,4,0000000001010001000010000,27,23,4,2,1,False,-0.14891927498121446,0.8642648297735269,17440,9,0.8464397573643103,85399,22,0.817042892187229,164867,23,0.821054133934359,414198,23,0.806790519914048,407000,15,0.7654419489761531,154457,10,0.9123526904740665,92050,8,0.9984637494424897,20148,6,-0.2082365959938977,-0.10818424588397933,0.09411884926191999,0.025283213395837244
5,circuit,4,0000000001010001000010010,27,3,5,2,2,False,0.05447929292833625,0.06075623172605184,1226,1,0.07172025532252309,7236,3,0.1020442550239116,20591,3,0.13416430280432373,67682,3,0.05498862167669703,27740,3,0.044948163419033835,9070,1,0.002408492164966846,243,1,0.0,0,0,,4.896178488344359,1.1828608889895138,1.2867958335203302
5,circuit,4,0000000001010001000110000,27,6,5,2,2,False,0.07588660301711933,0.504881312255315,10188,2,0.32135352654323435,32422,6,0.24940902445672375,50327,6,0.20618429998949395,104014,6,0.2390557973944829,120596,4,0.1910916407318572,38560,2,0.24000673981346576,24215,2,0.052628970712126466,1062,1,3.262015193470041,0.42108638481067395,0.3842489983967124,-0.2134129110973435
5,circuit,4,0000000001010001010010000,27,2,5,2,2,False,0.024423724295511123,0.048317557857178256,975,1,0.06886571779724854,6948,2,0.07403424436900662,14939,2,0.07319152141550257,36923,2,0.05179317617767629,26128,1,0.0,0,0,0.0,0,0,0.0,0,0,,,,0.49891450147173
5,circuit,4,0000000001010001010110000,27,0,6,2,3,False,,0.0,0,0,0.0,0,0,0.0,0,0,0.0,0,0,0.0,0,0,0.0,0,0,0.0,0,0,0.0,0,0,,,,
5,circuit,4,0000000001010001100010000,27,6,5,2,2,False,0.049285759077825356,0.15808513801476784,3190,3,0.19215596875867264,19387,6,0.2312510840746339,46663,6,0.25476588347001117,128522,6,0.23346773234377602,117777,4,0.31904771344183,64380,4,0.1542822594233495,15566,3,0.0001982258783884236,4,1,9.639340708652233,0.31670561103926864,-0.4643120657090437,0.12594892620154272
5,circuit,4,0000000001010001100110000,27,1,6,2,3,False,-0.11933543785011198,0.0,0,0,0.00017840859532965945,18,1,0.002086379066828555,421,1,0.012385251084799721,6248,1,0.08707985442089489,43929,1,0.16327531865125774,32947,1,0.24371363721962871,24589,1,0.06204469993557659,1252,1,,-10.415786142529775,-6.2901616137879595,-2.8137158791723063
5,circuit,4,0000000001010001110010000,27,1,6,2,3,False,-0.08323323248300137,0.0,0,0,0.00737422194029259,744,1,0.01773174418316525,3578,1,0.03778215199684422,19060,1,0.009960988605818406,5025,1,0.0,0,0,0.0,0,0,0.0,0,0,,,,1.9233440383653622
5,circuit,4,0000000001010010110010000,27,1,6,2,2,False,0.2414052625261226,0.011596213885722781,234,1,0.024412242794275067,2463,1,0.025804693113957927,5207,1,0.02691135863112052,13576,1,0.04268060610385594,21531,1,0.024124328503181556,4868,1,0.003419464184829473,345,1,0.001536250557510283,31,1,2.916168409196529,2.8357626601623283,0.09714468751042611,-0.6653654360286624
5,circuit,4,0000000001010011000010000,27,11,5,2,2,False,0.05899695632611009,0.7017196094950195,14160,4,0.5059865995321731,51050,10,0.46365686250216814,93559,11,0.4241908851053876,213992,11,0.4181335585210558,210935,9,0.428375324598093,86441,5,0.5622590268898734,56728,5,0.8082660191287973,16310,4,-0.20393551662888704,-0.15213574087731718,0.11418212821030276,0.020749785273517733
5,circuit,4,0000000001010011000010010,27,0,6,2,2,False,,0.0,0,0,0.0,0,0,0.0,0,0,0.0,0,0,0.0,0,0,0.0,0,0,0.0,0,0,0.0,0,0,,,,
5,circuit,4,0000000001010011010010000,27,1,6,2,2,False,0.2551295584896025,0.06075623172605184,1226,1,0.057546683582444594,5806,1,0.07086750749560175,14300,1,0.06906442590357027,34841,1,0.02820595161635624,14229,1,0.044948163419033835,9070,1,0.002408492164966846,243,1,0.0,0,0,,4.578530652349779,0.6568621399711343,1.2919431787703062
5,circuit,4,0000000001010011100010000,27,1,6,2,2,False,0.10111671743179018,0.012042222112096735,243,1,0.048071204852713795,4850,1,0.04606883564189608,9296,1,0.037881265721914636,19110,1,0.054651633007445466,27570,1,0.0,0,0,0.0,0,0,0.0,0,0,,,,-0.5287800685110231
5,circuit,4,0000000001010011110010000,27,1,7,2,3,False,0.3105871316122388,0.06338272461469845,1279,1,0.07153193513856401,7217,1,0.08287038184205962,16722,1,0.0719486353031195,36296,1,0.0313240879500781,15802,1,0.03436775229448728,6935,1,0.0,0,0,0.0,0,0,,,1.2698010694479054,1.1996948188524275
5,circuit,4,0000000001010101000010000,27,5,5,2,2,False,-0.4073208635277345,0.0,0,0,0.024858264282599216,2508,4,0.0557078078152489,11241,5,0.1416275663021264,71447,5,0.26897840893773245,135691,4,0.3352082383491585,67641,4,0.3592023232533476,36241,3,0.6937905743594827,14000,3,,-3.8529992117192307,-2.5891061562774005,-0.9253882733865717
5,circuit,4,0000000001010101000010010,27,1,6,2,2,False,-0.08323323248300137,0.0,0,0,0.00737422194029259,744,1,0.01773174418316525,3578,1,0.03778215199684422,19060,1,0.009960988605818406,5025,1,0.0,0,0,0.0,0,0,0.0,0,0,,,,1.9233440383653622
5,circuit,4,0000000001010101000110000,27,0,6,2,2,False,,0.0,0,0,0.0,0,0,0.0,0,0,0.0,0,0,0.0,0,0,0.0,0,0,0.0,0,0,0.0,0,0,,,,
5,circuit,4,0000000001010101100010000,27,0,6,2,2,False,,0.0,0,0,0.0,0,0,0.0,0,0,0.0,0,0,0.0,0,0,0.0,0,0,0.0,0,0,0.0,0,0,,,,
5,circuit,4,0000000001010111000010000,27,2,6,2,3,False,-0.017425008167648845,0.061697804648396845,1245,1,0.1015442255084645,10245,2,0.08984314988725624,18129,2,0.07586560971790252,38272,2,0.0,0,0,0.0,0,0,0.0,0,0,0.0,0,0,,,,
5,circuit,4,0000000001010111000010010,27,0,7,2,3,False,,0.0,0,0,0.0,0,0,0.0,0,0,0.0,0,0,0.0,0,0,0.0,0,0,0.0,0,0,0.0,0,0,,,,
5,circuit,4,0000000001100001000000110,27,4,5,2,2,False,-0.08159538660651634,0.04316368501907924,871,1,0.05898386393371129,5951,4,0.06888024382387194,13899,4,0.09046307914627402,45636,4,0.3086062941554271,155682,4,0.4683132792832081,94500,4,0.5361521612004797,54094,3,0.06204469993557659,1252,1,-0.5234899383337539,-3.1842502597883757,-2.7653117922948276,-1.7703664787849165
5,circuit,4,0000000001100001010000110,27,2,6,2,2,False,0.395719839887119,0.07497893850042123,1513,2,0.09594417793283908,9680,2,0.10867507495601754,21929,2,0.09885999393424003,49872,2,0.07400469405393405,37333,2,0.05849208079766884,11803,2,0.003419464184829473,345,1,0.001536250557510283,31,1,5.608999961829862,4.810353079825324,0.893707873133505,0.4177700354117719
5,circuit,4,0000000011000111000010000,27,0,6,2,2,False,,0.0,0,0,0.0,0,0,0.0,0,0,0.0,0,0,0.0,0,0,0.0,0,0,0.0,0,0,0.0,0,0,,,,
5,circuit,4,0000000011010011000010000,27,2,6,2,2,False,-0.26673332670347044,0.0,0,0,0.0001982317725885105,20,2,0.004217360061451545,851,2,0.023904248212483967,12059,2,0.19334031098107313,97534,2,0.32467738418538267,65516,2,0.4543328080243426,45839,2,0.06204469993557659,1252,1,,-11.16234555667981,-6.26652288669953,-3.0158035284736977
5,circuit,4,0000000011010011000010010,27,0,7,2,2,False,,0.0,0,0,0.0,0,0,0.0,0,0,0.0,0,0,0.0,0,0,0.0,0,0,0.0,0,0,0.0,0,0,,,,
5,circuit,4,0000000001000100100010000,27,20,4,1,1,True,-0.08799233532150746,0.6238168392883691,12588,6,0.5862407326646315,59147,19,0.5428500631860643,109539,20,0.5993783587163584,302369,20,0.8322747924546254,419856,13,0.8955091482149583,180703,10,0.9975815963446424,100649,9,1.0,20179,7,-0.6808055975938224,-0.7669416386023609,-0.7221543940084253,-0.47359294760253456
5,circuit,5,0000000000000000000011110,43,0,4,1,4,False,,0.0,0,0,0.0,0,0,0.0,0,0,0.0,0,0,0.0,0,0,0.0,0,0,0.0,0,0,0.0,0,0,,,,
5,circuit,5,0000000000000000000111100,43,1,4,1,3,False,-0.01211985481413193,2.9218873267121596e-05,11,1,0.0014221418508137604,2677,1,0.0029919768589289817,11264,1,0.0067764630982968055,63779,1,0.06010195029856539,565670,1,0.03916103568456442,147431,1,0.012266995614035088,23091,1,0.0,0,0,,-3.108644674745912,-3.710247998094377,-3.1488074310911167
5,circuit,5,0000000000000000010011010,43,3,4,1,3,False,0.10397959666740286,0.056740395623544035,21361,3,0.09524684812566273,179290,3,0.09338585584377121,351573,3,0.08446072511629499,794931,3,0.03314686255324543,311973,1,0.02611178416978397,98304,1,3.718720250237998e-06,7,1,0.0,0,0,,14.644577510007693,1.8385030192067475,1.3494083115606355
5,circuit,5,0000000000000000010011100,43,2,4,2,3,False,0.16452346989928915,0.05623039347197246,21169,2,0.09108189029586075,171450,2,0.08606874056208472,324026,2,0.07181346648190652,675897,2,0.03314686255324543,311973,1,0.02611178416978397,98304,1,3.718720250237998e-06,7,1,0.0,0,0,,14.580070390953576,1.7207883204305165,1.1153820824793483
5,circuit,5,0000000000000000010011110,43,0,5,2,4,False,,0.0,0,0,0.0,0,0,0.0,0,0,0.0,0,0,0.0,0,0,0.0,0,0,0.0,0,0,0.0,0,0,,,,
5,circuit,5,0000000000000000010111000,43,4,4,1,2,False,0.016409084504517488,0.049919116846274196,18793,4,0.0514420103996447,96833,4,0.05931174438572702,223293,4,0.07424625275264927,698794,4,0.08646512409208783,813796,3,0.027618396716689638,103976,2,0.0,0,0,0.0,0,0,,,1.102688231006566,-0.21980012151766273
5,circuit,5,0000000000000000010111100,43,1,5,2,3,False,-0.01211985481413193,2.9218873267121596e-05,11,1,0.0014221418508137604,2677,1,0.0029919768589289817,11264,1,0.0067764630982968055,63779,1,0.06010195029856539,565670,1,0.03916103568456442,147431,1,0.012266995614035088,23091,1,0.0,0,0,,-3.108644674745912,-3.710247998094377,-3.1488074310911167
5,circuit,5,0000000000000000110010100,43,10,4,2,2,False,-0.3042256508263564,0.05826243329464046,21934,5,0.10423338213700586,196206,10,0.11200310247600428,421662,10,0.13528308273768302,1273263,10,0.3893681374345359,3664671,8,0.4779733617514318,1799444,7,0.5150921605127159,969593,6,0.37856531925179426,142520,3,-2.6999043892380614,-2.305013188979108,-2.0933915212968772,-1.5251533906625923
5,circuit,5,0000000000000000110010110,43,0,5,2,3,False,,0.0,0,0,0.0,0,0,0.0,0,0,0.0,0,0,0.0,0,0,0.0,0,0,0.0,0,0,0.0,0,0,,,,
5,circuit,5,0000000000000000110011100,43,1,5,2,3,False,0.08670865014973436,0.000510002151571577,192,1,0.004164957829801973,7840,1,0.0073171152816864935,27547,1,0.012647258634388465,119034,1,0.0,0,0,0.0,0,0,0.0,0,0,0.0,0,0,,,,
5,circuit,5,0000000000000010000111000,43,14,4,2,2,False,0.2978579921456718,0.28355322749017847,106749,12,0.26811384784729053,504690,14,0.28286028100251415,1064894,14,0.2959233697293261,2785184,14,0.44424475509095407,4181161,12,0.31529055017654617,1186986,6,0.22631759570923432,426013,4,0.09663881171076887,36382,1,1.552944957363318,0.24449697976965423,-0.15659232155184216,-0.5861311095121052
5,circuit,5,0000000000000010010011000,43,5,4,1,2,False,0.009063932744188544,0.09199429435092929,34633,3,0.10513596674833667,197905,5,0.10816856963371924,407226,5,0.10374313550949962,976414,5,0.23488167724040387,2210669,4,0.3516301404321205,1323795,3,0.5065401664286686,953495,3,0.0,0,0,,-2.268420376930525,-1.7007773797600096,-1.1789182961432365
5,circuit,5,0000000000000010010111000,43,0,5,2,2,False,,0.0,0,0,0.0,0,0,0.0,0,0,0.0,0,0,0.0,0,0,0.0,0,0,0.0,0,0,0.0,0,0,,,,
5,circuit,5,0000000000000010100010010,43,13,4,1,2,False,0.35368312175615535,0.38704382034111706,145710,10,0.3862456517627759,727058,13,0.38850968262042346,1462636,13,0.35956914703837994,3384208,13,0.31949551633947065,3007041,9,0.261336714888716,983864,7,0.158093953998368,297591,4,0.2635533927973778,99221,2,0.5544016503073221,1.2887364960501164,0.5720407331714713,0.17047355002733736
5,circuit,5,0000000000000010100011000,43,19,4,2,2,False,0.23113248320444338,0.45281019154299557,170469,15,0.4553180774044663,857078,19,0.4632241047510648,1743916,19,0.45374125489994416,4270541,19,0.5818822268671985,5476583,15,0.5187371654381169,1952909,9,0.49227462430300556,926642,6,0.2635533927973778,99221,2,0.7808111653229987,-0.11258863413338348,-0.16329340804719428,-0.3588573429279777
5,circuit,5,0000000000000010100011010,43,3,5,2,3,False,0.1358071162731574,0.014981313202415072,5640,3,0.023301982817423975,43863,3,0.029395428894729642,110666,3,0.04726088686996658,444812,3,0.07754030268892133,729797,2,0.02168358639660619,81633,1,0.0,0,0,0.0,0,0,,,0.4389884341034455,-0.714299664521567
5,circuit,5,0000000000000010100110000,43,22,4,2,2,False,-0.04962961384425438,0.7443454839575104,280223,16,0.6934059792644599,1305248,22,0.6627074681219263,2494918,22,0.6131884704396865,5771233,22,0.431716600397308,4063248,15,0.41765945403357524,1572378,11,0.3956766158370733,744809,6,0.3791018768892407,142722,4,0.9733867967927086,0.8093784712668053,0.6660450825001458,0.5062460023024551
5,circuit,5,0000000000000010100111000,43,5,5,2,2,False,0.042125146797041504,0.024187914542764477,9106,4,0.036465693284855494,68642,5,0.043992206622776905,165619,5,0.06903983301037141,649792,5,0.14611795928129256,1375239,3,0.099591817436384,374937,2,0.08255983952128383,155408,2,0.1669145810866089,62839,1,-2.786751697004684,-1.178900343641653,-1.1787792461073392,-1.0816326298010477
5,circuit,5,0000000000000010110010000,43,19,4,1,2,False,-0.1957013081429046,0.5132693528550824,193230,14,0.4744891020478418,893165,19,0.44519786917273063,1676052,19,0.43080493701445477,4054668,19,0.4288423486967109,4036196,11,0.4080959705817432,1536374,9,0.40525285172718617,762835,6,0.4493776462650807,169179,4,0.19178775904869488,0.22755261426106513,0.1255382216760799,0.006587402530457238
5,circuit,5,0000000000000010110011000,43,3,5,2,2,False,-0.11614199111864763,0.0019868833821642686,748,2,0.0058410346095245785,10995,3,0.009470254878497425,35653,3,0.020565899852547462,193563,3,0.17733608121939162,1669059,3,0.21191068592573664,797788,2,0.17663868064055488,332499,2,0.0,0,0,,-4.918433558068509,-4.483909275149212,-3.1081599973904197
5,circuit,5,0000000000000010110110000,43,2,5,2,3,False,-0.049478096327672666,0.0009190663773112793,346,1,0.005839972120282282,10993,2,0.009294146865582836,34990,2,0.020292095851162824,190986,2,0.03824458997979248,359952,1,0.03660043184955549,137791,1,0.037411919454644366,70423,1,0.09663881171076887,36382,1,-6.716289844511591,-2.679464599764806,-1.9774663234835201,-0.9143378005713706
5,circuit,5,0000000000000010110111000,43,1,6,2,3,False,-0.1854198181367469,0.0,0,0,0.0001668108110405382,314,1,0.0012455059917895947,4689,1,0.006195705367769667,58313,1,0.061348252695726586,577400,1,0.1159095575600633,436369,1,0.172359496124031,324444,1,0.0,0,0,,-10.012992277498777,-6.540123759391802,-3.307681809459508
5,circuit,5,0000000000000011100001000,43,27,4,2,2,False,0.08980952948414617,0.8834166956641848,332579,20,0.8505970127052463,1601140,27,0.8420536903659885,3170109,27,0.7870241553141245,7407347,27,0.5429672048220959,5110321,17,0.541411790518169,2038273,12,0.4473732022643819,842121,7,0.4355068344693126,163957,4,1.020398738667971,0.9269969469392821,0.6371859182316265,0.5355428535608971
5,circuit,5,0000000000000011100001010,43,2,5,2,2,False,0.13080542464930558,0.01403037169063057,5282,1,0.017110858002562724,32209,2,0.020919135078564625,78755,2,0.03259213233711318,306752,2,0.09448544657734868,889282,2,0.09275468644954482,349197,1,0.09004031092751258,169489,1,0.1894420331815743,71320,1,-3.7551313355981573,-2.39565893494153,-2.1485969728113243,-1.5355683873866124
5,circuit,5,0000000000000011100011000,43,0,5,2,2,False,,0.0,0,0,0.0,0,0,0.0,0,0,0.0,0,0,0.0,0,0,0.0,0,0,0.0,0,0,0.0,0,0,,,,
5,circuit,5,0000000000000011100101000,43,3,5,2,3,False,0.046815943272781935,0.014062246825103793,5294,2,0.036293038782982324,68317,3,0.053010105624964304,199569,3,0.07588992675397653,714264,3,0.07754030268892133,729797,2,0.02168358639660619,81633,1,0.0,0,0,0.0,0,0,,,1.289664021622964,-0.031037964565552464
5,circuit,5,0000000000000011110001000,43,2,5,2,3,False,0.029466135559126496,0.0005392210248386986,203,2,0.005587099680615734,10517,2,0.010309092140615475,38811,2,0.01942372173268527,182813,2,0.06010195029856539,565670,1,0.03916103568456442,147431,1,0.012266995614035088,23091,1,0.0,0,0,,-1.1346104878156198,-1.925501631256634,-1.6295921483401976
5,circuit,5,0000000000000011110101000,43,0,6,2,4,False,,0.0,0,0,0.0,0,0,0.0,0,0,0.0,0,0,0.0,0,0,0.0,0,0,0.0,0,0,0.0,0,0,,,,
5,circuit,5,0000000000000110100010000,43,20,4,1,2,False,-0.10418912232980077,0.5757605539898372,216756,15,0.5007718984345283,942639,20,0.4521696746251728,1702299,20,0.43999633653008624,4141176,20,0.3984488263242016,3750137,13,0.40225598760285247,1514388,9,0.3956766158370733,744809,6,0.3791018768892407,142722,4,0.6028833524681545,0.33983179980965283,0.16875034332194866,0.14309706416727266
5,circuit,5,0000000000000110100010010,43,7,5,2,2,False,-0.18039233324307954,0.01605709899088637,6045,4,0.027399472580340124,51576,7,0.038283969522423224,144129,7,0.07265272833946851,683796,7,0.25303529883260883,2381528,5,0.2545203024806248,958202,4,0.2553252073983408,480616,4,0.6208981231107593,233752,3,-5.273073398415473,-3.2201159494528,-2.732968410875694,-1.8002497755011642
5,circuit,5,0000000000000110100011000,43,3,5,2,2,False,0.279408808282544,0.14525233153327366,54683,2,0.11603338766194993,218418,3,0.10937370093778181,411763,3,0.09476136552228565,891879,3,0.0540096246844799,508330,3,0.03660415056881795,137805,2,0.037411919454644366,70423,1,0.09663881171076887,36382,1,0.5878867011570594,1.6329700970705339,1.5791867307105865,0.8110824651646451
5,circuit,5,0000000000000110100111000,43,0,6,2,2,False,,0.0,0,0,0.0,0,0,0.0,0,0,0.0,0,0,0.0,0,0,0.0,0,0,0.0,0,0,0.0,0,0,,,,
5,circuit,5,0000000000000111100011000,43,0,6,2,2,False,,0.0,0,0,0.0,0,0,0.0,0,0,0.0,0,0,0.0,0,0,0.0,0,0,0.0,0,0,0.0,0,0,,,,
5,circuit,5,0000000000010000100010010,43,29,4,2,2,False,-0.4505049557669489,0.39389431799165403,148289,19,0.47950776998382894,902612,29,0.5147039565865857,1937724,29,0.5657910534409736,5325136,29,0.8295892376422423,7807962,19,0.9395692182481804,3537231,17,0.9297071560927512,1750051,12,0.833085418913391,313635,6,-1.0806558213904454,-0.9552221673406128,-0.8682565764421037,-0.5521278136920174
5,circuit,5,0000000000010000100010110,43,3,5,2,3,False,0.10397959666740286,0.056740395623544035,21361,3,0.09524684812566273,179290,3,0.09338585584377121,351573,3,0.08446072511629499,794931,3,0.03314686255324543,311973,1,0.02611178416978397,98304,1,3.718720250237998e-06,7,1,0.0,0,0,,14.644577510007693,1.8385030192067475,1.3494083115606355
5,circuit,5,0000000000010000100110000,43,32,4,2,2,False,-0.2914130176454045,0.7420212554021712,279348,23,0.7190624382428128,1353543,32,0.7080697578979662,2665695,32,0.7284798236094486,6856337,32,0.8111041187372375,7633983,22,0.8450715149557592,3181472,16,0.827234632122943,1557160,11,0.5460164579758496,205561,5,0.44251607645629254,-0.20217953581941026,-0.2551819366447256,-0.1549981051499374
5,circuit,5,0000000000010000100110100,43,1,5,2,2,False,0.11644910510073257,0.009209257601555507,3467,1,0.012290344310263858,23135,1,0.012428497623338695,46790,1,0.01624092287142092,152857,1,0.0,0,0,0.0,0,0,0.0,0,0,0.0,0,0,,,,
5,circuit,5,0000000000010000110010010,43,4,5,2,2,False,-0.07744457685638914,0.052798503993688725,19877,3,0.06950326502944158,130831,4,0.09009160007278069,339171,4,0.1033980383436101,973166,4,0.08646066162826167,813754,3,0.07576757685862252,285245,2,0.05970033489732082,112378,1,0.17141688403448843,64534,1,-1.6989402598765662,0.2193417278739477,0.2498119893972518,0.25809303384527427
5,circuit,5,0000000000010000110010100,43,6,5,2,2,False,0.2605138065070652,0.38594944072420306,145298,5,0.2468752191384062,464711,6,0.18668033739426546,702802,6,0.16249805298473985,1529406,6,0.03704769343213512,348687,3,0.05408399046201634,203612,1,0.05970033489732082,112378,1,0.17141688403448843,64534,1,1.1709026497363288,2.0479710991600557,1.7872964732798566,2.1329668031110938
5,circuit,5,0000000000010000110010110,43,0,6,2,3,False,,0.0,0,0,0.0,0,0,0.0,0,0,0.0,0,0,0.0,0,0,0.0,0,0,0.0,0,0,0.0,0,0,,,,
5,circuit,5,0000000000010000110110000,43,1,5,2,3,False,-0.11925150933039359,0.0,0,0,0.01831518955870572,34476,1,0.030765777670938327,115825,1,0.04076470896982758,383671,1,0.0,0,0,0.0,0,0,0.0,0,0,0.0,0,0,,,,
5,circuit,5,0000000000010000110110100,43,0,6,2,3,False,,0.0,0,0,0.0,0,0,0.0,0,0,0.0,0,0,0.0,0,0,0.0,0,0,0.0,0,0,0.0,0,0,,,,
5,circuit,5,0000000000010001000011000,43,18,4,2,2,False,0.07030092064058864,0.5516682648504924,207686,13,0.4723088741226495,889061,18,0.44006364325775915,1656723,18,0.4295794595786882,4043134,18,0.44039386130726177,4144917,13,0.45782959075228896,1723608,7,0.4694151196790426,883612,5,0.2680556957452573,100916,2,1.0412682003575153,0.008866331011556849,-0.057098525644633594,-0.035869346934089566
5,circuit,5,0000000000010001000011010,43,1,5,2,3,False,-0.07084646340477302,0.0,0,0,0.0005158385271349128,971,1,0.0021430459248791747,8068,1,0.00815642676534519,76767,1,0.03824458997979248,359952,1,0.03660043184955549,137791,1,0.037411919454644366,70423,1,0.09663881171076887,36382,1,,-6.18043464674269,-4.094125998997771,-2.229246512864008
5,circuit,5,0000000000010001000011110,43,0,6,2,4,False,,0.0,0,0,0.0,0,0,0.0,0,0,0.0,0,0,0.0,0,0,0.0,0,0,0.0,0,0,0.0,0,0,,,,
5,circuit,5,0000000000010001000110100,43,6,5,2,2,False,-0.1635074351456688,0.011235984901811304,4230,4,0.02226074335997348,41903,6,0.029291835945956357,110276,6,0.055006873256053385,517716,6,0.16701928984988165,1571959,3,0.19408952072880523,730696,3,0.18503236349109206,348299,3,0.4539835420241504,170913,2,-5.336441501270113,-3.055203955586082,-2.7281517002170044,-1.6023309323939716
5,circuit,5,0000000000010001000111000,43,2,5,2,2,False,-0.16479309475823553,2.9218873267121596e-05,11,1,0.0018195128274326223,3425,2,0.004535511795650956,17075,2,0.012976099683781347,122129,2,0.1143488293098024,1076233,2,0.099591817436384,374937,2,0.08255983952128383,155408,2,0.1669145810866089,62839,1,-12.479921822386586,-5.503816039249691,-4.456689952426443,-3.1395128829186913
5,circuit,5,0000000000010001000111100,43,1,6,2,3,False,0.0009041164842579602,0.0009190663773112793,346,1,0.00532413359314737,10022,1,0.007151100940703661,26922,1,0.012135669085817632,114219,1,0.0,0,0,0.0,0,0,0.0,0,0,0.0,0,0,,,,
5,circuit,5,0000000000010001010010100,43,1,5,2,2,False,0.08670865014973438,0.000510002151571577,192,1,0.004164957829801973,7840,1,0.0073171152816864935,27547,1,0.012647258634388465,119034,1,0.0,0,0,0.0,0,0,0.0,0,0,0.0,0,0,,,,
5,circuit,5,0000000000010001010011000,43,4,5,2,2,False,0.1053897796677352,0.12521349699444045,47139,3,0.1715192321177748,322863,4,0.16291053686381646,613315,4,0.1294761429271762,1218609,4,0.07355404750250243,692279,2,0.060018800782099785,225955,2,0.05970033489732082,112378,1,0.17141688403448843,64534,1,-0.45311913604244647,1.5225594224323198,1.4405935204423836,0.8158096568351055
5,circuit,5,0000000000010001010011010,43,0,6,2,3,False,,0.0,0,0,0.0,0,0,0.0,0,0,0.0,0,0,0.0,0,0,0.0,0,0,0.0,0,0,0.0,0,0,,,,
5,circuit,5,0000000000010001010011100,43,0,6,2,3,False,,0.0,0,0,0.0,0,0,0.0,0,0,0.0,0,0,0.0,0,0,0.0,0,0,0.0,0,0,0.0,0,0,,,,
5,circuit,5,0000000000010001010111000,43,1,6,2,3,False,0.2536544849169375,0.01403037169063057,5282,1,0.01703170255401164,32060,1,0.01987709626308359,74832,1,0.027687141369351503,260587,1,0.031769129971490166,299006,1,0.0,0,0,0.0,0,0,0.0,0,0,,,,-0.19840947437975132
5,circuit,5,0000000000010011000111000,43,4,6,2,2,False,-0.1532382200171944,0.0026934488629873905,1014,2,0.006986398012720121,13151,4,0.011105960977333067,41811,4,0.02652764464171838,249674,4,0.10691903953753575,1006305,3,0.1549284850442408,583265,2,0.17276536787705699,325208,2,0.4539835420241504,170913,2,-7.397041512274085,-4.628121402220083,-3.8021962844172466,-2.0109502917300386
5,circuit,5,0000000000010011010011000,43,0,6,2,2,False,,0.0,0,0,0.0,0,0,0.0,0,0,0.0,0,0,0.0,0,0,0.0,0,0,0.0,0,0,0.0,0,0,,,,
5,circuit,5,0000000001000010010010000,43,42,4,2,1,False,0.23961187429542902,0.9990809336226887,376123,31,0.9946758664068527,1872350,42,0.9928488990592963,3737813,42,0.9878643309141824,9297623,42,1.0,9411841,28,1.0,3764737,18,1.0,1882368,13,1.0,376474,7,-0.0013265421883751037,-0.007701621604380666,-0.010353923120672036,-0.01761517307437102
5,circuit,5,0000000001000010110010000,43,6,5,2,2,False,0.20253180688617523,0.14884359668392352,56035,5,0.12727664882393067,239582,6,0.12618418029423054,475050,6,0.12840823294738693,1208558,6,0.13800243756774047,1298857,6,0.06271593473860193,236109,3,0.0374156381748946,70430,2,0.09663881171076887,36382,1,0.6231225373129085,1.7662544677502783,1.0086270992661006,-0.10395604545216583
5,circuit,5,0000000001000011000000010,43,35,4,2,1,False,0.3737740302903307,0.888657499023824,334552,29,0.8769191211938979,1650688,35,0.8827370319557685,3323271,35,0.8773278386951248,8257271,35,0.6848903418576663,6446079,21,0.5852244127544634,2203216,12,0.5248819571943425,988021,8,0.20768499285475225,78188,3,2.097230519416274,0.7404507823372004,0.5929937688625191,0.35724303185363826
5,circuit,5,0000000001000011000010000,43,40,4,2,1,False,-0.2646747062006311,0.8964270630516723,337477,30,0.888905593580865,1673251,40,0.8947179549158174,3368376,40,0.9125261558789448,8588552,40,0.9386517473042734,8834441,27,0.8840904424399367,3328368,17,0.827640503875969,1557924,12,1.0,376474,7,-0.15774189054924165,0.10302595449985727,0.017239003368693818,-0.040724085800713
5,circuit,5,0000000001000011000010010,43,13,5,2,2,False,0.0924228200875803,0.2653286193551129,99888,12,0.3309653989753354,623000,13,0.38415506005070743,1446242,13,0.398629195007736,3751835,13,0.1778519207878671,1673914,7,0.0911710432893453,343235,4,0.05970033489732082,112378,1,0.17141688403448843,64534,1,0.6302710810780281,2.4708694676626406,2.075041166961509,1.16437081939369
5,circuit,5,0000000001000011010010000,43,15,5,2,2,False,-0.1303088560555739,0.11374376110649216,42821,11,0.17863897253040312,336265,15,0.2320027837284696,873429,15,0.29640882199254937,2789753,15,0.4305962032295276,4052703,10,0.4406650451279864,1658988,7,0.39867709183326533,750457,5,0.09663881171076887,36382,1,0.23511279481524117,-1.1581738513907616,-0.9255403463586848,-0.5387472115341647
5,circuit,5,0000000001000011110010000,43,0,6,2,3,False,,0.0,0,0,0.0,0,0,0.0,0,0,0.0,0,0,0.0,0,0,0.0,0,0,0.0,0,0,0.0,0,0,,,,
5,circuit,5,0000000001000100100110000,43,11,5,2,2,False,0.21097524332118373,0.3198191617370886,120402,9,0.3524553063900228,663452,11,0.36430107298388864,1371497,11,0.3305739726612495,3111310,11,0.21421388227871677,2016147,7,0.18392572973889013,692432,5,0.1497406458248334,281867,2,0.3608589172160627,135854,2,-0.1741785263139256,1.2349744442029769,0.9860079289201257,0.6259211622991188
5,circuit,5,0000000001000101000010000,43,33,4,2,1,False,-0.39152210173373175,0.524252992942314,197365,22,0.5426690367260032,1021505,33,0.5889878039224541,2217383,33,0.6381102657694424,6005793,33,0.9536091823055659,8975218,27,1.0,3764737,18,1.0,1882368,13,1.0,376474,7,-0.9316649022455925,-0.8818555002594076,-0.7636903341809698,-0.5795923836331791
5,circuit,5,0000000001000101000010010,43,12,5,2,2,False,-0.008306129308093707,0.18017685387110227,67831,10,0.22963633118214677,432261,12,0.26416201937188144,994500,12,0.30538570451990166,2874242,12,0.2368046804020595,2228768,7,0.18392572973889013,692432,5,0.1497406458248334,281867,2,0.3608589172160627,135854,2,-1.0020212162032114,0.6168850296266779,0.5222997386400849,0.3669349335301632
5,circuit,5,0000000001000101000010100,43,12,5,2,2,False,0.19473366030150166,0.24565634886272175,92482,10,0.27117062939737735,510444,12,0.2812200593136037,1058719,12,0.27829674573797564,2619285,12,0.3011920834616734,2834772,8,0.29596383492392697,1114226,6,0.2227486867605059,419295,3,0.0,0,0,,0.28378400183719377,-0.07372139266189388,-0.1140598120661403
5,circuit,5,0000000001000101000010110,43,0,6,2,3,False,,0.0,0,0,0.0,0,0,0.0,0,0,0.0,0,0,0.0,0,0,0.0,0,0,0.0,0,0,0.0,0,0,,,,
5,circuit,5,0000000001000110100010000,43,13,5,2,2,False,-0.12648156000489233,0.11024015257564368,41502,10,0.18287299216095437,344235,13,0.20318003790439434,764919,13,0.2583153223354153,2431223,13,0.3579874543141985,3369321,7,0.33457848449971406,1259600,5,0.24860601115191078,467968,4,0.17141688403448843,64534,1,-0.636859427572908,-0.4430191558588059,-0.7195860072755804,-0.4707758075928545
5,circuit,5,0000000001000111000000010,43,19,5,2,2,False,0.024569923360345428,0.513364978258502,193266,12,0.3986895257685516,750482,19,0.3692291754930958,1390050,19,0.3764257836032522,3542860,19,0.4687164817170201,4411485,14,0.4982013351795889,1875597,10,0.524796957874337,987861,7,0.8889538188560167,334668,5,-0.7921235943423008,-0.39649365315852325,-0.43221233264977427,-0.31635007586024194
5,circuit,5,0000000001000111000010000,43,14,5,2,2,False,0.35173250266777295,0.41556144064982775,156446,11,0.4421416170661272,832275,14,0.43828768824366127,1650037,14,0.39457228457511295,3713652,14,0.3831560690411153,3606204,11,0.37613092229284545,1416034,5,0.40971478478172174,771234,4,0.09663881171076887,36382,1,2.10438717461654,0.10988858174537623,0.22064323588966986,0.04235746467569201
5,circuit,5,0000000001000111000010010,43,0,6,2,2,False,,0.0,0,0,0.0,0,0,0.0,0,0,0.0,0,0,0.0,0,0,0.0,0,0,0.0,0,0,0.0,0,0,,,,
5,circuit,5,0000000001000111100010000,43,2,6,2,2,False,0.2105290297142037,0.05672180179510132,21354,2,0.06508065355838272,122506,2,0.06787064693796509,255515,2,0.05971434709592448,562022,2,0.0038168940593025316,35924,1,0.0,0,0,0.0,0,0,0.0,0,0,,,,3.967606548951847
5,circuit,5,0000000001010000110010000,43,14,5,2,2,False,0.20698883783337765,0.5780183760150238,217606,10,0.4490573595442346,845293,14,0.36322078446424516,1367430,14,0.3109682461732783,2926784,14,0.24842132373464448,2338102,9,0.2694432572580767,1014383,4,0.30275854668162655,569903,4,0.7923150071452477,298286,4,-0.45495876964762383,0.5687320499655455,0.43086527571703886,0.3239782548506101
5,circuit,5,0000000001010000110110000,43,1,6,2,3,False,-0.1854198181367469,0.0,0,0,0.0001668108110405382,314,1,0.0012455059917895947,4689,1,0.006195705367769667,58313,1,0.061348252695726586,577400,1,0.1159095575600633,436369,1,0.172359496124031,324444,1,0.0,0,0,,-10.012992277498777,-6.540123759391802,-3.307681809459508
5,circuit,5,0000000001010001000010000,43,41,4,2,1,False,-0.20332997877190231,0.9839960262332357,370444,30,0.9784033124164618,1841719,41,0.9745501343388048,3668923,41,0.9633707195679655,9067093,41,0.9173866196847141,8634297,26,1.0,3764737,18,1.0,1882368,13,1.0,376474,7,-0.02327560548664845,-0.03149880672247828,-0.03719169011069246,0.0705612102017716
5,circuit,5,0000000001010001000010010,43,8,5,2,2,False,0.11866472657087354,0.2205281178529972,83022,8,0.2615689141147446,492370,8,0.31587349441594165,1189180,8,0.3147318027650698,2962206,8,0.06338568617978141,596576,4,0.015403466430722783,57990,2,0.0,0,0,0.0,0,0,,,4.3580199227972605,2.311893974892424
5,circuit,5,0000000001010001000110000,43,6,5,2,2,False,0.06482156212219534,0.16561522993925132,62349,3,0.15695462958437545,295447,6,0.12789133896542518,481477,6,0.12184458685133048,1146782,6,0.16242932705726754,1528759,4,0.2452646758591636,923357,3,0.2998117265061879,564356,3,0.28608084489234314,107702,2,-0.7885875535519161,-0.933709228630865,-0.9394208997261517,-0.41476998020382666
5,circuit,5,0000000001010001010010000,43,9,5,2,2,False,0.27828665398396885,0.2430080564402381,91485,7,0.2433068490181537,457994,9,0.23715932197086914,892842,9,0.2203117094400862,2073539,9,0.17253128266828988,1623837,6,0.17015132796792976,640575,3,0.23307610414116686,438735,2,0.09663881171076887,36382,1,1.330329524026092,0.061975830897535486,0.47903816619221595,0.352688206297282
5,circuit,5,0000000001010001010110000,43,2,6,2,3,False,-0.049478096327672666,0.0009190663773112793,346,1,0.005839972120282282,10993,2,0.009294146865582836,34990,2,0.020292095851162824,190986,2,0.03824458997979248,359952,1,0.03660043184955549,137791,1,0.037411919454644366,70423,1,0.09663881171076887,36382,1,-6.716289844511591,-2.679464599764806,-1.9774663234835201,-0.9143378005713706
5,circuit,5,0000000001010001100010000,43,17,5,2,2,False,0.004286598999854335,0.20814994063256204,78362,14,0.28034734898309155,527718,17,0.32422707043125215,1220629,17,0.3658394392936048,3443223,17,0.42790193756991857,4027345,11,0.38658238277999235,1455381,8,0.28601793060655517,538391,5,0.2680556957452573,100916,2,-0.3649096433367745,-0.028890165634682073,-0.2537713433016247,-0.22606959849781397
5,circuit,5,0000000001010001100110000,43,1,6,2,3,False,-0.1854198181367469,0.0,0,0,0.0001668108110405382,314,1,0.0012455059917895947,4689,1,0.006195705367769667,58313,1,0.061348252695726586,577400,1,0.1159095575600633,436369,1,0.172359496124031,324444,1,0.0,0,0,,-10.012992277498777,-6.540123759391802,-3.307681809459508
5,circuit,5,0000000001010001110010000,43,3,6,2,3,False,0.046815943272781935,0.014062246825103793,5294,2,0.036293038782982324,68317,3,0.053010105624964304,199569,3,0.07588992675397653,714264,3,0.07754030268892133,729797,2,0.02168358639660619,81633,1,0.0,0,0,0.0,0,0,,,1.289664021622964,-0.031037964565552464
5,circuit,5,0000000001010010110010000,43,0,6,2,2,False,,0.0,0,0,0.0,0,0,0.0,0,0,0.0,0,0,0.0,0,0,0.0,0,0,0.0,0,0,0.0,0,0,,,,
5,circuit,5,0000000001010011000010000,43,17,5,2,2,False,-0.005583540656416634,0.35008194565820827,131795,12,0.3419674750793148,643710,17,0.3630287390745962,1366707,17,0.3664545154922915,3449012,17,0.36647633550120534,3449217,11,0.3682830965350302,1386489,6,0.39480377906976744,743166,5,0.5506223537349193,207295,3,-0.6533705191616672,-0.2072766841184828,-0.0207314185959708,-8.590065111530824e-05
5,circuit,5,0000000001010011000010010,43,0,6,2,2,False,,0.0,0,0,0.0,0,0,0.0,0,0,0.0,0,0,0.0,0,0,0.0,0,0,0.0,0,0,0.0,0,0,,,,
5,circuit,5,0000000001010011010010000,43,4,6,2,2,False,0.16686060794244165,0.13956262002980324,52541,3,0.15540392653524382,292528,4,0.15781190442355172,594120,4,0.13558206778226833,1276077,4,0.0701937059922708,660652,3,0.06948745689273912,261602,3,0.05970033489732082,112378,1,0.17141688403448843,64534,1,-0.29659663063437075,1.380212026640381,1.1833815509870438,0.9497527984655177
5,circuit,5,0000000001010011100010000,43,1,6,2,2,False,-0.0220825208895289,0.05497132566028013,20695,1,0.059087151742588606,111224,1,0.0463902505754057,174647,1,0.03755513532845112,353463,1,0.0,0,0,0.0,0,0,0.0,0,0,0.0,0,0,,,,
5,circuit,5,0000000001010011110010000,43,0,7,2,3,False,,0.0,0,0,0.0,0,0,0.0,0,0,0.0,0,0,0.0,0,0,0.0,0,0,0.0,0,0,0.0,0,0,,,,
5,circuit,5,0000000001010101000010000,43,11,5,2,2,False,0.0030370631141155985,0.22895909092116482,86196,8,0.30007299301094575,564849,11,0.3204650526531084,1206466,11,0.30336070240023155,2855183,11,0.19714602063507022,1855507,6,0.18254688176093045,687241,4,0.17276536787705699,325208,2,0.4539835420241504,170913,2,-0.9875501483725411,0.7964994328420093,0.8119000116003364,0.6217696196219178
5,circuit,5,0000000001010101000010010,43,4,6,2,2,False,-0.09071864605395617,0.04576472431993073,17229,4,0.07406081263427208,139410,4,0.10271984615118993,386713,4,0.13055627155661984,1228775,4,0.04397726225931781,413907,2,0.015399747711460323,57976,1,0.0,0,0,0.0,0,0,,,2.737736325704366,1.5698420631197982
5,circuit,5,0000000001010101000110000,43,0,6,2,2,False,,0.0,0,0,0.0,0,0,0.0,0,0,0.0,0,0,0.0,0,0,0.0,0,0,0.0,0,0,0.0,0,0,,,,
5,circuit,5,0000000001010101100010000,43,4,6,2,2,False,-0.0427628899738808,0.010157542852133907,3824,3,0.019203430565265526,36148,4,0.023817081414760934,89665,4,0.04134876042330502,389168,4,0.12145020299429198,1143070,2,0.1550705932446277,583800,2,0.18462649173806608,347535,2,0.0,0,0,,-3.265173610704383,-2.702856588496003,-1.554448916101394
5,circuit,5,0000000001010111000010000,43,0,6,2,3,False,,0.0,0,0,0.0,0,0,0.0,0,0,0.0,0,0,0.0,0,0,0.0,0,0,0.0,0,0,0.0,0,0,,,,
5,circuit,5,0000000001010111000010010,43,0,7,2,3,False,,0.0,0,0,0.0,0,0,0.0,0,0,0.0,0,0,0.0,0,0,0.0,0,0,0.0,0,0,0.0,0,0,,,,
5,circuit,5,0000000001100001000000110,43,7,5,2,2,False,0.12057060017845189,0.08838974789424893,33276,5,0.09023774259285625,169861,7,0.10140076260347673,381747,7,0.12445555290877174,1171356,7,0.3253295502973329,3061950,7,0.33952677172402745,1278229,3,0.3723028653270774,700811,3,0.0,0,0,,-2.044673837014104,-1.7434568331798488,-1.3862712696921553
5,circuit,5,0000000001100001010000110,43,0,6,2,2,False,,0.0,0,0,0.0,0,0,0.0,0,0,0.0,0,0,0.0,0,0,0.0,0,0,0.0,0,0,0.0,0,0,,,,
5,circuit,5,0000000011000111000010000,43,0,6,2,2,False,,0.0,0,0,0.0,0,0,0.0,0,0,0.0,0,0,0.0,0,0,0.0,0,0,0.0,0,0,0.0,0,0,,,,
5,circuit,5,0000000011010011000010000,43,1,6,2,2,False,0.05186935104532751,0.0016150068133099936,608,1,0.0037622744069716295,7082,1,0.004385700454348048,16511,1,0.006673826441200351,62813,1,1.6999862194867082e-06,16,1,0.0,0,0,0.0,0,0,0.0,0,0,,,,11.938775401537201
5,circuit,5,0000000011010011000010010,43,0,7,2,2,False,,0.0,0,0,0.0,0,0,0.0,0,0,0.0,0,0,0.0,0,0,0.0,0,0,0.0,0,0,0.0,0,0,,,,
5,circuit,5,0000000001000100100010000,43,43,4,1,1,True,0.057269308221192874,1.0,376469,32,1.0,1882372,43,1.0,3764735,43,1.0,9411842,43,1.0,9411841,28,1.0,3764737,18,1.0,1882368,13,1.0,376474,7,0.0,0.0,0.0,0.0
5,circuit,6,0000000000000000000011110,63,0,4,1,4,False,,0.0,0,0,0.0,0,0,0.0,0,0,0.0,0,0,0.0,0,0,0.0,0,0,0.0,0,0,0.0,0,0,,,,
5,circuit,6,0000000000000000000111100,63,1,4,1,3,False,0.13032289710869266,0.042056392188743574,231554,1,0.0747845843521533,2058744,1,0.06905843435882766,3802217,1,0.04450985122429725,6126555,1,0.009070868659222086,1248559,1,0.0,0,0,0.0,0,0,0.0,0,0,,,,2.2948120583584317
5,circuit,6,0000000000000000010011010,63,14,4,1,3,False,-0.08333947123183215,0.056852794090883826,313020,14,0.13131433922255553,3614951,14,0.18155472395121308,9996034,14,0.19628439325934596,27017550,14,0.2863980938315915,39421243,14,0.2790966291944634,15366493,13,0.2920775018879195,8040596,11,0.3250659259685746,1789747,10,-2.51542917915211,-1.1533267709006163,-0.6203602315418193,-0.545076423103422
5,circuit,6,0000000000000000010011100,63,11,4,2,3,False,0.04945123606717369,0.07307006177851058,402309,11,0.08488161334221173,2336705,11,0.11490960063963132,6326689,11,0.15025171070241153,20681385,11,0.22869820238408942,31479146,10,0.23122165044706428,12730594,10,0.2467720835725812,6793384,8,0.318780005873809,1755138,7,-2.125208813016879,-1.5396552139942712,-1.008777151493979,-0.6060636089627317
5,circuit,6,0000000000000000010011110,63,2,5,2,4,False,0.1786688102358768,0.0591718039782789,325788,2,0.04110423379514591,1131558,2,0.03406050208864414,1875302,2,0.04223473641839108,5813397,2,0.03294159324629203,4534243,1,0.044799837959872364,2466588,1,0.05397308385660915,1485824,1,0.09589819602865852,527996,1,-0.6965937971205107,-0.3929531196162448,-0.39539381203421825,0.35851971353770845
5,circuit,6,0000000000000000010111000,63,13,4,1,2,False,0.016898073464599192,0.2967351871608802,1633764,12,0.16691321283175348,4594952,13,0.153647936183332,8459543,13,0.18163858598430532,25001629,13,0.2469011115927772,33984684,12,0.25711766654951135,14156376,11,0.2720511885274649,7489292,10,0.3360354549940726,1850143,8,-0.1794374461198632,-0.7047799684025572,-0.7428003525073745,-0.4428626209043815
5,circuit,6,0000000000000000010111100,63,0,5,2,3,False,,0.0,0,0,0.0,0,0,0.0,0,0,0.0,0,0,0.0,0,0,0.0,0,0,0.0,0,0,0.0,0,0,,,,
5,circuit,6,0000000000000000110010100,63,18,4,2,2,False,-0.19651250439983858,0.11689422677693588,643596,16,0.17511002674308163,4820602,18,0.21292985627311667,11723485,18,0.2612282783668547,35956746,18,0.3295760255476481,45364466,17,0.3348413863519516,18435686,17,0.3441826996792943,9474999,14,0.24957349499082512,1374101,13,-1.094261047187732,-0.974912887844837,-0.6530996022474563,-0.3353002206026257
5,circuit,6,0000000000000000110010110,63,8,5,2,3,False,-0.04636035219663051,0.004266593144172743,23491,8,0.015069060472943631,414836,8,0.03268891130687771,1799785,8,0.06676000731795975,9189176,8,0.11869888755285057,16338299,7,0.12111197276862766,6668179,7,0.1310976966419498,3608986,6,0.15826537011807737,871377,5,-5.213117261276368,-3.1209809623639275,-1.8894682580656148,-0.8302503961354658
5,circuit,6,0000000000000000110011100,63,7,5,2,3,False,0.16494823959714056,0.11198231391707433,616552,7,0.1453861600220771,4002334,7,0.1577467798620316,8685217,7,0.15263473359373184,21009396,7,0.09776694194186794,13457123,6,0.063048132525489,3471302,5,0.06022598511728422,1657960,4,0.007225293631421573,39781,4,3.95407086696527,1.271431947058492,1.323085011362698,0.6426646670647308
5,circuit,6,0000000000000010000111000,63,11,4,2,2,False,0.1461430351237417,0.15268286268402873,840641,10,0.22144194979336146,6096073,11,0.23071077070462845,12702466,11,0.22173395543062605,30520553,11,0.18753955331195984,25813867,10,0.1607137437530158,8848572,7,0.1607406391104705,4425026,7,0.12232997329905189,673524,6,0.3197602048978236,0.46219382782141166,0.5215920484351992,0.24163481406796294
5,circuit,6,0000000000000010010011000,63,13,4,1,2,False,0.040957515501815485,0.048945493459803646,269484,11,0.04449901883429137,1225013,13,0.0546014530467498,3006245,13,0.10230147829209421,14081279,13,0.3361711762688287,46272255,13,0.389765281380622,21459684,12,0.4146140389286476,11413902,12,0.43760876036657365,2409385,10,-3.16039368099242,-3.2199235359294254,-2.8355943376521773,-1.7163690387439465
5,circuit,6,0000000000000010010111000,63,9,5,2,2,False,-0.025690580836018766,0.04571435421350366,251694,8,0.04763658411138891,1311387,9,0.05066709055930089,2789627,9,0.07419493470307607,10212556,9,0.19953868839083427,27465487,8,0.24898251328458967,13708471,8,0.2625124046545711,7226699,8,0.282726370042339,1556634,7,-2.628687305578982,-2.4622437265905006,-2.296923528556486,-1.4272758941535457
5,circuit,6,0000000000000010100010010,63,15,4,1,2,False,0.09368567499622557,0.11283650435413722,621255,14,0.15659579797863263,4310924,15,0.17357378996576464,9556620,15,0.1888729829059731,25997407,15,0.277169696657387,38151001,14,0.301313813494058,16589726,12,0.3183722274355161,8764463,12,0.36036290477109856,1984085,10,-1.6752166324755746,-1.0236689902369942,-0.7957176996446875,-0.5533531862522573
5,circuit,6,0000000000000010100011000,63,23,4,2,2,False,-0.1475603565428433,0.11240259813382183,618866,21,0.210638392859251,5798662,23,0.24412021969499892,13440763,23,0.2778679405259861,38247111,23,0.45288483982638195,62337298,21,0.48658867117269333,26790583,19,0.5031050005083734,13849968,18,0.4891776794531291,2693313,16,-2.121683193882585,-1.256091110082231,-0.9951109377622039,-0.7047448556366432
5,circuit,6,0000000000000010100011010,63,1,5,2,3,False,-0.04350717418518614,1.4348510424828516e-05,79,1,0.0012992485848281605,35767,1,0.004105654682091694,226049,1,0.008936217785062931,1230025,1,0.022827722063206386,3142120,1,0.024721090773293538,1361093,1,0.02629694139423468,723928,1,0.029639487253162438,163189,1,-11.012403801849285,-4.339145616245855,-2.5900582053072796,-1.353050651471715
5,circuit,6,0000000000000010100110000,63,49,4,2,2,False,-0.27048111922091916,0.504713394861199,2778850,44,0.530203234125307,14595959,49,0.6147879742817238,33848976,49,0.6947673013320462,95631191,49,0.8415852845017071,115839940,43,0.8591399497188118,47302499,40,0.8717816689255589,23999261,34,0.8223605047552607,4527750,31,-0.7043066027358275,-0.7174213979010816,-0.4828042134139847,-0.27657962232063854
5,circuit,6,0000000000000010100111000,63,8,5,2,2,False,-0.10554347725213262,0.004225727133469117,23266,8,0.013629995638415927,375220,8,0.02969241490518529,1634804,8,0.05826662461256653,8020105,8,0.14160031375222337,19490564,7,0.1619095379965628,8914410,7,0.17678925347799834,4866828,6,0.23975566116949099,1320046,5,-5.8262214590959776,-3.69717357442166,-2.447021637847386,-1.281082819240992
5,circuit,6,0000000000000010110010000,63,53,4,1,2,False,-0.027362081806582506,0.553073868674441,3045113,49,0.5680964891227934,15639122,53,0.6495705698686622,35764035,53,0.7365718584227902,101385376,53,0.9092141874235955,125148715,47,0.9237146551379204,50857851,43,0.9281758739998404,25551736,37,0.9487278590184127,5223503,33,-0.7785221319430294,-0.7082622110924319,-0.5079609875384921,-0.3037939177539423
5,circuit,6,0000000000000010110011000,63,2,5,2,2,False,-0.06389913626276253,3.3782568848330436e-05,186,1,0.0018393338019060562,50635,2,0.005314362588070134,292598,2,0.021156784846737754,2912124,2,0.06216818563178223,8557135,2,0.07352160314964046,4047950,2,0.08607496223706937,2369556,2,0.11313566410094669,622902,2,-11.709487129965945,-5.5483384142429095,-3.7901996567271428,-1.555056073974911
5,circuit,6,0000000000000010110110000,63,12,5,2,3,False,0.06697346358327201,0.1233799351156726,679305,12,0.10886767399994239,2997017,12,0.11331322858324935,6238796,12,0.1525767220094033,21001411,12,0.18966482606357848,26106400,10,0.20835511416540317,11471609,10,0.22906637917327924,6305964,8,0.28765354044110236,1583762,7,-1.221224434346888,-1.0731900858375873,-0.8787282157785588,-0.31391727820957055
5,circuit,6,0000000000000010110111000,63,0,6,2,3,False,,0.0,0,0,0.0,0,0,0.0,0,0,0.0,0,0,0.0,0,0,0.0,0,0,0.0,0,0,0.0,0,0,,,,
5,circuit,6,0000000000000011100001000,63,36,4,2,2,False,-0.21077090674552765,0.4230725500644956,2329352,33,0.4648358862724672,12796462,36,0.5043658622556841,27769359,36,0.523484171831635,72054938,36,0.6607392001045937,90947395,31,0.7392725561406944,40702844,28,0.7697555532476846,21190586,26,0.8059944818161657,4437642,25,-0.929864878172303,-0.7276789183198786,-0.5516357265696903,-0.3359350227519043
5,circuit,6,0000000000000011100001010,63,0,5,2,2,False,,0.0,0,0,0.0,0,0,0.0,0,0,0.0,0,0,0.0,0,0,0.0,0,0,0.0,0,0,0.0,0,0,,,,
5,circuit,6,0000000000000011100011000,63,4,5,2,2,False,0.28467140885907144,0.331177969115467,1823399,4,0.22093666425599573,6082163,4,0.17063176342853342,9394638,4,0.13852590217603522,19067387,4,0.020376683568295265,2804747,2,0.010501604608829818,578197,1,0.008412334622919751,231583,1,0.0,0,0,,4.71498280414713,4.022204543437262,2.7651645947438728
5,circuit,6,0000000000000011100101000,63,8,5,2,3,False,0.10789799765484351,0.12150500254459026,668982,7,0.10100054891227571,2780443,8,0.09181227123769391,5054997,8,0.11353046500327851,15626892,8,0.1312052480309099,18059736,6,0.13844810143462072,7622671,6,0.15007558761437628,4131428,5,0.16495413833819156,908204,5,-0.4410492594278251,-0.571326183106265,-0.5925863737643152,-0.2087459416600029
5,circuit,6,0000000000000011110001000,63,10,5,2,3,False,0.06564543246643745,0.10388285222232999,571958,10,0.14582631421735104,4014451,10,0.17131053894525383,9432010,10,0.1774099011077212,24419572,10,0.17311891224813156,23828939,9,0.17367368468218233,9562120,8,0.1756189958502278,4834612,8,0.17456455441419289,961117,7,-0.7488031168726649,-0.26819782651870555,-0.01976526303528221,0.03532318809514409
5,circuit,6,0000000000000011110101000,63,0,6,2,4,False,,0.0,0,0,0.0,0,0,0.0,0,0,0.0,0,0,0.0,0,0,0.0,0,0,0.0,0,0,0.0,0,0,,,,
5,circuit,6,0000000000000110100010000,63,45,4,1,2,False,-0.28490607739139334,0.4617143600255585,2542106,41,0.4523004822298414,12451375,45,0.5400332344272719,29733132,45,0.640141079814045,88112169,45,0.7876363269517224,108414140,39,0.8139750056517706,44815809,37,0.841522721091638,23166263,32,0.8810103242091926,4850664,29,-0.9321583224974023,-0.8957206906794261,-0.5919362994623714,-0.29913975826735006
5,circuit,6,0000000000000110100010010,63,13,5,2,2,False,-0.11865451727462938,0.0006651170275407852,3662,12,0.010368815215117417,285443,13,0.03051146076643186,1679899,13,0.07077538973795197,9741873,13,0.3087237123700336,42494251,13,0.3727132532881209,20520834,13,0.39587836542151705,10898128,13,0.5115519151904802,2816501,11,-9.587056739365924,-5.254734266657137,-3.6106429635469603,-2.1249966036153585
5,circuit,6,0000000000000110100011000,63,7,5,2,2,False,-0.06232254851413009,0.01816775697183224,100028,6,0.025040948652346077,689352,7,0.03310002347162582,1822420,7,0.063908750662084,8796715,7,0.1583806568496632,21800293,6,0.2025342672024196,11151125,6,0.22061459521512983,6073295,6,0.2668465619055697,1469203,6,-3.876558205908982,-3.139167115025083,-2.613261876106103,-1.3093107588868784
5,circuit,6,0000000000000110100111000,63,0,6,2,2,False,,0.0,0,0,0.0,0,0,0.0,0,0,0.0,0,0,0.0,0,0,0.0,0,0,0.0,0,0,0.0,0,0,,,,
5,circuit,6,0000000000000111100011000,63,0,6,2,2,False,,0.0,0,0,0.0,0,0,0.0,0,0,0.0,0,0,0.0,0,0,0.0,0,0,0.0,0,0,0.0,0,0,,,,
5,circuit,6,0000000000010000100010010,63,54,4,2,2,False,-0.3372854205067084,0.5144551253060864,2832486,49,0.5023491781699647,13829165,54,0.5914732921395373,32565317,54,0.70575560353763,97143675,54,0.9419758902691368,129658197,48,0.9785294469735869,53875842,45,0.988616178709993,27215596,39,0.9998080205281815,5504740,35,-0.9586058607069894,-0.9767199998277121,-0.7263022412310915,-0.41652145636039584
5,circuit,6,0000000000010000100010110,63,3,5,2,3,False,0.32346644386979323,0.06898909113628941,379840,3,0.057308715550723636,1577651,3,0.055200512579768886,3039228,3,0.06342070505150928,8729538,3,0.059412827880514385,8177874,2,0.04519391353480233,2488285,2,0.05397308385660915,1485824,1,0.09589819602865852,527996,1,-0.47513542197397,0.08651444092913997,0.2885531720437972,0.09417945772700971
5,circuit,6,0000000000010000100110000,63,48,4,2,2,False,-0.25292527892587185,0.24951369447262686,1373772,44,0.3687552782995409,10151460,48,0.4952400984947374,27266913,48,0.5992900341067432,82489230,48,0.8414046385336659,115815075,44,0.848028551435617,46690728,41,0.8526688292603348,23473104,35,0.838182555586412,4614863,31,-1.7481454965866636,-1.2093218174486207,-0.7759847071744063,-0.4895453886717824
5,circuit,6,0000000000010000100110100,63,3,5,2,2,False,-0.040506403240669786,0.00014348510424828516,790,3,0.0037270166368986524,102601,3,0.009609726417976893,529092,3,0.01825093118945572,2512148,3,0.08052935712753252,11084457,3,0.10572044914044865,5820753,3,0.12400517113219701,3413736,3,0.19265821097290728,1060737,3,-10.390926985892335,-5.056235214303748,-3.459615289904047,-2.141544741986128
5,circuit,6,0000000000010000110010010,63,13,5,2,2,False,-0.06173119049008995,0.016384182638011783,90208,11,0.077706449735586,2139180,13,0.14592449445145694,8034306,13,0.16482393008294197,22687177,13,0.19673713205879934,27079867,12,0.17631016052590537,9707279,10,0.1596700219307064,4395553,9,0.15035498039611703,827824,7,-3.1979970492110357,-1.0389872177095358,-0.2728935476183533,-0.25534356032621297
5,circuit,6,0000000000010000110010100,63,14,5,2,2,False,-0.09822471151584702,0.0607561338065799,334511,13,0.06818819245414352,1877152,14,0.08626867751945871,4749778,14,0.12094645961585128,16647666,14,0.294298189179098,40508651,14,0.3316947935981726,18262441,14,0.35611507015098015,9803485,13,0.4474945225913705,2463814,12,-2.8807680511292957,-2.384749642003166,-1.942947622188237,-1.282910126485801
5,circuit,6,0000000000010000110010110,63,1,6,2,3,False,-0.09447033360301364,4.94024662728273e-05,272,1,0.001667478598651044,45904,1,0.006317777770472346,347844,1,0.010526214690288393,1448880,1,0.02298881772760798,3164294,1,0.016754051234764988,922444,1,0.013099831047142645,360625,1,0.00019161621832406825,1055,1,-1.9555647043761917,-2.9738080546774794,-1.4070208945673535,-1.126945547700937
5,circuit,6,0000000000010000110110000,63,15,5,2,3,False,0.08993712058901546,0.12343805566422887,679625,14,0.11184384577290507,3078948,15,0.12394573159593779,6824200,15,0.17901419567079999,24640395,15,0.2706520569691053,37253881,13,0.29746763079719235,16377963,13,0.3251140679707687,8950059,11,0.37163829323892617,2046165,10,-1.5901119206623422,-1.5394601100231473,-1.2630240996243542,-0.5963653561542341
5,circuit,6,0000000000010000110110100,63,0,6,2,3,False,,0.0,0,0,0.0,0,0,0.0,0,0,0.0,0,0,0.0,0,0,0.0,0,0,0.0,0,0,0.0,0,0,,,,
5,circuit,6,0000000000010001000011000,63,33,4,2,2,False,-0.04365121848616396,0.25157261490523264,1385108,30,0.37617767219856857,10355791,33,0.4489217155439103,24716717,33,0.4974018438544358,68464838,33,0.6083683901420526,83738819,28,0.6341464624002554,34914815,26,0.6728182565130181,18522001,22,0.7149647907469164,3936451,21,-1.506897311193884,-0.8388026316758147,-0.49835219858530627,-0.2905333392664666
5,circuit,6,0000000000010001000011010,63,9,5,2,3,False,-0.00446968699460865,0.06349470140386552,349589,9,0.0649674421389031,1788488,9,0.07195717923983644,3961816,9,0.09259166858331323,12744773,9,0.17791297944077428,24488818,8,0.19372707677346676,10666219,8,0.20786159865488665,5722218,7,0.27398195029711414,1508489,6,-2.109372742814484,-1.6778344419883862,-1.4288150717055932,-0.9422174741816928
5,circuit,6,0000000000010001000011110,63,0,6,2,4,False,,0.0,0,0,0.0,0,0,0.0,0,0,0.0,0,0,0.0,0,0,0.0,0,0,0.0,0,0,0.0,0,0,,,,
5,circuit,6,0000000000010001000110100,63,11,5,2,2,False,-0.07835848445618313,0.00065040526368748,3581,10,0.008667081816916706,238596,11,0.024500959143660354,1348973,11,0.05718100519538236,7870675,11,0.2699366001307088,37155402,11,0.33597344776642407,18498015,11,0.36039804742500275,9921391,11,0.48048447845062214,2645450,9,-9.52893517855967,-5.37790106099902,-3.7774370873376912,-2.239012715320534
5,circuit,6,0000000000010001000111000,63,7,5,2,2,False,-0.09319085462137487,0.00422536388004064,23264,7,0.013222098348762463,363991,7,0.028090285280602534,1546594,7,0.05461174949846679,7517030,7,0.10613214707718856,14608551,6,0.11350353709936294,6249274,6,0.11846461007764872,3261210,5,0.14302452487805126,787464,4,-5.081043152768305,-3.163433079126287,-2.01459407533829,-0.9585784303218688
5,circuit,6,0000000000010001000111100,63,1,6,2,3,False,-0.04350717418518614,1.4348510424828516e-05,79,1,0.0012992485848281605,35767,1,0.004105654682091694,226049,1,0.008936217785062931,1230025,1,0.022827722063206386,3142120,1,0.024721090773293538,1361093,1,0.02629694139423468,723928,1,0.029639487253162438,163189,1,-11.012403801849285,-4.339145616245855,-2.5900582053072796,-1.353050651471715
5,circuit,6,0000000000010001010010100,63,10,5,2,2,False,0.09398290900984423,0.11274224008944753,620736,10,0.15037915122854675,4139786,10,0.1737021455950235,9563687,10,0.18469888050065517,25422863,10,0.12479075054284058,17176813,9,0.08116976059068799,4469042,8,0.07730351515735363,2128087,6,0.015241935000509464,83919,5,2.886910164766698,0.9599986404579608,1.0976013111250724,0.56566411587315
5,circuit,6,0000000000010001010011000,63,10,5,2,2,False,-0.12137982237845457,0.004256785301603873,23437,7,0.022387127983523113,616295,10,0.05248203225520477,2889554,10,0.08986164415131856,12368999,10,0.18013830673781273,24795123,10,0.17488842259649726,9629001,10,0.14915924421612264,4106202,9,0.07261564492842726,399807,8,-4.09244417590049,-2.736112028522326,-1.7365392962909574,-1.0033276421380242
5,circuit,6,0000000000010001010011010,63,0,6,2,3,False,,0.0,0,0,0.0,0,0,0.0,0,0,0.0,0,0,0.0,0,0,0.0,0,0,0.0,0,0,0.0,0,0,,,,
5,circuit,6,0000000000010001010011100,63,5,6,2,3,False,0.015945655527687886,0.05993499943150839,329990,5,0.04668678533744919,1285240,5,0.05318233054264426,2928111,5,0.08104115166704079,11154903,5,0.04286668158282426,5900381,4,0.03411023149474444,1878040,4,0.03433610564808047,945238,3,0.013863206362312305,76328,2,2.1121377493191558,0.44328783366132646,0.6407424539244593,0.9187979374266014
5,circuit,6,0000000000010001010111000,63,0,6,2,3,False,,0.0,0,0,0.0,0,0,0.0,0,0,0.0,0,0,0.0,0,0,0.0,0,0,0.0,0,0,0.0,0,0,,,,
5,circuit,6,0000000000010011000111000,63,10,6,2,2,False,-0.042259972463934085,0.0012559487289580912,6915,9,0.010147012663632507,279337,10,0.025149039738426957,1384655,10,0.060570821493872475,8337266,10,0.21317708482683498,29342743,10,0.24896362410184888,13707431,10,0.2553323350399348,7029039,10,0.2902513478066845,1598065,8,-7.852381385230323,-4.65324929314499,-3.3073597465322657,-1.8153574827044525
5,circuit,6,0000000000010011010011000,63,0,6,2,2,False,,0.0,0,0,0.0,0,0,0.0,0,0,0.0,0,0,0.0,0,0,0.0,0,0,0.0,0,0,0.0,0,0,,,,
5,circuit,6,0000000001000010010010000,63,58,4,2,1,False,-0.06914988655592401,0.8675038568432768,4776301,53,0.7875547118711842,21680585,58,0.8034516784827889,44236416,58,0.8534094995527696,117467484,58,0.920524085302065,126705465,49,0.9896910105670992,54490375,45,0.9970285133329126,27447179,40,0.9998080205281815,5504740,35,-0.2047809286698018,-0.3402546120352186,-0.30076691522493226,-0.10921730016237367
5,circuit,6,0000000001000010110010000,63,15,5,2,2,False,0.3212133178937299,0.592889350462912,3264329,14,0.33044773275182754,9096892,15,0.25742492453453647,14173293,15,0.2896023872206488,39862298,15,0.1567910449816016,21581491,9,0.17390139014758754,9574657,9,0.17661928714324732,4862149,8,0.1597639724094441,879628,6,1.8918207732761492,0.9037792007835023,0.565882280289017,0.8852303315270604
5,circuit,6,0000000001000011000000010,63,58,4,2,1,False,0.30458351848272486,0.8661242203219225,4768705,53,0.7913427187609396,21784865,58,0.8271640687350479,45541972,58,0.8792166847971333,121019712,58,0.9594360695662719,132061502,50,0.966230845392457,53198706,45,0.9671016518918735,26623323,39,0.96654889382954,5321622,35,-0.1582687620110664,-0.28936489930674186,-0.22419439162802754,-0.12596791361818474
5,circuit,6,0000000001000011000010000,63,54,4,2,1,False,-0.29671020333133763,0.8050355280015722,4432363,49,0.752425052732594,20713501,54,0.7952916060267899,43787139,54,0.8307763507614179,114352146,54,0.8536191393505903,117496339,47,0.8344105767653934,45940950,42,0.8316673254269745,22894954,36,0.785399824948141,4324252,31,0.035625177508071385,-0.14445866687009817,-0.06927350123161502,-0.03913237540528161
5,circuit,6,0000000001000011000010010,63,11,5,2,2,False,-0.018520662817924,0.016382547997583638,90199,10,0.07693093996296049,2117831,11,0.14187073053387533,7811114,11,0.15267371795960624,21014762,11,0.13688720123570705,18841828,10,0.10185752045657624,5608068,8,0.08083107035454745,2225197,7,0.033966744505836304,187014,5,-1.0519631932535196,-0.07134601607802844,0.47802447362256667,0.15746416764422394
5,circuit,6,0000000001000011010010000,63,19,5,2,2,False,0.0373413184218043,0.22010142762229926,1211834,18,0.3034973787086769,8354976,19,0.3318780005080827,18272528,19,0.31125336392722136,42842445,19,0.3396294804077805,46748273,18,0.33924067701228416,18677902,15,0.34176826232689106,9408532,14,0.3328090374563392,1832379,12,-0.5965261076403555,-0.1713343739948666,-0.0316561687706765,-0.1258722632188796
5,circuit,6,0000000001000011110010000,63,1,6,2,3,False,-0.05252870702311037,5.44880142715007e-07,3,1,0.000444803839327336,12245,1,0.001732392334791439,95382,1,0.004141932675148016,570116,1,0.03294159324629203,4534243,1,0.044799837959872364,2466588,1,0.05397308385660915,1485824,1,0.09589819602865852,527996,1,-17.425205235782084,-6.922927069866617,-4.692655914850987,-2.991534325199751
5,circuit,6,0000000001000100100110000,63,15,5,2,2,False,0.25175141733428,0.13698486577240937,754211,13,0.22798541566491962,6276208,15,0.23142712479739763,12741907,15,0.22137911487937056,30471711,15,0.2359825103899039,32481794,13,0.17371046410049976,9564145,11,0.15093406472255547,4155061,9,0.15051808121512653,828722,7,-0.1359202917759903,0.595023089046718,0.4138733049985834,-0.09216081634637391
5,circuit,6,0000000001000101000010000,63,58,4,2,1,False,-0.32225922722775807,0.48745122868655916,2683808,53,0.7251397426908776,19962364,58,0.7869101487165336,43325673,58,0.8218125402403148,113118323,58,0.9993316571412032,137552927,53,1.0,55057967,48,1.0,27528981,41,1.0,5505797,36,-1.0366702158239207,-0.46366904919429164,-0.3457291801220853,-0.2821542124895306
5,circuit,6,0000000001000101000010010,63,17,5,2,2,False,0.17367768695190366,0.1374781639282807,756927,15,0.2512928462429187,6917838,17,0.27995345342119154,15413668,17,0.2633051657365173,36242619,17,0.24877045045490637,34241989,15,0.18622507438387617,10253174,12,0.16264150859779372,4477355,10,0.15054695986793556,828881,8,-0.13101108547427714,0.6276740992129889,0.5881396383190103,0.08192069673410474
5,circuit,6,0000000001000101000010100,63,11,5,2,2,False,0.1319332648470113,0.20486893997927275,1127967,11,0.30021218723288384,8264538,11,0.27700615970800374,15251396,11,0.20667840546998167,28448233,11,0.18662470662466363,25687943,11,0.16371556181869193,9013846,8,0.1620499501961224,4461070,7,0.18004913730019467,991314,6,0.18631058813767468,0.8895439676622809,0.7587265951730697,0.1472476660484211
5,circuit,6,0000000001000101000010110,63,0,6,2,3,False,,0.0,0,0,0.0,0,0,0.0,0,0,0.0,0,0,0.0,0,0,0.0,0,0,0.0,0,0,0.0,0,0,,,,
5,circuit,6,0000000001000110100010000,63,15,5,2,2,False,0.14698430048586766,0.11468891521265401,631454,14,0.1186067167232331,3265123,15,0.14803754014382697,8150646,15,0.19441621682200524,26760405,15,0.2870502573792752,39511010,14,0.3278022597528892,18048126,13,0.3516968899066769,9681857,13,0.3913640477482188,2154771,11,-1.770785270058569,-1.5681468647926606,-1.1468627313997495,-0.5621547858288652
5,circuit,6,0000000001000111000000010,63,36,5,2,2,False,0.02457246311480411,0.2850843783226337,1569617,32,0.36861182951542465,10147511,36,0.37214966546076794,20489804,36,0.4236308913742564,58310641,36,0.614963671634495,84646626,32,0.6068974540959713,33414540,31,0.5993680623340181,16499992,26,0.5889071100877856,3242403,21,-1.0466511052638734,-0.7013398403018068,-0.7055698295379115,-0.5376933919960627
5,circuit,6,0000000001000111000010000,63,15,5,2,2,False,0.09668626056166779,0.356247541228356,1961427,14,0.27764917193290317,7643401,15,0.24989791214049004,13758871,15,0.2969136776436983,40868660,15,0.23878718343701183,32867843,10,0.25497659584851723,14038493,10,0.2770518821601134,7626956,8,0.33005212506018655,1817200,7,0.11018616993778135,0.0031069251441109835,-0.029025981059001466,0.3143181500606
5,circuit,6,0000000001000111000010010,63,1,6,2,2,False,-0.045502549437321974,1.634640428145021e-06,9,1,0.0004963858280447568,13665,1,0.0024364866214548024,134148,1,0.007252624982416714,998287,1,0.03435714856489329,4729087,1,0.044362825819558506,2442527,1,0.050782409999120565,1397988,1,0.09376571638947095,516255,1,-15.80779958432423,-6.676723126176598,-4.18647705914803,-2.24403514919783
5,circuit,6,0000000001000111100010000,63,0,6,2,2,False,,0.0,0,0,0.0,0,0,0.0,0,0,0.0,0,0,0.0,0,0,0.0,0,0,0.0,0,0,0.0,0,0,,,,
5,circuit,6,0000000001010000110010000,63,36,5,2,2,False,0.11678543616818476,0.3830914247126393,2109224,34,0.5436176025207464,14965243,36,0.5440266619361372,29953002,36,0.527017560444402,72541291,36,0.5212626334392679,71749154,31,0.5184584094795944,28545266,27,0.5086629614078342,14002973,24,0.44947861317807397,2474738,19,-0.2305637397208721,0.09588212447350918,0.06944909626531348,0.015840589397585765
5,circuit,6,0000000001010000110110000,63,0,6,2,3,False,,0.0,0,0,0.0,0,0,0.0,0,0,0.0,0,0,0.0,0,0,0.0,0,0,0.0,0,0,0.0,0,0,,,,
5,circuit,6,0000000001010001000010000,63,63,4,2,1,False,-0.17376085693665422,1.0,5505798,58,1.0,27528989,63,1.0,55057967,63,1.0,137644922,63,1.0,137644921,54,1.0,55057967,48,1.0,27528981,41,1.0,5505797,36,0.0,0.0,0.0,0.0
5,circuit,6,0000000001010001000010010,63,10,5,2,2,False,0.27576669933312276,0.12724095580695113,700563,9,0.23244220846613728,6398899,10,0.25092370373936984,13815349,10,0.20975033862854744,28871069,10,0.16897557011929268,23258629,10,0.09475920169736743,5217249,7,0.08053062334562983,2216926,5,0.09468057031525136,521292,4,0.4264228128594647,1.5292626613869869,1.4049108130031454,0.311858457886905
5,circuit,6,0000000001010001000110000,63,11,5,2,2,False,0.13455159584279028,0.07194706380437495,396126,8,0.12272176068652575,3378406,11,0.13984537423984433,7699602,11,0.1493152359082306,20552484,11,0.2433382703601537,33494277,10,0.2105034862620336,11589894,9,0.21089934276898953,5805844,7,0.17043000314032647,938353,7,-1.2441716192222927,-0.7811635128137452,-0.5900115931396299,-0.7046018505576376
5,circuit,6,0000000001010001010010000,63,14,5,2,2,False,0.07110291068664301,0.3703099895782591,2038852,12,0.2812201712166037,7741707,14,0.25586714816404316,14087525,14,0.2540604149566811,34970126,14,0.2148333028575751,29570713,11,0.22528461684754905,12403713,10,0.235650059114066,6487206,9,0.15357376961046693,845546,9,1.2698016436656456,0.2550540357528207,0.1836461205993451,0.24195395400289876
5,circuit,6,0000000001010001010110000,63,2,6,2,3,False,-0.07073747340659951,9.081335711916783e-07,5,2,0.0008527011289807991,23474,2,0.003334521959374199,183592,2,0.007796807789247758,1073191,2,0.06840975992132685,9416256,2,0.09320583885707222,5131724,2,0.11229772725695876,3091442,2,0.19262933232009824,1060578,2,-17.694491463961576,-7.041072847884458,-4.804868479943749,-3.133246692953839
5,circuit,6,0000000001010001100010000,63,17,5,2,2,False,-0.043391973963324,0.04983837038699931,274400,17,0.1324479079126371,3646157,17,0.1885818813469811,10382935,17,0.20259160014635338,27885705,17,0.3105884451777193,42750922,17,0.33063311255208533,18203987,15,0.335834406656752,9245179,15,0.3797281301871464,2090706,12,-2.929638076425891,-1.3423249880378842,-0.810040145446673,-0.6164297997861644
5,circuit,6,0000000001010001100110000,63,0,6,2,3,False,,0.0,0,0,0.0,0,0,0.0,0,0,0.0,0,0,0.0,0,0,0.0,0,0,0.0,0,0,0.0,0,0,,,,
5,circuit,6,0000000001010001110010000,63,3,6,2,3,False,0.1257049941838904,0.059179977180419625,325833,2,0.04196812313013021,1155340,3,0.03664283499606878,2017480,3,0.054004062714351354,7433385,3,0.05799841317791886,7983187,2,0.07235846539702419,3983910,2,0.08294785775034681,2283470,2,0.08379313657949976,461348,2,-0.5017229386758466,-0.9829107765146726,-0.9816306844128458,-0.1029454839994176
5,circuit,6,0000000001010010110010000,63,4,6,2,2,False,0.03498737389699052,0.045267734123191586,249235,4,0.10058160871799542,2768910,4,0.12271635456499874,6756513,4,0.09447944617964185,13004616,4,0.06987835751672959,9618401,4,0.06111687705432349,3364971,2,0.06388224104626321,1758613,2,0.09395733260779503,517310,2,-1.0535226624055662,0.6548797036197657,1.0056847999762044,0.4351548096971785
5,circuit,6,0000000001010011000010000,63,31,5,2,2,False,-0.023154487788246806,0.2824767635863139,1555260,27,0.4141569092856988,11401321,31,0.4366954922254939,24043566,31,0.45213622918831686,62234256,31,0.5644902437046696,77699215,27,0.5604525499461323,30857378,24,0.5580086673022877,15361410,22,0.5710428481108185,3144046,19,-1.0154668050940594,-0.4301100739719077,-0.3599645951035147,-0.32019112269148603
5,circuit,6,0000000001010011000010010,63,6,6,2,2,False,0.3474136766987304,0.1324977777971513,729506,6,0.21294167395686053,5862069,6,0.19898480813866593,10955699,6,0.15384312542964715,21175725,6,0.11383306326282827,15668543,6,0.05467181525245929,3010119,4,0.053753896666207876,1479790,2,0.09395769586128948,517312,2,0.4958849240716137,1.9860170756443953,1.8637891069344024,0.43454032245267643
5,circuit,6,0000000001010011010010000,63,2,6,2,2,False,0.10279344232566483,0.0018493232043747337,10182,2,0.005329073290704573,146704,2,0.009755372914513897,537111,2,0.01994589382672613,2745451,2,0.0207351348619685,2854086,2,0.027075663727285825,1490731,2,0.024785915613803503,682331,2,0.003412403326893454,18788,1,-0.8837907900259518,-2.2175639745116955,-1.4727277759042832,-0.05598565486473131
5,circuit,6,0000000001010011100010000,63,3,6,2,2,False,0.21448353536557835,0.09119967714035276,502127,3,0.11225479439146857,3090261,3,0.10594891743823379,5833332,3,0.08003406039199906,11016282,3,0.05634064768724739,7755004,3,0.04329046512015237,2383485,1,0.049579059973196976,1364861,1,0.07211780601427913,397066,1,0.33867320964357034,1.1789742405778083,1.2912476403498325,0.5064379548568093
5,circuit,6,0000000001010011110010000,63,0,7,2,3,False,,0.0,0,0,0.0,0,0,0.0,0,0,0.0,0,0,0.0,0,0,0.0,0,0,0.0,0,0,0.0,0,0,,,,
5,circuit,6,0000000001010101000010000,63,25,5,2,2,False,-0.1298237363830121,0.05843040373075801,321706,23,0.14557272698971982,4007470,25,0.22193351236524952,12219208,25,0.2664425862364904,36674469,25,0.4985001807658417,68616018,25,0.4809463633119617,26479929,24,0.4652112259440333,12806791,21,0.48027724233203656,2644309,18,-3.0390762860222504,-1.6761458183597464,-1.1157484753994937,-0.9037693370980133
5,circuit,6,0000000001010101000010010,63,4,6,2,2,False,-0.027048082990216014,0.0011754880945505084,6472,4,0.027170630930180545,747980,4,0.05766878388372022,3175126,4,0.05839770827143191,8038148,4,0.042801027144328846,5891344,4,0.03522759930456568,1939560,3,0.025453394006846822,700706,3,0.0006171676870760037,3398,2,0.9295254932137734,0.09419002582976273,0.7110844380422146,0.4482663348447834
5,circuit,6,0000000001010101000110000,63,3,6,2,2,False,0.2488861347645907,0.021881841651291964,120477,3,0.03692394951372897,1016479,3,0.04923040474778155,2710526,3,0.055838674528073035,7685910,3,0.06892781027496103,9487563,3,0.025450776270035544,1401268,3,0.02629694139423468,723928,1,0.029639487253162438,163189,1,-0.43778632459565864,0.489661867955519,0.9518399403575112,-0.30382148801158365
5,circuit,6,0000000001010101100010000,63,1,6,2,2,False,-0.050240022280082605,3.632534284766713e-07,2,1,0.0004078972896534631,11229,1,0.0016021296245827602,88210,1,0.0036548751140997415,503075,1,0.035468166675034815,4882013,1,0.048406000897199854,2665136,1,0.05832464340034962,1605618,1,0.09673113629143973,532582,1,-18.022644406193503,-7.159755850387997,-4.91712312696533,-3.2786307445833383
5,circuit,6,0000000001010111000010000,63,2,6,2,3,False,-0.11879601262694095,1.4711763853305188e-05,81,2,0.0024183234625870203,66574,2,0.009614158110850696,529336,2,0.019466101335725267,2679410,2,0.03095373929561847,4260625,2,0.027449233641336595,1511299,2,0.026328435476779908,724795,2,0.029639487253162438,163189,1,-10.976334547141764,-3.444542664070974,-1.5135334361985104,-0.6691497309311215
5,circuit,6,0000000001010111000010010,63,0,7,2,3,False,,0.0,0,0,0.0,0,0,0.0,0,0,0.0,0,0,0.0,0,0,0.0,0,0,0.0,0,0,0.0,0,0,,,,
5,circuit,6,0000000001100001000000110,63,11,5,2,2,False,0.06959702424284483,0.29333132090933955,1615023,10,0.16021758009347892,4410628,11,0.129532189228854,7131779,11,0.16558747441478444,22792275,11,0.1893965342898486,26069471,8,0.21761460970761962,11981418,8,0.23145963884387874,6371848,7,0.23415392903152804,1289204,6,0.3250738791101246,-0.5307281849687728,-0.7484647586436899,-0.19381638487423608
5,circuit,6,0000000001100001010000110,63,2,6,2,2,False,-0.1299961627580154,0.0020779912376007984,11441,2,0.024668686525320636,679104,2,0.04633692704272935,2551217,2,0.039479596639242526,5434166,2,0.03532851023249888,4862790,2,0.044362825819558506,2442527,1,0.050782409999120565,1397988,1,0.09376571638947095,516255,1,-5.495799049905884,-1.0416479611650917,0.06281110609989951,0.16027433641542824
5,circuit,6,0000000011000111000010000,63,4,6,2,2,False,0.3715698374452586,0.29893886408473397,1645897,4,0.1623565616594202,4469512,4,0.1227133395608305,6756347,4,0.11520201958485617,15856973,4,0.037777049543295534,5199819,2,0.010895680183759781,599894,2,0.008412334622919751,231583,1,0.0,0,0,,4.270515644033266,3.493463918388881,1.6085840745004212
5,circuit,6,0000000011010011000010000,63,10,6,2,2,False,-0.007592977348947223,0.0048968378425797675,26961,9,0.017506491066562598,481936,10,0.035570183693851246,1958422,10,0.07601782795881129,10463468,10,0.1714927498123959,23605106,9,0.195894338052838,10785544,9,0.2028847344549368,5585210,8,0.18940345966260652,1042817,7,-5.273468450840606,-3.534698467625039,-2.4613353699057767,-1.173737875881189
5,circuit,6,0000000011010011000010010,63,0,7,2,2,False,,0.0,0,0,0.0,0,0,0.0,0,0,0.0,0,0,0.0,0,0,0.0,0,0,0.0,0,0,0.0,0,0,,,,
5,circuit,6,0000000001000100100010000,63,62,4,1,1,True,0.18197546316345944,1.0,5505798,58,0.9997208760554193,27521305,62,0.9983827227038732,54968923,62,0.995102412859081,136970794,62,0.974507217741801,134135969,53,0.9699101857502294,53401283,47,0.9719434584229616,26756613,40,0.9773774804991903,5381242,35,0.03301223068176186,0.04065295862665521,0.04174180908808564,0.03017214008003089
5,circuit,7,0000000000000000000011110,82,1,4,1,4,False,0.15201200309217586,0.025436469618651127,208579,1,0.059531905343019775,2440808,1,0.05613396341463415,4602985,1,0.03457308242088172,7087482,1,0.0,0,0,0.0,0,0,0.0,0,0,0.0,0,0,,,,
5,circuit,7,0000000000000000000111100,82,2,4,1,3,False,0.00036227590628494353,1.2195124925640226e-06,10,1,0.0007013414976264145,28755,2,0.003471512195121951,284664,2,0.025569760601418138,5241801,2,0.03972430243902439,8143482,2,0.04351579374428765,3568295,2,0.05177277922505417,2122684,2,0.05743852958066713,470996,2,-15.523426659333007,-6.2059328623979715,-3.6479029671690797,-0.6355832326758513
5,circuit,7,0000000000000000010011010,82,20,4,1,3,False,0.05835941811919946,0.2936760472380603,2408143,13,0.21613927883606238,8861710,20,0.2252700731707317,18472146,20,0.23673299165756598,48530264,20,0.25295879512195124,51856553,17,0.26261455518572085,21534393,17,0.2584072375998235,10594697,17,0.23728021496582744,1945698,15,0.30763379165712534,-0.2576852023679047,-0.22129121238992258,-0.09564162366411222
5,circuit,7,0000000000000000010011100,82,18,4,2,3,False,0.016268599715285503,0.03271500797927024,268263,11,0.10186378545677002,4176415,18,0.14770841463414633,12112090,18,0.18131550954172426,37169680,18,0.2532833317073171,51923083,16,0.26809432361205665,21983734,16,0.26927509099329044,11040279,16,0.24254155578761516,1988841,14,-2.890207424527794,-1.4024395443336655,-0.8599886576062783,-0.48224980102117504
5,circuit,7,0000000000000000010011110,82,2,5,2,4,False,0.14006581725735537,0.025436469618651127,208579,1,0.059752417548898415,2449849,2,0.058302890243902436,4780837,2,0.03951763844608334,8101116,2,0.016499678048780487,3382434,1,0.016963841877166874,1391035,1,0.018314706870373003,750903,1,0.002714267961674639,22257,1,3.2282633892106207,1.705994474215707,1.7811044632835416,1.2600588607294856
5,circuit,7,0000000000000000010111000,82,18,4,1,2,False,-0.15061295100359887,0.04842842644595767,397113,9,0.10030620001493659,4112554,18,0.12311873170731708,10095736,18,0.157819226958743,32352942,18,0.30106454146341466,61718231,17,0.3041359098569734,24939144,17,0.29156167581556885,11954029,17,0.2876800868682821,2358977,16,-2.5705393293614383,-1.5393903148076646,-1.3046658928364854,-0.931799823341644
5,circuit,7,0000000000000000010111100,82,2,5,2,3,False,-0.15926648127846169,0.0,0,0,9.92195170350984e-05,4068,2,0.0010977439024390243,90015,2,0.017146365602736115,3515005,2,0.048049936585365854,9850237,2,0.0493136963247243,4043723,2,0.04819970614147058,1976188,2,0.05194987171343028,425989,2,,-8.924184700756385,-5.489374968622386,-1.4866317163307718
5,circuit,7,0000000000000000110010100,82,34,4,2,2,False,0.03145267976675848,0.07324928615836247,600644,25,0.16597283736452864,6804886,34,0.2402215487804878,19698167,34,0.31264468810763874,64092162,34,0.42542136097560973,87211379,29,0.4035608147209955,33091986,29,0.384284966236952,15755684,28,0.3677465405187146,3015522,25,-2.3278251646459682,-1.2112293836810932,-0.7484205252142776,-0.44436846896938575
5,circuit,7,0000000000000000110010110,82,4,5,2,3,False,0.054072631790535404,4.817074345627889e-05,395,2,0.0006790488136121372,27841,4,0.0033258658536585366,272721,4,0.016003302204829723,3280677,4,0.07814406829268293,16019534,4,0.08697685577992331,7132102,4,0.0874105588436449,3583833,4,0.07747291738135154,635278,4,-10.651319162298359,-7.008148465050066,-4.708829671334145,-2.2877667372087234
5,circuit,7,0000000000000000110011100,82,6,5,2,3,False,0.17270103815595936,0.2612045759035551,2141877,5,0.11689822521454757,4792827,6,0.08789496341463415,7207387,6,0.08833173529270631,18108006,6,0.06734523902439024,13805774,5,0.07706296529421866,6319163,5,0.08487346134454972,3479812,5,0.0610777974295369,500838,5,2.09646022879011,0.4618676062353952,0.18974279765310606,0.39135589589020875
5,circuit,7,0000000000000010000111000,82,16,4,2,2,False,0.12561933176409512,0.2960497063535869,2427607,10,0.16649971543901051,6826488,16,0.14934779268292683,12246519,16,0.17091490969392814,35037557,16,0.21715230731707316,44516223,15,0.21642217601029698,17746618,15,0.21946153123264558,8997923,15,0.25986204148023884,2130869,15,0.188093510659347,-0.39844836452425986,-0.5351724193744765,-0.34542902656862123
5,circuit,7,0000000000000010010011000,82,28,4,1,2,False,0.21182231814090122,0.4915513394027657,4030720,18,0.3640996762975452,14928086,28,0.33283192682926827,27292218,28,0.32542325865234256,66711769,28,0.4169789756097561,85480690,24,0.458227523371403,37574656,21,0.47738589079546606,19572822,19,0.49899164646443334,4091732,19,-0.021673559116562435,-0.3908224698464183,-0.4612702861978408,-0.3576572767454644
5,circuit,7,0000000000000010010111000,82,13,5,2,2,False,-0.002193815444760387,0.09583099898317049,785814,7,0.09870288286355526,4046818,13,0.10573389024390244,8670179,13,0.10766635452195579,22071603,13,0.24216626341463415,49644084,13,0.2839704947309877,23285580,11,0.2923666514056914,11987033,10,0.2814892339647276,2308212,10,-1.5545154319188559,-1.5666146327783264,-1.4253031686157327,-1.1694304132185454
5,circuit,7,0000000000000010100010010,82,35,4,1,2,False,-0.01306670778305987,0.6096561243063717,4999179,25,0.5310967820047211,21774967,35,0.5124099024390244,42017612,35,0.48144259783254734,98695734,35,0.41706536585365855,85498400,29,0.43890029119269003,35989823,26,0.4360129161948069,17876530,25,0.4839438434214825,3968340,23,0.3331560742744855,0.2846039147511045,0.22340512899389212,0.20709028427904153
5,circuit,7,0000000000000010100011000,82,40,4,2,2,False,-0.02213478185563288,0.35872935578764775,2941580,26,0.4267866549652027,17498252,40,0.44881034146341464,36802448,40,0.455582671381717,93394449,40,0.5557696,113932768,36,0.5753834164727663,47181439,33,0.5854777905981027,24004590,31,0.6311538254690456,5175462,30,-0.8150958534635933,-0.4560993790807891,-0.3584177219250435,-0.28677404932693146
5,circuit,7,0000000000000010100011010,82,3,5,2,3,False,0.19786040305442343,0.02754476281579581,225867,3,0.029390123384884066,1204995,3,0.0329985487804878,2705881,3,0.04055946769912974,8314691,3,0.01245889756097561,2554074,2,0.008999548999989,737963,2,0.003467243817872102,142157,2,0.001737560763712102,14248,2,3.986642704222781,3.083470219617053,1.8744779689253737,1.7028623030134367
5,circuit,7,0000000000000010100110000,82,63,4,2,2,False,-0.18465405575868538,0.7650244548840134,6273199,43,0.7463888900677508,30601943,63,0.7601968170731708,62336139,63,0.7411533257392197,151936434,63,0.790686112195122,162090653,51,0.8159659345357545,66909205,49,0.8125881021319975,33316113,48,0.8415375803002951,6900609,44,-0.13752183306507668,-0.12259672890417,-0.10213593822373454,-0.09333305477052807
5,circuit,7,0000000000000010100111000,82,14,5,2,2,False,-0.041034733014653275,0.18248467865479967,1496374,8,0.23043971855803505,9448028,14,0.2387273780487805,19575645,14,0.2376163526202485,48711353,14,0.16653171707317074,34139002,11,0.17561515062475977,14400442,9,0.17604794692565984,7217966,9,0.19764009784876854,1620649,8,-0.11510033421320623,0.38842099836673943,0.4429467149126791,0.5128371506631105
5,circuit,7,0000000000000010110010000,82,73,4,1,2,False,-0.08515701731434734,0.7964256820550444,6530689,52,0.780613086859175,32005135,73,0.8089676463414635,66335347,73,0.8256867879167787,169265794,73,0.9038951853658537,185298513,61,0.9195387053546026,75402172,58,0.9113063680169179,37363562,56,0.9063700114182913,7432235,51,-0.18656038438465694,-0.22332849923224868,-0.18482829703248405,-0.1305608687312663
5,circuit,7,0000000000000010110011000,82,5,5,2,2,False,0.09814424057613506,0.0004018293662998454,3295,4,0.0025457806119892983,104377,5,0.006623487804878049,543126,5,0.03043990687161112,6240181,5,0.06755704878048781,13849195,5,0.0730337456837499,5988767,5,0.0767395834941565,3146323,5,0.08146352665078943,668001,5,-7.6634274591469325,-4.913790932279287,-3.462900205531509,-1.150142360558529
5,circuit,7,0000000000000010110110000,82,12,5,2,3,False,0.11156263889218156,0.08862038746838719,726687,10,0.18729296035575416,7679011,12,0.21661136585365853,17762132,12,0.18734804116076037,38406349,12,0.10322820487804878,21161782,8,0.10119379515106817,8297891,8,0.09425063184754556,3864276,7,0.0476518234570947,390745,6,0.8951072128908963,0.990722479850165,1.0979881131019358,0.8598836835889401
5,circuit,7,0000000000000010110111000,82,0,6,2,3,False,,0.0,0,0,0.0,0,0,0.0,0,0,0.0,0,0,0.0,0,0,0.0,0,0,0.0,0,0,0.0,0,0,,,,
5,circuit,7,0000000000000011100001000,82,54,4,2,2,False,-0.13293801022974674,0.8294597145023694,6801568,34,0.7703105009907562,31582729,54,0.7349957195121951,60269649,54,0.7028865897138548,144091753,54,0.698381112195122,143168128,42,0.7483748475213378,61366736,42,0.7609044204657458,31197082,40,0.8103491694696134,6644864,36,0.03362823207509278,0.017724848721026792,-0.026025223216868364,0.009277388558445305
5,circuit,7,0000000000000011100001010,82,2,5,2,2,False,-0.0247209469167818,0.0001726829689470656,1416,1,0.0009343171187471765,38307,2,0.002329890243902439,191051,2,0.008995619380551911,1844102,2,0.02454850243902439,5032443,1,0.03189161053394172,2615112,1,0.03834068199169068,1571968,1,0.0797416975924759,653882,1,-8.851064706001123,-5.358819887669213,-3.7748430565283693,-1.448340492092962
5,circuit,7,0000000000000011100011000,82,3,5,2,2,False,0.24499960944301424,0.26075725872128264,2138209,3,0.11427007874488189,4685073,3,0.07972804878048781,6537700,3,0.0632536137084837,12966991,3,0.02894633170731707,5933998,2,0.03586462282596641,2940899,2,0.04100319412187332,1681131,2,0.03220463021894753,264078,2,3.0173673819590103,1.478639483697408,1.1525259032289374,1.1277673731623918
5,circuit,7,0000000000000011100101000,82,15,5,2,3,False,0.22372442951386748,0.09231721763834577,757001,12,0.19441310704454182,7970937,15,0.22802108536585367,18697729,15,0.20736192379470356,42509195,15,0.13981239024390243,28661540,10,0.1439817596093112,11806504,10,0.1415356306942529,5802961,9,0.10613108461816041,870275,9,-0.201175619367373,0.45796019851650777,0.6632811833828438,0.5686587892274857
5,circuit,7,0000000000000011110001000,82,10,5,2,3,False,0.17051579341997708,0.2929350714475784,2402067,8,0.2097966443803241,8601662,10,0.20120401219512196,16498729,10,0.17572612425766648,36023856,10,0.09012841463414634,18476325,7,0.09108139246539981,7468674,7,0.09672004642146229,3965522,7,0.10594071878771723,868714,6,1.4673237270238253,1.1171047605951094,1.143430821226485,0.9632747660914731
5,circuit,7,0000000000000011110101000,82,1,6,2,4,False,0.08087121398312973,4.7926840957766086e-05,393,1,0.0005580731979547901,22881,1,0.0014479390243902438,118731,1,0.004374204814036027,896712,1,0.013745156097560976,2817757,1,0.014421597912721901,1182571,1,0.015578414254185019,638715,1,0.010655242603019194,87373,1,-7.796513876523222,-4.802950215834044,-3.31615826997509,-1.6518306123806685
5,circuit,7,0000000000000110100010000,82,64,4,1,2,False,-0.07008867870612581,0.7640542107449294,6265243,45,0.7458887924823802,30581439,64,0.7651292195121951,62740596,64,0.7713246618830537,158121558,64,0.792327956097561,162427231,52,0.8112797758848725,66524940,50,0.8053691754788006,33020137,49,0.7880658795041611,6462141,45,-0.04464123571611023,-0.11068970656067317,-0.08449610521456112,-0.03875946692740551
5,circuit,7,0000000000000110100010010,82,24,5,2,2,False,-0.09200799599561732,0.1797288243241035,1473776,13,0.20979115657517836,8601437,24,0.21431218292682927,17573599,24,0.22780081617852463,46699168,24,0.4188476926829268,85863777,22,0.4860589508794866,39856833,20,0.5101967192634946,20918066,20,0.520617863339285,4269067,19,-1.5344030119237837,-1.2820997573582948,-1.1814174346878243,-0.878652810096307
5,circuit,7,0000000000000110100011000,82,14,5,2,2,False,-0.11032565350593858,7.853660452112306e-05,644,6,0.004019780683891741,164811,14,0.020448926829268292,1676812,14,0.06046558935904016,12395446,14,0.2755318,56484019,14,0.3155849955020731,25877969,14,0.32101623607277474,13161666,14,0.30086435355312763,2467088,14,-11.903460340280507,-6.3193856650783955,-3.947931577152765,-2.188032583359344
5,circuit,7,0000000000000110100111000,82,1,6,2,2,False,0.07687864844894327,0.0001726829689470656,1416,1,0.0009099268736549695,37307,1,0.0018801951219512196,154176,1,0.0029423609325508154,603184,1,0.0,0,0,0.0,0,0,0.0,0,0,0.0,0,0,,,,
5,circuit,7,0000000000000111100011000,82,1,6,2,2,False,0.06789349145154658,1.2195124925640226e-06,10,1,0.0006053171026983952,24818,1,0.002722329268292683,223231,1,0.011657351048916813,2389757,1,0.022223765853658536,4555872,1,0.029714269017421194,2436570,1,0.0364234137457704,1493360,1,0.03142024007070243,257646,1,-14.653102046301717,-5.911031219792783,-3.448242412691756,-0.9308633086396283
5,circuit,7,0000000000010000100010010,82,67,4,2,2,False,-0.23170197914748167,0.4020742444083523,3297008,47,0.5394200507034171,22116221,67,0.6296846951219512,51634145,67,0.7030457799554276,144124387,67,0.8987091024390244,184235366,57,0.946944084071807,77649413,55,0.9605542936450172,39382727,54,0.9800907341352764,8036745,50,-1.2854533915322521,-0.8324580132242588,-0.5886496365955363,-0.35423557855119653
5,circuit,7,0000000000010000100010110,82,6,5,2,3,False,0.0016659434511105383,0.02543768913114369,208589,2,0.06106571029588831,2503694,6,0.06614886585365853,5424207,6,0.0749077989037883,15356099,6,0.1099014,22529787,5,0.12729821042190756,10438453,5,0.1348545576864742,5529037,5,0.11886864404040927,974723,5,-2.2243286805205136,-1.1429698728817435,-0.9444238114520469,-0.5530219289841475
5,circuit,7,0000000000010000100110000,82,71,4,2,2,False,-0.17582440963121565,0.9055224159810771,7425282,50,0.8536232611523542,34998552,71,0.8425685853658537,69090624,71,0.8176529051075184,167618848,71,0.864545443902439,177231816,58,0.8737238993591195,71645358,56,0.861962613122863,35340468,53,0.8746061128529131,7171771,48,0.050116923341937264,-0.014025805031246522,-0.05238332675436476,-0.08045325268001585
5,circuit,7,0000000000010000100110100,82,4,5,2,2,False,0.11729456490527676,0.0903397781316532,740786,3,0.08780871160042496,3600157,4,0.08229163414634147,6747914,4,0.06685122828998202,13704502,4,0.03214777073170732,6590293,4,0.03693569602282185,3028727,2,0.04036658438130282,1655030,2,0.07990584391392147,655228,2,0.1770603521049135,1.121202559912608,1.1557300079044268,1.056235369715656
5,circuit,7,0000000000010000110010010,82,18,5,2,2,False,-0.05325922422496239,0.14932881690946753,1224496,10,0.14823420235288792,6077602,18,0.16218008536585365,13298767,18,0.20518162138758603,42062233,18,0.22154254146341462,45416221,15,0.21508352963618366,17636849,15,0.2045121657436057,8384999,14,0.1897414402754341,1555880,14,-0.3455422052602788,-0.46430830505546145,-0.4073003752301993,-0.1106822462544113
5,circuit,7,0000000000010000110010100,82,31,5,2,2,False,-0.03182034436507401,0.25684896508511346,2106161,18,0.306483014950391,12565803,31,0.3322530487804878,27244750,31,0.36220484835797784,74251995,31,0.40487263414634145,82998890,27,0.4299134129247174,35252899,26,0.42931172123629946,17601781,25,0.4057639749068323,3327265,23,-0.6597205227696555,-0.48621843924928154,-0.3717636840073752,-0.1606622748557661
5,circuit,7,0000000000010000110010110,82,1,6,2,3,False,-0.0036381432736963685,1.353658866746065e-05,111,1,0.0015456830022284392,63373,1,0.007026365853658537,576162,1,0.007869682811663179,1613285,1,0.015067448780487805,3088827,1,0.009221634371259375,756174,1,0.006835219345482455,280244,1,0.0010428047508774694,8551,1,-6.267461036890469,-2.144743162148617,-0.39224376768772173,-0.9370577665249924
5,circuit,7,0000000000010000110110000,82,16,5,2,3,False,0.18868607148854208,0.052841598254048355,433301,13,0.12363524993342682,5069045,16,0.16498032926829267,13528387,16,0.1637163000431761,33561842,16,0.17317721463414634,35501329,13,0.17052563830550338,13983102,13,0.16448248379311015,6743782,12,0.11285157160346687,925383,11,-1.0946805017515546,-0.41184382342095627,-0.04769464177520013,-0.08105115586904868
5,circuit,7,0000000000010000110110100,82,1,6,2,3,False,-0.003114607171098278,0.0,0,0,0.00012768293305770405,5235,1,0.0016290365853658536,133581,1,0.012475692500355719,2557517,1,0.022708765853658535,4655297,1,0.03023648854235338,2479392,1,0.033304535773060105,1365486,1,0.02241755824176119,183824,1,,-8.027009164516224,-4.214199694821231,-0.8641294036126651
5,circuit,7,0000000000010001000011000,82,49,4,2,2,False,0.09913816162494787,0.666067235626155,5461750,32,0.6454991534389831,26465464,49,0.6450681341463415,52895587,49,0.6215289470020154,127413436,49,0.6058351463414634,124196205,38,0.6410002839268362,52562022,37,0.6302323017016512,25839525,36,0.5887088306452646,4827413,33,0.1781135480782907,0.03453150383640696,0.009126554742684704,0.03689630902594479
5,circuit,7,0000000000010001000011010,82,10,5,2,3,False,0.1618093016156914,0.06595818681906995,540857,8,0.1387112994493317,5687163,10,0.14877110975609756,12199231,10,0.13400472974627226,27470970,10,0.10612081463414634,21754767,6,0.10501212451249084,8610994,6,0.10244997311097627,4200449,6,0.051055969383418366,418659,5,0.3694720912508838,0.4371657089666382,0.5025384844867099,0.3365762664951733
5,circuit,7,0000000000010001000011110,82,1,6,2,4,False,0.024281447063223854,0.00017475614018442443,1433,1,0.0009508049244295085,38983,1,0.0024969878048780488,204753,1,0.005231399923442928,1072437,1,0.013337341463414634,2734155,1,0.01621368332228496,1329522,1,0.016136194728385494,661584,1,0.01423207143511324,116703,1,-6.34765870020406,-4.085007213762645,-2.6989511900761527,-1.3502021536411415
5,circuit,7,0000000000010001000110100,82,25,5,2,2,False,-0.12037814613666015,0.14475149871987775,1186962,14,0.14701973887901165,6027809,25,0.16059068292682926,13168436,25,0.2115797969037103,43373859,25,0.4372020585365854,89626422,24,0.5017926341900643,41146995,22,0.5203174263337214,21333015,22,0.5208639608702487,4271085,20,-1.847328333356064,-1.8233821620958854,-1.6437030998992026,-1.0470983182893572
5,circuit,7,0000000000010001000111000,82,6,5,2,2,False,-0.13495386546482846,0.053397939853156065,437863,2,0.050816953698387984,2083495,6,0.051225670731707314,4200505,6,0.06506451612100708,13338226,6,0.09219392682926829,18899755,5,0.0912783436897157,7484824,5,0.08729177835873711,3578963,5,0.0613013339876422,502671,5,-0.1991343866195022,-0.7805358855675076,-0.8334056436154412,-0.5028007547186125
5,circuit,7,0000000000010001000111100,82,0,6,2,3,False,,0.0,0,0,0.0,0,0,0.0,0,0,0.0,0,0,0.0,0,0,0.0,0,0,0.0,0,0,0.0,0,0,,,,
5,circuit,7,0000000000010001010010100,82,6,5,2,2,False,0.2071760327633075,0.2612034783423118,2141868,5,0.11645893251019183,4774816,6,0.08658617073170732,7100066,6,0.08334577926811054,17085885,6,0.05674635609756098,11633003,5,0.056166416004058924,4605646,5,0.0546567547644694,2240927,5,0.03138133763642224,257327,5,3.05719535488255,1.0913495921222074,0.6244288736316408,0.554581386861842
5,circuit,7,0000000000010001010011000,82,18,5,2,2,False,-0.1010958667285334,0.00727792860437283,59679,11,0.04049741660963008,1660394,18,0.08858473170731708,7263948,18,0.13219704684589687,27100395,18,0.2535843024390244,51984782,17,0.25109818905117537,20590051,17,0.22332670187008044,9156395,17,0.18736266007772437,1536374,15,-4.686161754927068,-2.463253971712435,-1.5031216585670835,-0.9397754926832648
5,circuit,7,0000000000010001010011010,82,1,6,2,3,False,0.12569803973548566,0.0018956102184415167,15544,1,0.02164875715359791,887599,1,0.034249341463414636,2808446,1,0.028535950801912915,5849870,1,0.0,0,0,0.0,0,0,0.0,0,0,0.0,0,0,,,,
5,circuit,7,0000000000010001010011100,82,3,6,2,3,False,0.03157258121596449,0.00033670739919692665,2761,2,0.0018076586247638352,74114,3,0.0071415,585603,3,0.019835692392648405,4066317,3,0.03372890243902439,6914425,3,0.03283096421538937,2692139,3,0.03108765777834981,1274594,3,0.009434754946981105,77365,3,-4.808417716490583,-4.1041477680276826,-2.2007580864388094,-0.7658866152063427
5,circuit,7,0000000000010001010111000,82,1,6,2,3,False,0.212728442798573,0.03594037461960357,294711,1,0.0666592715443547,2733030,1,0.06270237804878048,5141595,1,0.04878048709101726,10000000,1,0.0,0,0,0.0,0,0,0.0,0,0,0.0,0,0,,,,
5,circuit,7,0000000000010011000111000,82,18,6,2,2,False,-0.14086426174476357,0.00010292685437240351,844,9,0.00556314661283642,228089,18,0.025475646341463414,2089003,18,0.07857189153309427,16107238,18,0.3751014731707317,76895802,18,0.4398315473129646,36066186,18,0.4544916230611799,18634157,18,0.4100571451149823,3362469,17,-11.959989819726744,-6.352208766169318,-4.109760431984071,-2.255195731781082
5,circuit,7,0000000000010011010011000,82,1,6,2,2,False,-0.11201277343324159,0.0,0,0,2.4390245092207077e-05,1000,1,0.00044969512195121953,36875,1,0.006053258448001096,1240918,1,0.02454850243902439,5032443,1,0.03189161053394172,2615112,1,0.03834068199169068,1571968,1,0.0797416975924759,653882,1,,-10.618356028558658,-6.148085911129923,-2.019851162487974
5,circuit,7,0000000001000010010010000,82,81,4,2,1,False,0.009432799818586593,0.9879308507148417,8101031,59,0.9858243651621642,40418797,81,0.9838923780487805,80679175,81,0.9711535711538501,199086485,81,0.994551243902439,203883005,67,1.0,81999998,62,1.0,41000001,59,1.0,8200001,54,-0.01751802961794328,-0.02059745647892141,-0.02342757825250604,-0.03434625635531157
5,circuit,7,0000000001000010110010000,82,25,5,2,2,False,-0.036996798550989723,0.011966954138281497,98129,14,0.02632707445497924,1079410,25,0.06203163414634146,5086594,25,0.16468885612650455,33761216,25,0.40409745853658535,82839979,22,0.4322313398105205,35442969,22,0.4363971113073875,17892282,21,0.39847104896694524,3267463,21,-5.057347003134136,-4.05102243318041,-2.8007276449903005,-1.2949603414663404
5,circuit,7,0000000001000011000000010,82,74,4,2,1,False,0.19116679601701625,0.9878799970439017,8100614,54,0.9827853894041654,40294199,74,0.9724432926829268,79740350,74,0.9330690546380138,191279159,74,0.8638152585365854,177082128,60,0.8497052524318355,69675829,55,0.8420485648280838,34523992,52,0.8626867240625946,7074032,48,0.19549904630390985,0.2229729674344608,0.19465163995027085,0.11126105539215732
5,circuit,7,0000000001000011000010000,82,71,4,2,1,False,-0.3192371554245057,0.6763634576496238,5546179,49,0.6300416648800812,25831707,71,0.6882118292682927,56433370,71,0.774819281344108,158837955,71,0.9247521707317073,189574195,61,0.9623515600573551,78912826,58,0.9642964155049655,39536154,56,0.9721654911993304,7971758,52,-0.5234032075403366,-0.6140294475951061,-0.48371133639692904,-0.2552069260951766
5,circuit,7,0000000001000011000010010,82,24,5,2,2,False,-0.014993187693401286,0.2322217639565278,1904218,17,0.2951045265904647,12099285,24,0.3196408292682927,26210548,24,0.32155413675774436,65918599,24,0.25689248780487806,52662960,20,0.23086216416736985,18930697,18,0.2167245800798883,8885708,18,0.25156874980868904,2062864,17,-0.1154495311831024,0.4453632626406266,0.46941995220692473,0.32389694695234134
5,circuit,7,0000000001000011010010000,82,28,5,2,2,False,0.1916718774132256,0.42300778609946005,3468663,22,0.3617526030123221,14831856,28,0.3731221219512195,30596014,28,0.3643514532046129,74692049,28,0.30043353170731707,61588874,24,0.28094422636449334,23037426,21,0.286648505203695,11752589,19,0.36236629727240277,2971404,17,0.22323543819174563,0.33572064200988155,0.4093641462690748,0.27828490227847913
5,circuit,7,0000000001000011110010000,82,0,6,2,3,False,,0.0,0,0,0.0,0,0,0.0,0,0,0.0,0,0,0.0,0,0,0.0,0,0,0.0,0,0,0.0,0,0,,,,
5,circuit,7,0000000001000100100110000,82,33,5,2,2,False,0.06257014495798707,0.5547995255608599,4549355,24,0.5402122702542571,22148702,33,0.47904663414634147,39281824,33,0.44447309593454004,91116986,33,0.35430170243902437,72631849,26,0.3407102034319562,27938236,23,0.329018552950767,13489761,22,0.34201971438783974,2804562,22,0.6978870679181775,0.7153574712045071,0.4916209527708834,0.32711769731206713
5,circuit,7,0000000001000101000010000,82,73,4,2,1,False,-0.498160886503358,0.3316825199225658,2719796,51,0.5157150739373206,21144317,73,0.619962987804878,50836965,73,0.7217210187065217,147952811,73,0.9830617365853659,201527656,66,0.9999217439005303,81993581,60,0.9999999512195133,40999999,58,1.0,8200001,54,-1.592125112564074,-0.9553538095414903,-0.6896331025483703,-0.44584075007822277
5,circuit,7,0000000001000101000010010,82,31,5,2,2,False,-0.0037043649015376444,0.3696609438197424,3031219,23,0.36969677413154994,15157567,31,0.3758153902439024,30816862,31,0.4118790183627461,84435200,31,0.3179040292682927,65170326,25,0.29252400713473187,23986968,23,0.27660011520487526,11340605,22,0.3090025232923752,2533821,21,0.2585840058639469,0.41854069765939245,0.36146911864175346,0.37362933336965665
5,circuit,7,0000000001000101000010100,82,18,5,2,2,False,-0.003880919833411815,0.1302283244459328,1067872,13,0.1732344474748511,7102612,18,0.21419571951219513,17564049,18,0.23420441120676472,48011905,18,0.21389000975609757,43847452,17,0.20071656587113576,16458758,14,0.19913101953338977,8164372,13,0.2598053341700812,2130404,11,-0.9963877852287656,-0.20099213677538474,0.09376995705039129,0.1308991494928618
5,circuit,7,0000000001000101000010110,82,1,6,2,3,False,0.06111840854888855,4.390244973230481e-06,36,1,0.00020241464402022654,8299,1,0.0007178780487804878,58866,1,0.001576878025704224,323260,1,0.005133248780487805,1052316,1,0.00500803670751309,410659,1,0.005182146215069605,212468,1,0.008714267229967411,71457,1,-10.954862196401217,-4.678164148894137,-2.8024344480946275,-1.7028011123405156
5,circuit,7,0000000001000110100010000,82,25,5,2,2,False,0.23375684397412522,0.6624297957145843,5431923,20,0.49479404852653897,20286555,25,0.43826823170731705,35937995,25,0.4051637843146763,83058577,25,0.24482371707317074,50188862,20,0.21334361495960036,17494176,18,0.2070398486087842,8488634,16,0.23802143438762996,1951776,14,1.4766760684465763,1.2569196798991962,1.0386351739390636,0.7267618996167379
5,circuit,7,0000000001000111000000010,82,54,5,2,2,False,0.0044827555318504965,0.528229762982869,4331483,38,0.6096388590067736,24995192,54,0.6189178414634147,50751263,54,0.6453682295799771,132300489,54,0.6699678341463414,137343406,44,0.7055629806234873,57856163,40,0.7103816899906905,29125650,39,0.6801708926620863,5577402,36,-0.3647316763420471,-0.22063953223726673,-0.18902695684054932,-0.05396927388025323
5,circuit,7,0000000001000111000010000,82,21,5,2,2,False,0.12889977636515945,0.18665614308686418,1530580,15,0.29249016060927613,11992096,21,0.30164653658536583,24735016,21,0.3020797760671252,61926355,21,0.21637866829268293,44357627,15,0.20330284642202065,16670833,15,0.2028221413945819,8315708,14,0.19450802505999695,1594966,14,-0.05944668918815488,0.5281729381571655,0.569228603522444,0.4813713223617775
5,circuit,7,0000000001000111000010010,82,5,6,2,2,False,-0.00754274829610155,0.00018695126511006466,1533,3,0.00335373187091375,137503,5,0.017594146341463415,1442720,5,0.03136135563861431,6429078,5,0.07102255609756097,14559624,4,0.0655734772091092,5377025,4,0.05773621810399468,2367185,4,0.04712499425304948,386425,4,-7.977686398187403,-4.105637353881502,-1.8980168826590342,-1.179289360482755
5,circuit,7,0000000001000111100010000,82,2,6,2,2,False,0.11473493673955067,0.0001564634527959641,1283,2,0.0008231219913718044,33748,2,0.0020975,171995,2,0.0074087511110914476,1518794,2,0.02167409268292683,4443189,2,0.02105308587934356,1726353,2,0.015580072790729932,638783,2,0.011422437631410045,93664,2,-6.189901047503778,-4.242451901396815,-3.3272889976342506,-1.5486693269972407
5,circuit,7,0000000001010000110010000,82,50,5,2,2,False,0.07819588580491753,0.6567708918953394,5385520,37,0.6450010070732198,26445040,50,0.5996834756097561,49174045,50,0.5799337671229204,118886424,50,0.6228197853658537,127678056,41,0.639366844862606,52428080,36,0.6475923744489664,26551288,35,0.5765554174932418,4727755,32,0.18793090439412022,-0.005784584578827135,-0.09244271375016827,-0.10292663298964216
5,circuit,7,0000000001010000110110000,82,4,6,2,3,False,0.10883149240682044,7.939026326591787e-05,651,3,0.0012522927440142802,51344,4,0.004720780487804878,387104,4,0.019827980197639313,4064736,4,0.056071395121951216,11494636,4,0.06507729427017792,5336338,4,0.06716070567900718,2753589,4,0.041787068074747795,342654,3,-9.039878741974084,-5.744973628722992,-3.7850569635312854,-1.499727243101679
5,circuit,7,0000000001010001000010000,82,81,4,2,1,False,-0.29823201702714525,0.9998089023924153,8198431,59,0.9994981707072278,40979423,81,0.9989394146341464,81913032,81,0.9972700244301947,204440358,81,0.9958096390243902,204140976,67,0.9968509511427062,81741776,61,0.9993463902598442,40973203,58,0.9999953658542237,8199963,53,-0.00026903624190525695,0.00021909947720909477,0.003019372248329415,0.0021142066706411823
5,circuit,7,0000000001010001000010010,82,27,5,2,2,False,-0.028409413061523864,0.5255102501244513,4309183,21,0.5555519539293636,22777629,27,0.5233408414634146,42913949,27,0.4564807689295497,93578559,27,0.2613962536585366,53586232,21,0.25446698181626787,20866292,18,0.2418090916631929,9914173,17,0.2389355806176121,1959272,16,1.1370971984982507,1.2000533466147403,1.0402723785457877,0.8043156176961899
5,circuit,7,0000000001010001000110000,82,22,5,2,2,False,0.09255928032167661,0.2174321262029576,1782943,17,0.28034345269968064,11494081,22,0.29778163414634146,24418094,22,0.28191000563058527,57791552,22,0.23781025365853659,48751102,18,0.2196157004784317,18008487,15,0.21478609232229043,8806230,14,0.23111741083934015,1895163,12,-0.08806082856118375,0.38429479670291083,0.43927358031984853,0.24542376229295196
5,circuit,7,0000000001010001010010000,82,23,5,2,2,False,0.3685412800773971,0.5962925844616059,4889598,21,0.5525454415875826,22654362,23,0.5375222195121951,44076822,23,0.45441792993534735,93155677,23,0.13677028780487804,28037909,14,0.142382308350788,11675349,12,0.14699104519534037,6026633,11,0.13780717831619776,1130019,10,2.1133693560531213,1.910364849601953,1.916554496480317,1.7322649093853912
5,circuit,7,0000000001010001010110000,82,1,6,2,3,False,0.15201200309217586,0.025436469618651127,208579,1,0.059531905343019775,2440808,1,0.05613396341463415,4602985,1,0.03457308242088172,7087482,1,0.0,0,0,0.0,0,0,0.0,0,0,0.0,0,0,,,,
5,circuit,7,0000000001010001100010000,82,19,5,2,2,False,0.13066947495266884,0.3061887332167642,2510747,14,0.2116770834964431,8678760,19,0.23017534146341465,18874378,19,0.2278080844711012,46700658,19,0.22068228292682926,45239868,16,0.20139200491200013,16514144,15,0.20557984864439394,8428774,13,0.2536480178478027,2079914,12,0.2715933107100043,0.04216623374500088,0.19272687601541585,0.04584813629300389
5,circuit,7,0000000001010001100110000,82,4,6,2,3,False,0.10883149240682044,7.939026326591787e-05,651,3,0.0012522927440142802,51344,4,0.004720780487804878,387104,4,0.019827980197639313,4064736,4,0.056071395121951216,11494636,4,0.06507729427017792,5336338,4,0.06716070567900718,2753589,4,0.041787068074747795,342654,3,-9.039878741974084,-5.744973628722992,-3.7850569635312854,-1.499727243101679
5,circuit,7,0000000001010001110010000,82,4,6,2,3,False,0.17929054712615722,0.00014804881659727235,1214,3,0.0014558781197989326,59691,4,0.004044975609756097,331688,4,0.017279063161769807,3542208,4,0.054881560975609756,11250720,4,0.06011020878317582,4929037,4,0.06339663260008213,2599262,4,0.06415694339549471,526087,4,-8.75938864081441,-5.444444722518006,-3.8934071223531554,-1.6672965167106284
5,circuit,7,0000000001010010110010000,82,6,6,2,2,False,-0.00837618602680589,0.00018695126511006466,1533,3,0.003481414803971454,142738,6,0.019223182926829268,1576301,6,0.043837048138970026,8986595,6,0.09373132195121951,19214921,5,0.09580996575146258,7856417,5,0.09104075387705478,3732671,5,0.06954255249481067,570249,5,-8.539089976563627,-4.708766880359991,-2.317328493116016,-1.0963805754652487
5,circuit,7,0000000001010011000010000,82,48,5,2,2,False,-0.03644314521927564,0.3329172763212869,2729921,34,0.4501107780541843,18454541,48,0.4852168292682927,39787780,48,0.49562892445421086,101603931,48,0.6541702195121951,134104895,43,0.6683852723996407,54807591,38,0.6729523738304299,27591048,36,0.6597365049101823,5409840,33,-0.9867261958769817,-0.5802242951131686,-0.46205035476082645,-0.400405699263718
5,circuit,7,0000000001010011000010010,82,4,6,2,2,False,0.06748014519399018,0.012836832399227414,105262,3,0.026590635443445632,1090216,4,0.04359179268292683,3574527,4,0.058169316221912445,11924710,4,0.03341347804878049,6849763,4,0.030995281243787347,2541613,3,0.030391804136785265,1246064,2,0.026587313830815387,218016,2,-1.0504487774648978,-0.192764065471505,0.4920079400541441,0.7998281831038678
5,circuit,7,0000000001010011010010000,82,2,6,2,2,False,0.016525639975135075,5.207318343248376e-05,427,1,0.0028187074545710953,115567,2,0.009594451219512195,786745,2,0.016406990003800147,3363433,2,0.027943843902439026,5728488,2,0.02858281777031263,2343791,2,0.024899145734167176,1020865,2,0.011747559542980544,96330,2,-7.817604757898508,-3.1429905879794897,-1.5748759531014798,-0.7682198998565861
5,circuit,7,0000000001010011100010000,82,3,6,2,2,False,0.2619974890392763,0.29523141347107645,2420897,3,0.21921915703508082,8987985,3,0.14730943902439025,12079374,3,0.10191292533785963,20892150,3,0.016517219512195123,3386030,1,0.017229085786075262,1412785,1,0.017425828843272467,714459,1,0.01912024157070225,156786,1,3.9486735804893627,3.6530746941780525,3.0959318196330288,2.625294285323844
5,circuit,7,0000000001010011110010000,82,0,7,2,3,False,,0.0,0,0,0.0,0,0,0.0,0,0,0.0,0,0,0.0,0,0,0.0,0,0,0.0,0,0,0.0,0,0,,,,
5,circuit,7,0000000001010101000010000,82,38,5,2,2,False,-0.2738912496323417,0.30520531834276055,2502683,20,0.22690788911745802,9303223,38,0.24197878048780488,19842260,38,0.30322300531868773,62160717,38,0.5967021365853659,122323938,34,0.6369122350466399,52226802,34,0.6275431554257767,25729270,34,0.600531999935122,4924363,32,-0.976461021381066,-1.4676079055629911,-1.3962140455419314,-0.9766317287658467
5,circuit,7,0000000001010101000010010,82,6,6,2,2,False,0.12744460652346604,0.03170720285541533,259999,6,0.05117273420354801,2098082,6,0.07384719512195122,6055470,6,0.07574770133052144,15528279,6,0.04567723902439024,9363834,6,0.03814468385718741,3127864,5,0.03099102363436528,1270632,5,0.03963487321525937,325006,4,-0.32195975003395555,0.7235249118859098,0.9530611195618084,0.7297266594959082
5,circuit,7,0000000001010101000110000,82,5,6,2,2,False,0.00224397651182402,0.10209343953498526,837166,3,0.11659637154128642,4780451,5,0.10565456097560975,8663674,5,0.07677044765701783,15737942,5,0.04357961951219512,8933822,3,0.05039372074131026,4132285,3,0.051047730462250474,2092957,3,0.05184731075032796,425148,3,0.9775490969932701,1.191604166146042,1.0680391634847404,0.8168974601060971
5,circuit,7,0000000001010101100010000,82,7,6,2,2,False,0.046919207502748694,0.09314636418204005,763800,5,0.11303512746512817,4634440,7,0.12509881707317072,10258103,7,0.13163050051272437,26984253,7,0.0672898243902439,13794414,6,0.06624672112796881,5432231,4,0.06576485205451581,2696359,4,0.08261535577861515,677446,3,0.17308949560750467,0.7813825343418792,0.9171471920741683,0.9680335579779888
5,circuit,7,0000000001010111000010000,82,3,6,2,3,False,0.11584257339566714,0.029318787638728694,240414,2,0.0665128325128211,2727026,3,0.06781941463414634,5561192,3,0.0558417260120723,11447554,3,0.016499678048780487,3382434,1,0.016963841877166874,1391035,1,0.018314706870373003,750903,1,0.002714267961674639,22257,1,3.433190387204704,1.860630100106835,1.9992353916597874,1.758905660452648
5,circuit,7,0000000001010111000010010,82,1,7,2,3,False,-0.003114607171098278,0.0,0,0,0.00012768293305770405,5235,1,0.0016290365853658536,133581,1,0.012475692500355719,2557517,1,0.022708765853658535,4655297,1,0.03023648854235338,2479392,1,0.033304535773060105,1365486,1,0.02241755824176119,183824,1,,-8.027009164516224,-4.214199694821231,-0.8641294036126651
5,circuit,7,0000000001100001000000110,82,14,5,2,2,False,0.2001714798805919,0.1187041752937013,973374,11,0.13950798241502355,5719827,14,0.1376661707317073,11288626,14,0.1552947440688574,31835423,14,0.1636209512195122,33542295,11,0.15953393072033978,13081782,11,0.1604855570613279,6579908,10,0.1289071794015635,1057039,10,-0.11896193475660788,-0.20209579445102405,-0.21268921474549624,-0.0753484905806123
5,circuit,7,0000000001100001010000110,82,5,6,2,2,False,-0.007135069062440933,0.00017341467644260401,1422,2,0.0019357318017430146,79365,5,0.012196817073170732,1000139,5,0.03596736532730685,7373310,5,0.0786638731707317,16126094,4,0.0865883313802032,7100243,4,0.08420553453157233,3452427,4,0.0684997477439332,561698,4,-8.62572886302132,-5.44296407542007,-2.827667915031001,-1.12901273856386
5,circuit,7,0000000011000111000010000,82,1,6,2,2,False,0.06789349145154658,1.2195124925640226e-06,10,1,0.0006053171026983952,24818,1,0.002722329268292683,223231,1,0.011657351048916813,2389757,1,0.022223765853658536,4555872,1,0.029714269017421194,2436570,1,0.0364234137457704,1493360,1,0.03142024007070243,257646,1,-14.653102046301717,-5.911031219792783,-3.448242412691756,-0.9308633086396283
5,circuit,7,0000000011010011000010000,82,13,6,2,2,False,-0.1027037861114661,0.00019609760880429482,1608,5,0.003825585552467588,156849,13,0.019000731707317073,1558060,13,0.06072818935519723,12449279,13,0.2633506243902439,53986878,12,0.3079472148279809,25251671,12,0.3120178460483452,12792732,12,0.26691972354637516,2188742,12,-10.410618255850505,-6.349804150276589,-4.018556197936384,-2.116546619863332
5,circuit,7,0000000011010011000010010,82,1,7,2,2,False,-0.003114607171098278,0.0,0,0,0.00012768293305770405,5235,1,0.0016290365853658536,133581,1,0.012475692500355719,2557517,1,0.022708765853658535,4655297,1,0.03023648854235338,2479392,1,0.033304535773060105,1365486,1,0.02241755824176119,183824,1,,-8.027009164516224,-4.214199694821231,-0.8641294036126651
5,circuit,7,0000000001000100100010000,82,82,4,1,1,True,0.337248383731788,1.0,8199998,60,1.0,40999998,82,1.0,82000000,82,1.0,205000003,82,1.0,205000000,68,1.0,81999998,62,1.0,41000001,59,1.0,8200001,54,0.0,0.0,0.0,0.0
