k,task,size_class,iso_key,n_topo_in_size,n_topo_with_motif_in_size,num_edges,max_in_deg,max_out_deg,is_linear,partial_r,presence_rate_top_01,presence_designs_top_01,n_topo_top_01,presence_rate_top_05,presence_designs_top_05,n_topo_top_05,presence_rate_top_10,presence_designs_top_10,n_topo_top_10,presence_rate_top_25,presence_designs_top_25,n_topo_top_25,presence_rate_bot_25,presence_designs_bot_25,n_topo_bot_25,presence_rate_bot_10,presence_designs_bot_10,n_topo_bot_10,presence_rate_bot_05,presence_designs_bot_05,n_topo_bot_05,presence_rate_bot_01,presence_designs_bot_01,n_topo_bot_01,log_odds_top01_vs_bot01,log_odds_top05_vs_bot05,log_odds_top10_vs_bot10,log_odds_top25_vs_bot25
5,circuit,4,0000000000000000000011110,27,0,4,1,4,False,,0.0,0,0,0.0,0,0,0.0,0,0,0.0,0,0,0.0,0,0,0.0,0,0,0.0,0,0,0.0,0,0,,,,
5,circuit,4,0000000000000000010011010,27,0,4,1,3,False,,0.0,0,0,0.0,0,0,0.0,0,0,0.0,0,0,0.0,0,0,0.0,0,0,0.0,0,0,0.0,0,0,,,,
5,circuit,4,0000000000000000010011100,27,0,4,2,3,False,,0.0,0,0,0.0,0,0,0.0,0,0,0.0,0,0,0.0,0,0,0.0,0,0,0.0,0,0,0.0,0,0,,,,
5,circuit,4,0000000000000000010011110,27,0,5,2,4,False,,0.0,0,0,0.0,0,0,0.0,0,0,0.0,0,0,0.0,0,0,0.0,0,0,0.0,0,0,0.0,0,0,,,,
5,circuit,4,0000000000000000010111000,27,0,4,1,2,False,,0.0,0,0,0.0,0,0,0.0,0,0,0.0,0,0,0.0,0,0,0.0,0,0,0.0,0,0,0.0,0,0,,,,
5,circuit,4,0000000000000000010111100,27,0,5,2,3,False,,0.0,0,0,0.0,0,0,0.0,0,0,0.0,0,0,0.0,0,0,0.0,0,0,0.0,0,0,0.0,0,0,,,,
5,circuit,4,0000000000000000110010100,27,3,4,2,2,False,-0.08009492728514518,0.03394618167401754,685,1,0.050747333782658686,5120,3,0.052640186336942785,10622,3,0.06620202152353653,33397,3,0.17393769277734167,87746,2,0.2397317977283089,48375,2,0.15187376725838264,15323,2,0.0001982258783884236,4,1,7.41996017784789,-1.5814687670222893,-2.1871847778797675,-1.3936234260275828
5,circuit,4,0000000000000000110010110,27,0,5,2,3,False,,0.0,0,0,0.0,0,0,0.0,0,0,0.0,0,0,0.0,0,0,0.0,0,0,0.0,0,0,0.0,0,0,,,,
5,circuit,4,0000000000000000110011100,27,0,5,2,3,False,,0.0,0,0,0.0,0,0,0.0,0,0,0.0,0,0,0.0,0,0,0.0,0,0,0.0,0,0,0.0,0,0,,,,
5,circuit,4,0000000000000010000111000,27,2,4,2,2,False,0.046192768501365215,0.04316368501907924,871,1,0.058785632161122786,5931,2,0.0646628837624204,13048,2,0.06655883093379004,33577,2,0.11526598317435398,58148,2,0.14363589509782543,28984,2,0.0818193531761371,8255,1,0.0,0,0,,-0.4769785440213578,-1.1514065749074982,-0.7922648148051326
5,circuit,4,0000000000000010010011000,27,2,4,1,2,False,-0.26673332670347044,0.0,0,0,0.0001982317725885105,20,2,0.004217360061451545,851,2,0.023904248212483967,12059,2,0.19334031098107313,97534,2,0.32467738418538267,65516,2,0.4543328080243426,45839,2,0.06204469993557659,1252,1,,-11.16234555667981,-6.26652288669953,-3.0158035284736977
5,circuit,4,0000000000000010010111000,27,0,5,2,2,False,,0.0,0,0,0.0,0,0,0.0,0,0,0.0,0,0,0.0,0,0,0.0,0,0,0.0,0,0,0.0,0,0,,,,
5,circuit,4,0000000000000010100010010,27,0,4,1,2,False,,0.0,0,0,0.0,0,0,0.0,0,0,0.0,0,0,0.0,0,0,0.0,0,0,0.0,0,0,0.0,0,0,,,,
5,circuit,4,0000000000000010100011000,27,4,4,2,2,False,-0.19502707914014186,0.04316368501907924,871,1,0.05898386393371129,5951,4,0.06888024382387194,13899,4,0.09046307914627402,45636,4,0.3086062941554271,155682,4,0.4683132792832081,94500,4,0.5361521612004797,54094,3,0.06204469993557659,1252,1,-0.5234899383337539,-3.1842502597883757,-2.7653117922948276,-1.7703664787849165
5,circuit,4,0000000000000010100011010,27,0,5,2,3,False,,0.0,0,0,0.0,0,0,0.0,0,0,0.0,0,0,0.0,0,0,0.0,0,0,0.0,0,0,0.0,0,0,,,,
5,circuit,4,0000000000000010100110000,27,4,4,2,2,False,-0.15847716078682728,0.04316368501907924,871,1,0.08308884748047417,8383,4,0.11172782912505885,22545,4,0.1703309010825201,85927,4,0.13422456924918924,67712,3,0.12497274367157611,25218,3,0.07005441408224555,7068,1,0.0001982258783884236,4,1,7.766528908598865,0.24617888887600103,-0.16162490351434247,0.34369141449653995
5,circuit,4,0000000000000010100111000,27,1,5,2,2,False,-0.2498125886159273,0.0,0,0,1.982317725885105e-05,2,1,0.0021309809946229896,430,1,0.011518997127684248,5811,1,0.10626045656017824,53605,1,0.16140206553412492,32569,1,0.2106191708047139,21250,1,0.0,0,0,,-13.375160921470892,-6.242997504968315,-3.205517793871002
5,circuit,4,0000000000000010110010000,27,4,4,1,2,False,-0.33848580506427406,0.0,0,0,0.0017642627760377433,178,4,0.011373491587580841,2295,4,0.06121263660349158,30880,4,0.31354615158939714,158174,4,0.26391063888833827,53254,4,0.24814407342432082,25036,4,0.305565191535755,6166,4,,-7.1359687306485835,-4.536302385141235,-2.356776396704555
5,circuit,4,0000000000000010110011000,27,1,5,2,2,False,-0.17428208943921752,0.0,0,0,6.938112040597868e-05,7,1,0.003414525361151721,689,1,0.011021446227830738,5560,1,0.09099883441566164,45906,1,0.13111780680714413,26458,1,0.0818193531761371,8255,1,0.0,0,0,,-10.203683278414118,-5.263034768262215,-3.045534520318084
5,circuit,4,0000000000000010110110000,27,1,5,2,3,False,-0.12360716378720452,0.0,0,0,0.0004856678428418507,49,1,0.003870456178605942,781,1,0.01815565215839959,9159,1,0.058945265110968384,29736,1,0.07491525759708209,15117,1,0.07928201163608972,7999,1,0.06273849050993607,1266,1,,-7.350879793065875,-4.274684054715025,-1.6989571774121106
5,circuit,4,0000000000000010110111000,27,1,6,2,3,False,-0.11933543785011198,0.0,0,0,0.00017840859532965945,18,1,0.002086379066828555,421,1,0.012385251084799721,6248,1,0.08707985442089489,43929,1,0.16327531865125774,32947,1,0.24371363721962871,24589,1,0.06204469993557659,1252,1,,-10.415786142529775,-6.2901616137879595,-2.8137158791723063
5,circuit,4,0000000000000011100001000,27,8,4,2,2,False,-0.03994176587322697,0.13132464443233063,2650,2,0.18587202156761687,18753,8,0.234397997869019,47298,8,0.3021541377006805,152428,8,0.14418555785500764,72737,4,0.12497274367157611,25218,3,0.07005441408224555,7068,1,0.0001982258783884236,4,1,9.371776644337924,1.407761762677265,0.9073467668806997,1.0673580321660552
5,circuit,4,0000000000000011100001010,27,0,5,2,2,False,,0.0,0,0,0.0,0,0,0.0,0,0,0.0,0,0,0.0,0,0,0.0,0,0,0.0,0,0,0.0,0,0,,,,
5,circuit,4,0000000000000011100011000,27,0,5,2,2,False,,0.0,0,0,0.0,0,0,0.0,0,0,0.0,0,0,0.0,0,0,0.0,0,0,0.0,0,0,0.0,0,0,,,,
5,circuit,4,0000000000000011100101000,27,3,5,2,3,False,-0.06329317381629739,0.061697804648396845,1245,1,0.10891844744875709,10989,3,0.10757489407042149,21707,3,0.11364776171474673,57332,3,0.009960988605818406,5025,1,0.0,0,0,0.0,0,0,0.0,0,0,,,,3.5121365267734896
5,circuit,4,0000000000000011110001000,27,0,5,2,3,False,,0.0,0,0,0.0,0,0,0.0,0,0,0.0,0,0,0.0,0,0,0.0,0,0,0.0,0,0,0.0,0,0,,,,
5,circuit,4,0000000000000011110101000,27,0,6,2,4,False,,0.0,0,0,0.0,0,0,0.0,0,0,0.0,0,0,0.0,0,0,0.0,0,0,0.0,0,0,0.0,0,0,,,,
5,circuit,4,0000000000000110100010000,27,0,4,1,2,False,,0.0,0,0,0.0,0,0,0.0,0,0,0.0,0,0,0.0,0,0,0.0,0,0,0.0,0,0,0.0,0,0,,,,
5,circuit,4,0000000000000110100010010,27,1,5,2,2,False,-0.23086287977046988,0.0,0,0,0.0,0,0,0.001357880912852789,274,1,0.008678397767166002,4378,1,0.10007572333626712,50485,1,0.14783832537118163,29832,1,0.20986589753501234,21174,1,0.6308538579711581,12730,1,,,-6.7665195499792095,-3.5275195207770764
5,circuit,4,0000000000000110100011000,27,1,5,2,2,False,0.23188664709440227,0.04316368501907924,871,1,0.05871625104071681,5924,1,0.061248358401268674,12359,1,0.055537384705959314,28017,1,0.024267148758692327,12242,1,0.012518088290681309,2526,1,0.0,0,0,0.0,0,0,,,2.290656920216286,1.194454630626639
5,circuit,4,0000000000000110100111000,27,0,6,2,2,False,,0.0,0,0,0.0,0,0,0.0,0,0,0.0,0,0,0.0,0,0,0.0,0,0,0.0,0,0,0.0,0,0,,,,
5,circuit,4,0000000000000111100011000,27,0,6,2,2,False,,0.0,0,0,0.0,0,0,0.0,0,0,0.0,0,0,0.0,0,0,0.0,0,0,0.0,0,0,0.0,0,0,,,,
5,circuit,4,0000000000010000100010010,27,7,4,2,2,False,-0.39742721782856305,0.012042222112096735,243,1,0.07328628632597232,7394,6,0.10406620908392596,20999,7,0.19212997377450836,96924,7,0.4017717674857474,202681,6,0.36489781354689077,73632,5,0.38858989226209945,39206,4,0.7464195450716091,15062,4,-5.9538132261995775,-2.4066332101454986,-1.8099908133489502,-1.0642935811677787
5,circuit,4,0000000000010000100010110,27,0,5,2,3,False,,0.0,0,0,0.0,0,0,0.0,0,0,0.0,0,0,0.0,0,0,0.0,0,0,0.0,0,0,0.0,0,0,,,,
5,circuit,4,0000000000010000100110000,27,7,4,2,2,False,-0.10259380855444525,0.11690371177957282,2359,3,0.20881734924473694,21068,7,0.2037713407835072,41118,7,0.2168310963365585,109385,7,0.39246493335553495,197986,6,0.27642872717901956,55780,5,0.24814407342432082,25036,4,0.305565191535755,6166,4,-1.3861594708677127,-0.2489364174610238,-0.4399563926993143,-0.8559920829743161
5,circuit,4,0000000000010000100110100,27,0,5,2,2,False,,0.0,0,0,0.0,0,0,0.0,0,0,0.0,0,0,0.0,0,0,0.0,0,0,0.0,0,0,0.0,0,0,,,,
5,circuit,4,0000000000010000110010010,27,0,5,2,2,False,,0.0,0,0,0.0,0,0,0.0,0,0,0.0,0,0,0.0,0,0,0.0,0,0,0.0,0,0,0.0,0,0,,,,
5,circuit,4,0000000000010000110010100,27,0,5,2,2,False,,0.0,0,0,0.0,0,0,0.0,0,0,0.0,0,0,0.0,0,0,0.0,0,0,0.0,0,0,0.0,0,0,,,,
5,circuit,4,0000000000010000110010110,27,0,6,2,3,False,,0.0,0,0,0.0,0,0,0.0,0,0,0.0,0,0,0.0,0,0,0.0,0,0,0.0,0,0,0.0,0,0,,,,
5,circuit,4,0000000000010000110110000,27,0,5,2,3,False,,0.0,0,0,0.0,0,0,0.0,0,0,0.0,0,0,0.0,0,0,0.0,0,0,0.0,0,0,0.0,0,0,,,,
5,circuit,4,0000000000010000110110100,27,0,6,2,3,False,,0.0,0,0,0.0,0,0,0.0,0,0,0.0,0,0,0.0,0,0,0.0,0,0,0.0,0,0,0.0,0,0,,,,
5,circuit,4,0000000000010001000011000,27,8,4,2,2,False,0.007773405083502478,0.1652708261063482,3335,3,0.21224675891051817,21414,8,0.2365587134821716,47734,8,0.2535626428476563,127915,8,0.20816583014185241,105013,4,0.25224988601899023,50901,3,0.15187376725838264,15323,2,0.0001982258783884236,4,1,9.703471046071947,0.48286982486052715,-0.09265531490286184,0.28460893661045494
5,circuit,4,0000000000010001000011010,27,1,5,2,3,False,-0.09372446353145505,0.0,0,0,0.0012785949331958926,129,1,0.004762494734494635,961,1,0.013665800412709551,6894,1,0.0,0,0,0.0,0,0,0.0,0,0,0.0,0,0,,,,
5,circuit,4,0000000000010001000011110,27,0,6,2,4,False,,0.0,0,0,0.0,0,0,0.0,0,0,0.0,0,0,0.0,0,0,0.0,0,0,0.0,0,0,0.0,0,0,,,,
5,circuit,4,0000000000010001000110100,27,1,5,2,2,False,-0.23086287977046988,0.0,0,0,0.0,0,0,0.001357880912852789,274,1,0.008678397767166002,4378,1,0.10007572333626712,50485,1,0.14783832537118163,29832,1,0.20986589753501234,21174,1,0.6308538579711581,12730,1,,,-6.7665195499792095,-3.5275195207770764
5,circuit,4,0000000000010001000111000,27,2,5,2,2,False,-0.26673332670347044,0.0,0,0,0.0001982317725885105,20,2,0.004217360061451545,851,2,0.023904248212483967,12059,2,0.19334031098107313,97534,2,0.32467738418538267,65516,2,0.4543328080243426,45839,2,0.06204469993557659,1252,1,,-11.16234555667981,-6.26652288669953,-3.0158035284736977
5,circuit,4,0000000000010001000111100,27,0,6,2,3,False,,0.0,0,0,0.0,0,0,0.0,0,0,0.0,0,0,0.0,0,0,0.0,0,0,0.0,0,0,0.0,0,0,,,,
5,circuit,4,0000000000010001010010100,27,0,5,2,2,False,,0.0,0,0,0.0,0,0,0.0,0,0,0.0,0,0,0.0,0,0,0.0,0,0,0.0,0,0,0.0,0,0,,,,
5,circuit,4,0000000000010001010011000,27,1,5,2,2,False,-0.15652672973115625,0.0,0,0,0.0004559330769535741,46,1,0.0025423098842827763,513,1,0.017499519298433408,8828,1,0.08293885836168002,41840,1,0.10861399092116479,21917,1,0.07005441408224555,7068,1,0.0001982258783884236,4,1,,-7.263510069165706,-5.416926250755315,-2.244732896332979
5,circuit,4,0000000000010001010011010,27,0,6,2,3,False,,0.0,0,0,0.0,0,0,0.0,0,0,0.0,0,0,0.0,0,0,0.0,0,0,0.0,0,0,0.0,0,0,,,,
5,circuit,4,0000000000010001010011100,27,1,6,2,3,False,-0.12360716378720452,0.0,0,0,0.0004856678428418507,49,1,0.003870456178605942,781,1,0.01815565215839959,9159,1,0.058945265110968384,29736,1,0.07491525759708209,15117,1,0.07928201163608972,7999,1,0.06273849050993607,1266,1,,-7.350879793065875,-4.274684054715025,-1.6989571774121106
5,circuit,4,0000000000010011000111000,27,1,6,2,2,False,-0.23086287977046988,0.0,0,0,0.0,0,0,0.001357880912852789,274,1,0.008678397767166002,4378,1,0.10007572333626712,50485,1,0.14783832537118163,29832,1,0.20986589753501234,21174,1,0.6308538579711581,12730,1,,,-6.7665195499792095,-3.5275195207770764
5,circuit,4,0000000000010011010011000,27,0,6,2,2,False,,0.0,0,0,0.0,0,0,0.0,0,0,0.0,0,0,0.0,0,0,0.0,0,0,0.0,0,0,0.0,0,0,,,,
5,circuit,4,0000000001000010010010000,27,13,4,2,1,False,0.18733241282485413,0.19341890083750435,3903,6,0.3469948063275582,35009,13,0.40977773372649107,82687,13,0.4849773326910764,244657,13,0.49086166020441335,247624,10,0.5084147719388665,102592,7,0.36832089441289284,37161,5,0.0017344764358987067,35,2,6.801084730493985,-0.08604917264682674,-0.31116435418579197,-0.017399167444414308
5,circuit,4,0000000001000010110010000,27,1,5,2,2,False,0.19232440219375505,0.03394618167401754,685,1,0.05022201958529913,5067,1,0.04668335109150829,9420,1,0.03768105599727239,19009,1,0.0,0,0,0.0,0,0,0.0,0,0,0.0,0,0,,,,
5,circuit,4,0000000001000011000000010,27,5,4,2,1,False,0.5052215359551709,0.1813766787254076,3660,5,0.2602882289973437,26261,5,0.27650717347672027,55795,5,0.24466223033633253,123425,5,0.10221064567029028,51562,3,0.10344024421670268,20873,3,0.005827956349796319,588,2,0.001536250557510283,31,1,6.88343162278453,5.4809761881087375,1.4185193226615296,1.2592459360801904
5,circuit,4,0000000001000011000010000,27,10,4,2,1,False,-0.05508077871482829,0.1477773923385698,2982,4,0.23282321690520558,23490,10,0.29508139851822485,59543,10,0.37045737019570996,186885,10,0.48090067159859495,242599,9,0.5084147719388665,102592,7,0.36832089441289284,37161,5,0.0017344764358987067,35,2,6.412781525338477,-0.6617283123900315,-0.784892969968704,-0.37643140480118825
5,circuit,4,0000000001000011000010010,27,3,5,2,2,False,0.4819035985924017,0.13573517022647308,2739,3,0.15349086151528368,15486,3,0.1795425824516193,36229,3,0.1679244198378103,84713,3,0.10221064567029028,51562,3,0.10344024421670268,20873,3,0.005827956349796319,588,2,0.001536250557510283,31,1,6.465237240318503,4.719018881307661,0.7955284649362784,0.7162665776711789
5,circuit,4,0000000001000011010010000,27,6,5,2,2,False,-0.20289639045206395,0.04564150849893454,921,2,0.1270269198747175,12816,6,0.14552617885373045,29365,6,0.19059172876141542,96148,6,0.1838986813831601,92771,3,0.2397317977283089,48375,2,0.15187376725838264,15323,2,0.0001982258783884236,4,1,7.8470573460913355,-0.25773842950094167,-0.7201425745878028,0.05157437582375305
5,circuit,4,0000000001000011110010000,27,0,6,2,3,False,,0.0,0,0,0.0,0,0,0.0,0,0,0.0,0,0,0.0,0,0,0.0,0,0,0.0,0,0,0.0,0,0,,,,
5,circuit,4,0000000001000100100110000,27,0,5,2,2,False,,0.0,0,0,0.0,0,0,0.0,0,0,0.0,0,0,0.0,0,0,0.0,0,0,0.0,0,0,0.0,0,0,,,,
5,circuit,4,0000000001000101000010000,27,3,4,2,1,False,0.31546727347991993,0.12542742455027503,2531,3,0.17018197676723626,17170,3,0.1653740367222539,33370,3,0.13241197214507872,66798,3,0.0760603249363686,38370,2,0.012518088290681309,2526,1,0.0,0,0,0.0,0,0,,,3.723646591116035,0.7998175631713942
5,circuit,4,0000000001000101000010010,27,2,5,2,2,False,0.395719839887119,0.07497893850042123,1513,2,0.09594417793283908,9680,2,0.10867507495601754,21929,2,0.09885999393424003,49872,2,0.07400469405393405,37333,2,0.05849208079766884,11803,2,0.003419464184829473,345,1,0.001536250557510283,31,1,5.608999961829862,4.810353079825324,0.893707873133505,0.4177700354117719
5,circuit,4,0000000001000101000010100,27,0,5,2,2,False,,0.0,0,0,0.0,0,0,0.0,0,0,0.0,0,0,0.0,0,0,0.0,0,0,0.0,0,0,0.0,0,0,,,,
5,circuit,4,0000000001000101000010110,27,0,6,2,3,False,,0.0,0,0,0.0,0,0,0.0,0,0,0.0,0,0,0.0,0,0,0.0,0,0,0.0,0,0,0.0,0,0,,,,
5,circuit,4,0000000001000110100010000,27,2,5,2,2,False,0.04904390897935743,0.023737548937013728,479,2,0.10464655274947468,10558,2,0.09635007557548876,19442,2,0.07693802022316447,38813,2,0.054651633007445466,27570,1,0.0,0,0,0.0,0,0,0.0,0,0,,,,0.4934321018303755
5,circuit,4,0000000001000111000000010,27,7,5,2,2,False,-0.20445569851566936,0.1100153625055751,2220,2,0.17716964675098124,17875,6,0.18416135986322074,37161,7,0.21239278372790507,107146,7,0.3078550076516251,155303,5,0.38602890161952147,77896,3,0.5328615463907308,53762,3,0.7556370484166708,15248,3,-2.7799884426724737,-1.5886292675889244,-1.067738473147449,-0.535516286139003
5,circuit,4,0000000001000111000010000,27,2,5,2,2,False,0.30607043875008316,0.07710986669309679,1556,2,0.10893827062601594,10991,2,0.10793170949277696,21779,2,0.09321844070323171,47026,2,0.024267148758692327,12242,1,0.012518088290681309,2526,1,0.0,0,0,0.0,0,0,,,3.1080326176881963,1.94161077000725
5,circuit,4,0000000001000111000010010,27,2,6,2,2,False,0.395719839887119,0.07497893850042123,1513,2,0.09594417793283908,9680,2,0.10867507495601754,21929,2,0.09885999393424003,49872,2,0.07400469405393405,37333,2,0.05849208079766884,11803,2,0.003419464184829473,345,1,0.001536250557510283,31,1,5.608999961829862,4.810353079825324,0.893707873133505,0.4177700354117719
5,circuit,4,0000000001000111100010000,27,0,6,2,2,False,,0.0,0,0,0.0,0,0,0.0,0,0,0.0,0,0,0.0,0,0,0.0,0,0,0.0,0,0,0.0,0,0,,,,
5,circuit,4,0000000001010000110010000,27,3,5,2,2,False,0.18195257958374136,0.504881312255315,10188,2,0.318875629385878,32172,3,0.23707906930644002,47839,3,0.16169809562888648,81572,3,0.07147529674825757,36057,3,0.0,0,0,0.0,0,0,0.0,0,0,,,,1.1777860781178633
5,circuit,4,0000000001010000110110000,27,0,6,2,3,False,,0.0,0,0,0.0,0,0,0.0,0,0,0.0,0,0,0.0,0,0,0.0,0,0,0.0,0,0,0.0,0,0,,,,
5,circuit,4,0000000001010001000010000,27,14,4,2,1,False,-0.2854190657094139,0.15600376629168938,3148,4,0.29480038060500335,29743,13,0.3222043263869961,65016,14,0.4010636884974558,202325,14,0.6061276433787673,305772,10,0.6019634467857355,121469,6,0.8129007958926784,82016,5,0.9456365528519748,19082,4,-2.599704943355327,-1.463340913591789,-0.9017000185131694,-0.5957902870144686
5,circuit,4,0000000001010001000010010,27,1,5,2,2,False,0.2551295584896025,0.06075623172605184,1226,1,0.057546683582444594,5806,1,0.07086750749560175,14300,1,0.06906442590357027,34841,1,0.02820595161635624,14229,1,0.044948163419033835,9070,1,0.002408492164966846,243,1,0.0,0,0,,4.578530652349779,0.6568621399711343,1.2919431787703062
5,circuit,4,0000000001010001000110000,27,5,5,2,2,False,0.016455527420609545,0.4928390901432182,9945,1,0.2732823216905206,27572,5,0.20334018881482765,41031,5,0.1683030342675793,84904,5,0.18440416438703744,93026,3,0.1910916407318572,38560,2,0.24000673981346576,24215,2,0.052628970712126466,1062,1,3.227187604916953,0.1873172168179859,0.08963071302365837,-0.13181004975192664
5,circuit,4,0000000001010001010010000,27,0,5,2,2,False,,0.0,0,0,0.0,0,0,0.0,0,0,0.0,0,0,0.0,0,0,0.0,0,0,0.0,0,0,0.0,0,0,,,,
5,circuit,4,0000000001010001010110000,27,0,6,2,3,False,,0.0,0,0,0.0,0,0,0.0,0,0,0.0,0,0,0.0,0,0,0.0,0,0,0.0,0,0,0.0,0,0,,,,
5,circuit,4,0000000001010001100010000,27,4,5,2,2,False,-0.17771171885700407,0.03394618167401754,685,1,0.06307735003766404,6364,4,0.07751319473697252,15641,4,0.11375282226332138,57385,4,0.17393769277734167,87746,2,0.2397317977283089,48375,2,0.15187376725838264,15323,2,0.0001982258783884236,4,1,7.41996017784789,-1.2676787415786037,-1.6289074587982812,-0.6126682627878559
5,circuit,4,0000000001010001100110000,27,1,6,2,3,False,-0.11933543785011198,0.0,0,0,0.00017840859532965945,18,1,0.002086379066828555,421,1,0.012385251084799721,6248,1,0.08707985442089489,43929,1,0.16327531865125774,32947,1,0.24371363721962871,24589,1,0.06204469993557659,1252,1,,-10.415786142529775,-6.2901616137879595,-2.8137158791723063
5,circuit,4,0000000001010001110010000,27,1,6,2,3,False,-0.08323323248300137,0.0,0,0,0.00737422194029259,744,1,0.01773174418316525,3578,1,0.03778215199684422,19060,1,0.009960988605818406,5025,1,0.0,0,0,0.0,0,0,0.0,0,0,,,,1.9233440383653622
5,circuit,4,0000000001010010110010000,27,0,6,2,2,False,,0.0,0,0,0.0,0,0,0.0,0,0,0.0,0,0,0.0,0,0,0.0,0,0,0.0,0,0,0.0,0,0,,,,
5,circuit,4,0000000001010011000010000,27,9,5,2,2,False,0.013717850156158243,0.6293176074136478,12699,3,0.44137295325694803,44531,8,0.3862873850880888,77947,9,0.34279274725405423,172929,9,0.32467867139243717,163790,7,0.38602890161952147,77896,3,0.5328615463907308,53762,3,0.7556370484166708,15248,3,-0.2639051298703654,-0.2717624997911629,0.0009656997750688713,0.07832397046633427
5,circuit,4,0000000001010011000010010,27,0,6,2,2,False,,0.0,0,0,0.0,0,0,0.0,0,0,0.0,0,0,0.0,0,0,0.0,0,0,0.0,0,0,0.0,0,0,,,,
5,circuit,4,0000000001010011010010000,27,0,6,2,2,False,,0.0,0,0,0.0,0,0,0.0,0,0,0.0,0,0,0.0,0,0,0.0,0,0,0.0,0,0,0.0,0,0,,,,
5,circuit,4,0000000001010011100010000,27,1,6,2,2,False,0.10111671743179018,0.012042222112096735,243,1,0.048071204852713795,4850,1,0.04606883564189608,9296,1,0.037881265721914636,19110,1,0.054651633007445466,27570,1,0.0,0,0,0.0,0,0,0.0,0,0,,,,-0.5287800685110231
5,circuit,4,0000000001010101000010000,27,0,5,2,2,False,,0.0,0,0,0.0,0,0,0.0,0,0,0.0,0,0,0.0,0,0,0.0,0,0,0.0,0,0,0.0,0,0,,,,
5,circuit,4,0000000001010101000010010,27,0,6,2,2,False,,0.0,0,0,0.0,0,0,0.0,0,0,0.0,0,0,0.0,0,0,0.0,0,0,0.0,0,0,0.0,0,0,,,,
5,circuit,4,0000000001010101000110000,27,0,6,2,2,False,,0.0,0,0,0.0,0,0,0.0,0,0,0.0,0,0,0.0,0,0,0.0,0,0,0.0,0,0,0.0,0,0,,,,
5,circuit,4,0000000001010101100010000,27,0,6,2,2,False,,0.0,0,0,0.0,0,0,0.0,0,0,0.0,0,0,0.0,0,0,0.0,0,0,0.0,0,0,0.0,0,0,,,,
5,circuit,4,0000000001010111000010000,27,1,6,2,3,False,0.06957354902680819,0.061697804648396845,1245,1,0.1002656305752686,10116,1,0.0850806551527616,17168,1,0.06219980930519296,31378,1,0.0,0,0,0.0,0,0,0.0,0,0,0.0,0,0,,,,
5,circuit,4,0000000001010111000010010,27,0,7,2,3,False,,0.0,0,0,0.0,0,0,0.0,0,0,0.0,0,0,0.0,0,0,0.0,0,0,0.0,0,0,0.0,0,0,,,,
5,circuit,4,0000000001100001000000110,27,0,5,2,2,False,,0.0,0,0,0.0,0,0,0.0,0,0,0.0,0,0,0.0,0,0,0.0,0,0,0.0,0,0,0.0,0,0,,,,
5,circuit,4,0000000001100001010000110,27,2,6,2,2,False,0.395719839887119,0.07497893850042123,1513,2,0.09594417793283908,9680,2,0.10867507495601754,21929,2,0.09885999393424003,49872,2,0.07400469405393405,37333,2,0.05849208079766884,11803,2,0.003419464184829473,345,1,0.001536250557510283,31,1,5.608999961829862,4.810353079825324,0.893707873133505,0.4177700354117719
5,circuit,4,0000000011000111000010000,27,0,6,2,2,False,,0.0,0,0,0.0,0,0,0.0,0,0,0.0,0,0,0.0,0,0,0.0,0,0,0.0,0,0,0.0,0,0,,,,
5,circuit,4,0000000011010011000010000,27,0,6,2,2,False,,0.0,0,0,0.0,0,0,0.0,0,0,0.0,0,0,0.0,0,0,0.0,0,0,0.0,0,0,0.0,0,0,,,,
5,circuit,4,0000000011010011000010010,27,0,7,2,2,False,,0.0,0,0,0.0,0,0,0.0,0,0,0.0,0,0,0.0,0,0,0.0,0,0,0.0,0,0,0.0,0,0,,,,
5,circuit,4,0000000001000100100010000,27,2,4,1,1,True,-0.15188955376807847,0.0,0,0,0.014996233596320819,1513,2,0.034323661322694946,6926,2,0.0717801419704998,36211,2,0.009960988605818406,5025,1,0.0,0,0,0.0,0,0,0.0,0,0,,,,2.849223937829417
5,circuit,5,0000000000000000000011110,43,0,4,1,4,False,,0.0,0,0,0.0,0,0,0.0,0,0,0.0,0,0,0.0,0,0,0.0,0,0,0.0,0,0,0.0,0,0,,,,
5,circuit,5,0000000000000000010011010,43,2,4,1,3,False,0.26378151743650846,0.05673773936233793,21360,2,0.0923308464001802,173801,2,0.08653384633978221,325777,2,0.06642982319507701,625227,2,0.0,0,0,0.0,0,0,0.0,0,0,0.0,0,0,,,,
5,circuit,5,0000000000000000010011100,43,2,4,2,3,False,0.16452346989928915,0.05623039347197246,21169,2,0.09108189029586075,171450,2,0.08606874056208472,324026,2,0.07181346648190652,675897,2,0.03314686255324543,311973,1,0.02611178416978397,98304,1,3.718720250237998e-06,7,1,0.0,0,0,,14.580070390953576,1.7207883204305165,1.1153820824793483
5,circuit,5,0000000000000000010011110,43,0,5,2,4,False,,0.0,0,0,0.0,0,0,0.0,0,0,0.0,0,0,0.0,0,0,0.0,0,0,0.0,0,0,0.0,0,0,,,,
5,circuit,5,0000000000000000010111000,43,1,4,1,2,False,0.09554161933040665,0.04936130199299278,18583,1,0.04578372393979511,86182,1,0.04748169525876323,178756,1,0.04652957412587249,437929,1,0.004065835791318617,38267,1,0.0,0,0,0.0,0,0,0.0,0,0,,,,3.5165241277921964
5,circuit,5,0000000000000000010111100,43,0,5,2,3,False,,0.0,0,0,0.0,0,0,0.0,0,0,0.0,0,0,0.0,0,0,0.0,0,0,0.0,0,0,0.0,0,0,,,,
5,circuit,5,0000000000000000110010100,43,9,4,2,2,False,-0.2812303135099282,0.05824649572740385,21928,4,0.1036862001772232,195176,9,0.1098574003216694,413584,9,0.12765173916009215,1201438,9,0.35274002185119785,3319933,7,0.4720385514313483,1777101,6,0.5150921605127159,969593,6,0.37856531925179426,142520,3,-2.7002990894477796,-2.3126066875185196,-2.1032726321644115,-1.4663920795738048
5,circuit,5,0000000000000000110010110,43,0,5,2,3,False,,0.0,0,0,0.0,0,0,0.0,0,0,0.0,0,0,0.0,0,0,0.0,0,0,0.0,0,0,0.0,0,0,,,,
5,circuit,5,0000000000000000110011100,43,1,5,2,3,False,0.08670865014973436,0.000510002151571577,192,1,0.004164957829801973,7840,1,0.0073171152816864935,27547,1,0.012647258634388465,119034,1,0.0,0,0,0.0,0,0,0.0,0,0,0.0,0,0,,,,
5,circuit,5,0000000000000010000111000,43,7,4,2,2,False,0.32576584594292557,0.16921446387351946,63704,6,0.14132063162860475,266018,7,0.1397049194697635,525952,7,0.1537907244936751,1447454,7,0.2596820324525244,2444086,7,0.21191068592573664,797788,2,0.17663868064055488,332499,2,0.0,0,0,,-0.3218291989703381,-0.6010735160045306,-0.7557777032308955
5,circuit,5,0000000000000010010011000,43,4,4,1,2,False,0.06283493795156654,0.09199429435092929,34633,3,0.10496915593729614,197591,4,0.10692306364192965,402537,4,0.09754743014172997,918101,4,0.1735334245446773,1633269,3,0.2357205828720572,887426,2,0.33418067030463755,629051,2,0.0,0,0,,-1.6706628177035991,-1.1405046581991598,-0.8310377982473444
5,circuit,5,0000000000000010010111000,43,0,5,2,2,False,,0.0,0,0,0.0,0,0,0.0,0,0,0.0,0,0,0.0,0,0,0.0,0,0,0.0,0,0,0.0,0,0,,,,
5,circuit,5,0000000000000010100010010,43,4,4,1,2,False,0.3054706673546078,0.15074282344628642,56750,4,0.14056360804346857,264593,4,0.129875542368852,488947,4,0.11537019002231444,1085846,4,0.06022211807445536,566801,2,0.03916103568456442,147431,1,0.012266995614035088,23091,1,0.0,0,0,,3.5183692706263816,1.7296389486880488,0.9379051455859415
5,circuit,5,0000000000000010100011000,43,10,4,2,2,False,0.26868225174593335,0.2931556117502371,110364,8,0.2831422269349523,532979,10,0.2675234777481018,1007155,10,0.25846874607542286,2432667,10,0.32544971807322287,3063081,8,0.33952677172402745,1278229,3,0.3723028653270774,700811,3,0.0,0,0,,-0.3949497952811782,-0.3438598282399804,-0.33244482341554565
5,circuit,5,0000000000000010100011010,43,2,5,2,3,False,0.22994967634314625,0.014949438067941849,5628,2,0.02235583614715901,42082,2,0.02702819720378725,101754,2,0.03982281045516914,374806,2,0.031769129971490166,299006,1,0.0,0,0,0.0,0,0,0.0,0,0,,,,0.32596946043029357
5,circuit,5,0000000000000010100110000,43,14,4,2,2,False,-0.07638028702206563,0.2695866060684943,101491,9,0.32156130669176974,605298,14,0.33269008310013853,1252490,14,0.34073181423997556,3206914,14,0.27898027601613756,2625718,9,0.3048940736099228,1147846,6,0.3499958562831497,658821,4,0.2685922533827037,101118,3,0.005331124758528467,-0.12224402341317916,0.1258707545067951,0.2884735319117066
5,circuit,5,0000000000000010100111000,43,3,5,2,2,False,0.04537480392330631,0.010157542852133907,3824,3,0.01903661975422499,35834,3,0.02257157542297134,84976,3,0.03515305505553536,330855,3,0.06010195029856539,565670,1,0.03916103568456442,147431,1,0.012266995614035088,23091,1,0.0,0,0,,0.6339953757319926,-0.7949118026388496,-0.7737617315039462
5,circuit,5,0000000000000010110010000,43,11,4,1,2,False,-0.22232682117693217,0.32818107201389757,123550,8,0.271387908447427,510853,11,0.2304151553827826,867452,11,0.22445797538887713,2112563,11,0.24071422371032405,2265564,6,0.21635588355839996,814523,6,0.16260051169590642,306074,4,0.2824630651784718,106340,3,0.2164297998804131,0.7390246461211928,0.09082925829203824,-0.10087603395204024
5,circuit,5,0000000000000010110011000,43,3,5,2,2,False,-0.11614199111864763,0.0019868833821642686,748,2,0.0058410346095245785,10995,3,0.009470254878497425,35653,3,0.020565899852547462,193563,3,0.17733608121939162,1669059,3,0.21191068592573664,797788,2,0.17663868064055488,332499,2,0.0,0,0,,-4.918433558068509,-4.483909275149212,-3.1081599973904197
5,circuit,5,0000000000000010110110000,43,0,5,2,3,False,,0.0,0,0,0.0,0,0,0.0,0,0,0.0,0,0,0.0,0,0,0.0,0,0,0.0,0,0,0.0,0,0,,,,
5,circuit,5,0000000000000010110111000,43,0,6,2,3,False,,0.0,0,0,0.0,0,0,0.0,0,0,0.0,0,0,0.0,0,0,0.0,0,0,0.0,0,0,0.0,0,0,,,,
5,circuit,5,0000000000000011100001000,43,19,4,2,2,False,0.014509733172286895,0.659379656757927,248236,14,0.6160663248284611,1159666,19,0.5835667052262643,2196974,19,0.5541541177593079,5215611,19,0.3676198949812263,3459980,11,0.40729352408946495,1533353,7,0.33966843890248877,639381,5,0.17195344167193485,64736,2,1.9390913856396397,0.8589585047695553,0.518828698309805,0.5920724200820267
5,circuit,5,0000000000000011100001010,43,1,5,2,2,False,-0.2182151575469809,0.0,0,0,7.915544855108343e-05,149,1,0.0010420388154810366,3923,1,0.004904990967761677,46165,1,0.06271631660585851,590276,1,0.09275468644954482,349197,1,0.09004031092751258,169489,1,0.1894420331815743,71320,1,,-10.151666663770456,-6.475939252560927,-3.6765184460436013
5,circuit,5,0000000000000011100011000,43,0,5,2,2,False,,0.0,0,0,0.0,0,0,0.0,0,0,0.0,0,0,0.0,0,0,0.0,0,0,0.0,0,0,0.0,0,0,,,,
5,circuit,5,0000000000000011100101000,43,2,5,2,3,False,0.09643897066589319,0.01403037169063057,5282,1,0.03534689211271736,66536,2,0.05064287393402191,190657,2,0.0684518503391791,644258,2,0.031769129971490166,299006,1,0.0,0,0,0.0,0,0,0.0,0,0,,,,1.1074639588765536
5,circuit,5,0000000000000011110001000,43,1,5,2,3,False,0.08670865014973436,0.000510002151571577,192,1,0.004164957829801973,7840,1,0.0073171152816864935,27547,1,0.012647258634388465,119034,1,0.0,0,0,0.0,0,0,0.0,0,0,0.0,0,0,,,,
5,circuit,5,0000000000000011110101000,43,0,6,2,4,False,,0.0,0,0,0.0,0,0,0.0,0,0,0.0,0,0,0.0,0,0,0.0,0,0,0.0,0,0,0.0,0,0,,,,
5,circuit,5,0000000000000110100010000,43,5,4,1,2,False,-0.10715907973315024,0.07922830299440325,29827,4,0.09401064189225083,176963,5,0.09222322421100024,347196,5,0.09955883237308914,937032,5,0.13415834372892615,1262677,4,0.08659356550006016,326002,3,0.05721941724466204,107708,1,0.0005365576374464107,202,1,7.206138936231136,0.7163192728850469,0.09087027788262428,-0.430315567536334
5,circuit,5,0000000000000110100010010,43,4,5,2,2,False,-0.12336471533771219,0.0019975084269886765,752,2,0.008548257198895862,16091,4,0.01387136146368868,52222,4,0.03198948728633566,301080,4,0.10691733955131626,1006289,2,0.1549284850442408,583265,2,0.17276536787705699,325208,2,0.4539835420241504,170913,2,-7.828294597599789,-4.337039920861109,-3.4814211222726312,-1.7408260693691635
5,circuit,5,0000000000000110100011000,43,1,5,2,2,False,0.3276813114096719,0.08082471597927053,30428,1,0.051193387916947344,96365,1,0.039306617862877466,147979,1,0.034599603350757485,325646,1,0.00012016777588996669,1131,1,0.0,0,0,0.0,0,0,0.0,0,0,,,,8.169561612922227
5,circuit,5,0000000000000110100111000,43,0,6,2,2,False,,0.0,0,0,0.0,0,0,0.0,0,0,0.0,0,0,0.0,0,0,0.0,0,0,0.0,0,0,0.0,0,0,,,,
5,circuit,5,0000000000000111100011000,43,0,6,2,2,False,,0.0,0,0,0.0,0,0,0.0,0,0,0.0,0,0,0.0,0,0,0.0,0,0,0.0,0,0,0.0,0,0,,,,
5,circuit,5,0000000000010000100010010,43,21,4,2,2,False,-0.29664104023261184,0.17070462641014267,64265,12,0.24331375519822862,458007,21,0.265850584436886,1000857,21,0.33508403562235745,3153758,21,0.6366827701402945,5992357,14,0.6861432817219371,2583149,12,0.7530647567319462,1417545,9,0.833085418913391,313635,6,-2.2869622687219078,-1.629956046791724,-1.3678942361356647,-0.9260517686552007
5,circuit,5,0000000000010000100010110,43,1,5,2,3,False,-0.1833044278268821,2.6562612061019633e-06,1,1,0.0029160017254825296,5489,1,0.006852009503988993,25796,1,0.018030901921217972,169704,1,0.03314686255324543,311973,1,0.02611178416978397,98304,1,3.718720250237998e-06,7,1,0.0,0,0,,9.614969636217776,-1.9301019800881534,-0.8784007581052302
5,circuit,5,0000000000010000100110000,43,17,4,2,2,False,-0.1756103535910546,0.4977302247993859,187380,13,0.4656667226244334,876558,17,0.4427044665826413,1666665,17,0.43180442255617973,4064075,17,0.42413019939457114,3991846,12,0.36934877522652976,1390501,9,0.33496000781993746,630518,5,0.2824630651784718,106340,3,0.8173017644059957,0.47530893140606423,0.26136013567493965,0.02587080858627056
5,circuit,5,0000000000010000100110100,43,1,5,2,2,False,0.11644910510073257,0.009209257601555507,3467,1,0.012290344310263858,23135,1,0.012428497623338695,46790,1,0.01624092287142092,152857,1,0.0,0,0,0.0,0,0,0.0,0,0,0.0,0,0,,,,
5,circuit,5,0000000000010000110010010,43,3,5,2,2,False,-0.024228105670775504,0.05279584773248262,19876,2,0.057430199769227336,108105,3,0.06751418094500676,254173,3,0.06649676014535731,625857,3,0.08646066162826167,813754,3,0.07576757685862252,285245,2,0.05970033489732082,112378,1,0.17141688403448843,64534,1,-1.6990128428283529,-0.055929444406899814,-0.16639004609390287,-0.37875982495112853
5,circuit,5,0000000000010000110010100,43,5,5,2,2,False,0.3294575453162622,0.38591756558972984,145286,4,0.23827436872201668,448521,5,0.17111217655425948,644192,5,0.1355987488952747,1276234,5,0.03704769343213512,348687,3,0.05408399046201634,203612,1,0.05970033489732082,112378,1,0.17141688403448843,64534,1,1.1707834942391195,1.9968128389148587,1.6616689208717976,1.871888238394509
5,circuit,5,0000000000010000110010110,43,0,6,2,3,False,,0.0,0,0,0.0,0,0,0.0,0,0,0.0,0,0,0.0,0,0,0.0,0,0,0.0,0,0,0.0,0,0,,,,
5,circuit,5,0000000000010000110110000,43,0,5,2,3,False,,0.0,0,0,0.0,0,0,0.0,0,0,0.0,0,0,0.0,0,0,0.0,0,0,0.0,0,0,0.0,0,0,,,,
5,circuit,5,0000000000010000110110100,43,0,6,2,3,False,,0.0,0,0,0.0,0,0,0.0,0,0,0.0,0,0,0.0,0,0,0.0,0,0,0.0,0,0,0.0,0,0,,,,
5,circuit,5,0000000000010001000011000,43,17,4,2,2,False,0.12853225198415302,0.5516363897160191,207674,12,0.47136272745238456,887280,17,0.43769641156681677,1647811,17,0.42214138316389077,3973128,17,0.39462268858983063,3714126,12,0.43614600435568274,1641975,6,0.4694151196790426,883612,5,0.2680556957452573,100916,2,1.0411848397041281,0.00597337213845506,0.0051193833148180995,0.09725236051045828
5,circuit,5,0000000000010001000011010,43,1,5,2,3,False,-0.07084646340477302,0.0,0,0,0.0005158385271349128,971,1,0.0021430459248791747,8068,1,0.00815642676534519,76767,1,0.03824458997979248,359952,1,0.03660043184955549,137791,1,0.037411919454644366,70423,1,0.09663881171076887,36382,1,,-6.18043464674269,-4.094125998997771,-2.229246512864008
5,circuit,5,0000000000010001000011110,43,0,6,2,4,False,,0.0,0,0,0.0,0,0,0.0,0,0,0.0,0,0,0.0,0,0,0.0,0,0,0.0,0,0,0.0,0,0,,,,
5,circuit,5,0000000000010001000110100,43,5,5,2,2,False,-0.07973482843612933,0.010316918524500025,3884,3,0.01693660976682611,31881,5,0.022140735005252692,83354,5,0.04287120417023575,403497,5,0.16701928984988165,1571959,3,0.19408952072880523,730696,3,0.18503236349109206,348299,3,0.4539835420241504,170913,2,-5.459555963858233,-3.4495606088597244,-3.1319472051126,-1.9619338906298665
5,circuit,5,0000000000010001000111000,43,0,5,2,2,False,,0.0,0,0,0.0,0,0,0.0,0,0,0.0,0,0,0.0,0,0,0.0,0,0,0.0,0,0,0.0,0,0,,,,
5,circuit,5,0000000000010001000111100,43,1,6,2,3,False,0.0009041164842579602,0.0009190663773112793,346,1,0.00532413359314737,10022,1,0.007151100940703661,26922,1,0.012135669085817632,114219,1,0.0,0,0,0.0,0,0,0.0,0,0,0.0,0,0,,,,
5,circuit,5,0000000000010001010010100,43,1,5,2,2,False,0.08670865014973436,0.000510002151571577,192,1,0.004164957829801973,7840,1,0.0073171152816864935,27547,1,0.012647258634388465,119034,1,0.0,0,0,0.0,0,0,0.0,0,0,0.0,0,0,,,,
5,circuit,5,0000000000010001010011000,43,4,5,2,2,False,0.1053897796677352,0.12521349699444045,47139,3,0.1715192321177748,322863,4,0.16291053686381646,613315,4,0.1294761429271762,1218609,4,0.07355404750250243,692279,2,0.060018800782099785,225955,2,0.05970033489732082,112378,1,0.17141688403448843,64534,1,-0.45311913604244647,1.5225594224323198,1.4405935204423836,0.8158096568351055
5,circuit,5,0000000000010001010011010,43,0,6,2,3,False,,0.0,0,0,0.0,0,0,0.0,0,0,0.0,0,0,0.0,0,0,0.0,0,0,0.0,0,0,0.0,0,0,,,,
5,circuit,5,0000000000010001010011100,43,0,6,2,3,False,,0.0,0,0,0.0,0,0,0.0,0,0,0.0,0,0,0.0,0,0,0.0,0,0,0.0,0,0,0.0,0,0,,,,
5,circuit,5,0000000000010011000111000,43,4,6,2,2,False,-0.1532382200171944,0.0026934488629873905,1014,2,0.006986398012720121,13151,4,0.011105960977333067,41811,4,0.02652764464171838,249674,4,0.10691903953753575,1006305,3,0.1549284850442408,583265,2,0.17276536787705699,325208,2,0.4539835420241504,170913,2,-7.397041512274085,-4.628121402220083,-3.8021962844172466,-2.0109502917300386
5,circuit,5,0000000000010011010011000,43,0,6,2,2,False,,0.0,0,0,0.0,0,0,0.0,0,0,0.0,0,0,0.0,0,0,0.0,0,0,0.0,0,0,0.0,0,0,,,,
5,circuit,5,0000000001000010010010000,43,31,4,2,1,False,0.3587712796336491,0.8117135806666684,305585,25,0.7853261735724926,1478276,31,0.7833600505746089,2949143,31,0.7590030729372635,7143617,31,0.6258085957890703,5890011,19,0.5668518146154699,2134048,11,0.5248782384740922,988014,7,0.20768499285475225,78188,3,1.9665737792426277,0.5813091960017536,0.46670391857940935,0.27838425177746706
5,circuit,5,0000000001000010110010000,43,4,5,2,2,False,0.07732807143204658,0.06604527862851921,24864,3,0.07151827587745674,134624,4,0.08130479303324138,306091,4,0.08486649053394649,798750,4,0.08703801944805485,819188,4,0.06271593473860193,236109,3,0.0374156381748946,70430,2,0.09663881171076887,36382,1,-0.5491472837406052,0.93467057479291,0.3745083570752576,-0.03645070918045449
5,circuit,5,0000000001000011000000010,43,18,4,2,1,False,0.2342031040615436,0.4831021943373824,181873,16,0.5138559222087876,967268,18,0.5260181659532477,1980319,18,0.4952349391330624,4661073,18,0.36658067215542633,3450199,11,0.24639941647982316,927629,7,0.24534309975520197,461826,3,0.09663881171076887,36382,1,2.3216537855344543,1.0665632088766466,1.0941137841568895,0.4339823789108659
5,circuit,5,0000000001000011000010000,43,31,4,2,1,False,0.2879397515812181,0.7309924588744359,275196,26,0.6936753202873821,1305755,31,0.67780600759416,2551760,31,0.695128541256855,6542440,31,0.6836250208646746,6434170,21,0.6027079713669242,2269037,12,0.547170372637019,1029976,8,0.2824630651784718,106340,3,1.371794289696667,0.34227044157096737,0.16941327802281528,0.0240745806843417
5,circuit,5,0000000001000011000010010,43,9,5,2,2,False,0.28176801244059374,0.26484783607680845,99707,8,0.2932889991988831,552079,9,0.3168687835930019,1192927,9,0.28811384636503673,2711682,9,0.15149756567285827,1425871,6,0.0911710432893453,343235,4,0.05970033489732082,112378,1,0.17141688403448843,64534,1,0.6276545037691714,2.2965120293032903,1.7972379494098962,0.9273443841039549
5,circuit,5,0000000001000011010010000,43,13,5,2,2,False,-0.08163703243785192,0.11371188597201895,42809,10,0.17752601504909762,334170,13,0.22839004604573762,859828,13,0.2827750402099823,2661434,13,0.32347677781636985,3044512,8,0.3030719011713169,1140986,5,0.22631759570923432,426013,4,0.09663881171076887,36382,1,0.23470844258812462,-0.3503182996359498,-0.40816032625129506,-0.1940073628463053
5,circuit,5,0000000001000011110010000,43,0,6,2,3,False,,0.0,0,0,0.0,0,0,0.0,0,0,0.0,0,0,0.0,0,0,0.0,0,0,0.0,0,0,0.0,0,0,,,,
5,circuit,5,0000000001000100100110000,43,5,5,2,2,False,0.09306515336237699,0.09885276078508456,37215,4,0.12315950301003202,231832,5,0.10752071526946784,404787,5,0.10931685848529969,1028873,5,0.1144662346080857,1077338,3,0.07576757685862252,285245,2,0.05970033489732082,112378,1,0.17141688403448843,64534,1,-0.7941560538775132,1.0447170211243395,0.5049621260686511,-0.06640618726664374
5,circuit,5,0000000001000101000010000,43,20,4,2,1,False,0.17438110013925007,0.33532907091951797,126241,16,0.3216245248016864,605417,20,0.32126245273571713,1209468,20,0.3497676650330509,3291958,20,0.4887321194652566,4599869,16,0.43469145387845154,1636499,9,0.3547196934924521,667713,6,0.47168994405988196,177579,3,-0.4922612833025745,-0.14130200832160617,-0.436239355261432,-0.48264699897618835
5,circuit,5,0000000001000101000010010,43,8,5,2,2,False,0.12536237854891388,0.17969607059279782,67650,6,0.1919599314056945,361340,8,0.1968757429141759,741185,8,0.19487035587720236,1834089,8,0.21045032528705065,1980725,6,0.18392572973889013,692432,5,0.1497406458248334,281867,2,0.3608589172160627,135854,2,-1.0058760439319492,0.35833932078455144,0.09816205217804419,-0.1109650983848662
5,circuit,5,0000000001000101000010100,43,6,5,2,2,False,0.16205765519514367,0.0791592402030446,29801,5,0.0956675938656121,180082,6,0.0908109070093911,341879,6,0.10600305444991533,997684,6,0.15698798991610674,1477546,3,0.14296722453653468,538234,2,0.05038919063647491,94851,2,0.0,0,0,,0.9249160299911675,-0.6547469542267904,-0.5665483562859135
5,circuit,5,0000000001000101000010110,43,0,6,2,3,False,,0.0,0,0,0.0,0,0,0.0,0,0,0.0,0,0,0.0,0,0,0.0,0,0,0.0,0,0,0.0,0,0,,,,
5,circuit,5,0000000001000110100010000,43,6,5,2,2,False,0.0014712697647972978,0.041065798246336355,15460,6,0.08486367200532094,159745,6,0.09690270364315151,364813,6,0.12619283239136397,1187707,6,0.11094620064236105,1044208,2,0.03916103568456442,147431,1,0.012266995614035088,23091,1,0.0,0,0,,2.790365151741367,1.3071179981216146,0.1857697059940806
5,circuit,5,0000000001000111000000010,43,15,5,2,2,False,0.09166346877918935,0.40362154652839943,151951,10,0.2886974519382991,543436,15,0.24691485589291146,929569,15,0.2631280890605686,2476520,15,0.3358558649683946,3161022,10,0.33028787933924736,1243447,6,0.31502554229566165,592994,5,0.7923150071452477,298286,4,-0.9730709365146772,-0.1259104328681755,-0.4197103872754662,-0.35207695738870093
5,circuit,5,0000000001000111000010000,43,4,5,2,2,False,0.23884330922436225,0.14722593360940742,55426,3,0.1205983726914765,227011,4,0.1149464703358935,432743,4,0.10370350458496859,976041,4,0.10485387502827555,986868,4,0.03660415056881795,137805,2,0.037411919454644366,70423,1,0.09663881171076887,36382,1,0.6073572019393857,1.6886405484296905,1.650883014822725,-0.01591552951363179
5,circuit,5,0000000001000111000010010,43,0,6,2,2,False,,0.0,0,0,0.0,0,0,0.0,0,0,0.0,0,0,0.0,0,0,0.0,0,0,0.0,0,0,0.0,0,0,,,,
5,circuit,5,0000000001000111100010000,43,0,6,2,2,False,,0.0,0,0,0.0,0,0,0.0,0,0,0.0,0,0,0.0,0,0,0.0,0,0,0.0,0,0,0.0,0,0,,,,
5,circuit,5,0000000001010000110010000,43,10,5,2,2,False,0.37314981069399566,0.5230470503547436,196911,9,0.3895733680696483,733322,10,0.3135248563311893,1180338,10,0.2560464784682956,2409869,10,0.10457805226416383,984272,6,0.06043078175181958,227506,1,0.07029284390724874,132317,1,0.1669145810866089,62839,1,1.6478307398894705,2.4704453258261196,2.375224314362112,1.2918256113652635
5,circuit,5,0000000001010000110110000,43,1,6,2,3,False,-0.1854198181367469,0.0,0,0,0.0001668108110405382,314,1,0.0012455059917895947,4689,1,0.006195705367769667,58313,1,0.061348252695726586,577400,1,0.1159095575600633,436369,1,0.172359496124031,324444,1,0.0,0,0,,-10.012992277498777,-6.540123759391802,-3.307681809459508
5,circuit,5,0000000001010001000010000,43,38,4,2,1,False,0.16363375283468237,0.9301536115855489,350174,27,0.9146603328141303,1721731,38,0.8991498737626951,3385061,38,0.89009218386794,8377407,38,0.8617687017874611,8110830,24,0.9705772275726033,3653968,17,1.0,1882368,13,1.0,376474,7,-0.10445910299761099,-0.1286920095704339,-0.11028140113421679,0.0466540561432891
5,circuit,5,0000000001010001000010010,43,4,5,2,2,False,0.32451091214113875,0.22004733457469275,82841,4,0.22389251433829233,421449,4,0.2485872179582361,935865,4,0.20421645412237052,1922053,4,0.037031331064772556,348533,3,0.015403466430722783,57990,2,0.0,0,0,0.0,0,0,,,4.012425156828548,2.4632807994848736
5,circuit,5,0000000001010001000110000,43,5,5,2,2,False,0.06047152213519687,0.13579604163955067,51123,2,0.11104234444626249,209023,5,0.09012745917043298,339306,5,0.09141186178008513,860354,5,0.16242932705726754,1528759,4,0.2452646758591636,923357,3,0.2998117265061879,564356,3,0.28608084489234314,107702,2,-1.0749814757652556,-1.4329468792858608,-1.4443008406951416,-0.8293588491155667
5,circuit,5,0000000001010001010010000,43,5,5,2,2,False,0.23865886471033892,0.1714218169357902,64535,4,0.1669308723249177,314226,5,0.14735671966287137,554759,5,0.12442080944410244,1171029,5,0.06588944713366918,620141,3,0.1276160857982908,480441,1,0.1956641846865225,368312,1,0.0,0,0,,-0.22912890977641803,0.2075026608710863,0.9171084705967818
5,circuit,5,0000000001010001010110000,43,2,6,2,3,False,-0.049478096327672666,0.0009190663773112793,346,1,0.005839972120282282,10993,2,0.009294146865582836,34990,2,0.020292095851162824,190986,2,0.03824458997979248,359952,1,0.03660043184955549,137791,1,0.037411919454644366,70423,1,0.09663881171076887,36382,1,-6.716289844511591,-2.679464599764806,-1.9774663234835201,-0.9143378005713706
5,circuit,5,0000000001010001100010000,43,16,5,2,2,False,-0.15849244796458276,0.14372232507855892,54107,13,0.2160231877652239,406636,16,0.25630303328122694,964913,16,0.31383410388742183,2953757,16,0.4122570706411211,3880098,10,0.3865786640607299,1455367,7,0.28601793060655517,538391,5,0.2680556957452573,100916,2,-0.8992486103896442,-0.40491941461698144,-0.5929114622740438,-0.3935421012489115
5,circuit,5,0000000001010001100110000,43,1,6,2,3,False,-0.1854198181367469,0.0,0,0,0.0001668108110405382,314,1,0.0012455059917895947,4689,1,0.006195705367769667,58313,1,0.061348252695726586,577400,1,0.1159095575600633,436369,1,0.172359496124031,324444,1,0.0,0,0,,-10.012992277498777,-6.540123759391802,-3.307681809459508
5,circuit,5,0000000001010001110010000,43,2,6,2,3,False,0.09643897066589319,0.01403037169063057,5282,1,0.03534689211271736,66536,2,0.05064287393402191,190657,2,0.0684518503391791,644258,2,0.031769129971490166,299006,1,0.0,0,0,0.0,0,0,0.0,0,0,,,,1.1074639588765536
5,circuit,5,0000000001010010110010000,43,0,6,2,2,False,,0.0,0,0,0.0,0,0,0.0,0,0,0.0,0,0,0.0,0,0,0.0,0,0,0.0,0,0,0.0,0,0,,,,
5,circuit,5,0000000001010011000010000,43,13,5,2,2,False,0.10473750961797204,0.23885897643630685,89923,9,0.22154441311281722,417029,13,0.22407314193429284,843576,13,0.24089152792832688,2267233,13,0.32446818852974674,3053843,9,0.3316826646854747,1248698,5,0.3573918596151231,672743,4,0.4539835420241504,170913,2,-0.926480902352796,-0.6899108286759766,-0.5658338784465765,-0.4296933852445758
5,circuit,5,0000000001010011000010010,43,0,6,2,2,False,,0.0,0,0,0.0,0,0,0.0,0,0,0.0,0,0,0.0,0,0,0.0,0,0,0.0,0,0,0.0,0,0,,,,
5,circuit,5,0000000001010011010010000,43,2,6,2,2,False,-0.06014592025036725,0.02981918829970064,11226,1,0.04609450204316681,86767,2,0.03888613674003615,146396,2,0.03663650537269963,344817,2,0.03692593191916438,347541,1,0.05408399046201634,203612,1,0.05970033489732082,112378,1,0.17141688403448843,64534,1,-2.523196325416523,-0.3731443421444471,-0.4759456884380098,-0.011352435107540974
5,circuit,5,0000000001010011100010000,43,1,6,2,2,False,-0.0220825208895289,0.05497132566028013,20695,1,0.059087151742588606,111224,1,0.0463902505754057,174647,1,0.03755513532845112,353463,1,0.0,0,0,0.0,0,0,0.0,0,0,0.0,0,0,,,,
5,circuit,5,0000000001010101000010000,43,5,5,2,2,False,0.05113956921576248,0.05099755889595159,19199,5,0.05445151117844932,102498,5,0.06384858429610583,240373,5,0.08293721887808997,780592,5,0.08646512409208783,813796,3,0.027618396716689638,103976,2,0.0,0,0,0.0,0,0,,,1.2090250599172765,-0.06009866532412952
5,circuit,5,0000000001010101000010010,43,1,6,2,2,False,0.1949870677213541,0.04531581617609949,17060,1,0.04498526327420935,84679,1,0.05100173053349041,192008,1,0.04694022700338574,441794,1,0.01762290714430896,165864,1,0.015399747711460323,57976,1,0.0,0,0,0.0,0,0,,,1.727639483865177,1.413372882207001
5,circuit,5,0000000001010101000110000,43,0,6,2,2,False,,0.0,0,0,0.0,0,0,0.0,0,0,0.0,0,0,0.0,0,0,0.0,0,0,0.0,0,0,0.0,0,0,,,,
5,circuit,5,0000000001010101100010000,43,3,6,2,2,False,0.0646692111103946,0.010157542852133907,3824,3,0.01903661975422499,35834,3,0.02257157542297134,84976,3,0.03515305505553536,330855,3,0.06010195029856539,565670,1,0.03916103568456442,147431,1,0.012266995614035088,23091,1,0.0,0,0,,0.6339953757319926,-0.7949118026388496,-0.7737617315039462
5,circuit,5,0000000001010111000010000,43,0,6,2,3,False,,0.0,0,0,0.0,0,0,0.0,0,0,0.0,0,0,0.0,0,0,0.0,0,0,0.0,0,0,0.0,0,0,,,,
5,circuit,5,0000000001010111000010010,43,0,7,2,3,False,,0.0,0,0,0.0,0,0,0.0,0,0,0.0,0,0,0.0,0,0,0.0,0,0,0.0,0,0,0.0,0,0,,,,
5,circuit,5,0000000001100001000000110,43,1,5,2,2,False,0.0427593017770381,0.0019736020761337587,743,1,0.004564985029526576,8593,1,0.005572769398111687,20980,1,0.008942139062682947,84162,1,0.05084425034379565,478538,1,0.0,0,0,0.0,0,0,0.0,0,0,,,,-2.5073927509268583
5,circuit,5,0000000001100001010000110,43,0,6,2,2,False,,0.0,0,0,0.0,0,0,0.0,0,0,0.0,0,0,0.0,0,0,0.0,0,0,0.0,0,0,0.0,0,0,,,,
5,circuit,5,0000000011000111000010000,43,0,6,2,2,False,,0.0,0,0,0.0,0,0,0.0,0,0,0.0,0,0,0.0,0,0,0.0,0,0,0.0,0,0,0.0,0,0,,,,
5,circuit,5,0000000011010011000010000,43,1,6,2,2,False,0.05186935104532751,0.0016150068133099936,608,1,0.0037622744069716295,7082,1,0.004385700454348048,16511,1,0.006673826441200351,62813,1,1.6999862194867082e-06,16,1,0.0,0,0,0.0,0,0,0.0,0,0,,,,11.938775401537201
5,circuit,5,0000000011010011000010010,43,0,7,2,2,False,,0.0,0,0,0.0,0,0,0.0,0,0,0.0,0,0,0.0,0,0,0.0,0,0,0.0,0,0,0.0,0,0,,,,
5,circuit,5,0000000001000100100010000,43,27,4,1,1,True,-0.11370901825681112,0.5638020660399661,212254,20,0.5296344187015106,996969,27,0.5221166961286784,1965631,27,0.5624766119108247,5293941,27,0.6051146635392587,5695243,14,0.6116363506932888,2302650,9,0.6161579457364341,1159836,7,0.4529954259789521,170541,3,0.3156922815902831,-0.2183033384843035,-0.22830185771708403,-0.10541543591961874
5,circuit,6,0000000000000000000011110,63,0,4,1,4,False,,0.0,0,0,0.0,0,0,0.0,0,0,0.0,0,0,0.0,0,0,0.0,0,0,0.0,0,0,0.0,0,0,,,,
5,circuit,6,0000000000000000010011010,63,12,4,1,3,False,-0.037156609860381856,0.014762619333291923,81280,12,0.05520529649672205,1519746,12,0.10950297165894265,6029011,12,0.14078105256945112,19377797,12,0.2454919568009342,33790721,12,0.2395287679256301,13187967,12,0.24205796066334603,6663609,10,0.22663567145682995,1247810,9,-3.9403543261036913,-2.1324739479588426,-1.129228915392548,-0.8022225797378937
5,circuit,6,0000000000000000010011100,63,11,4,2,3,False,0.04945123606717369,0.07307006177851058,402309,11,0.08488161334221173,2336705,11,0.11490960063963132,6326689,11,0.15025171070241153,20681385,11,0.22869820238408942,31479146,10,0.23122165044706428,12730594,10,0.2467720835725812,6793384,8,0.318780005873809,1755138,7,-2.125208813016879,-1.5396552139942712,-1.008777151493979,-0.6060636089627317
5,circuit,6,0000000000000000010011110,63,2,5,2,4,False,0.1786688102358768,0.0591718039782789,325788,2,0.04110423379514591,1131558,2,0.03406050208864414,1875302,2,0.04223473641839108,5813397,2,0.03294159324629203,4534243,1,0.044799837959872364,2466588,1,0.05397308385660915,1485824,1,0.09589819602865852,527996,1,-0.6965937971205107,-0.3929531196162448,-0.39539381203421825,0.35851971353770845
5,circuit,6,0000000000000000010111000,63,11,4,1,2,False,0.12395308071175731,0.29593457660451766,1629356,10,0.15684684243217215,4317835,11,0.1285894192206552,7079872,11,0.15283506063521907,21036970,11,0.2032457412649465,27975744,10,0.22099185028026916,12167362,9,0.2426119586482333,6678860,8,0.3354333623270164,1846828,6,-0.1807479180637559,-0.6292941786551439,-0.7812212293623327,-0.41124958477270657
5,circuit,6,0000000000000000010111100,63,0,5,2,3,False,,0.0,0,0,0.0,0,0,0.0,0,0,0.0,0,0,0.0,0,0,0.0,0,0,0.0,0,0,0.0,0,0,,,,
5,circuit,6,0000000000000000110010100,63,18,4,2,2,False,-0.19651250439983858,0.11689422677693588,643596,16,0.17511002674308163,4820602,18,0.21292985627311667,11723485,18,0.2612282783668547,35956746,18,0.3295760255476481,45364466,17,0.3348413863519516,18435686,17,0.3441826996792943,9474999,14,0.24957349499082512,1374101,13,-1.094261047187732,-0.974912887844837,-0.6530996022474563,-0.3353002206026257
5,circuit,6,0000000000000000110010110,63,8,5,2,3,False,-0.04636035219663051,0.004266593144172743,23491,8,0.015069060472943631,414836,8,0.03268891130687771,1799785,8,0.06676000731795975,9189176,8,0.11869888755285057,16338299,7,0.12111197276862766,6668179,7,0.1310976966419498,3608986,6,0.15826537011807737,871377,5,-5.213117261276368,-3.1209809623639275,-1.8894682580656148,-0.8302503961354658
5,circuit,6,0000000000000000110011100,63,6,5,2,3,False,0.12675960236255207,0.06992592172833076,384998,6,0.0706015756699238,1943590,6,0.08868834550320392,4883000,6,0.1081248823694346,14882841,6,0.08869607328264587,12208564,5,0.063048132525489,3471302,5,0.06022598511728422,1657960,4,0.007225293631421573,39781,4,3.2746992415642744,0.2293142947560798,0.49229089424087746,0.2857564225916949
5,circuit,6,0000000000000010000111000,63,7,4,2,2,False,0.20746343537815956,0.10873755266720646,598687,6,0.1364102038037067,3755235,7,0.1335193506145986,7351304,7,0.14395662921731323,19814899,7,0.10532389349840231,14497299,6,0.09653781804184669,5315176,4,0.10619474073522736,2923433,4,0.11316454275375572,623061,3,-0.05757173379666261,0.3612392465331364,0.46788271881611376,0.4508014672299935
5,circuit,6,0000000000000010010011000,63,8,4,1,2,False,0.12534848224704384,0.048914072038240414,269311,7,0.04152179362634785,1143053,8,0.04561463375500225,2511449,8,0.07998708444907252,11009816,8,0.1907831092438202,26260326,8,0.20719190376208407,11407565,7,0.2113660872518311,5818693,7,0.2045144417783656,1126015,5,-2.0638812451796964,-2.3478032507086617,-2.1833989906360256,-1.2540944784104595
5,circuit,6,0000000000000010010111000,63,5,5,2,2,False,0.033578698300415766,0.04568729183308214,251545,5,0.04537929089949507,1249246,5,0.04375152464310932,2408870,5,0.056380706874170045,7760518,5,0.08114988129492988,11169869,4,0.09445924510797865,5200734,4,0.08437112147376613,2322651,4,0.05819538933237095,320412,3,-0.34911192905942373,-0.8947152126114081,-1.1103587133896429,-0.5253874185799787
5,circuit,6,0000000000000010100010010,63,5,4,1,2,False,0.12029283265396411,0.0603747177066794,332411,5,0.10003574777119494,2753883,5,0.10270671635950525,5654823,5,0.101292628870101,13942416,5,0.0529038263605818,7281943,4,0.04447741414062746,2448836,3,0.04071865209976352,1120943,3,0.016087770762343762,88576,2,1.9079801087020865,1.2967539290506083,1.2073857085422086,0.9370852154753854
5,circuit,6,0000000000000010100011000,63,13,4,2,2,False,-0.11855980741703326,0.026373470294406006,145207,12,0.04816228449217659,1325859,13,0.06904995238927002,3801750,13,0.13310836850196334,18321691,13,0.22725011408157952,31279824,11,0.2558707625365099,14087724,11,0.26123444235004556,7191518,10,0.2540533187111693,1398766,8,-3.267971987633469,-2.4393693904696288,-1.8897029802011713,-0.7716797425563477
5,circuit,6,0000000000000010100011010,63,1,5,2,3,False,-0.04350717418518614,1.4348510424828516e-05,79,1,0.0012992485848281605,35767,1,0.004105654682091694,226049,1,0.008936217785062931,1230025,1,0.022827722063206386,3142120,1,0.024721090773293538,1361093,1,0.02629694139423468,723928,1,0.029639487253162438,163189,1,-11.012403801849285,-4.339145616245855,-2.5900582053072796,-1.353050651471715
5,circuit,6,0000000000000010100110000,63,42,4,2,2,False,-0.03250416640975194,0.4213828767419364,2320049,38,0.37550714267058627,10337332,42,0.4565452080713405,25136451,42,0.5478813159558477,75413081,42,0.7597243707960717,104572201,37,0.7849168858704862,43215928,35,0.7945672961886966,21873628,30,0.7908682430536397,4354360,28,-0.9083056746452521,-1.0813290642944577,-0.7817821704415255,-0.4716126962551804
5,circuit,6,0000000000000010100111000,63,7,5,2,2,False,-0.05508395869835395,0.00422536388004064,23264,7,0.013227510825043375,364140,7,0.02778756796450548,1529927,7,0.05360845785505985,7378932,7,0.12564092357610493,17293835,6,0.14989082324815953,8252684,6,0.1676058768757187,4614019,5,0.23832771168279543,1312184,4,-5.817727312388734,-3.66345923257294,-2.4314005830064667,-1.2287739142148446
5,circuit,6,0000000000000010110010000,63,43,4,1,2,False,-0.1890424475256896,0.24536443218585208,1350927,40,0.3540493986175809,9746622,43,0.47251621186812076,26015782,43,0.5676460189355914,78133592,43,0.7404731265020669,101922365,39,0.7372476357508805,40591356,36,0.7375226129873823,20303246,30,0.7306913059090264,4023038,27,-1.5743359092742908,-1.0587366182648645,-0.64178546222333,-0.3834558245906938
5,circuit,6,0000000000000010110011000,63,2,5,2,2,False,-0.06389913626276253,3.3782568848330436e-05,186,1,0.0018393338019060562,50635,2,0.005314362588070134,292598,2,0.021156784846737754,2912124,2,0.06216818563178223,8557135,2,0.07352160314964046,4047950,2,0.08607496223706937,2369556,2,0.11313566410094669,622902,2,-11.709487129965945,-5.5483384142429095,-3.7901996567271428,-1.555056073974911
5,circuit,6,0000000000000010110110000,63,8,5,2,3,False,0.11962712749497384,0.12224531303182572,673058,8,0.10330088765700768,2843769,8,0.09873760867341869,5436292,8,0.12110145262024269,16669000,8,0.08511977714019683,11716305,6,0.07275063389100436,4005502,6,0.07513540003533004,2068401,4,0.06538472086784165,359995,4,0.9027537017638252,0.4592879525935894,0.44063988629482925,0.508649891656103
5,circuit,6,0000000000000010110111000,63,0,6,2,3,False,,0.0,0,0,0.0,0,0,0.0,0,0,0.0,0,0,0.0,0,0,0.0,0,0,0.0,0,0,0.0,0,0,,,,
5,circuit,6,0000000000000011100001000,63,29,4,2,2,False,-0.23146353857699437,0.33779935260973976,1859855,27,0.31188108651574525,8585771,29,0.3520124344583955,19381089,29,0.4061602432380324,55905895,29,0.4987296770652366,68647607,24,0.5679952367293184,31272663,23,0.5785144390197371,15925913,21,0.5812718848878736,3200365,20,-0.7830465663760726,-0.8913569020614901,-0.6902524397768998,-0.29620902440621877
5,circuit,6,0000000000000011100001010,63,0,5,2,2,False,,0.0,0,0,0.0,0,0,0.0,0,0,0.0,0,0,0.0,0,0,0.0,0,0,0.0,0,0,0.0,0,0,,,,
5,circuit,6,0000000000000011100011000,63,4,5,2,2,False,0.28467140885907144,0.331177969115467,1823399,4,0.22093666425599573,6082163,4,0.17063176342853342,9394638,4,0.13852590217603522,19067387,4,0.020376683568295265,2804747,2,0.010501604608829818,578197,1,0.008412334622919751,231583,1,0.0,0,0,,4.71498280414713,4.022204543437262,2.7651645947438728
5,circuit,6,0000000000000011100101000,63,8,5,2,3,False,0.10789799765484351,0.12150500254459026,668982,7,0.10100054891227571,2780443,8,0.09181227123769391,5054997,8,0.11353046500327851,15626892,8,0.1312052480309099,18059736,6,0.13844810143462072,7622671,6,0.15007558761437628,4131428,5,0.16495413833819156,908204,5,-0.4410492594278251,-0.571326183106265,-0.5925863737643152,-0.2087459416600029
5,circuit,6,0000000000000011110001000,63,9,5,2,3,False,0.025857114997043976,0.06182646003358641,340404,9,0.07104172986519773,1955707,9,0.10225210458642615,5629793,9,0.13290004988342397,18293017,9,0.16404804358890945,22580380,8,0.17367368468218233,9562120,8,0.1756189958502278,4834612,8,0.17456455441419289,961117,7,-1.4974643379711985,-1.3057102857656477,-0.7642486336239626,-0.30377674248228886
5,circuit,6,0000000000000011110101000,63,0,6,2,4,False,,0.0,0,0,0.0,0,0,0.0,0,0,0.0,0,0,0.0,0,0,0.0,0,0,0.0,0,0,0.0,0,0,,,,
5,circuit,6,0000000000000110100010000,63,23,4,1,2,False,0.07127069361242437,0.4111462135007496,2263688,21,0.31037580057880076,8544332,23,0.31908533782222653,17568190,23,0.3561307986356373,49019596,23,0.36763124736000974,50602574,20,0.34331547330834067,18902252,19,0.3366837661008956,9268561,15,0.30659902644430953,1688072,13,0.4232984263180585,-0.11737808266542905,-0.105592563992517,-0.04585218866833298
5,circuit,6,0000000000000110100010010,63,6,5,2,2,False,-0.03409974961013814,0.000622798003123253,3429,6,0.005964984765695536,164210,6,0.015853000892677348,872834,6,0.03522484469132831,4848521,6,0.11860619978851236,16325541,6,0.13665034162994066,7523690,6,0.12828368038758864,3531519,6,0.16005530171199556,881232,4,-8.005590431817403,-4.426675386034082,-3.107661200462821,-1.7515141737502016
5,circuit,6,0000000000000110100011000,63,4,5,2,2,False,-0.029347448295928984,0.018141057844839204,99881,4,0.02319155273010571,638440,4,0.027786587180017017,1529873,4,0.04974939794727771,6847752,4,0.07546001642879362,10386688,3,0.09641699992300842,5308524,3,0.10079795543467446,2774865,3,0.1390467174870414,765563,3,-2.9382391968583623,-2.1197950555753122,-1.794898890137888,-0.6010333475579256
5,circuit,6,0000000000000110100111000,63,0,6,2,2,False,,0.0,0,0,0.0,0,0,0.0,0,0,0.0,0,0,0.0,0,0,0.0,0,0,0.0,0,0,0.0,0,0,,,,
5,circuit,6,0000000000000111100011000,63,0,6,2,2,False,,0.0,0,0,0.0,0,0,0.0,0,0,0.0,0,0,0.0,0,0,0.0,0,0,0.0,0,0,0.0,0,0,,,,
5,circuit,6,0000000000010000100010010,63,47,4,2,2,False,-0.14880157555378076,0.5088900827818238,2801846,43,0.4661980140280488,12833960,47,0.5247256405235595,28890327,47,0.6315111646472509,86924305,47,0.7939771348337655,109286920,41,0.8115803113471298,44683962,39,0.8118418186274312,22349178,33,0.839974848328044,4624731,29,-0.7229920529584286,-0.800255797639082,-0.6291705777843097,-0.3302892208356065
5,circuit,6,0000000000010000100010110,63,3,5,2,3,False,0.32346644386979323,0.06898909113628941,379840,3,0.057308715550723636,1577651,3,0.055200512579768886,3039228,3,0.06342070505150928,8729538,3,0.059412827880514385,8177874,2,0.04519391353480233,2488285,2,0.05397308385660915,1485824,1,0.09589819602865852,527996,1,-0.47513542197397,0.08651444092913997,0.2885531720437972,0.09417945772700971
5,circuit,6,0000000000010000100110000,63,43,4,2,2,False,-0.1136326717955745,0.242457859877896,1334924,39,0.33061537421515913,9101507,43,0.4310536202689794,23732936,43,0.5349755583427916,73636669,43,0.7635033841895263,105092363,39,0.7529435658239978,41455542,37,0.7552424479496717,20791055,31,0.7080003131245122,3898106,29,-1.5460159753033353,-1.1917860386607952,-0.8046743945687518,-0.5131615717140636
5,circuit,6,0000000000010000100110100,63,3,5,2,2,False,-0.02734718663189907,0.00014348510424828516,790,3,0.0037270166368986524,102601,3,0.009609726417976893,529092,3,0.01825093118945572,2512148,3,0.08052935712753252,11084457,3,0.10572044914044865,5820753,3,0.12400517113219701,3413736,3,0.19265821097290728,1060737,3,-10.390926985892335,-5.056235214303748,-3.459615289904047,-2.141544741986128
5,circuit,6,0000000000010000110010010,63,11,5,2,2,False,-0.036313298287790195,0.015890884482140464,87492,9,0.054399019157586936,1497550,11,0.09739816582766306,5362545,11,0.12289787922579519,16916269,11,0.18394919199379686,25319672,10,0.16379555024252893,9018250,9,0.14796257805546817,4073259,8,0.15032610174330802,827665,6,-3.2418242000841855,-1.4435797985921124,-0.7499296552003717,-0.5818473190017182
5,circuit,6,0000000000010000110010100,63,13,5,2,2,False,-0.11152713938710523,0.060613556835902804,333726,12,0.06531387694622567,1798025,13,0.07999347306085602,4404278,13,0.11049233621564332,15208709,13,0.28217859197289236,38840450,13,0.3191801833147962,17573412,13,0.3444076262757419,9481191,12,0.4474656439385615,2463655,11,-2.884064509375664,-2.3986556365358527,-1.9964168873589707,-1.3526622319348485
5,circuit,6,0000000000010000110010110,63,1,6,2,3,False,-0.09447033360301364,4.94024662728273e-05,272,1,0.001667478598651044,45904,1,0.006317777770472346,347844,1,0.010526214690288393,1448880,1,0.02298881772760798,3164294,1,0.016754051234764988,922444,1,0.013099831047142645,360625,1,0.00019161621832406825,1055,1,-1.9555647043761917,-2.9738080546774794,-1.4070208945673535,-1.126945547700937
5,circuit,6,0000000000010000110110000,63,10,5,2,3,False,0.1649366197286869,0.11930477652830707,656868,10,0.10019300018609474,2758212,10,0.09931621703358572,5468149,10,0.125621488600938,17291160,10,0.20557847535834614,28296833,9,0.23213180028968378,12780705,9,0.25475403539273755,7013119,8,0.3430696772874118,1888872,7,-1.523849812390951,-1.3463232787511614,-1.2248429592103376,-0.71060594790031
5,circuit,6,0000000000010000110110100,63,0,6,2,3,False,,0.0,0,0,0.0,0,0,0.0,0,0,0.0,0,0,0.0,0,0,0.0,0,0,0.0,0,0,0.0,0,0,,,,
5,circuit,6,0000000000010001000011000,63,30,4,2,2,False,-0.04101799415705649,0.2095158594630606,1153552,28,0.30055480787906885,8273970,30,0.37672918435219377,20741943,30,0.4455490265016824,61327561,30,0.5339059913442066,73489448,25,0.5456276291494744,30041148,24,0.5716153460238866,15735988,20,0.6006045991161679,3306807,19,-1.5193560683806437,-0.9274165500760017,-0.5343889005832217,-0.2610015495180234
5,circuit,6,0000000000010001000011010,63,9,5,2,3,False,-0.00446968699460865,0.06349470140386552,349589,9,0.0649674421389031,1788488,9,0.07195717923983644,3961816,9,0.09259166858331323,12744773,9,0.17791297944077428,24488818,8,0.19372707677346676,10666219,8,0.20786159865488665,5722218,7,0.27398195029711414,1508489,6,-2.109372742814484,-1.6778344419883862,-1.4288150717055932,-0.9422174741816928
5,circuit,6,0000000000010001000011110,63,0,6,2,4,False,,0.0,0,0,0.0,0,0,0.0,0,0,0.0,0,0,0.0,0,0,0.0,0,0,0.0,0,0,0.0,0,0,,,,
5,circuit,6,0000000000010001000110100,63,7,5,2,2,False,-0.029098505023180937,0.000623342883265968,3432,7,0.005698611016917475,156877,7,0.013679019423292546,753139,7,0.03249176892991374,4472327,7,0.17888994247742712,24623292,7,0.22712803761896985,12505208,7,0.24054991356200217,6622094,7,0.3526846340320938,1941810,6,-9.144137038348099,-5.399582152067936,-4.053469089396666,-2.460926083993108
5,circuit,6,0000000000010001000111000,63,6,5,2,2,False,-0.030079577919503456,0.0042250006266121645,23262,6,0.012819613535389912,352911,6,0.02618543833992272,1441717,6,0.04995358274096011,6875857,6,0.09017275690107011,12411822,5,0.10148482235095967,5587548,5,0.1092812334753691,3008401,4,0.1415965753913557,779602,3,-5.066691007703577,-3.09162099704108,-1.9544273194783348,-0.8521034767558626
5,circuit,6,0000000000010001000111100,63,1,6,2,3,False,-0.04350717418518614,1.4348510424828516e-05,79,1,0.0012992485848281605,35767,1,0.004105654682091694,226049,1,0.008936217785062931,1230025,1,0.022827722063206386,3142120,1,0.024721090773293538,1361093,1,0.02629694139423468,723928,1,0.029639487253162438,163189,1,-11.012403801849285,-4.339145616245855,-2.5900582053072796,-1.353050651471715
5,circuit,6,0000000000010001010010100,63,8,5,2,2,False,0.13216745097752033,0.1127302527263078,620670,8,0.14843974110346006,4086396,8,0.16449543078842704,9056784,8,0.16382729324369844,22549995,8,0.09274016728884606,12765213,7,0.04978876172452935,2741268,6,0.042998903591818384,1183716,4,0.0013787286381971584,7591,3,6.353392391360299,1.7875056111033103,1.7241554702862787,0.8209094923948709
5,circuit,6,0000000000010001010011000,63,9,5,2,2,False,-0.11015177471170039,0.0035055772115141167,19301,6,0.013988236182592829,385082,9,0.03374129306300031,1857727,9,0.0715843334925207,9853220,9,0.15947175413759002,21950477,9,0.15551665756202004,8562431,9,0.13281984538403366,3656395,8,0.07220516847969513,397547,7,-4.364378193446975,-3.24718475876329,-2.204481949297427,-1.155585126660089
5,circuit,6,0000000000010001010011010,63,0,6,2,3,False,,0.0,0,0,0.0,0,0,0.0,0,0,0.0,0,0,0.0,0,0,0.0,0,0,0.0,0,0,0.0,0,0,,,,
5,circuit,6,0000000000010001010011100,63,5,6,2,3,False,0.015945655527687886,0.05993499943150839,329990,5,0.04668678533744919,1285240,5,0.05318233054264426,2928111,5,0.08104115166704079,11154903,5,0.04286668158282426,5900381,4,0.03411023149474444,1878040,4,0.03433610564808047,945238,3,0.013863206362312305,76328,2,2.1121377493191558,0.44328783366132646,0.6407424539244593,0.9187979374266014
5,circuit,6,0000000000010011000111000,63,10,6,2,2,False,-0.042259972463934085,0.0012559487289580912,6915,9,0.010147012663632507,279337,10,0.025149039738426957,1384655,10,0.060570821493872475,8337266,10,0.21317708482683498,29342743,10,0.24896362410184888,13707431,10,0.2553323350399348,7029039,10,0.2902513478066845,1598065,8,-7.852381385230323,-4.65324929314499,-3.3073597465322657,-1.8153574827044525
5,circuit,6,0000000000010011010011000,63,0,6,2,2,False,,0.0,0,0,0.0,0,0,0.0,0,0,0.0,0,0,0.0,0,0,0.0,0,0,0.0,0,0,0.0,0,0,,,,
5,circuit,6,0000000001000010010010000,63,51,4,2,1,False,0.055630390004509235,0.7945948979602957,4374879,47,0.6547759163985281,18025319,51,0.6629277466783327,36499454,51,0.7372525301006019,101479067,51,0.8431757536480405,116058860,44,0.9019722613441212,49660759,41,0.9135578974027407,25149318,37,0.9659502520706812,5318326,33,-0.2817293599431145,-0.48049490522202626,-0.44423142870285576,-0.19367451311893857
5,circuit,6,0000000001000010110010000,63,13,5,2,2,False,0.2255865197046157,0.311499986014743,1715056,12,0.18179977477560108,5004764,13,0.15363709306593176,8458946,13,0.19219917898605807,26455241,13,0.1567910449816016,21581491,9,0.17390139014758754,9574657,9,0.17661928714324732,4862149,8,0.1597639724094441,879628,6,0.9632899886238901,0.041707515758817225,-0.17874289310745872,0.2937590101704901
5,circuit,6,0000000001000011000000010,63,40,4,2,1,False,0.2544089266916232,0.7645720020966988,4209579,38,0.6467154678292036,17803423,40,0.6611607181209579,36402165,40,0.674027437060119,92776454,40,0.6249434441536713,86020291,33,0.6127975084877362,33739385,28,0.62831141479592,17296773,23,0.6157784240864674,3390351,21,0.31224105252350276,0.04165132611832538,0.10959058003505585,0.10908168383394565
5,circuit,6,0000000001000011000010000,63,52,4,2,1,False,0.005367169595423523,0.7995215225840105,4402004,47,0.7196458613136865,19811123,52,0.7419619761841189,40850918,52,0.7885438737798115,108539060,52,0.8407385696418105,115723394,45,0.819708617283308,45131490,41,0.8141052878056039,22411489,35,0.7519487187776811,4140077,30,0.08850259393302859,-0.177928260511492,-0.14376591048383128,-0.09246623222343454
5,circuit,6,0000000001000011000010010,63,9,5,2,2,False,0.014595623501765777,0.01588924984171232,87483,8,0.05362350938496143,1476201,9,0.09334440191008142,5139353,9,0.11074766710245947,15243854,9,0.12409926117070458,17081633,8,0.08934291017319983,4919039,7,0.06912362647930921,1902903,6,0.03393786585302727,186855,4,-1.0948448311460697,-0.3663132691310389,0.0632102547106968,-0.1642182176021454
5,circuit,6,0000000001000011010010000,63,14,5,2,2,False,0.042735029042908435,0.11020200886411016,606750,13,0.12519537132293526,3446502,14,0.17206648767107582,9473631,14,0.2016333882625906,27753812,14,0.25096715337575004,34544354,13,0.26544716044455474,14614981,11,0.27351582682991427,7529612,11,0.2829710212708533,1557981,9,-1.3605037929932768,-1.1274430916519456,-0.6254585687510126,-0.3157640033688155
5,circuit,6,0000000001000011110010000,63,1,6,2,3,False,-0.05252870702311037,5.44880142715007e-07,3,1,0.000444803839327336,12245,1,0.001732392334791439,95382,1,0.004141932675148016,570116,1,0.03294159324629203,4534243,1,0.044799837959872364,2466588,1,0.05397308385660915,1485824,1,0.09589819602865852,527996,1,-17.425205235782084,-6.922927069866617,-4.692655914850987,-2.991534325199751
5,circuit,6,0000000001000100100110000,63,9,5,2,2,False,0.24037743709326734,0.08739623211748779,481186,9,0.14341071515557655,3947952,9,0.14256000407715744,7849064,9,0.13862361736817286,19080837,9,0.1079238659303673,14855172,7,0.05051833824521708,2781437,6,0.03853186574541208,1060743,4,0.004000692361160428,22027,2,4.4492494826645075,1.8960288719691976,1.496690194355391,0.3611591380557794
5,circuit,6,0000000001000101000010000,63,44,4,2,1,False,0.14155454206109008,0.42263101552218224,2326921,41,0.5844896447159755,16090409,44,0.6071502785418866,33428460,44,0.6189380673265956,85193682,44,0.6722749326871277,92535230,39,0.6336314778931086,34886461,36,0.5974823768449693,16448081,29,0.5424867644048628,2986822,26,-0.3601892932277328,-0.031718695386036645,-0.061590359468293956,-0.11925629981621734
5,circuit,6,0000000001000101000010010,63,13,5,2,2,False,0.054959286895667044,0.11511737263154224,633813,11,0.19236071473601882,5295496,13,0.18630237473170777,10257430,13,0.17447665813636046,24015826,13,0.18988242217814924,26136351,11,0.17298077860375774,9523970,9,0.15093406472255547,4155061,9,0.15051808121512653,828722,7,-0.3868312329694296,0.34989574340837026,0.10703432753403182,-0.12207231581379308
5,circuit,6,0000000001000101000010100,63,5,5,2,2,False,0.14741340498633343,0.051829180801765705,285361,5,0.047664736253118484,1312162,5,0.04713299711919984,2595047,5,0.052584794955239975,7238030,5,0.0864013500360104,11892707,5,0.08992204525096249,4950925,4,0.0937975146991456,2582150,4,0.13021112111470873,716916,3,-1.3290161757816197,-0.9766273835005546,-0.9319374264505373,-0.7164081545286021
5,circuit,6,0000000001000101000010110,63,0,6,2,3,False,,0.0,0,0,0.0,0,0,0.0,0,0,0.0,0,0,0.0,0,0,0.0,0,0,0.0,0,0,0.0,0,0,,,,
5,circuit,6,0000000001000110100010000,63,10,5,2,2,False,0.13442818622127117,0.10967002421810608,603821,10,0.10310204272303643,2838295,10,0.12172716075767927,6702050,10,0.14658981753064598,20177344,10,0.2016597982572855,27757447,9,0.23239045495450278,12794946,8,0.2616191641819216,7202109,8,0.3422681584519008,1884459,8,-1.6419578311599679,-1.3433953087287798,-0.9328997038335007,-0.4601386111900292
5,circuit,6,0000000001000111000000010,63,31,5,2,2,False,0.0881022321786461,0.2786371748473155,1534120,29,0.35833415458882273,9864577,31,0.35404828877898814,19493179,31,0.38845972102043835,53469508,31,0.4998816120501824,68806165,27,0.48326831610037474,26607771,26,0.48377518949938614,13317838,21,0.440257241594632,2423967,16,-0.6599589841320729,-0.43303122187643156,-0.44887826885860543,-0.36382144416618856
5,circuit,6,0000000001000111000010000,63,10,5,2,2,False,0.21750339674301586,0.3157022833020754,1738193,10,0.20157536479091187,5549166,10,0.1741694167530741,9589414,10,0.20575680227418777,28321379,10,0.10590496833515564,14577281,6,0.09948184247340626,5477268,6,0.10082944951721969,2775732,4,0.1390467174870414,765563,3,1.1829950079135414,0.9994022609117479,0.8079861837660383,0.9581698543331788
5,circuit,6,0000000001000111000010010,63,1,6,2,2,False,-0.045502549437321974,1.634640428145021e-06,9,1,0.0004963858280447568,13665,1,0.0024364866214548024,134148,1,0.007252624982416714,998287,1,0.03435714856489329,4729087,1,0.044362825819558506,2442527,1,0.050782409999120565,1397988,1,0.09376571638947095,516255,1,-15.80779958432423,-6.676723126176598,-4.18647705914803,-2.24403514919783
5,circuit,6,0000000001000111100010000,63,0,6,2,2,False,,0.0,0,0,0.0,0,0,0.0,0,0,0.0,0,0,0.0,0,0,0.0,0,0,0.0,0,0,0.0,0,0,,,,
5,circuit,6,0000000001010000110010000,63,27,5,2,2,False,0.11289429820529807,0.2680926543254947,1476064,25,0.33340196401691324,9178219,27,0.3279726256510706,18057506,27,0.3495874115864587,48118932,27,0.4102897701543234,56474303,23,0.4299268260304635,23670897,22,0.43653145025600476,12017266,19,0.4374630957152979,2408583,16,-0.7064296262976046,-0.3888229946804263,-0.3905157277642598,-0.23098994837292744
5,circuit,6,0000000001010000110110000,63,0,6,2,3,False,,0.0,0,0,0.0,0,0,0.0,0,0,0.0,0,0,0.0,0,0,0.0,0,0,0.0,0,0,0.0,0,0,,,,
5,circuit,6,0000000001010001000010000,63,57,4,2,1,False,0.1909337126472023,0.9347540538174485,5146567,53,0.8919683901214098,24554988,57,0.9023996835916589,49684292,57,0.9135067692508119,125739568,57,0.9077647623481871,124949209,48,0.9076791556796857,49974969,43,0.9003768428624365,24786457,37,0.8480281783000717,4669071,33,0.14047461925055424,-0.01353636770689963,-0.008415865246944668,0.009096932760010761
5,circuit,6,0000000001010001000010010,63,6,5,2,2,False,0.1338605475306778,0.10488016451021269,577449,5,0.1735100769592374,4776557,6,0.15727262504988607,8659111,6,0.12092183102839058,16644276,6,0.11008754184253555,15152991,6,0.081514905917249,4488045,4,0.06882317947039159,1894632,4,0.09465169166244233,521133,3,0.1480416577788871,1.3340530048836026,0.9481317748082367,0.1354235156558265
5,circuit,6,0000000001010001000110000,63,10,5,2,2,False,-0.033387136250699126,0.06212977664636443,342074,7,0.10651727893094803,2932313,10,0.1187053637487196,6535676,10,0.1281292672751124,17636343,10,0.21686703572593136,29850646,9,0.21010941068710365,11568197,8,0.21089934276898953,5805844,7,0.17043000314032647,938353,7,-1.455822562415879,-0.9854671198975621,-0.8237556557927431,-0.7592107232179005
5,circuit,6,0000000001010001010010000,63,11,5,2,2,False,0.10841333088866682,0.3282532341360871,1807296,10,0.2056027193733849,5660035,11,0.18337189965622958,10096084,11,0.20120430596052066,27694751,11,0.15987968055864554,22006626,8,0.1731530697455647,9533456,8,0.18358841542300458,5054002,7,0.13451676478446264,740622,7,1.2870232387919267,0.163384319842709,0.08272460927695519,0.3316745851450188
5,circuit,6,0000000001010001010110000,63,2,6,2,3,False,-0.07073747340659951,9.081335711916783e-07,5,2,0.0008527011289807991,23474,2,0.003334521959374199,183592,2,0.007796807789247758,1073191,2,0.06840975992132685,9416256,2,0.09320583885707222,5131724,2,0.11229772725695876,3091442,2,0.19262933232009824,1060578,2,-17.694491463961576,-7.041072847884458,-4.804868479943749,-3.133246692953839
5,circuit,6,0000000001010001100010000,63,13,5,2,2,False,-0.02395513830262276,0.007710235646131587,42451,13,0.05465071746732145,1504479,13,0.1093466273464111,6020403,13,0.13833207010717039,19040707,13,0.22619771782207643,31134967,13,0.2582292404657804,14217577,12,0.2675819711597752,7366259,12,0.3298901140016604,1816308,9,-5.419066780724469,-2.2916685737832254,-1.2397436497527,-0.7094487122698327
5,circuit,6,0000000001010001100110000,63,0,6,2,3,False,,0.0,0,0,0.0,0,0,0.0,0,0,0.0,0,0,0.0,0,0,0.0,0,0,0.0,0,0,0.0,0,0,,,,
5,circuit,6,0000000001010001110010000,63,3,6,2,3,False,0.1257049941838904,0.059179977180419625,325833,2,0.04196812313013021,1155340,3,0.03664283499606878,2017480,3,0.054004062714351354,7433385,3,0.05799841317791886,7983187,2,0.07235846539702419,3983910,2,0.08294785775034681,2283470,2,0.08379313657949976,461348,2,-0.5017229386758466,-0.9829107765146726,-0.9816306844128458,-0.1029454839994176
5,circuit,6,0000000001010010110010000,63,3,6,2,2,False,0.055919982959290196,0.045266099482763444,249226,3,0.10008522288995066,2755245,3,0.12027986794354394,6622365,3,0.08722682119722514,12006329,3,0.035521208951836296,4889314,3,0.016754051234764988,922444,1,0.013099831047142645,360625,1,0.00019161621832406825,1055,1,7.8840675112749805,2.9336088727142,2.843813293491387,1.2960911304312048
5,circuit,6,0000000001010011000010000,63,23,5,2,2,False,0.0904658781820098,0.2202741546275399,1212785,22,0.31326370176543716,8623833,23,0.3452649096178942,19009584,23,0.3614711990610158,49754675,23,0.3756713841987675,51709258,19,0.3473289887365438,19123228,17,0.3365312722617666,9264363,15,0.32442460192411743,1786216,13,-0.5585829972639017,-0.10336296128417108,-0.008599109901688173,-0.05559052443191016
5,circuit,6,0000000001010011000010010,63,4,6,2,2,False,0.20971482818537007,0.11063028465628416,609108,4,0.17731697302795973,4881357,4,0.15386005807297606,8471222,4,0.10694066868663706,14719840,4,0.06773297505107362,9323100,4,0.05394212975571728,2969944,2,0.053753896666207876,1479790,2,0.09395769586128948,517312,2,0.23566313292718724,1.7218893938178013,1.512134369356722,0.6588803327805404
5,circuit,6,0000000001010011010010000,63,2,6,2,2,False,0.10279344232566483,0.0018493232043747337,10182,2,0.005329073290704573,146704,2,0.009755372914513897,537111,2,0.01994589382672613,2745451,2,0.0207351348619685,2854086,2,0.027075663727285825,1490731,2,0.024785915613803503,682331,2,0.003412403326893454,18788,1,-0.8837907900259518,-2.2175639745116955,-1.4727277759042832,-0.05598565486473131
5,circuit,6,0000000001010011100010000,63,2,6,2,2,False,0.1298561860730153,0.04805933672103481,264605,2,0.03800935079744483,1046359,2,0.035887267686436734,1975880,2,0.03556042554188813,4894712,2,0.044779618130624664,6163687,2,0.04329046512015237,2383485,1,0.049579059973196976,1364861,1,0.07211780601427913,397066,1,-0.5855387698037996,-0.38337653388716114,-0.27057721491206976,-0.3325696366927395
5,circuit,6,0000000001010101000010000,63,18,5,2,2,False,0.01909040371484853,0.0571435784603794,314621,18,0.12372161578472787,3405931,18,0.16678581684645202,9182888,18,0.19305057980998383,26572432,18,0.2967827414423813,40850637,18,0.24428780670379638,13449990,17,0.20790991137666884,5723548,14,0.14278641221243718,786153,11,-1.3211954076402446,-0.7488609552358011,-0.5505852453122647,-0.620428311273834
5,circuit,6,0000000001010101000010010,63,2,6,2,2,False,0.03175482727015472,0.0006821899386791888,3756,2,0.003863200352181477,106350,2,0.009142455259926324,503365,2,0.01647165741428514,2267240,2,0.030013087079326376,4131149,2,0.02271298902118925,1250531,2,0.013745950131608576,378412,2,0.0005882890342669736,3239,1,0.21364833282660423,-1.831138225332863,-1.3128640100506372,-0.865605989462202
5,circuit,6,0000000001010101000110000,63,3,6,2,2,False,0.2488861347645907,0.021881841651291964,120477,3,0.03692394951372897,1016479,3,0.04923040474778155,2710526,3,0.055838674528073035,7685910,3,0.06892781027496103,9487563,3,0.025450776270035544,1401268,3,0.02629694139423468,723928,1,0.029639487253162438,163189,1,-0.43778632459565864,0.489661867955519,0.9518399403575112,-0.30382148801158365
5,circuit,6,0000000001010101100010000,63,1,6,2,2,False,-0.050240022280082605,3.632534284766713e-07,2,1,0.0004078972896534631,11229,1,0.0016021296245827602,88210,1,0.0036548751140997415,503075,1,0.035468166675034815,4882013,1,0.048406000897199854,2665136,1,0.05832464340034962,1605618,1,0.09673113629143973,532582,1,-18.022644406193503,-7.159755850387997,-4.91712312696533,-3.2786307445833383
5,circuit,6,0000000001010111000010000,63,1,6,2,3,False,-0.12183995202439145,3.632534284766713e-07,2,1,0.00111907487775886,30807,1,0.005508503428759002,303287,1,0.010529883550662334,1449385,1,0.008126017232412084,1118505,1,0.0027281428680430574,150206,1,3.149408254522752e-05,867,1,0.0,0,0,,5.151081975979103,1.0137412173926488,0.37386915264425746
5,circuit,6,0000000001010111000010010,63,0,7,2,3,False,,0.0,0,0,0.0,0,0,0.0,0,0,0.0,0,0,0.0,0,0,0.0,0,0,0.0,0,0,0.0,0,0,,,,
5,circuit,6,0000000001100001000000110,63,5,5,2,2,False,0.22539921468941412,0.29269072348822095,1611496,5,0.15412182408878147,4242818,5,0.11145947324934827,6136732,5,0.10999466438725579,15140207,5,0.02238078221571285,3080601,2,0.026897160950385256,1480903,2,0.020527930183830635,565113,1,0.013509034205220425,74378,1,4.4373805802611,2.90841109203278,2.0509934338984106,2.2971011783316735
5,circuit,6,0000000001100001010000110,63,2,6,2,2,False,-0.1299961627580154,0.0020779912376007984,11441,2,0.024668686525320636,679104,2,0.04633692704272935,2551217,2,0.039479596639242526,5434166,2,0.03532851023249888,4862790,2,0.044362825819558506,2442527,1,0.050782409999120565,1397988,1,0.09376571638947095,516255,1,-5.495799049905884,-1.0416479611650917,0.06281110609989951,0.16027433641542824
5,circuit,6,0000000011000111000010000,63,3,6,2,2,False,0.36425083316684675,0.2983474875031739,1642641,3,0.16018009233829836,4409596,3,0.11767662979637443,6479036,3,0.10396260749815384,14309925,3,0.026471234634222355,3643631,1,0.0003940755749299643,21697,1,0.0,0,0,0.0,0,0,,,8.222139785813402,1.9735673341021907
5,circuit,6,0000000011010011000010000,63,9,6,2,2,False,0.0014167882374978005,0.004882489332154939,26882,8,0.016207242481734437,446169,9,0.03146452901175955,1732373,9,0.06708161017374836,9233443,9,0.14866502774918952,20462986,8,0.17117324727954447,9424451,8,0.1765877930607021,4861282,7,0.1597639724094441,879628,6,-5.03218140768486,-3.445675062513222,-2.4436589874182535,-1.1480760811723187
5,circuit,6,0000000011010011000010010,63,0,7,2,2,False,,0.0,0,0,0.0,0,0,0.0,0,0,0.0,0,0,0.0,0,0,0.0,0,0,0.0,0,0,0.0,0,0,,,,
5,circuit,6,0000000001000100100010000,63,54,4,1,1,True,0.08507511674738227,0.8536602686840309,4700081,51,0.7452014674421934,20514643,54,0.7597312120151476,41829256,54,0.7986928351777481,109936013,54,0.8253430869417986,113604284,46,0.8248954960505535,45417069,42,0.8286956208077589,22813146,35,0.836334321806634,4604687,31,0.02958226443018477,-0.15321178313862105,-0.1187222668452401,-0.0473531862927407
5,circuit,7,0000000000000000000011110,82,1,4,1,4,False,0.15201200309217586,0.025436469618651127,208579,1,0.059531905343019775,2440808,1,0.05613396341463415,4602985,1,0.03457308242088172,7087482,1,0.0,0,0,0.0,0,0,0.0,0,0,0.0,0,0,,,,
5,circuit,7,0000000000000000010011010,82,18,4,1,3,False,0.0779316365891472,0.2936760472380603,2408143,13,0.21560983978584583,8840003,18,0.22210860975609756,18212906,18,0.21368417736071935,43805257,18,0.21079840975609757,43213674,15,0.21935391998424195,17987021,15,0.2083473851622589,8542243,15,0.15257205456438358,1251091,13,0.9447348624347017,0.04943202607284828,0.018004829795472205,0.019616101478855993
5,circuit,7,0000000000000000010011100,82,16,4,2,3,False,0.021223498365483193,0.03271378846677767,268253,10,0.1011624439591436,4147660,16,0.1442369024390244,11827426,16,0.1557457489403061,31927879,16,0.21355902926829268,43779601,14,0.22457852986776902,18415439,14,0.2175023117682363,8917595,14,0.18510302620694802,1517845,12,-2.500357734133604,-1.104356938767842,-0.6387796903518923,-0.4554421107498204
5,circuit,7,0000000000000000010011110,82,2,5,2,4,False,0.14006581725735537,0.025436469618651127,208579,1,0.059752417548898415,2449849,2,0.058302890243902436,4780837,2,0.03951763844608334,8101116,2,0.016499678048780487,3382434,1,0.016963841877166874,1391035,1,0.018314706870373003,750903,1,0.002714267961674639,22257,1,3.2282633892106207,1.705994474215707,1.7811044632835416,1.2600588607294856
5,circuit,7,0000000000000000010111000,82,14,4,1,2,False,-0.11020829297374664,0.012487442070107822,102397,7,0.033048855270675866,1355003,14,0.05679564634146341,4657243,14,0.09898978879527139,20292907,14,0.2367268731707317,48529009,14,0.22994334707178896,18855354,14,0.21131126313874968,8663762,14,0.20982058416822144,1720529,13,-4.070606328119926,-2.676697460285023,-2.017426207377494,-1.2578718716804804
5,circuit,7,0000000000000000010111100,82,1,5,2,3,False,-0.11031383645387695,0.0,0,0,3.1951221070791272e-06,131,1,0.0003485609756097561,28582,1,0.0032339560502347895,662961,1,0.0305494,6262627,1,0.03551217159785784,2911998,1,0.03285034066218681,1346864,1,0.025931582203465586,212639,1,,-13.327749643809904,-6.670758718369935,-3.239772067632714
5,circuit,7,0000000000000000110010100,82,34,4,2,2,False,0.03145267976675848,0.07324928615836247,600644,25,0.16597283736452864,6804886,34,0.2402215487804878,19698167,34,0.31264468810763874,64092162,34,0.42542136097560973,87211379,29,0.4035608147209955,33091986,29,0.384284966236952,15755684,28,0.3677465405187146,3015522,25,-2.3278251646459682,-1.2112293836810932,-0.7484205252142776,-0.44436846896938575
5,circuit,7,0000000000000000110010110,82,4,5,2,3,False,0.054072631790535404,4.817074345627889e-05,395,2,0.0006790488136121372,27841,4,0.0033258658536585366,272721,4,0.016003302204829723,3280677,4,0.07814406829268293,16019534,4,0.08697685577992331,7132102,4,0.0874105588436449,3583833,4,0.07747291738135154,635278,4,-10.651319162298359,-7.008148465050066,-4.708829671334145,-2.2877667372087234
5,circuit,7,0000000000000000110011100,82,5,5,2,3,False,0.1564933717012944,0.2612033563910625,2141867,4,0.11629290811184918,4768009,5,0.08517263414634146,6984156,5,0.0766743842437895,15718249,5,0.04512147317073171,9249902,4,0.04734869627679747,3882593,4,0.04845004759877933,1986452,4,0.02965755735883447,243192,4,3.138701749978586,1.2631931315495226,0.8470652665731152,0.7649305045034798
5,circuit,7,0000000000000010000111000,82,13,4,2,2,False,0.21910215847541253,0.29604909659734063,2427602,9,0.1658196178448594,6798604,13,0.14534469512195122,11918265,13,0.14803320271170922,30346807,13,0.16510256585365854,33846026,12,0.16513960158877078,13541447,12,0.164156532581548,6730418,12,0.21233521800790026,1741149,12,0.4794927742489801,0.014542536937054458,-0.18420771364444677,-0.157441743724224
5,circuit,7,0000000000000010010011000,82,25,4,1,2,False,0.2617117045903354,0.4915336564716235,4030575,17,0.36256892012531317,14865325,25,0.32605128048780485,26736205,25,0.31116615154391,63789062,25,0.35227411219512195,72216193,21,0.38264200933273196,31376644,18,0.39649294154895265,16256211,16,0.4189426318362644,3435330,16,0.2305375035605362,-0.12903992229040928,-0.23089638676529556,-0.179013325016368
5,circuit,7,0000000000000010010111000,82,11,5,2,2,False,-0.039756922421985884,0.09581331605202831,785669,6,0.09729151694104961,3988952,11,0.09982264634146341,8185457,11,0.09507354982819195,19490078,11,0.2018022487804878,41369461,11,0.23392762765677141,19182065,9,0.23856250637652424,9781063,8,0.22097765597833463,1812017,8,-1.2056024202364117,-1.2939813961179878,-1.228623203067683,-1.0858263177035312
5,circuit,7,0000000000000010100010010,82,28,4,1,2,False,0.019804452445863832,0.567134894423145,4650505,19,0.4514394366555823,18509016,28,0.42538856097560973,34881862,28,0.3862589748352345,79183091,28,0.3375883902439024,69205620,23,0.35082360611764896,28767535,20,0.3471318208016629,14232405,20,0.42142116811936975,3455654,19,0.4284291415246714,0.3790488345059148,0.27803541194826603,0.19430316460361116
5,circuit,7,0000000000000010100011000,82,33,4,2,2,False,0.029885530557659606,0.32276946896816316,2646709,22,0.3574306028014928,14654654,33,0.37347129268292684,30624646,33,0.3596703215658002,73732417,33,0.44113207804878046,90432076,30,0.4443437059596026,36436183,27,0.43994523317206746,18037755,25,0.4916951839396117,4031901,24,-0.6072601049567115,-0.2996607786546197,-0.25067870002822984,-0.29453555405913795
5,circuit,7,0000000000000010100011010,82,3,5,2,3,False,0.19786040305442343,0.02754476281579581,225867,3,0.029390123384884066,1204995,3,0.0329985487804878,2705881,3,0.04055946769912974,8314691,3,0.01245889756097561,2554074,2,0.008999548999989,737963,2,0.003467243817872102,142157,2,0.001737560763712102,14248,2,3.986642704222781,3.083470219617053,1.8744779689253737,1.7028623030134367
5,circuit,7,0000000000000010100110000,82,54,4,2,2,False,-0.06026269606487043,0.6756807745562865,5540581,37,0.6273737867011603,25722324,54,0.6398168170731707,52464979,54,0.6098430057096146,125017818,54,0.6433310195121951,131882859,44,0.6548013208488127,53693707,42,0.6430865452905721,26366549,41,0.6986745489421282,5729132,38,-0.048278781202028304,-0.03568765469649866,-0.033398318946368515,-0.07712336103646476
5,circuit,7,0000000000000010100111000,82,12,5,2,2,False,-0.046512028228603335,0.1465443040351961,1201663,7,0.16376644701299742,6714424,12,0.17565820731707318,14403973,12,0.18775621188649447,38490024,12,0.1367432536585366,28032367,10,0.13890363753423507,11390098,8,0.13575316742065446,5565880,8,0.14128912911108182,1158571,7,0.052686425720521846,0.27065394365945095,0.3386866051521177,0.4573909816601104
5,circuit,7,0000000000000010110010000,82,67,4,1,2,False,-0.07979758921098293,0.7653820159468332,6276131,50,0.7492668414276508,30719939,67,0.7692608780487805,63079392,67,0.7800695788282501,159914266,67,0.7839414341463414,160707994,55,0.7842689215675347,64310050,53,0.7837812979565537,32135034,51,0.8118262424602143,6656976,47,-0.08499097358031393,-0.06497154190480728,-0.027875491769290495,-0.007143067192424026
5,circuit,7,0000000000000010110011000,82,5,5,2,2,False,0.09814424057613506,0.0004018293662998454,3295,4,0.0025457806119892983,104377,5,0.006623487804878049,543126,5,0.03043990687161112,6240181,5,0.06755704878048781,13849195,5,0.0730337456837499,5988767,5,0.0767395834941565,3146323,5,0.08146352665078943,668001,5,-7.6634274591469325,-4.913790932279287,-3.462900205531509,-1.150142360558529
5,circuit,7,0000000000000010110110000,82,10,5,2,3,False,0.06626998813878955,0.0627314787149948,514398,8,0.12634215250449524,5180028,10,0.15780956097560975,12940384,10,0.14911754415925546,30569097,10,0.10322820487804878,21161782,8,0.10119379515106817,8297891,8,0.09425063184754556,3864276,7,0.0476518234570947,390745,6,0.3966581487183349,0.42276186166608337,0.6410637827008511,0.5306127954334227
5,circuit,7,0000000000000010110111000,82,0,6,2,3,False,,0.0,0,0,0.0,0,0,0.0,0,0,0.0,0,0,0.0,0,0,0.0,0,0,0.0,0,0,0.0,0,0,,,,
5,circuit,7,0000000000000011100001000,82,49,4,2,2,False,-0.09910899793316469,0.8294402023024884,6801408,31,0.7677331106211274,31477056,49,0.7232284512195122,59304733,49,0.657419029403624,134770903,49,0.6080844390243902,124657310,37,0.6428777839726288,52715977,37,0.6424606672570569,26340888,35,0.6904279645819555,5661510,31,0.2646470756623714,0.25699673736943934,0.16990693715935687,0.1125415455226209
5,circuit,7,0000000000000011100001010,82,2,5,2,2,False,-0.0247209469167818,0.0001726829689470656,1416,1,0.0009343171187471765,38307,2,0.002329890243902439,191051,2,0.008995619380551911,1844102,2,0.02454850243902439,5032443,1,0.03189161053394172,2615112,1,0.03834068199169068,1571968,1,0.0797416975924759,653882,1,-8.851064706001123,-5.358819887669213,-3.7748430565283693,-1.448340492092962
5,circuit,7,0000000000000011100011000,82,3,5,2,2,False,0.24499960944301424,0.26075725872128264,2138209,3,0.11427007874488189,4685073,3,0.07972804878048781,6537700,3,0.0632536137084837,12966991,3,0.02894633170731707,5933998,2,0.03586462282596641,2940899,2,0.04100319412187332,1681131,2,0.03220463021894753,264078,2,3.0173673819590103,1.478639483697408,1.1525259032289374,1.1277673731623918
5,circuit,7,0000000000000011100101000,82,15,5,2,3,False,0.22372442951386748,0.09231721763834577,757001,12,0.19441310704454182,7970937,15,0.22802108536585367,18697729,15,0.20736192379470356,42509195,15,0.13981239024390243,28661540,10,0.1439817596093112,11806504,10,0.1415356306942529,5802961,9,0.10613108461816041,870275,9,-0.201175619367373,0.45796019851650777,0.6632811833828438,0.5686587892274857
5,circuit,7,0000000000000011110001000,82,9,5,2,3,False,0.21096727658391876,0.2929350714475784,2402067,8,0.2097006199853961,8597725,9,0.2004548292682927,16437296,9,0.16181371470516515,33171812,9,0.07262787804878049,14888715,6,0.07727986773853336,6336949,6,0.08137068094217852,3336198,6,0.07992242927775253,655364,5,1.8739085889513756,1.3657501579001003,1.375112644500094,1.1557385552938768
5,circuit,7,0000000000000011110101000,82,1,6,2,4,False,0.08087121398312973,4.7926840957766086e-05,393,1,0.0005580731979547901,22881,1,0.0014479390243902438,118731,1,0.004374204814036027,896712,1,0.013745156097560976,2817757,1,0.014421597912721901,1182571,1,0.015578414254185019,638715,1,0.010655242603019194,87373,1,-7.796513876523222,-4.802950215834044,-3.31615826997509,-1.6518306123806685
5,circuit,7,0000000000000110100010000,82,39,4,1,2,False,0.06768170013672695,0.31808361416673514,2608285,28,0.3914198727521889,16048214,39,0.43718559756097564,35849219,39,0.4519355007033829,92646779,39,0.46781471707317074,95902017,35,0.4816256093079417,39493299,33,0.47141176898995685,19327883,32,0.4765295760329785,3907543,29,-0.5831597039986716,-0.26827077171894254,-0.1396662317314884,-0.04982035953505421
5,circuit,7,0000000000000110100010010,82,19,5,2,2,False,-0.06879024201673432,0.1437695472608652,1178910,10,0.1412313239625036,5790484,19,0.14432718292682928,11834829,19,0.14304674424809644,29324583,19,0.33485766341463413,68645821,18,0.386593606990088,31700675,16,0.3914887709392983,16051040,16,0.340799104780597,2794553,15,-1.2451634241070588,-1.4709108251702596,-1.4214747341738618,-1.2270613231377685
5,circuit,7,0000000000000110100011000,82,9,5,2,2,False,-0.15862210480753508,5.646342840571424e-05,463,2,0.0010694146863129115,43846,9,0.0074850365853658535,613773,9,0.025420511823114462,5211205,9,0.19440724390243902,39853485,9,0.21463117596661405,17599756,9,0.20869592173912385,8556533,9,0.1976418051656335,1620663,9,-11.77328378687451,-7.60843720334716,-4.841706469937025,-2.935016993563205
5,circuit,7,0000000000000110100111000,82,1,6,2,2,False,0.07687864844894327,0.0001726829689470656,1416,1,0.0009099268736549695,37307,1,0.0018801951219512196,154176,1,0.0029423609325508154,603184,1,0.0,0,0,0.0,0,0,0.0,0,0,0.0,0,0,,,,
5,circuit,7,0000000000000111100011000,82,1,6,2,2,False,0.06789349145154658,1.2195124925640226e-06,10,1,0.0006053171026983952,24818,1,0.002722329268292683,223231,1,0.011657351048916813,2389757,1,0.022223765853658536,4555872,1,0.029714269017421194,2436570,1,0.0364234137457704,1493360,1,0.03142024007070243,257646,1,-14.653102046301717,-5.911031219792783,-3.448242412691756,-0.9308633086396283
5,circuit,7,0000000000010000100010010,82,60,4,2,2,False,-0.09084780949131686,0.40204168342480084,3296741,43,0.5346237333962797,21919572,60,0.6081565365853658,49868836,60,0.639924371123058,131184498,60,0.761502268292683,156107965,50,0.7910832144166637,64868822,48,0.7890584929497928,32351399,47,0.8175059978651222,6703550,43,-1.0238842285331478,-0.5616083671212607,-0.3793867461775203,-0.2509469224934252
5,circuit,7,0000000000010000100010110,82,4,5,2,3,False,-0.18973042557752315,0.0,0,0,0.000928487850170139,38068,4,0.0072925731707317075,597991,4,0.028677365433989774,5878860,4,0.08767763414634146,17973915,4,0.09758394140448638,8001883,4,0.0984311439407038,4035677,4,0.08744840396970684,717077,4,,-6.728088019329966,-3.742143893004541,-1.612296378873587
5,circuit,7,0000000000010000100110000,82,66,4,2,2,False,-0.149062335545138,0.49017499760365796,4019434,46,0.6019138830201894,24678468,66,0.6511994268292683,53398353,66,0.6788656925044045,139167469,66,0.8391534243902439,172026452,56,0.8475143987198633,69496179,54,0.8367529552011475,34306872,52,0.8567330662520651,7025212,47,-0.8055488730363507,-0.4752446485690659,-0.38013844913229655,-0.3058084276903761
5,circuit,7,0000000000010000100110100,82,4,5,2,2,False,0.11729456490527676,0.0903397781316532,740786,3,0.08780871160042496,3600157,4,0.08229163414634147,6747914,4,0.06685122828998202,13704502,4,0.03214777073170732,6590293,4,0.03693569602282185,3028727,2,0.04036658438130282,1655030,2,0.07990584391392147,655228,2,0.1770603521049135,1.121202559912608,1.1557300079044268,1.056235369715656
5,circuit,7,0000000000010000110010010,82,13,5,2,2,False,-0.06026790405512152,0.14666259674697482,1202633,7,0.11341024943464631,4649820,13,0.09664089024390243,7924553,13,0.11871321777492852,24336210,13,0.1723029756097561,35322110,11,0.17414147985710926,14279601,11,0.16870799588517083,6917028,11,0.169841808555877,1392703,11,-0.2116906504607308,-0.5729773219935284,-0.8495542387866949,-0.5374670400274018
5,circuit,7,0000000000010000110010100,82,27,5,2,2,False,-0.023439866004319805,0.2528909153392476,2073705,15,0.24989547560465736,10245714,27,0.2313255243902439,18968693,27,0.271719288706547,55702455,27,0.380097,77919885,24,0.40384805863044043,33115540,23,0.4041020145340972,16568183,23,0.3878909283059844,3180706,22,-0.6171358239709045,-0.6933947622301433,-0.8038881428339424,-0.4842506557663511
5,circuit,7,0000000000010000110010110,82,1,6,2,3,False,-0.0036381432736963685,1.353658866746065e-05,111,1,0.0015456830022284392,63373,1,0.007026365853658537,576162,1,0.007869682811663179,1613285,1,0.015067448780487805,3088827,1,0.009221634371259375,756174,1,0.006835219345482455,280244,1,0.0010428047508774694,8551,1,-6.267461036890469,-2.144743162148617,-0.39224376768772173,-0.9370577665249924
5,circuit,7,0000000000010000110110000,82,11,5,2,3,False,0.16079299499272753,0.05276550067451236,432677,9,0.12036949367656066,4935149,11,0.15065884146341463,12354025,11,0.1311855053972853,26893029,11,0.09702263902439025,19889641,8,0.1035315269154031,8489585,8,0.09974841220125824,4089685,7,0.060443529214203755,495637,7,-0.19599293007122398,0.27110402148256135,0.5412151833646764,0.43521499969555505
5,circuit,7,0000000000010000110110100,82,1,6,2,3,False,-0.003114607171098278,0.0,0,0,0.00012768293305770405,5235,1,0.0016290365853658536,133581,1,0.012475692500355719,2557517,1,0.022708765853658535,4655297,1,0.03023648854235338,2479392,1,0.033304535773060105,1365486,1,0.02241755824176119,183824,1,,-8.027009164516224,-4.214199694821231,-0.8641294036126651
5,circuit,7,0000000000010001000011000,82,46,4,2,2,False,0.11388676427240048,0.6660660161136625,5461740,31,0.6445612753444525,26427011,46,0.6390467926829269,52401837,46,0.5877169474968251,120481976,46,0.5454640536585366,111820131,35,0.5714995627195015,46862963,34,0.5532498645548813,22683245,33,0.5133972544637495,4209858,30,0.3755895941774805,0.22038632236466332,0.16116917838821535,0.10763737531415456
5,circuit,7,0000000000010001000011010,82,10,5,2,3,False,0.1618093016156914,0.06595818681906995,540857,8,0.1387112994493317,5687163,10,0.14877110975609756,12199231,10,0.13400472974627226,27470970,10,0.10612081463414634,21754767,6,0.10501212451249084,8610994,6,0.10244997311097627,4200449,6,0.051055969383418366,418659,5,0.3694720912508838,0.4371657089666382,0.5025384844867099,0.3365762664951733
5,circuit,7,0000000000010001000011110,82,1,6,2,4,False,0.024281447063223854,0.00017475614018442443,1433,1,0.0009508049244295085,38983,1,0.0024969878048780488,204753,1,0.005231399923442928,1072437,1,0.013337341463414634,2734155,1,0.01621368332228496,1329522,1,0.016136194728385494,661584,1,0.01423207143511324,116703,1,-6.34765870020406,-4.085007213762645,-2.6989511900761527,-1.3502021536411415
5,circuit,7,0000000000010001000110100,82,19,5,2,2,False,-0.16785953745540036,9.914636564545504e-05,813,8,0.004834634382177287,198220,19,0.02379680487804878,1951338,19,0.10509312529132012,21544091,19,0.38768305853658536,79475027,19,0.44381491326377837,36392822,19,0.4544725011104268,18633373,19,0.44680518941400127,3663803,18,-12.137798432299984,-6.554642402865593,-4.221118360887247,-1.8832093938428887
5,circuit,7,0000000000010001000111000,82,5,5,2,2,False,-0.09365852886241433,0.053397939853156065,437863,2,0.05072092930345996,2079558,5,0.05047648780487805,4139072,5,0.05115210656850576,10486182,5,0.07469339024390244,15312145,4,0.07747681896284925,6353099,4,0.07194241287945334,2949639,4,0.0352830444776775,289321,4,0.5978090298572972,-0.5042613682669916,-0.6181531911803786,-0.5461869270189091
5,circuit,7,0000000000010001000111100,82,0,6,2,3,False,,0.0,0,0,0.0,0,0,0.0,0,0,0.0,0,0,0.0,0,0,0.0,0,0,0.0,0,0,0.0,0,0,,,,
5,circuit,7,0000000000010001010010100,82,5,5,2,2,False,0.20402276544886766,0.2612033563910625,2141867,4,0.11629290811184918,4768009,5,0.08517263414634146,6984156,5,0.0766743842437895,15718249,5,0.04512147317073171,9249902,4,0.04734869627679747,3882593,4,0.04845004759877933,1986452,4,0.02965755735883447,243192,4,3.138701749978586,1.2631931315495226,0.8470652665731152,0.7649305045034798
5,circuit,7,0000000000010001010011000,82,18,5,2,2,False,-0.1010958667285334,0.00727792860437283,59679,11,0.04049741660963008,1660394,18,0.08858473170731708,7263948,18,0.13219704684589687,27100395,18,0.2535843024390244,51984782,17,0.25109818905117537,20590051,17,0.22332670187008044,9156395,17,0.18736266007772437,1536374,15,-4.686161754927068,-2.463253971712435,-1.5031216585670835,-0.9397754926832648
5,circuit,7,0000000000010001010011010,82,1,6,2,3,False,0.12569803973548566,0.0018956102184415167,15544,1,0.02164875715359791,887599,1,0.034249341463414636,2808446,1,0.028535950801912915,5849870,1,0.0,0,0,0.0,0,0,0.0,0,0,0.0,0,0,,,,
5,circuit,7,0000000000010001010011100,82,3,6,2,3,False,0.03157258121596449,0.00033670739919692665,2761,2,0.0018076586247638352,74114,3,0.0071415,585603,3,0.019835692392648405,4066317,3,0.03372890243902439,6914425,3,0.03283096421538937,2692139,3,0.03108765777834981,1274594,3,0.009434754946981105,77365,3,-4.808417716490583,-4.1041477680276826,-2.2007580864388094,-0.7658866152063427
5,circuit,7,0000000000010011000111000,82,18,6,2,2,False,-0.14086426174476357,0.00010292685437240351,844,9,0.00556314661283642,228089,18,0.025475646341463414,2089003,18,0.07857189153309427,16107238,18,0.3751014731707317,76895802,18,0.4398315473129646,36066186,18,0.4544916230611799,18634157,18,0.4100571451149823,3362469,17,-11.959989819726744,-6.352208766169318,-4.109760431984071,-2.255195731781082
5,circuit,7,0000000000010011010011000,82,1,6,2,2,False,-0.11201277343324159,0.0,0,0,2.4390245092207077e-05,1000,1,0.00044969512195121953,36875,1,0.006053258448001096,1240918,1,0.02454850243902439,5032443,1,0.03189161053394172,2615112,1,0.03834068199169068,1571968,1,0.0797416975924759,653882,1,,-10.618356028558658,-6.148085911129923,-2.019851162487974
5,circuit,7,0000000001000010010010000,82,74,4,2,1,False,0.14017891171427274,0.9878976799750439,8100759,55,0.983810047990734,40336210,74,0.9749728170731707,79947771,74,0.9215447084651994,188916668,74,0.8658627219512195,177501858,60,0.8594571185233444,70475482,55,0.8546013450097233,35038656,52,0.8733884300745817,7161786,48,0.1777382049485052,0.20312820227901238,0.18193633593479086,0.08991584821350775
5,circuit,7,0000000001000010110010000,82,21,5,2,2,False,-0.09202011928909583,0.011651832110202954,95545,10,0.023959367022408147,982334,21,0.05604724390243902,4595874,21,0.1409920759854818,28903376,21,0.3523833219512195,72238581,18,0.3795715580383307,31124867,18,0.3862493076524559,15836222,17,0.35523117619132,2912896,17,-4.930129478401803,-4.010870647525585,-2.7596565567232862,-1.3215315613748446
5,circuit,7,0000000001000011000000010,82,59,4,2,1,False,0.15793612930576587,0.8954930232909812,7343041,45,0.8241283328843089,33789260,59,0.7944158780487804,65142102,59,0.7839029202355671,160700101,59,0.6093026829268293,124907050,45,0.5911462217352736,48473989,43,0.5918810587346083,24267124,41,0.6483829697093939,5316741,37,0.4658359945133893,0.47756172204079256,0.42637942905257326,0.3635159068398666
5,circuit,7,0000000001000011000010000,82,63,4,2,1,False,0.052804414296485254,0.6763482137434668,5546054,46,0.62637910372581,25681542,63,0.6688271463414635,54843826,63,0.7169365651180015,146971998,63,0.7495823219512195,153664376,53,0.7660010064878294,62812081,50,0.7573195181141581,31050101,48,0.7690690525525545,6306367,44,-0.18534693904347546,-0.27386602672198773,-0.19571288310048424,-0.06424145482891912
5,circuit,7,0000000001000011000010010,82,20,5,2,2,False,0.00034461528798654205,0.22901969000480243,1877961,14,0.2497669634032665,10240445,20,0.24095603658536585,19758395,20,0.2286281429956857,46868770,20,0.22854023414634148,46850748,17,0.21582924916656707,17697998,15,0.20613001936268247,8451331,15,0.24954216468997992,2046246,15,-0.123811966147875,0.2770280403595739,0.15887955283497013,0.000554831300253886
5,circuit,7,0000000001000011010010000,82,25,5,2,2,False,0.23970648442930095,0.42299010316831787,3468518,21,0.3604443834363114,14778219,25,0.36852451219512194,30219010,25,0.35725693135721565,73237672,25,0.2265869951219512,46450334,21,0.19463212669834457,15959834,18,0.19067043437389183,7817488,16,0.24383936050739505,1999483,14,0.7946928842134221,0.9186955141444809,0.9210107161875896,0.6568969416111178
5,circuit,7,0000000001000011110010000,82,0,6,2,3,False,,0.0,0,0,0.0,0,0,0.0,0,0,0.0,0,0,0.0,0,0,0.0,0,0,0.0,0,0,0.0,0,0,,,,
5,circuit,7,0000000001000100100110000,82,22,5,2,2,False,0.12786099017082983,0.48427024006591224,3971015,17,0.4302167526935001,17638886,22,0.36299103658536586,29765265,22,0.32463235622489234,66549634,22,0.1942684,39825022,15,0.18692605333965984,15327936,15,0.18300475163403046,7503195,14,0.176544490665306,1447665,14,1.4557805471567506,1.233182596670497,0.9574662611467095,0.7407555520025961
5,circuit,7,0000000001000101000010000,82,63,4,2,1,False,-0.04540026767808671,0.30596312340563986,2508897,47,0.4319984113169957,17711934,63,0.5087566951219512,41718049,63,0.5861664743487833,120164129,63,0.8138150780487805,166832091,58,0.8210219224639493,67323796,52,0.8135832972296757,33356916,50,0.8067008772316003,6614948,46,-1.398676044022034,-0.9132640542803561,-0.6904448695048833,-0.47339055456155116
5,circuit,7,0000000001000101000010010,82,26,5,2,2,False,0.026459894709482974,0.36569557699892125,2998703,19,0.31238316157966645,12807709,26,0.27291413414634147,22378959,26,0.29944925415440116,61387098,26,0.2873670926829268,58910254,21,0.27748877506070185,22754079,19,0.2660055544876694,10906228,19,0.3069759381736661,2517203,19,0.25251760108685206,0.2318603187473553,-0.02398229961595198,0.059416675295281156
5,circuit,7,0000000001000101000010100,82,15,5,2,2,False,0.0651771019093018,0.13021064151479061,1067727,12,0.17192622789884038,7048975,15,0.20959810975609755,17187045,15,0.22710988935936746,46557528,15,0.1400434731707317,28708912,14,0.11440446620498698,9381166,11,0.10315294870358661,4229271,10,0.14127839740507347,1158483,8,-0.11769352481648791,0.7370045870500515,0.8734823319065665,0.6975157815602865
5,circuit,7,0000000001000101000010110,82,1,6,2,3,False,0.06111840854888855,4.390244973230481e-06,36,1,0.00020241464402022654,8299,1,0.0007178780487804878,58866,1,0.001576878025704224,323260,1,0.005133248780487805,1052316,1,0.00500803670751309,410659,1,0.005182146215069605,212468,1,0.008714267229967411,71457,1,-10.954862196401217,-4.678164148894137,-2.8024344480946275,-1.7028011123405156
5,circuit,7,0000000001000110100010000,82,15,5,2,2,False,0.03639716826816305,0.009765734089203436,80079,11,0.06430112508785976,2636346,15,0.12081643902439024,9906948,15,0.17579563645177118,36038106,15,0.1834525512195122,37607773,13,0.15462652816162265,12679375,13,0.15114041094779485,6196757,12,0.1771216857168676,1452398,11,-4.180868552183774,-1.2329735646003284,-0.35597108337255096,-0.061507707083979735
5,circuit,7,0000000001000111000000010,82,47,5,2,2,False,0.06135322603562559,0.4726814567515748,3875987,34,0.5212581717686913,21371584,47,0.5229918902439025,42885335,47,0.5542754992057244,113626479,47,0.5713291219512195,117122470,38,0.6116596490648695,50156090,35,0.6188005458829136,25370823,34,0.5797024902801841,4753561,32,-0.2944444141227788,-0.2474763736028852,-0.22594052967346767,-0.043718832076302665
5,circuit,7,0000000001000111000010000,82,17,5,2,2,False,0.014339314073508694,0.11386429606446245,933687,12,0.13898186043813954,5698256,17,0.14743870731707318,12089974,17,0.1821929290410791,37349551,17,0.17834846829268292,36561436,13,0.1619048210220688,13276195,13,0.1604317277943481,6577701,12,0.14309254352529957,1173359,12,-0.3296330576649063,-0.20706288639915538,-0.13503061808146158,0.030768143242317095
5,circuit,7,0000000001000111000010010,82,5,6,2,2,False,-0.00754274829610155,0.00018695126511006466,1533,3,0.00335373187091375,137503,5,0.017594146341463415,1442720,5,0.03136135563861431,6429078,5,0.07102255609756097,14559624,4,0.0655734772091092,5377025,4,0.05773621810399468,2367185,4,0.04712499425304948,386425,4,-7.977686398187403,-4.105637353881502,-1.8980168826590342,-1.179289360482755
5,circuit,7,0000000001000111100010000,82,2,6,2,2,False,0.11473493673955067,0.0001564634527959641,1283,2,0.0008231219913718044,33748,2,0.0020975,171995,2,0.0074087511110914476,1518794,2,0.02167409268292683,4443189,2,0.02105308587934356,1726353,2,0.015580072790729932,638783,2,0.011422437631410045,93664,2,-6.189901047503778,-4.242451901396815,-3.3272889976342506,-1.5486693269972407
5,circuit,7,0000000001010000110010000,82,44,5,2,2,False,0.08299223358467107,0.40559546477938163,3325882,32,0.41648311787722525,17075807,44,0.422799756097561,34669580,44,0.4629022127380164,94894955,44,0.5814393268292682,119195062,38,0.6047458927986803,49589162,33,0.6138136191752775,25166359,32,0.5315257888383185,4358512,29,-0.39009817012416,-0.5595426391887403,-0.5163545215423752,-0.3289211954497143
5,circuit,7,0000000001010000110110000,82,4,6,2,3,False,0.10883149240682044,7.939026326591787e-05,651,3,0.0012522927440142802,51344,4,0.004720780487804878,387104,4,0.019827980197639313,4064736,4,0.056071395121951216,11494636,4,0.06507729427017792,5336338,4,0.06716070567900718,2753589,4,0.041787068074747795,342654,3,-9.039878741974084,-5.744973628722992,-3.7850569635312854,-1.499727243101679
5,circuit,7,0000000001010001000010000,82,80,4,2,1,False,0.0907565925759865,0.9977256092013681,8181348,58,0.992267658159398,40682972,80,0.9887160731707317,81074718,80,0.9894560099103998,202838485,80,0.9795614926829268,200810106,66,0.9968509511427062,81741776,61,0.9993463902598442,40973203,58,0.9999953658542237,8199963,53,-0.003278303744138739,-0.010255495746855367,-0.011821523656328832,0.014499506553912446
5,circuit,7,0000000001010001000010010,82,23,5,2,2,False,-0.008184212551308152,0.52154488330363,4276667,17,0.49829951211217133,20430279,23,0.4210649512195122,34527326,23,0.3470563412625901,71146551,23,0.24484459512195123,50193142,18,0.2428583839721557,19914387,15,0.2325153601825522,9533130,15,0.2386894830866484,1957254,15,1.1276564129373963,1.0996871363164271,0.7939275008227827,0.5033035401988468
5,circuit,7,0000000001010001000110000,82,21,5,2,2,False,0.10635425713417572,0.2174321262029576,1782943,17,0.2802822819649894,11491573,21,0.29715626829268293,24366814,21,0.2789046690892,57175458,21,0.2238249756097561,45884120,17,0.2161890662485138,17727503,14,0.2134852630857253,8752896,13,0.22933692325159472,1880563,11,-0.07690352923439435,0.3927440634697297,0.45892825317294383,0.31740105738098834
5,circuit,7,0000000001010001010010000,82,20,5,2,2,False,0.40730186420028786,0.5962913649491134,4889588,20,0.5516075634930518,22615909,20,0.5315008780487804,43583072,20,0.4206059304301571,86224217,20,0.07639919512195122,15661835,11,0.07288158714345334,5976290,9,0.07000860804857054,2870353,8,0.062495602134682665,512464,7,3.254190870010117,2.978038011295949,2.8664457929289076,2.460839847399107
5,circuit,7,0000000001010001010110000,82,1,6,2,3,False,0.15201200309217586,0.025436469618651127,208579,1,0.059531905343019775,2440808,1,0.05613396341463415,4602985,1,0.03457308242088172,7087482,1,0.0,0,0,0.0,0,0,0.0,0,0,0.0,0,0,,,,
5,circuit,7,0000000001010001100010000,82,17,5,2,2,False,0.16043382588640911,0.306171050285622,2510602,13,0.21038286392111533,8625697,17,0.2259445243902439,18527451,17,0.22179321626644075,45467610,17,0.17662420975609755,36207963,14,0.15179141833637605,12446896,13,0.14989655731959617,6145759,11,0.19147204982048172,1570071,10,0.6772040668633055,0.48904994996864337,0.5738783657087945,0.32853213438949497
5,circuit,7,0000000001010001100110000,82,4,6,2,3,False,0.10883149240682044,7.939026326591787e-05,651,3,0.0012522927440142802,51344,4,0.004720780487804878,387104,4,0.019827980197639313,4064736,4,0.056071395121951216,11494636,4,0.06507729427017792,5336338,4,0.06716070567900718,2753589,4,0.041787068074747795,342654,3,-9.039878741974084,-5.744973628722992,-3.7850569635312854,-1.499727243101679
5,circuit,7,0000000001010001110010000,82,4,6,2,3,False,0.17929054712615722,0.00014804881659727235,1214,3,0.0014558781197989326,59691,4,0.004044975609756097,331688,4,0.017279063161769807,3542208,4,0.054881560975609756,11250720,4,0.06011020878317582,4929037,4,0.06339663260008213,2599262,4,0.06415694339549471,526087,4,-8.75938864081441,-5.444444722518006,-3.8934071223531554,-1.6672965167106284
5,circuit,7,0000000001010010110010000,82,4,6,2,2,False,0.026046427799973963,0.00018621955761452625,1527,2,0.0028198294058453368,115613,4,0.013085426829268292,1073005,4,0.03152997514834183,6463645,4,0.05842300487804878,11976716,3,0.06544305037665976,5366330,3,0.06534941304025822,2679326,3,0.041333409593486636,338934,3,-7.79415996716004,-4.534494487830623,-2.322279011587706,-0.8898125294963204
5,circuit,7,0000000001010011000010000,82,41,5,2,2,False,0.08376481967293982,0.3045549523304762,2497350,30,0.38001133561030903,15580464,41,0.4093308536585366,33565130,41,0.42098411579047634,86301745,41,0.5327430585365853,109212327,36,0.5411302449056157,44372679,32,0.542614498960622,22247195,30,0.4990704269426309,4092378,27,-0.7125408535314375,-0.5138851434413081,-0.40270846359321466,-0.3396740905040767
5,circuit,7,0000000001010011000010010,82,3,6,2,2,False,0.10368362837094638,0.012073539530131593,99003,2,0.014614586078760296,599198,3,0.019375329268292683,1588777,3,0.038665545775626156,7926437,3,0.03122879512195122,6401903,3,0.030992964170560102,2541423,2,0.030391804136785265,1246064,2,0.026587313830815387,218016,2,-1.1388893415018952,-1.0562733505146054,-0.6777199129891937,0.3081716692877021
5,circuit,7,0000000001010011010010000,82,2,6,2,2,False,0.016525639975135075,5.207318343248376e-05,427,1,0.0028187074545710953,115567,2,0.009594451219512195,786745,2,0.016406990003800147,3363433,2,0.027943843902439026,5728488,2,0.02858281777031263,2343791,2,0.024899145734167176,1020865,2,0.011747559542980544,96330,2,-7.817604757898508,-3.1429905879794897,-1.5748759531014798,-0.7682198998565861
5,circuit,7,0000000001010011100010000,82,3,6,2,2,False,0.2619974890392763,0.29523141347107645,2420897,3,0.21921915703508082,8987985,3,0.14730943902439025,12079374,3,0.10191292533785963,20892150,3,0.016517219512195123,3386030,1,0.017229085786075262,1412785,1,0.017425828843272467,714459,1,0.01912024157070225,156786,1,3.9486735804893627,3.6530746941780525,3.0959318196330288,2.625294285323844
5,circuit,7,0000000001010101000010000,82,31,5,2,2,False,-0.049080080780941344,0.30520251346402766,2502660,18,0.22317413283776258,9150139,31,0.22652082926829267,18574708,31,0.2622505912841377,53761372,31,0.4181461902439024,85719969,27,0.43384469350840715,35575264,27,0.42056657510813233,17243230,27,0.4055917798058805,3325853,25,-0.41026156991555285,-0.9141643749653615,-0.9375349667135683,-0.673061392960505
5,circuit,7,0000000001010101000010010,82,5,6,2,2,False,0.17198090682155612,0.030408056197086877,249346,5,0.028446537973001854,1166308,5,0.03393530487804878,2782695,5,0.04154410183106193,8516541,5,0.04373307804878049,8965281,5,0.038066574099184736,3121459,4,0.030990974853878663,1270630,4,0.03963487321525937,325006,4,-0.38231676492575456,-0.12359505413285639,-0.16573776213793015,-0.07408122584212744
5,circuit,7,0000000001010101000110000,82,5,6,2,2,False,0.00224397651182402,0.10209343953498526,837166,3,0.11659637154128642,4780451,5,0.10565456097560975,8663674,5,0.07677044765701783,15737942,5,0.04357961951219512,8933822,3,0.05039372074131026,4132285,3,0.051047730462250474,2092957,3,0.05184731075032796,425148,3,0.9775490969932701,1.191604166146042,1.0680391634847404,0.8168974601060971
5,circuit,7,0000000001010101100010000,82,6,6,2,2,False,0.08420623975715302,0.09314636418204005,763800,5,0.11302112746444525,4633866,6,0.1247320243902439,10228026,6,0.1305508468699876,26762924,6,0.03750136097560976,7687779,5,0.0295352080374441,2421887,3,0.025470072549510427,1044273,3,0.02626438704092841,215368,2,1.8263915417696206,2.149717512126078,2.078324239200054,1.799596957251515
5,circuit,7,0000000001010111000010000,82,2,6,2,3,False,0.0327165475781961,0.003882318020077566,31835,1,0.006980927169801325,286218,2,0.011685451219512194,958207,2,0.021268643591190583,4360072,2,0.016499678048780487,3382434,1,0.016963841877166874,1391035,1,0.018314706870373003,750903,1,0.002714267961674639,22257,1,0.5163551457542398,-1.3915120452878171,-0.5377494973918766,0.36629015423462125
5,circuit,7,0000000001010111000010010,82,1,7,2,3,False,-0.003114607171098278,0.0,0,0,0.00012768293305770405,5235,1,0.0016290365853658536,133581,1,0.012475692500355719,2557517,1,0.022708765853658535,4655297,1,0.03023648854235338,2479392,1,0.033304535773060105,1365486,1,0.02241755824176119,183824,1,,-8.027009164516224,-4.214199694821231,-0.8641294036126651
5,circuit,7,0000000001100001000000110,82,9,5,2,2,False,0.18276886968441908,0.10638368448382549,872346,9,0.10795737111987176,4426252,9,0.09020808536585366,7397063,9,0.09349586204640202,19166652,9,0.07812826341463415,16016294,6,0.08552309964690487,7012894,6,0.08722482714085787,3576218,6,0.07466474699210403,612251,6,0.510777769617239,0.30765101269005624,0.07694260611253148,0.2590579681656731
5,circuit,7,0000000001100001010000110,82,5,6,2,2,False,-0.007135069062440933,0.00017341467644260401,1422,2,0.0019357318017430146,79365,5,0.012196817073170732,1000139,5,0.03596736532730685,7373310,5,0.0786638731707317,16126094,4,0.0865883313802032,7100243,4,0.08420553453157233,3452427,4,0.0684997477439332,561698,4,-8.62572886302132,-5.44296407542007,-2.827667915031001,-1.12901273856386
5,circuit,7,0000000011000111000010000,82,1,6,2,2,False,0.06789349145154658,1.2195124925640226e-06,10,1,0.0006053171026983952,24818,1,0.002722329268292683,223231,1,0.011657351048916813,2389757,1,0.022223765853658536,4555872,1,0.029714269017421194,2436570,1,0.0364234137457704,1493360,1,0.03142024007070243,257646,1,-14.653102046301717,-5.911031219792783,-3.448242412691756,-0.9308633086396283
5,circuit,7,0000000011010011000010000,82,11,6,2,2,False,-0.08815901102018277,0.00019609760880429482,1608,5,0.003333707479693048,136682,11,0.014469,1186458,11,0.04442118471578754,9106343,11,0.23088223902439026,47330859,10,0.27533455549596475,22577433,10,0.281147529728109,11527049,10,0.2640927726716131,2165561,10,-10.39525716145999,-6.39805604181944,-4.250148563766142,-2.3778374205408994
5,circuit,7,0000000011010011000010010,82,1,7,2,2,False,-0.003114607171098278,0.0,0,0,0.00012768293305770405,5235,1,0.0016290365853658536,133581,1,0.012475692500355719,2557517,1,0.022708765853658535,4655297,1,0.03023648854235338,2479392,1,0.033304535773060105,1365486,1,0.02241755824176119,183824,1,,-8.027009164516224,-4.214199694821231,-0.8641294036126651
5,circuit,7,0000000001000100100010000,82,78,4,1,1,True,0.37870054511539525,0.9865017040248059,8089312,58,0.9654921690483985,39585177,78,0.9536508048780488,78199366,78,0.9573236152586788,196251344,78,0.9288601414634147,190416329,64,0.9522972061535904,78088369,59,0.9622591960424587,39452628,56,0.9662835406971292,7923526,51,0.029874955639522943,0.004839004220405073,0.0020491959740240743,0.04354531191139904
