k,task,size_class,iso_key,n_topo_in_size,n_topo_with_motif_in_size,num_edges,max_in_deg,max_out_deg,is_linear,partial_r,presence_rate_top_01,presence_designs_top_01,n_topo_top_01,presence_rate_top_05,presence_designs_top_05,n_topo_top_05,presence_rate_top_10,presence_designs_top_10,n_topo_top_10,presence_rate_top_25,presence_designs_top_25,n_topo_top_25,presence_rate_bot_25,presence_designs_bot_25,n_topo_bot_25,presence_rate_bot_10,presence_designs_bot_10,n_topo_bot_10,presence_rate_bot_05,presence_designs_bot_05,n_topo_bot_05,presence_rate_bot_01,presence_designs_bot_01,n_topo_bot_01,log_odds_top01_vs_bot01,log_odds_top05_vs_bot05,log_odds_top10_vs_bot10,log_odds_top25_vs_bot25
5,toxicity,4,0000000000000000000011110,27,0,4,1,4,False,,0.0,0,0,0.0,0,0,0.0,0,0,0.0,0,0,0.0,0,0,0.0,0,0,0.0,0,0,0.0,0,0,,,,
5,toxicity,4,0000000000000000010011010,27,0,4,1,3,False,,0.0,0,0,0.0,0,0,0.0,0,0,0.0,0,0,0.0,0,0,0.0,0,0,0.0,0,0,0.0,0,0,,,,
5,toxicity,4,0000000000000000010011100,27,0,4,2,3,False,,0.0,0,0,0.0,0,0,0.0,0,0,0.0,0,0,0.0,0,0,0.0,0,0,0.0,0,0,0.0,0,0,,,,
5,toxicity,4,0000000000000000010011110,27,0,5,2,4,False,,0.0,0,0,0.0,0,0,0.0,0,0,0.0,0,0,0.0,0,0,0.0,0,0,0.0,0,0,0.0,0,0,,,,
5,toxicity,4,0000000000000000010111000,27,0,4,1,2,False,,0.0,0,0,0.0,0,0,0.0,0,0,0.0,0,0,0.0,0,0,0.0,0,0,0.0,0,0,0.0,0,0,,,,
5,toxicity,4,0000000000000000010111100,27,0,5,2,3,False,,0.0,0,0,0.0,0,0,0.0,0,0,0.0,0,0,0.0,0,0,0.0,0,0,0.0,0,0,0.0,0,0,,,,
5,toxicity,4,0000000000000000110010100,27,3,4,2,2,False,-0.23649406799791778,0.03642400515387284,735,3,0.06153922394568611,6209,3,0.07282854863248245,14696,3,0.0865049913968775,43639,3,0.12482803734612563,62972,3,0.13371459155152932,26982,3,0.13732680528850918,13856,3,0.14585191793041927,2943,3,-2.001542883861175,-1.1580351020820312,-0.8765809078192615,-0.5290867263518015
5,toxicity,4,0000000000000000110010110,27,0,5,2,3,False,,0.0,0,0,0.0,0,0,0.0,0,0,0.0,0,0,0.0,0,0,0.0,0,0,0.0,0,0,0.0,0,0,,,,
5,toxicity,4,0000000000000000110011100,27,0,5,2,3,False,,0.0,0,0,0.0,0,0,0.0,0,0,0.0,0,0,0.0,0,0,0.0,0,0,0.0,0,0,0.0,0,0,,,,
5,toxicity,4,0000000000000010000111000,27,2,4,2,2,False,0.0062447364357701325,0.06898260567917142,1392,2,0.07393825263888201,7460,2,0.0755293896099391,15241,2,0.07643695933141448,38560,2,0.07117370705889349,35905,2,0.06763534005986481,13648,2,0.06359888203928721,6417,2,0.06581425314699177,1328,2,0.06783256785729677,0.21731954354242528,0.1592608634452129,0.10292600871167319
5,toxicity,4,0000000000000010010011000,27,2,4,1,2,False,-0.011299974256871232,0.036721343971455475,741,2,0.04451162099212052,4491,2,0.049799543087086014,10049,2,0.05648524782543194,28495,2,0.08685551172517691,43816,2,0.098296231688703,19835,2,0.10673155067493904,10769,2,0.13960749330954506,2817,2,-1.9266856127136038,-1.2617327651753938,-0.9810036045071426,-0.6207432731417222
5,toxicity,4,0000000000000010010111000,27,0,5,2,2,False,,0.0,0,0,0.0,0,0,0.0,0,0,0.0,0,0,0.0,0,0,0.0,0,0,0.0,0,0,0.0,0,0,,,,
5,toxicity,4,0000000000000010100010010,27,0,4,1,2,False,,0.0,0,0,0.0,0,0,0.0,0,0,0.0,0,0,0.0,0,0,0.0,0,0,0.0,0,0,0.0,0,0,,,,
5,toxicity,4,0000000000000010100011000,27,4,4,2,2,False,-0.020311326434761995,0.10570394965062689,2133,4,0.11844987363100253,11951,4,0.1253289326970251,25290,4,0.1329222071568464,67055,4,0.15802921878407042,79721,4,0.1659315717485678,33483,4,0.17033043271422624,17186,4,0.20542174645653682,4145,4,-0.9585596326870484,-0.5240595630398834,-0.4048689083852392,-0.2496091757917724
5,toxicity,4,0000000000000010100011010,27,0,5,2,3,False,,0.0,0,0,0.0,0,0,0.0,0,0,0.0,0,0,0.0,0,0,0.0,0,0,0.0,0,0,0.0,0,0,,,,
5,toxicity,4,0000000000000010100110000,27,4,4,2,2,False,-0.11405898789699281,0.13935279250706178,2812,4,0.14074037365578076,14200,4,0.14177185079464194,28608,4,0.14378711831077493,72536,4,0.15233016829543877,76846,4,0.16126330604396694,32541,4,0.16467125215564232,16615,4,0.1817325800376648,3667,4,-0.38307516828363786,-0.22655246701396134,-0.18584709428496834,-0.08326725678651695
5,toxicity,4,0000000000000010100111000,27,1,5,2,2,False,-0.1768410156147871,0.00847415630110511,171,1,0.015431884632538778,1557,1,0.019485700409834033,3932,1,0.025214681605176145,12720,1,0.04454576089757567,22472,1,0.05008722025095645,10107,1,0.056264742611350074,5677,1,0.07552780255724056,1524,1,-3.155866169251931,-1.8663169009098146,-1.3620267570427722,-0.8210241392968192
5,toxicity,4,0000000000000010110010000,27,4,4,1,2,False,-0.0563576724451102,0.09019277466673274,1820,4,0.10246295653897616,10338,4,0.11256312286596395,22714,4,0.12409310402245534,62601,4,0.16022360100699745,80828,4,0.1758231411184015,35479,4,0.18121270986540863,18284,4,0.18366537813460204,3706,4,-1.025995927585714,-0.8225817203719048,-0.6433907052833416,-0.36866372732085606
5,toxicity,4,0000000000000010110011000,27,1,5,2,2,False,-0.0435044880162065,0.012736012686456216,257,1,0.018980127855691562,1915,1,0.022518571379014713,4544,1,0.027008650697368318,13625,1,0.04341387991357266,21901,1,0.047743176006501874,9634,1,0.05161648397391425,5208,1,0.06516998711467935,1315,1,-2.3552940316302937,-1.4433421600672904,-1.0841792386227342,-0.6847347952609246
5,toxicity,4,0000000000000010110110000,27,1,5,2,3,False,-0.07728403678930178,0.013528916200009912,273,1,0.01938649090638783,1956,1,0.023157853004871425,4673,1,0.027286170777928432,13765,1,0.044367355838801116,22382,1,0.052758340436497714,10646,1,0.05913893238716327,5967,1,0.06581425314699177,1328,1,-2.282353787071579,-1.6090565103166408,-1.1878976786011257,-0.7013286281332609
5,toxicity,4,0000000000000010110111000,27,1,6,2,3,False,0.1667767430529857,0.028247187670350365,570,1,0.029079736359581745,2934,1,0.03031384267725198,6117,1,0.03127056622025579,15775,1,0.042309750827601245,21344,1,0.04820901143774654,9728,1,0.05046680806358897,5092,1,0.06407969075230449,1293,1,-1.1817599474026572,-0.7953206519419423,-0.6693261022462719,-0.43618484676944985
5,toxicity,4,0000000000000011100001000,27,8,4,2,2,False,-0.2820300055469842,0.2916893800485653,5886,8,0.29070816195054267,29331,8,0.2905113757439702,58622,8,0.2921909813902963,147401,8,0.3063195036374809,154529,8,0.31998929569647355,64570,8,0.3311562171698151,33413,8,0.359996035285955,7264,8,-0.3035481569950272,-0.18794036654074614,-0.13942898749860624,-0.06812557816898294
5,toxicity,4,0000000000000011100001010,27,0,5,2,2,False,,0.0,0,0,0.0,0,0,0.0,0,0,0.0,0,0,0.0,0,0,0.0,0,0,0.0,0,0,0.0,0,0,,,,
5,toxicity,4,0000000000000011100011000,27,0,5,2,2,False,,0.0,0,0,0.0,0,0,0.0,0,0,0.0,0,0,0.0,0,0,0.0,0,0,0.0,0,0,0.0,0,0,,,,
5,toxicity,4,0000000000000011100101000,27,3,5,2,3,False,-0.05121953395351954,0.11774617176272362,2376,3,0.11989692254323801,12097,3,0.1183265688417109,23877,3,0.11331937803785373,57166,3,0.11040696176184907,55697,3,0.11028901619521478,22255,3,0.11581002596681797,11685,3,0.1295965903459213,2615,3,-0.13834760697804502,0.05003447233037661,0.10148493179093765,0.03756344372251107
5,toxicity,4,0000000000000011110001000,27,0,5,2,3,False,,0.0,0,0,0.0,0,0,0.0,0,0,0.0,0,0,0.0,0,0,0.0,0,0,0.0,0,0,0.0,0,0,,,,
5,toxicity,4,0000000000000011110101000,27,0,6,2,4,False,,0.0,0,0,0.0,0,0,0.0,0,0,0.0,0,0,0.0,0,0,0.0,0,0,0.0,0,0,0.0,0,0,,,,
5,toxicity,4,0000000000000110100010000,27,0,4,1,2,False,,0.0,0,0,0.0,0,0,0.0,0,0,0.0,0,0,0.0,0,0,0.0,0,0,0.0,0,0,0.0,0,0,,,,
5,toxicity,4,0000000000000110100010010,27,1,5,2,2,False,7.265737845443343e-05,0.012736012686456216,257,1,0.019148619852321722,1932,1,0.022989360173250276,4639,1,0.0271771450319941,13710,1,0.044196879893749874,22296,1,0.05088508731936488,10268,1,0.055650260659279666,5615,1,0.06100703736742987,1231,1,-2.260061993935086,-1.5391480321661646,-1.1462765992660215,-0.7015506167793591
5,toxicity,4,0000000000000110100011000,27,1,5,2,2,False,0.050644978139068174,0.0562465929927152,1135,1,0.05495812478319045,5545,1,0.05301081823092438,10697,1,0.04942830863404617,24935,1,0.027759827145320833,14004,1,0.019892164053362936,4014,1,0.01198239806537295,1209,1,0.0006442660323124195,13,1,6.447965367392678,2.1974161120859743,1.4140865746207587,0.832338955781834
5,toxicity,4,0000000000000110100111000,27,0,6,2,2,False,,0.0,0,0,0.0,0,0,0.0,0,0,0.0,0,0,0.0,0,0,0.0,0,0,0.0,0,0,0.0,0,0,,,,
5,toxicity,4,0000000000000111100011000,27,0,6,2,2,False,,0.0,0,0,0.0,0,0,0.0,0,0,0.0,0,0,0.0,0,0,0.0,0,0,0.0,0,0,0.0,0,0,,,,
5,toxicity,4,0000000000010000100010010,27,7,4,2,2,False,-0.1591359847283721,0.13588383963526438,2742,7,0.15908617870062935,16051,7,0.17516812115625727,35347,7,0.20010387180158107,100946,7,0.2979562709378159,150310,7,0.34063968124962835,68737,7,0.3643877975777518,36766,7,0.4072752502725741,8218,7,-1.5836302560329376,-1.1956661470084557,-0.9595062621365728,-0.5743515292971755
5,toxicity,4,0000000000010000100010110,27,0,5,2,3,False,,0.0,0,0,0.0,0,0,0.0,0,0,0.0,0,0,0.0,0,0,0.0,0,0,0.0,0,0,0.0,0,0,,,,
5,toxicity,4,0000000000010000100110000,27,7,4,2,2,False,-0.0750856793567955,0.20214083948659498,4079,7,0.2225977501362803,22459,7,0.23120685468484406,46655,7,0.24009649769658334,121121,7,0.2639542490138165,133157,7,0.2729498285329157,55078,7,0.27156137881821246,27400,7,0.26652790167509166,5378,7,-0.3989257447248568,-0.28683930456459394,-0.2394516201368781,-0.13667353100085702
5,toxicity,4,0000000000010000100110100,27,0,5,2,2,False,,0.0,0,0,0.0,0,0,0.0,0,0,0.0,0,0,0.0,0,0,0.0,0,0,0.0,0,0,0.0,0,0,,,,
5,toxicity,4,0000000000010000110010010,27,0,5,2,2,False,,0.0,0,0,0.0,0,0,0.0,0,0,0.0,0,0,0.0,0,0,0.0,0,0,0.0,0,0,0.0,0,0,,,,
5,toxicity,4,0000000000010000110010100,27,0,5,2,2,False,,0.0,0,0,0.0,0,0,0.0,0,0,0.0,0,0,0.0,0,0,0.0,0,0,0.0,0,0,0.0,0,0,,,,
5,toxicity,4,0000000000010000110010110,27,0,6,2,3,False,,0.0,0,0,0.0,0,0,0.0,0,0,0.0,0,0,0.0,0,0,0.0,0,0,0.0,0,0,0.0,0,0,,,,
5,toxicity,4,0000000000010000110110000,27,0,5,2,3,False,,0.0,0,0,0.0,0,0,0.0,0,0,0.0,0,0,0.0,0,0,0.0,0,0,0.0,0,0,0.0,0,0,,,,
5,toxicity,4,0000000000010000110110100,27,0,6,2,3,False,,0.0,0,0,0.0,0,0,0.0,0,0,0.0,0,0,0.0,0,0,0.0,0,0,0.0,0,0,0.0,0,0,,,,
5,toxicity,4,0000000000010001000011000,27,8,4,2,2,False,-0.3130718591541097,0.24500718568809157,4944,8,0.26646513702363844,26885,8,0.2745788918127351,55407,8,0.28433716311044505,143439,8,0.30657719983348863,154659,8,0.31233274525739885,63025,8,0.31579416836805485,31863,8,0.3247596392110219,6553,8,-0.40654828513027347,-0.2450377395590759,-0.1858631078782199,-0.10864773484610385
5,toxicity,4,0000000000010001000011010,27,1,5,2,3,False,0.0058870651775330815,0.050398929580256706,1017,1,0.0453441696813519,4575,1,0.04364459906139581,8807,1,0.04119587367285933,20782,1,0.035962495292088725,18142,1,0.035715701627450594,7207,1,0.03636345616365042,3669,1,0.038457726236495196,776,1,0.39011962502586545,0.31842773509625,0.28924467100228196,0.19600671201269293
5,toxicity,4,0000000000010001000011110,27,0,6,2,4,False,,0.0,0,0,0.0,0,0,0.0,0,0,0.0,0,0,0.0,0,0,0.0,0,0,0.0,0,0,0.0,0,0,,,,
5,toxicity,4,0000000000010001000110100,27,1,5,2,2,False,7.265737845443343e-05,0.012736012686456216,257,1,0.019148619852321722,1932,1,0.022989360173250276,4639,1,0.0271771450319941,13710,1,0.044196879893749874,22296,1,0.05088508731936488,10268,1,0.055650260659279666,5615,1,0.06100703736742987,1231,1,-2.260061993935086,-1.5391480321661646,-1.1462765992660215,-0.7015506167793591
5,toxicity,4,0000000000010001000111000,27,2,5,2,2,False,-0.011299974256871232,0.036721343971455475,741,2,0.04451162099212052,4491,2,0.049799543087086014,10049,2,0.05648524782543194,28495,2,0.08685551172517691,43816,2,0.098296231688703,19835,2,0.10673155067493904,10769,2,0.13960749330954506,2817,2,-1.9266856127136038,-1.2617327651753938,-0.9810036045071426,-0.6207432731417222
5,toxicity,4,0000000000010001000111100,27,0,6,2,3,False,,0.0,0,0,0.0,0,0,0.0,0,0,0.0,0,0,0.0,0,0,0.0,0,0,0.0,0,0,0.0,0,0,,,,
5,toxicity,4,0000000000010001010010100,27,0,5,2,2,False,,0.0,0,0,0.0,0,0,0.0,0,0,0.0,0,0,0.0,0,0,0.0,0,0,0.0,0,0,0.0,0,0,,,,
5,toxicity,4,0000000000010001010011000,27,1,5,2,2,False,-0.10991519016891627,0.008573269240299322,173,1,0.015689578274443727,1583,1,0.01956499115412634,3948,1,0.02460215514165418,12411,1,0.04541399885027851,22910,1,0.05425496065177315,10948,1,0.05921822038097881,5975,1,0.07116661710774111,1436,1,-3.0532833028308337,-1.9162345613322669,-1.4714805944489975,-0.8843523755778832
5,toxicity,4,0000000000010001010011010,27,0,6,2,3,False,,0.0,0,0,0.0,0,0,0.0,0,0,0.0,0,0,0.0,0,0,0.0,0,0,0.0,0,0,0.0,0,0,,,,
5,toxicity,4,0000000000010001010011100,27,1,6,2,3,False,-0.07728403678930178,0.013528916200009912,273,1,0.01938649090638783,1956,1,0.023157853004871425,4673,1,0.027286170777928432,13765,1,0.044367355838801116,22382,1,0.052758340436497714,10646,1,0.05913893238716327,5967,1,0.06581425314699177,1328,1,-2.282353787071579,-1.6090565103166408,-1.1878976786011257,-0.7013286281332609
5,toxicity,4,0000000000010011000111000,27,1,6,2,2,False,7.265737845443343e-05,0.012736012686456216,257,1,0.019148619852321722,1932,1,0.022989360173250276,4639,1,0.0271771450319941,13710,1,0.044196879893749874,22296,1,0.05088508731936488,10268,1,0.055650260659279666,5615,1,0.06100703736742987,1231,1,-2.260061993935086,-1.5391480321661646,-1.1462765992660215,-0.7015506167793591
5,toxicity,4,0000000000010011010011000,27,0,6,2,2,False,,0.0,0,0,0.0,0,0,0.0,0,0,0.0,0,0,0.0,0,0,0.0,0,0,0.0,0,0,0.0,0,0,,,,
5,toxicity,4,0000000001000010010010000,27,13,4,2,1,False,0.2656815883697782,0.36295158332920363,7324,13,0.40712622032806384,41077,13,0.4228129382671999,85319,13,0.4454375698755917,224709,13,0.4990366126826174,251749,13,0.5071312466549052,102333,13,0.5129437649903863,51755,13,0.5434136187927445,10965,13,-0.5822736124081257,-0.333324530085045,-0.2623396436072516,-0.16392241968860088
5,toxicity,4,0000000001000010110010000,27,1,5,2,2,False,-0.22876901904496597,0.0151147232271173,305,1,0.02686951781555082,2711,1,0.03074498609934139,6204,1,0.034894185557855006,17603,1,0.03600015858227447,18161,1,0.03171645489325431,6400,1,0.026492100933616126,2673,1,0.00951531370799881,192,1,0.6676314350845857,0.020408171880659375,-0.04488036827907309,-0.04501660250943958
5,toxicity,4,0000000001000011000000010,27,5,4,2,1,False,0.3031431961694056,0.21799890975766886,4399,5,0.23012042222112097,23218,5,0.2270193122519067,45810,5,0.22034499710586203,111157,5,0.15580906694154262,78601,5,0.12080995896683648,24378,5,0.09434280164126148,9519,5,0.03855684408762018,778,5,2.499262044279425,1.2864046729095469,0.9100756429126867,0.49998495077064187
5,toxicity,4,0000000001000011000010000,27,10,4,2,1,False,0.09886747757188613,0.30551563506615786,6165,10,0.3136627186679221,31647,10,0.32092433185158753,64759,10,0.338679559456695,170853,10,0.39044145340654546,196966,10,0.4026701290463258,81254,10,0.4069753612559218,41063,10,0.4405788482505699,8890,10,-0.5281540210714379,-0.3757273912777572,-0.32736527790273795,-0.20518531527614656
5,toxicity,4,0000000001000011000010010,27,3,5,2,2,False,0.4836118412356984,0.17562812825214333,3544,3,0.15717329897418109,15858,3,0.14876925897843787,30020,3,0.14102579350920177,71143,3,0.09113525085733543,45975,3,0.06569766289373005,13257,3,0.0439453705722611,4434,3,0.00847457627118644,171,3,4.373238877024614,1.8385730517814445,1.17916249048945,0.6298779571188482
5,toxicity,4,0000000001000011010010000,27,6,5,2,2,False,-0.26708703523790245,0.12904504683086376,2604,6,0.1708508845829823,17238,6,0.183929748400557,37115,6,0.19706106234686838,99411,6,0.23463040418657205,118364,6,0.2472644557654568,49895,6,0.2590338757953577,26136,6,0.28511249876102684,5753,6,-1.14365651836311,-0.6004030648983575,-0.42690003039689567,-0.2517472348841344
5,toxicity,4,0000000001000011110010000,27,0,6,2,3,False,,0.0,0,0,0.0,0,0,0.0,0,0,0.0,0,0,0.0,0,0,0.0,0,0,0.0,0,0,0.0,0,0,,,,
5,toxicity,4,0000000001000100100110000,27,0,5,2,2,False,,0.0,0,0,0.0,0,0,0.0,0,0,0.0,0,0,0.0,0,0,0.0,0,0,0.0,0,0,0.0,0,0,,,,
5,toxicity,4,0000000001000101000010000,27,3,4,2,1,False,-0.13547134251273646,0.09658555924475941,1949,3,0.1168938004856534,11794,3,0.12145855324125696,24509,3,0.12468977219565959,62902,3,0.09663012666759173,48747,3,0.07957361190952882,16057,3,0.06432238498285398,6490,3,0.017940331053622756,362,3,2.428600991530178,0.8618056122214404,0.6101020990103719,0.36779817379233404
5,toxicity,4,0000000001000101000010010,27,2,5,2,2,False,0.2335216853172009,0.09138212993706328,1844,2,0.08840874176123693,8920,2,0.08744777961137624,17646,2,0.0873316047796887,44056,2,0.06316728447677761,31866,2,0.04480444823279878,9041,2,0.029415845705564034,2968,2,0.0056001585885618,113,2,4.028372481369644,1.5875955144728895,0.9647797814320793,0.46732629799475855
5,toxicity,4,0000000001000101000010100,27,0,5,2,2,False,,0.0,0,0,0.0,0,0,0.0,0,0,0.0,0,0,0.0,0,0,0.0,0,0,0.0,0,0,0.0,0,0,,,,
5,toxicity,4,0000000001000101000010110,27,0,6,2,3,False,,0.0,0,0,0.0,0,0,0.0,0,0,0.0,0,0,0.0,0,0,0.0,0,0,0.0,0,0,0.0,0,0,,,,
5,toxicity,4,0000000001000110100010000,27,2,5,2,2,False,-0.2803845823509734,0.030675454680608553,619,2,0.057217899796818475,5773,2,0.06209456412391161,12530,2,0.06631540553612915,33454,2,0.07412135508553531,37392,2,0.07540587150871211,15216,2,0.0783960038851117,7910,2,0.08439885023292695,1703,2,-1.4601386171087847,-0.4543135730663438,-0.2802098861917798,-0.16054519943667386
5,toxicity,4,0000000001000111000000010,27,7,5,2,2,False,-0.08640003376553779,0.18073244462064522,3647,7,0.21190346399722484,21380,7,0.22530960557810387,45465,7,0.2350139156497538,118557,7,0.2768985271671259,139687,7,0.29487878367395487,59503,7,0.3144958274693255,31732,7,0.34706115571414414,7003,7,-0.941334384448194,-0.5696337047554294,-0.3882132042103104,-0.23661119576655854
5,toxicity,4,0000000001000111000010000,27,2,5,2,2,False,-0.1285174052950532,0.0713613162198325,1440,2,0.08182764259874127,8256,2,0.08375580433026578,16901,2,0.08432249419190117,42538,2,0.0637599857275953,32165,2,0.051608618946617245,10414,2,0.038474498998989075,3882,2,0.010159579740311231,205,2,2.812301500179722,1.0886857489956163,0.6985771491711485,0.40326623498389363
5,toxicity,4,0000000001000111000010010,27,2,6,2,2,False,0.2335216853172009,0.09138212993706328,1844,2,0.08840874176123693,8920,2,0.08744777961137624,17646,2,0.0873316047796887,44056,2,0.06316728447677761,31866,2,0.04480444823279878,9041,2,0.029415845705564034,2968,2,0.0056001585885618,113,2,4.028372481369644,1.5875955144728895,0.9647797814320793,0.46732629799475855
5,toxicity,4,0000000001000111100010000,27,0,6,2,2,False,,0.0,0,0,0.0,0,0,0.0,0,0,0.0,0,0,0.0,0,0,0.0,0,0,0.0,0,0,0.0,0,0,,,,
5,toxicity,4,0000000001010000110010000,27,3,5,2,2,False,0.08764786495230358,0.0856831359333961,1729,3,0.08385945785222261,8461,3,0.08410270133654461,16971,3,0.09098495841163365,45899,3,0.12162071084504529,61354,3,0.131806648561857,26597,3,0.13479950048563896,13601,3,0.13782337198929528,2781,3,-0.6857373723489123,-0.6847697420987902,-0.6481990993083411,-0.41868896237817277
5,toxicity,4,0000000001010000110110000,27,0,6,2,3,False,,0.0,0,0,0.0,0,0,0.0,0,0,0.0,0,0,0.0,0,0,0.0,0,0,0.0,0,0,0.0,0,0,,,,
5,toxicity,4,0000000001010001000010000,27,14,4,2,1,False,-0.3274525926462543,0.38227860647207496,7714,14,0.4300312205758462,43388,14,0.45140220725609426,91088,14,0.47323318822997695,238731,14,0.546609312744068,275748,14,0.5699000931670862,114999,14,0.5920731828182917,59739,14,0.6201803944890475,12514,14,-0.6980634547150836,-0.4613341059378465,-0.3362955555269419,-0.2079587850842502
5,toxicity,4,0000000001010001000010010,27,1,5,2,2,False,0.48007638385328966,0.08424599831508003,1700,1,0.06876455721294415,6938,1,0.061321479367061636,12374,1,0.05369418872951307,27087,1,0.027967966380557815,14109,1,0.020893214660931275,4216,1,0.01452952486669706,1466,1,0.0028744176826246406,58,1,4.8732665392529855,2.2426776334385963,1.5533580174359833,0.9409905994283183
5,toxicity,4,0000000001010001000110000,27,5,5,2,2,False,0.09068222969517224,0.17572724119133754,3546,5,0.1666385846672283,16813,5,0.16797744178324883,33896,5,0.17250449978987764,87023,5,0.1934366761155272,97583,5,0.20394176065970226,41153,5,0.21133223651608554,21323,5,0.23426504113390823,4727,5,-0.4148038251044681,-0.3427903609384181,-0.2798897207924122,-0.16522736445544214
5,toxicity,4,0000000001010001010010000,27,0,5,2,2,False,,0.0,0,0,0.0,0,0,0.0,0,0,0.0,0,0,0.0,0,0,0.0,0,0,0.0,0,0,0.0,0,0,,,,
5,toxicity,4,0000000001010001010110000,27,0,6,2,3,False,,0.0,0,0,0.0,0,0,0.0,0,0,0.0,0,0,0.0,0,0,0.0,0,0,0.0,0,0,0.0,0,0,,,,
5,toxicity,4,0000000001010001100010000,27,4,5,2,2,False,-0.14417771035680993,0.08672382179493533,1750,4,0.1042569007383914,10519,4,0.11278612808428606,22759,4,0.12519723748582665,63158,4,0.1620354034927746,81742,4,0.17451979305013182,35216,4,0.1795575729945093,18117,4,0.19179304192685104,3870,4,-1.1450501409565887,-0.7843036227282271,-0.6298010309346896,-0.37210633622371597
5,toxicity,4,0000000001010001100110000,27,1,6,2,3,False,0.1667767430529857,0.028247187670350365,570,1,0.029079736359581745,2934,1,0.03031384267725198,6117,1,0.03127056622025579,15775,1,0.042309750827601245,21344,1,0.04820901143774654,9728,1,0.05046680806358897,5092,1,0.06407969075230449,1293,1,-1.1817599474026572,-0.7953206519419423,-0.6693261022462719,-0.43618484676944985
5,toxicity,4,0000000001010001110010000,27,1,6,2,3,False,-0.04642620658767881,0.015065166757520194,304,1,0.020516378413201843,2070,1,0.023638553142143526,4770,1,0.027438806822236494,13842,1,0.04392134319186473,22157,1,0.049348821535472875,9958,1,0.05557097266546413,5607,1,0.07275250272574091,1468,1,-2.2717802360441346,-1.437555405793601,-1.0618738987136147,-0.678704427952386
5,toxicity,4,0000000001010010110010000,27,0,6,2,2,False,,0.0,0,0,0.0,0,0,0.0,0,0,0.0,0,0,0.0,0,0,0.0,0,0,0.0,0,0,0.0,0,0,,,,
5,toxicity,4,0000000001010011000010000,27,9,5,2,2,False,-0.13108662352831035,0.21443084394667725,4327,9,0.24629565389761635,24850,9,0.26417198162437,53307,9,0.28603201788815147,144294,9,0.3672824944991774,185283,9,0.39917140761591374,80548,9,0.42479533786596363,42861,9,0.46709287342650413,9425,9,-1.1231969942660047,-0.7863767621884429,-0.5955309242337888,-0.3607134870301559
5,toxicity,4,0000000001010011000010010,27,0,6,2,2,False,,0.0,0,0,0.0,0,0,0.0,0,0,0.0,0,0,0.0,0,0,0.0,0,0,0.0,0,0,0.0,0,0,,,,
5,toxicity,4,0000000001010011010010000,27,0,6,2,2,False,,0.0,0,0,0.0,0,0,0.0,0,0,0.0,0,0,0.0,0,0,0.0,0,0,0.0,0,0,0.0,0,0,,,,
5,toxicity,4,0000000001010011100010000,27,1,6,2,2,False,-0.07400609265645364,0.0034193964022003072,69,1,0.011140294365429407,1124,1,0.01458949694978418,2944,1,0.021890387497323912,11043,1,0.04544769758360259,22927,1,0.052010030328859994,10495,1,0.05449067374972745,5498,1,0.06383189612449203,1288,1,-4.222463917980955,-2.2902219750060016,-1.8338597396629428,-1.0539097152796308
5,toxicity,4,0000000001010101000010000,27,0,5,2,2,False,,0.0,0,0,0.0,0,0,0.0,0,0,0.0,0,0,0.0,0,0,0.0,0,0,0.0,0,0,0.0,0,0,,,,
5,toxicity,4,0000000001010101000010010,27,0,6,2,2,False,,0.0,0,0,0.0,0,0,0.0,0,0,0.0,0,0,0.0,0,0,0.0,0,0,0.0,0,0,0.0,0,0,,,,
5,toxicity,4,0000000001010101000110000,27,0,6,2,2,False,,0.0,0,0,0.0,0,0,0.0,0,0,0.0,0,0,0.0,0,0,0.0,0,0,0.0,0,0,0.0,0,0,,,,
5,toxicity,4,0000000001010101100010000,27,0,6,2,2,False,,0.0,0,0,0.0,0,0,0.0,0,0,0.0,0,0,0.0,0,0,0.0,0,0,0.0,0,0,0.0,0,0,,,,
5,toxicity,4,0000000001010111000010000,27,1,6,2,3,False,-0.04568170555482604,0.05228207542494673,1055,1,0.054036374448684275,5452,1,0.05104341663817156,10300,1,0.04468469754275792,22542,1,0.030523123277895612,15398,1,0.025224493032291316,5090,1,0.023875597137703423,2409,1,0.018386361383685202,371,1,1.5076804103292372,1.1783940648527647,1.0168996264544463,0.5498782657109677
5,toxicity,4,0000000001010111000010010,27,0,7,2,3,False,,0.0,0,0,0.0,0,0,0.0,0,0,0.0,0,0,0.0,0,0,0.0,0,0,0.0,0,0,0.0,0,0,,,,
5,toxicity,4,0000000001100001000000110,27,0,5,2,2,False,,0.0,0,0,0.0,0,0,0.0,0,0,0.0,0,0,0.0,0,0,0.0,0,0,0.0,0,0,0.0,0,0,,,,
5,toxicity,4,0000000001100001010000110,27,2,6,2,2,False,0.2335216853172009,0.09138212993706328,1844,2,0.08840874176123693,8920,2,0.08744777961137624,17646,2,0.0873316047796887,44056,2,0.06316728447677761,31866,2,0.04480444823279878,9041,2,0.029415845705564034,2968,2,0.0056001585885618,113,2,4.028372481369644,1.5875955144728895,0.9647797814320793,0.46732629799475855
5,toxicity,4,0000000011000111000010000,27,0,6,2,2,False,,0.0,0,0,0.0,0,0,0.0,0,0,0.0,0,0,0.0,0,0,0.0,0,0,0.0,0,0,0.0,0,0,,,,
5,toxicity,4,0000000011010011000010000,27,0,6,2,2,False,,0.0,0,0,0.0,0,0,0.0,0,0,0.0,0,0,0.0,0,0,0.0,0,0,0.0,0,0,0.0,0,0,,,,
5,toxicity,4,0000000011010011000010010,27,0,7,2,2,False,,0.0,0,0,0.0,0,0,0.0,0,0,0.0,0,0,0.0,0,0,0.0,0,0,0.0,0,0,0.0,0,0,,,,
5,toxicity,4,0000000001000100100010000,27,2,4,1,1,True,-0.11225925998739422,0.048714009613955105,983,2,0.055186084543337136,5568,2,0.06010238417356744,12128,2,0.06422805807305915,32401,2,0.0826312763890816,41685,2,0.08983685848514282,18128,2,0.09951634323772522,10041,2,0.12999306175042125,2623,2,-1.4160259825689105,-0.8506289442729318,-0.579885257189863,-0.36348427555429097
5,toxicity,5,0000000000000000000011110,43,0,4,1,4,False,,0.0,0,0,0.0,0,0,0.0,0,0,0.0,0,0,0.0,0,0,0.0,0,0,0.0,0,0,0.0,0,0,,,,
5,toxicity,5,0000000000000000010011010,43,2,4,1,3,False,-0.28749852115952546,0.009445689939118332,3556,2,0.01912063766625371,35992,2,0.023980717888891456,90281,2,0.03127370020605964,294343,2,0.059663672601353974,561545,2,0.07178649853787772,270257,2,0.08469845492814385,159434,2,0.1236333499792811,46544,2,-3.7102679722705365,-2.1472050146381196,-1.5818376822976632,-0.931902861084771
5,toxicity,5,0000000000000000010011100,43,2,4,2,3,False,-0.2959110023535541,0.017818247500451564,6708,2,0.025095571313518535,47239,2,0.0287932769734268,108399,2,0.03374877468141717,317638,2,0.05633860580517669,530250,2,0.06648811482779789,250310,2,0.07691890869604945,144790,2,0.10821371271927495,40739,2,-2.6024559736048762,-1.6159055041076207,-1.2073644808746042,-0.7392887390992386
5,toxicity,5,0000000000000000010011110,43,0,5,2,4,False,,0.0,0,0,0.0,0,0,0.0,0,0,0.0,0,0,0.0,0,0,0.0,0,0,0.0,0,0,0.0,0,0,,,,
5,toxicity,5,0000000000000000010111000,43,1,4,1,2,False,-0.012670217440238236,0.049117056429762954,18491,1,0.04260918717102537,80206,1,0.03920304574056115,147589,1,0.0338924235627515,318990,1,0.014650162492120299,137885,1,0.009059606617521082,34107,1,0.006055126191847307,11398,1,0.0024012665087072473,904,1,4.354356665458277,2.8149355985530833,2.1134454310921966,1.210046137664997
5,toxicity,5,0000000000000000010111100,43,0,5,2,3,False,,0.0,0,0,0.0,0,0,0.0,0,0,0.0,0,0,0.0,0,0,0.0,0,0,0.0,0,0,0.0,0,0,,,,
5,toxicity,5,0000000000000000110010100,43,9,4,2,2,False,-0.20478146981146075,0.11239467896341787,42313,9,0.14704966733320443,276801,9,0.15972447448464472,601320,9,0.17644428219015246,1660665,9,0.23385276058105953,2200985,9,0.2564683870011499,965535,9,0.2731240158693393,514121,9,0.3089239988524921,116300,9,-1.458678215016568,-0.8932526557942636,-0.6831956132558711,-0.4063877803032519
5,toxicity,5,0000000000000000110010110,43,0,5,2,3,False,,0.0,0,0,0.0,0,0,0.0,0,0,0.0,0,0,0.0,0,0,0.0,0,0,0.0,0,0,0.0,0,0,,,,
5,toxicity,5,0000000000000000110011100,43,1,5,2,3,False,-0.05074699517750572,0.005928790760436478,2232,1,0.011081278647487945,20859,1,0.01355527735964277,51032,1,0.017365789763912214,163444,1,0.027269372697647568,256655,1,0.029202070903833022,109938,1,0.031033717033615033,58417,1,0.037647290075119265,14173,1,-2.666736233670427,-1.4857121438213106,-1.107216050372532,-0.6510334896928501
5,toxicity,5,0000000000000010000111000,43,7,4,2,2,False,-0.11218617135919977,0.17773090940000214,66910,7,0.1752254080507277,329838,7,0.17387527880463235,654594,7,0.17010758153720879,1601025,7,0.1553529219203767,1462157,7,0.14705080014970517,553607,7,0.14109219644151103,265588,7,0.12880510428509195,48491,7,0.4645048383825036,0.3125737866618284,0.24173819369023786,0.13089806569566284
5,toxicity,5,0000000000000010010011000,43,4,4,1,2,False,0.0599074200461143,0.1131039025893303,42580,4,0.10864476796198823,204509,4,0.10575278512446964,398131,4,0.1006948908385376,947724,4,0.08813695428981429,829531,4,0.08597661507469453,323679,4,0.08342346783738815,157034,4,0.0758922405091535,28571,4,0.5756244175483669,0.381093509801186,0.29867944171061095,0.1921715362416163
5,toxicity,5,0000000000000010010111000,43,0,5,2,2,False,,0.0,0,0,0.0,0,0,0.0,0,0,0.0,0,0,0.0,0,0,0.0,0,0,0.0,0,0,0.0,0,0,,,,
5,toxicity,5,0000000000000010100010010,43,4,4,1,2,False,0.02743027631945306,0.08342010476322025,31405,4,0.09172030489320875,172651,4,0.09386907384932743,353392,4,0.09448632668773092,889290,4,0.08745239108905474,823088,4,0.0817133645334211,307629,4,0.07746077820962063,145810,4,0.06733374416949117,25349,4,0.3090654342789503,0.24377515520643683,0.20007786918793244,0.11160773875792852
5,toxicity,5,0000000000000010100011000,43,10,4,2,2,False,-0.16296432358030274,0.2429608891061126,91467,10,0.24958350244692312,469807,10,0.24928195439092227,938480,10,0.2444118778925009,2300365,10,0.2184718165128374,2056222,10,0.20494149253081162,771550,10,0.19423365838420886,365620,10,0.1707077361156858,64266,9,0.5091956533620745,0.36172935040397963,0.28256634690777976,0.16186721878566857
5,toxicity,5,0000000000000010100011010,43,2,5,2,3,False,0.23746024027078932,0.06805890540497465,25622,2,0.06674585786808503,125640,2,0.06586150996631103,247951,2,0.061152880021946826,575561,2,0.03267129140834402,307497,2,0.020277135191260575,76338,2,0.01306489896789795,24593,2,0.001723918101936951,649,2,5.303020805397906,2.352982340228173,1.699581749229511,0.9043969629533253
5,toxicity,5,0000000000000010100110000,43,14,4,2,2,False,0.02547733248342309,0.30144925996366223,113486,14,0.30751066212486,578847,14,0.31064885610745835,1169510,14,0.316158119168647,2975629,14,0.3351183896965535,3154081,14,0.3446268301098644,1297428,14,0.35753453621282083,673013,14,0.393151609167313,148009,14,-0.38317057167516,-0.21744617343062814,-0.14975028165974494,-0.08402458749017101
5,toxicity,5,0000000000000010100111000,43,3,5,2,2,False,0.31489500470532994,0.06371590679685923,23987,3,0.06613333021668498,124487,3,0.06752404486586433,254210,3,0.06882885149531898,647806,3,0.06778652550547762,637996,3,0.0649884068803817,244664,3,0.06292273790727869,118444,3,0.061346515507294114,23095,3,0.05467218811120459,0.07179610493497049,0.05521894549046874,0.02201491148640868
5,toxicity,5,0000000000000010110010000,43,11,4,1,2,False,-0.18975971526698454,0.15955406568420158,60067,11,0.19301792851966995,363330,11,0.2065296529660935,777529,11,0.22414707945461876,2109636,11,0.27929041725205517,2628637,11,0.30104950337779596,1133371,11,0.3209567503129031,604160,11,0.36732471285740087,138286,11,-1.2030105897291747,-0.7336440450341464,-0.5436518027533459,-0.31732037230211413
5,toxicity,5,0000000000000010110011000,43,3,5,2,2,False,-0.17633387693278094,0.03715588044667807,13988,3,0.048808307001196365,91875,3,0.053014649378853695,199586,3,0.05868694297543158,552352,3,0.07774206980334665,731696,3,0.08344974265107247,314166,3,0.08590703644125604,161709,3,0.08743106983860514,32915,3,-1.2345554966081331,-0.8156495936484146,-0.6545165301437685,-0.4056559589188792
5,toxicity,5,0000000000000010110110000,43,0,5,2,3,False,,0.0,0,0,0.0,0,0,0.0,0,0,0.0,0,0,0.0,0,0,0.0,0,0,0.0,0,0,0.0,0,0,,,,
5,toxicity,5,0000000000000010110111000,43,0,6,2,3,False,,0.0,0,0,0.0,0,0,0.0,0,0,0.0,0,0,0.0,0,0,0.0,0,0,0.0,0,0,0.0,0,0,,,,
5,toxicity,5,0000000000000011100001000,43,19,4,2,2,False,-0.2893667081259489,0.4025919865699077,151563,19,0.4112132403722128,774053,19,0.413907440447968,1558251,19,0.4201803090958429,3954669,19,0.4601303825680863,4330674,19,0.48344278332620133,1820033,19,0.5042090511333572,949109,19,0.5463332872913501,205677,18,-0.44046287073533014,-0.2941352988422893,-0.22403697035143696,-0.13103416664137194
5,toxicity,5,0000000000000011100001010,43,1,5,2,2,False,0.07697659978114815,0.01844512681024682,6944,1,0.019768227611662782,37211,1,0.019616530574678204,73851,1,0.020498334119223048,192927,1,0.025405869053673983,239116,1,0.026634292524861658,100271,1,0.02694313345077381,50717,1,0.024647513201653263,9279,1,-0.4182023863659414,-0.4467341169951672,-0.4412150540158463,-0.30965514697683966
5,toxicity,5,0000000000000011100011000,43,0,5,2,2,False,,0.0,0,0,0.0,0,0,0.0,0,0,0.0,0,0,0.0,0,0,0.0,0,0,0.0,0,0,0.0,0,0,,,,
5,toxicity,5,0000000000000011100101000,43,2,5,2,3,False,0.08130233282420042,0.05266583082758694,19827,2,0.05257697236028738,98969,2,0.052038484535291085,195911,2,0.05055845627602175,475848,2,0.04471941249326248,420892,2,0.04323786042728661,162779,2,0.04343774769280461,81766,2,0.048577833972608564,18288,2,0.11656909292871719,0.275481767546047,0.26728381366672077,0.17705117901050219
5,toxicity,5,0000000000000011110001000,43,1,5,2,3,False,-0.05074699517750572,0.005928790760436478,2232,1,0.011081278647487945,20859,1,0.01355527735964277,51032,1,0.017365789763912214,163444,1,0.027269372697647568,256655,1,0.029202070903833022,109938,1,0.031033717033615033,58417,1,0.037647290075119265,14173,1,-2.666736233670427,-1.4857121438213106,-1.107216050372532,-0.6510334896928501
5,toxicity,5,0000000000000011110101000,43,0,6,2,4,False,,0.0,0,0,0.0,0,0,0.0,0,0,0.0,0,0,0.0,0,0,0.0,0,0,0.0,0,0,0.0,0,0,,,,
5,toxicity,5,0000000000000110100010000,43,5,4,1,2,False,0.11002933959287736,0.14720507453488743,55418,5,0.14272159901060583,268654,5,0.13948638588712667,525129,5,0.1335283288981387,1256747,5,0.10422179890204265,980919,5,0.0945166629346623,355830,5,0.08975590372147482,168954,5,0.0783864764070253,29510,5,0.9091507250521691,0.6691249431220612,0.5614837207746166,0.35748878998322986
5,toxicity,5,0000000000000110100010010,43,4,5,2,2,False,-0.017937845430459003,0.07623224284666957,28699,4,0.08377444532513371,157694,4,0.08608578616332155,324090,4,0.08920244908592774,839559,4,0.0941636179361721,886253,4,0.09473314575030951,356645,4,0.09516450520938476,179135,4,0.09296407662802682,34998,4,-0.2862720120801718,-0.18391334310403726,-0.1380942416944525,-0.07808643197852487
5,toxicity,5,0000000000000110100011000,43,1,5,2,2,False,-0.290769825195944,0.005166441769287164,1945,1,0.011369745702743997,21402,1,0.013943618312374343,52494,1,0.017048742232919863,160460,1,0.02653816612499085,249773,1,0.02748641138694298,103479,1,0.02841946225294469,53496,1,0.02770487797103605,10430,1,-2.422897097533574,-1.3216792693880677,-0.9791135782555893,-0.6384033704791104
5,toxicity,5,0000000000000110100111000,43,0,6,2,2,False,,0.0,0,0,0.0,0,0,0.0,0,0,0.0,0,0,0.0,0,0,0.0,0,0,0.0,0,0,0.0,0,0,,,,
5,toxicity,5,0000000000000111100011000,43,0,6,2,2,False,,0.0,0,0,0.0,0,0,0.0,0,0,0.0,0,0,0.0,0,0,0.0,0,0,0.0,0,0,0.0,0,0,,,,
5,toxicity,5,0000000000010000100010010,43,21,4,2,2,False,-0.3429245273020164,0.3286733533793045,123735,21,0.37685325473712844,709375,21,0.39573961818806275,1489854,21,0.4266089152830722,4015174,21,0.5376112919884644,5059912,21,0.5798103079288757,2182831,21,0.610298601976655,1148809,21,0.6753588618421752,254251,21,-1.038999805921483,-0.6955124328716071,-0.5510294787375716,-0.33364932533576336
5,toxicity,5,0000000000010000100010110,43,1,5,2,3,False,0.022685134574856474,0.014301348321769712,5384,1,0.01705621229475277,32106,1,0.018367836444178113,69150,1,0.019840864239269736,186739,1,0.023944305901470286,225360,1,0.023903687193753183,89991,1,0.023254170801520636,43773,1,0.022227652815113103,8368,1,-0.6362044416366242,-0.4471921968670045,-0.38005147334849787,-0.271207746479527
5,toxicity,5,0000000000010000100110000,43,17,4,2,2,False,-0.07189124887670698,0.35800386752658925,134777,17,0.3662862230684395,689484,17,0.37069986105256336,1395586,17,0.3784794213415063,3562187,17,0.4084292329205306,3844071,17,0.42205383489347054,1588920,17,0.43466541151270843,818202,17,0.4725793427329813,177911,17,-0.4005813949226166,-0.2469338590329821,-0.187175458609257,-0.1098712691669809
5,toxicity,5,0000000000010000100110100,43,1,5,2,2,False,-0.1783980931426927,0.0082025563925752,3088,1,0.012571957389750334,23665,1,0.014420411752971592,54289,1,0.017216297178085725,162037,1,0.027165461039981444,255677,1,0.029782457348236913,112123,1,0.03157930525953425,59444,1,0.03613587343412986,13604,1,-2.1392862534397614,-1.3287701449323837,-1.0463504363524687,-0.6579986457716823
5,toxicity,5,0000000000010000110010010,43,3,5,2,2,False,0.23915026924943658,0.09472518248562958,35661,3,0.08316616764876507,156549,3,0.07917878904028519,298087,3,0.07477816766501931,703800,3,0.06741390977599387,634489,3,0.06419472509737079,241676,3,0.0614209093632927,115617,3,0.058294463274435014,21946,3,0.7003891492508272,0.4372668810221552,0.3026592475008916,0.14957082135493674
5,toxicity,5,0000000000010000110010100,43,5,5,2,2,False,-0.4649378090951555,0.039751054538499954,14965,5,0.06469630740919396,121782,5,0.07471233683769872,281272,5,0.08834894948255591,831526,5,0.13405443207126003,1261699,5,0.14628208693684253,550713,5,0.15503736774665156,291838,5,0.16635942497104667,62629,5,-2.0652385647153455,-1.2608607049613203,-0.969334722078236,-0.6015340325444096
5,toxicity,5,0000000000010000110010110,43,0,6,2,3,False,,0.0,0,0,0.0,0,0,0.0,0,0,0.0,0,0,0.0,0,0,0.0,0,0,0.0,0,0,0.0,0,0,,,,
5,toxicity,5,0000000000010000110110000,43,0,5,2,3,False,,0.0,0,0,0.0,0,0,0.0,0,0,0.0,0,0,0.0,0,0,0.0,0,0,0.0,0,0,0.0,0,0,,,,
5,toxicity,5,0000000000010000110110100,43,0,6,2,3,False,,0.0,0,0,0.0,0,0,0.0,0,0,0.0,0,0,0.0,0,0,0.0,0,0,0.0,0,0,0.0,0,0,,,,
5,toxicity,5,0000000000010001000011000,43,17,4,2,2,False,-0.3931904228714835,0.30717617433619854,115642,17,0.337992014296916,636224,17,0.35094972206528324,1321232,17,0.36725494000215475,3456544,17,0.4149336989437029,3905290,17,0.43024857274074946,1619771,17,0.444513624299554,836740,17,0.4769409352189296,179553,17,-0.6347442927815766,-0.39523847769550735,-0.2939060452011978,-0.17609893398194842
5,toxicity,5,0000000000010001000011010,43,1,5,2,3,False,0.13629268224116242,0.015499325307861491,5835,1,0.017564084311004674,33062,1,0.018317102434621525,68959,1,0.02002488780618621,188471,1,0.025157033570796617,236774,1,0.026169717746251858,98522,1,0.025428023791259115,47865,1,0.02435532369285039,9169,1,-0.6520317416052135,-0.5337909785662003,-0.5147070613696876,-0.32916765506269546
5,toxicity,5,0000000000010001000011110,43,0,6,2,4,False,,0.0,0,0,0.0,0,0,0.0,0,0,0.0,0,0,0.0,0,0,0.0,0,0,0.0,0,0,0.0,0,0,,,,
5,toxicity,5,0000000000010001000110100,43,5,5,2,2,False,-0.17057790967530712,0.060679792173571195,22844,5,0.077594450382604,146061,5,0.0839772701012263,316152,5,0.09491482960076449,893323,5,0.13140415355508026,1236755,5,0.1414939651762821,532687,5,0.1458718042979815,274585,5,0.15309933380791993,57637,5,-1.335179955629515,-0.910675671777276,-0.7526697268368835,-0.4693054602601645
5,toxicity,5,0000000000010001000111000,43,0,5,2,2,False,,0.0,0,0,0.0,0,0,0.0,0,0,0.0,0,0,0.0,0,0,0.0,0,0,0.0,0,0,0.0,0,0,,,,
5,toxicity,5,0000000000010001000111100,43,1,6,2,3,False,0.3813603907719872,0.039634178734978806,14921,1,0.03615666257960735,68060,1,0.03481628046397978,131074,1,0.03155823549024112,297021,1,0.015272994943284742,143747,1,0.009113793727204559,34311,1,0.0061077194093409806,11497,1,0.0006056291637005004,228,1,6.032166593115618,2.565555825864553,1.9336384599583314,1.0470335486909073
5,toxicity,5,0000000000010001010010100,43,1,5,2,2,False,-0.05074699517750572,0.005928790760436478,2232,1,0.011081278647487945,20859,1,0.01355527735964277,51032,1,0.017365789763912214,163444,1,0.027269372697647568,256655,1,0.029202070903833022,109938,1,0.031033717033615033,58417,1,0.037647290075119265,14173,1,-2.666736233670427,-1.4857121438213106,-1.107216050372532,-0.6510334896928501
5,toxicity,5,0000000000010001010011000,43,4,5,2,2,False,-0.10960169849408381,0.05704867345963004,21477,4,0.07341672492674106,138197,4,0.07871899547723571,296356,4,0.08422722533048274,792733,4,0.10086421986941768,949318,4,0.11030423671479492,415266,4,0.12013087742486607,226131,4,0.14396973979196107,54200,4,-1.3355003660487166,-0.7104263535608853,-0.48670448911694186,-0.2600559441151316
5,toxicity,5,0000000000010001010011010,43,0,6,2,3,False,,0.0,0,0,0.0,0,0,0.0,0,0,0.0,0,0,0.0,0,0,0.0,0,0,0.0,0,0,0.0,0,0,,,,
5,toxicity,5,0000000000010001010011100,43,0,6,2,3,False,,0.0,0,0,0.0,0,0,0.0,0,0,0.0,0,0,0.0,0,0,0.0,0,0,0.0,0,0,0.0,0,0,,,,
5,toxicity,5,0000000000010011000111000,43,4,6,2,2,False,-0.14920703469808352,0.0447129636516251,16833,4,0.060824580155591584,114494,4,0.06663633251016739,250868,4,0.07609374491996143,716182,4,0.10603982791464496,998030,4,0.115663713734812,435443,4,0.12131661541926889,228363,4,0.12612227334062923,47481,4,-1.4960580013390528,-0.9960507922189745,-0.7955554242524274,-0.47875646318055326
5,toxicity,5,0000000000010011010011000,43,0,6,2,2,False,,0.0,0,0,0.0,0,0,0.0,0,0,0.0,0,0,0.0,0,0,0.0,0,0,0.0,0,0,0.0,0,0,,,,
5,toxicity,5,0000000001000010010010000,43,31,4,2,1,False,-0.3000915999521655,0.6968108843248297,262327,31,0.6896349483946782,1298144,31,0.6919489376803083,2605003,31,0.699820268899656,6586595,31,0.7438992010171017,7001461,31,0.7633999542597045,2873997,31,0.7789177697075818,1466213,31,0.8114394848964587,305481,30,-0.21971634694271064,-0.1756381438717412,-0.1417735218938954,-0.08812269818482649
5,toxicity,5,0000000001000010110010000,43,4,5,2,2,False,0.13315182311262463,0.060568228906573734,22802,4,0.07165776651062175,134886,4,0.07617751378384603,286788,4,0.0827292182462129,778634,4,0.0976488021843973,919055,4,0.09833924477512748,370221,4,0.09644002354476161,181536,4,0.08883092321259708,33442,4,-0.5525007593907819,-0.42850892603831625,-0.3684020723741953,-0.23920539790521494
5,toxicity,5,0000000001000011000000010,43,18,4,2,1,False,-0.08862181989922513,0.3877673534005546,145982,18,0.4029741325269714,758544,18,0.41001606222805176,1543601,18,0.4172288133306162,3926890,18,0.4125515932536472,3882870,18,0.4017570435937954,1512508,18,0.39392001155988293,741504,18,0.38940892718637443,146600,17,-0.006094611843598032,0.03278452384152534,0.02935711047087531,0.016264239604854385
5,toxicity,5,0000000001000011000010000,43,31,4,2,1,False,-0.3072928276393652,0.6042904044965309,227496,31,0.6493249977156385,1222266,31,0.6672151783406686,2511887,31,0.6887549488208361,6482450,31,0.7408086260700749,6972373,31,0.7512904633608811,2828408,31,0.7625039046479655,1435316,31,0.7811261514922915,294069,31,-0.37031352800674633,-0.2318039740564918,-0.17121868054721084,-0.10511011789192382
5,toxicity,5,0000000001000011000010010,43,9,5,2,2,False,0.5037814443785612,0.29863627187436914,112427,9,0.27163874787235626,511323,9,0.26248846863774933,988199,9,0.24696738299150495,2324417,9,0.17760627277915128,1671602,9,0.14648581984432893,551480,9,0.1254194176283965,236086,9,0.0943904926846372,35535,8,1.6616759443885603,1.1149285615883135,0.8414930299444005,0.4756379811560093
5,toxicity,5,0000000001000011010010000,43,13,5,2,2,False,-0.11499008656855592,0.23931117651433853,90093,13,0.255177532081999,480337,13,0.26158481889685137,984797,13,0.2746422112237801,2584888,13,0.32589320197823146,3067255,13,0.34146857160919514,1285538,13,0.34987611375434824,658597,13,0.3686687845978941,138792,13,-0.623437491345952,-0.4553428662927611,-0.38447398426157386,-0.24684588025153367
5,toxicity,5,0000000001000011110010000,43,0,6,2,3,False,,0.0,0,0,0.0,0,0,0.0,0,0,0.0,0,0,0.0,0,0,0.0,0,0,0.0,0,0,0.0,0,0,,,,
5,toxicity,5,0000000001000100100110000,43,5,5,2,2,False,0.19310173408558198,0.12345803627399939,46478,5,0.12918914726375982,243181,5,0.1293587088380504,487001,5,0.12696924872697554,1195014,5,0.10428172341627956,981483,5,0.0898419622321158,338231,5,0.07971644287101592,150056,5,0.061667923966977276,23216,4,1.0014285647896553,0.6965356388783599,0.5259158410940548,0.2839927953367774
5,toxicity,5,0000000001000101000010000,43,20,4,2,1,False,-0.18545851762777385,0.36305874602887894,136680,20,0.40760129284240454,767254,20,0.4220888971409128,1589052,20,0.44022209052047007,4143299,20,0.4800909832624669,4518540,20,0.48041600825344055,1808638,20,0.47545384227984694,894981,20,0.4545751564542006,171133,19,-0.3243158322296804,-0.22214666154743998,-0.18673734447291762,-0.12507629848853827
5,toxicity,5,0000000001000101000010010,43,8,5,2,2,False,0.3511415392984431,0.18225453424992297,68613,8,0.19435879564207562,365854,8,0.19630369537494424,739031,8,0.19649201356844434,1849351,8,0.171068657024699,1610071,8,0.14948311075446785,562764,8,0.13315540180155677,250648,8,0.10157835460118789,38241,7,0.8433616973096557,0.545611441353172,0.3931048397512925,0.19989521989189518
5,toxicity,5,0000000001000101000010100,43,6,5,2,2,False,0.17755497919754806,0.13476842653293242,50736,6,0.14376762411520833,270623,6,0.14608313524491645,549964,6,0.14590433876996184,1373228,6,0.12888264899502658,1213023,6,0.11586186855747804,436189,6,0.10620217470298113,199912,6,0.09123218972130434,34346,5,0.5628676927159193,0.4369255147671931,0.33438379665922185,0.17896473348516337
5,toxicity,5,0000000001000101000010110,43,0,6,2,3,False,,0.0,0,0,0.0,0,0,0.0,0,0,0.0,0,0,0.0,0,0,0.0,0,0,0.0,0,0,0.0,0,0,,,,
5,toxicity,5,0000000001000110100010000,43,6,5,2,2,False,-0.1771287972148874,0.08606043541549348,32399,6,0.0995195403227006,187332,6,0.10599237714865835,399033,6,0.11751073488515208,1105992,6,0.1522282409998214,1432748,6,0.16211587913405812,610323,6,0.16847413794935326,317131,6,0.18416173486192716,69331,6,-1.097551284680605,-0.7594754169971576,-0.6130648971897046,-0.3734434723867606
5,toxicity,5,0000000001000111000000010,43,15,5,2,2,False,-0.23393986749076812,0.24431824218791504,91978,15,0.2853008238576598,537040,15,0.29998408917710767,1129360,15,0.3189691535277169,3002086,15,0.36747720238792814,3458637,15,0.37709128376434664,1419648,15,0.38306721519444614,721075,15,0.388460639416896,146243,15,-0.6690068382388822,-0.42511364502973265,-0.3300278200388551,-0.2042378381914295
5,toxicity,5,0000000001000111000010000,43,4,5,2,2,False,-0.21446481660072966,0.04783939139581585,18010,4,0.06209001022118995,116876,4,0.06820988367568165,256792,4,0.07718789889923733,726480,4,0.10114386760252325,951950,4,0.10342300503116689,389360,4,0.10240165068328683,192758,4,0.0953679994049959,35903,4,-0.9953062172412834,-0.7218058970240001,-0.6005044217396542,-0.3899622588903675
5,toxicity,5,0000000001000111000010010,43,0,6,2,2,False,,0.0,0,0,0.0,0,0,0.0,0,0,0.0,0,0,0.0,0,0,0.0,0,0,0.0,0,0,0.0,0,0,,,,
5,toxicity,5,0000000001000111100010000,43,0,6,2,2,False,,0.0,0,0,0.0,0,0,0.0,0,0,0.0,0,0,0.0,0,0,0.0,0,0,0.0,0,0,0.0,0,0,,,,
5,toxicity,5,0000000001010000110010000,43,10,5,2,2,False,-0.18065937501292234,0.24748982649255713,93172,10,0.2354948352178431,443287,10,0.23349119313374947,879032,10,0.23283464930016856,2191402,10,0.23327083404830148,2195508,10,0.23140366129550224,871173,10,0.22960605023874134,432204,10,0.22054464124440856,83028,10,0.16629851537636703,0.03653476127371023,0.012956443995060966,-0.0027001688639949895
5,toxicity,5,0000000001010000110110000,43,1,6,2,3,False,0.09081268696900417,0.024302198327613503,9149,1,0.020283005837340707,38180,1,0.01941598514423201,73096,1,0.01956865385910807,184177,1,0.026940106616760738,253556,1,0.03156478825988457,118833,1,0.03357784752429382,63206,1,0.035416024735170054,13333,1,-0.543315463148384,-0.7272382824736484,-0.70107116362262,-0.4612110449325773
5,toxicity,5,0000000001010001000010000,43,38,4,2,1,False,-0.1797847449758313,0.8355557444457431,314560,38,0.851242905197932,1602349,38,0.856048755648807,3222795,38,0.8647654156393257,8139032,38,0.8998079121821119,8468849,38,0.9139758383927891,3440875,38,0.9238189900827254,1738971,38,0.937628164943634,352987,36,-0.1662798253147076,-0.11803933379115664,-0.0944630604709923,-0.0573082260031348
5,toxicity,5,0000000001010001000010010,43,4,5,2,2,False,0.21418460631773434,0.16717224305917103,62935,4,0.13740275525881285,258642,4,0.1283105601379965,483055,4,0.11630608176638825,1094654,4,0.07586209754287179,714002,4,0.05984541267601182,225302,4,0.047741891613347416,89868,4,0.03211693955395943,12091,3,2.379928996059291,1.5250832993362835,1.100327341355643,0.6164753718378528
5,toxicity,5,0000000001010001000110000,43,5,5,2,2,False,-0.1003046550316463,0.09504127840878906,35780,5,0.10009488069257592,188415,5,0.10129031726818342,381331,5,0.10500680100953713,988307,5,0.12185171848950699,1146849,5,0.1241705587089443,467469,5,0.12251510328457925,230619,5,0.11212373960070976,42211,4,-0.23846562048790976,-0.29159142111722763,-0.29382687791267786,-0.21464382729213136
5,toxicity,5,0000000001010001010010000,43,5,5,2,2,False,-0.49589135138938906,0.0337877322906595,12720,5,0.05998680382752751,112917,5,0.07127278348823143,268323,5,0.08624447212117335,811719,5,0.13872046924719617,1305615,5,0.15670566810448444,589955,5,0.17351299318094404,326616,5,0.21333818545002498,80315,5,-2.658570786667702,-1.532326630184289,-1.136634189979531,-0.6856767892021433
5,toxicity,5,0000000001010001010110000,43,2,6,2,3,False,0.37891664891167476,0.055133504042840294,20756,2,0.053720746890612014,101122,2,0.05313338289860131,200033,2,0.05158312329642733,485492,2,0.04043002851408136,380521,2,0.035283511473456416,132833,2,0.0315357432006001,59362,2,0.024960952856550887,9397,2,1.1432562871631453,0.7684914294908411,0.590624421868951,0.3514719081318891
5,toxicity,5,0000000001010001100010000,43,16,5,2,2,False,-0.07636085777086331,0.302272703124834,113796,16,0.32355219288086684,609043,16,0.3318957811882011,1249499,16,0.34681653041626936,3264181,16,0.3890591649391442,3661763,16,0.3982393970568431,1499265,16,0.40161137118486673,755982,16,0.4058140399715248,152776,16,-0.4249680773505611,-0.3118016630479732,-0.2629056600927081,-0.16581690138157226
5,toxicity,5,0000000001010001100110000,43,1,6,2,3,False,0.09081268696900417,0.024302198327613503,9149,1,0.020283005837340707,38180,1,0.01941598514423201,73096,1,0.01956865385910807,184177,1,0.026940106616760738,253556,1,0.03156478825988457,118833,1,0.03357784752429382,63206,1,0.035416024735170054,13333,1,-0.543315463148384,-0.7272382824736484,-0.70107116362262,-0.4612110449325773
5,toxicity,5,0000000001010001110010000,43,2,6,2,3,False,0.08130233282420042,0.05266583082758694,19827,2,0.05257697236028738,98969,2,0.052038484535291085,195911,2,0.05055845627602175,475848,2,0.04471941249326248,420892,2,0.04323786042728661,162779,2,0.04343774769280461,81766,2,0.048577833972608564,18288,2,0.11656909292871719,0.275481767546047,0.26728381366672077,0.17705117901050219
5,toxicity,5,0000000001010010110010000,43,0,6,2,2,False,,0.0,0,0,0.0,0,0,0.0,0,0,0.0,0,0,0.0,0,0,0.0,0,0,0.0,0,0,0.0,0,0,,,,
5,toxicity,5,0000000001010011000010000,43,13,5,2,2,False,-0.13269836405963276,0.29833876982904256,112315,13,0.2843637043632369,535276,13,0.28065602527456796,1056595,13,0.2833978867889566,2667295,13,0.3211120969850638,3022256,13,0.3340776092222211,1257713,13,0.3398865898982773,639793,13,0.34705472975126705,130655,13,-0.21821171902126243,-0.2573161081090451,-0.2513802604345708,-0.18024801495831325
5,toxicity,5,0000000001010011000010010,43,0,6,2,2,False,,0.0,0,0,0.0,0,0,0.0,0,0,0.0,0,0,0.0,0,0,0.0,0,0,0.0,0,0,0.0,0,0,,,,
5,toxicity,5,0000000001010011010010000,43,2,6,2,2,False,0.1284286092211903,0.0405213723344348,15255,2,0.043332214173241734,81567,2,0.04422518144048994,166496,2,0.04547283963026138,427983,2,0.04664315939888912,438998,2,0.04635521297260656,174515,2,0.046678339881808695,87866,2,0.04728688759735223,17802,2,-0.22275715273540458,-0.10731329563093793,-0.06786352746560476,-0.036660415067056085
5,toxicity,5,0000000001010011100010000,43,1,6,2,2,False,0.014652574866816396,0.031628186193780085,11907,1,0.031109817229823776,58560,1,0.029997080802277348,112931,1,0.02786618299209995,262272,1,0.017810543123284808,167630,1,0.01231534879100324,46364,1,0.008146636265307814,15335,1,0.0,0,0,,1.9330935184218954,1.284364622234556,0.6457838895327493
5,toxicity,5,0000000001010101000010000,43,5,5,2,2,False,-0.06950369900937838,0.10395305842727669,39135,5,0.11192415494558969,210682,5,0.11470029879941021,431816,5,0.11775404549037075,1108282,5,0.11366787857975927,1069824,5,0.10883109107604709,409720,5,0.10549455686761172,198580,5,0.09905224348417395,37290,5,0.06967064776496706,0.08535286250886544,0.0757783822697038,0.050952004642589074
5,toxicity,5,0000000001010101000010010,43,1,6,2,2,False,-0.0454726030456779,0.009116312674649638,3432,1,0.014673038795897073,27620,1,0.016963752807968056,63864,1,0.020461571905508787,192581,1,0.024212478727594314,227884,1,0.021403642701886164,80579,1,0.0185728431999626,34961,1,0.01603057896023035,6035,1,-0.8143042181428383,-0.3400270002681033,-0.33540098529664386,-0.24283380079098701
5,toxicity,5,0000000001010101000110000,43,0,6,2,2,False,,0.0,0,0,0.0,0,0,0.0,0,0,0.0,0,0,0.0,0,0,0.0,0,0,0.0,0,0,0.0,0,0,,,,
5,toxicity,5,0000000001010101100010000,43,3,6,2,2,False,0.21946268838566824,0.06371590679685923,23987,3,0.06613333021668498,124487,3,0.06752404486586433,254210,3,0.06882885149531898,647806,3,0.06778652550547762,637996,3,0.0649884068803817,244664,3,0.06292273790727869,118444,3,0.061346515507294114,23095,3,0.05467218811120459,0.07179610493497049,0.05521894549046874,0.02201491148640868
5,toxicity,5,0000000001010111000010000,43,0,6,2,3,False,,0.0,0,0,0.0,0,0,0.0,0,0,0.0,0,0,0.0,0,0,0.0,0,0,0.0,0,0,0.0,0,0,,,,
5,toxicity,5,0000000001010111000010010,43,0,7,2,3,False,,0.0,0,0,0.0,0,0,0.0,0,0,0.0,0,0,0.0,0,0,0.0,0,0,0.0,0,0,0.0,0,0,,,,
5,toxicity,5,0000000001100001000000110,43,1,5,2,2,False,-0.26745762657100425,0.004520968581658999,1702,1,0.009325507712642189,17554,1,0.01182341483446502,44512,1,0.015700333983649103,147769,1,0.028050410116362993,264006,1,0.03154539777455666,118760,1,0.033056165306326275,62224,1,0.034823676912778774,13110,1,-2.9453647434231542,-1.8256651960341133,-1.415782768331779,-0.8372266151689975
5,toxicity,5,0000000001100001010000110,43,0,6,2,2,False,,0.0,0,0,0.0,0,0,0.0,0,0,0.0,0,0,0.0,0,0,0.0,0,0,0.0,0,0,0.0,0,0,,,,
5,toxicity,5,0000000011000111000010000,43,0,6,2,2,False,,0.0,0,0,0.0,0,0,0.0,0,0,0.0,0,0,0.0,0,0,0.0,0,0,0.0,0,0,0.0,0,0,,,,
5,toxicity,5,0000000011010011000010000,43,1,6,2,2,False,-0.08447126237420358,0.008114899539934337,3055,1,0.013206797410065215,24860,1,0.015366826810825629,57852,1,0.018449531324274814,173644,1,0.027149204921757604,255524,1,0.030044361711707046,113109,1,0.032259829619225106,60725,1,0.0337638258763029,12711,1,-2.0568332493789545,-1.28845815706587,-0.9672749873985135,-0.5573257808012707
5,toxicity,5,0000000011010011000010010,43,0,7,2,2,False,,0.0,0,0,0.0,0,0,0.0,0,0,0.0,0,0,0.0,0,0,0.0,0,0,0.0,0,0,0.0,0,0,,,,
5,toxicity,5,0000000001000100100010000,43,27,4,1,1,True,0.01844983325594618,0.5889717054304748,221729,27,0.6024525543412432,1134035,27,0.6094801410883587,2294530,27,0.6184681461793117,5820922,27,0.6314713561353194,5943308,27,0.6358604979423508,2393845,27,0.6360899970887794,1197358,27,0.6203661400172126,233548,26,-0.07492161755259337,-0.07838327187488449,-0.06113107218864585,-0.030018002113608985
5,toxicity,6,0000000000000000000011110,63,0,4,1,4,False,,0.0,0,0,0.0,0,0,0.0,0,0,0.0,0,0,0.0,0,0,0.0,0,0,0.0,0,0,0.0,0,0,,,,
5,toxicity,6,0000000000000000010011010,63,12,4,1,3,False,-0.29442828788361597,0.08441307466280068,464761,12,0.11434842221752818,3147896,12,0.12806883595724353,7051210,12,0.14830258900946,20413098,12,0.22785981660536267,31363746,12,0.2568141994042207,14139669,12,0.2805558737050513,7723419,12,0.3294384082813079,1813821,12,-1.9644703855078727,-1.294851657778513,-1.0038055165599726,-0.619602741736699
5,toxicity,6,0000000000000000010011100,63,11,4,2,3,False,-0.326734143692504,0.0794533903738498,437454,11,0.10508981715090476,2893016,11,0.11666327539252311,6423243,11,0.13414346857116122,18464167,11,0.2119646712131815,29175860,11,0.24339826755696706,13401015,11,0.27083154203966897,7455718,11,0.3291243756353531,1812092,11,-2.0504521918415803,-1.3657728864948593,-1.0609684150000878,-0.6600470148543133
5,toxicity,6,0000000000000000010011110,63,2,5,2,4,False,-0.15494204256369934,0.012399301535800286,68268,2,0.017700507301667678,487277,2,0.020327157363904943,1119172,2,0.023903679118706306,3290220,2,0.037720520580930415,5192038,2,0.04206911217143995,2316240,2,0.04621419596732709,1272230,2,0.05507268066730393,303219,2,-2.1510779789526353,-1.3845453744093452,-1.0493528950416766,-0.6581169000518188
5,toxicity,6,0000000000000000010111000,63,11,4,1,2,False,0.05239425831360929,0.10601450036089255,583694,11,0.1263983761115784,3479619,11,0.1367601300367618,7529735,11,0.1518697602497789,20904101,11,0.19516803958451964,26863889,11,0.20892700152486546,11503097,11,0.21769533328632834,5992932,11,0.22929722981068862,1262464,11,-1.1129573195176465,-0.7843325521669277,-0.6113512573207445,-0.36188218445540865
5,toxicity,6,0000000000000000010111100,63,0,5,2,3,False,,0.0,0,0,0.0,0,0,0.0,0,0,0.0,0,0,0.0,0,0,0.0,0,0,0.0,0,0,0.0,0,0,,,,
5,toxicity,6,0000000000000000110010100,63,18,4,2,2,False,-0.1008769017625485,0.20485256077506714,1127876,18,0.2313635973138857,6369205,18,0.24065873189038267,13250181,18,0.2545655517108804,35039655,18,0.31177110867419666,42913709,18,0.3316370243350046,18259262,18,0.3444763514182342,9483085,18,0.36528335498021447,2011176,18,-0.8344300878575114,-0.5742430550891223,-0.4626163099681348,-0.29245003776547934
5,toxicity,6,0000000000000000110010110,63,8,5,2,3,False,-0.022619020819755222,0.07403328202980351,407612,8,0.09419791539717139,2593173,8,0.10300274606932922,5671122,8,0.11335719472974375,15603042,8,0.1378319820145341,18971872,8,0.14213068000397835,7825427,8,0.14229165061540405,3917145,8,0.1388986916880517,764748,8,-0.9077871179709417,-0.5950839715204699,-0.46453520465623255,-0.2820347232308206
5,toxicity,6,0000000000000000110011100,63,6,5,2,3,False,-0.015394023909750849,0.05172369325841105,284780,6,0.0658117253505714,1811730,6,0.0719285159247338,3960238,6,0.08095774983922399,11143423,6,0.10612519594711665,14607594,6,0.11320604035324802,6232895,6,0.11844119073469721,3260566,6,0.12755428505627794,702288,6,-1.3022141680523156,-0.8477543498327446,-0.6543151954239903,-0.39052612047911556
5,toxicity,6,0000000000000010000111000,63,7,4,2,2,False,0.18704580135156054,0.10077147819188295,554827,7,0.10545158130603072,2902975,7,0.10715309894558588,5899632,7,0.10949140004585713,15070935,7,0.11308406523890649,15565447,7,0.11734193551480611,6460609,7,0.12139553119045027,3341896,7,0.1309570621655684,721023,7,-0.3780064983893674,-0.2031345847929332,-0.13104511966782104,-0.04657809397565315
5,toxicity,6,0000000000000010010011000,63,8,4,1,2,False,0.05686353757332545,0.08398552506686592,462407,8,0.09674915366476461,2663406,8,0.10304853417313668,5673643,8,0.11263669592746321,15503869,8,0.14138402013953016,19460792,8,0.1516477940742169,8349420,8,0.1575582857444046,4337420,8,0.16615596252459,914821,8,-0.9843254597660489,-0.7035646793098105,-0.5574005289049976,-0.3279421496027577
5,toxicity,6,0000000000000010010111000,63,5,5,2,2,False,0.03180361256456771,0.08889362733149841,489430,5,0.08471220424581583,2332041,5,0.08347554556543849,4595994,5,0.08278105723044483,11394392,5,0.07517787125872769,10347852,5,0.07066126591077491,3890466,5,0.06642481977269996,1828608,5,0.05711198578516426,314447,5,0.6382864498226282,0.3508474211679002,0.24043402161134636,0.13899260941225713
5,toxicity,6,0000000000000010100010010,63,5,4,1,2,False,0.09370840930920266,0.10572062812375473,582076,5,0.10227547437727907,2815540,5,0.0997867901738257,5494058,5,0.09478438434197209,13046589,5,0.06403739465312192,8814422,5,0.052491381266276935,2890069,5,0.04539095463265684,1249567,5,0.03392133781902965,186764,5,1.6399919272912777,1.1719834932751394,0.9267682821501634,0.5657347824195247
5,toxicity,6,0000000000000010100011000,63,13,4,2,2,False,0.12755290970484523,0.2071488689914661,1140519,13,0.20998783645673824,5780752,13,0.21076843571908727,11604482,13,0.21184252204876142,29159047,13,0.20210752566900053,27819074,13,0.1991345594785075,10963945,13,0.19623155766683315,5402056,13,0.18803544700249572,1035285,13,0.13966329003131556,0.09774868993350651,0.08191520771817072,0.06786916021551345
5,toxicity,6,0000000000000010100011010,63,1,5,2,3,False,-0.031801334629564,0.005045593787199448,27780,1,0.008920016484443578,245559,1,0.01060634837438337,583964,1,0.012652417539274242,1741541,1,0.017891325142194315,2462650,1,0.01866981224807917,1027922,1,0.018689100329045888,514492,1,0.01818338017184433,100114,1,-1.8495244450670594,-1.0670788397374995,-0.8157793783604111,-0.4998471744920798
5,toxicity,6,0000000000000010100110000,63,42,4,2,2,False,-0.12376249782886435,0.5455015207615832,3003419,42,0.5911798055758322,16274580,42,0.6091501123116256,33538568,42,0.6318032369084162,86964506,42,0.6931439728625217,95407746,42,0.7106364542449911,39126202,42,0.72215861048574,19880295,42,0.7436107796927492,4094170,42,-0.4469644657868216,-0.28871874805888276,-0.22231390399112635,-0.1336797170826718
5,toxicity,6,0000000000000010100111000,63,7,5,2,2,False,0.010199040373507088,0.08408269542957837,462942,7,0.09439988434008736,2598733,7,0.09959955115670903,5483749,7,0.10537740150526441,14504664,7,0.11558914136162193,15910258,7,0.11663068519850313,6421449,7,0.11692275491284877,3218765,7,0.11487256068467472,632465,7,-0.45015340278649035,-0.30869873008431925,-0.2277362614574517,-0.13344036506903684
5,toxicity,6,0000000000000010110010000,63,43,4,1,2,False,-0.13963775830069025,0.5084814288366037,2799594,43,0.5711587623008985,15723421,43,0.5969414345814318,32866383,43,0.6308852444390973,86838149,43,0.7227766613019693,99486535,43,0.7476573601366937,41164498,43,0.7610588795003609,20951180,43,0.7786623807597701,4287157,43,-0.614802843747557,-0.41411625203686536,-0.324787859785929,-0.1961723133727415
5,toxicity,6,0000000000000010110011000,63,2,5,2,2,False,0.13233318139971612,0.012501012569667517,68828,2,0.01553409978609818,427638,2,0.017446030382995057,960543,2,0.02171433569796837,2988868,2,0.043163547504430584,5941243,2,0.05360913039078156,2951610,2,0.06152856260203109,1693819,2,0.07655640046300291,421504,2,-2.6144780421361284,-1.9858176509346717,-1.6195799256085397,-0.9911656238039536
5,toxicity,6,0000000000000010110110000,63,8,5,2,3,False,-0.17120123196033027,0.0720499168693925,396692,8,0.09309638550059146,2562849,8,0.1015518570981069,5591239,8,0.11124359693042069,15312116,8,0.13920278452123613,19160556,8,0.14633951646457302,8057157,8,0.14941247202448824,4113174,8,0.1555860123429905,856625,8,-1.1106436925262126,-0.6825035195191581,-0.5271027743052554,-0.3234657718080745
5,toxicity,6,0000000000000010110111000,63,0,6,2,3,False,,0.0,0,0,0.0,0,0,0.0,0,0,0.0,0,0,0.0,0,0,0.0,0,0,0.0,0,0,0.0,0,0,,,,
5,toxicity,6,0000000000000011100001000,63,29,4,2,2,False,-0.27084992509668215,0.402919179322728,2218390,29,0.41815980502005434,11511515,29,0.42499357359149953,23399283,29,0.43613419950405724,60031657,29,0.4855485729916409,66833294,29,0.5064770638482653,27885600,29,0.5235005559775956,14411440,29,0.5579475596357802,3071946,29,-0.46963905170418624,-0.32413667764475745,-0.2530559109485735,-0.15484350232802688
5,toxicity,6,0000000000000011100001010,63,0,5,2,2,False,,0.0,0,0,0.0,0,0,0.0,0,0,0.0,0,0,0.0,0,0,0.0,0,0,0.0,0,0,0.0,0,0,,,,
5,toxicity,6,0000000000000011100011000,63,4,5,2,2,False,0.004194623338291872,0.05815582638943629,320194,4,0.06086744571221932,1675619,4,0.06220394726147636,3424823,4,0.06383639149196352,8786755,4,0.06249348731862743,8601911,4,0.06080926845616471,3348035,4,0.05945118866887474,1636631,4,0.05713523400880926,314575,4,0.02554303905057589,0.03396516918633464,0.032714898214553215,0.03067325307048869
5,toxicity,6,0000000000000011100101000,63,8,5,2,3,False,-0.05004953673162771,0.07282382886101442,400953,8,0.09293822492910654,2558495,8,0.10107187208449335,5564812,8,0.11141097688167496,15335155,8,0.13876717817676945,19100597,8,0.14448548885890675,7955078,8,0.14568153197936415,4010465,8,0.14462974207004,796302,8,-0.9898817621779112,-0.6484740032997751,-0.5155430489261154,-0.31677499298802736
5,toxicity,6,0000000000000011110001000,63,9,5,2,3,False,-0.14711875989964585,0.05946917011424692,327425,9,0.08120433790058006,2235473,9,0.09200586385596607,5065656,9,0.1090749589596187,15013614,9,0.17562204384747396,24173482,9,0.2007178724272663,11051119,9,0.22130480137173228,6092297,9,0.2631824239070202,1449029,9,-2.145849296574526,-1.4464060490907134,-1.1253713664165452,-0.6871540105308381
5,toxicity,6,0000000000000011110101000,63,0,6,2,4,False,,0.0,0,0,0.0,0,0,0.0,0,0,0.0,0,0,0.0,0,0,0.0,0,0,0.0,0,0,0.0,0,0,,,,
5,toxicity,6,0000000000000110100010000,63,23,4,1,2,False,-0.03631858536064211,0.2922455871033315,1609044,23,0.3233941244110526,8902712,23,0.33460068241892466,18422434,23,0.3482564776091991,47935735,23,0.37249224579078,51271665,23,0.3716886993222344,20464426,23,0.3677384133313732,10123466,23,0.3584431100529133,1973515,23,-0.2945629208819018,-0.18538641845914952,-0.15165443797159273,-0.09706020579277261
5,toxicity,6,0000000000000110100010010,63,6,5,2,2,False,-0.0333219280648758,0.0819618387466004,451265,6,0.08802671075595413,2423286,6,0.09092856294789951,5006342,6,0.09521154867175628,13105386,6,0.0957729140732031,13182655,6,0.0907904490198077,4998738,6,0.08543725201366835,2352001,6,0.07214977232179101,397242,6,0.18395750828423982,0.04307611520854218,0.002193015638218458,-0.008481123558619422
5,toxicity,6,0000000000000110100011000,63,4,5,2,2,False,-0.08576653349627957,0.047421498152673346,261093,4,0.05391938714776444,1484346,4,0.05649378385170728,3110433,4,0.059121578914790314,8137785,4,0.06475276432107167,8912889,4,0.0651458066780956,3586796,4,0.06508957267479548,1791850,4,0.06571909570948584,361836,4,-0.4707713874858337,-0.2716223438742114,-0.2055801849994035,-0.13125698438309935
5,toxicity,6,0000000000000110100111000,63,0,6,2,2,False,,0.0,0,0,0.0,0,0,0.0,0,0,0.0,0,0,0.0,0,0,0.0,0,0,0.0,0,0,0.0,0,0,,,,
5,toxicity,6,0000000000000111100011000,63,0,6,2,2,False,,0.0,0,0,0.0,0,0,0.0,0,0,0.0,0,0,0.0,0,0,0.0,0,0,0.0,0,0,0.0,0,0,,,,
5,toxicity,6,0000000000010000100010010,63,47,4,2,2,False,-0.4002727510863771,0.5719721805792225,3149161,47,0.6366643739316942,17526724,47,0.6622973506342016,36464747,47,0.6966425858651376,95889313,47,0.7885144892271686,108535013,47,0.8118743095005388,44700153,47,0.8241882274854502,22689067,47,0.8415989547017444,4633673,47,-0.557187933431003,-0.3724408195920943,-0.2937773064700147,-0.17871859749771712
5,toxicity,6,0000000000010000100010110,63,3,5,2,3,False,-0.025388717528858153,0.030921244056715525,170246,3,0.03679725205996516,1012991,3,0.03913073873102729,2154459,3,0.04226687043735432,5817820,3,0.049906230102107874,6869339,3,0.051766145690945536,2850139,3,0.05438961484489059,1497291,3,0.060539100878583066,333316,3,-0.9692688840568305,-0.5637331765990047,-0.40370655818242096,-0.23969263234848653
5,toxicity,6,0000000000010000100110000,63,43,4,2,2,False,-0.2294913732224777,0.539208877048433,2968773,43,0.5924915502696522,16310691,43,0.6138592035605236,33797841,43,0.6412400326870036,88263433,43,0.7166064880317159,98637242,43,0.7362741402825371,40537761,43,0.7487028854349054,20611032,43,0.7706163158576315,4242857,43,-0.5151684838063184,-0.33759873510201355,-0.26233523845757034,-0.16031660960329094
5,toxicity,6,0000000000010000100110100,63,3,5,2,2,False,-0.11480177154098058,0.01751028098762867,96408,3,0.026442275296383065,727929,3,0.030848322792291886,1698446,3,0.036945707840144046,5085389,3,0.055833568400734064,7685207,3,0.061399119459031294,3380511,3,0.06555933205969403,1804782,3,0.07207784812988928,396846,3,-2.0413537055181865,-1.3099548331099107,-0.9930259127664168,-0.5957259943915018
5,toxicity,6,0000000000010000110010010,63,11,5,2,2,False,0.05271301514548301,0.1424978849553761,784564,11,0.1566367230756964,4312050,11,0.1628485060900085,8966108,11,0.16985187684369318,23379248,11,0.1758114660229485,24199555,11,0.17360579499731665,9558383,11,0.17043554853652987,4691918,11,0.16253178241043031,894867,11,-0.18978135267534355,-0.12180378816082718,-0.09228462098351083,-0.049752002911317955
5,toxicity,6,0000000000010000110010100,63,13,5,2,2,False,-0.29758026496589024,0.09802473539692913,539704,13,0.13246892320948267,3646735,13,0.14830679642396544,8165471,13,0.16855579559347342,23200849,13,0.23689185359613602,32606960,13,0.2551446864043594,14047749,13,0.26701843406006914,7350747,13,0.2898895473262091,1596073,13,-1.5642855669321996,-1.0112853965191013,-0.7827308833517442,-0.4910023534652627
5,toxicity,6,0000000000010000110010110,63,1,6,2,3,False,0.10218165841340016,0.01652586348127082,90988,1,0.01676095213826445,461412,1,0.01661614143449425,914851,1,0.01634921216126247,2250386,1,0.0147351316324288,2028216,1,0.013754974483985716,757321,1,0.012912207775752882,355460,1,0.01102746795786332,60715,1,0.5836240864998191,0.3763684075175805,0.27263193798415314,0.14996116809688784
5,toxicity,6,0000000000010000110110000,63,10,5,2,3,False,-0.19093344662208359,0.08382623832275599,461530,10,0.10990383408614593,3025541,10,0.12084799204997917,6653645,10,0.13408567493809434,18456212,10,0.17674535447254686,24328100,10,0.18748779922369824,10322698,10,0.19369670231599878,5332274,10,0.20344375210346477,1120120,10,-1.2791561794466006,-0.8175576755100079,-0.6336032130228728,-0.39851718117595336
5,toxicity,6,0000000000010000110110100,63,0,6,2,3,False,,0.0,0,0,0.0,0,0,0.0,0,0,0.0,0,0,0.0,0,0,0.0,0,0,0.0,0,0,0.0,0,0,,,,
5,toxicity,6,0000000000010001000011000,63,30,4,2,2,False,-0.10437029463593772,0.3408307684595537,1876544,30,0.38958541333797814,10724891,30,0.4091429162597698,22526578,30,0.4352782216735641,59913836,30,0.5073882313084147,69839412,30,0.5293380947630981,29144282,30,0.5450949938695528,15005913,30,0.5776142854522243,3180227,30,-0.7610508425631556,-0.48456800893498947,-0.37158460995248777,-0.22115221758489415
5,toxicity,6,0000000000010001000011010,63,9,5,2,3,False,-0.23689246497274272,0.07913427200509136,435697,9,0.1032681735269208,2842868,9,0.11306561271811534,6225163,9,0.12410477626054053,17082392,9,0.15556823423318664,21413177,9,0.16292172911853708,8970140,9,0.16602993782517314,4570636,9,0.17105933981946664,941818,9,-1.1121223299700034,-0.6850477108132028,-0.5270188100594948,-0.32598886413401257
5,toxicity,6,0000000000010001000011110,63,0,6,2,4,False,,0.0,0,0,0.0,0,0,0.0,0,0,0.0,0,0,0.0,0,0,0.0,0,0,0.0,0,0,0.0,0,0,,,,
5,toxicity,6,0000000000010001000110100,63,7,5,2,2,False,-0.11852109755724538,0.07299710087228109,401907,7,0.08525428743558834,2346964,7,0.09127365377389783,5025342,7,0.1001220386484296,13781290,7,0.1206413583635441,16605670,7,0.12263041580972144,6751782,7,0.12250919367283657,3372554,7,0.11873721461216241,653743,7,-0.7018611026015871,-0.5230457258265074,-0.42604646243429645,-0.2689650057932965
5,toxicity,6,0000000000010001000111000,63,6,5,2,2,False,0.040075371576938495,0.07886292149688129,434203,6,0.08640067913873323,2378523,6,0.0901325837137218,4962517,6,0.09378330853038383,12908796,6,0.09576476266443223,13181533,6,0.0937502747104452,5161700,6,0.09205569387642197,2534200,6,0.08741223114473709,481274,6,-0.14848800632230288,-0.09146430614816241,-0.05677417078823229,-0.030163727539195228
5,toxicity,6,0000000000010001000111100,63,1,6,2,3,False,-0.031801334629564,0.005045593787199448,27780,1,0.008920016484443578,245559,1,0.01060634837438337,583964,1,0.012652417539274242,1741541,1,0.017891325142194315,2462650,1,0.01866981224807917,1027922,1,0.018689100329045888,514492,1,0.01818338017184433,100114,1,-1.8495244450670594,-1.0670788397374995,-0.8157793783604111,-0.4998471744920798
5,toxicity,6,0000000000010001010010100,63,8,5,2,2,False,0.11536863670992796,0.09744752527973259,536526,8,0.11208996626646424,3085723,8,0.11776313434300492,6483799,8,0.12429172831078691,17108125,8,0.12629401888783123,17383730,8,0.12436491485737979,6847280,8,0.12339636761788583,3396977,8,0.12083936258456314,665317,8,-0.3103930259050047,-0.13864278585435919,-0.07869156242254272,-0.02305602931429349
5,toxicity,6,0000000000010001010011000,63,9,5,2,2,False,-0.05448207305404361,0.07733089904925611,425768,9,0.09923914739319303,2731953,9,0.10847161834102526,5972227,9,0.12118556936209487,16680578,9,0.1607193579008899,22122203,9,0.16948748130425145,9331637,9,0.17285256446232475,4758456,9,0.17405345674749723,958303,9,-1.170413575615039,-0.8005607621898786,-0.6438611067692405,-0.40732579082561715
5,toxicity,6,0000000000010001010011010,63,0,6,2,3,False,,0.0,0,0,0.0,0,0,0.0,0,0,0.0,0,0,0.0,0,0,0.0,0,0,0.0,0,0,0.0,0,0,,,,
5,toxicity,6,0000000000010001010011100,63,5,6,2,3,False,-0.022844603239188133,0.04772881077642934,262785,5,0.05729826217711986,1577363,5,0.06193188855186431,3409844,5,0.06799189537834015,9358739,5,0.09015796652835402,12409786,5,0.09806418224049371,5399215,5,0.10378685565146295,2857147,5,0.11439615372669933,629842,5,-1.2611062506787696,-0.8570604528476925,-0.6630438506940093,-0.4070921889281764
5,toxicity,6,0000000000010011000111000,63,10,6,2,2,False,-0.1273776845258876,0.07317109939093254,402865,10,0.10126345014173244,2787680,10,0.11404835873985834,6279271,10,0.1316473866234947,18120594,10,0.1827468981982546,25154182,10,0.194040674073502,10683486,10,0.19770909114817772,5442731,10,0.19854673174474105,1093158,10,-1.4401327724898245,-0.9652656670580539,-0.7667134113007599,-0.47316803697329657
5,toxicity,6,0000000000010011010011000,63,0,6,2,2,False,,0.0,0,0,0.0,0,0,0.0,0,0,0.0,0,0,0.0,0,0,0.0,0,0,0.0,0,0,0.0,0,0,,,,
5,toxicity,6,0000000001000010010010000,63,51,4,2,1,False,-0.22899742217388255,0.6701042574422509,3689456,51,0.7173115536224819,19746859,51,0.7365610235277658,40553554,51,0.7636101426772597,105107057,51,0.8505768527496463,117077582,51,0.8757046845096292,48214524,51,0.8903078416942839,24509273,51,0.9116285980031592,5019242,51,-0.44406060982263246,-0.3117043947110971,-0.2496393727458841,-0.15560532907124505
5,toxicity,6,0000000001000010110010000,63,13,5,2,2,False,0.0003517490251763887,0.15075373324901004,830019,13,0.17093285495269803,4705608,13,0.18014776389590398,9918570,13,0.19163495463544894,26377578,13,0.21885345437269646,30124066,13,0.22415936424247518,12341760,13,0.22415027476310698,6170630,13,0.21884097797285298,1204894,13,-0.5376891787601337,-0.3910365441956077,-0.3153440248728374,-0.1916044197758493
5,toxicity,6,0000000001000011000000010,63,40,4,2,1,False,0.1521779598871678,0.6191415806693821,3408866,40,0.6255590244246201,17221005,40,0.6287386844945189,34617075,40,0.6339459022534213,87259433,40,0.6326274564482834,87077955,40,0.6317775198839507,34784389,40,0.6325226932614701,17412709,40,0.6301681663889896,3469578,40,-0.02546752504623532,-0.015971225014354638,-0.006956072797067229,0.0030035621683047213
5,toxicity,6,0000000001000011000010000,63,52,4,2,1,False,-0.2363762750135133,0.739452474974545,4071273,52,0.7723510329203929,21262040,52,0.7851771829796337,43230261,52,0.8020847046153247,110402885,52,0.847067990936883,116594605,52,0.8590533810435299,47297737,52,0.8652157814597391,23818514,52,0.8744904688639992,4814767,52,-0.24198523270900196,-0.16380327989321544,-0.12972953320764374,-0.07872317250465201
5,toxicity,6,0000000001000011000010010,63,9,5,2,2,False,0.037635874896055514,0.11682347723144018,643206,9,0.1282410521128912,3530346,9,0.13330250158700913,7339365,9,0.1388445211054647,19111243,9,0.1436420039594778,19771592,9,0.14282987030470357,7863923,9,0.1415631094598577,3897089,9,0.1381164252877467,760441,9,-0.24155466802245176,-0.14258718950108698,-0.09959387005796588,-0.04900743679208876
5,toxicity,6,0000000001000011010010000,63,14,5,2,2,False,0.0264207046733843,0.13837876971059943,761885,14,0.16003274366999,4405539,14,0.17137998679173944,9435834,14,0.19034047170066284,26199399,14,0.2534932364630183,34892056,14,0.27500582476957197,15141263,14,0.2900219321546412,7984010,14,0.31241326187652757,1720084,14,-1.1748330774770783,-0.8577948849568432,-0.6822635300478931,-0.4133649032274285
5,toxicity,6,0000000001000011110010000,63,1,6,2,3,False,-0.18319182923682534,0.0030956479664876672,17044,1,0.006381637390553993,175680,1,0.008154514381015398,448971,1,0.01046470149425057,1440413,1,0.019858873250526595,2733473,1,0.022820128572843185,1256430,1,0.025537626938470347,703025,1,0.031211466750408704,171844,1,-3.333762832494269,-2.000625929061589,-1.4846360510662937,-0.9242526105098817
5,toxicity,6,0000000001000100100110000,63,9,5,2,2,False,0.08573020407412107,0.18918978806689826,1041640,9,0.1732850303053309,4770361,9,0.16678753624202883,9182983,9,0.1575720048367931,21688986,9,0.1290267532505141,17759877,9,0.1193677093664111,6572144,9,0.11394196960462076,3136707,9,0.10551624042804339,580951,9,0.8423691511483847,0.6048477787687019,0.482598862376471,0.28834100544255853
5,toxicity,6,0000000001000101000010000,63,44,4,2,1,False,-0.055425092894162975,0.6932041046214225,3816639,44,0.7033795470483202,19363325,44,0.7054137612667841,38838649,44,0.7058146279572105,97151798,44,0.6865245639760956,94496618,44,0.6687909790792875,36822275,44,0.6532198950873129,17982482,44,0.6196350864370771,3411585,44,0.16186135893700884,0.10673465305707823,0.07691433234506452,0.03997798898630574
5,toxicity,6,0000000001000101000010010,63,13,5,2,2,False,0.12535661413080298,0.271127288816109,1492771,13,0.2464884557131329,6785577,13,0.23740921137138205,13071269,13,0.22476507669153356,30937771,13,0.19217964013622618,26452551,13,0.1806890925804532,9948375,13,0.1726914978745858,4754022,13,0.15910285104953925,875988,13,0.7690106386363975,0.5133230231935598,0.3938664924221052,0.22596238899285898
5,toxicity,6,0000000001000101000010100,63,5,5,2,2,False,0.13834310718270884,0.08626021968856808,474931,5,0.08387715711276678,2309053,5,0.08300689406105771,4570191,5,0.08233282419721702,11332695,5,0.07621291854587092,10490321,5,0.07358431218643506,4051403,5,0.07157306587416384,1970334,5,0.06582952477179961,362444,5,0.38996060747826644,0.22886118466899963,0.17383293956717635,0.1114321506623645
5,toxicity,6,0000000001000101000010110,63,0,6,2,3,False,,0.0,0,0,0.0,0,0,0.0,0,0,0.0,0,0,0.0,0,0,0.0,0,0,0.0,0,0,0.0,0,0,,,,
5,toxicity,6,0000000001000110100010000,63,10,5,2,2,False,0.01704562623173756,0.08551573124602918,470832,10,0.10501066421446341,2890837,10,0.11503370202413388,6333522,10,0.13073068733666307,17994415,10,0.18522685897326874,25495536,10,0.20403684683482348,11233855,10,0.21951000231138182,6042888,10,0.2499467379563758,1376156,10,-1.5473589547364042,-1.0637508336261488,-0.8267731137588875,-0.5026954780766429
5,toxicity,6,0000000001000111000000010,63,31,5,2,2,False,-0.056870263037605194,0.4429773435039524,2438942,31,0.4610344696689689,12691811,31,0.4701938242582105,25887917,31,0.4809791890612454,66204342,31,0.5022600507324212,69133544,31,0.5034351973588856,27718121,31,0.5005047588565463,13778389,31,0.48866948781438907,2690515,31,-0.1416261138518628,-0.1185091673185515,-0.09855049505637153,-0.0624600560136462
5,toxicity,6,0000000001000111000010000,63,10,5,2,2,False,0.0019713083295792746,0.1563175084283938,860652,10,0.16039425354766984,4415491,10,0.1618229688058417,8909644,10,0.16206788452490656,22307821,10,0.15191998478345575,20911014,10,0.1463071142540448,8055373,10,0.14199392807297995,3908949,10,0.1347287231984761,741789,10,0.2144219214012192,0.17579321651712976,0.14541647242337827,0.09328656771282966
5,toxicity,6,0000000001000111000010010,63,1,6,2,2,False,0.11265533749662902,0.006974834147445401,38402,1,0.010009704317104318,275557,1,0.011365584516929783,625766,1,0.013342635529157197,1836546,1,0.018134225499453416,2496084,1,0.018894738803674063,1040306,1,0.018745368291248784,516041,1,0.017451787634015566,96086,1,-1.3231440061401758,-0.9051348124755536,-0.733312693311127,-0.44267146437121857
5,toxicity,6,0000000001000111100010000,63,0,6,2,2,False,,0.0,0,0,0.0,0,0,0.0,0,0,0.0,0,0,0.0,0,0,0.0,0,0,0.0,0,0,0.0,0,0,,,,
5,toxicity,6,0000000001010000110010000,63,27,5,2,2,False,0.02633806705914451,0.3864683277289343,2127815,27,0.40405746888234345,11123292,27,0.4119538263389265,22681341,27,0.42136389050899953,57998599,27,0.4376701329600114,60243070,27,0.438526177462548,24144362,27,0.43577233699155005,11996371,27,0.42790117398080607,2355937,27,-0.14692745142734298,-0.10901411515038034,-0.09018032310529141,-0.05477725114688669
5,toxicity,6,0000000001010000110110000,63,0,6,2,3,False,,0.0,0,0,0.0,0,0,0.0,0,0,0.0,0,0,0.0,0,0,0.0,0,0,0.0,0,0,0.0,0,0,,,,
5,toxicity,6,0000000001010001000010000,63,57,4,2,1,False,-0.12944926432702192,0.8673639079122829,4775527,57,0.8796149585609495,24214907,57,0.8847638567997305,48713301,57,0.8929582072480409,122911161,57,0.9149840685365218,125942908,57,0.9216411203812592,50743691,57,0.9246557455964508,25454836,57,0.9302348052425471,5121684,57,-0.10095750797368229,-0.07204420372491349,-0.05891263447759477,-0.03515396871637806
5,toxicity,6,0000000001010001000010010,63,6,5,2,2,False,0.23319189638683777,0.1197262374872725,659188,6,0.10777821993800353,2967025,6,0.1039535439456548,5723471,6,0.09969956028889407,13723138,6,0.09428871835072967,12978363,6,0.09203219472013971,5067106,6,0.0907157608087795,2497313,6,0.0870662321912704,479369,6,0.45955415042330555,0.2486405353936118,0.17572840442364537,0.080501979129006
5,toxicity,6,0000000001010001000110000,63,10,5,2,2,False,0.2896957534662978,0.1889781927910852,1040475,10,0.17160966886356327,4724240,10,0.16664121773180554,9174927,10,0.16191557959421968,22286857,10,0.15619871882085237,21499960,10,0.15565095641372334,8569826,10,0.15444476761894654,4251708,10,0.14998991063419156,825814,10,0.3333543054490919,0.15203984449167518,0.09843084540709672,0.05185918892408957
5,toxicity,6,0000000001010001010010000,63,11,5,2,2,False,-0.09364904098506445,0.10941473654844333,602415,11,0.12913886944978176,3555062,11,0.1378399373939856,7589187,11,0.15124192741729953,20817683,11,0.19521958525762945,26870984,11,0.21068709178027842,11600004,11,0.22095317201464768,6082617,11,0.2374755189848082,1307492,11,-1.117971734795258,-0.7748173405099078,-0.6121079754854136,-0.3682396572864788
5,toxicity,6,0000000001010001010110000,63,2,6,2,3,False,-0.18156141384129731,0.00831542189918475,45783,2,0.014380842591908128,395890,2,0.017621481824002624,970203,2,0.022058794469131154,3036281,2,0.03968325194771628,5462198,2,0.045700539060901116,2516179,2,0.05040468797489715,1387590,2,0.058671796290346336,323035,2,-2.818805793669596,-1.809409712708697,-1.374875934363018,-0.8471763073432909
5,toxicity,6,0000000001010001100010000,63,13,5,2,2,False,-0.10253611354758702,0.13820368143087083,760921,13,0.15643173912877645,4306407,13,0.1659084809321608,9134584,13,0.18041436618220272,24833121,13,0.22937150335349465,31571822,13,0.2455090972112086,13517233,13,0.2577744324555059,7096269,13,0.2803308948731673,1543445,13,-1.020334704177824,-0.7205759189045459,-0.5653888477817784,-0.34637194174128827
5,toxicity,6,0000000001010001100110000,63,0,6,2,3,False,,0.0,0,0,0.0,0,0,0.0,0,0,0.0,0,0,0.0,0,0,0.0,0,0,0.0,0,0,0.0,0,0,,,,
5,toxicity,6,0000000001010001110010000,63,3,6,2,3,False,0.1315233959397764,0.02617696920734775,144125,3,0.031066819208917438,855238,3,0.03356916416586307,1848250,3,0.038358553297862356,5279860,3,0.05701622738431776,7847994,3,0.0636797701157609,3506079,3,0.06803406896156404,1872909,3,0.07317214928192957,402871,3,-1.4829965652437445,-1.130882837968373,-0.9236985117443298,-0.5718242732611759
5,toxicity,6,0000000001010010110010000,63,3,6,2,2,False,0.4536911483996106,0.09560201489558091,526365,3,0.07646224515724064,2104928,3,0.06943697832370097,3823059,3,0.060803856764201684,8369342,3,0.036282123861034056,4994050,3,0.029586160565449087,1628954,3,0.026012035967760094,716085,3,0.020498939572236318,112863,3,2.2214917447721962,1.5555682388223295,1.2307816793857098,0.7449039261893994
5,toxicity,6,0000000001010011000010000,63,23,5,2,2,False,0.21195659601094483,0.4359251363200294,2400114,23,0.4055132799120636,11163369,23,0.39446783807081587,21718598,23,0.383690658543737,52813070,23,0.34889098231079635,48023071,23,0.3358542337883422,18491453,23,0.32673149215407016,8994587,23,0.307290297844254,1691878,23,0.5044781777200928,0.3116436449199125,0.232072462890353,0.13716733197798817
5,toxicity,6,0000000001010011000010010,63,4,6,2,2,False,0.31305240741324575,0.12550959952370175,691030,4,0.10342451783093347,2847172,4,0.09426346620232214,5189955,4,0.08188281848687187,11270754,4,0.049530640502610926,6817641,4,0.04011275606010334,2208527,4,0.03451670778877552,950210,4,0.025740869123943362,141724,4,2.2856650408626895,1.5832114600698257,1.2326376382944555,0.7252394849730261
5,toxicity,6,0000000001010011010010000,63,2,6,2,2,False,-0.09389974123989972,0.015974626003079664,87953,2,0.021743191766786896,598568,2,0.024172795040805082,1330905,2,0.027108054550796352,3731286,2,0.03538508384751928,4870577,2,0.03706556790722332,2040755,2,0.03781188897361171,1040923,2,0.03897764483507111,214603,2,-1.286864765291115,-0.7982761893680766,-0.6166953180607849,-0.38441975810307893
5,toxicity,6,0000000001010011100010000,63,2,6,2,2,False,0.012884007988750662,0.024790066609829572,136489,2,0.02543028738618587,700070,2,0.02625365639622486,1445473,2,0.0276291199123077,3803008,2,0.03690775538180236,5080165,2,0.04240993475023017,2335005,2,0.04790517718650526,1318781,2,0.06227163842037765,342855,2,-1.328813090373597,-0.913633812736675,-0.6918838996486124,-0.4177343920849677
5,toxicity,6,0000000001010101000010000,63,18,5,2,2,False,-0.0641764240114982,0.23147887479989263,1274475,18,0.2587078673623455,7121965,18,0.2684276639408911,14779082,18,0.2792886871524209,38442669,18,0.2874882581027201,39571298,18,0.2807741084252068,15458853,18,0.27345161665411083,7527846,18,0.25741032588015866,1417249,18,-0.15318939126016823,-0.07996166402072478,-0.06487654150224319,-0.04174589609544707
5,toxicity,6,0000000001010101000010010,63,2,6,2,2,False,-0.053724824372141905,0.013153961081725906,72423,2,0.018428031400358567,507305,2,0.02106092943602769,1159572,2,0.02503250392386439,3445597,2,0.037867122432612275,5212217,2,0.04140679209906242,2279774,2,0.043738877859908175,1204087,2,0.04700064314031193,258776,2,-1.8371831913302323,-1.2470142465564926,-0.9752983323046871,-0.5971431867241241
5,toxicity,6,0000000001010101000110000,63,3,6,2,2,False,0.19556067350796244,0.038895207485060285,214149,3,0.04463037776365529,1228629,3,0.046412336786342406,2555369,3,0.04819378005377895,6633629,3,0.04336146254697567,5968485,3,0.038981439418073735,2146239,3,0.03563988751202505,981130,3,0.029728121105809024,163677,3,0.3877641188701725,0.32453323462683725,0.25172097256078324,0.15243354409573642
5,toxicity,6,0000000001010101100010000,63,1,6,2,2,False,-0.03221726332152771,0.005219773932697082,28739,1,0.007999205201354137,220210,1,0.009466967442987227,521232,1,0.011594092974880585,1595868,1,0.019824378697189688,2728725,1,0.02288041048805793,1259749,1,0.024867061036426802,684565,1,0.02746032953993763,151191,1,-2.395289708324789,-1.6363074433336864,-1.2731386693494606,-0.7738856921085665
5,toxicity,6,0000000001010111000010000,63,1,6,2,3,False,0.1593691863054151,0.01728015977350406,95141,1,0.017153265912273917,472212,1,0.017276390998004303,951203,1,0.01714830449245784,2360377,1,0.014814807657375278,2039183,1,0.013860572270987387,763135,1,0.013332746315728944,367037,1,0.012084353999974935,66534,1,0.5159762046025868,0.36350930450982083,0.31781504874664035,0.21102604387220036
5,toxicity,6,0000000001010111000010010,63,0,7,2,3,False,,0.0,0,0,0.0,0,0,0.0,0,0,0.0,0,0,0.0,0,0,0.0,0,0,0.0,0,0,0.0,0,0,,,,
5,toxicity,6,0000000001100001000000110,63,5,5,2,2,False,0.025623037022528383,0.06629434374043054,365003,5,0.07199778705971178,1982026,5,0.0747850688062976,4117514,5,0.07869520357162473,10831995,5,0.07974136698790894,10975994,5,0.0770389980945902,4241611,5,0.07290388127975796,2006970,5,0.06169497349793318,339680,5,0.10373283145169253,-0.01804305901418618,-0.042838682850784175,-0.019052630374997843
5,toxicity,6,0000000001100001010000110,63,2,6,2,2,False,0.2775433305968709,0.03651244488987419,201030,2,0.03427412961284261,943532,2,0.03379841345037628,1860872,2,0.033422577455092424,4600448,2,0.02983577621197917,4106743,2,0.028910363788916888,1591746,2,0.02801941095762078,771346,2,0.02548386727661772,140309,2,0.5188040466937068,0.2906934026038346,0.22536876291754732,0.16377968352052
5,toxicity,6,0000000011000111000010000,63,3,6,2,2,False,0.10137861392520961,0.05078431920990869,279608,3,0.04992283587644078,1374325,3,0.049450516418431636,2722645,3,0.04974335413177617,6846920,3,0.04423324191138505,6088481,3,0.040829400690602986,2247984,3,0.03802929617424717,1046908,3,0.03148445175149029,173347,3,0.6897435560435781,0.39258865050946673,0.2763771960278884,0.16937280685293224
5,toxicity,6,0000000011010011000010000,63,9,6,2,2,False,-0.08925598151521616,0.06996411416772949,385208,9,0.09525371167879963,2622238,9,0.10676361854175914,5878188,9,0.1212281862636122,16686444,9,0.16213896714923418,22317605,9,0.17231791610486488,9487475,9,0.17593651375548253,4843354,9,0.17783419911776624,979119,9,-1.3458457610315988,-0.8852077147106644,-0.690652599415089,-0.4195056851551509
5,toxicity,6,0000000011010011000010010,63,0,7,2,2,False,,0.0,0,0,0.0,0,0,0.0,0,0,0.0,0,0,0.0,0,0,0.0,0,0,0.0,0,0,0.0,0,0,,,,
5,toxicity,6,0000000001000100100010000,63,54,4,1,1,True,0.20765897515077728,0.839338159037552,4621223,54,0.8506131264919502,23416516,54,0.8545395127088687,47049210,54,0.8591857294842411,118262551,54,0.8487945276062097,116832254,54,0.8394340605207907,46217537,54,0.829264658376278,22828816,54,0.8037989776956905,4425554,54,0.06241742938143792,0.03667050968929158,0.025730199045307094,0.017554676435184467
5,toxicity,7,0000000000000000000011110,82,1,4,1,4,False,-0.1167390069162828,0.008605731707317073,70567,1,0.010239269291636028,419810,1,0.010210732205401571,837280,1,0.010619258329380325,2176948,1,0.013300799870236099,2726664,1,0.015352024015804292,1258866,1,0.016934756097560975,694325,1,0.02209841463414634,181207,1,-1.3605731041426465,-0.7258744451116448,-0.588342548805132,-0.32482999878871144
5,toxicity,7,0000000000000000010011010,82,18,4,1,3,False,-0.2763784898806493,0.11339353658536586,929827,18,0.14280750173731724,5855107,18,0.15647839787699502,12831228,18,0.1778503526273102,36459323,18,0.2599741877075689,53294709,18,0.2885323100357973,23659650,18,0.30859324390243903,12652323,18,0.34983536585365854,2868650,18,-1.6253377335613035,-1.1116347102981672,-0.8827693775754771,-0.5477045533345495
5,toxicity,7,0000000000000000010011100,82,16,4,2,3,False,-0.20550123423711275,0.13062524390243901,1071127,16,0.1444712579971959,5923321,16,0.15162409276215086,12433175,16,0.16466334312852013,33755986,16,0.22642655388852143,46417444,16,0.2504409085258315,20536155,16,0.26763982926829266,10973233,16,0.30525658536585365,2503104,16,-1.2245886881332702,-0.8895103264023635,-0.7239712269610468,-0.45952373607213354
5,toxicity,7,0000000000000000010011110,82,2,5,2,4,False,-0.08332612992940583,0.014257926829268292,116915,2,0.01790280662466406,734015,2,0.018699659448763877,1533372,2,0.020416628869919438,4185409,2,0.027886599727935613,5716753,2,0.03145337728162494,2579177,2,0.034429073170731704,1411592,2,0.04145963414634146,339969,2,-1.5399431634060048,-0.9434415674820146,-0.7502029371388604,-0.4498273616587642
5,toxicity,7,0000000000000000010111000,82,14,4,1,2,False,0.17161733318895098,0.13241243902439023,1085782,14,0.15086486837706034,6185459,14,0.15728386133092007,12897276,14,0.16555504555014544,33938785,14,0.1728468617283233,35433607,14,0.1680358007796146,13778936,14,0.16316802439024392,6689889,14,0.14983268292682927,1228628,14,-0.17831369499711042,-0.1131014765959045,-0.09539799288896367,-0.06218342992912543
5,toxicity,7,0000000000000000010111100,82,1,5,2,3,False,0.05780908722138232,0.005889390243902439,48293,1,0.007556342200618751,309810,1,0.008451890656189788,693055,1,0.009982965658868963,2046508,1,0.014806814489689615,3035397,1,0.01561002400951161,1280022,1,0.015372512195121951,630273,1,0.014077317073170732,115434,1,-1.257182226060059,-1.0245930083290806,-0.885126748231995,-0.5687209267554816
5,toxicity,7,0000000000000000110010100,82,34,4,2,2,False,-0.24500162162612507,0.2972140243902439,2437155,34,0.3366349352814571,13802031,34,0.35341216358108113,28979796,34,0.3767906414284753,77242083,34,0.45190210290827215,92639932,34,0.4749111591485083,38942716,34,0.4899748048780488,20088967,34,0.5244475609756097,4300470,34,-0.8192963335470247,-0.5415226615756348,-0.42630596131515774,-0.26224713822036905
5,toxicity,7,0000000000000000110010110,82,4,5,2,3,False,-0.1377264984710455,0.011898170731707318,97565,4,0.020059514152147722,822440,4,0.024684586569979832,2024136,4,0.03240357009944254,6642732,4,0.0675606139750184,13849926,4,0.08104892485246525,6646012,4,0.09083453658536586,3724216,4,0.11329329268292683,929005,4,-3.2512507611488726,-2.178954271200598,-1.7151825656324085,-1.0600296666726028
5,toxicity,7,0000000000000000110011100,82,5,5,2,3,False,-0.1474163485300912,0.026673780487804877,218725,5,0.03769595489716633,1545534,5,0.042650306958551557,3497325,5,0.04962712098288544,10173560,5,0.07099240906348869,14553444,5,0.07691012007536292,6306630,5,0.08130324390243902,3333433,5,0.08680048780487805,711764,5,-1.702280837162282,-1.1089031971478591,-0.8506173202238889,-0.5165360091838841
5,toxicity,7,0000000000000010000111000,82,13,4,2,2,False,0.05748619820861027,0.13414,1099948,13,0.14816647786990028,6074825,13,0.1530282025867416,12548312,13,0.15753302619447754,32294271,13,0.1556383838474304,31905869,13,0.1544311425748502,12663354,13,0.1566181707317073,6421345,13,0.17033780487804878,1396770,13,-0.3446591560203278,-0.08003252279550328,-0.01316615443902432,0.01745641127832326
5,toxicity,7,0000000000000010010011000,82,25,4,1,2,False,0.22274739088301349,0.2798879268292683,2295081,25,0.2935771993733853,12036664,25,0.29978055120880737,24582004,25,0.3053550379442919,62597784,25,0.3035100799657553,62219567,25,0.30247691945178246,24803108,25,0.30314165853658537,12428808,25,0.30872146341463413,2531516,25,-0.14145653118683044,-0.04625219890246515,-0.012918272578027813,0.008743216829220602
5,toxicity,7,0000000000000010010111000,82,11,5,2,2,False,0.3050748303214895,0.11540548780487805,946325,11,0.12304969493167756,5045037,11,0.1270006525366172,10414053,11,0.13173587547832438,27005855,11,0.13734616451369597,28155964,11,0.1356095454729379,11119983,11,0.13257365853658537,5435520,11,0.12239731707317072,1003658,11,-0.08486010557718901,-0.10755306942966475,-0.0946228228035995,-0.060168336152718174
5,toxicity,7,0000000000000010100010010,82,28,4,1,2,False,0.3554029463062847,0.35275670731707315,2892605,28,0.36020571806885054,14768433,28,0.3614788834867748,29641267,28,0.35891302226511174,73577171,28,0.3207935090654292,65762670,28,0.3025205901824246,24806689,28,0.28948236585365855,11868777,28,0.25984048780487806,2130692,28,0.44104726844627823,0.31534561593306126,0.2568780331536551,0.16198931809751202
5,toxicity,7,0000000000000010100011000,82,33,4,2,2,False,0.2614997731675539,0.4091640243902439,3355145,33,0.4160351625400159,17057440,33,0.4175270081720492,34237213,33,0.41629271870648354,85340009,33,0.38587964501580835,79105328,33,0.37405014941341097,30672113,33,0.3684919756097561,15108171,33,0.3628987804878049,2975770,33,0.17311209349625692,0.17507226438836077,0.15863781567456012,0.10944738045797688
5,toxicity,7,0000000000000010100011010,82,3,5,2,3,False,0.25510444924907494,0.05946987804878049,487653,3,0.05485705413239553,2249139,3,0.05210150254153671,4272323,3,0.046913077133403376,9617181,3,0.025302741216558622,5187062,3,0.018308267846139807,1501278,3,0.014625073170731707,599628,3,0.008489146341463414,69611,3,2.808467726796958,1.907233307726353,1.5088296750736547,0.890696443256607
5,toxicity,7,0000000000000010100110000,82,54,4,2,2,False,-0.1275064251796695,0.584415,4792203,54,0.6215536216149875,25483696,54,0.6330635308811479,51911207,54,0.6464585971422713,132524015,54,0.6650596081457599,136337221,54,0.6666887642271033,54668480,54,0.6673276341463414,27360433,54,0.6690579268292683,5486275,54,-0.1951379165402889,-0.10251638895012324,-0.07466312533273266,-0.04092567801743018
5,toxicity,7,0000000000000010100111000,82,12,5,2,2,False,0.1625140961623465,0.1342318292682927,1100701,12,0.14291918467504242,5859686,12,0.14557437295484746,11937098,12,0.14826810930208567,30394963,12,0.14359573030638312,29437125,12,0.1383440697964861,11344214,12,0.13317580487804878,5460208,12,0.11922585365853658,977652,12,0.17102969380017588,0.10186758859807646,0.07349560127600306,0.04619547218025068
5,toxicity,7,0000000000000010110010000,82,67,4,1,2,False,-0.4267466366131614,0.688945243902439,5649351,67,0.7465700728361047,30609370,67,0.7660682812716235,62817596,67,0.7889947553366877,161743928,67,0.8403187674115242,172265349,67,0.8540313328285041,70030571,67,0.8637792926829269,35414951,67,0.8855891463414635,7261831,67,-0.36224821601179225,-0.21038505371271066,-0.15681601231258857,-0.09092099490138966
5,toxicity,7,0000000000000010110011000,82,5,5,2,2,False,-0.19920167219934426,0.034377560975609754,281896,5,0.0434245652121527,1780407,5,0.047101331565918614,3862309,5,0.05173035021013951,10604722,5,0.07141306271792133,14639678,5,0.08081496144353753,6626827,5,0.08938743902439024,3664885,5,0.11476268292682927,941054,5,-1.7391145039851141,-1.0415607100219342,-0.7788545611176041,-0.46517703444788083
5,toxicity,7,0000000000000010110110000,82,10,5,2,3,False,0.043979250326793874,0.09473256097560975,776807,10,0.1027655953917654,4213389,10,0.10695106619273494,8769987,10,0.11244861731807576,23051967,10,0.13357109137979423,27382074,10,0.14112371607015325,11572145,10,0.14703270731707316,6028341,10,0.1580871951219512,1296315,10,-0.7387882242496288,-0.5167797677087007,-0.40000959079023923,-0.24834187928590004
5,toxicity,7,0000000000000010110111000,82,0,6,2,3,False,,0.0,0,0,0.0,0,0,0.0,0,0,0.0,0,0,0.0,0,0,0.0,0,0,0.0,0,0,0.0,0,0,,,,
5,toxicity,7,0000000000000011100001000,82,49,4,2,2,False,-0.09426071685562282,0.5887725609756097,4827935,49,0.5910033503417903,24231135,49,0.5919345288748551,48538629,49,0.5939507103619374,121759898,49,0.6001051990233639,123021567,49,0.6038499486865866,49515697,49,0.6085317317073171,24949801,49,0.6231360975609757,5109716,49,-0.08183685507164024,-0.042166184880049716,-0.028752482375903995,-0.014872216335921961
5,toxicity,7,0000000000000011100001010,82,2,5,2,2,False,0.03126465484427076,0.019548414634146343,160297,2,0.023542636443184044,965248,2,0.024974171949959607,2047882,2,0.025937862908529504,5317262,2,0.02185074125023667,4479402,2,0.01899903612197473,1557921,2,0.017228,706348,2,0.013795487804878048,113123,2,0.5028551395729136,0.45052066222453463,0.39451061627354483,0.2473773952979692
5,toxicity,7,0000000000000011100011000,82,3,5,2,2,False,-0.09537653574256952,0.018096585365853658,148392,3,0.025368148816404763,1040094,3,0.028362623334762114,2325735,3,0.03209893595904515,6580282,3,0.03980511668482813,8160049,3,0.04058581608327278,3328037,3,0.04094063414634146,1678566,3,0.04036243902439025,330972,3,-1.1572958546574927,-0.6905152032144429,-0.5169846454718062,-0.31042841706501617
5,toxicity,7,0000000000000011100101000,82,15,5,2,3,False,-0.04760065449411671,0.1405470731707317,1152486,15,0.15427813700274506,6325403,15,0.15973586145052981,13098340,15,0.16722854795651615,34281853,15,0.20198073949287085,41406052,15,0.21877965320049628,17939932,15,0.2331709756097561,9560010,15,0.27141,2225562,15,-0.9494204667365809,-0.5958545877577952,-0.4537903308870767,-0.27239657270884093
5,toxicity,7,0000000000000011110001000,82,9,5,2,3,False,-0.22328467183863954,0.06584,539888,9,0.07743456853020181,3174817,9,0.08286794306672893,6795171,9,0.09169788113760231,18798066,9,0.12652163291198407,25936935,9,0.14113536241133262,11573100,9,0.15197065853658537,6230797,9,0.17963,1472966,9,-1.4479920737773668,-0.9727431380405714,-0.7681934927301056,-0.46442377780923927
5,toxicity,7,0000000000000011110101000,82,1,6,2,4,False,-0.33357983252594814,0.0012936585365853658,10608,1,0.0029711710215776605,121818,1,0.004128500201390254,338537,1,0.006187146220738611,1268365,1,0.0193818485913966,3973279,1,0.026127011557877767,2142415,1,0.03205682926829268,1314330,1,0.04912658536585366,402838,1,-5.246975194555103,-3.431528181324634,-2.661852436022644,-1.6473601432386473
5,toxicity,7,0000000000000110100010000,82,39,4,1,2,False,-0.17266013265746757,0.391819756097561,3212922,39,0.4253088219813485,17437660,39,0.438096899419361,35923944,39,0.45509013746165583,93293480,39,0.4920533122726506,100870930,39,0.4997787561029572,40981859,39,0.5043048048780487,20676497,39,0.510100243902439,4182822,39,-0.3805906484222029,-0.245785190543512,-0.19003957447489603,-0.11266231393225948
5,toxicity,7,0000000000000110100010010,82,19,5,2,2,False,0.0954503771081761,0.18257719512195122,1497133,19,0.19835553154688113,8132576,19,0.20589710760473695,16883562,19,0.21681449333044892,44446972,19,0.25017233414466017,51285329,19,0.25800061565852156,21156051,19,0.2604989512195122,10680457,19,0.26199353658536584,2148347,19,-0.5210246445569859,-0.3931889336346994,-0.32545094484509557,-0.20646105543658497
5,toxicity,7,0000000000000110100011000,82,9,5,2,2,False,0.24677182368633543,0.08156548780487805,668837,9,0.09284693588750594,3806724,9,0.09746355353480748,7992011,9,0.10306739311088013,21128816,9,0.11621265252475461,23823594,9,0.11601227765823713,9513007,9,0.11466421951219512,4701233,9,0.10794560975609756,885154,9,-0.4042738192140421,-0.3044890700738747,-0.2513427653648823,-0.17317916208454182
5,toxicity,7,0000000000000110100111000,82,1,6,2,2,False,0.01841817959744126,0.01235719512195122,101329,1,0.014107708693434995,578416,1,0.014691049497124365,1204666,1,0.014546272886901992,2981986,1,0.00926439990961561,1899202,1,0.006890682758763835,565036,1,0.005634243902439024,231004,1,0.003849390243902439,31565,1,1.6826494712191815,1.3241897679069563,1.0922186190079566,0.6508801109565208
5,toxicity,7,0000000000000111100011000,82,1,6,2,2,False,0.054795555034001645,0.0044797560975609755,36734,1,0.0076442202579727085,313413,1,0.008980122389274262,736370,1,0.010656746133526905,2184633,1,0.013392316942513981,2745425,1,0.012771402127526777,1047255,1,0.011989414634146342,491566,1,0.009494512195121952,77855,1,-1.0836736939191571,-0.6493199696168085,-0.5081099096003546,-0.3296385746722141
5,toxicity,7,0000000000010000100010010,82,60,4,2,2,False,-0.3196093525858381,0.6131102439024391,5027504,60,0.6598272107148498,27052913,60,0.6779211550205442,55589532,60,0.7009238155917304,143689385,60,0.7619929828098245,156208563,60,0.7779321761479957,63790440,60,0.7874019024390244,32283478,60,0.807200243902439,6619042,60,-0.3967801008372404,-0.2550119235414867,-0.19852688779813343,-0.12052006782975333
5,toxicity,7,0000000000010000100010110,82,4,5,2,3,False,0.08136480051826202,0.04668268292682927,382798,4,0.04406871161645967,1806817,4,0.04377308750112622,3589393,4,0.044813325954861934,9186732,4,0.053621316550035936,10992370,4,0.05647826691516422,4631218,4,0.05795765853658537,2376264,4,0.05825646341463415,477703,4,-0.319530644825867,-0.39524459293489556,-0.3676516719806437,-0.2588788374795692
5,toxicity,7,0000000000010000100110000,82,66,4,2,2,False,-0.17333744636432258,0.7020408536585366,5756735,66,0.7470709997142438,30629908,66,0.7619790981453218,62482283,66,0.7808054969598928,160065130,66,0.8274394992444927,169625099,66,0.8399255282944993,68873895,66,0.8484809512195122,34787719,66,0.8671853658536586,7110920,66,-0.304785423459869,-0.183636911404845,-0.1405099938244374,-0.08369061906609397
5,toxicity,7,0000000000010000100110100,82,4,5,2,2,False,0.18758666291745513,0.05835182926829268,478485,4,0.06023883514525221,2469792,4,0.05976605169590496,4900816,4,0.05726122327295174,11738551,4,0.03870769230529081,7935077,4,0.03193025531877426,2618281,4,0.02783817073170732,1141365,4,0.01974158536585366,161881,4,1.563540032233584,1.1136294588278917,0.9044021487009267,0.5649381921229266
5,toxicity,7,0000000000010000110010010,82,13,5,2,2,False,0.04897418160318769,0.12036256097560975,986973,13,0.13607640351964911,5579132,13,0.14254215329473918,11688456,13,0.1498758995146166,30724560,13,0.16685966666478375,34206232,13,0.16847773979322586,13815175,13,0.16792824390243902,6885058,13,0.16490804878048781,1352246,13,-0.4542751065129843,-0.30342798161134155,-0.24116936365350045,-0.15486685612137063
5,toxicity,7,0000000000010000110010100,82,27,5,2,2,False,-0.10411790597432503,0.22531573170731709,1847589,27,0.26204219629679965,10743729,27,0.2766537695928668,22685608,27,0.29608641373489925,60697716,27,0.3644550257126339,74713281,27,0.3854099418192697,31603616,27,0.39880634146341465,16351060,27,0.4259184146341463,3492531,27,-0.9186290592301726,-0.605889204690233,-0.4783122054672252,-0.29972250252581295
5,toxicity,7,0000000000010000110010110,82,1,6,2,3,False,-0.018840570459450066,0.0038513414634146342,31581,1,0.005591317618665133,229244,1,0.006467085681321253,530301,1,0.008206131547197433,1682257,1,0.016581185204085996,3399143,1,0.019758889761978298,1620229,1,0.022050560975609756,904073,1,0.027081463414634147,222068,1,-2.8138727560912447,-1.9795551533251086,-1.6113142555404596,-1.0147729462635855
5,toxicity,7,0000000000010000110110000,82,11,5,2,3,False,-0.11573123455902593,0.09842560975609756,807090,11,0.10844444960433655,4446222,11,0.11325137137811568,9286612,11,0.12047629033216994,24697640,11,0.1500859595113565,30767622,11,0.16319383748307714,13381895,11,0.17415863414634147,7140504,11,0.19931634146341465,1634394,11,-1.017954347934535,-0.6834457832358889,-0.5270580591739764,-0.3170397668612685
5,toxicity,7,0000000000010000110110100,82,1,6,2,3,False,-0.04985234738507935,0.004466219512195122,36623,1,0.006461317703543191,264914,1,0.007473000364536603,612786,1,0.009104307139428154,1866383,1,0.015040585219116241,3083320,1,0.01687610934448514,1383841,1,0.01815712195121951,744442,1,0.020060243902439025,164494,1,-2.167213081390476,-1.4906352227330313,-1.1752228424901545,-0.7242395686202968
5,toxicity,7,0000000000010001000011000,82,46,4,2,2,False,-0.09087622337508185,0.4788837804878049,3926847,46,0.5164093918448187,21172783,46,0.5305877697847693,43508195,46,0.5467769990872781,112089287,46,0.5707071797979787,116994973,46,0.5752316932870318,47169000,46,0.5786545853658537,23724838,46,0.5885817073170732,4826370,46,-0.2975671319149512,-0.16418718238186356,-0.116551744125016,-0.0617981576891029
5,toxicity,7,0000000000010001000011010,82,10,5,2,3,False,-0.13766212166282263,0.06582219512195121,539742,10,0.08260230074168788,3386694,10,0.0890546994660829,7302485,10,0.09920840782032375,20337724,10,0.14713187661334753,30162035,10,0.16706369104722704,13699223,10,0.18205995121951218,7464458,10,0.21845012195121952,1791291,10,-1.7306578659772505,-1.1401597281947304,-0.9076345676421766,-0.5685755471948994
5,toxicity,7,0000000000010001000011110,82,1,6,2,4,False,-0.046317339265618485,0.007267560975609756,59594,1,0.009735464364435547,399154,1,0.01044759807061454,856703,1,0.011012638809509487,2257591,1,0.013694321817616373,2807336,1,0.01444910940368026,1184827,1,0.014770609756097562,605595,1,0.01587,130134,1,-1.1267589522832893,-0.601407684555254,-0.4678092712494766,-0.31441761758341064
5,toxicity,7,0000000000010001000110100,82,19,5,2,2,False,0.02084016138704024,0.15452243902439025,1267084,19,0.17795452955653948,7296135,19,0.1889574360467042,15494509,19,0.2055077179413128,42129083,19,0.260970914527113,53499038,19,0.27432946891879345,22495017,19,0.2798273658536585,11472922,19,0.2853917073170732,2340212,19,-0.8851270599945354,-0.6530284035872118,-0.5378483130350079,-0.344696449898886
5,toxicity,7,0000000000010001000111000,82,5,5,2,2,False,0.0877653835715055,0.04867634146341463,399146,5,0.05323854177936993,2182780,5,0.05478305145283178,4492210,5,0.05732903790577487,11752453,5,0.06490029692780198,13304561,5,0.0656376325454236,5382286,5,0.06544424390243903,2683214,5,0.062498658536585365,512489,5,-0.3606044857880342,-0.29779525071658114,-0.2607935764982018,-0.178959010794127
5,toxicity,7,0000000000010001000111100,82,0,6,2,3,False,,0.0,0,0,0.0,0,0,0.0,0,0,0.0,0,0,0.0,0,0,0.0,0,0,0.0,0,0,0.0,0,0,,,,
5,toxicity,7,0000000000010001010010100,82,5,5,2,2,False,-0.1718858244180559,0.026673780487804877,218725,5,0.03769595489716633,1545534,5,0.042650306958551557,3497325,5,0.04962712098288544,10173560,5,0.07099240906348869,14553444,5,0.07691012007536292,6306630,5,0.08130324390243902,3333433,5,0.08680048780487805,711764,5,-1.702280837162282,-1.1089031971478591,-0.8506173202238889,-0.5165360091838841
5,toxicity,7,0000000000010001010011000,82,18,5,2,2,False,-0.14426184555720234,0.12991646341463414,1065315,18,0.15934711310703542,6533231,18,0.17206347180797424,14109204,18,0.19002454751171616,38955033,18,0.24869710001271123,50982906,18,0.2639361764893616,21642767,18,0.27188521951219513,11147294,18,0.285139756097561,2338146,18,-1.134084938387934,-0.7708248422738406,-0.6172482545049606,-0.3882038857815248
5,toxicity,7,0000000000010001010011010,82,1,6,2,3,False,0.15373922140642823,0.01577878048780488,129386,1,0.01484568437518872,608673,1,0.014659683641935787,1202094,1,0.014238004600234057,2918791,1,0.010419629166637764,2136024,1,0.009022024170194532,739806,1,0.00782119512195122,320669,1,0.005079024390243903,41648,1,1.6353623993564415,0.9245826207572944,0.7003309140571065,0.45044303930864416
5,toxicity,7,0000000000010001010011100,82,3,6,2,3,False,-0.11379531273606132,0.01106280487804878,90715,3,0.017537196832897253,719025,3,0.020968598583834076,1719425,3,0.026276072658027852,5386595,3,0.04703338490699137,9641844,3,0.05350535235352799,4387439,3,0.058691560975609756,2406354,3,0.06727109756097562,551623,3,-2.6042695818964154,-1.742734914846422,-1.3514527737466355,-0.8399355040894861
5,toxicity,7,0000000000010011000111000,82,18,6,2,2,False,0.10170800493030538,0.1303108536585366,1068549,18,0.15535525905904968,6369565,18,0.16845343504650903,13813181,18,0.1881414890118734,38569006,18,0.25527235848514773,52330834,18,0.2725167372556893,22346373,18,0.2813439024390244,11535100,18,0.29361975609756097,2407682,18,-1.17199179092529,-0.8567636160859602,-0.6939949913983509,-0.4402193002132384
5,toxicity,7,0000000000010011010011000,82,1,6,2,2,False,0.02554106473593585,0.007191219512195122,58968,1,0.009434927749749049,386832,1,0.010283122452835242,843216,1,0.011391590021627512,2335276,1,0.01258634134062106,2580200,1,0.012108353363210894,992885,1,0.011593756097560975,475344,1,0.009946097560975609,81558,1,-0.46789413387238055,-0.29726466530435725,-0.23572428069607576,-0.14388984394914558
5,toxicity,7,0000000001000010010010000,82,74,4,2,1,False,-0.19735584847662718,0.9140698780487805,7495373,74,0.9094933814139884,37289225,74,0.9077597759882817,74436298,74,0.9054764555028985,185622677,74,0.8987295375733704,184239557,74,0.897144173240386,73565824,74,0.896724731707317,36765714,74,0.9001576829268293,7381293,74,0.022126715276761934,0.020397951223459998,0.016970713644808982,0.010790109831063287
5,toxicity,7,0000000001000010110010000,82,21,5,2,2,False,0.21198918845191458,0.23268085365853658,1907983,21,0.24041599906497552,9857055,21,0.24477678023301366,20071695,21,0.25132991704722113,51522634,21,0.25920768527602256,53137576,21,0.25543132303826044,20945369,21,0.2508471219512195,10284732,21,0.23622487804878048,1937044,21,-0.021808408080077668,-0.06127547881863846,-0.061468741684477954,-0.044526080883916484
5,toxicity,7,0000000001000011000000010,82,59,4,2,1,False,-0.06019556683178647,0.6884432926829268,5645235,59,0.7069572640933917,28985245,59,0.711241802987405,58321825,59,0.7157555567657452,146729892,59,0.7197910466361849,147557166,59,0.7216325311796944,59173869,59,0.7236317073170732,29668900,59,0.7327356097560975,6008432,59,-0.0899549060537681,-0.0336326177446685,-0.02092425616764476,-0.008111191299193743
5,toxicity,7,0000000001000011000010000,82,63,4,2,1,False,-0.1506961984792827,0.6888071951219512,5648219,63,0.7254593146789575,29743829,63,0.7392825604528078,60621167,63,0.7539535657765158,154560484,63,0.7806266606768131,160028467,63,0.7832379199210263,64225511,63,0.7842714878048781,32155131,63,0.7869386585365854,6452897,63,-0.19215096990469605,-0.1124584450695317,-0.08332473289953253,-0.05015706181895048
5,toxicity,7,0000000001000011000010010,82,20,5,2,2,False,0.21625768766091355,0.28264817073170734,2317715,20,0.26761729440168724,10972308,20,0.2626235859816383,21535133,20,0.25498299502472205,52271515,20,0.2332294952855659,47812047,20,0.22450990915829488,18409813,20,0.21805358536585365,8940197,20,0.2065981707317073,1694105,20,0.4521798797559551,0.29548863892755634,0.22621736678395324,0.12865078606466737
5,toxicity,7,0000000001000011010010000,82,25,5,2,2,False,-0.10836824791048888,0.2751617073170732,2256326,25,0.2894653940941848,11868080,25,0.29457047778392575,24154778,25,0.30053206242864267,61609074,25,0.30580974335795374,62690998,25,0.30951823635321374,25380496,25,0.3134641707317073,12852031,25,0.32935207317073173,2700687,25,-0.25935091909589525,-0.11490966821768772,-0.07141156444059592,-0.025115459056854375
5,toxicity,7,0000000001000011110010000,82,0,6,2,3,False,,0.0,0,0,0.0,0,0,0.0,0,0,0.0,0,0,0.0,0,0,0.0,0,0,0.0,0,0,0.0,0,0,,,,
5,toxicity,7,0000000001000100100110000,82,22,5,2,2,False,0.12631283783782554,0.30319231707317074,2486177,22,0.2988598096448595,12253251,22,0.2949041241416646,24182137,22,0.2858913700313879,58607732,22,0.2491096463501498,51067478,22,0.23683450641867057,19420430,22,0.2290038780487805,9389159,22,0.2151760975609756,1764444,22,0.4947153682371176,0.3840968681987461,0.31636670347697093,0.19868618258455284
5,toxicity,7,0000000001000101000010000,82,63,4,2,1,False,-0.13201330196687963,0.7076332926829269,5802593,63,0.729313607737913,29901855,63,0.7384803530966025,60555386,63,0.7506273414511738,153878608,63,0.7878731581670911,161513999,63,0.7943387123332022,65135776,63,0.7976286097560975,32702773,63,0.8025482926829268,6580896,63,-0.18158628239049493,-0.12917784544936806,-0.10519477586777808,-0.06986654393421375
5,toxicity,7,0000000001000101000010010,82,26,5,2,2,False,0.0991994960812659,0.32414182926829266,2657963,26,0.3295033004393464,13509634,26,0.3298971746291305,27051567,26,0.32662431070001346,66957985,26,0.3065621970091493,62845251,26,0.29495927329367627,24186661,26,0.2855909024390244,11709227,26,0.26657768292682926,2185937,26,0.2820691995291871,0.20634289319587124,0.1615006550336862,0.091452369475597
5,toxicity,7,0000000001000101000010100,82,15,5,2,2,False,0.2535078131510285,0.21461134146341462,1759813,15,0.2113435328140032,8665084,15,0.20888653457983095,17128695,15,0.20280147896972725,41574304,15,0.15993153014700945,32785964,15,0.1433483135768704,11754562,15,0.13237456097560976,5427357,15,0.10852634146341464,889916,15,0.9836810640808038,0.6749640665893649,0.5431945631031342,0.342613782526071
5,toxicity,7,0000000001000101000010110,82,1,6,2,3,False,0.03061700475186003,0.006104146341463414,50054,1,0.008315561786884076,340938,1,0.009417939483801926,772271,1,0.01055128272095058,2163013,1,0.013980668156286164,2866037,1,0.014613060619193643,1198271,1,0.015123414634146341,620060,1,0.015918048780487803,130528,1,-1.3828020474859959,-0.8628982764316233,-0.6337750161852687,-0.40601491259986633
5,toxicity,7,0000000001000110100010000,82,15,5,2,2,False,-0.00999849622503885,0.1487801219512195,1219997,15,0.16114847913643698,6607087,15,0.16655067885613067,13657155,15,0.17423409416128596,35717990,15,0.1904352371664855,39039224,15,0.19514776353298138,16002117,15,0.19791890243902438,8114675,15,0.20334951219512196,1667466,15,-0.450779744666218,-0.29651883216603253,-0.2286056946311594,-0.12827349388342857
5,toxicity,7,0000000001000111000000010,82,47,5,2,2,False,0.2486945511745136,0.4769101219512195,3910663,47,0.5213159289088711,21373951,47,0.5381361238115182,44127160,47,0.5561009013443726,114000687,47,0.5929232917763582,121549276,47,0.5963871317954358,48903746,47,0.5948156097560976,24387440,47,0.5833767073170731,4783689,47,-0.2907103815543192,-0.19028456612451058,-0.1482779742583442,-0.09249879565264166
5,toxicity,7,0000000001000111000010000,82,17,5,2,2,False,-0.032820682488389194,0.23518280487804877,1928499,17,0.2286381686476262,9374164,17,0.22485221828547405,18437881,17,0.21941374693826834,44979819,17,0.19144396398591254,39246013,17,0.1843924589172571,15120182,17,0.18194065853658536,7459567,17,0.18164243902439026,1489468,17,0.3726812690755714,0.32959828573162975,0.28619746182594363,0.19673174345904593
5,toxicity,7,0000000001000111000010010,82,5,6,2,2,False,0.02771413513091448,0.03946853658536585,323642,5,0.04830812666420748,1980633,5,0.05206144156397276,4269038,5,0.056366379387973085,11555108,5,0.06477824327045616,13279540,5,0.06496613256180164,5327223,5,0.06487282926829269,2659786,5,0.0645740243902439,529507,5,-0.7102509137364895,-0.4253484520362858,-0.31947256396852947,-0.20067444298338785
5,toxicity,7,0000000001000111100010000,82,2,6,2,2,False,0.1315676906648219,0.036024268292682925,295399,2,0.035503905902820085,1455660,2,0.03436023338342602,2817539,2,0.03152014572643618,6461630,2,0.01608957545278463,3298363,2,0.011202109482875379,918573,2,0.008923268292682926,365854,2,0.004897439024390244,40159,2,2.8788696919522065,1.9923336263682712,1.6169694021350192,0.9701479458679514
5,toxicity,7,0000000001010000110010000,82,44,5,2,2,False,0.20697813163691758,0.46584146341463417,3819900,44,0.48853092571033424,20029766,44,0.4995711219302986,40964830,44,0.5139232875332042,105354276,44,0.5668126822749983,116196601,44,0.5819903516587719,47723210,44,0.5905693170731707,24213342,44,0.6061673170731707,4970572,44,-0.3798770119086622,-0.27365651073840597,-0.22030515274588716,-0.1413190116925675
5,toxicity,7,0000000001010000110110000,82,4,6,2,3,False,-0.21469579453513069,0.01587060975609756,130139,4,0.023201514458684337,951262,4,0.027376294018355805,2244856,4,0.03432037006204156,7035676,4,0.06482243351392748,13288599,4,0.07662205910677905,6283009,4,0.08555526829268292,3507766,4,0.10627560975609757,871460,4,-2.743381073105764,-1.8826377161347154,-1.484832637213267,-0.9174280733276278
5,toxicity,7,0000000001010001000010000,82,80,4,2,1,False,0.0119543510378352,0.9654475609756098,7916670,80,0.9686302164517284,39713835,80,0.9698042546245977,79523945,80,0.9716244590902544,199183018,80,0.9792075660565116,200737553,80,0.981742427274575,80502881,80,0.9835616829268292,40326029,80,0.9871042682926829,8094255,80,-0.032004585076414974,-0.022069523721128238,-0.01765098163514387,-0.011215897396258586
5,toxicity,7,0000000001010001000010010,82,23,5,2,2,False,0.13868740786771439,0.3247860975609756,2663246,23,0.30553998102829083,12527138,23,0.2987862218920108,24500469,23,0.2898125358085359,59411571,23,0.2715238851558645,55662397,23,0.265140517923402,21741523,23,0.26098434146341465,10700358,23,0.25324975609756095,2076648,23,0.35892899983508986,0.2273979237540039,0.17235646671998242,0.09404088661339945
5,toxicity,7,0000000001010001000110000,82,21,5,2,2,False,0.1266683878563967,0.2073869512195122,1700573,21,0.22601175375724428,9266481,21,0.2339629748274622,19184963,21,0.2447027269326297,50164060,21,0.26776250470475604,54891314,21,0.272109883607076,22313011,21,0.27293946341463415,11190518,21,0.2680573170731707,2198070,21,-0.3702163937342165,-0.2721832021505812,-0.21790912117486316,-0.12992377276543954
5,toxicity,7,0000000001010001010010000,82,20,5,2,2,False,0.08426445692836045,0.22026926829268292,1806208,20,0.2352762180757286,9646324,20,0.24077262150110348,19743354,20,0.24624635129275413,50480503,20,0.23706998793102452,48599348,20,0.233205921141319,19122886,20,0.22978434146341464,9421158,20,0.22376707317073172,1834890,20,-0.022729536575207383,0.03407500944853565,0.046066931811878584,0.054789312653993213
5,toxicity,7,0000000001010001010110000,82,1,6,2,3,False,-0.1167390069162828,0.008605731707317073,70567,1,0.010239269291636028,419810,1,0.010210732205401571,837280,1,0.010619258329380325,2176948,1,0.013300799870236099,2726664,1,0.015352024015804292,1258866,1,0.016934756097560975,694325,1,0.02209841463414634,181207,1,-1.3605731041426465,-0.7258744451116448,-0.588342548805132,-0.32482999878871144
5,toxicity,7,0000000001010001100010000,82,17,5,2,2,False,0.07629731486030567,0.21745121951219512,1783100,17,0.21703085044203418,8898264,17,0.21692147399616946,17787560,17,0.21555995189151314,44189791,17,0.19531813467982306,40040218,17,0.18835430028404146,15445053,17,0.1843920731707317,7560075,17,0.17819914634146342,1461233,17,0.28720137408001395,0.23512349597174897,0.20372390713087574,0.14226326468101178
5,toxicity,7,0000000001010001100110000,82,4,6,2,3,False,-0.21469579453513069,0.01587060975609756,130139,4,0.023201514458684337,951262,4,0.027376294018355805,2244856,4,0.03432037006204156,7035676,4,0.06482243351392748,13288599,4,0.07662205910677905,6283009,4,0.08555526829268292,3507766,4,0.10627560975609757,871460,4,-2.743381073105764,-1.8826377161347154,-1.484832637213267,-0.9174280733276278
5,toxicity,7,0000000001010001110010000,82,4,6,2,3,False,-0.2662366194301243,0.023476463414634146,192507,4,0.029789344369692133,1221363,4,0.032728940620923935,2683773,4,0.037266457809434966,7639624,4,0.06240208231802846,12792427,4,0.07425082745729689,6088568,4,0.08464763414634147,3470553,4,0.11289439024390244,925734,4,-2.265686803182,-1.5066733743462357,-1.1818401979138846,-0.7437164748245656
5,toxicity,7,0000000001010010110010000,82,4,6,2,2,False,0.01161399975212744,0.0266359756097561,218415,4,0.034279466758972366,1405458,4,0.03777840428187338,3097829,4,0.04240774551399521,8693588,4,0.05444279459080201,11160773,4,0.05707651080301193,4680274,4,0.058971073170731705,2417814,4,0.06288012195121952,515617,4,-1.2392278913869228,-0.7826627814367182,-0.5953353776180118,-0.36041333516195617
5,toxicity,7,0000000001010011000010000,82,41,5,2,2,False,-0.029530695937981306,0.40593341463414634,3328654,41,0.43712516459757705,17922130,41,0.4507342658894764,36960208,41,0.46962261034882713,96272637,41,0.5360746142821989,109895297,41,0.5554314864528905,45545383,41,0.5657673414634147,23196461,41,0.5847085365853658,4794610,41,-0.5264745532593481,-0.3721624663799632,-0.30133183204213465,-0.1909319483474836
5,toxicity,7,0000000001010011000010010,82,3,6,2,2,False,0.052623318216890425,0.024128048780487805,197850,3,0.02808351493497707,1151424,3,0.03023324537723148,2479126,3,0.0328570383832773,6735693,3,0.04059640936003503,8322264,3,0.041545986791561296,3406771,3,0.04169439024390244,1709470,3,0.04015829268292683,329298,3,-0.7349866844032601,-0.5701297750934533,-0.4585732711576517,-0.30514968393059066
5,toxicity,7,0000000001010011010010000,82,2,6,2,2,False,0.25152305290971516,0.039575,324515,2,0.03575373519548636,1465903,2,0.03364261139720055,2758694,2,0.03016015063102145,6182831,2,0.018296038845892305,3750688,2,0.014833036223584482,1216309,2,0.013281658536585366,544548,2,0.010187926829268293,83541,2,1.9577288471837315,1.4286586548928786,1.1814757563297515,0.7211123000054565
5,toxicity,7,0000000001010011100010000,82,3,6,2,2,False,0.12888369871550145,0.051208658536585364,419911,3,0.04511756537732345,1849820,3,0.0429329533138026,3520502,3,0.04023053580037979,8247260,3,0.03376023869502206,6920849,3,0.031975499220109775,2621991,3,0.030468024390243903,1249189,3,0.026593536585365854,218067,3,0.9453121175673881,0.5663932637663883,0.4251185342330368,0.2529658478982054
5,toxicity,7,0000000001010101000010000,82,31,5,2,2,False,-0.1704433509689778,0.2562221951219512,2101022,31,0.3033988832584276,12439353,31,0.3206311375917628,26291752,31,0.34344879329856015,70407004,31,0.4089712545466219,83839108,31,0.4231071969973854,34694791,31,0.4308504634146341,17664869,31,0.44255146341463414,3628922,31,-0.788449779196735,-0.5059714602506056,-0.40010868858472803,-0.25190442809924957
5,toxicity,7,0000000001010101000010010,82,5,6,2,2,False,0.05562274282756397,0.06322085365853658,518411,5,0.06332844520277514,2596466,5,0.06306577136906202,5171393,5,0.06204481830156452,12719188,5,0.060171570144667605,12335172,5,0.059288364407600866,4861646,5,0.058976243902439024,2418026,5,0.05847487804878049,479494,5,0.11258356800197981,0.10271971725636343,0.08910820458183691,0.04422872451096902
5,toxicity,7,0000000001010101000110000,82,5,6,2,2,False,0.032144499580557755,0.051088170731707315,418923,5,0.056996468975265266,2336855,5,0.05908563702856766,4845022,5,0.06079710125273949,12463406,5,0.05991462868375972,12282499,5,0.058167059556900984,4769699,5,0.056845634146341466,2330671,5,0.05370365853658537,440370,5,-0.0720310951070638,0.003822993093964849,0.022605096756430472,0.021094246286826112
5,toxicity,7,0000000001010101100010000,82,6,6,2,2,False,0.1331689904043451,0.07836426829268292,642587,6,0.08024571514592344,3290074,6,0.08050819904918044,6601672,6,0.07954748137468329,16307234,6,0.06610909203796007,13552364,6,0.060598083887851616,4969043,6,0.05613780487804878,2301650,6,0.04678109756097561,383605,6,0.7442702694265355,0.5154517070394621,0.409863540075409,0.2669675523793763
5,toxicity,7,0000000001010111000010000,82,2,6,2,3,False,0.08949374436972604,0.021316463414634147,174795,2,0.022739050998931806,932301,2,0.02318034259416305,1900788,2,0.023733960512508086,4865462,2,0.024796853416616065,5083355,2,0.024764999395975623,2030730,2,0.024974682926829268,1023962,2,0.024592560975609756,201659,2,-0.20625387713808818,-0.13529431654177976,-0.09540069695330448,-0.06320419746073054
5,toxicity,7,0000000001010111000010010,82,1,7,2,3,False,-0.04985234738507935,0.004466219512195122,36623,1,0.006461317703543191,264914,1,0.007473000364536603,612786,1,0.009104307139428154,1866383,1,0.015040585219116241,3083320,1,0.01687610934448514,1383841,1,0.01815712195121951,744442,1,0.020060243902439025,164494,1,-2.167213081390476,-1.4906352227330313,-1.1752228424901545,-0.7242395686202968
5,toxicity,7,0000000001100001000000110,82,9,5,2,2,False,-0.05590296201783607,0.10241926829268293,839838,9,0.11226340119642939,4602799,9,0.11500229829279504,9430188,9,0.11558089042768994,23694083,9,0.10202243802904938,20914600,9,0.09818337565406401,8051037,9,0.09778036585365854,4008995,9,0.10330256097560976,847081,9,-0.01238886324058576,0.1992709653550122,0.22811201922979416,0.180016407171535
5,toxicity,7,0000000001100001010000110,82,5,6,2,2,False,0.027208269042919953,0.040083414634146344,328684,5,0.04917812674908554,2016303,5,0.053067356247188106,4351523,5,0.0572645549802038,11739234,5,0.06323764328548641,12963717,5,0.06208335214430848,5090835,5,0.06097939024390244,2500155,5,0.05755280487804878,471933,5,-0.5218808264998368,-0.3103049422820794,-0.22638177968893258,-0.14314117209890057
5,toxicity,7,0000000011000111000010000,82,1,6,2,2,False,0.054795555034001645,0.0044797560975609755,36734,1,0.0076442202579727085,313413,1,0.008980122389274262,736370,1,0.010656746133526905,2184633,1,0.013392316942513981,2745425,1,0.012771402127526777,1047255,1,0.011989414634146342,491566,1,0.009494512195121952,77855,1,-1.0836736939191571,-0.6493199696168085,-0.5081099096003546,-0.3296385746722141
5,toxicity,7,0000000011010011000010000,82,11,6,2,2,False,0.21368323203861875,0.07465121951219512,612140,11,0.09483874095987717,3888388,11,0.10469824900967069,8585256,11,0.11749879770734054,24087254,11,0.15227849607533175,31217092,11,0.15797693517129427,12954109,11,0.1598948780487805,6555690,11,0.1595990243902439,1308712,11,-1.0962140988429454,-0.7535753099263524,-0.593476623902984,-0.3740662321581447
5,toxicity,7,0000000011010011000010010,82,1,7,2,2,False,-0.04985234738507935,0.004466219512195122,36623,1,0.006461317703543191,264914,1,0.007473000364536603,612786,1,0.009104307139428154,1866383,1,0.015040585219116241,3083320,1,0.01687610934448514,1383841,1,0.01815712195121951,744442,1,0.020060243902439025,164494,1,-2.167213081390476,-1.4906352227330313,-1.1752228424901545,-0.7242395686202968
5,toxicity,7,0000000001000100100010000,82,78,4,1,1,True,0.13468804242918045,0.9388603658536585,7698655,78,0.9435167018065075,38684181,78,0.9448949119460933,77481379,78,0.946529815677467,194038616,78,0.9570575272482192,196196795,78,0.9618786594663742,78874052,78,0.9649543414634146,39563128,78,0.9712460975609756,7964218,78,-0.0489262910970372,-0.032412624164719975,-0.025701023648001958,-0.0159576939652881
