k,task,size_class,parent_iso_key,typed_motif,n_topo_in_size,n_topo_with_motif_in_size,partial_r,presence_rate_top_01,presence_designs_top_01,presence_rate_top_05,presence_designs_top_05,presence_rate_top_10,presence_designs_top_10,presence_rate_top_25,presence_designs_top_25,presence_rate_bot_25,presence_designs_bot_25,presence_rate_bot_10,presence_designs_bot_10,presence_rate_bot_05,presence_designs_bot_05,presence_rate_bot_01,presence_designs_bot_01
3,toxicity,4,000000110,"NOR-in(0,2)/NOR-mid(1,0)/NOR-out(1,0)|edges=011000000",27,1,7.265737845443343e-05,0.012736012686456216,257,0.019148619852321722,1932,0.022989360173250276,4639,0.0271771450319941,13710,0.044196879893749874,22296,0.05088508731936488,10268,0.055650260659279666,5615,0.06100703736742987,1231
3,toxicity,4,000000110,"NOR-mid(0,2)/NOR-out(1,0)/NOR-out(1,0)|edges=011000000",27,3,-0.036092355117858174,0.04945735665791169,998,0.06349174884781209,6406,0.07231811446610073,14593,0.08349389852280026,42120,0.13026939163874957,65717,0.14603940769520488,29469,0.1583480346488533,15977,0.2047774804242244,4132
3,toxicity,4,000000110,"NOR-mid(0,2)/NOR-out(1,0)/NOT-out(1,0)|edges=011000000",27,1,0.050644978139068174,0.0562465929927152,1135,0.05495812478319045,5545,0.05301081823092438,10697,0.04942830863404617,24935,0.027759827145320833,14004,0.019892164053362936,4014,0.01198239806537295,1209,0.0006442660323124195,13
3,toxicity,4,000001100,"NOR-in(0,1)/NOR-in(1,1)/NOR-mid(1,0)|edges=010001000",27,2,-0.09028758917528197,0.018484563159720503,373,0.031656672778631254,3194,0.03822805009192771,7714,0.049329194319560406,24885,0.08936904077546733,45084,0.10135885186433287,20453,0.11006164641519157,11105,0.13658439885023294,2756
3,toxicity,4,000001100,"NOR-in(0,1)/NOR-in(1,1)/NOR-out(1,0)|edges=010001000",27,3,0.4836118412356984,0.17562812825214333,3544,0.15717329897418109,15858,0.14876925897843787,30020,0.14102579350920177,71143,0.09113525085733543,45975,0.06569766289373005,13257,0.0439453705722611,4434,0.00847457627118644,171
3,toxicity,4,000001100,"NOR-in(0,1)/NOR-in(1,1)/NOT-mid(1,0)|edges=010001000",27,1,0.48007638385328966,0.08424599831508003,1700,0.06876455721294415,6938,0.061321479367061636,12374,0.05369418872951307,27087,0.027967966380557815,14109,0.020893214660931275,4216,0.01452952486669706,1466,0.0028744176826246406,58
3,toxicity,4,000001100,"NOR-in(0,1)/NOR-mid(1,1)/NOR-out(1,0)|edges=010001000",27,16,-0.05095221671475433,0.44452153228603997,8970,0.4884285643490758,49280,0.5096462146103108,102841,0.5385277163269028,271670,0.6237219259817234,314649,0.6460096735187424,130357,0.6582687466550378,66418,0.6822777282188522,13767
3,toxicity,4,000001100,"NOR-in(0,1)/NOR-mid(1,1)/NOT-out(1,0)|edges=010001000",27,1,-0.33420948797303146,0.027256058278408248,550,0.04607760543138907,4649,0.04750506717412743,9586,0.044425018038805233,22411,0.028673657501932723,14465,0.023395841179852123,4721,0.023905330135384248,2412,0.02056695410843493,415
3,toxicity,4,000001100,"NOR-in(1,1)/NOR-mid(1,0)/NOT-in(0,1)|edges=010000100",27,4,-0.11397048525277619,0.14316864066603896,2889,0.15346647504831756,15484,0.15348210259231176,30971,0.15030884020393762,75826,0.1435566039605923,72420,0.1436804963625191,28993,0.14815952744355687,14949,0.15179898899791852,3063
3,toxicity,4,000001100,"NOR-mid(1,1)/NOR-out(1,0)/NOT-in(0,1)|edges=010000100",27,5,-0.3504967639336709,0.1099162495663809,2218,0.12748897368551465,12863,0.13843172819132857,27934,0.15347455140861263,77423,0.20656530616290364,104206,0.22544948163419035,45493,0.24015342226803307,24231,0.27792645455446524,5608
3,toxicity,4,000001100,"NOR-out(1,0)/NOT-in(0,1)/NOT-mid(1,1)|edges=000001100",27,2,0.04404930814657243,0.12815303037811587,2586,0.11215620199217008,11316,0.10523368469044397,21235,0.09597437300284656,48416,0.06043966935595774,30490,0.04913572660415882,9915,0.04112073579258261,4149,0.013777381306373277,278
3,toxicity,4,000100100,"NOR-in(0,1)/NOR-in(0,1)/NOR-mid(2,0)|edges=001001000",27,1,-0.22876901904496597,0.0151147232271173,305,0.02686951781555082,2711,0.03074498609934139,6204,0.034894185557855006,17603,0.03600015858227447,18161,0.03171645489325431,6400,0.026492100933616126,2673,0.00951531370799881,192
3,toxicity,4,000100100,"NOR-mid(0,1)/NOR-mid(0,1)/NOR-out(2,0)|edges=001001000",27,1,0.050644978139068174,0.0562465929927152,1135,0.05495812478319045,5545,0.05301081823092438,10697,0.04942830863404617,24935,0.027759827145320833,14004,0.019892164053362936,4014,0.01198239806537295,1209,0.0006442660323124195,13
3,toxicity,4,000100100,"NOR-mid(0,1)/NOR-out(2,0)/NOT-mid(0,1)|edges=010000010",27,2,-0.08440247950129345,0.07750631844987363,1564,0.08910253233559641,8990,0.08874616554916274,17908,0.08505197554651633,42906,0.06339326421789204,31980,0.05318948599520289,10733,0.04972348312156832,5017,0.02616711269699673,528
3,toxicity,4,000100110,"NOR-in(0,2)/NOR-in(1,1)/NOR-mid(2,0)|edges=011001000",27,2,0.2335216853172009,0.09138212993706328,1844,0.08840874176123693,8920,0.08744777961137624,17646,0.0873316047796887,44056,0.06316728447677761,31866,0.04480444823279878,9041,0.029415845705564034,2968,0.0056001585885618,113
3,toxicity,4,000100110,"NOR-in(0,2)/NOR-mid(1,1)/NOR-out(2,0)|edges=011001000",27,2,0.2335216853172009,0.09138212993706328,1844,0.08840874176123693,8920,0.08744777961137624,17646,0.0873316047796887,44056,0.06316728447677761,31866,0.04480444823279878,9041,0.029415845705564034,2968,0.0056001585885618,113
3,toxicity,4,000100110,"NOR-in(0,2)/NOR-out(2,0)/NOT-mid(1,1)|edges=011000010",27,1,0.48007638385328966,0.08424599831508003,1700,0.06876455721294415,6938,0.061321479367061636,12374,0.05369418872951307,27087,0.027967966380557815,14109,0.020893214660931275,4216,0.01452952486669706,1466,0.0028744176826246406,58
3,toxicity,4,000100110,"NOR-out(2,0)/NOT-in(0,2)/NOT-mid(1,1)|edges=000101100",27,1,0.5141229501261346,0.14966053818325983,3020,0.10212597254571584,10304,0.08485100773580324,17122,0.06447584385927353,32526,0.02487164747160386,12547,0.015223898348762067,3072,0.010039842216892306,1013,0.0019327980969372585,39
3,toxicity,5,000000110,"NOR-in(0,2)/NOR-in(1,0)/NOR-in(1,0)|edges=011000000",43,1,-0.08447126237420358,0.008114899539934337,3055,0.013206797410065215,24860,0.015366826810825629,57852,0.018449531324274814,173644,0.027149204921757604,255524,0.030044361711707046,113109,0.032259829619225106,60725,0.0337638258763029,12711
3,toxicity,5,000000110,"NOR-in(0,2)/NOR-in(1,0)/NOR-mid(1,0)|edges=011000000",43,4,0.07121835746776045,0.06841750162032365,25757,0.07569418029669076,142484,0.07955092698472906,299488,0.08485834541563507,798673,0.09606887749166183,904185,0.09747411038179865,366964,0.09762151158219523,183760,0.10095147529139263,38005
3,toxicity,5,000000110,"NOR-in(0,2)/NOR-in(1,0)/NOR-out(1,0)|edges=011000000",43,3,0.09793153889744823,0.07322534717426182,27567,0.07811560357082901,147042,0.07980512827868537,300445,0.0782016222548667,736021,0.05920945753333487,557270,0.04776354657820355,179817,0.04148436122084264,78089,0.029428796072973003,11079
3,toxicity,5,000000110,"NOR-in(0,2)/NOR-mid(1,0)/NOR-mid(1,0)|edges=011000000",43,1,-0.26745762657100425,0.004520968581658999,1702,0.009325507712642189,17554,0.01182341483446502,44512,0.015700333983649103,147769,0.028050410116362993,264006,0.03154539777455666,118760,0.033056165306326275,62224,0.034823676912778774,13110
3,toxicity,5,000000110,"NOR-in(0,2)/NOR-mid(1,0)/NOR-out(1,0)|edges=011000000",43,2,0.01833941751823788,0.031896469288226356,12008,0.03805693266552059,71637,0.039242623580477025,147738,0.041614719675370525,391671,0.050608271006703155,476317,0.05313364852168799,200034,0.05435801212512723,102322,0.0527534876802278,19860
3,toxicity,5,000000110,"NOR-in(1,0)/NOR-out(1,0)/NOT-in(0,2)|edges=000000110",43,2,-0.0036208095480852456,0.04262779306607733,16048,0.04704509861004567,88556,0.047513860876720874,178877,0.04748084274293714,446882,0.04369782702448968,411277,0.039710120213040344,149498,0.036322257237145474,68372,0.02876738527577377,10830
3,toxicity,5,000000110,"NOR-mid(0,2)/NOR-out(1,0)/NOR-out(1,0)|edges=011000000",43,2,-0.02082057525582541,0.03263491186501907,12286,0.03948279928855418,74321,0.04119123454438867,155074,0.04298660899178248,404583,0.049691659686983664,467690,0.05190434487651581,195406,0.052850871134929756,99485,0.05260739292582636,19805
3,toxicity,5,000000110,"NOR-mid(0,2)/NOR-out(1,0)/NOT-out(1,0)|edges=011000000",43,2,0.08217691562593957,0.10698386051404103,40276,0.08445816005830965,158981,0.07587178161107308,285637,0.06477725179715163,609673,0.033674389526979896,316938,0.02495130464763371,93935,0.01980851818875334,37287,0.012550867537214318,4725
3,toxicity,5,000000110,"NOR-out(1,0)/NOR-out(1,0)/NOT-mid(0,2)|edges=000000110",43,1,-0.13000337502332016,0.010861480922681344,4089,0.016459090802841532,30982,0.01858777235995222,69978,0.020613083225614382,194007,0.025015190970608194,235439,0.02655433997576986,99970,0.02729694236845852,51383,0.027484407705302975,10347
3,toxicity,5,000000110,"NOR-out(1,0)/NOT-in(0,2)/NOT-mid(1,0)|edges=000101000",43,1,0.11526382188594544,0.022740312589649054,8561,0.026789186363530115,50427,0.02682182242406035,100977,0.025825030137577802,243061,0.02029316049856771,190996,0.01902100361433334,71609,0.017697883308931496,33314,0.014418224125290861,5428
3,toxicity,5,000001100,"NOR-in(0,1)/NOR-in(1,0)/NOR-in(1,1)|edges=001000010",43,3,-0.191487307369618,0.02924816983116759,11011,0.04134641333982163,77829,0.046651382714258886,175630,0.054319358237997724,511245,0.07905169668718373,744022,0.08336102454012011,313832,0.0852344807508824,160443,0.08844576431462967,33297
3,toxicity,5,000001100,"NOR-in(0,1)/NOR-in(1,0)/NOT-in(1,1)|edges=001000010",43,2,0.17063310169293114,0.09022015151354165,33965,0.07324353844421164,137871,0.06803377556921035,256129,0.0607144959358629,571435,0.0346248943219504,325884,0.028508794647588553,107328,0.025148589120535154,47339,0.019095912534398674,7189
3,toxicity,5,000001100,"NOR-in(0,1)/NOR-in(1,1)/NOR-mid(1,0)|edges=010001000",43,15,-0.2975594990547187,0.19690916625051796,74130,0.2368346398464909,445809,0.25520906794718246,960794,0.28718311981145445,2702921,0.39178254286276193,3687395,0.41979497616431233,1580416,0.4355727773256296,819910,0.47004791907944365,176958
3,toxicity,5,000001100,"NOR-in(0,1)/NOR-in(1,1)/NOR-out(1,0)|edges=010001000",43,2,0.0645023256741293,0.03176896841165783,11960,0.038503711290696165,72478,0.04108950090218881,154691,0.04487550678199093,422361,0.0456107365179671,429281,0.039625120825301556,149178,0.03407084253271936,64134,0.024514699788561047,9229
3,toxicity,5,000001100,"NOR-in(0,1)/NOR-in(1,1)/NOT-in(1,0)|edges=010001000",43,3,0.07095923172809894,0.07702381078869917,28997,0.0792843467044631,149242,0.08015814136088802,301774,0.07858953798397295,739672,0.060592608821164747,570288,0.05331905343619322,200732,0.04905034711523546,92331,0.04010699448558709,15099
3,toxicity,5,000001100,"NOR-in(0,1)/NOR-in(1,1)/NOT-mid(1,0)|edges=010001000",43,4,0.02622968012323187,0.11232295972034807,42286,0.11031394565556928,207651,0.11000408262684233,414136,0.10656749510563186,1002996,0.08302010201829801,781372,0.0726718202857945,273590,0.06459615846389555,121594,0.04445796189848805,16737
3,toxicity,5,000001100,"NOR-in(0,1)/NOR-mid(1,0)/NOT-in(1,1)|edges=001000010",43,2,0.13589583316488807,0.0482325190985688,18158,0.04980067617102749,93743,0.05075605627278216,191083,0.050269671024936895,473130,0.04097986780694659,385696,0.03662543930738249,137885,0.03505258259260125,65982,0.031179276857528394,11738
3,toxicity,5,000001100,"NOR-in(0,1)/NOR-mid(1,1)/NOR-out(1,0)|edges=010001000",43,26,-0.2540952892269598,0.48629631203714524,183075,0.5137869190018509,967134,0.5250377649623492,1976627,0.5483310486219588,5160803,0.6492214434986736,6110369,0.6846650213972677,2577581,0.7098612814045258,1336223,0.7521781399747123,283171
3,toxicity,5,000001100,"NOR-in(0,1)/NOR-mid(1,1)/NOT-out(1,0)|edges=010001000",43,1,0.12586682019942977,0.05786680408427808,21785,0.041848972887284286,78775,0.036668735870511934,138048,0.030884828234400124,290683,0.0190242270348596,179053,0.015891698030112627,59828,0.013753391996906032,25889,0.010149601028507071,3821
3,toxicity,5,000001100,"NOR-in(0,1)/NOR-out(1,0)/NOT-in(1,1)|edges=001000010",43,1,0.11526382188594544,0.022740312589649054,8561,0.026789186363530115,50427,0.02682182242406035,100977,0.025825030137577802,243061,0.02029316049856771,190996,0.01902100361433334,71609,0.017697883308931496,33314,0.014418224125290861,5428
3,toxicity,5,000001100,"NOR-in(0,1)/NOR-out(1,0)/NOT-mid(1,1)|edges=001000010",43,6,-0.03719358554702374,0.1909325626613683,71880,0.18067387604097826,340094,0.17603373200702413,662720,0.166162231011626,1563892,0.11929695794903462,1122804,0.10236954386937931,385394,0.09022021152035836,169828,0.06508122868344719,24501
3,toxicity,5,000001100,"NOR-in(0,1)/NOT-in(1,1)/NOT-mid(1,0)|edges=010001000",43,2,0.031530580090676635,0.051531604279779424,19400,0.05627285689696573,105926,0.0562239075121662,211668,0.05414489709661386,509603,0.03990590151278586,375588,0.03571461774314407,134456,0.031695647831565706,59663,0.023345941753349555,8789
3,toxicity,5,000001100,"NOR-in(1,0)/NOR-in(1,1)/NOT-in(0,1)|edges=000100010",43,3,0.012801483680412295,0.08523433598605991,32088,0.0707126783130149,133107,0.06659462968555804,250711,0.0646651589200749,608618,0.07645486148777907,719581,0.0855550712361275,322092,0.0910988901237375,171482,0.10477915785671027,39446
3,toxicity,5,000001100,"NOR-in(1,0)/NOT-in(0,1)/NOT-in(1,1)|edges=000001100",43,1,-0.009607432354328795,0.026196117598308487,9862,0.024590886778540176,46289,0.02418976325811153,91068,0.023651809561533038,222607,0.023325404668438406,219535,0.023954155580223086,90181,0.024652937889003874,46406,0.019627166186767533,7389
3,toxicity,5,000001100,"NOR-in(1,1)/NOR-mid(1,0)/NOT-in(0,1)|edges=010000100",43,11,0.10304764593828933,0.2718318688440983,102336,0.2636684509478507,496320,0.26059165417574104,981058,0.25941500480565005,2441572,0.2515590732992621,2367634,0.2437851502350897,917786,0.24124030744188715,454104,0.2383735138179075,89740
3,toxicity,5,000001100,"NOR-in(1,1)/NOR-out(1,0)/NOT-in(0,1)|edges=010000100",43,4,0.3034163656028801,0.16717224305917103,62935,0.13740275525881285,258642,0.1283105601379965,483055,0.11630608176638825,1094654,0.07586209754287179,714002,0.05984541267601182,225302,0.047741891613347416,89868,0.03211693955395943,12091
3,toxicity,5,000001100,"NOR-in(1,1)/NOT-in(0,1)/NOT-mid(1,0)|edges=001100000",43,3,0.3302436309372516,0.16489582115877047,62078,0.1266497871825003,238401,0.11404766287542835,429359,0.09713288732763993,914199,0.051878054463521006,488268,0.040858408816773994,153821,0.033239975945243555,62570,0.025824240041650286,9722
3,toxicity,5,000001100,"NOR-mid(1,0)/NOT-in(0,1)/NOT-in(1,1)|edges=000001100",43,1,0.09042177337997291,0.04470499484683957,16830,0.03948279928855418,74321,0.03695374944252355,139121,0.03230580466854614,304057,0.018026972618853207,169667,0.014427052330138685,54314,0.011852598742437733,22311,5.3125365236886005e-06,2
3,toxicity,5,000001100,"NOR-mid(1,1)/NOR-out(1,0)/NOT-in(0,1)|edges=010000100",43,9,-0.049860173559284925,0.21034988365545013,79190,0.2190410568837908,412315,0.21977999502222337,827413,0.21590862486158388,2032097,0.20285893057479404,1909276,0.19953579709371155,751199,0.19825358643243737,373187,0.1856386200155126,69887
3,toxicity,5,000001100,"NOR-out(1,0)/NOT-in(0,1)/NOT-mid(1,1)|edges=000001100",43,2,0.031530580090676635,0.051531604279779424,19400,0.05627285689696573,105926,0.0562239075121662,211668,0.05414489709661386,509603,0.03990590151278586,375588,0.03571461774314407,134456,0.031695647831565706,59663,0.023345941753349555,8789
3,toxicity,5,000100100,"NOR-in(0,1)/NOR-in(0,1)/NOR-in(2,0)|edges=001001000",43,1,0.13629268224116242,0.015499325307861491,5835,0.017564084311004674,33062,0.018317102434621525,68959,0.02002488780618621,188471,0.025157033570796617,236774,0.026169717746251858,98522,0.025428023791259115,47865,0.02435532369285039,9169
3,toxicity,5,000100100,"NOR-in(0,1)/NOR-in(0,1)/NOR-mid(2,0)|edges=001001000",43,5,0.013960599728066674,0.08129509015374481,30605,0.08959850485878396,168657,0.09388793308848198,353463,0.10182941950339562,958402,0.12731292421960805,1198249,0.13292230816899897,500417,0.13629027631095236,256549,0.1478797666733959,55672
3,toxicity,5,000100100,"NOR-in(0,1)/NOR-in(2,0)/NOT-in(0,1)|edges=010000010",43,2,0.0645023256741293,0.03176896841165783,11960,0.038503711290696165,72478,0.04108950090218881,154691,0.04487550678199093,422361,0.0456107365179671,429281,0.039625120825301556,149178,0.03407084253271936,64134,0.024514699788561047,9229
3,toxicity,5,000100100,"NOR-in(0,1)/NOR-mid(0,1)/NOR-out(2,0)|edges=001001000",43,1,-0.290769825195944,0.005166441769287164,1945,0.011369745702743997,21402,0.013943618312374343,52494,0.017048742232919863,160460,0.02653816612499085,249773,0.02748641138694298,103479,0.02841946225294469,53496,0.02770487797103605,10430
3,toxicity,5,000100100,"NOR-in(0,1)/NOR-mid(2,0)/NOT-in(0,1)|edges=010000010",43,4,0.06787037175447429,0.11428859823411286,43026,0.11222430943218209,211247,0.11020515930346189,414893,0.10454493585631201,983960,0.08460778289815989,796315,0.07892883771571584,297146,0.0757337019462678,142559,0.05896649914468162,22199
3,toxicity,5,000100100,"NOR-in(0,1)/NOR-out(2,0)/NOT-mid(0,1)|edges=010000010",43,1,0.07172591777977573,0.028424726669995855,10701,0.03058919528847768,57580,0.03104522950233124,116877,0.02959464453170571,278540,0.01739829646505928,163750,0.011163341464056016,42027,0.00695717955855697,13096,0.0011182889382364504,421
3,toxicity,5,000100100,"NOR-in(2,0)/NOT-in(0,1)/NOT-in(0,1)|edges=000100100",43,1,0.014652574866816396,0.031628186193780085,11907,0.031109817229823776,58560,0.029997080802277348,112931,0.02786618299209995,262272,0.017810543123284808,167630,0.01231534879100324,46364,0.008146636265307814,15335,0.0,0
3,toxicity,5,000100100,"NOR-mid(0,1)/NOR-mid(0,1)/NOR-out(2,0)|edges=001001000",43,2,-0.35428294864511545,0.00922256340512341,3472,0.018886357792647968,35551,0.02385029695332976,89790,0.031729827903965196,298636,0.05633276210254721,530195,0.06403110127597363,241060,0.06775493898124281,127540,0.07442863669687728,28020
3,toxicity,5,000100100,"NOR-mid(0,1)/NOR-out(2,0)/NOT-in(0,1)|edges=010000010",43,2,-0.0036208095480852456,0.04262779306607733,16048,0.04704509861004567,88556,0.047513860876720874,178877,0.04748084274293714,446882,0.04369782702448968,411277,0.039710120213040344,149498,0.036322257237145474,68372,0.02876738527577377,10830
3,toxicity,5,000100100,"NOR-mid(0,1)/NOR-out(2,0)/NOT-mid(0,1)|edges=010000010",43,4,0.04594913469090791,0.10677401532135533,40197,0.10957073127195378,206252,0.10874423232670152,409393,0.10547514736228991,992715,0.08331855584895664,784181,0.07364267266762344,277245,0.06717694483343356,126452,0.049905968103530714,18788
3,toxicity,5,000100100,"NOR-mid(2,0)/NOT-in(0,1)/NOT-in(0,1)|edges=000100100",43,2,-0.018266777993398518,0.03300413315341543,12425,0.03988229694150547,75073,0.041847057945410736,157543,0.043025814936466185,404952,0.04813075359007871,452999,0.04913867729796509,184994,0.04911728393750013,92457,0.049369401914638164,18586
3,toxicity,5,000100110,"NOR-in(0,2)/NOR-in(1,1)/NOR-in(2,0)|edges=011001000",43,1,0.07172591777977573,0.028424726669995855,10701,0.03058919528847768,57580,0.03104522950233124,116877,0.02959464453170571,278540,0.01739829646505928,163750,0.011163341464056016,42027,0.00695717955855697,13096,0.0011182889382364504,421
3,toxicity,5,000100110,"NOR-in(0,2)/NOR-in(1,1)/NOR-mid(2,0)|edges=011001000",43,2,0.10353163436802637,0.032353347429263574,12180,0.03823118164180785,71965,0.039739073129488864,149607,0.04209910965318358,396230,0.04957021692142908,466547,0.05063121342204082,190613,0.05092989058485783,95869,0.05069222350903663,19084
3,toxicity,5,000100110,"NOR-in(0,2)/NOR-in(2,0)/NOT-in(1,1)|edges=011000010",43,1,0.17178159843395935,0.03105177598095987,11690,0.029258953103650516,55076,0.028577325403952948,107586,0.027409311549986305,257972,0.01950266690650639,183556,0.01573205855501572,59227,0.013682736462293319,25756,0.009857411519704198,3711
3,toxicity,5,000100110,"NOR-in(0,2)/NOR-mid(1,1)/NOR-out(2,0)|edges=011001000",43,3,0.28028777916064473,0.07140314714663663,26881,0.07466037387030351,140538,0.0759057813661686,285765,0.07643374227223206,719382,0.06088373146125184,573028,0.04873891455250611,183489,0.040178561942060334,75631,0.025120328952261548,9457
3,toxicity,5,000100110,"NOR-in(0,2)/NOR-out(2,0)/NOT-mid(1,1)|edges=011000010",43,2,0.36225737248799905,0.1354032746475132,50975,0.09889904396811669,186164,0.0872210592358077,328364,0.07143057498439731,672293,0.03025136102490469,284721,0.020220291850710264,76124,0.01367104908062806,25734,0.007602239765398387,2862
3,toxicity,5,000100110,"NOR-in(1,1)/NOR-mid(2,0)/NOT-in(0,2)|edges=010000110",43,1,0.014652574866816396,0.031628186193780085,11907,0.031109817229823776,58560,0.029997080802277348,112931,0.02786618299209995,262272,0.017810543123284808,167630,0.01231534879100324,46364,0.008146636265307814,15335,0.0,0
3,toxicity,5,000100110,"NOR-in(1,1)/NOR-out(2,0)/NOT-in(0,2)|edges=010000110",43,1,0.07697659978114815,0.01844512681024682,6944,0.019768227611662782,37211,0.019616530574678204,73851,0.020498334119223048,192927,0.025405869053673983,239116,0.026634292524861658,100271,0.02694313345077381,50717,0.024647513201653263,9279
3,toxicity,6,000000110,"NOR-in(0,2)/NOR-in(1,0)/NOR-in(1,0)|edges=011000000",63,12,-0.08268470017678652,0.1095050050910005,602912,0.13625525968356625,3750969,0.1489428169789554,8200489,0.16576467914689477,22816666,0.21303714814202476,29323481,0.22452274486245152,12361767,0.2281547446696822,6280869,0.22853712187354527,1258279
3,toxicity,6,000000110,"NOR-in(0,2)/NOR-in(1,0)/NOR-mid(1,0)|edges=011000000",63,4,0.018173618889102832,0.06878626407017771,378723,0.07084031612498608,1950162,0.07107056564327682,3913001,0.07097143868440622,9768858,0.05568218613285682,7664370,0.04729491307816423,2603962,0.041562299404623936,1144168,0.030251569391316097,166559
3,toxicity,6,000000110,"NOR-in(0,2)/NOR-in(1,0)/NOR-out(1,0)|edges=011000000",63,5,0.06903051845770174,0.07726115434031858,425384,0.07724621884896955,2126510,0.07764717946642746,4275096,0.0782518381353994,10770968,0.07957403062585987,10952961,0.07907194620245003,4353541,0.07907922656216881,2176971,0.07873773769719443,433514
3,toxicity,6,000000110,"NOR-in(0,2)/NOR-mid(1,0)/NOR-mid(1,0)|edges=011000000",63,1,-0.042915651390055515,0.008033173780203183,44229,0.010917947029285679,300560,0.01227210179147727,675677,0.01412615881501475,1944394,0.01715041875247135,2360668,0.016807357161647725,925379,0.015835708012067424,435941,0.013419855472332163,73887
3,toxicity,6,000000110,"NOR-in(0,2)/NOR-mid(1,0)/NOR-out(1,0)|edges=011000000",63,1,-0.031801334629564,0.005045593787199448,27780,0.008920016484443578,245559,0.01060634837438337,583964,0.012652417539274242,1741541,0.017891325142194315,2462650,0.01866981224807917,1027922,0.018689100329045888,514492,0.01818338017184433,100114
3,toxicity,6,000000110,"NOR-in(0,2)/NOR-mid(1,0)/NOT-in(1,0)|edges=011000000",63,1,0.08985777788576699,0.031247082618783048,172040,0.02769978624348119,762547,0.02546081930483124,1401821,0.021878301066250758,3011437,0.009852147175879409,1356098,0.006848508695525509,377065,0.005027137395211818,138392,0.00290439331490064,15991
3,toxicity,6,000000110,"NOR-in(0,2)/NOR-out(1,0)/NOR-out(1,0)|edges=011000000",63,1,-0.031801334629564,0.005045593787199448,27780,0.008920016484443578,245559,0.01060634837438337,583964,0.012652417539274242,1741541,0.017891325142194315,2462650,0.01866981224807917,1027922,0.018689100329045888,514492,0.01818338017184433,100114
3,toxicity,6,000000110,"NOR-in(0,2)/NOR-out(1,0)/NOT-in(1,0)|edges=011000000",63,1,0.20851583282143427,0.021935074214545623,120770,0.020114907977900384,553743,0.01946239607930325,1071560,0.018555621231789738,2554087,0.013472099177158876,1854366,0.011508814745301552,633652,0.010087875736219425,277709,0.0069730140795238186,38392
3,toxicity,6,000000110,"NOR-in(1,0)/NOR-in(1,0)/NOT-in(0,2)|edges=000000110",63,1,-0.12056876541362083,0.008579325706700978,47236,0.010659637469380001,293449,0.011698905929494057,644118,0.013489549777790565,1856768,0.017679105176414103,2433439,0.01822262904997663,1003301,0.01821298400845625,501385,0.01697429091555682,93457
3,toxicity,6,000000110,"NOR-in(1,0)/NOR-mid(1,0)/NOT-in(0,2)|edges=000000110",63,1,0.003693673181147127,0.020555799944567486,113176,0.021668979077870108,596525,0.021593440905893206,1188891,0.020541862351331236,2827483,0.0105637825977434,1454051,0.006783232044943464,373471,0.004594502514749271,126482,0.0018505949274918781,10189
3,toxicity,6,000000110,"NOR-mid(0,2)/NOR-out(1,0)/NOR-out(1,0)|edges=011000000",63,4,0.046692384948816404,0.02510555244166418,138226,0.033832667641033626,931379,0.03881432676893694,2137038,0.04709679078603119,6482634,0.0799386209090653,11003145,0.09395046370396642,5172722,0.10401610491515725,2863458,0.12248126837949165,674357
3,toxicity,6,000000110,"NOR-out(1,0)/NOR-out(1,0)/NOT-mid(0,2)|edges=000000110",63,1,0.07928660340216986,0.01827365862217148,100611,0.019047741861895742,524365,0.018735507661025417,1031539,0.017806338221563134,2450952,0.014117506219027234,1943203,0.012966478314893254,713908,0.011908320491415103,327824,0.009082972002055288,50009
3,toxicity,6,000001100,"NOR-in(0,1)/NOR-in(1,0)/NOR-in(1,1)|edges=001000010",63,14,0.09259247198353723,0.12106410083631898,666554,0.1503407771844839,4138729,0.16492662488149534,9080525,0.1878001527408349,25849737,0.25539326300885834,35153585,0.2763014954491967,15212600,0.28910813173038297,7958854,0.305611158566144,1682633
3,toxicity,6,000001100,"NOR-in(0,1)/NOR-in(1,0)/NOT-in(1,1)|edges=001000010",63,1,-0.051708653164456775,0.007266890116121308,40010,0.009926192338729524,273258,0.011404725081668014,627921,0.01346808876055869,1853814,0.016892901073958275,2325222,0.017447664073061028,960633,0.017484733455684368,481337,0.01665826037538253,91717
3,toxicity,6,000001100,"NOR-in(0,1)/NOR-in(1,1)/NOR-mid(1,0)|edges=010001000",63,36,-0.03157186711877539,0.41646527276538137,2292972,0.4610382475053112,12691915,0.4837948526579322,26636762,0.5171932607465645,71189025,0.6194243247002819,85260611,0.6464772258593179,35593725,0.6635309174289632,18266334,0.6913100864416178,3806213
3,toxicity,6,000001100,"NOR-in(0,1)/NOR-in(1,1)/NOR-out(1,0)|edges=010001000",63,5,0.28028739253739826,0.1308497920554238,720432,0.11125753455857526,3062807,0.10386098695358705,5718375,0.09453236632343569,13011900,0.06879519468495601,9469309,0.06010671806073787,3309354,0.05438845243379279,1497259,0.04352848461358092,239659
3,toxicity,6,000001100,"NOR-in(0,1)/NOR-in(1,1)/NOT-in(1,0)|edges=010001000",63,4,0.0658729122740625,0.08176658988694456,450190,0.08111069114971002,2232895,0.07955039169715832,4379883,0.0752269607915788,10354609,0.052044928734347254,7163720,0.04394533456481107,2419541,0.038033001359621406,1047010,0.027529347703883742,151571
3,toxicity,6,000001100,"NOR-in(0,1)/NOR-in(1,1)/NOT-mid(1,0)|edges=010001000",63,5,0.1197988585506863,0.144978181166967,798220,0.12709876517423363,3498900,0.1182940474974658,6513030,0.10463948832982721,14403094,0.057059440021901574,7853942,0.04284491263136245,2358954,0.034604033922497765,952614,0.02156872111340102,118753
3,toxicity,6,000001100,"NOR-in(0,1)/NOR-mid(1,0)/NOT-in(1,1)|edges=001000010",63,4,0.23364264523074504,0.09396937117516566,517376,0.08669996369281323,2386762,0.08290899724252451,4564801,0.07659211106374285,10542515,0.04973455649314596,6845709,0.041391154036694265,2278913,0.03583793330281278,986582,0.02711542034695431,149292
3,toxicity,6,000001100,"NOR-in(0,1)/NOR-mid(1,1)/NOR-out(1,0)|edges=010001000",63,48,-0.14480309232755903,0.6690275734980277,3683528,0.6885066775981752,18953890,0.6998132822516573,38530298,0.7203564069055364,99153400,0.7987843706748086,109948610,0.8235615906811824,45343631,0.8412948504062282,23159995,0.8746159729463328,4815458
3,toxicity,6,000001100,"NOR-in(0,1)/NOR-mid(1,1)/NOT-out(1,0)|edges=010001000",63,2,0.1692053243913617,0.029805147086868853,164101,0.03189154994272401,877942,0.032933924605900375,1813275,0.033460341289747564,4605646,0.030423019101780285,4187574,0.029102815483287324,1602342,0.027907201961336246,768257,0.0243334434596844,133975
3,toxicity,6,000001100,"NOR-in(0,1)/NOR-out(1,0)/NOT-mid(1,1)|edges=001000010",63,4,0.12962329741411543,0.103214904153697,568280,0.09423859978855013,2594293,0.08941325096826583,4922912,0.08143186831740684,11208683,0.04642138661144477,6389668,0.035371989364228675,1947510,0.028584887631353816,786913,0.018103282776317398,99673
3,toxicity,6,000001100,"NOR-in(0,1)/NOT-in(1,0)/NOT-in(1,1)|edges=001000010",63,2,0.14071902437303296,0.0583454448168602,321238,0.051145619789469174,1407987,0.04753611597986842,2617242,0.0420962357346715,5794333,0.022002562985997325,3028541,0.016802889143828253,925133,0.01353885633350766,372711,0.009490724049579017,52254
3,toxicity,6,000001100,"NOR-in(0,1)/NOT-in(1,1)/NOT-mid(1,0)|edges=010001000",63,2,0.051958750763031206,0.04456777714531274,245381,0.04379293315754286,1205575,0.04270330058851245,2351157,0.03967265192206149,5460739,0.024924843030348254,3430778,0.020499338406434586,1128652,0.017395518403928195,478881,0.011830258180604914,65135
3,toxicity,6,000001100,"NOR-in(1,0)/NOR-in(1,1)/NOT-in(0,1)|edges=000100010",63,3,0.05794739378775613,0.07153482313359345,393856,0.06169181319253143,1698313,0.05773342274939346,3178685,0.05362457255959755,7381150,0.042108281526904746,5795991,0.038214193577634864,2103996,0.035607085723859,980227,0.029809308261819316,164124
3,toxicity,6,000001100,"NOR-in(1,0)/NOT-in(0,1)/NOT-in(1,1)|edges=000001100",63,4,0.17193215136061507,0.15748536904940505,867082,0.12207907411043306,3360713,0.1074470618413113,5915817,0.08890435622324457,12237233,0.04152450407559178,5715637,0.03071871226931497,1691310,0.024378303495148586,671110,0.015999863416686085,88092
3,toxicity,6,000001100,"NOR-in(1,1)/NOR-mid(1,0)/NOT-in(0,1)|edges=010000100",63,16,-0.11628235309394455,0.35575849732118564,1958733,0.3157950792591881,8693518,0.29892508385116784,16458208,0.2788611523040589,38383821,0.2331177513352309,32087474,0.22268569935703408,12260623,0.21706203719010803,5975498,0.20944633447255684,1153169
3,toxicity,6,000001100,"NOR-in(1,1)/NOR-out(1,0)/NOT-in(0,1)|edges=010000100",63,5,0.27729529176696616,0.16610283639380624,914528,0.13532398669983656,3725332,0.12224259489121365,6730429,0.1045266908506322,14387568,0.05926103963198235,8156981,0.04674202311701564,2573521,0.03991113076554542,1098713,0.02978932931962439,164014
3,toxicity,6,000001100,"NOR-in(1,1)/NOT-in(0,1)/NOT-mid(1,0)|edges=001100000",63,3,0.1665126121376758,0.1015915234024375,559342,0.08539486653794173,2350834,0.07756072513317736,4270336,0.065993892110221,9083724,0.03126258514489736,4303136,0.021337981718614698,1174826,0.016366857233068546,450563,0.009107309986183653,50143
3,toxicity,6,000001100,"NOR-mid(1,0)/NOT-in(0,1)/NOT-in(1,1)|edges=000001100",63,1,0.0033362447005741043,0.026294663403679832,144773,0.022982649015210695,632689,0.021188794668397595,1166612,0.01899985121136327,2615233,0.012928054394801162,1779481,0.011894862382508385,654907,0.011033606140320383,303744,0.009344696144808826,51450
3,toxicity,6,000001100,"NOR-mid(1,1)/NOR-out(1,0)/NOT-in(0,1)|edges=010000100",63,16,-0.08323732183326187,0.311973350256112,1717661,0.2967894384772995,8170312,0.2884435130543955,15881114,0.276285786645813,38029335,0.23111145860749135,31811318,0.21492231860628647,11833187,0.2035293198402106,5602956,0.18265675251012706,1005671
3,toxicity,6,000001100,"NOR-out(1,0)/NOT-in(0,1)/NOT-mid(1,1)|edges=000001100",63,4,0.12227518863998763,0.10476018536109415,576788,0.09653479777768777,2657505,0.09198944479771856,5064752,0.08309737838490516,11437932,0.047447882910955835,6530960,0.036767736377939966,2024357,0.029568287420092865,813985,0.018034809492612967,99296
3,toxicity,6,000001100,"NOT-in(0,1)/NOT-in(1,0)/NOT-in(1,1)|edges=001000010",63,1,0.0033362447005741043,0.026294663403679832,144773,0.022982649015210695,632689,0.021188794668397595,1166612,0.01899985121136327,2615233,0.012928054394801162,1779481,0.011894862382508385,654907,0.011033606140320383,303744,0.009344696144808826,51450
3,toxicity,6,000100100,"NOR-in(0,1)/NOR-in(0,1)/NOR-in(2,0)|edges=001001000",63,9,-0.014218749203928687,0.07675441543944433,422594,0.09823729425549108,2704373,0.10831184128858803,5963430,0.1229817344512242,16927811,0.15791293393111008,21735913,0.16595814680569781,9137319,0.17054663144706342,4694976,0.17322142461845216,953722
3,toxicity,6,000100100,"NOR-in(0,1)/NOR-in(0,1)/NOR-mid(2,0)|edges=001001000",63,16,0.07844102998001226,0.22695491331495513,1249567,0.23673226600980748,6516999,0.24154007569730732,13298706,0.24735590677810704,34047284,0.2593323840744169,35695785,0.25904361315741886,14262416,0.2557244841591883,7039836,0.2473334923172794,1361768
3,toxicity,6,000100100,"NOR-in(0,1)/NOR-in(2,0)/NOT-in(0,1)|edges=010000010",63,3,0.18844886933205765,0.07515591756611308,413793,0.06914831767317248,1903583,0.06568233564881407,3616336,0.059964443293657334,8253801,0.03390895961804446,4667396,0.024479652101969902,1347800,0.019123079247340267,526439,0.011720192371785593,64529
3,toxicity,6,000100100,"NOR-in(0,1)/NOR-mid(0,1)/NOR-out(2,0)|edges=001001000",63,2,0.04676092941925588,0.03257314022282708,179341,0.032950797132549565,907102,0.03322659795169706,1829389,0.033607408104854145,4625889,0.03017747425896629,4153776,0.02792349489370949,1537411,0.02579815232576484,710197,0.02117186667071089,116568
3,toxicity,6,000100100,"NOR-in(0,1)/NOR-mid(2,0)/NOT-in(0,1)|edges=010000010",63,8,-0.15984178421954037,0.12598564348756963,693651,0.13217541438596447,3638655,0.1327295781651517,7307821,0.13225255243709685,18203892,0.12138713235030492,16708322,0.11481968496769188,6321739,0.11011004509537528,3031218,0.10167610611143128,559808
3,toxicity,6,000100100,"NOR-in(0,1)/NOR-out(2,0)/NOT-mid(0,1)|edges=010000010",63,1,0.20400401993449474,0.0392724464446,216226,0.03086572207438814,849702,0.027086487698084177,1491327,0.022244409746469393,3061830,0.010060749136697156,1384811,0.0070818264065374585,389911,0.0057532084271753265,158380,0.0037912767216081522,20874
3,toxicity,6,000100100,"NOR-in(2,0)/NOT-in(0,1)/NOT-in(0,1)|edges=000100100",63,4,-0.03348018442471703,0.10922566300155799,601374,0.09013405325332555,2481299,0.08217355420429692,4524309,0.07287884652771784,10031403,0.055590922320932164,7651808,0.0510121949279207,2808628,0.048180959219458384,1326373,0.042350453531069164,233173
3,toxicity,6,000100100,"NOR-mid(0,1)/NOR-mid(0,1)/NOR-out(2,0)|edges=001001000",63,15,-0.1270960118873159,0.19328311229951575,1064177,0.21756276157657103,5989282,0.22513776343620667,12395628,0.23360521405366794,32154571,0.23408686084518673,32220867,0.22139852880887076,12189754,0.20892723005027392,5751555,0.18355235400070144,1010602
3,toxicity,6,000100100,"NOR-mid(0,1)/NOR-out(2,0)/NOT-mid(0,1)|edges=010000010",63,5,0.040114213516161144,0.12497616147643736,688093,0.11327518976816617,3118351,0.1072921705484632,5907289,0.09734866350316453,13399549,0.06349526784929853,8739801,0.05280161790194524,2907150,0.0454841291472149,1252132,0.03369557577222698,185521
3,toxicity,6,000100100,"NOR-out(2,0)/NOT-mid(0,1)/NOT-mid(0,1)|edges=000100100",63,1,0.040181775796034803,0.029912851806660402,164694,0.026188433754459162,720941,0.024524824008673476,1350287,0.021768751073414114,2996358,0.010861650476179218,1495051,0.007649900363202625,421188,0.005597336364029668,154089,0.00245341410153698,13508
3,toxicity,6,000100110,"NOR-in(0,2)/NOR-in(1,1)/NOR-in(2,0)|edges=011001000",63,2,-0.018939510811412964,0.0346226175552518,190625,0.03623340998587489,997469,0.03681530642730392,2026976,0.03633002220496041,5000643,0.02679352079825046,3687992,0.021937931168260247,1207858,0.018233507829401786,501950,0.01182244823047417,65092
3,toxicity,6,000100110,"NOR-in(0,2)/NOR-in(1,1)/NOR-mid(2,0)|edges=011001000",63,5,0.054411900815004285,0.046296864721055674,254901,0.05778945355231949,1590885,0.06255537686106802,3444172,0.06938267681800389,9550173,0.087585957313833,12055762,0.09265906125274646,5101620,0.09572524408544346,2635219,0.09982133376875318,549596
3,toxicity,6,000100110,"NOR-in(0,2)/NOR-in(2,0)/NOT-in(1,1)|edges=011000010",63,1,0.2774941863707594,0.029537610742428794,162628,0.02426442529573829,667975,0.022432828933446492,1235106,0.020079941925935225,2763902,0.011701550712525757,1610659,0.010015624985242827,551440,0.009274042666371995,255305,0.008032079642602151,44223
3,toxicity,6,000100110,"NOR-in(0,2)/NOR-mid(1,1)/NOR-out(2,0)|edges=011001000",63,5,0.1810277107410844,0.09708754087058107,534544,0.09052782004131282,2492139,0.08824724355524266,4858714,0.08506971416017388,11709414,0.07458778772647612,10266630,0.06975182449509763,3840394,0.06557324466752082,1805165,0.05816778206679251,320260
3,toxicity,6,000100110,"NOR-in(0,2)/NOR-out(2,0)/NOT-mid(1,1)|edges=011000010",63,1,0.07231476982927781,0.04176327701327002,229940,0.03286016538568349,904607,0.02888079652919998,1590118,0.023207620012420365,3194411,0.0106380534104568,1464274,0.007472923267133777,411444,0.00601914629114395,165701,0.003465438337083623,19080
3,toxicity,6,000100110,"NOR-in(1,1)/NOR-in(2,0)/NOT-in(0,2)|edges=010000110",63,3,0.31203771734347663,0.10782768116642213,593677,0.08505798524718583,2341560,0.07588494591945445,4178071,0.06393153485068682,8799851,0.0352186265589651,4847665,0.027043458847340038,1488958,0.022757139592532047,626481,0.015932298266717788,87720
3,toxicity,6,000100110,"NOR-in(1,1)/NOR-mid(2,0)/NOT-in(0,2)|edges=010000110",63,3,0.2662468452612662,0.10301947366719495,567204,0.08067613099429564,2220932,0.07233446987483319,3982589,0.06207426325650086,8544207,0.03384499793995302,4658592,0.026208157467187496,1442968,0.02198348235625234,605183,0.015890887368350124,87492
3,toxicity,6,000100110,"NOR-mid(1,1)/NOR-out(2,0)/NOT-in(0,2)|edges=010000110",63,1,0.07626797050561766,0.018699573576490512,102956,0.018385966645700885,506147,0.01818041998606959,1000977,0.017664720209071283,2431459,0.014035236564017303,1931879,0.011881185888939026,654154,0.01012707078542338,278788,0.006963569488668035,38340
3,toxicity,7,000000110,"NOR-in(0,2)/NOR-in(1,0)/NOR-in(1,0)|edges=011000000",82,18,0.07261962892697468,0.13214243902439024,1083568,0.161967527996832,6640668,0.17564886222677376,14403206,0.19406187426220733,39782685,0.24721960734419896,50680020,0.25911704246055994,21247598,0.26406041463414637,10826477,0.27143573170731705,2225773
3,toxicity,7,000000110,"NOR-in(0,2)/NOR-in(1,0)/NOR-mid(1,0)|edges=011000000",82,10,0.148820847261612,0.08398439024390245,688672,0.09960439996140487,4083780,0.10587995638438812,8682156,0.11406290021340683,23382895,0.12812157435978952,26264923,0.12769848469028086,10471276,0.12576487804878048,5156360,0.11506329268292682,943519
3,toxicity,7,000000110,"NOR-in(0,2)/NOR-in(1,0)/NOR-out(1,0)|edges=011000000",82,14,0.24610322356777078,0.1979340243902439,1623059,0.19566643372355452,8022323,0.19360511920024973,15875619,0.1883010012038829,38601706,0.15096999364907324,30948849,0.13599821619516547,11151854,0.12678548780487806,5198205,0.10931963414634147,896421
3,toxicity,7,000000110,"NOR-in(0,2)/NOR-in(1,0)/NOT-in(1,0)|edges=011000000",82,1,0.01841817959744126,0.01235719512195122,101329,0.014107708693434995,578416,0.014691049497124365,1204666,0.014546272886901992,2981986,0.00926439990961561,1899202,0.006890682758763835,565036,0.005634243902439024,231004,0.003849390243902439,31565
3,toxicity,7,000000110,"NOR-in(0,2)/NOR-in(1,0)/NOT-mid(1,0)|edges=011000000",82,1,0.27163566356902835,0.02673390243902439,219218,0.022242782657832454,911954,0.02037468392071629,1670724,0.017479648439421493,3583328,0.006875136518291351,1409403,0.0041119511192207045,337180,0.002775682926829268,113803,0.001061829268292683,8707
3,toxicity,7,000000110,"NOR-in(0,2)/NOR-mid(1,0)/NOR-mid(1,0)|edges=011000000",82,2,-0.26762591852162065,0.005070609756097561,41579,0.009309220420411749,381678,0.01169629325347772,959096,0.015585726525156555,3195074,0.03430166795803251,7031842,0.042713255055774266,3502487,0.04947819512195122,2028606,0.06806317073170731,558118
3,toxicity,7,000000110,"NOR-in(0,2)/NOR-mid(1,0)/NOR-out(1,0)|edges=011000000",82,4,0.1533719454255098,0.03256914634146341,267067,0.03749656463381119,1537359,0.03989040438489778,3271013,0.04357546256438122,8932970,0.05482653117242409,11239439,0.056529669352934894,4635433,0.05636675609756098,2311037,0.05362768292682927,439747
3,toxicity,7,000000110,"NOR-in(0,2)/NOR-mid(1,0)/NOT-in(1,0)|edges=011000000",82,1,0.16386740150055806,0.02210341463414634,181248,0.01997824585153618,819108,0.018900757019549123,1549862,0.016773185038572,3438503,0.0076903365103381804,1576519,0.005635609618643668,462120,0.004470609756097561,183295,0.002645731707317073,21695
3,toxicity,7,000000110,"NOR-in(1,0)/NOR-in(1,0)/NOT-in(0,2)|edges=000000110",82,4,0.02179440201704797,0.04192024390243902,343746,0.04525239465877021,1855348,0.04656619739347304,3818428,0.04782686735947576,9804508,0.04899613610735477,10044208,0.04847003540316987,3974543,0.04805475609756098,1970245,0.045919268292682926,376538
3,toxicity,7,000000110,"NOR-in(1,0)/NOR-mid(1,0)/NOT-in(0,2)|edges=000000110",82,2,0.18449182966275315,0.04895951219512195,401468,0.04129249183341384,1692992,0.03805013600244566,3120111,0.033191677401138,6804294,0.01606748277007334,3293834,0.011899658246349799,975772,0.009677585365853659,396781,0.0058882926829268295,48284
3,toxicity,7,000000110,"NOR-in(1,0)/NOT-in(0,2)/NOT-in(1,0)|edges=000101000",82,2,0.04422631165667324,0.04400670731707317,360855,0.039068662348162184,1601815,0.03645617251005719,2989406,0.03226446278508365,6614215,0.016023229111968497,3284762,0.011741365567283767,962792,0.00959580487804878,393428,0.00689390243902439,56530
3,toxicity,7,000000110,"NOR-mid(0,2)/NOR-out(1,0)/NOR-out(1,0)|edges=011000000",82,4,-0.08396509779525256,0.02614219512195122,214366,0.03311997884097354,1357919,0.03611586761540818,2961501,0.040678794328218644,8339153,0.05667202383734611,11617765,0.0618585350766211,5072400,0.06638912195121952,2721954,0.0770651219512195,631934
3,toxicity,7,000000110,"NOR-out(1,0)/NOT-mid(0,2)/NOT-out(1,0)|edges=000101000",82,1,0.07941728966995977,0.018994268292682928,155753,0.016856538229906168,691118,0.015781939794240966,1294119,0.014516980204546727,2975981,0.009392907225435052,1925546,0.008126048582291498,666336,0.007395146341463415,303201,0.006104756097560976,50059
3,toxicity,7,000001100,"NOR-in(0,1)/NOR-in(1,0)/NOR-in(1,1)|edges=001000010",82,39,0.047265318245441876,0.3805987804878049,3120910,0.4184819676567773,17157759,0.433927740679402,35582073,0.4537137570007072,93011322,0.4956765024812049,101613684,0.50233692677227,41191629,0.5051277073170731,20710236,0.5096434146341463,4179076
3,toxicity,7,000001100,"NOR-in(0,1)/NOR-in(1,0)/NOT-in(1,1)|edges=001000010",82,9,0.16147533593324953,0.15452475609756097,1267103,0.14104520888245942,5782853,0.1350188480496999,11071545,0.1258447829103457,25798181,0.09328686738256715,19123808,0.08681594910205002,7118908,0.08289085365853659,3398525,0.07719865853658536,633029
3,toxicity,7,000001100,"NOR-in(0,1)/NOR-in(1,1)/NOR-mid(1,0)|edges=010001000",82,51,0.07135103723899859,0.48988243902439027,4017036,0.5350832229349486,21938410,0.5563526490903731,45620915,0.584058525189102,119732000,0.661006286234085,135506290,0.6802463614574058,55780203,0.6922096585365853,28380596,0.7114137804878049,5833593
3,toxicity,7,000001100,"NOR-in(0,1)/NOR-in(1,1)/NOR-out(1,0)|edges=010001000",82,13,0.12255458599496051,0.13724146341463414,1125380,0.1450087458545118,5945358,0.1484842999260634,12175712,0.1528223189693206,31328576,0.16575084716340638,33978924,0.16586811790565567,13601186,0.16435495121951219,6738553,0.15882207317073171,1302341
3,toxicity,7,000001100,"NOR-in(0,1)/NOR-in(1,1)/NOT-in(1,0)|edges=010001000",82,11,0.2181722241589691,0.15072634146341463,1235956,0.15285399052234053,6267013,0.1532332879625994,12565129,0.14995692390327953,30741170,0.11619891593952276,23820778,0.10399943648781862,8527954,0.095824,3928784,0.08005426829268293,656445
3,toxicity,7,000001100,"NOR-in(0,1)/NOR-in(1,1)/NOT-mid(1,0)|edges=010001000",82,11,0.030503695842379764,0.1861140243902439,1526135,0.1730771632270403,7096163,0.16530805684429545,13555260,0.15413912869972432,31598522,0.11333834035767473,23234360,0.10135163167435045,8310834,0.09269346341463415,3800432,0.07656073170731707,627798
3,toxicity,7,000001100,"NOR-in(0,1)/NOR-mid(1,0)/NOT-in(1,1)|edges=001000010",82,10,0.2243487780472425,0.17761329268292683,1456429,0.16254794268760417,6664465,0.15618201981375707,12806925,0.1449262849770481,29709889,0.09817511123731598,20125898,0.0846286808627151,6939552,0.07692541463414634,3153942,0.0641109756097561,525710
3,toxicity,7,000001100,"NOR-in(0,1)/NOR-mid(1,1)/NOR-out(1,0)|edges=010001000",82,55,-0.201818288906459,0.5435568292682926,4457166,0.5874504231658949,24085465,0.6062558832319943,49712980,0.6313169047547921,129419968,0.7096523784424158,145478739,0.7314935553294255,59982473,0.7453233902439025,30558259,0.7709159756097561,6321511
3,toxicity,7,000001100,"NOR-in(0,1)/NOR-mid(1,1)/NOT-out(1,0)|edges=010001000",82,2,0.06243009055633309,0.03240719512195122,265739,0.02868771011587416,1176196,0.027635220860254675,2266088,0.026561487286605127,5445105,0.022914204654495566,4697412,0.02144737752567372,1758685,0.020283414634146343,831620,0.017093170731707318,140164
3,toxicity,7,000001100,"NOR-in(0,1)/NOR-out(1,0)/NOT-mid(1,1)|edges=001000010",82,12,0.007295837508128659,0.18573280487804877,1523009,0.1790275540514687,7340129,0.17279308159966253,14169032,0.16348579681003322,33514589,0.1269978036390458,26034550,0.11592869229442214,9506153,0.1087219024390244,4457598,0.09609231707317073,787957
3,toxicity,7,000001100,"NOR-in(0,1)/NOT-in(1,0)/NOT-in(1,1)|edges=001000010",82,3,0.14327444041526155,0.057385609756097564,470562,0.05419437114091426,2221969,0.051945270826598576,4259512,0.04751988687766075,9741577,0.024681833905543085,5059776,0.018569487351963725,1522698,0.015443170731707317,633170,0.010575,86715
3,toxicity,7,000001100,"NOR-in(0,1)/NOT-in(1,1)/NOT-mid(1,0)|edges=010001000",82,1,0.0868636259130029,0.014845487804878049,121733,0.01493978194534458,612531,0.014796683648618714,1213328,0.014060311920774402,2882364,0.01042634136169423,2137400,0.009040572950229928,741327,0.007713365853658537,316248,0.00496829268292683,40740
3,toxicity,7,000001100,"NOR-in(0,1)/NOT-mid(1,1)/NOT-out(1,0)|edges=010001000",82,3,0.017018607919199586,0.06660243902439024,546140,0.05585529813222421,2290067,0.05133286835770089,4209295,0.04564058447530567,9356320,0.0274286436348425,5622872,0.023476292110334338,1925056,0.020938146341463414,858464,0.016408780487804878,134552
3,toxicity,7,000001100,"NOR-in(1,0)/NOR-in(1,1)/NOT-in(0,1)|edges=000100010",82,27,0.04936756689864424,0.36574573170731706,2999115,0.36084186447237704,14794515,0.3562334442065095,29211141,0.3478232176034494,71303761,0.3060752409163391,62745425,0.29195685873275956,23940463,0.2826560975609756,11588900,0.2622874390243902,2150757
3,toxicity,7,000001100,"NOR-in(1,0)/NOT-in(0,1)/NOT-in(1,1)|edges=000001100",82,5,0.26978254543481117,0.1454551219512195,1192732,0.11165891333257691,4578015,0.09942374875237799,8152747,0.0832459788634931,17065426,0.03984972644049047,8169194,0.030478584622473544,2499244,0.025722463414634147,1054621,0.018337682926829267,150369
3,toxicity,7,000001100,"NOR-in(1,1)/NOR-mid(1,0)/NOT-in(0,1)|edges=010000100",82,20,-0.1893769917492268,0.23197012195121952,1902155,0.23454038873564767,9616155,0.23480827974674534,19254278,0.2366676929430694,48516878,0.2506588999935717,51385075,0.2550561279254603,20914603,0.25734992682926827,10551347,0.25983682926829266,2130662
3,toxicity,7,000001100,"NOR-in(1,1)/NOR-out(1,0)/NOT-in(0,1)|edges=010000100",82,8,0.2014521409784593,0.15414865853658535,1264019,0.13318603738400364,5460627,0.12520951830290333,10267180,0.11406602216456542,23383535,0.0800107504389195,16402204,0.06907975441268892,5664540,0.06259629268292682,2566448,0.04973109756097561,407795
3,toxicity,7,000001100,"NOR-in(1,1)/NOT-in(0,1)/NOT-in(1,0)|edges=001100000",82,4,0.22914432283634203,0.09625951219512195,789328,0.07881876378719646,3231569,0.0720442596119151,5907629,0.062477345122393266,12807856,0.03627340940221064,7436049,0.030883035832121077,2532409,0.028051731707317073,1150121,0.02330890243902439,191133
3,toxicity,7,000001100,"NOR-in(1,1)/NOT-in(0,1)/NOT-mid(1,0)|edges=001100000",82,5,-0.0973334341219721,0.11609146341463415,951950,0.09060642347379741,3714863,0.08103405273336843,6644792,0.07001729619478446,14353546,0.053162350700855114,10898282,0.05174697434763477,4243252,0.05153890243902439,2113095,0.05108341463414634,418884
3,toxicity,7,000001100,"NOR-mid(1,0)/NOT-in(0,1)/NOT-in(1,1)|edges=000001100",82,5,0.07134645445976937,0.09102743902439024,746425,0.08472839851008766,3473864,0.0809710405351727,6639625,0.07440131074338906,15252269,0.04623771662207106,9478732,0.0389905844148638,3197228,0.035431804878048784,1452704,0.03094841463414634,253777
3,toxicity,7,000001100,"NOR-mid(1,1)/NOR-out(1,0)/NOT-in(0,1)|edges=010000100",82,22,0.13028285828354075,0.3331541463414634,2731864,0.31997407999747124,13118936,0.3133317591869151,25693203,0.2994051112311198,61378049,0.23726600744130724,48639532,0.21841488491671013,17910021,0.20745456097560977,8505637,0.18883463414634147,1548444
3,toxicity,7,000001100,"NOR-mid(1,1)/NOT-in(0,1)/NOT-out(1,0)|edges=001100000",82,1,0.0008635456834820317,0.023918658536585365,196133,0.01861290425491749,763129,0.016890281311721038,1385003,0.014868238734278269,3047989,0.010025985268039168,2055327,0.008659743691225763,710099,0.007737829268292683,317251,0.0059521951219512195,48808
3,toxicity,7,000001100,"NOR-out(1,0)/NOT-in(0,1)/NOT-in(1,1)|edges=000001100",82,1,-0.011876704452733743,0.02050768292682927,168163,0.01791575784543979,734546,0.0167525374025628,1373708,0.015152346045807882,3106231,0.008509877965757287,1744525,0.006512268133847119,534006,0.005572756097560976,228483,0.0036934146341463417,30286
3,toxicity,7,000001100,"NOR-out(1,0)/NOT-in(0,1)/NOT-mid(1,1)|edges=000001100",82,2,0.0539986026992937,0.035353170731707316,289896,0.03285553979078437,1347077,0.03154922105118151,2587036,0.029212657966582282,5988595,0.018936219327451518,3881925,0.015552841084077047,1275333,0.013286121951219513,544731,0.008661707317073171,71026
3,toxicity,7,000100100,"NOR-in(0,1)/NOR-in(0,1)/NOR-in(2,0)|edges=001001000",82,14,0.07537554943051857,0.11965963414634147,981209,0.14340316033201564,5879529,0.15203712936766484,12467044,0.161976938302889,33205273,0.17738557387916512,36364043,0.17619830058052927,14448261,0.1736170487804878,7118299,0.16779829268292684,1375946
3,toxicity,7,000100100,"NOR-in(0,1)/NOR-in(0,1)/NOR-mid(2,0)|edges=001001000",82,21,-0.050144782359908144,0.15942365853658536,1307274,0.19302953102727133,7914210,0.20689072960442584,16965039,0.2263512053394887,46401998,0.2858226508700229,58593644,0.29837538296645405,24466782,0.30478319512195123,12496111,0.3092876829268293,2536159
3,toxicity,7,000100100,"NOR-in(0,1)/NOR-in(2,0)/NOT-in(0,1)|edges=010000010",82,18,0.1379985809394026,0.26761036585365855,2194405,0.2533574393519453,10387654,0.24656143885665555,20218037,0.23740561975793914,48668153,0.19852098830711232,40696803,0.18531523938255515,15195850,0.17636924390243902,7231139,0.15576487804878048,1277272
3,toxicity,7,000100100,"NOR-in(0,1)/NOR-mid(0,1)/NOR-out(2,0)|edges=001001000",82,7,0.21325429858930361,0.12486292682926829,1023876,0.11765849928375603,4823998,0.11341738358133578,9300225,0.10524587599520242,21575405,0.06350336523411351,13018190,0.04973465732354494,4078242,0.041819243902439025,1714589,0.027777073170731706,227772
3,toxicity,7,000100100,"NOR-in(0,1)/NOR-mid(2,0)/NOT-in(0,1)|edges=010000010",82,13,0.058358054526173514,0.18704280487804878,1533751,0.18185821286421588,7456186,0.17957472827193796,14725127,0.17301710881917837,35468508,0.14464865224733023,29652974,0.1364323747211616,11187455,0.13121485365853658,5379809,0.12299548780487805,1008563
3,toxicity,7,000100100,"NOR-in(0,1)/NOR-out(2,0)/NOT-mid(0,1)|edges=010000010",82,1,0.14389312462627155,0.008003414634146342,65628,0.010266025391807355,420907,0.011202024936684143,918566,0.012225409517552984,2506209,0.011222819402704202,2300678,0.009874463173793582,809706,0.009024341463414635,369998,0.007796829268292683,63934
3,toxicity,7,000100100,"NOR-in(2,0)/NOT-in(0,1)/NOT-in(0,1)|edges=000100100",82,5,0.03058266424709462,0.11888121951219512,974826,0.09418669211577484,3861654,0.08449226021913464,6928365,0.07274243272697692,14912199,0.049388072688896854,10124555,0.04560685254617433,3739762,0.04410524390243902,1808315,0.04439621951219512,364049
3,toxicity,7,000100100,"NOR-mid(0,1)/NOR-mid(0,1)/NOR-out(2,0)|edges=001001000",82,20,-0.19945841091472757,0.14960036585365855,1226723,0.17863599303765787,7324075,0.1915002532439148,15703020,0.21069281540111578,43192028,0.2779858265562358,56987095,0.29663684642349153,24324222,0.30856046341463417,12650979,0.3290858536585366,2698504
3,toxicity,7,000100100,"NOR-mid(0,1)/NOR-out(2,0)/NOT-mid(0,1)|edges=010000010",82,7,-0.02166291054399984,0.10710243902439025,878240,0.10273079051032102,4211962,0.09970577315637918,8175873,0.09447240303468482,19366843,0.07584346755274665,15547911,0.06917670562983645,5672490,0.06506985365853658,2667864,0.05759146341463415,472250
3,toxicity,7,000100100,"NOR-mid(2,0)/NOT-in(0,1)/NOT-in(0,1)|edges=000100100",82,1,-0.10082989786672521,0.013011829268292682,106697,0.014083367227645582,577418,0.014181915325947089,1162917,0.013971536312750511,2864165,0.009583331613821156,1964583,0.007294731529396792,598168,0.005914951219512195,242513,0.003785487804878049,31041
3,toxicity,7,000100100,"NOR-out(2,0)/NOT-mid(0,1)/NOT-mid(0,1)|edges=000100100",82,1,-0.18306452958982158,0.014534268292682926,119181,0.014174123334060812,581139,0.013419098215565767,1100366,0.012891892431377708,2642838,0.011175316964143249,2290940,0.010945243635481862,897510,0.010942365853658537,448637,0.010968658536585366,89943
3,toxicity,7,000100110,"NOR-in(0,2)/NOR-in(1,1)/NOR-in(2,0)|edges=011001000",82,9,0.1396261031902625,0.0950840243902439,779689,0.1033389369111158,4236896,0.10660574910271947,8741671,0.10900425640967304,22345873,0.10903679405817762,22352543,0.10693876568442034,8768979,0.10621260975609756,4354717,0.10591487804878048,868502
3,toxicity,7,000100110,"NOR-in(0,2)/NOR-in(1,1)/NOR-mid(2,0)|edges=011001000",82,10,-0.04209808489123898,0.07902109756097561,647973,0.09470574094690155,3882935,0.10127849274529233,8304836,0.1097210222493459,22492810,0.13319511577370619,27304999,0.13668543569059913,11208206,0.13737782926829267,5632491,0.13541536585365854,1110406
3,toxicity,7,000100110,"NOR-in(0,2)/NOR-in(1,1)/NOR-out(2,0)|edges=011001000",82,1,0.02554106473593585,0.007191219512195122,58968,0.009434927749749049,386832,0.010283122452835242,843216,0.011391590021627512,2335276,0.01258634134062106,2580200,0.012108353363210894,992885,0.011593756097560975,475344,0.009946097560975609,81558
3,toxicity,7,000100110,"NOR-in(0,2)/NOR-in(2,0)/NOT-in(1,1)|edges=011000010",82,1,0.2659953625192862,0.02250329268292683,184527,0.018214977386827064,746814,0.016607208127180886,1361791,0.014663311909008547,3005979,0.010079487706541584,2066295,0.00930036562682035,762630,0.008912634146341464,365418,0.007991951219512195,65534
3,toxicity,7,000100110,"NOR-in(0,2)/NOR-mid(1,1)/NOR-out(2,0)|edges=011001000",82,8,0.04204811356177838,0.08760060975609756,718325,0.08997342341204131,3688910,0.09155849227114596,7507796,0.09375001768292648,19218754,0.10270776485163156,21055092,0.10380577795595664,8512074,0.10361917073170732,4248386,0.10299841463414634,844587
3,toxicity,7,000100110,"NOR-in(0,2)/NOR-out(2,0)/NOT-mid(1,1)|edges=011000010",82,1,0.2040424290507555,0.05752390243902439,471696,0.0354714180947725,1454328,0.02825809893941946,2317164,0.019889838636295832,4077417,0.005796082870282118,1188197,0.0036579267400505674,299950,0.002708219512195122,111037,0.0012529268292682926,10274
3,toxicity,7,000100110,"NOR-in(1,1)/NOR-in(2,0)/NOT-in(0,2)|edges=010000110",82,3,-0.15839885248037575,0.041772926829268295,342538,0.043975711607386496,1803004,0.04321920942532729,3543975,0.04086678456845298,8377691,0.03235212163558906,6632185,0.02952465781647176,2421022,0.02717348780487805,1114113,0.02218780487804878,181940
3,toxicity,7,000100110,"NOR-in(1,1)/NOR-mid(2,0)/NOT-in(0,2)|edges=010000110",82,2,0.1277180947819124,0.05330158536585366,437073,0.043463370093987326,1781998,0.03921162386398165,3215353,0.03314640423128967,6795013,0.015746838870762548,3228102,0.01216919482514159,997874,0.010291926829268293,421969,0.008008048780487805,65666
3,toxicity,7,000100110,"NOR-in(2,0)/NOT-in(0,2)/NOT-in(1,1)|edges=000101100",82,1,0.06439988521484043,0.02509609756097561,205788,0.020183782456954385,827535,0.01843336675284716,1511536,0.01609068261286473,3298590,0.007841365777157407,1607480,0.005466219378872698,448230,0.004189414634146341,171766,0.002229146341463415,18279
3,toxicity,7,000100110,"NOR-mid(1,1)/NOR-out(2,0)/NOT-in(0,2)|edges=010000110",82,1,-0.011876704452733743,0.02050768292682927,168163,0.01791575784543979,734546,0.0167525374025628,1373708,0.015152346045807882,3106231,0.008509877965757287,1744525,0.006512268133847119,534006,0.005572756097560976,228483,0.0036934146341463417,30286
3,toxicity,7,000100110,"NOR-mid(2,0)/NOT-in(0,2)/NOT-in(1,1)|edges=000101100",82,1,0.08495160780600788,0.020243658536585364,165998,0.01836327008422147,752894,0.01734272035818148,1422103,0.015668472865005407,3212037,0.00881183406037235,1806426,0.00655559740108299,537559,0.005314536585365854,217896,0.0030503658536585364,25013
4,toxicity,4,0000000000011100,"NOR-in(0,1)/NOR-mid(1,2)/NOR-out(1,0)/NOR-out(1,0)|edges=0100001100000000",27,2,0.09241669211105398,0.04098320035680658,827,0.04805986421527331,4849,0.052832414056266694,10661,0.05827921691762411,29400,0.08572363074117391,43245,0.09595218744424842,19362,0.10208329203750321,10300,0.12924967786698385,2608
4,toxicity,4,0000000000011100,"NOR-mid(1,2)/NOR-out(1,0)/NOR-out(1,0)/NOT-in(0,1)|edges=0110000000001000",27,1,-0.1768410156147871,0.00847415630110511,171,0.015431884632538778,1557,0.019485700409834033,3932,0.025214681605176145,12720,0.04454576089757567,22472,0.05008722025095645,10107,0.056264742611350074,5677,0.07552780255724056,1524
4,toxicity,4,0000000001001010,"NOR-in(0,2)/NOR-mid(1,1)/NOR-out(1,0)/NOR-out(1,0)|edges=0110000100000000",27,1,7.265737845443343e-05,0.012736012686456216,257,0.019148619852321722,1932,0.022989360173250276,4639,0.0271771450319941,13710,0.044196879893749874,22296,0.05088508731936488,10268,0.055650260659279666,5615,0.06100703736742987,1231
4,toxicity,4,0000000001001100,"NOR-mid(0,1)/NOR-mid(0,2)/NOR-out(2,0)/NOT-out(1,0)|edges=0010001100000000",27,1,0.050644978139068174,0.0562465929927152,1135,0.05495812478319045,5545,0.05301081823092438,10697,0.04942830863404617,24935,0.027759827145320833,14004,0.019892164053362936,4014,0.01198239806537295,1209,0.0006442660323124195,13
4,toxicity,4,0000000100011000,"NOR-in(0,1)/NOR-in(0,1)/NOR-mid(2,1)/NOR-out(1,0)|edges=0010001000010000",27,1,-0.22876901904496597,0.0151147232271173,305,0.02686951781555082,2711,0.03074498609934139,6204,0.034894185557855006,17603,0.03600015858227447,18161,0.03171645489325431,6400,0.026492100933616126,2673,0.00951531370799881,192
4,toxicity,4,0000000101001000,"NOR-in(0,1)/NOR-in(1,1)/NOR-mid(1,1)/NOR-out(1,0)|edges=0100001000010000",27,2,-0.09028758917528197,0.018484563159720503,373,0.031656672778631254,3194,0.03822805009192771,7714,0.049329194319560406,24885,0.08936904077546733,45084,0.10135885186433287,20453,0.11006164641519157,11105,0.13658439885023294,2756
4,toxicity,4,0000000101001000,"NOR-in(1,1)/NOR-mid(1,1)/NOR-out(1,0)/NOT-in(0,1)|edges=0100001000001000",27,3,0.06482839939677958,0.1159125823876307,2339,0.10738886961692849,10835,0.10597703541818435,21385,0.10588382216513238,53415,0.11488294645865958,57955,0.12028465518266696,24272,0.12425419730817261,12537,0.1312320348894836,2648
4,toxicity,4,0000000101001000,"NOR-in(1,1)/NOR-mid(1,1)/NOT-in(0,1)/NOT-out(1,0)|edges=0100000110000000",27,1,-0.33420948797303146,0.027256058278408248,550,0.04607760543138907,4649,0.04750506717412743,9586,0.044425018038805233,22411,0.028673657501932723,14465,0.023395841179852123,4721,0.023905330135384248,2412,0.02056695410843493,415
4,toxicity,4,0000000110001000,"NOR-in(0,1)/NOR-mid(1,1)/NOR-out(2,0)/NOT-mid(0,1)|edges=0100001000000010",27,2,-0.08440247950129345,0.07750631844987363,1564,0.08910253233559641,8990,0.08874616554916274,17908,0.08505197554651633,42906,0.06339326421789204,31980,0.05318948599520289,10733,0.04972348312156832,5017,0.02616711269699673,528
4,toxicity,4,0000000110001010,"NOR-in(0,1)/NOR-in(1,2)/NOR-out(2,0)/NOT-mid(1,1)|edges=0100001100000010",27,1,0.48007638385328966,0.08424599831508003,1700,0.06876455721294415,6938,0.061321479367061636,12374,0.05369418872951307,27087,0.027967966380557815,14109,0.020893214660931275,4216,0.01452952486669706,1466,0.0028744176826246406,58
4,toxicity,4,0000001110001010,"NOR-in(0,2)/NOR-in(1,2)/NOR-mid(2,1)/NOR-out(2,0)|edges=0110001100010000",27,2,0.2335216853172009,0.09138212993706328,1844,0.08840874176123693,8920,0.08744777961137624,17646,0.0873316047796887,44056,0.06316728447677761,31866,0.04480444823279878,9041,0.029415845705564034,2968,0.0056001585885618,113
4,toxicity,5,0000000000011100,"NOR-in(0,1)/NOR-in(1,2)/NOR-mid(1,0)/NOR-mid(1,0)|edges=0100001100000000",43,1,-0.26745762657100425,0.004520968581658999,1702,0.009325507712642189,17554,0.01182341483446502,44512,0.015700333983649103,147769,0.028050410116362993,264006,0.03154539777455666,118760,0.033056165306326275,62224,0.034823676912778774,13110
4,toxicity,5,0000000000011100,"NOR-in(0,1)/NOR-mid(1,2)/NOR-out(1,0)/NOR-out(1,0)|edges=0100001100000000",43,2,-0.02082057525582541,0.03263491186501907,12286,0.03948279928855418,74321,0.04119123454438867,155074,0.04298660899178248,404583,0.049691659686983664,467690,0.05190434487651581,195406,0.052850871134929756,99485,0.05260739292582636,19805
4,toxicity,5,0000000000011100,"NOR-in(0,1)/NOR-mid(1,2)/NOR-out(1,0)/NOT-out(1,0)|edges=0100001100000000",43,1,0.12586682019942977,0.05786680408427808,21785,0.041848972887284286,78775,0.036668735870511934,138048,0.030884828234400124,290683,0.0190242270348596,179053,0.015891698030112627,59828,0.013753391996906032,25889,0.010149601028507071,3821
4,toxicity,5,0000000000011100,"NOR-in(0,1)/NOR-out(1,0)/NOR-out(1,0)/NOT-mid(1,2)|edges=0001000000000110",43,1,-0.13000337502332016,0.010861480922681344,4089,0.016459090802841532,30982,0.01858777235995222,69978,0.020613083225614382,194007,0.025015190970608194,235439,0.02655433997576986,99970,0.02729694236845852,51383,0.027484407705302975,10347
4,toxicity,5,0000000000011100,"NOR-in(0,1)/NOR-out(1,0)/NOT-in(1,2)/NOT-mid(1,0)|edges=0010000001010000",43,1,0.11526382188594544,0.022740312589649054,8561,0.026789186363530115,50427,0.02682182242406035,100977,0.025825030137577802,243061,0.02029316049856771,190996,0.01902100361433334,71609,0.017697883308931496,33314,0.014418224125290861,5428
4,toxicity,5,0000000000011100,"NOR-mid(1,2)/NOR-out(1,0)/NOR-out(1,0)/NOT-in(0,1)|edges=0110000000001000",43,1,-0.00946048611561838,0.021635304992721826,8145,0.02354751790833229,44325,0.023674454469945146,89128,0.023371949240945288,219973,0.023804375785778785,224043,0.02450957345447871,92272,0.024675250163092098,46448,0.023840007650052595,8975
4,toxicity,5,0000000001001010,"NOR-in(0,2)/NOR-in(1,0)/NOR-in(1,1)/NOR-out(1,0)|edges=0011000001000000",43,1,-0.290769825195944,0.005166441769287164,1945,0.011369745702743997,21402,0.013943618312374343,52494,0.017048742232919863,160460,0.02653816612499085,249773,0.02748641138694298,103479,0.02841946225294469,53496,0.02770487797103605,10430
4,toxicity,5,0000000001001010,"NOR-in(0,2)/NOR-in(1,0)/NOR-mid(1,1)/NOR-out(1,0)|edges=0110000000010000",43,3,-0.15206449842681038,0.028783322885344836,10836,0.039537517717083415,74424,0.04473464652074928,168414,0.053300109925393954,501652,0.0807958825483771,760438,0.0883603166545941,332653,0.09151379217285426,172263,0.10034584612769212,37777
4,toxicity,5,0000000001001010,"NOR-in(0,2)/NOR-in(1,1)/NOR-mid(1,0)/NOR-mid(1,0)|edges=0110000100000000",43,1,-0.22629175885579902,0.004701594823464411,1770,0.00956085008000578,17997,0.012026882118864738,45278,0.016029493920316096,150867,0.02828235198618421,266189,0.03248570350141697,122300,0.03469877367491654,65316,0.03960495978409852,14910
4,toxicity,5,0000000001001010,"NOR-in(0,2)/NOR-in(1,1)/NOR-out(1,0)/NOT-in(1,0)|edges=0110000100000000",43,1,0.3813603907719872,0.039634178734978806,14921,0.03615666257960735,68060,0.03481628046397978,131074,0.03155823549024112,297021,0.015272994943284742,143747,0.009113793727204559,34311,0.0061077194093409806,11497,0.0006056291637005004,228
4,toxicity,5,0000000001001010,"NOR-in(0,2)/NOR-mid(1,1)/NOR-out(1,0)/NOR-out(1,0)|edges=0110000100000000",43,2,0.01833941751823788,0.031896469288226356,12008,0.03805693266552059,71637,0.039242623580477025,147738,0.041614719675370525,391671,0.050608271006703155,476317,0.05313364852168799,200034,0.05435801212512723,102322,0.0527534876802278,19860
4,toxicity,5,0000000001001010,"NOR-out(1,0)/NOR-out(1,0)/NOT-in(0,2)/NOT-mid(1,1)|edges=0000000001011000",43,1,0.11526382188594544,0.022740312589649054,8561,0.026789186363530115,50427,0.02682182242406035,100977,0.025825030137577802,243061,0.02029316049856771,190996,0.01902100361433334,71609,0.017697883308931496,33314,0.014418224125290861,5428
4,toxicity,5,0000000001001100,"NOR-in(0,2)/NOR-in(1,0)/NOR-mid(0,1)/NOR-out(2,0)|edges=0101000000010000",43,1,-0.290769825195944,0.005166441769287164,1945,0.011369745702743997,21402,0.013943618312374343,52494,0.017048742232919863,160460,0.02653816612499085,249773,0.02748641138694298,103479,0.02841946225294469,53496,0.02770487797103605,10430
4,toxicity,5,0000000001001100,"NOR-in(0,2)/NOR-in(1,0)/NOR-out(2,0)/NOT-mid(0,1)|edges=0110000000000010",43,1,0.07172591777977573,0.028424726669995855,10701,0.03058919528847768,57580,0.03104522950233124,116877,0.02959464453170571,278540,0.01739829646505928,163750,0.011163341464056016,42027,0.00695717955855697,13096,0.0011182889382364504,421
4,toxicity,5,0000000001001100,"NOR-in(2,0)/NOR-out(1,0)/NOT-in(0,1)/NOT-in(0,2)|edges=0000000010001100",43,1,0.014652574866816396,0.031628186193780085,11907,0.031109817229823776,58560,0.029997080802277348,112931,0.02786618299209995,262272,0.017810543123284808,167630,0.01231534879100324,46364,0.008146636265307814,15335,0.0,0
4,toxicity,5,0000000001001100,"NOR-mid(0,2)/NOR-out(1,0)/NOR-out(2,0)/NOT-in(0,1)|edges=0110000000000010",43,1,-0.0195562821937532,0.010999606872297247,4141,0.01593528138022189,29996,0.017516780074443527,65946,0.01961465975083719,184610,0.025887283901204875,243647,0.0273947714220371,103134,0.02817562097183766,53037,0.02876738527577377,10830
4,toxicity,5,0000000001001100,"NOR-mid(0,2)/NOR-out(2,0)/NOT-mid(0,1)/NOT-out(1,0)|edges=0101000001000000",43,1,-0.012670217440238236,0.049117056429762954,18491,0.04260918717102537,80206,0.03920304574056115,147589,0.0338924235627515,318990,0.014650162492120299,137885,0.009059606617521082,34107,0.006055126191847307,11398,0.0024012665087072473,904
4,toxicity,5,0000000001001110,"NOR-in(0,3)/NOR-in(1,0)/NOR-mid(1,1)/NOR-out(2,0)|edges=0111000000010000",43,1,0.3813603907719872,0.039634178734978806,14921,0.03615666257960735,68060,0.03481628046397978,131074,0.03155823549024112,297021,0.015272994943284742,143747,0.009113793727204559,34311,0.0061077194093409806,11497,0.0006056291637005004,228
4,toxicity,5,0000000001001110,"NOR-in(0,3)/NOR-in(1,1)/NOR-in(2,0)/NOR-out(1,0)|edges=0111001000000000",43,1,0.07172591777977573,0.028424726669995855,10701,0.03058919528847768,57580,0.03104522950233124,116877,0.02959464453170571,278540,0.01739829646505928,163750,0.011163341464056016,42027,0.00695717955855697,13096,0.0011182889382364504,421
4,toxicity,5,0000000001011100,"NOR-in(1,2)/NOR-mid(1,0)/NOR-out(2,0)/NOT-in(0,2)|edges=0110000000001010",43,1,0.07697659978114815,0.01844512681024682,6944,0.019768227611662782,37211,0.019616530574678204,73851,0.020498334119223048,192927,0.025405869053673983,239116,0.026634292524861658,100271,0.02694313345077381,50717,0.024647513201653263,9279
4,toxicity,5,0000000100011000,"NOR-in(0,1)/NOR-in(0,1)/NOR-in(2,1)/NOR-mid(1,0)|edges=0010001000010000",43,1,0.13629268224116242,0.015499325307861491,5835,0.017564084311004674,33062,0.018317102434621525,68959,0.02002488780618621,188471,0.025157033570796617,236774,0.026169717746251858,98522,0.025428023791259115,47865,0.02435532369285039,9169
4,toxicity,5,0000000100011000,"NOR-in(0,1)/NOR-in(0,1)/NOR-mid(2,1)/NOR-out(1,0)|edges=0010001000010000",43,5,0.013960599728066674,0.08129509015374481,30605,0.08959850485878396,168657,0.09388793308848198,353463,0.10182941950339562,958402,0.12731292421960805,1198249,0.13292230816899897,500417,0.13629027631095236,256549,0.1478797666733959,55672
4,toxicity,5,0000000100011000,"NOR-in(0,1)/NOR-in(2,1)/NOR-mid(1,0)/NOT-in(0,1)|edges=0100001000000100",43,2,0.0645023256741293,0.03176896841165783,11960,0.038503711290696165,72478,0.04108950090218881,154691,0.04487550678199093,422361,0.0456107365179671,429281,0.039625120825301556,149178,0.03407084253271936,64134,0.024514699788561047,9229
4,toxicity,5,0000000100011000,"NOR-in(0,1)/NOR-in(2,1)/NOR-out(1,0)/NOT-in(0,1)|edges=0100001000000100",43,2,0.0645023256741293,0.03176896841165783,11960,0.038503711290696165,72478,0.04108950090218881,154691,0.04487550678199093,422361,0.0456107365179671,429281,0.039625120825301556,149178,0.03407084253271936,64134,0.024514699788561047,9229
4,toxicity,5,0000000100011000,"NOR-in(0,1)/NOR-mid(2,1)/NOR-out(1,0)/NOT-in(0,1)|edges=0100001000000100",43,3,-0.10848611614077633,0.07465441949913405,28105,0.07606764685257474,143187,0.07538887883948212,283819,0.0729867003660709,686939,0.06933478795487515,652568,0.06981504398851127,262835,0.06962598253692681,131062,0.05836086998098112,21971
4,toxicity,5,0000000100011000,"NOR-mid(2,1)/NOR-out(1,0)/NOT-in(0,1)/NOT-in(0,1)|edges=0100000010001000",43,2,-0.018266777993398518,0.03300413315341543,12425,0.03988229694150547,75073,0.041847057945410736,157543,0.043025814936466185,404952,0.04813075359007871,452999,0.04913867729796509,184994,0.04911728393750013,92457,0.049369401914638164,18586
4,toxicity,5,0000000101001000,"NOR-in(0,1)/NOR-in(1,1)/NOR-in(1,1)/NOR-mid(1,0)|edges=0100001000010000",43,1,-0.290769825195944,0.005166441769287164,1945,0.011369745702743997,21402,0.013943618312374343,52494,0.017048742232919863,160460,0.02653816612499085,249773,0.02748641138694298,103479,0.02841946225294469,53496,0.02770487797103605,10430
4,toxicity,5,0000000101001000,"NOR-in(0,1)/NOR-in(1,1)/NOR-mid(1,0)/NOT-in(1,1)|edges=0001001000000100",43,1,0.007143686550551197,0.017188711922394465,6471,0.019279480483052162,36291,0.02025243224419899,76245,0.02196297896330132,206712,0.02221722615161051,209105,0.021852014472208255,82267,0.021968558818341963,41353,0.019095912534398674,7189
4,toxicity,5,0000000101001000,"NOR-in(0,1)/NOR-in(1,1)/NOR-mid(1,0)/NOT-in(1,1)|edges=0100000100000010",43,1,-0.19349299314726495,0.00859834036359,3237,0.01364401359142015,25683,0.015939775808802376,60009,0.018711435534695772,176109,0.02570687286366185,241949,0.02751164558017793,103574,0.02894486318326027,54485,0.030573647693827893,11510
4,toxicity,5,0000000101001000,"NOR-in(0,1)/NOR-in(1,1)/NOR-mid(1,1)/NOR-out(1,0)|edges=0100001000010000",43,13,-0.32117217543348103,0.16514019783886014,62170,0.19833092855579473,373331,0.21411956704499363,806103,0.24230761302946352,2280560,0.34617180634479483,3258114,0.38016985533901076,1431238,0.40150193479291024,755776,0.44553321929088263,167729
4,toxicity,5,0000000101001000,"NOR-in(0,1)/NOR-in(1,1)/NOR-out(1,0)/NOT-in(1,1)|edges=0001001000000100",43,1,0.23385838970792291,0.07303143959114719,27494,0.05396405796115948,101580,0.04778134332501136,179884,0.03875151697256158,364723,0.012407668170339893,116779,0.006656780175380299,25061,0.00318003030219319,5986,0.0,0
4,toxicity,5,0000000101001000,"NOR-in(0,1)/NOR-in(1,1)/NOR-out(1,0)/NOT-mid(1,1)|edges=0100000100000010",43,4,-0.05234713578282023,0.11232295972034807,42286,0.11031394565556928,207651,0.11000408262684233,414136,0.10656749510563186,1002996,0.08302010201829801,781372,0.0726718202857945,273590,0.06459615846389555,121594,0.04445796189848805,16737
4,toxicity,5,0000000101001000,"NOR-in(0,1)/NOR-in(1,1)/NOT-in(1,1)/NOT-mid(1,0)|edges=0010000101000000",43,1,0.23385838970792291,0.07303143959114719,27494,0.05396405796115948,101580,0.04778134332501136,179884,0.03875151697256158,364723,0.012407668170339893,116779,0.006656780175380299,25061,0.00318003030219319,5986,0.0,0
4,toxicity,5,0000000101001000,"NOR-in(0,1)/NOR-in(1,1)/NOT-in(1,1)/NOT-mid(1,0)|edges=0100001000010000",43,1,-0.07183125299351338,0.02879129169013037,10839,0.029483670533435615,55499,0.02940208508810585,110691,0.028319866959036058,266542,0.019612741014218154,184592,0.01669361412881073,62847,0.013997764522634208,26349,0.008927717628058694,3361
4,toxicity,5,0000000101001000,"NOR-in(0,1)/NOR-mid(1,1)/NOR-out(1,0)/NOT-in(1,1)|edges=0001001000000100",43,2,0.13589583316488807,0.0482325190985688,18158,0.04980067617102749,93743,0.05075605627278216,191083,0.050269671024936895,473130,0.04097986780694659,385696,0.03662543930738249,137885,0.03505258259260125,65982,0.031179276857528394,11738
4,toxicity,5,0000000101001000,"NOR-in(0,1)/NOR-out(1,0)/NOT-in(1,1)/NOT-mid(1,1)|edges=0010000000010100",43,2,0.031530580090676635,0.051531604279779424,19400,0.05627285689696573,105926,0.0562239075121662,211668,0.05414489709661386,509603,0.03990590151278586,375588,0.03571461774314407,134456,0.031695647831565706,59663,0.023345941753349555,8789
4,toxicity,5,0000000101001000,"NOR-in(1,1)/NOR-in(1,1)/NOR-mid(1,0)/NOT-in(0,1)|edges=0010100000000100",43,1,0.09081268696900417,0.024302198327613503,9149,0.020283005837340707,38180,0.01941598514423201,73096,0.01956865385910807,184177,0.026940106616760738,253556,0.03156478825988457,118833,0.03357784752429382,63206,0.035416024735170054,13333
4,toxicity,5,0000000101001000,"NOR-in(1,1)/NOR-in(1,1)/NOR-mid(1,0)/NOT-in(0,1)|edges=0100001000001000",43,1,-0.1087243207148559,0.009217250868599721,3470,0.011678931386278105,21984,0.012631440264156846,47554,0.01516749438313749,142754,0.029944407263148624,281832,0.03711179517910035,139716,0.042951658864454,80851,0.05964384755145192,22454
4,toxicity,5,0000000101001000,"NOR-in(1,1)/NOR-in(1,1)/NOT-in(0,1)/NOT-mid(1,0)|edges=0100000110000000",43,1,0.04270448861538768,0.05171488678984668,19469,0.0387507410893961,72943,0.03454720427716919,130061,0.029929010677829347,281687,0.019570347607869704,184193,0.016878487797142586,63543,0.014569383734989684,27425,0.009719285570088294,3659
4,toxicity,5,0000000101001000,"NOR-in(1,1)/NOR-mid(1,0)/NOT-in(0,1)/NOT-in(1,1)|edges=0100000000011000",43,1,-0.009607432354328795,0.026196117598308487,9862,0.024590886778540176,46289,0.02418976325811153,91068,0.023651809561533038,222607,0.023325404668438406,219535,0.023954155580223086,90181,0.024652937889003874,46406,0.019627166186767533,7389
4,toxicity,5,0000000101001000,"NOR-in(1,1)/NOR-mid(1,1)/NOR-out(1,0)/NOT-in(0,1)|edges=0100001000001000",43,8,0.07522270874795892,0.2084347142386604,78469,0.19405492242733074,365282,0.18950507247127485,713436,0.18667331503155918,1756939,0.18813779365801017,1770723,0.19184468061878493,722244,0.19902282864385998,374635,0.21385881402934645,80511
4,toxicity,5,0000000101001000,"NOR-in(1,1)/NOR-mid(1,1)/NOT-in(0,1)/NOT-out(1,0)|edges=0100000110000000",43,1,0.12586682019942977,0.05786680408427808,21785,0.041848972887284286,78775,0.036668735870511934,138048,0.030884828234400124,290683,0.0190242270348596,179053,0.015891698030112627,59828,0.013753391996906032,25889,0.010149601028507071,3821
4,toxicity,5,0000000101001000,"NOR-in(1,1)/NOR-out(1,0)/NOT-in(0,1)/NOT-mid(1,1)|edges=0001000010000100",43,1,0.042871827745729625,0.029492546511257264,11103,0.027750743214383616,52237,0.02682660363962066,100995,0.025702312343242627,241906,0.021626693438616312,203547,0.02063811696606373,77697,0.019568926864615494,36836,0.0182220002762519,6860
4,toxicity,5,0000000101001000,"NOR-mid(1,1)/NOR-out(1,0)/NOT-in(0,1)/NOT-in(1,1)|edges=0100000000011000",43,1,0.09042177337997291,0.04470499484683957,16830,0.03948279928855418,74321,0.03695374944252355,139121,0.03230580466854614,304057,0.018026972618853207,169667,0.014427052330138685,54314,0.011852598742437733,22311,5.3125365236886005e-06,2
4,toxicity,5,0000000101011000,"NOR-in(0,2)/NOR-in(1,1)/NOR-in(2,1)/NOT-mid(1,0)|edges=0110001000010000",43,1,0.07172591777977573,0.028424726669995855,10701,0.03058919528847768,57580,0.03104522950233124,116877,0.02959464453170571,278540,0.01739829646505928,163750,0.011163341464056016,42027,0.00695717955855697,13096,0.0011182889382364504,421
4,toxicity,5,0000000101011000,"NOR-in(0,2)/NOR-in(1,1)/NOR-mid(2,1)/NOR-out(1,0)|edges=0110001000010000",43,2,0.10353163436802637,0.032353347429263574,12180,0.03823118164180785,71965,0.039739073129488864,149607,0.04209910965318358,396230,0.04957021692142908,466547,0.05063121342204082,190613,0.05092989058485783,95869,0.05069222350903663,19084
4,toxicity,5,0000000101011000,"NOR-in(0,2)/NOR-in(2,1)/NOR-mid(1,0)/NOT-in(1,1)|edges=0101001000000100",43,1,0.17178159843395935,0.03105177598095987,11690,0.029258953103650516,55076,0.028577325403952948,107586,0.027409311549986305,257972,0.01950266690650639,183556,0.01573205855501572,59227,0.013682736462293319,25756,0.009857411519704198,3711
4,toxicity,5,0000000101011000,"NOR-in(1,1)/NOR-mid(2,1)/NOR-out(1,0)/NOT-in(0,2)|edges=0100001000001100",43,1,0.014652574866816396,0.031628186193780085,11907,0.031109817229823776,58560,0.029997080802277348,112931,0.02786618299209995,262272,0.017810543123284808,167630,0.01231534879100324,46364,0.008146636265307814,15335,0.0,0
4,toxicity,5,0000000110001000,"NOR-in(0,1)/NOR-in(0,1)/NOR-in(1,1)/NOR-mid(2,0)|edges=0001001000010000",43,1,-0.05074699517750572,0.005928790760436478,2232,0.011081278647487945,20859,0.01355527735964277,51032,0.017365789763912214,163444,0.027269372697647568,256655,0.029202070903833022,109938,0.031033717033615033,58417,0.037647290075119265,14173
4,toxicity,5,0000000110001000,"NOR-in(0,1)/NOR-in(0,1)/NOR-mid(1,1)/NOR-out(2,0)|edges=0001001000010000",43,1,-0.290769825195944,0.005166441769287164,1945,0.011369745702743997,21402,0.013943618312374343,52494,0.017048742232919863,160460,0.02653816612499085,249773,0.02748641138694298,103479,0.02841946225294469,53496,0.02770487797103605,10430
4,toxicity,5,0000000110001000,"NOR-in(0,1)/NOR-in(1,1)/NOR-mid(2,0)/NOT-in(0,1)|edges=0010001000000100",43,1,0.1828915554460477,0.043169671791493565,16252,0.03533376116415316,66511,0.03225806451612903,121443,0.028743482410130732,270529,0.02038081603800999,191821,0.01780126240028177,67017,0.016181711160174504,30460,0.0157277643783801,5921
4,toxicity,5,0000000110001000,"NOR-in(0,1)/NOR-in(1,1)/NOR-mid(2,0)/NOT-in(0,1)|edges=0100001000000010",43,1,-0.3344064556307669,0.00831411965957266,3130,0.013037329655688273,24541,0.014760674927013417,55570,0.01730894645657947,162909,0.027503439550243147,258858,0.030878418203893875,116249,0.033098133631396985,62303,0.03451554979440483,12994
4,toxicity,5,0000000110001000,"NOR-in(0,1)/NOR-mid(0,1)/NOR-mid(1,1)/NOR-out(2,0)|edges=0010000100010000",43,1,-0.22629175885579902,0.004701594823464411,1770,0.00956085008000578,17997,0.012026882118864738,45278,0.016029493920316096,150867,0.02828235198618421,266189,0.03248570350141697,122300,0.03469877367491654,65316,0.03960495978409852,14910
4,toxicity,5,0000000110001000,"NOR-in(0,1)/NOR-mid(0,1)/NOR-out(2,0)/NOT-mid(1,1)|edges=0001001000000010",43,2,0.001429343406274781,0.07043892176758715,26518,0.06712410564587933,126352,0.06502692222795083,244809,0.060323180233233936,567752,0.03568642946688114,335875,0.027135257666347123,102157,0.02182777899373769,41088,0.00853724619356758,3214
4,toxicity,5,0000000110001000,"NOR-in(0,1)/NOR-mid(1,1)/NOR-out(2,0)/NOT-mid(0,1)|edges=0100001000000010",43,2,0.10176564499635234,0.03633509355376818,13679,0.042446625626074444,79900,0.0437173100987507,164584,0.04515196712905598,424963,0.047632126382075514,448306,0.046507415001276316,175088,0.04534916583969587,85364,0.04136872190996313,15574
4,toxicity,5,0000000110001000,"NOR-in(0,1)/NOR-mid(2,0)/NOT-in(0,1)/NOT-in(1,1)|edges=0100000000010100",43,1,0.09042177337997291,0.04470499484683957,16830,0.03948279928855418,74321,0.03695374944252355,139121,0.03230580466854614,304057,0.018026972618853207,169667,0.014427052330138685,54314,0.011852598742437733,22311,5.3125365236886005e-06,2
4,toxicity,5,0000000110001000,"NOR-mid(1,1)/NOR-out(2,0)/NOT-in(0,1)/NOT-in(0,1)|edges=0100000001001000",43,1,0.014652574866816396,0.031628186193780085,11907,0.031109817229823776,58560,0.029997080802277348,112931,0.02786618299209995,262272,0.017810543123284808,167630,0.01231534879100324,46364,0.008146636265307814,15335,0.0,0
4,toxicity,5,0000000110001010,"NOR-in(0,1)/NOR-in(1,2)/NOR-mid(1,1)/NOR-out(2,0)|edges=0100001100010000",43,2,0.0645023256741293,0.03176896841165783,11960,0.038503711290696165,72478,0.04108950090218881,154691,0.04487550678199093,422361,0.0456107365179671,429281,0.039625120825301556,149178,0.03407084253271936,64134,0.024514699788561047,9229
4,toxicity,5,0000000110001010,"NOR-in(1,2)/NOR-mid(1,1)/NOR-out(2,0)/NOT-in(0,1)|edges=0110001000001000",43,2,0.0645023256741293,0.03176896841165783,11960,0.038503711290696165,72478,0.04108950090218881,154691,0.04487550678199093,422361,0.0456107365179671,429281,0.039625120825301556,149178,0.03407084253271936,64134,0.024514699788561047,9229
4,toxicity,5,0000000110001010,"NOR-in(1,2)/NOR-out(2,0)/NOT-in(0,1)/NOT-mid(1,1)|edges=0101000010000100",43,2,0.36225737248799905,0.1354032746475132,50975,0.09889904396811669,186164,0.0872210592358077,328364,0.07143057498439731,672293,0.03025136102490469,284721,0.020220291850710264,76124,0.01367104908062806,25734,0.007602239765398387,2862
4,toxicity,5,0000000110011000,"NOR-in(0,2)/NOR-mid(2,1)/NOR-out(2,0)/NOT-in(0,1)|edges=0110001000000100",43,1,0.3813603907719872,0.039634178734978806,14921,0.03615666257960735,68060,0.03481628046397978,131074,0.03155823549024112,297021,0.015272994943284742,143747,0.009113793727204559,34311,0.0061077194093409806,11497,0.0006056291637005004,228
4,toxicity,5,0000000110011000,"NOR-in(2,1)/NOR-mid(2,0)/NOT-in(0,1)/NOT-in(0,2)|edges=0100000010001100",43,1,0.014652574866816396,0.031628186193780085,11907,0.031109817229823776,58560,0.029997080802277348,112931,0.02786618299209995,262272,0.017810543123284808,167630,0.01231534879100324,46364,0.008146636265307814,15335,0.0,0
4,toxicity,5,0000000111001000,"NOR-in(0,2)/NOR-in(1,1)/NOR-in(1,1)/NOR-mid(2,0)|edges=0101001000010000",43,2,-0.016603019640268356,0.024081728061880425,9066,0.029976667637077632,56427,0.03270776440188454,123136,0.03727061600507786,350785,0.05251353056219288,494249,0.055874613153177134,210353,0.05681501849793771,106947,0.06074088634359361,22867
4,toxicity,5,0000000111001000,"NOR-in(0,2)/NOR-in(1,1)/NOR-mid(2,0)/NOT-in(1,1)|edges=0110000100000010",43,1,0.3813603907719872,0.039634178734978806,14921,0.03615666257960735,68060,0.03481628046397978,131074,0.03155823549024112,297021,0.015272994943284742,143747,0.009113793727204559,34311,0.0061077194093409806,11497,0.0006056291637005004,228
4,toxicity,5,0000000111001000,"NOR-in(0,2)/NOR-in(1,1)/NOR-out(2,0)/NOT-mid(1,1)|edges=0110000100000010",43,1,0.07172591777977573,0.028424726669995855,10701,0.03058919528847768,57580,0.03104522950233124,116877,0.02959464453170571,278540,0.01739829646505928,163750,0.011163341464056016,42027,0.00695717955855697,13096,0.0011182889382364504,421
4,toxicity,5,0000000111001000,"NOR-in(1,1)/NOR-mid(1,1)/NOR-out(2,0)/NOT-in(0,2)|edges=0100001000001010",43,2,-0.0036208095480852456,0.04262779306607733,16048,0.04704509861004567,88556,0.047513860876720874,178877,0.04748084274293714,446882,0.04369782702448968,411277,0.039710120213040344,149498,0.036322257237145474,68372,0.02876738527577377,10830
4,toxicity,5,0000001110001000,"NOR-in(0,2)/NOR-in(1,1)/NOR-in(1,1)/NOR-mid(2,0)|edges=0110000100010000",43,1,-0.08447126237420358,0.008114899539934337,3055,0.013206797410065215,24860,0.015366826810825629,57852,0.018449531324274814,173644,0.027149204921757604,255524,0.030044361711707046,113109,0.032259829619225106,60725,0.0337638258763029,12711
4,toxicity,5,0000001110001000,"NOR-in(0,2)/NOR-mid(1,1)/NOR-mid(1,1)/NOR-out(2,0)|edges=0110000100010000",43,1,-0.26745762657100425,0.004520968581658999,1702,0.009325507712642189,17554,0.01182341483446502,44512,0.015700333983649103,147769,0.028050410116362993,264006,0.03154539777455666,118760,0.033056165306326275,62224,0.034823676912778774,13110
4,toxicity,6,0000000000011100,"NOR-in(0,1)/NOR-in(1,0)/NOR-in(1,2)/NOR-out(1,0)|edges=0010000001010000",63,1,-0.14280185105260354,0.010638066008281457,58571,0.012835889154649182,353359,0.013764201872393803,757829,0.015051786873064403,2071802,0.016705375081807416,2299410,0.016414680148407936,903759,0.01571027658954541,432488,0.014198852591187071,78176
4,toxicity,6,0000000000011100,"NOR-in(0,1)/NOR-in(1,2)/NOR-mid(1,0)/NOR-mid(1,0)|edges=0100001100000000",63,1,-0.042915651390055515,0.008033173780203183,44229,0.010917947029285679,300560,0.01227210179147727,675677,0.01412615881501475,1944394,0.01715041875247135,2360668,0.016807357161647725,925379,0.015835708012067424,435941,0.013419855472332163,73887
4,toxicity,6,0000000000011100,"NOR-in(0,1)/NOR-in(1,2)/NOR-out(1,0)/NOT-in(1,0)|edges=0100001100000000",63,1,0.20851583282143427,0.021935074214545623,120770,0.020114907977900384,553743,0.01946239607930325,1071560,0.018555621231789738,2554087,0.013472099177158876,1854366,0.011508814745301552,633652,0.010087875736219425,277709,0.0069730140795238186,38392
4,toxicity,6,0000000000011100,"NOR-in(0,1)/NOR-mid(1,2)/NOR-out(1,0)/NOR-out(1,0)|edges=0100001100000000",63,4,0.01848489040188351,0.02510555244166418,138226,0.033832667641033626,931379,0.03881432676893694,2137038,0.04709679078603119,6482634,0.0799386209090653,11003145,0.09395046370396642,5172722,0.10401610491515725,2863458,0.12248126837949165,674357
4,toxicity,6,0000000000011100,"NOR-in(1,0)/NOR-in(1,0)/NOR-in(1,2)/NOT-in(0,1)|edges=0000000011000010",63,1,0.10489279071096126,0.023683050982292474,130394,0.020166453648763294,555162,0.018948029121815226,1043240,0.01789061303533759,2462552,0.014368427213793486,1977741,0.01290973812112077,710784,0.011640893288227424,320462,0.009043740624654342,49793
4,toxicity,6,0000000000011100,"NOR-in(1,0)/NOR-in(1,2)/NOR-out(1,0)/NOT-in(0,1)|edges=0000101000000100",63,1,0.20400401993449474,0.0392724464446,216226,0.03086572207438814,849702,0.027086487698084177,1491327,0.022244409746469393,3061830,0.010060749136697156,1384811,0.0070818264065374585,389911,0.0057532084271753265,158380,0.0037912767216081522,20874
4,toxicity,6,0000000000011100,"NOR-out(1,0)/NOR-out(1,0)/NOT-in(0,1)/NOT-mid(1,2)|edges=0000000000011100",63,1,0.07928660340216986,0.01827365862217148,100611,0.019047741861895742,524365,0.018735507661025417,1031539,0.017806338221563134,2450952,0.014117506219027234,1943203,0.012966478314893254,713908,0.011908320491415103,327824,0.009082972002055288,50009
4,toxicity,6,0000000001001010,"NOR-in(0,2)/NOR-in(1,0)/NOR-in(1,0)/NOR-in(1,1)|edges=0101000000000010",63,1,-0.14280185105260354,0.010638066008281457,58571,0.012835889154649182,353359,0.013764201872393803,757829,0.015051786873064403,2071802,0.016705375081807416,2299410,0.016414680148407936,903759,0.01571027658954541,432488,0.014198852591187071,78176
4,toxicity,6,0000000001001010,"NOR-in(0,2)/NOR-in(1,0)/NOR-in(1,1)/NOR-mid(1,0)|edges=0110000000010000",63,3,-0.12918395198996427,0.02389101372118172,131539,0.031753041385289,874129,0.0355032711068583,1954738,0.04077203866295974,5612064,0.05368017253146845,7388803,0.056102447798113596,3088887,0.056413045638039644,1552994,0.055079037603456865,303254
4,toxicity,6,0000000001001010,"NOR-in(0,2)/NOR-in(1,0)/NOR-in(1,1)/NOR-out(1,0)|edges=0011000001000000",63,1,0.11265533749662902,0.006974834147445401,38402,0.010009704317104318,275557,0.011365584516929783,625766,0.013342635529157197,1836546,0.018134225499453416,2496084,0.018894738803674063,1040306,0.018745368291248784,516041,0.017451787634015566,96086
4,toxicity,6,0000000001001010,"NOR-in(0,2)/NOR-in(1,0)/NOR-in(1,1)/NOR-out(1,0)|edges=0110000000010000",63,1,-0.14280185105260354,0.010638066008281457,58571,0.012835889154649182,353359,0.013764201872393803,757829,0.015051786873064403,2071802,0.016705375081807416,2299410,0.016414680148407936,903759,0.01571027658954541,432488,0.014198852591187071,78176
4,toxicity,6,0000000001001010,"NOR-in(0,2)/NOR-in(1,0)/NOR-mid(1,1)/NOR-out(1,0)|edges=0110000000010000",63,4,0.018173618889102832,0.06878626407017771,378723,0.07084031612498608,1950162,0.07107056564327682,3913001,0.07097143868440622,9768858,0.05568218613285682,7664370,0.04729491307816423,2603962,0.041562299404623936,1144168,0.030251569391316097,166559
4,toxicity,6,0000000001001010,"NOR-in(0,2)/NOR-in(1,1)/NOR-mid(1,0)/NOR-mid(1,0)|edges=0110000100000000",63,2,0.004571766904210907,0.0390356050371663,214922,0.03710990434264104,1021598,0.03625028376909435,1995867,0.03554266296206209,4892267,0.028968087082095636,3987310,0.024813100635090592,1366159,0.021813152805077788,600494,0.01499492262428128,82559
4,toxicity,6,0000000001001010,"NOR-in(0,2)/NOR-in(1,1)/NOR-mid(1,0)/NOR-out(1,0)|edges=0101001000000000",63,3,0.053986440170876546,0.027350641887437126,150587,0.03354460761993223,923449,0.03679648989594948,2025940,0.04095564151586561,5637336,0.05280790640735529,7268740,0.05557543964750463,3059871,0.057615741545448074,1586103,0.06074760838439921,334464
4,toxicity,6,0000000001001010,"NOR-in(0,2)/NOR-in(1,1)/NOR-mid(1,0)/NOT-mid(1,0)|edges=0110000100000000",63,1,0.003693673181147127,0.020555799944567486,113176,0.021668979077870108,596525,0.021593440905893206,1188891,0.020541862351331236,2827483,0.0105637825977434,1454051,0.006783232044943464,373471,0.004594502514749271,126482,0.0018505949274918781,10189
4,toxicity,6,0000000001001010,"NOR-in(0,2)/NOR-mid(1,0)/NOT-in(1,0)/NOT-in(1,1)|edges=0101000000000010",63,1,0.08985777788576699,0.031247082618783048,172040,0.02769978624348119,762547,0.02546081930483124,1401821,0.021878301066250758,3011437,0.009852147175879409,1356098,0.006848508695525509,377065,0.005027137395211818,138392,0.00290439331490064,15991
4,toxicity,6,0000000001001010,"NOR-in(0,2)/NOR-mid(1,1)/NOR-out(1,0)/NOT-in(1,0)|edges=0101001000000000",63,1,0.08985777788576699,0.031247082618783048,172040,0.02769978624348119,762547,0.02546081930483124,1401821,0.021878301066250758,3011437,0.009852147175879409,1356098,0.006848508695525509,377065,0.005027137395211818,138392,0.00290439331490064,15991
4,toxicity,6,0000000001001010,"NOR-in(1,0)/NOR-mid(1,1)/NOR-out(1,0)/NOT-in(0,2)|edges=0000001000001100",63,1,0.003693673181147127,0.020555799944567486,113176,0.021668979077870108,596525,0.021593440905893206,1188891,0.020541862351331236,2827483,0.0105637825977434,1454051,0.006783232044943464,373471,0.004594502514749271,126482,0.0018505949274918781,10189
4,toxicity,6,0000000001001010,"NOR-in(1,1)/NOR-mid(1,0)/NOT-in(0,2)/NOT-mid(1,0)|edges=0001000011000000",63,1,0.003693673181147127,0.020555799944567486,113176,0.021668979077870108,596525,0.021593440905893206,1188891,0.020541862351331236,2827483,0.0105637825977434,1454051,0.006783232044943464,373471,0.004594502514749271,126482,0.0018505949274918781,10189
4,toxicity,6,0000000001001100,"NOR-in(0,1)/NOR-in(0,2)/NOR-in(2,0)/NOR-out(1,0)|edges=0010001100000000",63,1,-0.18319182923682534,0.0030956479664876672,17044,0.006381637390553993,175680,0.008154514381015398,448971,0.01046470149425057,1440413,0.019858873250526595,2733473,0.022820128572843185,1256430,0.025537626938470347,703025,0.031211466750408704,171844
4,toxicity,6,0000000001001100,"NOR-in(0,1)/NOR-in(0,2)/NOR-mid(1,0)/NOR-mid(2,0)|edges=0001001100000000",63,1,-0.042915651390055515,0.008033173780203183,44229,0.010917947029285679,300560,0.01227210179147727,675677,0.01412615881501475,1944394,0.01715041875247135,2360668,0.016807357161647725,925379,0.015835708012067424,435941,0.013419855472332163,73887
4,toxicity,6,0000000001001100,"NOR-in(0,1)/NOR-in(0,2)/NOR-mid(2,0)/NOR-out(1,0)|edges=0010001100000000",63,1,-0.031801334629564,0.005045593787199448,27780,0.008920016484443578,245559,0.01060634837438337,583964,0.012652417539274242,1741541,0.017891325142194315,2462650,0.01866981224807917,1027922,0.018689100329045888,514492,0.01818338017184433,100114
4,toxicity,6,0000000001001100,"NOR-in(0,1)/NOR-in(0,2)/NOR-mid(2,0)/NOT-in(1,0)|edges=0010001100000000",63,1,0.08985777788576699,0.031247082618783048,172040,0.02769978624348119,762547,0.02546081930483124,1401821,0.021878301066250758,3011437,0.009852147175879409,1356098,0.006848508695525509,377065,0.005027137395211818,138392,0.00290439331490064,15991
4,toxicity,6,0000000001001100,"NOR-in(0,2)/NOR-in(1,0)/NOR-mid(2,0)/NOT-in(0,1)|edges=0110000000000010",63,1,0.06697596373830791,0.027442726698456207,151094,0.023692010439178925,652217,0.02222929799680769,1223900,0.020329003060919358,2798184,0.01265634076910605,1742081,0.009300487856690399,512066,0.007281924322169937,200464,0.003675943737119258,20239
4,toxicity,6,0000000001001100,"NOR-in(0,2)/NOR-in(2,0)/NOR-out(1,0)/NOT-in(0,1)|edges=0110000000000100",63,1,0.20400401993449474,0.0392724464446,216226,0.03086572207438814,849702,0.027086487698084177,1491327,0.022244409746469393,3061830,0.010060749136697156,1384811,0.0070818264065374585,389911,0.0057532084271753265,158380,0.0037912767216081522,20874
4,toxicity,6,0000000001001110,"NOR-in(0,3)/NOR-mid(1,1)/NOR-out(1,0)/NOR-out(2,0)|edges=0111000100000000",63,1,-0.031801334629564,0.005045593787199448,27780,0.008920016484443578,245559,0.01060634837438337,583964,0.012652417539274242,1741541,0.017891325142194315,2462650,0.01866981224807917,1027922,0.018689100329045888,514492,0.01818338017184433,100114
4,toxicity,6,0000000011001100,"NOR-in(0,2)/NOR-in(2,0)/NOR-mid(2,0)/NOT-in(0,2)|edges=0110000000000110",63,1,0.003693673181147127,0.020555799944567486,113176,0.021668979077870108,596525,0.021593440905893206,1188891,0.020541862351331236,2827483,0.0105637825977434,1454051,0.006783232044943464,373471,0.004594502514749271,126482,0.0018505949274918781,10189
4,toxicity,6,0000000100011000,"NOR-in(0,1)/NOR-in(0,1)/NOR-in(2,1)/NOR-mid(1,0)|edges=0010001000010000",63,7,-0.09731510565398294,0.04475866696065999,246432,0.06362508461536086,1751534,0.07329976156585072,4035736,0.08774169798638409,12077199,0.13079202000910764,18002857,0.14240408273664712,7840480,0.14973137224410038,4121953,0.15774700738149264,868523
4,toxicity,6,0000000100011000,"NOR-in(0,1)/NOR-in(0,1)/NOR-in(2,1)/NOT-mid(1,0)|edges=0010001000010000",63,1,0.0016979385879314257,0.01347380595786911,74184,0.01551546488183273,427125,0.01620849835561497,892407,0.0168768451461921,2323012,0.014935204400824995,2055755,0.013857030549545122,762940,0.01263984032539955,347962,0.010007997025680388,55102
4,toxicity,6,0000000100011000,"NOR-in(0,1)/NOR-in(0,1)/NOR-mid(2,1)/NOR-out(1,0)|edges=0010001000010000",63,12,-0.09962469997983081,0.14256563176900552,784937,0.16048383185940202,4417957,0.16761179476126334,9228365,0.17686844527208123,24345043,0.20117259831436277,27690386,0.20545542432983183,11311959,0.20530239634317093,5651767,0.20337727671397982,1119754
4,toxicity,6,0000000100011000,"NOR-in(0,1)/NOR-in(0,1)/NOR-mid(2,1)/NOT-out(1,0)|edges=0010001000010000",63,2,0.1692053243913617,0.029805147086868853,164101,0.03189154994272401,877942,0.032933924605900375,1813275,0.033460341289747564,4605646,0.030423019101780285,4187574,0.029102815483287324,1602342,0.027907201961336246,768257,0.0243334434596844,133975
4,toxicity,6,0000000100011000,"NOR-in(0,1)/NOR-in(2,1)/NOT-in(0,1)/NOT-mid(1,0)|edges=0100000101000000",63,2,0.1478998131476991,0.059828246389167485,329402,0.052534701152258244,1446227,0.04867992860397738,2680218,0.04278627209780063,5889313,0.02062453173444056,2838862,0.013865058451480923,763382,0.010347710941924597,284862,0.00564187164910003,31063
4,toxicity,6,0000000100011000,"NOR-in(0,1)/NOR-mid(2,1)/NOR-out(1,0)/NOT-in(0,1)|edges=0100001000000100",63,6,-0.1592444922265878,0.09045707122351472,498038,0.09601418286943743,2643173,0.09684227545698244,5331939,0.0975525940223584,13427619,0.09267033678155602,12755601,0.08844797262056801,4869766,0.08579705457378435,2361906,0.08058288382226951,443673
4,toxicity,6,0000000100011000,"NOR-in(2,1)/NOR-mid(1,0)/NOT-in(0,1)/NOT-in(0,1)|edges=0100000010001000",63,3,-0.07035506642255666,0.05107147125373743,281189,0.050335964075682416,1385698,0.049274320307746915,2712944,0.04806269639300891,6615586,0.0467319029771088,6432409,0.045434256096465016,2501518,0.04424688783499371,1218072,0.040569966528006755,223370
4,toxicity,6,0000000101001000,"NOR-in(0,1)/NOR-in(1,0)/NOT-in(1,1)/NOT-in(1,1)|edges=0001000001000010",63,1,0.10643725708357972,0.027098362198077153,149198,0.023445833545987983,645440,0.022075296675037177,1215421,0.020217934668420746,2782896,0.012150415810117917,1672443,0.009954380448302746,548068,0.00851171893829584,234319,0.006586330734678376,36263
4,toxicity,6,0000000101001000,"NOR-in(0,1)/NOR-in(1,0)/NOT-in(1,1)/NOT-in(1,1)|edges=0010000000010100",63,1,0.08985777788576699,0.031247082618783048,172040,0.02769978624348119,762547,0.02546081930483124,1401821,0.021878301066250758,3011437,0.009852147175879409,1356098,0.006848508695525509,377065,0.005027137395211818,138392,0.00290439331490064,15991
4,toxicity,6,0000000101001000,"NOR-in(0,1)/NOR-in(1,1)/NOR-in(1,1)/NOR-mid(1,0)|edges=0100001000010000",63,8,0.04389589564624574,0.05633156634628902,310150,0.07421123590281298,2042960,0.0836023755253304,4602977,0.09910563353881857,13641387,0.15483429504579097,21312154,0.17493553885348337,9631596,0.18874152543281014,5195863,0.21077166484706938,1160466
4,toxicity,6,0000000101001000,"NOR-in(0,1)/NOR-in(1,1)/NOR-in(1,1)/NOR-out(1,0)|edges=0010000101000000",63,1,0.20851583282143427,0.021935074214545623,120770,0.020114907977900384,553743,0.01946239607930325,1071560,0.018555621231789738,2554087,0.013472099177158876,1854366,0.011508814745301552,633652,0.010087875736219425,277709,0.0069730140795238186,38392
4,toxicity,6,0000000101001000,"NOR-in(0,1)/NOR-in(1,1)/NOR-in(1,1)/NOR-out(1,0)|edges=0100001000010000",63,1,0.11265533749662902,0.006974834147445401,38402,0.010009704317104318,275557,0.011365584516929783,625766,0.013342635529157197,1836546,0.018134225499453416,2496084,0.018894738803674063,1040306,0.018745368291248784,516041,0.017451787634015566,96086
4,toxicity,6,0000000101001000,"NOR-in(0,1)/NOR-in(1,1)/NOR-in(1,1)/NOT-in(1,0)|edges=0010000101000000",63,1,0.20851583282143427,0.021935074214545623,120770,0.020114907977900384,553743,0.01946239607930325,1071560,0.018555621231789738,2554087,0.013472099177158876,1854366,0.011508814745301552,633652,0.010087875736219425,277709,0.0069730140795238186,38392
4,toxicity,6,0000000101001000,"NOR-in(0,1)/NOR-in(1,1)/NOR-in(1,1)/NOT-mid(1,0)|edges=0010000101000000",63,1,0.0016979385879314257,0.01347380595786911,74184,0.01551546488183273,427125,0.01620849835561497,892407,0.0168768451461921,2323012,0.014935204400824995,2055755,0.013857030549545122,762940,0.01263984032539955,347962,0.010007997025680388,55102
4,toxicity,6,0000000101001000,"NOR-in(0,1)/NOR-in(1,1)/NOR-in(1,1)/NOT-mid(1,0)|edges=0100001000010000",63,1,0.0016979385879314257,0.01347380595786911,74184,0.01551546488183273,427125,0.01620849835561497,892407,0.0168768451461921,2323012,0.014935204400824995,2055755,0.013857030549545122,762940,0.01263984032539955,347962,0.010007997025680388,55102
4,toxicity,6,0000000101001000,"NOR-in(0,1)/NOR-in(1,1)/NOR-mid(1,0)/NOT-in(1,1)|edges=0001001000000100",63,1,-0.051708653164456775,0.007266890116121308,40010,0.009926192338729524,273258,0.011404725081668014,627921,0.01346808876055869,1853814,0.016892901073958275,2325222,0.017447664073061028,960633,0.017484733455684368,481337,0.01665826037538253,91717
4,toxicity,6,0000000101001000,"NOR-in(0,1)/NOR-in(1,1)/NOR-mid(1,0)/NOT-in(1,1)|edges=0100000100000010",63,2,0.07339022193445131,0.037198812741631816,204809,0.03731775799216717,1027320,0.03684709110864587,2028726,0.035554308869517305,4893870,0.027120085703998997,3732942,0.023445996158376482,1290889,0.02063748295569321,568129,0.01569908952327883,86436
4,toxicity,6,0000000101001000,"NOR-in(0,1)/NOR-in(1,1)/NOR-mid(1,1)/NOR-out(1,0)|edges=0100001000010000",63,33,-0.10634243045145567,0.3371215850066312,1856122,0.3937098298393493,10838432,0.42047292009627163,23150385,0.45935821677981287,63228325,0.5791558640824221,79717862,0.61155884927981,33671190,0.6317979299419917,17392757,0.6655372510101626,3664313
4,toxicity,6,0000000101001000,"NOR-in(0,1)/NOR-in(1,1)/NOR-mid(1,1)/NOT-out(1,0)|edges=0100001000010000",63,2,0.1417862866382182,0.029805147086868853,164101,0.03189154994272401,877942,0.032933924605900375,1813275,0.033460341289747564,4605646,0.030423019101780285,4187574,0.029102815483287324,1602342,0.027907201961336246,768257,0.0243334434596844,133975
4,toxicity,6,0000000101001000,"NOR-in(0,1)/NOR-in(1,1)/NOR-out(1,0)/NOT-mid(1,1)|edges=0100000100000010",63,3,0.019513637487540696,0.063942457709097,352054,0.063372877714162,1744591,0.06232676327018165,3431585,0.059187458570937455,8146853,0.03636063747474762,5004857,0.02829016295769121,1557599,0.02283167920417849,628533,0.014312006054709246,78799
4,toxicity,6,0000000101001000,"NOR-in(0,1)/NOR-in(1,1)/NOT-in(1,1)/NOT-mid(1,0)|edges=0100001000010000",63,2,0.029602835465678327,0.04456777714531274,245381,0.04379293315754286,1205575,0.04270330058851245,2351157,0.03967265192206149,5460739,0.024924843030348254,3430778,0.020499338406434586,1128652,0.017395518403928195,478881,0.011830258180604914,65135
4,toxicity,6,0000000101001000,"NOR-in(0,1)/NOR-mid(1,1)/NOR-out(1,0)/NOT-in(1,1)|edges=0001001000000100",63,3,0.1432708445304998,0.07203429696062003,396606,0.06658505571491284,1833019,0.06344660116322126,3493241,0.058036489831953114,7988428,0.03626245731598709,4991343,0.029882339291392716,1645261,0.025750057566593352,708873,0.020142406267430493,110900
4,toxicity,6,0000000101001000,"NOR-in(0,1)/NOR-out(1,0)/NOT-in(1,1)/NOT-mid(1,1)|edges=0010000000010100",63,2,0.06856800874330009,0.04456777714531274,245381,0.04379293315754286,1205575,0.04270330058851245,2351157,0.03967265192206149,5460739,0.024924843030348254,3430778,0.020499338406434586,1128652,0.017395518403928195,478881,0.011830258180604914,65135
4,toxicity,6,0000000101001000,"NOR-in(1,1)/NOR-in(1,1)/NOR-mid(1,0)/NOT-in(0,1)|edges=0010100000000100",63,1,-0.12056876541362083,0.008579325706700978,47236,0.010659637469380001,293449,0.011698905929494057,644118,0.013489549777790565,1856768,0.017679105176414103,2433439,0.01822262904997663,1003301,0.01821298400845625,501385,0.01697429091555682,93457
4,toxicity,6,0000000101001000,"NOR-in(1,1)/NOR-in(1,1)/NOR-mid(1,0)/NOT-in(0,1)|edges=0100001000001000",63,1,0.10489279071096126,0.023683050982292474,130394,0.020166453648763294,555162,0.018948029121815226,1043240,0.01789061303533759,2462552,0.014368427213793486,1977741,0.01290973812112077,710784,0.011640893288227424,320462,0.009043740624654342,49793
4,toxicity,6,0000000101001000,"NOR-in(1,1)/NOR-in(1,1)/NOT-in(0,1)/NOT-mid(1,0)|edges=0100000110000000",63,1,0.20400401993449474,0.0392724464446,216226,0.03086572207438814,849702,0.027086487698084177,1491327,0.022244409746469393,3061830,0.010060749136697156,1384811,0.0070818264065374585,389911,0.0057532084271753265,158380,0.0037912767216081522,20874
4,toxicity,6,0000000101001000,"NOR-in(1,1)/NOR-mid(1,0)/NOT-in(0,1)/NOT-in(1,1)|edges=0100000000011000",63,4,0.17193215136061507,0.15748536904940505,867082,0.12207907411043306,3360713,0.1074470618413113,5915817,0.08890435622324457,12237233,0.04152450407559178,5715637,0.03071871226931497,1691310,0.024378303495148586,671110,0.015999863416686085,88092
4,toxicity,6,0000000101001000,"NOR-in(1,1)/NOR-mid(1,1)/NOR-out(1,0)/NOT-in(0,1)|edges=0100001000001000",63,13,-0.19109059747071674,0.2706913843852494,1490371,0.24419698001942317,6722495,0.23264977318723834,12809224,0.21978649121231644,30252494,0.19455551425040252,26779578,0.19049842591368968,10488457,0.18892326114288185,5200866,0.18691372021162422,1029109
4,toxicity,6,0000000101001000,"NOR-in(1,1)/NOR-out(1,0)/NOT-in(0,1)/NOT-mid(1,1)|edges=0001000010000100",63,2,0.1478998131476991,0.059828246389167485,329402,0.052534701152258244,1446227,0.04867992860397738,2680218,0.04278627209780063,5889313,0.02062453173444056,2838862,0.013865058451480923,763382,0.010347710941924597,284862,0.00564187164910003,31063
4,toxicity,6,0000000101001000,"NOR-mid(1,0)/NOT-in(0,1)/NOT-in(1,1)/NOT-in(1,1)|edges=0000001000011000",63,1,0.0033362447005741043,0.026294663403679832,144773,0.022982649015210695,632689,0.021188794668397595,1166612,0.01899985121136327,2615233,0.012928054394801162,1779481,0.011894862382508385,654907,0.011033606140320383,303744,0.009344696144808826,51450
4,toxicity,6,0000000101001000,"NOR-mid(1,1)/NOR-out(1,0)/NOT-in(0,1)/NOT-in(1,1)|edges=0100000000011000",63,1,0.0033362447005741043,0.026294663403679832,144773,0.022982649015210695,632689,0.021188794668397595,1166612,0.01899985121136327,2615233,0.012928054394801162,1779481,0.011894862382508385,654907,0.011033606140320383,303744,0.009344696144808826,51450
4,toxicity,6,0000000101011000,"NOR-in(0,2)/NOR-in(1,1)/NOR-in(2,1)/NOR-mid(1,0)|edges=0110001000010000",63,1,-0.01929475454494134,0.008328499032110536,45855,0.011488218690227772,316259,0.012847513499816892,707358,0.014463708504462061,1990856,0.015986183986929442,2200417,0.014405071076718918,793114,0.012746309916888696,350893,0.009075162051924544,49966
4,toxicity,6,0000000101011000,"NOR-in(0,2)/NOR-in(1,1)/NOR-in(2,1)/NOT-in(1,0)|edges=0110001000010000",63,1,-0.007319375156551803,0.026294118523141258,144770,0.024745191295647114,681210,0.023967792927487026,1319618,0.021866313700498356,3009787,0.01080733681132102,1487575,0.007532860091541331,414744,0.00548719791251309,151057,0.0027472861785496267,15126
4,toxicity,6,0000000101011000,"NOR-in(0,2)/NOR-in(1,1)/NOR-mid(2,1)/NOR-out(1,0)|edges=0110001000010000",63,4,0.0009654670469910352,0.03932203057361027,216499,0.04777974923521518,1315328,0.05118979234413823,2818406,0.056040041288846695,7713627,0.06945173181437958,9559678,0.07376432244907241,4061314,0.07697987579419469,2119178,0.08236954613473763,453510
4,toxicity,6,0000000101011000,"NOR-in(1,1)/NOR-in(2,1)/NOR-mid(1,0)/NOT-in(0,2)|edges=0100001000001100",63,2,0.3289884594098778,0.06606440415315211,363737,0.05219781986150234,1436953,0.04700414939025448,2587953,0.04072391483826646,5605440,0.0245805731485083,3383391,0.019570535580206258,1077514,0.016737993301388098,460780,0.012466859929634165,68640
4,toxicity,6,0000000101011000,"NOR-in(1,1)/NOR-in(2,1)/NOR-out(1,0)/NOT-in(0,2)|edges=0100001000001100",63,2,0.3070675171373405,0.09130181768515132,502689,0.06829703310892138,1880148,0.059268804484960205,3263220,0.047582322689424354,6549465,0.0204834949265363,2819449,0.01328848436335432,731637,0.009844931816779165,271021,0.004904830308854468,27005
4,toxicity,6,0000000101011000,"NOR-in(1,1)/NOR-in(2,1)/NOT-in(0,2)/NOT-mid(1,0)|edges=0100000111000000",63,1,0.07231476982927781,0.04176327701327002,229940,0.03286016538568349,904607,0.02888079652919998,1590118,0.023207620012420365,3194411,0.0106380534104568,1464274,0.007472923267133777,411444,0.00601914629114395,165701,0.003465438337083623,19080
4,toxicity,6,0000000101011000,"NOR-in(1,1)/NOR-mid(2,1)/NOR-out(1,0)/NOT-in(0,2)|edges=0100001000001100",63,3,0.2662468452612662,0.10301947366719495,567204,0.08067613099429564,2220932,0.07233446987483319,3982589,0.06207426325650086,8544207,0.03384499793995302,4658592,0.026208157467187496,1442968,0.02198348235625234,605183,0.015890887368350124,87492
4,toxicity,6,0000000110001000,"NOR-in(0,1)/NOR-in(0,1)/NOR-in(1,1)/NOR-in(2,0)|edges=0001001000010000",63,1,0.025735587588392575,0.009194859088443919,50625,0.012061432704474937,332039,0.01322684096828926,728243,0.014886913371012894,2049108,0.016150316453017784,2223009,0.015698580398130175,864332,0.015154644084796873,417192,0.013406051839542939,73811
4,toxicity,6,0000000110001000,"NOR-in(0,1)/NOR-in(0,1)/NOR-in(1,1)/NOR-in(2,0)|edges=0010000100010000",63,1,-0.009617272761732916,0.004921179397558281,27095,0.007852160186799477,216162,0.009526359390409044,524502,0.01225648574607766,1687043,0.01904814227105615,2621880,0.020591622953348154,1133733,0.021500827473237574,591896,0.023646894355167834,130195
4,toxicity,6,0000000110001000,"NOR-in(0,1)/NOR-in(0,1)/NOR-in(1,1)/NOR-mid(2,0)|edges=0001001000010000",63,3,0.06991502384837277,0.04444408926305634,244700,0.046750107205187554,1286983,0.04765673430489236,2623883,0.048549303526784715,6682565,0.0462553143716115,6366809,0.04403022690338104,2424215,0.04195523068102724,1154985,0.03731067454902533,205425
4,toxicity,6,0000000110001000,"NOR-in(0,1)/NOR-in(0,1)/NOR-in(1,1)/NOR-mid(2,0)|edges=0010000100010000",63,5,0.08681819001916043,0.07956200322787231,438052,0.07745443575199012,2132242,0.07749174329332781,4266538,0.07830977706986934,10778943,0.08065385980575135,11101594,0.07984128075040614,4395899,0.07876701020636902,2168376,0.07550242044884692,415701
4,toxicity,6,0000000110001000,"NOR-in(0,1)/NOR-in(0,1)/NOR-mid(1,1)/NOR-out(2,0)|edges=0010000100010000",63,1,-0.14280185105260354,0.010638066008281457,58571,0.012835889154649182,353359,0.013764201872393803,757829,0.015051786873064403,2071802,0.016705375081807416,2299410,0.016414680148407936,903759,0.01571027658954541,432488,0.014198852591187071,78176
4,toxicity,6,0000000110001000,"NOR-in(0,1)/NOR-in(0,1)/NOR-mid(2,0)/NOT-in(1,1)|edges=0001001000000010",63,1,0.07028519644666381,0.02723294769110504,149939,0.025117780404907773,691467,0.02362907720043215,1300969,0.020957860268290322,2884743,0.010912920076621209,1502108,0.007929532893074957,436584,0.00592640768074757,163148,0.0033842511810733304,18633
4,toxicity,6,0000000110001000,"NOR-in(0,1)/NOR-in(1,1)/NOR-mid(0,1)/NOR-out(2,0)|edges=0100000100010000",63,2,0.04676092941925588,0.03257314022282708,179341,0.032950797132549565,907102,0.03322659795169706,1829389,0.033607408104854145,4625889,0.03017747425896629,4153776,0.02792349489370949,1537411,0.02579815232576484,710197,0.02117186667071089,116568
4,toxicity,6,0000000110001000,"NOR-in(0,1)/NOR-in(1,1)/NOR-mid(2,0)/NOT-in(0,1)|edges=0010001000000100",63,4,0.1303789408831197,0.11322581266207926,623398,0.09632774328584945,2651805,0.08888297350743178,4893716,0.07908052836239797,10885033,0.05036817232607039,6932923,0.041977408830096395,2311191,0.036971175147127645,1017779,0.029364141104366907,161673
4,toxicity,6,0000000110001000,"NOR-in(0,1)/NOR-in(1,1)/NOR-mid(2,0)/NOT-in(0,1)|edges=0100001000000010",63,3,-0.19300562114566805,0.02688149974372452,148004,0.03455772161596223,951339,0.03714728380191431,2045254,0.04066724002600314,5597639,0.0533000349980227,7336479,0.056422910019279314,3106531,0.058127710983335495,1600197,0.06028518668596027,331918
4,toxicity,6,0000000110001000,"NOR-in(0,1)/NOR-mid(0,1)/NOR-mid(1,1)/NOR-out(2,0)|edges=0010000100010000",63,14,-0.0651184813090107,0.17801937377242955,980138,0.20035991156230423,5515705,0.20775306840686406,11438462,0.2166065264159404,29814788,0.2204388743183466,30342291,0.20946134739579583,11532517,0.19837762283080013,5461135,0.17482627855694644,962558
4,toxicity,6,0000000110001000,"NOR-in(0,1)/NOR-mid(0,1)/NOR-out(2,0)/NOT-mid(1,1)|edges=0001001000000010",63,1,0.003693673181147127,0.020555799944567486,113176,0.021668979077870108,596525,0.021593440905893206,1188891,0.020541862351331236,2827483,0.0105637825977434,1454051,0.006783232044943464,373471,0.004594502514749271,126482,0.0018505949274918781,10189
4,toxicity,6,0000000110001000,"NOR-in(0,1)/NOR-mid(1,1)/NOR-out(2,0)/NOT-mid(0,1)|edges=0100001000000010",63,3,0.10871904992317752,0.09182108883841276,505548,0.07935777508687661,2184639,0.0733664730713187,4039409,0.06418980809462492,8835401,0.03288809374794285,4526879,0.023739613947277246,1307055,0.01807531094406053,497595,0.01033038450200761,56877
4,toxicity,6,0000000110001000,"NOR-in(0,1)/NOR-out(2,0)/NOT-mid(0,1)/NOT-mid(1,1)|edges=0001000001000100",63,1,0.040181775796034803,0.029912851806660402,164694,0.026188433754459162,720941,0.024524824008673476,1350287,0.021768751073414114,2996358,0.010861650476179218,1495051,0.007649900363202625,421188,0.005597336364029668,154089,0.00245341410153698,13508
4,toxicity,6,0000000110001000,"NOR-in(1,1)/NOR-in(2,0)/NOT-in(0,1)/NOT-in(0,1)|edges=0100000010000100",63,1,0.20400401993449474,0.0392724464446,216226,0.03086572207438814,849702,0.027086487698084177,1491327,0.022244409746469393,3061830,0.010060749136697156,1384811,0.0070818264065374585,389911,0.0057532084271753265,158380,0.0037912767216081522,20874
4,toxicity,6,0000000110001000,"NOR-in(1,1)/NOR-mid(2,0)/NOT-in(0,1)/NOT-in(0,1)|edges=0100000001001000",63,1,0.07028519644666381,0.02723294769110504,149939,0.025117780404907773,691467,0.02362907720043215,1300969,0.020957860268290322,2884743,0.010912920076621209,1502108,0.007929532893074957,436584,0.00592640768074757,163148,0.0033842511810733304,18633
4,toxicity,6,0000000110001000,"NOR-in(1,1)/NOR-mid(2,0)/NOT-in(0,1)/NOT-in(0,1)|edges=0100000010000100",63,2,-0.16506204096702332,0.02387266940971638,131438,0.027138922848045432,747107,0.028130478260104362,1548807,0.029756586730552786,4095843,0.03395405390881156,4673603,0.03438352215370374,1893087,0.03417949959437302,940927,0.03248012957978654,178829
4,toxicity,6,0000000110001000,"NOR-in(1,1)/NOR-out(2,0)/NOT-in(0,1)/NOT-mid(0,1)|edges=0100000010000100",63,1,0.20400401993449474,0.0392724464446,216226,0.03086572207438814,849702,0.027086487698084177,1491327,0.022244409746469393,3061830,0.010060749136697156,1384811,0.0070818264065374585,389911,0.0057532084271753265,158380,0.0037912767216081522,20874
4,toxicity,6,0000000110001000,"NOR-in(2,0)/NOT-in(0,1)/NOT-in(0,1)/NOT-in(1,1)|edges=0000100000011000",63,1,0.0579821006889847,0.05815419174782057,320185,0.03979808917764313,1095601,0.032899233896550015,1811365,0.02481615013470893,3415817,0.008859019343823363,1219399,0.005577938831455688,307110,0.0039340713844646736,108301,0.0017804870030624085,9803
4,toxicity,6,0000000110001000,"NOR-mid(0,1)/NOR-mid(1,1)/NOR-out(2,0)/NOT-in(0,1)|edges=0010001000000100",63,6,-0.14054215427351469,0.0852977790305994,469632,0.0928899485396937,2557166,0.09466923852567101,5212296,0.0964155524228573,13271111,0.09133006209985856,12571119,0.08492079948022786,4675567,0.07967103911233639,2193263,0.06951091731133567,382713
4,toxicity,6,0000000110001000,"NOR-mid(0,1)/NOR-out(2,0)/NOT-in(0,1)/NOT-mid(1,1)|edges=0100000000010100",63,1,0.12010418675741927,0.03027955640912101,166713,0.026553430865685748,730989,0.024761320200532642,1363308,0.021655975389429555,2980835,0.011661389404428362,1605131,0.008618497608302755,474517,0.006575432652135002,181015,0.0037511372104710727,20653
4,toxicity,6,0000000110001000,"NOR-mid(1,1)/NOR-out(2,0)/NOT-in(0,1)/NOT-mid(0,1)|edges=0100000010000100",63,2,-0.12246332283795615,0.03501129900610157,192765,0.03720042711345878,1024090,0.03733871839696811,2055794,0.03603599755079955,4960172,0.027135720135081774,3735094,0.023964050110672437,1319412,0.02187624993248026,602231,0.018252216709043215,100493
4,toxicity,6,0000000110001000,"NOR-out(2,0)/NOT-in(0,1)/NOT-mid(0,1)/NOT-mid(1,1)|edges=0000000110001000",63,1,0.040181775796034803,0.029912851806660402,164694,0.026188433754459162,720941,0.024524824008673476,1350287,0.021768751073414114,2996358,0.010861650476179218,1495051,0.007649900363202625,421188,0.005597336364029668,154089,0.00245341410153698,13508
4,toxicity,6,0000000110001010,"NOR-in(0,1)/NOR-in(1,1)/NOR-in(1,2)/NOR-mid(2,0)|edges=0010000101010000",63,3,0.022097989385676746,0.020128795229171305,110825,0.028437735717462886,782862,0.032426513952957474,1785338,0.03837513945302159,5282143,0.056001347932065695,7708301,0.06030153090273648,3320080,0.06248424615115696,1720128,0.0644524307743275,354862
4,toxicity,6,0000000110001010,"NOR-in(0,1)/NOR-in(1,2)/NOR-mid(1,1)/NOR-out(2,0)|edges=0100001100010000",63,1,0.35859095797579216,0.04953854067188129,272749,0.03543686772323789,975541,0.03038800795576023,1673102,0.02437470267700399,3355054,0.0098454415160795,1355175,0.005815561096220544,320193,0.003825785525635215,105320,0.0014393919717708445,7925
4,toxicity,6,0000000110001010,"NOR-in(0,1)/NOR-in(1,2)/NOR-out(2,0)/NOT-mid(1,1)|edges=0100001100000010",63,1,0.07231476982927781,0.04176327701327002,229940,0.03286016538568349,904607,0.02888079652919998,1590118,0.023207620012420365,3194411,0.0106380534104568,1464274,0.007472923267133777,411444,0.00601914629114395,165701,0.003465438337083623,19080
4,toxicity,6,0000000110001010,"NOR-in(1,2)/NOR-mid(1,1)/NOR-out(2,0)/NOT-in(0,1)|edges=0110001000001000",63,3,0.18324727632847035,0.08506711293593622,468362,0.07159809923976493,1971023,0.0662753106639295,3648984,0.059074661091742434,8131327,0.038562237084828394,5307896,0.032187273443344405,1772166,0.028138776047226147,774632,0.022532614260932612,124060
4,toxicity,6,0000000110001010,"NOR-in(1,2)/NOR-out(2,0)/NOT-in(0,1)/NOT-mid(1,1)|edges=0101000010000100",63,1,0.07231476982927781,0.04176327701327002,229940,0.03286016538568349,904607,0.02888079652919998,1590118,0.023207620012420365,3194411,0.0106380534104568,1464274,0.007472923267133777,411444,0.00601914629114395,165701,0.003465438337083623,19080
4,toxicity,6,0000000110011000,"NOR-in(0,1)/NOR-in(0,2)/NOR-in(2,1)/NOR-mid(2,0)|edges=0010001100010000",63,1,0.1909653275323237,0.01852194252091524,101978,0.019096744758297483,525714,0.01880358136712235,1035287,0.01836319131864801,2527600,0.012185709521177458,1677301,0.009697033519505585,533899,0.008175418877563493,225061,0.00546642021127913,30097
4,toxicity,6,0000000110011000,"NOR-in(0,1)/NOR-in(0,2)/NOR-mid(2,1)/NOR-out(2,0)|edges=0010001100010000",63,2,0.23584344216788827,0.054584134459080745,300529,0.04435688420768147,1221100,0.040994356330143596,2257066,0.037027120216278235,5096595,0.027736766658273817,3817825,0.024485373344299715,1348115,0.022514885854681106,619812,0.019622772143615175,108039
4,toxicity,6,0000000110011000,"NOR-in(0,1)/NOR-in(2,1)/NOR-mid(2,0)/NOT-in(0,2)|edges=0100001000000110",63,1,0.11488017587417851,0.015327671176945596,84391,0.01661361652091423,457356,0.017002407044836687,936118,0.0171781711958567,2364488,0.013284427883603898,1828534,0.010614593650488979,584418,0.008775368305415669,241577,0.006078320722685562,33466
4,toxicity,6,0000000110011000,"NOR-in(0,2)/NOR-mid(2,1)/NOR-out(2,0)/NOT-in(0,1)|edges=0110001000000100",63,2,-0.0342142986551357,0.03552857226405492,195613,0.03616123151652704,995482,0.035887302708169276,1975882,0.03469995841473844,4776273,0.02871679556874889,3952721,0.026371712347123863,1451973,0.024312990521590933,669312,0.02109322228916177,116135
4,toxicity,6,0000000110011000,"NOR-in(2,1)/NOR-mid(2,0)/NOT-in(0,1)/NOT-in(0,2)|edges=0100000010001100",63,1,0.0579821006889847,0.05815419174782057,320185,0.03979808917764313,1095601,0.032899233896550015,1811365,0.02481615013470893,3415817,0.008859019343823363,1219399,0.005577938831455688,307110,0.0039340713844646736,108301,0.0017804870030624085,9803
4,toxicity,6,0000000111001000,"NOR-in(0,2)/NOR-in(1,1)/NOR-in(1,1)/NOR-in(2,0)|edges=0101001000010000",63,1,-0.03221726332152771,0.005219773932697082,28739,0.007999205201354137,220210,0.009466967442987227,521232,0.011594092974880585,1595868,0.019824378697189688,2728725,0.02288041048805793,1259749,0.024867061036426802,684565,0.02746032953993763,151191
4,toxicity,6,0000000111001000,"NOR-in(0,2)/NOR-in(1,1)/NOR-in(1,1)/NOR-mid(2,0)|edges=0101001000010000",63,1,0.025735587588392575,0.009194859088443919,50625,0.012061432704474937,332039,0.01322684096828926,728243,0.014886913371012894,2049108,0.016150316453017784,2223009,0.015698580398130175,864332,0.015154644084796873,417192,0.013406051839542939,73811
4,toxicity,6,0000000111001000,"NOR-in(0,2)/NOR-in(1,1)/NOR-mid(1,1)/NOR-out(2,0)|edges=0101001000010000",63,1,-0.14280185105260354,0.010638066008281457,58571,0.012835889154649182,353359,0.013764201872393803,757829,0.015051786873064403,2071802,0.016705375081807416,2299410,0.016414680148407936,903759,0.01571027658954541,432488,0.014198852591187071,78176
4,toxicity,6,0000000111001000,"NOR-in(0,2)/NOR-in(1,1)/NOR-out(2,0)/NOT-mid(1,1)|edges=0110000100000010",63,1,0.20400401993449474,0.0392724464446,216226,0.03086572207438814,849702,0.027086487698084177,1491327,0.022244409746469393,3061830,0.010060749136697156,1384811,0.0070818264065374585,389911,0.0057532084271753265,158380,0.0037912767216081522,20874
4,toxicity,6,0000000111001000,"NOR-in(0,2)/NOR-mid(1,1)/NOR-out(2,0)/NOT-in(1,1)|edges=0011001000000100",63,1,0.20851583282143427,0.021935074214545623,120770,0.020114907977900384,553743,0.01946239607930325,1071560,0.018555621231789738,2554087,0.013472099177158876,1854366,0.011508814745301552,633652,0.010087875736219425,277709,0.0069730140795238186,38392
4,toxicity,6,0000001110001000,"NOR-in(0,2)/NOR-in(1,1)/NOR-in(1,1)/NOR-in(2,0)|edges=0110000100010000",63,3,0.05453169157655682,0.02722168682664117,149877,0.03418647654463105,941119,0.037434671809270695,2061077,0.04192679976856393,5771011,0.053166408561728315,7318086,0.05604774182383616,3085875,0.057098069028112076,1571852,0.05505597100655909,303127
4,toxicity,6,0000001110001000,"NOR-in(0,2)/NOR-in(1,1)/NOR-in(1,1)/NOR-mid(2,0)|edges=0110000100010000",63,7,-0.06579094895525048,0.06642547832338079,365725,0.08123368878293188,2236281,0.08827697585430368,4860351,0.09719199953038586,13377985,0.12334098580129936,16977260,0.1291799124021495,7112384,0.13047933801559788,3591964,0.1318219687358615,725785
4,toxicity,6,0000001110001000,"NOR-in(0,2)/NOR-mid(1,1)/NOR-mid(1,1)/NOR-out(2,0)|edges=0110000100010000",63,1,-0.042915651390055515,0.008033173780203183,44229,0.010917947029285679,300560,0.01227210179147727,675677,0.01412615881501475,1944394,0.01715041875247135,2360668,0.016807357161647725,925379,0.015835708012067424,435941,0.013419855472332163,73887
4,toxicity,6,0000001110001000,"NOR-in(1,1)/NOR-in(1,1)/NOR-in(2,0)/NOT-in(0,2)|edges=0010001000001100",63,1,-0.12056876541362083,0.008579325706700978,47236,0.010659637469380001,293449,0.011698905929494057,644118,0.013489549777790565,1856768,0.017679105176414103,2433439,0.01822262904997663,1003301,0.01821298400845625,501385,0.01697429091555682,93457
4,toxicity,6,0000001110001010,"NOR-in(0,2)/NOR-in(1,2)/NOR-mid(2,1)/NOR-out(2,0)|edges=0110001100010000",63,1,0.11265533749662902,0.006974834147445401,38402,0.010009704317104318,275557,0.011365584516929783,625766,0.013342635529157197,1836546,0.018134225499453416,2496084,0.018894738803674063,1040306,0.018745368291248784,516041,0.017451787634015566,96086
4,toxicity,6,0000001110001010,"NOR-in(0,2)/NOR-in(2,1)/NOR-mid(2,0)/NOT-in(1,2)|edges=0101001000000110",63,1,0.2774941863707594,0.029537610742428794,162628,0.02426442529573829,667975,0.022432828933446492,1235106,0.020079941925935225,2763902,0.011701550712525757,1610659,0.010015624985242827,551440,0.009274042666371995,255305,0.008032079642602151,44223
4,toxicity,7,0000000000001110,"NOR-in(0,3)/NOR-in(1,0)/NOR-in(1,0)/NOR-mid(1,0)|edges=0111000000000000",82,1,0.05780908722138232,0.005889390243902439,48293,0.007556342200618751,309810,0.008451890656189788,693055,0.009982965658868963,2046508,0.014806814489689615,3035397,0.01561002400951161,1280022,0.015372512195121951,630273,0.014077317073170732,115434
4,toxicity,7,0000000000011100,"NOR-in(0,1)/NOR-in(1,0)/NOR-in(1,0)/NOR-in(1,2)|edges=0001000000000110",82,3,0.07167129853199126,0.030892317073170732,253317,0.03524678392651551,1445118,0.03694527009489122,3029512,0.03840205290922823,7872421,0.03457839478460103,7088571,0.0313912553319206,2574083,0.02851109756097561,1168955,0.021517073170731708,176440
4,toxicity,7,0000000000011100,"NOR-in(0,1)/NOR-in(1,0)/NOR-in(1,2)/NOR-mid(1,0)|edges=0010000001010000",82,4,0.16629108531056833,0.032080853658536586,263063,0.03932029651905332,1612132,0.04244811182673716,3480745,0.045983896663728846,9426699,0.051503306814601885,10558178,0.051557730449811455,4227734,0.05101109756097561,2091455,0.047026707317073174,385619
4,toxicity,7,0000000000011100,"NOR-in(0,1)/NOR-in(1,0)/NOR-in(1,2)/NOR-out(1,0)|edges=0010000001010000",82,2,0.1254766537573884,0.023339146341463415,191381,0.025400270770758123,1041411,0.025666415886166628,2104646,0.0255443312088911,5236588,0.022895199776632198,4693516,0.02128993850512345,1745775,0.020509146341463416,840875,0.01951560975609756,160028
4,toxicity,7,0000000000011100,"NOR-in(0,1)/NOR-in(1,0)/NOR-in(1,2)/NOT-in(1,0)|edges=0010000001010000",82,1,0.01841817959744126,0.01235719512195122,101329,0.014107708693434995,578416,0.014691049497124365,1204666,0.014546272886901992,2981986,0.00926439990961561,1899202,0.006890682758763835,565036,0.005634243902439024,231004,0.003849390243902439,31565
4,toxicity,7,0000000000011100,"NOR-in(0,1)/NOR-in(1,0)/NOR-mid(1,0)/NOT-in(1,2)|edges=0001000000000110",82,1,0.16068306096909757,0.030006951219512194,246057,0.023327343739253048,956421,0.02072530588903931,1699475,0.017168370396714722,3519516,0.00819445845663943,1679864,0.006230219360238552,510878,0.005123341463414634,210057,0.0031868292682926827,26132
4,toxicity,7,0000000000011100,"NOR-in(0,1)/NOR-in(1,0)/NOT-in(1,0)/NOT-in(1,2)|edges=0001000000000110",82,1,0.060399579851984,0.01818939024390244,149153,0.017865952962531996,732504,0.01727772035501075,1416773,0.01582810700823206,3244762,0.007996975531736825,1639380,0.006344451064769486,520245,0.005574390243902439,228550,0.004823170731707317,39550
4,toxicity,7,0000000000011100,"NOR-in(0,1)/NOR-in(1,2)/NOR-mid(1,0)/NOR-mid(1,0)|edges=0100001100000000",82,2,-0.1873790330026626,0.005070609756097561,41579,0.009309220420411749,381678,0.01169629325347772,959096,0.015585726525156555,3195074,0.03430166795803251,7031842,0.042713255055774266,3502487,0.04947819512195122,2028606,0.06806317073170731,558118
4,toxicity,7,0000000000011100,"NOR-in(0,1)/NOR-in(1,2)/NOR-mid(1,0)/NOR-out(1,0)|edges=0100001100000000",82,3,0.1599344886990614,0.02537792682926829,208099,0.028061636884062133,1150527,0.029607281932062534,2427797,0.032183872542753705,6597694,0.04224018983180303,8659239,0.044421315989724,3642548,0.044773,1835693,0.04368158536585366,358189
4,toxicity,7,0000000000011100,"NOR-in(0,1)/NOR-in(1,2)/NOR-mid(1,0)/NOT-in(1,0)|edges=0100001100000000",82,1,0.16386740150055806,0.02210341463414634,181248,0.01997824585153618,819108,0.018900757019549123,1549862,0.016773185038572,3438503,0.0076903365103381804,1576519,0.005635609618643668,462120,0.004470609756097561,183295,0.002645731707317073,21695
4,toxicity,7,0000000000011100,"NOR-in(0,1)/NOR-mid(1,2)/NOR-out(1,0)/NOR-out(1,0)|edges=0100001100000000",82,1,-0.11133537134929834,0.0016014634146341463,13132,0.0038197076897275796,156608,0.005064170978740048,415262,0.007140482787502775,1463799,0.01812839494508883,3716321,0.022971206756799836,1883639,0.02683973170731707,1100429,0.03756,307992
4,toxicity,7,0000000000011100,"NOR-in(0,1)/NOR-out(1,0)/NOT-mid(1,2)/NOT-out(1,0)|edges=0010000001010000",82,1,0.07941728966995977,0.018994268292682928,155753,0.016856538229906168,691118,0.015781939794240966,1294119,0.014516980204546727,2975981,0.009392907225435052,1925546,0.008126048582291498,666336,0.007395146341463415,303201,0.006104756097560976,50059
4,toxicity,7,0000000000011100,"NOR-in(1,0)/NOR-in(1,0)/NOR-in(1,2)/NOT-in(0,1)|edges=0000000011000010",82,1,-0.1688270670486912,0.004627926829268293,37949,0.007323220226655632,300252,0.00852684187935814,699201,0.01006303394998958,2062922,0.013408029137482642,2748646,0.014372694771397689,1178561,0.01504641463414634,616903,0.016466951219512194,135029
4,toxicity,7,0000000000011100,"NOR-in(1,0)/NOR-in(1,2)/NOR-mid(1,0)/NOT-in(0,1)|edges=0000101000000100",82,1,-0.08252430589038534,0.005571707317073171,45688,0.007503732439388531,307653,0.008492329682552667,696371,0.009851136393148559,2019483,0.014147063276614016,2900148,0.01529280450505355,1254010,0.016008780487804877,656360,0.016588658536585366,136027
4,toxicity,7,0000000000011100,"NOR-in(1,0)/NOR-in(1,2)/NOR-out(1,0)/NOT-in(0,1)|edges=0000101000000100",82,4,0.11431071576656766,0.07018902439024391,575550,0.06631725037241468,2719007,0.06401480800072235,5249214,0.05938014030477775,12172929,0.03616541428131303,7413910,0.028261852969223098,2317472,0.024242219512195122,993931,0.016885243902439024,138459
4,toxicity,7,0000000000011100,"NOR-in(1,0)/NOR-mid(1,0)/NOT-in(0,1)/NOT-in(1,2)|edges=0000000000011100",82,1,0.09740165402055294,0.018952560975609756,155411,0.01796514809416079,736571,0.017324830113406346,1420636,0.016023307004423278,3284778,0.007873024313433908,1613970,0.005669438886111247,464894,0.004554243902439024,186724,0.0027014634146341463,22152
4,toxicity,7,0000000000011100,"NOR-in(1,2)/NOR-mid(1,0)/NOR-out(1,0)/NOT-in(0,1)|edges=0110000000001000",82,1,0.02554106473593585,0.007191219512195122,58968,0.009434927749749049,386832,0.010283122452835242,843216,0.011391590021627512,2335276,0.01258634134062106,2580200,0.012108353363210894,992885,0.011593756097560975,475344,0.009946097560975609,81558
4,toxicity,7,0000000001001010,"NOR-in(0,2)/NOR-in(1,0)/NOR-in(1,0)/NOR-in(1,1)|edges=0101000000000010",82,7,-0.03570129456866176,0.04286109756097561,351461,0.05609966400972332,2300086,0.062378222555035244,5115014,0.07105131568680359,14565520,0.10078684291915276,20661303,0.10893302173334093,8932508,0.11350575609756097,4653736,0.12250426829268293,1004535
4,toxicity,7,0000000001001010,"NOR-in(0,2)/NOR-in(1,0)/NOR-in(1,1)/NOR-mid(1,0)|edges=0011000001000000",82,3,0.07047501744304122,0.03306378048780488,271123,0.03627912549064639,1487444,0.03693902619214762,3029000,0.037574082193676445,7702687,0.03485034600146004,7144321,0.033192169922142196,2721758,0.03199170731707317,1311660,0.028320487804878048,232228
4,toxicity,7,0000000001001010,"NOR-in(0,2)/NOR-in(1,0)/NOR-in(1,1)/NOR-mid(1,0)|edges=0110000000010000",82,6,-0.11140585637693923,0.042636341463414634,349618,0.05186590749911293,2126502,0.05628816128234933,4615629,0.06254561829179281,12821852,0.08493336014699161,17411339,0.09247833920784539,7583224,0.09733556097560976,3990758,0.10868719512195121,891235
4,toxicity,7,0000000001001010,"NOR-in(0,2)/NOR-in(1,0)/NOR-in(1,1)/NOR-out(1,0)|edges=0011000001000000",82,5,0.10658592157798583,0.05318731707317073,436136,0.05845232277583637,2396545,0.060309454161436786,4945375,0.06229104756505273,12769665,0.05817792138363004,11926474,0.05474742549396523,4489289,0.052446365853658534,2150301,0.04700219512195122,385418
4,toxicity,7,0000000001001010,"NOR-in(0,2)/NOR-in(1,0)/NOR-in(1,1)/NOR-out(1,0)|edges=0110000000010000",82,4,0.19774706688825375,0.031645365853658534,259492,0.03592314984616096,1472849,0.03823829454820949,3135540,0.0422313650296319,8657430,0.0569188384690845,11668362,0.06017858389808332,4934644,0.060913121951219514,2497438,0.06100121951219512,500210
4,toxicity,7,0000000001001010,"NOR-in(0,2)/NOR-in(1,0)/NOR-in(1,1)/NOT-in(1,0)|edges=0110000000010000",82,2,-0.1494401930262487,0.013795487804878048,113123,0.017963733459876435,736513,0.019917696093546152,1633251,0.022178980055044293,4546691,0.02511258999890156,5148081,0.025167853044686512,2063764,0.025017756097560975,1025728,0.024927073170731708,204402
4,toxicity,7,0000000001001010,"NOR-in(0,2)/NOR-in(1,0)/NOR-in(1,1)/NOT-mid(1,0)|edges=0110000000010000",82,1,0.04445123173295338,0.013514878048780488,110822,0.014288757491586097,585839,0.01407512263781086,1154160,0.013491765590404574,2765812,0.010781809650909174,2210271,0.009772524151889655,801347,0.00891580487804878,365548,0.007513292682926829,61609
4,toxicity,7,0000000001001010,"NOR-in(0,2)/NOR-in(1,0)/NOR-mid(1,0)/NOT-in(1,1)|edges=0011000000000100",82,1,0.16386740150055806,0.02210341463414634,181248,0.01997824585153618,819108,0.018900757019549123,1549862,0.016773185038572,3438503,0.0076903365103381804,1576519,0.005635609618643668,462120,0.004470609756097561,183295,0.002645731707317073,21695
4,toxicity,7,0000000001001010,"NOR-in(0,2)/NOR-in(1,0)/NOR-mid(1,1)/NOR-out(1,0)|edges=0110000000010000",82,8,0.10805065509134869,0.058424146341463416,479078,0.0719908362917889,2951624,0.07809961356583481,6404168,0.08687281293906707,17808927,0.1070168038339824,21938445,0.10937818025906877,8969011,0.10885026829268293,4462861,0.10172634146341464,834156
4,toxicity,7,0000000001001010,"NOR-in(0,2)/NOR-in(1,0)/NOR-mid(1,1)/NOT-out(1,0)|edges=0110000000010000",82,1,0.06931268248189826,0.008488536585365854,69606,0.01007480586095667,413067,0.010744939548533637,881085,0.011693248552326858,2397116,0.012888219386456396,2642085,0.012787633834447955,1048586,0.012545585365853658,514369,0.011140975609756097,91356
4,toxicity,7,0000000001001010,"NOR-in(0,2)/NOR-in(1,0)/NOR-out(1,0)/NOT-mid(1,1)|edges=0101000000000010",82,1,0.27163566356902835,0.02673390243902439,219218,0.022242782657832454,911954,0.02037468392071629,1670724,0.017479648439421493,3583328,0.006875136518291351,1409403,0.0041119511192207045,337180,0.002775682926829268,113803,0.001061829268292683,8707
4,toxicity,7,0000000001001010,"NOR-in(0,2)/NOR-in(1,1)/NOR-mid(1,0)/NOR-mid(1,0)|edges=0110000100000000",82,2,0.11262528505290517,0.011392073170731707,93415,0.015199367336523642,623174,0.017190354497090464,1409609,0.020122721558581042,4125158,0.029226770446568094,5991488,0.031113438265525897,2551302,0.031309829268292684,1283703,0.02909121951219512,238548
4,toxicity,7,0000000001001010,"NOR-in(0,2)/NOR-in(1,1)/NOR-mid(1,0)/NOR-out(1,0)|edges=0101001000000000",82,4,0.08787001919370498,0.045474268292682925,372889,0.04664185820896178,1912316,0.04740080719028328,3886866,0.04817571613315676,9876022,0.05006068243843237,10262440,0.049085193924751365,4024986,0.04782012195121951,1960625,0.04460231707317073,365739
4,toxicity,7,0000000001001010,"NOR-in(0,2)/NOR-in(1,1)/NOR-mid(1,0)/NOR-out(1,0)|edges=0110000100000000",82,2,0.059675554518407704,0.013080609756097561,107261,0.0169912699503678,696642,0.01873501310902503,1536271,0.021374555680496475,4381784,0.027393155830310673,5615597,0.027718377372722505,2272907,0.026966268292682928,1105617,0.024023414634146343,196992
4,toxicity,7,0000000001001010,"NOR-in(0,2)/NOR-in(1,1)/NOR-out(1,0)/NOR-out(1,0)|edges=0101001000000000",82,2,0.04184524111676518,0.01533609756097561,125756,0.018491074974739022,758134,0.019852220480596122,1627882,0.021816804452355034,4472445,0.02691312168865247,5517190,0.02735079201583434,2242765,0.027269658536585365,1118056,0.02707829268292683,222042
4,toxicity,7,0000000001001010,"NOR-in(0,2)/NOR-in(1,1)/NOR-out(1,0)/NOT-in(1,0)|edges=0110000100000000",82,1,0.16386740150055806,0.02210341463414634,181248,0.01997824585153618,819108,0.018900757019549123,1549862,0.016773185038572,3438503,0.0076903365103381804,1576519,0.005635609618643668,462120,0.004470609756097561,183295,0.002645731707317073,21695
4,toxicity,7,0000000001001010,"NOR-in(0,2)/NOR-in(1,1)/NOR-out(1,0)/NOT-mid(1,0)|edges=0110000100000000",82,1,0.04966654308771388,0.01512719512195122,124043,0.01463873313548616,600188,0.01411190312740991,1157176,0.013549692418542586,2777687,0.011142541354706914,2284221,0.010427792428590429,855079,0.009964658536585366,408551,0.009083170731707318,74482
4,toxicity,7,0000000001001010,"NOR-in(0,2)/NOR-in(1,1)/NOT-in(1,0)/NOT-mid(1,0)|edges=0101001000000000",82,1,0.27163566356902835,0.02673390243902439,219218,0.022242782657832454,911954,0.02037468392071629,1670724,0.017479648439421493,3583328,0.006875136518291351,1409403,0.0041119511192207045,337180,0.002775682926829268,113803,0.001061829268292683,8707
4,toxicity,7,0000000001001010,"NOR-in(0,2)/NOR-mid(1,1)/NOR-out(1,0)/NOR-out(1,0)|edges=0101001000000000",82,1,0.1120820623157809,0.014484268292682926,118771,0.013628415963747899,558765,0.013304427478264755,1090963,0.012869531456204264,2638254,0.012050038906828889,2470258,0.011349402162209704,930651,0.010548634146341463,432494,0.008157926829268292,66895
4,toxicity,7,0000000001001010,"NOR-in(0,2)/NOR-mid(1,1)/NOR-out(1,0)/NOR-out(1,0)|edges=0110000100000000",82,3,0.10765291844979347,0.01808487804878049,148296,0.023868148670063285,978594,0.02658597690663302,2180050,0.030705931108176952,6294716,0.0427764922655952,8769181,0.04518026719072519,3704782,0.04581812195121951,1878543,0.04546975609756097,372852
4,toxicity,7,0000000001001010,"NOR-in(0,2)/NOR-mid(1,1)/NOR-out(1,0)/NOT-in(1,0)|edges=0101001000000000",82,1,0.16386740150055806,0.02210341463414634,181248,0.01997824585153618,819108,0.018900757019549123,1549862,0.016773185038572,3438503,0.0076903365103381804,1576519,0.005635609618643668,462120,0.004470609756097561,183295,0.002645731707317073,21695
4,toxicity,7,0000000001001010,"NOR-in(1,0)/NOR-in(1,0)/NOR-in(1,1)/NOT-in(0,2)|edges=0000000001001010",82,1,0.03759717252284763,0.01566426829268293,128447,0.015075513665903772,618096,0.014691415350800749,1204696,0.013936589971968977,2857001,0.010211053558916551,2093266,0.008663646130154972,710419,0.007480365853658536,306695,0.005231341463414634,42897
4,toxicity,7,0000000001001010,"NOR-in(1,0)/NOR-in(1,0)/NOR-in(1,1)/NOT-in(0,2)|edges=0000000010000110",82,2,-0.03676019273516154,0.018025853658536584,147812,0.020316465396728333,832975,0.021339952260485476,1749876,0.022596648339577592,4632313,0.025643521701038813,5256922,0.026634182277215066,2184003,0.027645048780487805,1133447,0.028692439024390243,235278
4,toxicity,7,0000000001001010,"NOR-in(1,0)/NOR-in(1,1)/NOR-mid(1,0)/NOT-in(0,2)|edges=0000001000001100",82,2,-0.014679398983100958,0.017219024390243903,141196,0.02026112392791453,830706,0.02139048884831653,1754020,0.022672784923457857,4647921,0.026146331452230914,5359998,0.026613926180148142,2182342,0.026834146341463416,1100200,0.026396463414634145,216451
4,toxicity,7,0000000001001010,"NOR-in(1,0)/NOR-in(1,1)/NOR-out(1,0)/NOT-in(0,2)|edges=0000001000001100",82,1,0.03364199732482657,0.008230121951219513,67487,0.009860415596138107,404277,0.010534829782186818,863856,0.01129362904792919,2315194,0.013141560847399406,2694020,0.013172206995799829,1080121,0.012929341463414634,530103,0.011995487804878049,98363
4,toxicity,7,0000000001001010,"NOR-in(1,0)/NOR-mid(1,0)/NOT-in(0,2)/NOT-in(1,1)|edges=0000000010010100",82,2,0.04422631165667324,0.04400670731707317,360855,0.039068662348162184,1601815,0.03645617251005719,2989406,0.03226446278508365,6614215,0.016023229111968497,3284762,0.011741365567283767,962792,0.00959580487804878,393428,0.00689390243902439,56530
4,toxicity,7,0000000001001010,"NOR-in(1,0)/NOR-mid(1,1)/NOR-out(1,0)/NOT-in(0,2)|edges=0000001000001100",82,1,0.16068306096909757,0.030006951219512194,246057,0.023327343739253048,956421,0.02072530588903931,1699475,0.017168370396714722,3519516,0.00819445845663943,1679864,0.006230219360238552,510878,0.005123341463414634,210057,0.0031868292682926827,26132
4,toxicity,7,0000000001001010,"NOR-in(1,1)/NOR-mid(1,0)/NOT-in(0,2)/NOT-in(1,0)|edges=0100000010010000",82,1,0.0007768495362004036,0.025817317073170733,211702,0.021202709385630184,869311,0.019178452155046447,1572633,0.016436355776851593,3369453,0.008026253580231672,1645382,0.00539691450251428,442547,0.004021414634146341,164878,0.002070731707317073,16980
4,toxicity,7,0000000001001100,"NOR-in(0,1)/NOR-in(0,2)/NOR-in(1,0)/NOR-mid(2,0)|edges=0001001100000000",82,1,0.13139519963323174,0.005502682926829268,45122,0.007643025135904891,313364,0.008738463840900676,716554,0.01013975589971208,2078650,0.01441995595687848,2956091,0.015503414256014286,1271280,0.015937317073170733,653430,0.01501390243902439,123114
4,toxicity,7,0000000001001100,"NOR-in(0,1)/NOR-in(0,2)/NOR-in(2,0)/NOR-mid(1,0)|edges=0010001100000000",82,1,0.03061700475186003,0.006104146341463414,50054,0.008315561786884076,340938,0.009417939483801926,772271,0.01055128272095058,2163013,0.013980668156286164,2866037,0.014613060619193643,1198271,0.015123414634146341,620060,0.015918048780487803,130528
4,toxicity,7,0000000001001100,"NOR-in(0,1)/NOR-in(0,2)/NOR-in(2,0)/NOR-out(1,0)|edges=0010001100000000",82,2,0.04184524111676518,0.01533609756097561,125756,0.018491074974739022,758134,0.019852220480596122,1627882,0.021816804452355034,4472445,0.02691312168865247,5517190,0.02735079201583434,2242765,0.027269658536585365,1118056,0.02707829268292683,222042
4,toxicity,7,0000000001001100,"NOR-in(0,1)/NOR-in(0,2)/NOR-mid(2,0)/NOR-out(1,0)|edges=0010001100000000",82,4,0.1533719454255098,0.03256914634146341,267067,0.03749656463381119,1537359,0.03989040438489778,3271013,0.04357546256438122,8932970,0.05482653117242409,11239439,0.056529669352934894,4635433,0.05636675609756098,2311037,0.05362768292682927,439747
4,toxicity,7,0000000001001100,"NOR-in(0,2)/NOR-in(1,0)/NOR-mid(0,1)/NOR-out(2,0)|edges=0101000000010000",82,2,0.1227281607467216,0.037315365853658536,305986,0.03590202789288077,1471983,0.034378123628201154,2819006,0.03116531158701831,6388889,0.01702838519972307,3490819,0.012088267997847122,991238,0.009683560975609757,397026,0.005246341463414634,43020
4,toxicity,7,0000000001001100,"NOR-in(0,2)/NOR-in(1,0)/NOR-mid(2,0)/NOT-in(0,1)|edges=0110000000000010",82,1,0.09208387396430695,0.01198548780487805,98281,0.013286903735307682,544763,0.013546768953500925,1110835,0.013599609490739326,2787920,0.010214463314980845,2093965,0.008653621740155567,709597,0.007404780487804878,303596,0.004953780487804878,40621
4,toxicity,7,0000000001001100,"NOR-in(0,2)/NOR-in(1,0)/NOR-out(2,0)/NOT-mid(0,1)|edges=0110000000000010",82,1,0.14389312462627155,0.008003414634146342,65628,0.010266025391807355,420907,0.011202024936684143,918566,0.012225409517552984,2506209,0.011222819402704202,2300678,0.009874463173793582,809706,0.009024341463414635,369998,0.007796829268292683,63934
4,toxicity,7,0000000001001100,"NOR-in(0,2)/NOR-in(2,0)/NOR-mid(1,0)/NOT-in(0,1)|edges=0110000000000100",82,2,0.11987374679352933,0.029244634146341462,239806,0.030335637105915816,1243761,0.029847647797446236,2447507,0.02837567749510873,5817014,0.01865871689113447,3825037,0.01412369477747086,1158143,0.011560829268292683,473994,0.006253780487804878,51281
4,toxicity,7,0000000001001100,"NOR-in(0,2)/NOR-in(2,0)/NOR-out(1,0)/NOT-in(0,1)|edges=0110000000000100",82,1,0.06439988521484043,0.02509609756097561,205788,0.020183782456954385,827535,0.01843336675284716,1511536,0.01609068261286473,3298590,0.007841365777157407,1607480,0.005466219378872698,448230,0.004189414634146341,171766,0.002229146341463415,18279
4,toxicity,7,0000000001001100,"NOR-in(0,2)/NOR-mid(2,0)/NOT-in(0,1)/NOT-in(1,0)|edges=0101000001000000",82,1,0.16386740150055806,0.02210341463414634,181248,0.01997824585153618,819108,0.018900757019549123,1549862,0.016773185038572,3438503,0.0076903365103381804,1576519,0.005635609618643668,462120,0.004470609756097561,183295,0.002645731707317073,21695
4,toxicity,7,0000000001001100,"NOR-in(2,0)/NOT-in(0,1)/NOT-in(0,2)/NOT-in(1,0)|edges=0000100010010000",82,1,0.0007768495362004036,0.025817317073170733,211702,0.021202709385630184,869311,0.019178452155046447,1572633,0.016436355776851593,3369453,0.008026253580231672,1645382,0.00539691450251428,442547,0.004021414634146341,164878,0.002070731707317073,16980
4,toxicity,7,0000000001001100,"NOR-mid(0,1)/NOR-mid(0,2)/NOR-out(1,0)/NOR-out(2,0)|edges=0001001100000000",82,3,-0.030870228022783684,0.024540731707317073,201234,0.029300271151245966,1201311,0.031051696636668128,2546239,0.03353831154071587,6875354,0.03854362889225728,7901444,0.03888732831982126,3188761,0.03954939024390244,1621525,0.03950512195121951,323942
4,toxicity,7,0000000001001100,"NOR-mid(0,2)/NOR-out(1,0)/NOR-out(2,0)/NOT-mid(0,1)|edges=0110000000000010",82,1,-0.10082989786672521,0.013011829268292682,106697,0.014083367227645582,577418,0.014181915325947089,1162917,0.013971536312750511,2864165,0.009583331613821156,1964583,0.007294731529396792,598168,0.005914951219512195,242513,0.003785487804878049,31041
4,toxicity,7,0000000001001110,"NOR-in(0,3)/NOR-in(1,1)/NOR-in(2,0)/NOR-out(1,0)|edges=0111001000000000",82,1,0.08750848189900831,0.017071707317073172,139988,0.017538757808659298,719089,0.01703540327001967,1396903,0.015496838722012903,3176852,0.008216551139350721,1684393,0.005532670596764132,453679,0.004369024390243902,179130,0.0021959756097560974,18007
4,toxicity,7,0000000001001110,"NOR-in(0,3)/NOR-in(1,1)/NOR-in(2,0)/NOT-mid(1,0)|edges=0111001000000000",82,1,0.27163566356902835,0.02673390243902439,219218,0.022242782657832454,911954,0.02037468392071629,1670724,0.017479648439421493,3583328,0.006875136518291351,1409403,0.0041119511192207045,337180,0.002775682926829268,113803,0.001061829268292683,8707
4,toxicity,7,0000000001001110,"NOR-in(1,0)/NOR-in(1,1)/NOR-in(2,0)/NOT-in(0,3)|edges=0000001000001110",82,1,0.03759717252284763,0.01566426829268293,128447,0.015075513665903772,618096,0.014691415350800749,1204696,0.013936589971968977,2857001,0.010211053558916551,2093266,0.008663646130154972,710419,0.007480365853658536,306695,0.005231341463414634,42897
4,toxicity,7,0000000001011100,"NOR-in(0,2)/NOR-in(1,2)/NOR-in(2,0)/NOT-in(1,0)|edges=0110001100000000",82,1,0.01841817959744126,0.01235719512195122,101329,0.014107708693434995,578416,0.014691049497124365,1204666,0.014546272886901992,2981986,0.00926439990961561,1899202,0.006890682758763835,565036,0.005634243902439024,231004,0.003849390243902439,31565
4,toxicity,7,0000000001011100,"NOR-in(0,2)/NOR-in(1,2)/NOR-mid(1,0)/NOR-out(2,0)|edges=0101001100000000",82,1,0.02554106473593585,0.007191219512195122,58968,0.009434927749749049,386832,0.010283122452835242,843216,0.011391590021627512,2335276,0.01258634134062106,2580200,0.012108353363210894,992885,0.011593756097560975,475344,0.009946097560975609,81558
4,toxicity,7,0000000011001100,"NOR-in(0,2)/NOR-in(0,2)/NOR-in(2,0)/NOR-in(2,0)|edges=0011001100000000",82,1,0.054795555034001645,0.0044797560975609755,36734,0.0076442202579727085,313413,0.008980122389274262,736370,0.010656746133526905,2184633,0.013392316942513981,2745425,0.012771402127526777,1047255,0.011989414634146342,491566,0.009494512195121952,77855
4,toxicity,7,0000000100011000,"NOR-in(0,1)/NOR-in(0,1)/NOR-in(1,0)/NOR-in(2,1)|edges=0001000100000010",82,1,0.14389312462627155,0.008003414634146342,65628,0.010266025391807355,420907,0.011202024936684143,918566,0.012225409517552984,2506209,0.011222819402704202,2300678,0.009874463173793582,809706,0.009024341463414635,369998,0.007796829268292683,63934
4,toxicity,7,0000000100011000,"NOR-in(0,1)/NOR-in(0,1)/NOR-in(2,1)/NOR-mid(1,0)|edges=0010001000010000",82,5,0.03852775163749395,0.022268170731707317,182599,0.033866125255231735,1388511,0.03959478241925768,3246772,0.048143574670369275,9869433,0.07392100415686825,15153806,0.07966163220337483,6532254,0.0824409512195122,3380079,0.08791487804878048,720902
4,toxicity,7,0000000100011000,"NOR-in(0,1)/NOR-in(0,1)/NOR-in(2,1)/NOR-out(1,0)|edges=0010001000010000",82,3,-0.015512679845455955,0.01711890243902439,140375,0.022394294867736083,918166,0.025120806103453956,2059906,0.029306526257433633,6007838,0.0442867166411052,9078777,0.04834668174764191,3964428,0.051030560975609755,2092253,0.05735341463414634,470298
4,toxicity,7,0000000100011000,"NOR-in(0,1)/NOR-in(0,1)/NOR-in(2,1)/NOT-in(1,0)|edges=0010001000010000",82,1,-0.043035670238272275,0.005275,43255,0.0076805373346865696,314902,0.008749134573128516,717429,0.010193448581591246,2089657,0.014262029129150935,2923716,0.015558402059551169,1275789,0.016466926829268293,675144,0.01725109756097561,141459
4,toxicity,7,0000000100011000,"NOR-in(0,1)/NOR-in(0,1)/NOR-in(2,1)/NOT-mid(1,0)|edges=0010001000010000",82,5,0.015221757557176608,0.06894024390243902,565310,0.07264534855076571,2978459,0.07185204009034342,5891867,0.06909391084694808,14164252,0.05176457998278459,10611739,0.04489721841714101,3681572,0.03943187804878049,1616707,0.02915878048780488,239102
4,toxicity,7,0000000100011000,"NOR-in(0,1)/NOR-in(0,1)/NOR-mid(2,1)/NOR-out(1,0)|edges=0010001000010000",82,19,-0.09294749399340123,0.1399207317073171,1147350,0.17085269959538532,7004960,0.18402713092815273,15090224,0.20254713263322668,41522163,0.2606130803842626,53425682,0.2737083347876016,22444084,0.2811148536585366,11525709,0.28849536585365854,2365662
4,toxicity,7,0000000100011000,"NOR-in(0,1)/NOR-in(0,1)/NOR-mid(2,1)/NOT-out(1,0)|edges=0010001000010000",82,1,0.06931268248189826,0.008488536585365854,69606,0.01007480586095667,413067,0.010744939548533637,881085,0.011693248552326858,2397116,0.012888219386456396,2642085,0.012787633834447955,1048586,0.012545585365853658,514369,0.011140975609756097,91356
4,toxicity,7,0000000100011000,"NOR-in(0,1)/NOR-in(1,0)/NOR-in(2,1)/NOT-in(0,1)|edges=0010000001000010",82,7,0.18709236211014996,0.1262340243902439,1035119,0.11523896246233781,4724797,0.10949488338999432,8978580,0.10128846143827393,20764135,0.06709270178446144,13754004,0.055756962054708245,4572071,0.048608682926829266,1992956,0.03471890243902439,284695
4,toxicity,7,0000000100011000,"NOR-in(0,1)/NOR-in(2,1)/NOR-mid(1,0)/NOT-in(0,1)|edges=0100001000000100",82,7,-0.024721997573053836,0.07392768292682927,606207,0.07703037336881692,3158245,0.07878108920883362,6460049,0.08163447157786397,16735067,0.08828965767522286,18099380,0.08870077832437126,7273464,0.0884169756097561,3625096,0.0844530487804878,692515
4,toxicity,7,0000000100011000,"NOR-in(0,1)/NOR-in(2,1)/NOR-out(1,0)/NOT-in(0,1)|edges=0100001000000100",82,3,0.06615980467575805,0.03631621951219512,297793,0.03950119897572673,1619549,0.03968889217994596,3254489,0.03890129192387723,7974765,0.03367946308605402,6904290,0.03058429193696849,2507912,0.028421121951219513,1165266,0.02384280487804878,195511
4,toxicity,7,0000000100011000,"NOR-in(0,1)/NOR-in(2,1)/NOT-in(0,1)/NOT-mid(1,0)|edges=0100000101000000",82,1,0.0525007168537097,0.029264390243902438,239968,0.021295465492240536,873114,0.018451415534215393,1513016,0.01526358506802761,3129035,0.009854204781910196,2020112,0.009275646115228143,760603,0.00895070731707317,366979,0.00845951219512195,69368
4,toxicity,7,0000000100011000,"NOR-in(0,1)/NOR-mid(2,1)/NOR-out(1,0)/NOT-in(0,1)|edges=0100001000000100",82,9,0.027017427299537152,0.1118869512195122,917473,0.11762862123206061,4822773,0.11890024970245121,9749820,0.11710983186127158,24007516,0.101664530715468,20841229,0.09736515616182546,7983943,0.09494051219512195,3892561,0.09304512195121951,762970
4,toxicity,7,0000000100011000,"NOR-in(0,1)/NOR-mid(2,1)/NOT-in(0,1)/NOT-out(1,0)|edges=0100000101000000",82,1,0.0008635456834820317,0.023918658536585365,196133,0.01861290425491749,763129,0.016890281311721038,1385003,0.014868238734278269,3047989,0.010025985268039168,2055327,0.008659743691225763,710099,0.007737829268292683,317251,0.0059521951219512195,48808
4,toxicity,7,0000000100011000,"NOR-in(1,0)/NOR-in(2,1)/NOT-in(0,1)/NOT-in(0,1)|edges=0000100001000100",82,2,-0.011065207146574163,0.026934268292682927,220861,0.027273295343736133,1118205,0.026844976919267165,2201288,0.025796979984449173,5288381,0.022264936368146963,4564312,0.02119998728780519,1738399,0.020440853658536585,838075,0.018974146341463414,155588
4,toxicity,7,0000000100011000,"NOR-in(2,1)/NOR-mid(1,0)/NOT-in(0,1)/NOT-in(0,1)|edges=0100000010001000",82,3,-0.07939917633573587,0.05232036585365853,429027,0.048799516956050434,2000780,0.04574986808535942,3751489,0.041635101626632164,8535196,0.030953238722407427,6345414,0.028756462713257006,2358030,0.02765678048780488,1133928,0.028851829268292682,236585
4,toxicity,7,0000000100011000,"NOR-in(2,1)/NOR-out(1,0)/NOT-in(0,1)/NOT-in(0,1)|edges=0100000010001000",82,1,0.2040424290507555,0.05752390243902439,471696,0.0354714180947725,1454328,0.02825809893941946,2317164,0.019889838636295832,4077417,0.005796082870282118,1188197,0.0036579267400505674,299950,0.002708219512195122,111037,0.0012529268292682926,10274
4,toxicity,7,0000000100011000,"NOR-in(2,1)/NOT-in(0,1)/NOT-in(0,1)/NOT-mid(1,0)|edges=0001100010000000",82,1,0.2040424290507555,0.05752390243902439,471696,0.0354714180947725,1454328,0.02825809893941946,2317164,0.019889838636295832,4077417,0.005796082870282118,1188197,0.0036579267400505674,299950,0.002708219512195122,111037,0.0012529268292682926,10274
4,toxicity,7,0000000100011000,"NOR-mid(2,1)/NOR-out(1,0)/NOT-in(0,1)/NOT-in(0,1)|edges=0100000010001000",82,1,-0.10082989786672521,0.013011829268292682,106697,0.014083367227645582,577418,0.014181915325947089,1162917,0.013971536312750511,2864165,0.009583331613821156,1964583,0.007294731529396792,598168,0.005914951219512195,242513,0.003785487804878049,31041
4,toxicity,7,0000000101001000,"NOR-in(0,1)/NOR-in(1,0)/NOR-in(1,1)/NOR-in(1,1)|edges=0010000000010100",82,9,-0.09891482304032603,0.05998646341463414,491889,0.07670364162962358,3144849,0.0843506260658842,6916751,0.09523465667834816,19523105,0.12510571097457843,25646671,0.13383026502853013,10974082,0.13958453658536585,5722966,0.15295134146341463,1254201
4,toxicity,7,0000000101001000,"NOR-in(0,1)/NOR-in(1,0)/NOR-in(1,1)/NOT-in(1,1)|edges=0001000001000010",82,5,0.06462428604762945,0.07292463414634147,597982,0.07038459223264315,2885768,0.06931377167384252,5683729,0.0668960377191017,13713688,0.05412623849632938,11095879,0.050981547537035425,4180487,0.048946756097560974,2006817,0.04419060975609756,362363
4,toxicity,7,0000000101001000,"NOR-in(0,1)/NOR-in(1,0)/NOR-in(1,1)/NOT-in(1,1)|edges=0010000000010100",82,2,0.141554605606024,0.029711341463414635,243633,0.029423588236447633,1206367,0.029154867275847183,2390699,0.027992175063567316,5738396,0.020812492479878122,4266561,0.018998731243933385,1557896,0.01767551219512195,724696,0.014913414634146341,122290
4,toxicity,7,0000000101001000,"NOR-in(0,1)/NOR-in(1,0)/NOT-in(1,1)/NOT-in(1,1)|edges=0001000001000010",82,1,0.09740165402055294,0.018952560975609756,155411,0.01796514809416079,736571,0.017324830113406346,1420636,0.016023307004423278,3284778,0.007873024313433908,1613970,0.005669438886111247,464894,0.004554243902439024,186724,0.0027014634146341463,22152
4,toxicity,7,0000000101001000,"NOR-in(0,1)/NOR-in(1,0)/NOT-in(1,1)/NOT-in(1,1)|edges=0010000000010100",82,1,0.060399579851984,0.01818939024390244,149153,0.017865952962531996,732504,0.01727772035501075,1416773,0.01582810700823206,3244762,0.007996975531736825,1639380,0.006344451064769486,520245,0.005574390243902439,228550,0.004823170731707317,39550
4,toxicity,7,0000000101001000,"NOR-in(0,1)/NOR-in(1,1)/NOR-in(1,1)/NOR-mid(1,0)|edges=0010000101000000",82,7,-0.2834472248297149,0.04191378048780488,343693,0.05161327332812423,2116144,0.0576758320817479,4729418,0.06701400844850715,13737872,0.10533745263085412,21594178,0.11904537514523475,9761721,0.12954539024390244,5311361,0.15359012195121952,1259439
4,toxicity,7,0000000101001000,"NOR-in(0,1)/NOR-in(1,1)/NOR-in(1,1)/NOR-mid(1,0)|edges=0100001000010000",82,14,0.08940413779018556,0.09777756097560976,801776,0.12225240217096607,5012348,0.1336074455418266,10955810,0.14908296782277136,30562009,0.19383333957235765,39735835,0.20432389745551469,16754560,0.20917475609756098,8576165,0.21713743902439026,1780527
4,toxicity,7,0000000101001000,"NOR-in(0,1)/NOR-in(1,1)/NOR-in(1,1)/NOR-out(1,0)|edges=0010000101000000",82,2,-0.0779997831082529,0.013845487804878048,113533,0.015552050297761005,637634,0.016936622777396233,1388803,0.019244443526937688,3945111,0.030432711898217446,6238706,0.034377986966390564,2818995,0.037202731707317076,1525312,0.04262634146341463,349536
4,toxicity,7,0000000101001000,"NOR-in(0,1)/NOR-in(1,1)/NOR-in(1,1)/NOR-out(1,0)|edges=0100001000010000",82,4,0.07433665799713253,0.03467951219512195,284372,0.04046446736238706,1659043,0.04267535574026125,3499379,0.045567891793797236,9341418,0.051846121445403695,10628455,0.0516040475218525,4231532,0.050163560975609756,2056706,0.04742658536585366,388898
4,toxicity,7,0000000101001000,"NOR-in(0,1)/NOR-in(1,1)/NOR-in(1,1)/NOT-in(1,0)|edges=0100001000010000",82,4,0.1460956373223852,0.053282926829268294,436920,0.05417639552940444,2221232,0.054298307526746706,4452461,0.05369953553757004,11008405,0.0437079556711419,8960131,0.03978964537098426,3262751,0.03700743902439024,1517305,0.030334268292682928,248741
4,toxicity,7,0000000101001000,"NOR-in(0,1)/NOR-in(1,1)/NOR-in(1,1)/NOT-mid(1,0)|edges=0010000101000000",82,3,-0.06700859074728704,0.04359658536585366,357492,0.04559941908287016,1869576,0.04486140462738559,3678635,0.0425008381951056,8712672,0.03042657043486273,6237447,0.02612443838720882,2142204,0.022789756097560974,934380,0.016534146341463416,135580
4,toxicity,7,0000000101001000,"NOR-in(0,1)/NOR-in(1,1)/NOR-in(1,1)/NOT-mid(1,0)|edges=0100001000010000",82,5,0.18406546757589676,0.08931573170731708,732389,0.08041037369857304,3296825,0.07622006469366169,6250045,0.07095176446923386,14545112,0.04922302391001928,10090720,0.042525706279860825,3487108,0.03790412195121951,1554069,0.029886707317073172,245071
4,toxicity,7,0000000101001000,"NOR-in(0,1)/NOR-in(1,1)/NOR-mid(1,0)/NOT-in(1,1)|edges=0001001000000100",82,3,0.04197922557056105,0.031992439024390244,262338,0.0345302960517362,1415742,0.03512452610363542,2880211,0.0360762529546097,7395632,0.036842585006413804,7552730,0.037737169811288544,3094448,0.03796085365853658,1556395,0.03944512195121951,323450
4,toxicity,7,0000000101001000,"NOR-in(0,1)/NOR-in(1,1)/NOR-mid(1,0)/NOT-in(1,1)|edges=0100000100000010",82,7,0.11920146877430879,0.09039073170731707,741204,0.09364493596535961,3839442,0.09462205339619773,7759008,0.09366643231870377,19201619,0.07454045293131266,15280793,0.06693810812346078,5488925,0.0626139268292683,2567171,0.05509353658536585,451767
4,toxicity,7,0000000101001000,"NOR-in(0,1)/NOR-in(1,1)/NOR-mid(1,1)/NOR-out(1,0)|edges=0100001000010000",82,40,-0.06038814483560492,0.334900243902439,2746182,0.385583354691059,15808916,0.40849698334131623,33496751,0.4395329280091136,90104252,0.53725402402679,110137076,0.5632796813834224,46188935,0.5794779512195122,23758596,0.6063910975609756,4972407
4,toxicity,7,0000000101001000,"NOR-in(0,1)/NOR-in(1,1)/NOR-mid(1,1)/NOT-out(1,0)|edges=0100001000010000",82,1,0.06931268248189826,0.008488536585365854,69606,0.01007480586095667,413067,0.010744939548533637,881085,0.011693248552326858,2397116,0.012888219386456396,2642085,0.012787633834447955,1048586,0.012545585365853658,514369,0.011140975609756097,91356
4,toxicity,7,0000000101001000,"NOR-in(0,1)/NOR-in(1,1)/NOR-out(1,0)/NOT-mid(1,1)|edges=0100000100000010",82,9,0.06529631916028816,0.1385058536585366,1135748,0.13407840332472226,5497214,0.12975712828083552,10640084,0.12301552442896538,25218183,0.09530260394826728,19537034,0.0860013881463076,7052114,0.07915046341463415,3245169,0.06625670731707317,543305
4,toxicity,7,0000000101001000,"NOR-in(0,1)/NOR-in(1,1)/NOT-in(1,0)/NOT-in(1,1)|edges=0001001000000100",82,1,0.16386740150055806,0.02210341463414634,181248,0.01997824585153618,819108,0.018900757019549123,1549862,0.016773185038572,3438503,0.0076903365103381804,1576519,0.005635609618643668,462120,0.004470609756097561,183295,0.002645731707317073,21695
4,toxicity,7,0000000101001000,"NOR-in(0,1)/NOR-in(1,1)/NOT-in(1,0)/NOT-in(1,1)|edges=0100000100000010",82,1,0.08495160780600788,0.020243658536585364,165998,0.01836327008422147,752894,0.01734272035818148,1422103,0.015668472865005407,3212037,0.00881183406037235,1806426,0.00655559740108299,537559,0.005314536585365854,217896,0.0030503658536585364,25013
4,toxicity,7,0000000101001000,"NOR-in(0,1)/NOR-in(1,1)/NOT-in(1,1)/NOT-mid(1,0)|edges=0100001000010000",82,1,0.0868636259130029,0.014845487804878049,121733,0.01493978194534458,612531,0.014796683648618714,1213328,0.014060311920774402,2882364,0.01042634136169423,2137400,0.009040572950229928,741327,0.007713365853658537,316248,0.00496829268292683,40740
4,toxicity,7,0000000101001000,"NOR-in(0,1)/NOR-in(1,1)/NOT-mid(1,1)/NOT-out(1,0)|edges=0100001000010000",82,3,-0.02590113956180344,0.06660243902439024,546140,0.05585529813222421,2290067,0.05133286835770089,4209295,0.04564058447530567,9356320,0.0274286436348425,5622872,0.023476292110334338,1925056,0.020938146341463414,858464,0.016408780487804878,134552
4,toxicity,7,0000000101001000,"NOR-in(0,1)/NOR-mid(1,0)/NOT-in(1,1)/NOT-in(1,1)|edges=0001000001000010",82,1,0.09740165402055294,0.018952560975609756,155411,0.01796514809416079,736571,0.017324830113406346,1420636,0.016023307004423278,3284778,0.007873024313433908,1613970,0.005669438886111247,464894,0.004554243902439024,186724,0.0027014634146341463,22152
4,toxicity,7,0000000101001000,"NOR-in(0,1)/NOR-mid(1,0)/NOT-in(1,1)/NOT-in(1,1)|edges=0010000000010100",82,1,0.060399579851984,0.01818939024390244,149153,0.017865952962531996,732504,0.01727772035501075,1416773,0.01582810700823206,3244762,0.007996975531736825,1639380,0.006344451064769486,520245,0.005574390243902439,228550,0.004823170731707317,39550
4,toxicity,7,0000000101001000,"NOR-in(0,1)/NOR-mid(1,1)/NOR-out(1,0)/NOT-in(1,1)|edges=0001001000000100",82,10,0.2243487780472425,0.17761329268292683,1456429,0.16254794268760417,6664465,0.15618201981375707,12806925,0.1449262849770481,29709889,0.09817511123731598,20125898,0.0846286808627151,6939552,0.07692541463414634,3153942,0.0641109756097561,525710
4,toxicity,7,0000000101001000,"NOR-in(0,1)/NOR-out(1,0)/NOT-in(1,1)/NOT-mid(1,1)|edges=0010000000010100",82,1,0.0868636259130029,0.014845487804878049,121733,0.01493978194534458,612531,0.014796683648618714,1213328,0.014060311920774402,2882364,0.01042634136169423,2137400,0.009040572950229928,741327,0.007713365853658537,316248,0.00496829268292683,40740
4,toxicity,7,0000000101001000,"NOR-in(1,0)/NOR-in(1,1)/NOR-in(1,1)/NOT-in(0,1)|edges=0000001010000100",82,2,-0.06294729958454665,0.01763439024390244,144602,0.01915256284415247,785255,0.020160366837091066,1653150,0.021605858115007648,4429201,0.02720618022237873,5577267,0.028674901739636542,2351342,0.029450609756097562,1207475,0.02893987804878049,237307
4,toxicity,7,0000000101001000,"NOR-in(1,0)/NOR-in(1,1)/NOR-in(1,1)/NOT-in(0,1)|edges=0000100001000010",82,1,0.03956684310352081,0.036974390243902436,303190,0.02624188060896396,1075917,0.022245464499778756,1824128,0.017616302095291667,3611342,0.007269287733958169,1490204,0.005752414493843549,471698,0.004842512195121951,198543,0.003360487804878049,27556
4,toxicity,7,0000000101001000,"NOR-in(1,0)/NOR-in(1,1)/NOT-in(0,1)/NOT-in(1,1)|edges=0000000101001000",82,2,0.20022832776810484,0.06511914634146342,533977,0.04892476087070838,2005915,0.04265920939801021,3498055,0.034486667619772336,7069767,0.015944321795665153,3268586,0.012054963120610655,988507,0.009840878048780487,403476,0.0063717073170731706,52248
4,toxicity,7,0000000101001000,"NOR-in(1,0)/NOR-in(1,1)/NOT-in(0,1)/NOT-in(1,1)|edges=0000100000010100",82,2,0.13471056617305732,0.034629634146341466,283963,0.03272412514381709,1341689,0.03195402594897687,2620230,0.03020973599590759,6192996,0.018306804699445806,3752895,0.01465146305728139,1201420,0.012722317073170732,521615,0.009076707317073171,74429
4,toxicity,7,0000000101001000,"NOR-in(1,1)/NOR-in(1,1)/NOR-mid(1,0)/NOT-in(0,1)|edges=0010100000000100",82,5,0.005591920878772865,0.05663451219512195,464403,0.05936066432786969,2433787,0.060546393197385036,4964804,0.06165835977251981,12639964,0.0591433213742115,12124381,0.05889408392941259,4829315,0.05903131707317073,2420284,0.058435365853658536,479170
4,toxicity,7,0000000101001000,"NOR-in(1,1)/NOR-in(1,1)/NOR-mid(1,0)/NOT-in(0,1)|edges=0100001000001000",82,9,-0.0038240747837184398,0.09851768292682926,807845,0.1046670346016619,4291348,0.10672017593756956,8751054,0.10877140275567995,22298138,0.10772589163194252,22083808,0.10415044867925735,8540337,0.10232753658536585,4195429,0.0981870731707317,805134
4,toxicity,7,0000000101001000,"NOR-in(1,1)/NOR-in(1,1)/NOR-out(1,0)/NOT-in(0,1)|edges=0010100000000100",82,1,0.16068306096909757,0.030006951219512194,246057,0.023327343739253048,956421,0.02072530588903931,1699475,0.017168370396714722,3519516,0.00819445845663943,1679864,0.006230219360238552,510878,0.005123341463414634,210057,0.0031868292682926827,26132
4,toxicity,7,0000000101001000,"NOR-in(1,1)/NOR-in(1,1)/NOR-out(1,0)/NOT-in(0,1)|edges=0100001000001000",82,1,-0.04576808525584082,0.009068658536585367,74363,0.010629562012640197,435812,0.011221207864449164,920139,0.01176931196547684,2412709,0.012234473051370995,2508067,0.011593524107475021,950669,0.011129536585365854,456311,0.009758658536585366,80021
4,toxicity,7,0000000101001000,"NOR-in(1,1)/NOR-in(1,1)/NOT-in(0,1)/NOT-in(1,0)|edges=0100000110000000",82,1,-0.1688270670486912,0.004627926829268293,37949,0.007323220226655632,300252,0.00852684187935814,699201,0.01006303394998958,2062922,0.013408029137482642,2748646,0.014372694771397689,1178561,0.01504641463414634,616903,0.016466951219512194,135029
4,toxicity,7,0000000101001000,"NOR-in(1,1)/NOR-in(1,1)/NOT-in(0,1)/NOT-mid(1,0)|edges=0001100001000000",82,2,0.0126853115766307,0.03296280487804878,270295,0.032842539789516074,1346544,0.03155594056370442,2587587,0.028993536019638323,5943675,0.019660121759413448,4030325,0.01652660935300953,1355182,0.014089268292682927,577660,0.009590609756097561,78643
4,toxicity,7,0000000101001000,"NOR-in(1,1)/NOR-in(1,1)/NOT-in(0,1)/NOT-mid(1,0)|edges=0100000110000000",82,5,0.12159728060531559,0.09697658536585366,795208,0.08521986197266947,3494014,0.0797094551077783,6536175,0.07266294492364986,14895904,0.04821125806623163,9883308,0.041314889236222216,3387821,0.036360146341463416,1490766,0.02732121951219512,224034
4,toxicity,7,0000000101001000,"NOR-in(1,1)/NOR-mid(1,0)/NOT-in(0,1)/NOT-in(1,1)|edges=0001000010000100",82,3,0.26300698389579513,0.08722256097560975,715225,0.06890300672224456,2825023,0.061559966417559335,5047917,0.05125985265834434,10508270,0.023634658306003333,4845105,0.017690572739254323,1450627,0.014311487804878049,586771,0.009017439024390244,73943
4,toxicity,7,0000000101001000,"NOR-in(1,1)/NOR-mid(1,1)/NOR-out(1,0)/NOT-in(0,1)|edges=0100001000001000",82,17,-0.1978667301959068,0.1888069512195122,1548217,0.19396504331366277,7952566,0.19526450952509802,16011689,0.1983950010069268,40670976,0.21517000277882925,44109851,0.22134476289403018,18150271,0.22556,9247960,0.2322378048780488,1904350
4,toxicity,7,0000000101001000,"NOR-in(1,1)/NOR-mid(1,1)/NOT-in(0,1)/NOT-out(1,0)|edges=0100000110000000",82,1,0.0008635456834820317,0.023918658536585365,196133,0.01861290425491749,763129,0.016890281311721038,1385003,0.014868238734278269,3047989,0.010025985268039168,2055327,0.008659743691225763,710099,0.007737829268292683,317251,0.0059521951219512195,48808
4,toxicity,7,0000000101001000,"NOR-in(1,1)/NOR-out(1,0)/NOT-in(0,1)/NOT-in(1,1)|edges=0100000000011000",82,2,0.21619486015108821,0.07647646341463414,627107,0.053436566188933284,2190899,0.04558292905282581,3737800,0.03591314564071911,7362195,0.013669107183716028,2802167,0.009327365626161814,764844,0.007262463414634147,297761,0.003954390243902439,32426
4,toxicity,7,0000000101001000,"NOR-in(1,1)/NOR-out(1,0)/NOT-in(0,1)/NOT-mid(1,1)|edges=0001000010000100",82,4,-0.3367889367870251,0.05856756097560976,480254,0.055135005379024916,2260535,0.05277595379394896,4327628,0.05012745755848863,10276129,0.047366267830572996,9710085,0.04808904760758421,3943302,0.048830682926829266,2002058,0.049830487804878046,408610
4,toxicity,7,0000000101001000,"NOR-in(1,1)/NOT-in(0,1)/NOT-in(1,0)/NOT-in(1,1)|edges=0010000100001000",82,1,0.1178034554744207,0.03511219512195122,287920,0.02559741713145533,1049494,0.0219339035089709,1798580,0.017318297223057614,3550251,0.007749863339025723,1588722,0.005824743760372103,477629,0.0047175365853658535,193419,0.003184878048780488,26116
4,toxicity,7,0000000101001000,"NOR-in(1,1)/NOT-in(0,1)/NOT-in(1,1)/NOT-mid(1,0)|edges=0001001010000000",82,1,0.2040424290507555,0.05752390243902439,471696,0.0354714180947725,1454328,0.02825809893941946,2317164,0.019889838636295832,4077417,0.005796082870282118,1188197,0.0036579267400505674,299950,0.002708219512195122,111037,0.0012529268292682926,10274
4,toxicity,7,0000000101001000,"NOR-mid(1,1)/NOR-out(1,0)/NOT-in(0,1)/NOT-in(1,1)|edges=0100000000011000",82,4,0.08405745707889864,0.07051975609756098,578262,0.06681264066464787,2739318,0.0642185031326099,5265917,0.059248964697581175,12146038,0.03772783865631377,7734207,0.032478316281016675,2663222,0.029859048780487805,1224221,0.027255,223491
4,toxicity,7,0000000101011000,"NOR-in(0,2)/NOR-in(1,1)/NOR-in(2,1)/NOR-mid(1,0)|edges=0110001000010000",82,4,0.013563489145740461,0.03697304878048781,303179,0.043260370074182444,1773675,0.04539617294615478,3722486,0.04725767224863078,9687823,0.049157438544805476,10077275,0.04874624271350628,3997192,0.049313878048780485,2021869,0.052017439024390245,426543
4,toxicity,7,0000000101011000,"NOR-in(0,2)/NOR-in(1,1)/NOR-in(2,1)/NOT-in(1,0)|edges=0110001000010000",82,3,0.22000582438076502,0.053936585365853655,442280,0.05129027329661203,2102901,0.04986241706645937,4088718,0.04608623324709789,9447678,0.02656587778960119,5446005,0.020043206828214467,1643543,0.01612329268292683,661055,0.009879512195121952,81012
4,toxicity,7,0000000101011000,"NOR-in(0,2)/NOR-in(1,1)/NOR-mid(2,1)/NOR-out(1,0)|edges=0110001000010000",82,8,-0.041491344633109904,0.06172231707317073,506123,0.07421576333812326,3042846,0.07952245509865635,6520841,0.08665808123593988,17764907,0.10781908187493579,22102912,0.11191970458732428,9177416,0.1133189512195122,4646077,0.11366121951219513,932022
4,toxicity,7,0000000101011000,"NOR-in(0,2)/NOR-in(2,1)/NOR-mid(1,0)/NOT-in(1,1)|edges=0101001000000100",82,1,0.2659953625192862,0.02250329268292683,184527,0.018214977386827064,746814,0.016607208127180886,1361791,0.014663311909008547,3005979,0.010079487706541584,2066295,0.00930036562682035,762630,0.008912634146341464,365418,0.007991951219512195,65534
4,toxicity,7,0000000101011000,"NOR-in(1,0)/NOR-in(1,1)/NOR-in(2,1)/NOT-in(0,2)|edges=0000001010000110",82,2,0.0126853115766307,0.03296280487804878,270295,0.032842539789516074,1346544,0.03155594056370442,2587587,0.028993536019638323,5943675,0.019660121759413448,4030325,0.01652660935300953,1355182,0.014089268292682927,577660,0.009590609756097561,78643
4,toxicity,7,0000000101011000,"NOR-in(1,0)/NOR-in(2,1)/NOT-in(0,2)/NOT-in(1,1)|edges=0000100001010100",82,1,0.06439988521484043,0.02509609756097561,205788,0.020183782456954385,827535,0.01843336675284716,1511536,0.01609068261286473,3298590,0.007841365777157407,1607480,0.005466219378872698,448230,0.004189414634146341,171766,0.002229146341463415,18279
4,toxicity,7,0000000101011000,"NOR-in(1,1)/NOR-in(2,1)/NOT-in(0,2)/NOT-mid(1,0)|edges=0100000111000000",82,1,-0.2861238653210441,0.008810121951219512,72243,0.011133171817870421,456460,0.011663268861622871,956388,0.011873248548814663,2434016,0.01269199987617561,2601860,0.012998048463462232,1065840,0.013084219512195122,536453,0.01259719512195122,103297
4,toxicity,7,0000000101011000,"NOR-in(1,1)/NOR-mid(2,1)/NOR-out(1,0)/NOT-in(0,2)|edges=0100001000001100",82,2,0.1277180947819124,0.05330158536585366,437073,0.043463370093987326,1781998,0.03921162386398165,3215353,0.03314640423128967,6795013,0.015746838870762548,3228102,0.01216919482514159,997874,0.010291926829268293,421969,0.008008048780487805,65666
4,toxicity,7,0000000101011000,"NOR-in(2,1)/NOR-out(1,0)/NOT-in(0,2)/NOT-in(1,1)|edges=0100000010011000",82,1,0.06439988521484043,0.02509609756097561,205788,0.020183782456954385,827535,0.01843336675284716,1511536,0.01609068261286473,3298590,0.007841365777157407,1607480,0.005466219378872698,448230,0.004189414634146341,171766,0.002229146341463415,18279
4,toxicity,7,0000000101011000,"NOR-mid(2,1)/NOR-out(1,0)/NOT-in(0,2)/NOT-in(1,1)|edges=0100000010011000",82,1,0.08495160780600788,0.020243658536585364,165998,0.01836327008422147,752894,0.01734272035818148,1422103,0.015668472865005407,3212037,0.00881183406037235,1806426,0.00655559740108299,537559,0.005314536585365854,217896,0.0030503658536585364,25013
4,toxicity,7,0000000110001000,"NOR-in(0,1)/NOR-in(0,1)/NOR-in(1,1)/NOR-in(2,0)|edges=0010000100010000",82,6,0.0577255789776083,0.0618469512195122,507145,0.06988432389115355,2865257,0.07199040595075151,5903213,0.07391228148463841,15152018,0.07062098955491718,14477303,0.06754597396229332,5538770,0.06472821951219512,2653857,0.05868646341463415,481229
4,toxicity,7,0000000110001000,"NOR-in(0,1)/NOR-in(0,1)/NOR-in(1,1)/NOR-mid(2,0)|edges=0001001000010000",82,4,-0.12430292197388906,0.038074756097560974,312213,0.04317105299229785,1770013,0.04494214853376334,3685256,0.046995686887889035,9634116,0.04992152634222901,10233913,0.049225401238404846,4036483,0.04857158536585366,1991435,0.04582987804878049,375805
4,toxicity,7,0000000110001000,"NOR-in(0,1)/NOR-in(0,1)/NOR-in(1,1)/NOR-mid(2,0)|edges=0010000100010000",82,7,-0.10127739197474847,0.04866512195121951,399054,0.059862883889061844,2454378,0.0646067592491102,5297754,0.07215685225059801,14792155,0.10045961365405255,20594221,0.10902276563359108,8939867,0.1148058780487805,4707041,0.1261269512195122,1034241
4,toxicity,7,0000000110001000,"NOR-in(0,1)/NOR-in(0,1)/NOR-mid(1,1)/NOR-out(2,0)|edges=0010000100010000",82,1,-0.05428578457402789,0.00941,77162,0.01034239125291622,424038,0.010833537113831079,888350,0.011593780261584776,2376725,0.012855790118480096,2635437,0.012221499701914641,1002163,0.011516634146341463,472182,0.01000060975609756,82005
4,toxicity,7,0000000110001000,"NOR-in(0,1)/NOR-in(0,1)/NOR-mid(2,0)/NOT-in(1,1)|edges=0001001000000010",82,3,-0.029164507168282817,0.043802439024390245,359180,0.041291077199129486,1692934,0.04064300198258546,3332726,0.039347350451759015,8066207,0.03330704845554099,6827945,0.031398072404925065,2574642,0.03014109756097561,1235785,0.02811390243902439,230534
4,toxicity,7,0000000110001000,"NOR-in(0,1)/NOR-in(0,1)/NOR-mid(2,0)/NOT-in(1,1)|edges=0010000100000010",82,2,0.18202160343268883,0.03408890243902439,279529,0.03326514958684386,1363871,0.03244752597305005,2660697,0.030372794529311326,6226423,0.017904799825319027,3670484,0.014289231358799235,1171717,0.01187539024390244,486891,0.007599512195121951,62316
4,toxicity,7,0000000110001000,"NOR-in(0,1)/NOR-in(0,1)/NOR-out(2,0)/NOT-mid(1,1)|edges=0010000100000010",82,1,0.14389312462627155,0.008003414634146342,65628,0.010266025391807355,420907,0.011202024936684143,918566,0.012225409517552984,2506209,0.011222819402704202,2300678,0.009874463173793582,809706,0.009024341463414635,369998,0.007796829268292683,63934
4,toxicity,7,0000000110001000,"NOR-in(0,1)/NOR-in(1,1)/NOR-in(2,0)/NOT-in(0,1)|edges=0010001000000100",82,4,0.019838363743177226,0.05171085365853659,424029,0.05544251760414806,2273143,0.05507636854031066,4516262,0.05341933066498867,10950963,0.04302155079978975,8819418,0.03822926736026177,3134800,0.03438056097560976,1409603,0.026742560975609755,219289
4,toxicity,7,0000000110001000,"NOR-in(0,1)/NOR-in(1,1)/NOR-in(2,0)/NOT-in(0,1)|edges=0100001000000010",82,7,-0.041279132593897934,0.06846353658536586,561401,0.07621183670359383,3124685,0.07886150384690263,6466643,0.08216966668937235,16844782,0.08747607231730661,17932595,0.0865484247183311,7096971,0.08478778048780487,3476299,0.0777279268292683,637369
4,toxicity,7,0000000110001000,"NOR-in(0,1)/NOR-in(1,1)/NOR-mid(2,0)/NOT-in(0,1)|edges=0010001000000100",82,7,-0.2461471977949239,0.05125536585365854,420294,0.06297193297287151,2581849,0.0672959057217515,5518264,0.07353258393107154,15074180,0.09643198442505381,19768557,0.10252955847488882,8407424,0.10603312195121951,4347358,0.11099,910118
4,toxicity,7,0000000110001000,"NOR-in(0,1)/NOR-in(1,1)/NOR-mid(2,0)/NOT-in(0,1)|edges=0100001000000010",82,10,-0.022802479450738183,0.11416463414634147,936150,0.12195281677588456,5000065,0.12463431095777126,10220013,0.1249571926837621,25616225,0.11855518420921772,24303813,0.11587297278358603,9501584,0.11379943902439024,4665777,0.111155,911471
4,toxicity,7,0000000110001000,"NOR-in(0,1)/NOR-in(2,0)/NOT-in(0,1)/NOT-in(1,1)|edges=0001000001000100",82,1,-0.1167390069162828,0.008605731707317073,70567,0.010239269291636028,419810,0.010210732205401571,837280,0.010619258329380325,2176948,0.013300799870236099,2726664,0.015352024015804292,1258866,0.016934756097560975,694325,0.02209841463414634,181207
4,toxicity,7,0000000110001000,"NOR-in(0,1)/NOR-in(2,0)/NOT-in(0,1)/NOT-in(1,1)|edges=0100000000010100",82,1,0.09191510065122327,0.015677073170731706,128552,0.014758977049656298,605118,0.014629195835570529,1199594,0.014186428991484312,2908218,0.010433780386011898,2138925,0.008982024171170142,736526,0.008168073170731708,334891,0.006375243902439025,52277
4,toxicity,7,0000000110001000,"NOR-in(0,1)/NOR-mid(0,1)/NOR-mid(1,1)/NOR-out(2,0)|edges=0010000100010000",82,17,-0.02943732756146434,0.1315179268292683,1078447,0.15524340538960052,6364979,0.16562204466449,13581007,0.18113555256320873,37132789,0.23410082698438217,47990670,0.2466288598383205,20223567,0.25316731707317075,10379860,0.2572371951219512,2109345
4,toxicity,7,0000000110001000,"NOR-in(0,1)/NOR-mid(0,1)/NOR-out(2,0)/NOT-mid(1,1)|edges=0001001000000010",82,3,0.05347682937140798,0.04781987804878049,392123,0.04541376052817176,1861964,0.043728758230671134,3585758,0.04112807236823274,8431255,0.031662424081342205,6490797,0.0294098529412231,2411608,0.028593731707317074,1172343,0.02795012195121951,229191
4,toxicity,7,0000000110001000,"NOR-in(0,1)/NOR-mid(1,1)/NOR-out(2,0)/NOT-in(0,1)|edges=0010001000000100",82,3,0.17628911033980615,0.054332560975609755,445527,0.05162841967106534,2116765,0.04979024633123153,4082800,0.046041267394316736,9438460,0.026716633885691378,5476910,0.020844828759882226,1709276,0.017189926829268294,704787,0.010649878048780488,87329
4,toxicity,7,0000000110001000,"NOR-in(0,1)/NOR-mid(1,1)/NOR-out(2,0)/NOT-mid(0,1)|edges=0100001000000010",82,3,-0.04496089167212826,0.046270731707317075,379420,0.04323366275450368,1772580,0.04179509959976096,3427198,0.03937279435370157,8071423,0.0345977118575833,7092531,0.032472121159216556,2662714,0.03056117073170732,1253008,0.025855853658536584,212018
4,toxicity,7,0000000110001000,"NOR-in(0,1)/NOR-mid(2,0)/NOT-in(0,1)/NOT-in(1,1)|edges=0100000000010100",82,2,0.07201149812891543,0.026513048780487804,217407,0.02774397831648569,1137503,0.027762330622552713,2276511,0.026984501912497523,5531823,0.021704609544345273,4449445,0.02073695071373291,1700430,0.020263243902439023,830793,0.02036109756097561,166961
4,toxicity,7,0000000110001000,"NOR-in(0,1)/NOR-out(2,0)/NOT-mid(0,1)/NOT-mid(1,1)|edges=0001000001000100",82,1,-0.18306452958982158,0.014534268292682926,119181,0.014174123334060812,581139,0.013419098215565767,1100366,0.012891892431377708,2642838,0.011175316964143249,2290940,0.010945243635481862,897510,0.010942365853658537,448637,0.010968658536585366,89943
4,toxicity,7,0000000110001000,"NOR-in(1,1)/NOR-in(2,0)/NOT-in(0,1)/NOT-in(0,1)|edges=0100000001001000",82,1,0.06439988521484043,0.02509609756097561,205788,0.020183782456954385,827535,0.01843336675284716,1511536,0.01609068261286473,3298590,0.007841365777157407,1607480,0.005466219378872698,448230,0.004189414634146341,171766,0.002229146341463415,18279
4,toxicity,7,0000000110001000,"NOR-in(1,1)/NOR-in(2,0)/NOT-in(0,1)/NOT-in(0,1)|edges=0100000010000100",82,2,0.010228147766538945,0.04262207317073171,349501,0.03323166177869871,1362498,0.029828306333088115,2445921,0.0265795555789355,5448809,0.02316920465200776,4749687,0.024276267700578835,1990654,0.025087243902439025,1028577,0.02668451219512195,218813
4,toxicity,7,0000000110001000,"NOR-in(1,1)/NOR-mid(0,1)/NOR-out(2,0)/NOT-in(0,1)|edges=0010001000001000",82,2,0.09760392760508181,0.04216780487804878,345776,0.03772254026561368,1546624,0.03546877002286683,2908439,0.03158752133487763,6475442,0.01605791691650813,3291873,0.01099888997563683,901909,0.008558439024390244,350896,0.004425121951219513,36286
4,toxicity,7,0000000110001000,"NOR-in(1,1)/NOR-mid(2,0)/NOT-in(0,1)/NOT-in(0,1)|edges=0100000010000100",82,1,0.0008635456834820317,0.023918658536585365,196133,0.01861290425491749,763129,0.016890281311721038,1385003,0.014868238734278269,3047989,0.010025985268039168,2055327,0.008659743691225763,710099,0.007737829268292683,317251,0.0059521951219512195,48808
4,toxicity,7,0000000110001000,"NOR-in(2,0)/NOT-in(0,1)/NOT-in(0,1)/NOT-in(1,1)|edges=0000000110001000",82,1,0.2040424290507555,0.05752390243902439,471696,0.0354714180947725,1454328,0.02825809893941946,2317164,0.019889838636295832,4077417,0.005796082870282118,1188197,0.0036579267400505674,299950,0.002708219512195122,111037,0.0012529268292682926,10274
4,toxicity,7,0000000110001000,"NOR-mid(0,1)/NOR-mid(1,1)/NOR-out(2,0)/NOT-in(0,1)|edges=0010001000000100",82,6,-0.13973260972426538,0.06199890243902439,508391,0.06745266511733318,2765559,0.06952610095249273,5701140,0.07169614006446556,14697709,0.07492831146411404,15360304,0.07394814453785013,6063748,0.07328014634146342,3004486,0.07172195121951219,588120
4,toxicity,7,0000000110001000,"NOR-mid(1,1)/NOR-out(2,0)/NOT-in(0,1)/NOT-mid(0,1)|edges=0100000010000100",82,3,0.2124933655185958,0.06351073170731707,520788,0.0549574931665847,2253257,0.051290234209279716,4205799,0.04569500398643895,9367476,0.028277019236321765,5796789,0.023486511622280205,1925894,0.020745219512195122,850554,0.016528048780487806,135530
4,toxicity,7,0000000110001010,"NOR-in(0,1)/NOR-in(1,1)/NOR-in(1,2)/NOR-in(2,0)|edges=0010000101010000",82,5,0.03783409242412533,0.037296097560975607,305828,0.04645734599583863,1904751,0.050276246354938846,4122652,0.05471189161537773,11215938,0.06588973106449043,13507395,0.06713666909422758,5505207,0.06803875609756098,2789589,0.06895390243902438,565422
4,toxicity,7,0000000110001010,"NOR-in(0,1)/NOR-in(1,1)/NOR-in(1,2)/NOR-mid(2,0)|edges=0010000101010000",82,4,0.04588431963756552,0.03206024390243902,262894,0.03836136959623118,1572816,0.04112153859129457,3371966,0.04449331132695978,9121129,0.052824740948051306,10829072,0.05340129138045631,4378906,0.0530710487804878,2175913,0.05111731707317073,419162
4,toxicity,7,0000000110001010,"NOR-in(0,1)/NOR-in(1,1)/NOR-in(1,2)/NOR-out(2,0)|edges=0010000101010000",82,1,0.02554106473593585,0.007191219512195122,58968,0.009434927749749049,386832,0.010283122452835242,843216,0.011391590021627512,2335276,0.01258634134062106,2580200,0.012108353363210894,992885,0.011593756097560975,475344,0.009946097560975609,81558
4,toxicity,7,0000000110001010,"NOR-in(0,1)/NOR-in(1,1)/NOR-mid(2,0)/NOT-in(1,2)|edges=0001001000000110",82,1,0.1178034554744207,0.03511219512195122,287920,0.02559741713145533,1049494,0.0219339035089709,1798580,0.017318297223057614,3550251,0.007749863339025723,1588722,0.005824743760372103,477629,0.0047175365853658535,193419,0.003184878048780488,26116
4,toxicity,7,0000000110001010,"NOR-in(0,1)/NOR-in(1,2)/NOR-mid(1,1)/NOR-out(2,0)|edges=0100001100010000",82,7,0.02892243152464345,0.07937048780487804,650838,0.0801130078159032,3284633,0.08102366248895915,6643940,0.0824563886349973,16903560,0.08956620400423215,18361072,0.09063357096015681,7431953,0.09068982926829268,3718283,0.09100292682926829,746224
4,toxicity,7,0000000110001010,"NOR-in(0,1)/NOR-mid(2,0)/NOT-in(1,1)/NOT-in(1,2)|edges=0001000001000110",82,1,0.08495160780600788,0.020243658536585364,165998,0.01836327008422147,752894,0.01734272035818148,1422103,0.015668472865005407,3212037,0.00881183406037235,1806426,0.00655559740108299,537559,0.005314536585365854,217896,0.0030503658536585364,25013
4,toxicity,7,0000000110001010,"NOR-in(1,1)/NOR-in(1,2)/NOR-in(2,0)/NOT-in(0,1)|edges=0010101000000100",82,2,0.04900921759743818,0.020923048780487806,171569,0.023130075427324433,948333,0.023502488951340925,1927204,0.023702970269210335,4859109,0.024797736343436717,5083536,0.02529156035874243,2073908,0.02641958536585366,1083203,0.029277439024390246,240075
4,toxicity,7,0000000110001010,"NOR-in(1,1)/NOR-in(1,2)/NOR-mid(2,0)/NOT-in(0,1)|edges=0010101000000100",82,3,-0.0412532019377894,0.02972451219512195,243741,0.03338222276899734,1368671,0.034182391911336193,2802956,0.03487602858778481,7149586,0.0382720386510045,7845768,0.03915991367902649,3211113,0.0392,1607200,0.03915634146341464,321082
4,toxicity,7,0000000110001010,"NOR-in(1,1)/NOR-mid(2,0)/NOT-in(0,1)/NOT-in(1,2)|edges=0100000000011100",82,1,0.060399579851984,0.01818939024390244,149153,0.017865952962531996,732504,0.01727772035501075,1416773,0.01582810700823206,3244762,0.007996975531736825,1639380,0.006344451064769486,520245,0.005574390243902439,228550,0.004823170731707317,39550
4,toxicity,7,0000000110001010,"NOR-in(1,2)/NOR-mid(1,1)/NOR-out(2,0)/NOT-in(0,1)|edges=0110001000001000",82,2,0.018191925093638654,0.01924451219512195,157805,0.021962441167067432,900460,0.02265348890992629,1857586,0.02340445320186433,4797913,0.025462911946703297,5219897,0.025051621340204357,2054233,0.02405209756097561,986136,0.021646829268292683,177504
4,toxicity,7,0000000110001010,"NOR-in(1,2)/NOR-out(2,0)/NOT-in(0,1)/NOT-mid(1,1)|edges=0101000010000100",82,1,0.2040424290507555,0.05752390243902439,471696,0.0354714180947725,1454328,0.02825809893941946,2317164,0.019889838636295832,4077417,0.005796082870282118,1188197,0.0036579267400505674,299950,0.002708219512195122,111037,0.0012529268292682926,10274
4,toxicity,7,0000000110001010,"NOR-mid(1,1)/NOR-out(2,0)/NOT-in(0,1)/NOT-in(1,2)|edges=0100000000011100",82,1,-0.011876704452733743,0.02050768292682927,168163,0.01791575784543979,734546,0.0167525374025628,1373708,0.015152346045807882,3106231,0.008509877965757287,1744525,0.006512268133847119,534006,0.005572756097560976,228483,0.0036934146341463417,30286
4,toxicity,7,0000000110011000,"NOR-in(0,1)/NOR-in(0,2)/NOR-in(2,0)/NOR-in(2,1)|edges=0001001100000010",82,2,0.07400394853214667,0.012065365853658536,98936,0.016434684530213125,673822,0.018565208222693082,1522347,0.02110231666141821,4325975,0.027537292414270317,5645145,0.028163889556978305,2309439,0.028252560975609756,1158355,0.027807073170731708,228018
4,toxicity,7,0000000110011000,"NOR-in(0,1)/NOR-in(0,2)/NOR-in(2,1)/NOR-mid(2,0)|edges=0010001100010000",82,1,-0.04576808525584082,0.009068658536585367,74363,0.010629562012640197,435812,0.011221207864449164,920139,0.01176931196547684,2412709,0.012234473051370995,2508067,0.011593524107475021,950669,0.011129536585365854,456311,0.009758658536585366,80021
4,toxicity,7,0000000110011000,"NOR-in(0,1)/NOR-in(0,2)/NOR-mid(2,1)/NOR-out(2,0)|edges=0010001100010000",82,1,-0.007986667496509404,0.011014390243902439,90318,0.012102025570929324,496183,0.01211865912773947,993730,0.012110824153935138,2482719,0.012321351099303891,2525877,0.011879414344404529,974112,0.011122756097560976,456033,0.009651341463414634,79141
4,toxicity,7,0000000110011000,"NOR-in(0,1)/NOR-in(2,1)/NOR-mid(2,0)/NOT-in(0,2)|edges=0100001000000110",82,1,0.060399579851984,0.01818939024390244,149153,0.017865952962531996,732504,0.01727772035501075,1416773,0.01582810700823206,3244762,0.007996975531736825,1639380,0.006344451064769486,520245,0.005574390243902439,228550,0.004823170731707317,39550
4,toxicity,7,0000000110011000,"NOR-in(0,2)/NOR-in(2,1)/NOR-mid(2,0)/NOT-in(0,1)|edges=0110001000000100",82,2,-0.00963164608785259,0.019994878048780487,163958,0.021926685066018057,898994,0.022556330368601482,1849619,0.023390994665541568,4795154,0.02528744853378099,5183927,0.025237401823478004,2069467,0.02481848780487805,1017558,0.023310243902439024,191144
4,toxicity,7,0000000110011000,"NOR-in(0,2)/NOR-in(2,1)/NOR-out(2,0)/NOT-in(0,1)|edges=0110001000000100",82,1,0.02554106473593585,0.007191219512195122,58968,0.009434927749749049,386832,0.010283122452835242,843216,0.011391590021627512,2335276,0.01258634134062106,2580200,0.012108353363210894,992885,0.011593756097560975,475344,0.009946097560975609,81558
4,toxicity,7,0000000110011000,"NOR-in(0,2)/NOR-mid(2,1)/NOR-out(2,0)/NOT-in(0,1)|edges=0110001000000100",82,3,0.06634030495610181,0.05123719512195122,420145,0.04561668737723779,1870284,0.04378419725776572,3590304,0.041039038223628525,8413003,0.03295813626382306,6756418,0.03040747486811037,2493413,0.02853651219512195,1169997,0.023998170731707315,196785
4,toxicity,7,0000000111001000,"NOR-in(0,2)/NOR-in(1,1)/NOR-in(1,1)/NOR-in(2,0)|edges=0101001000010000",82,1,0.04445123173295338,0.013514878048780488,110822,0.014288757491586097,585839,0.01407512263781086,1154160,0.013491765590404574,2765812,0.010781809650909174,2210271,0.009772524151889655,801347,0.00891580487804878,365548,0.007513292682926829,61609
4,toxicity,7,0000000111001000,"NOR-in(0,2)/NOR-in(1,1)/NOR-in(1,1)/NOR-mid(2,0)|edges=0101001000010000",82,5,0.08322764407131977,0.05049609756097561,414068,0.057349103156010064,2351313,0.059368039481367776,4868179,0.06131165246221166,12568889,0.05828034089482594,11947470,0.054312486480183254,4453624,0.051708951219512196,2120067,0.04392951219512195,360222
4,toxicity,7,0000000111001000,"NOR-in(0,2)/NOR-in(1,1)/NOR-in(2,0)/NOT-in(1,1)|edges=0110000100000010",82,1,0.15373922140642823,0.01577878048780488,129386,0.01484568437518872,608673,0.014659683641935787,1202094,0.014238004600234057,2918791,0.010419629166637764,2136024,0.009022024170194532,739806,0.00782119512195122,320669,0.005079024390243903,41648
4,toxicity,7,0000000111001000,"NOR-in(0,2)/NOR-in(1,1)/NOR-mid(1,1)/NOR-out(2,0)|edges=0101001000010000",82,6,0.1916189155914068,0.10461926829268292,857878,0.09929522919953455,4071104,0.0960746632231543,7878122,0.089577403130197,18363368,0.05469153117374116,11211764,0.04317905992246195,3540683,0.03650470731707317,1496693,0.02472670731707317,202759
4,toxicity,7,0000000111001000,"NOR-in(1,1)/NOR-in(1,1)/NOR-in(2,0)/NOT-in(0,2)|edges=0100001000001010",82,1,0.03364199732482657,0.008230121951219513,67487,0.009860415596138107,404277,0.010534829782186818,863856,0.01129362904792919,2315194,0.013141560847399406,2694020,0.013172206995799829,1080121,0.012929341463414634,530103,0.011995487804878049,98363
4,toxicity,7,0000000111001000,"NOR-in(1,1)/NOR-in(1,1)/NOR-mid(2,0)/NOT-in(0,2)|edges=0010100000000110",82,1,0.16068306096909757,0.030006951219512194,246057,0.023327343739253048,956421,0.02072530588903931,1699475,0.017168370396714722,3519516,0.00819445845663943,1679864,0.006230219360238552,510878,0.005123341463414634,210057,0.0031868292682926827,26132
4,toxicity,7,0000000111001000,"NOR-in(1,1)/NOR-in(1,1)/NOR-mid(2,0)/NOT-in(0,2)|edges=0100001000001010",82,1,0.09740165402055294,0.018952560975609756,155411,0.01796514809416079,736571,0.017324830113406346,1420636,0.016023307004423278,3284778,0.007873024313433908,1613970,0.005669438886111247,464894,0.004554243902439024,186724,0.0027014634146341463,22152
4,toxicity,7,0000000111001000,"NOR-in(1,1)/NOR-in(2,0)/NOT-in(0,2)/NOT-in(1,1)|edges=0001000011000100",82,1,0.0024303792975167255,0.009036951219512195,74103,0.00991575706495191,406546,0.010484293194355766,859712,0.011217492464048927,2299586,0.012638751096207306,2590944,0.013192463092866754,1081782,0.013740243902439024,563350,0.014291463414634146,117190
4,toxicity,7,0000000111011000,"NOR-in(0,3)/NOR-in(1,1)/NOR-in(2,1)/NOR-mid(2,0)|edges=0111001000010000",82,1,0.03061700475186003,0.006104146341463414,50054,0.008315561786884076,340938,0.009417939483801926,772271,0.01055128272095058,2163013,0.013980668156286164,2866037,0.014613060619193643,1198271,0.015123414634146341,620060,0.015918048780487803,130528
4,toxicity,7,0000001110001000,"NOR-in(0,2)/NOR-in(1,1)/NOR-in(1,1)/NOR-in(2,0)|edges=0110000100010000",82,6,0.05078794133516017,0.035229146341463416,288879,0.0486005169366358,1992621,0.05475039291465331,4489532,0.06280357926236918,12874734,0.0837483016219678,17168402,0.08728627835887126,7157475,0.08884348780487805,3642583,0.0918398780487805,753087
4,toxicity,7,0000001110001000,"NOR-in(0,2)/NOR-in(1,1)/NOR-in(1,1)/NOR-mid(2,0)|edges=0110000100010000",82,6,0.18561620357590655,0.042178414634146344,345863,0.05253161488113316,2153796,0.05754239305084844,4718476,0.06431299386706353,13184164,0.08342456016171161,17102035,0.08616920521538524,7065875,0.0861070487804878,3530389,0.08034780487804878,658852
4,toxicity,7,0000001110001000,"NOR-in(0,2)/NOR-in(1,1)/NOR-mid(1,1)/NOR-out(2,0)|edges=0110000100010000",82,1,0.08750848189900831,0.017071707317073172,139988,0.017538757808659298,719089,0.01703540327001967,1396903,0.015496838722012903,3176852,0.008216551139350721,1684393,0.005532670596764132,453679,0.004369024390243902,179130,0.0021959756097560974,18007
4,toxicity,7,0000001110001000,"NOR-in(0,2)/NOR-in(1,1)/NOR-mid(2,0)/NOT-in(1,1)|edges=0101001000000010",82,1,0.01841817959744126,0.01235719512195122,101329,0.014107708693434995,578416,0.014691049497124365,1204666,0.014546272886901992,2981986,0.00926439990961561,1899202,0.006890682758763835,565036,0.005634243902439024,231004,0.003849390243902439,31565
4,toxicity,7,0000001110001000,"NOR-in(0,2)/NOR-mid(1,1)/NOR-mid(1,1)/NOR-out(2,0)|edges=0110000100010000",82,2,-0.26762591852162065,0.005070609756097561,41579,0.009309220420411749,381678,0.01169629325347772,959096,0.015585726525156555,3195074,0.03430166795803251,7031842,0.042713255055774266,3502487,0.04947819512195122,2028606,0.06806317073170731,558118
4,toxicity,7,0000001110001000,"NOR-in(1,1)/NOR-in(1,1)/NOR-in(2,0)/NOT-in(0,2)|edges=0010001000001100",82,1,0.03759717252284763,0.01566426829268293,128447,0.015075513665903772,618096,0.014691415350800749,1204696,0.013936589971968977,2857001,0.010211053558916551,2093266,0.008663646130154972,710419,0.007480365853658536,306695,0.005231341463414634,42897
4,toxicity,7,0000001110001000,"NOR-in(1,1)/NOR-in(2,0)/NOT-in(0,2)/NOT-in(1,1)|edges=0100000010010100",82,1,0.060399579851984,0.01818939024390244,149153,0.017865952962531996,732504,0.01727772035501075,1416773,0.01582810700823206,3244762,0.007996975531736825,1639380,0.006344451064769486,520245,0.005574390243902439,228550,0.004823170731707317,39550
4,toxicity,7,0000001110001000,"NOR-in(1,1)/NOR-mid(1,1)/NOR-out(2,0)/NOT-in(0,2)|edges=0010001000001100",82,1,0.09740165402055294,0.018952560975609756,155411,0.01796514809416079,736571,0.017324830113406346,1420636,0.016023307004423278,3284778,0.007873024313433908,1613970,0.005669438886111247,464894,0.004554243902439024,186724,0.0027014634146341463,22152
4,toxicity,7,0000001110001010,"NOR-in(0,2)/NOR-in(1,2)/NOR-in(2,0)/NOR-in(2,1)|edges=0101001100000010",82,1,0.01841817959744126,0.01235719512195122,101329,0.014107708693434995,578416,0.014691049497124365,1204666,0.014546272886901992,2981986,0.00926439990961561,1899202,0.006890682758763835,565036,0.005634243902439024,231004,0.003849390243902439,31565
4,toxicity,7,0000001110001010,"NOR-in(0,2)/NOR-in(1,2)/NOR-in(2,1)/NOR-mid(2,0)|edges=0110001100010000",82,2,0.01659632495203707,0.010427439024390243,85505,0.014580440446872239,597798,0.01662026910342776,1362862,0.019655341079895784,4029345,0.028597209477100396,5862428,0.0304269382822698,2495009,0.031286268292682926,1282737,0.03194926829268293,261984
4,toxicity,7,0000001110001010,"NOR-in(0,2)/NOR-in(1,2)/NOR-mid(2,1)/NOR-out(2,0)|edges=0110001100010000",82,2,-0.008664514906753788,0.01729878048780488,141850,0.0204899776087783,840089,0.021756037646635983,1783995,0.02306294101340603,4727903,0.0253760338987704,5202087,0.02476573110327485,2030790,0.02405887804878049,986414,0.021754146341463415,178384
5,toxicity,5,0000000000000010000111000,"NOR-in(0,1)/NOR-mid(2,2)/NOR-out(1,0)/NOR-out(1,0)/NOT-in(0,1)|edges=0100000110000000000001000",43,1,-0.00946048611561838,0.021635304992721826,8145,0.02354751790833229,44325,0.023674454469945146,89128,0.023371949240945288,219973,0.023804375785778785,224043,0.02450957345447871,92272,0.024675250163092098,46448,0.023840007650052595,8975
5,toxicity,5,0000000000000010010011000,"NOR-in(0,1)/NOR-in(1,1)/NOR-out(1,0)/NOR-out(1,0)/NOT-mid(1,2)|edges=0100000001000000000000110",43,1,-0.13000337502332016,0.010861480922681344,4089,0.016459090802841532,30982,0.01858777235995222,69978,0.020613083225614382,194007,0.025015190970608194,235439,0.02655433997576986,99970,0.02729694236845852,51383,0.027484407705302975,10347
5,toxicity,5,0000000000000010010011000,"NOR-in(1,1)/NOR-mid(1,2)/NOR-out(1,0)/NOT-in(0,1)/NOT-out(1,0)|edges=0100000101000001000000000",43,1,0.12586682019942977,0.05786680408427808,21785,0.041848972887284286,78775,0.036668735870511934,138048,0.030884828234400124,290683,0.0190242270348596,179053,0.015891698030112627,59828,0.013753391996906032,25889,0.010149601028507071,3821
5,toxicity,5,0000000000000010100010010,"NOR-in(0,1)/NOR-out(1,0)/NOR-out(1,0)/NOT-in(1,2)/NOT-mid(1,1)|edges=0001000000000000010101000",43,1,0.11526382188594544,0.022740312589649054,8561,0.026789186363530115,50427,0.02682182242406035,100977,0.025825030137577802,243061,0.02029316049856771,190996,0.01902100361433334,71609,0.017697883308931496,33314,0.014418224125290861,5428
5,toxicity,5,0000000000000010110011000,"NOR-in(1,1)/NOR-mid(1,2)/NOR-out(1,0)/NOR-out(2,0)/NOT-in(0,2)|edges=0100000110000000000010010",43,1,-0.0195562821937532,0.010999606872297247,4141,0.01593528138022189,29996,0.017516780074443527,65946,0.01961465975083719,184610,0.025887283901204875,243647,0.0273947714220371,103134,0.02817562097183766,53037,0.02876738527577377,10830
5,toxicity,5,0000000000000011100001000,"NOR-in(0,1)/NOR-mid(0,2)/NOR-out(2,0)/NOT-mid(1,1)/NOT-out(1,0)|edges=0001000101000000010000000",43,1,-0.012670217440238236,0.049117056429762954,18491,0.04260918717102537,80206,0.03920304574056115,147589,0.0338924235627515,318990,0.014650162492120299,137885,0.009059606617521082,34107,0.006055126191847307,11398,0.0024012665087072473,904
5,toxicity,5,0000000000010000100010010,"NOR-in(0,2)/NOR-mid(1,1)/NOR-out(1,0)/NOR-out(2,0)/NOT-mid(0,1)|edges=0110000010000000000000010",43,1,-0.05141771764091297,0.013451342477979536,5064,0.01828870505385781,34426,0.019626093005798817,73887,0.02111638555614748,198744,0.02520240195302917,237201,0.026499355996826335,99763,0.02741487867435342,51605,0.02810597447857454,10581
5,toxicity,5,0000000000010001000110100,"NOR-in(1,2)/NOR-mid(1,1)/NOR-out(1,0)/NOR-out(2,0)/NOT-in(0,2)|edges=0101000100000000000010010",43,1,0.07697659978114815,0.01844512681024682,6944,0.019768227611662782,37211,0.019616530574678204,73851,0.020498334119223048,192927,0.025405869053673983,239116,0.026634292524861658,100271,0.02694313345077381,50717,0.024647513201653263,9279
5,toxicity,5,0000000001000010010010000,"NOR-in(0,1)/NOR-in(0,1)/NOR-in(1,1)/NOR-mid(2,1)/NOR-out(1,0)|edges=0001000100000100000100000",43,1,-0.05074699517750572,0.005928790760436478,2232,0.011081278647487945,20859,0.01355527735964277,51032,0.017365789763912214,163444,0.027269372697647568,256655,0.029202070903833022,109938,0.031033717033615033,58417,0.037647290075119265,14173
5,toxicity,5,0000000001000010010010000,"NOR-in(0,1)/NOR-in(1,1)/NOR-mid(2,1)/NOR-out(1,0)/NOT-in(0,1)|edges=0010000100000100000001000",43,1,0.1828915554460477,0.043169671791493565,16252,0.03533376116415316,66511,0.03225806451612903,121443,0.028743482410130732,270529,0.02038081603800999,191821,0.01780126240028177,67017,0.016181711160174504,30460,0.0157277643783801,5921
5,toxicity,5,0000000001000010010010000,"NOR-in(0,1)/NOR-in(1,1)/NOR-mid(2,1)/NOR-out(1,0)/NOT-in(0,1)|edges=0100000100000100000000100",43,1,-0.3344064556307669,0.00831411965957266,3130,0.013037329655688273,24541,0.014760674927013417,55570,0.01730894645657947,162909,0.027503439550243147,258858,0.030878418203893875,116249,0.033098133631396985,62303,0.03451554979440483,12994
5,toxicity,5,0000000001000010010010000,"NOR-in(0,1)/NOR-mid(2,1)/NOR-out(1,0)/NOT-in(0,1)/NOT-in(1,1)|edges=0100000100000000000101000",43,1,0.09042177337997291,0.04470499484683957,16830,0.03948279928855418,74321,0.03695374944252355,139121,0.03230580466854614,304057,0.018026972618853207,169667,0.014427052330138685,54314,0.011852598742437733,22311,5.3125365236886005e-06,2
5,toxicity,5,0000000001000010110010000,"NOR-in(0,2)/NOR-in(1,1)/NOR-in(1,1)/NOR-mid(2,1)/NOR-out(1,0)|edges=0110000010000100000100000",43,1,-0.08447126237420358,0.008114899539934337,3055,0.013206797410065215,24860,0.015366826810825629,57852,0.018449531324274814,173644,0.027149204921757604,255524,0.030044361711707046,113109,0.032259829619225106,60725,0.0337638258763029,12711
5,toxicity,5,0000000001000011000000010,"NOR-in(0,1)/NOR-in(0,1)/NOR-in(2,1)/NOR-mid(1,1)/NOR-out(1,0)|edges=0010000100000100000100000",43,1,0.13629268224116242,0.015499325307861491,5835,0.017564084311004674,33062,0.018317102434621525,68959,0.02002488780618621,188471,0.025157033570796617,236774,0.026169717746251858,98522,0.025428023791259115,47865,0.02435532369285039,9169
5,toxicity,5,0000000001000011000010010,"NOR-in(0,1)/NOR-in(2,2)/NOR-mid(1,1)/NOR-out(2,0)/NOT-in(0,1)|edges=0100000110000100000001000",43,2,0.0645023256741293,0.03176896841165783,11960,0.038503711290696165,72478,0.04108950090218881,154691,0.04487550678199093,422361,0.0456107365179671,429281,0.039625120825301556,149178,0.03407084253271936,64134,0.024514699788561047,9229
5,toxicity,5,0000000001000100100010000,"NOR-in(0,1)/NOR-in(1,1)/NOR-mid(1,1)/NOR-out(1,0)/NOT-in(1,1)|edges=0000100100000100000001000",43,1,0.007143686550551197,0.017188711922394465,6471,0.019279480483052162,36291,0.02025243224419899,76245,0.02196297896330132,206712,0.02221722615161051,209105,0.021852014472208255,82267,0.021968558818341963,41353,0.019095912534398674,7189
5,toxicity,5,0000000001000100100010000,"NOR-in(0,1)/NOR-in(1,1)/NOR-mid(1,1)/NOR-out(1,0)/NOT-in(1,1)|edges=0100000001000100000000100",43,1,-0.19349299314726495,0.00859834036359,3237,0.01364401359142015,25683,0.015939775808802376,60009,0.018711435534695772,176109,0.02570687286366185,241949,0.02751164558017793,103574,0.02894486318326027,54485,0.030573647693827893,11510
5,toxicity,5,0000000001000100100010000,"NOR-in(0,1)/NOR-in(1,1)/NOR-out(1,0)/NOT-in(1,1)/NOT-mid(1,1)|edges=0100000010000000000100100",43,1,-0.07183125299351338,0.02879129169013037,10839,0.029483670533435615,55499,0.02940208508810585,110691,0.028319866959036058,266542,0.019612741014218154,184592,0.01669361412881073,62847,0.013997764522634208,26349,0.008927717628058694,3361
5,toxicity,5,0000000001000100100010000,"NOR-in(1,1)/NOR-in(1,1)/NOR-mid(1,1)/NOR-out(1,0)/NOT-in(0,1)|edges=0010010000000100000001000",43,1,0.09081268696900417,0.024302198327613503,9149,0.020283005837340707,38180,0.01941598514423201,73096,0.01956865385910807,184177,0.026940106616760738,253556,0.03156478825988457,118833,0.03357784752429382,63206,0.035416024735170054,13333
5,toxicity,5,0000000001000100100010000,"NOR-in(1,1)/NOR-in(1,1)/NOR-mid(1,1)/NOR-out(1,0)/NOT-in(0,1)|edges=0100000100000100000010000",43,1,-0.1087243207148559,0.009217250868599721,3470,0.011678931386278105,21984,0.012631440264156846,47554,0.01516749438313749,142754,0.029944407263148624,281832,0.03711179517910035,139716,0.042951658864454,80851,0.05964384755145192,22454
5,toxicity,5,0000000001000100100010000,"NOR-in(1,1)/NOR-in(1,1)/NOR-out(1,0)/NOT-in(0,1)/NOT-mid(1,1)|edges=0100000001000001000000100",43,1,0.04270448861538768,0.05171488678984668,19469,0.0387507410893961,72943,0.03454720427716919,130061,0.029929010677829347,281687,0.019570347607869704,184193,0.016878487797142586,63543,0.014569383734989684,27425,0.009719285570088294,3659
5,toxicity,5,0000000001000100100010000,"NOR-in(1,1)/NOR-mid(1,1)/NOR-out(1,0)/NOT-in(0,1)/NOT-in(1,1)|edges=0100000100000000000110000",43,1,-0.009607432354328795,0.026196117598308487,9862,0.024590886778540176,46289,0.02418976325811153,91068,0.023651809561533038,222607,0.023325404668438406,219535,0.023954155580223086,90181,0.024652937889003874,46406,0.019627166186767533,7389
5,toxicity,5,0000000001000110100010000,"NOR-in(0,2)/NOR-in(1,1)/NOR-in(1,1)/NOR-mid(2,1)/NOR-out(1,0)|edges=0101000100000100000100000",43,2,-0.016603019640268356,0.024081728061880425,9066,0.029976667637077632,56427,0.03270776440188454,123136,0.03727061600507786,350785,0.05251353056219288,494249,0.055874613153177134,210353,0.05681501849793771,106947,0.06074088634359361,22867
5,toxicity,5,0000000001010000110010000,"NOR-in(0,2)/NOR-in(2,1)/NOR-mid(1,1)/NOR-out(1,0)/NOT-in(1,1)|edges=0100100100000100000001000",43,1,0.17178159843395935,0.03105177598095987,11690,0.029258953103650516,55076,0.028577325403952948,107586,0.027409311549986305,257972,0.01950266690650639,183556,0.01573205855501572,59227,0.013682736462293319,25756,0.009857411519704198,3711
5,toxicity,5,0000000001010001000010000,"NOR-in(0,1)/NOR-in(1,1)/NOR-mid(0,1)/NOR-out(2,0)/NOT-mid(1,1)|edges=0100000001000100000000010",43,1,0.014532160002335464,0.021321865337824198,8027,0.024514918474853962,46146,0.025823876487389676,97220,0.02643075667048243,248762,0.021036266974760836,197990,0.01807565104882604,68050,0.015772652801890382,29690,0.006135979684860333,2310
5,toxicity,5,0000000001010001000010010,"NOR-in(0,1)/NOR-in(1,2)/NOR-out(2,0)/NOT-in(1,1)/NOT-mid(1,1)|edges=0001000101000000100000100",43,1,0.23385838970792291,0.07303143959114719,27494,0.05396405796115948,101580,0.04778134332501136,179884,0.03875151697256158,364723,0.012407668170339893,116779,0.006656780175380299,25061,0.00318003030219319,5986,0.0,0
5,toxicity,5,0000000001010001010010000,"NOR-in(0,2)/NOR-in(1,1)/NOR-in(1,1)/NOR-mid(1,1)/NOR-out(2,0)|edges=0100100100000100000100000",43,1,-0.290769825195944,0.005166441769287164,1945,0.011369745702743997,21402,0.013943618312374343,52494,0.017048742232919863,160460,0.02653816612499085,249773,0.02748641138694298,103479,0.02841946225294469,53496,0.02770487797103605,10430
5,toxicity,5,0000000001010001010110000,"NOR-in(0,3)/NOR-in(1,1)/NOR-mid(2,1)/NOR-out(2,0)/NOT-in(1,1)|edges=0111000001000100000000100",43,1,0.3813603907719872,0.039634178734978806,14921,0.03615666257960735,68060,0.03481628046397978,131074,0.03155823549024112,297021,0.015272994943284742,143747,0.009113793727204559,34311,0.0061077194093409806,11497,0.0006056291637005004,228
5,toxicity,5,0000000001010001110010000,"NOR-in(0,3)/NOR-in(1,1)/NOR-in(2,1)/NOR-out(2,0)/NOT-mid(1,1)|edges=0111000100000010000000010",43,1,0.07172591777977573,0.028424726669995855,10701,0.03058919528847768,57580,0.03104522950233124,116877,0.02959464453170571,278540,0.01739829646505928,163750,0.011163341464056016,42027,0.00695717955855697,13096,0.0011182889382364504,421
5,toxicity,5,0000000001010011000010000,"NOR-in(0,2)/NOR-in(1,1)/NOR-mid(2,1)/NOR-out(2,0)/NOT-mid(0,1)|edges=0110000100000100000000010",43,1,0.13816527395272593,0.022883751075788647,8615,0.024157920572216638,45474,0.024091217092951877,90697,0.024035581572908502,226219,0.02242972442904635,211105,0.020008059004449984,75325,0.01793428716534245,33759,0.013262747431388592,4993
5,toxicity,5,0000000001010011100010000,"NOR-in(2,1)/NOR-mid(2,1)/NOR-out(2,0)/NOT-in(0,2)/NOT-in(0,2)|edges=0100000100000001010011000",43,1,0.014652574866816396,0.031628186193780085,11907,0.031109817229823776,58560,0.029997080802277348,112931,0.02786618299209995,262272,0.017810543123284808,167630,0.01231534879100324,46364,0.008146636265307814,15335,0.0,0
5,toxicity,5,0000000001010101000010000,"NOR-in(0,2)/NOR-in(1,1)/NOR-mid(1,1)/NOR-mid(1,1)/NOR-out(2,0)|edges=0110000010000010000100000",43,1,-0.22629175885579902,0.004701594823464411,1770,0.00956085008000578,17997,0.012026882118864738,45278,0.016029493920316096,150867,0.02828235198618421,266189,0.03248570350141697,122300,0.03469877367491654,65316,0.03960495978409852,14910
5,toxicity,5,0000000001100001000000110,"NOR-in(0,1)/NOR-in(1,2)/NOR-mid(1,1)/NOR-mid(1,1)/NOR-out(2,0)|edges=0100000110000010000100000",43,1,-0.26745762657100425,0.004520968581658999,1702,0.009325507712642189,17554,0.01182341483446502,44512,0.015700333983649103,147769,0.028050410116362993,264006,0.03154539777455666,118760,0.033056165306326275,62224,0.034823676912778774,13110
5,toxicity,6,0000000000000000010111000,"NOR-in(0,2)/NOR-in(1,0)/NOR-in(1,0)/NOR-in(1,2)/NOR-out(1,0)|edges=0101000000000000010100000",63,1,-0.14280185105260354,0.010638066008281457,58571,0.012835889154649182,353359,0.013764201872393803,757829,0.015051786873064403,2071802,0.016705375081807416,2299410,0.016414680148407936,903759,0.01571027658954541,432488,0.014198852591187071,78176
5,toxicity,6,0000000000000010000111000,"NOR-in(0,1)/NOR-in(0,1)/NOR-mid(2,2)/NOR-out(1,0)/NOR-out(1,0)|edges=0010000100000110000000000",63,1,-0.041940000921225636,0.005337649755875356,29388,0.00837237551620592,230483,0.009963571304273864,548574,0.011914366327504132,1639952,0.01988217233067644,2736680,0.022893669240123846,1260479,0.025002808857441793,688302,0.02926660754110622,161136
5,toxicity,6,0000000000000010010011000,"NOR-in(0,1)/NOR-in(1,1)/NOR-in(1,2)/NOR-out(1,0)/NOT-in(1,0)|edges=0100000100000110000000000",63,1,0.20851583282143427,0.021935074214545623,120770,0.020114907977900384,553743,0.01946239607930325,1071560,0.018555621231789738,2554087,0.013472099177158876,1854366,0.011508814745301552,633652,0.010087875736219425,277709,0.0069730140795238186,38392
5,toxicity,6,0000000000000010010011000,"NOR-in(0,1)/NOR-in(1,1)/NOR-mid(1,2)/NOR-out(1,0)/NOR-out(1,0)|edges=0100000100000110000000000",63,3,0.04202645960777138,0.017838662325542872,98216,0.0239064753023041,658121,0.02740960168726892,1509117,0.033628702025472496,4628820,0.06304571983510703,8677923,0.07650279963090541,4212089,0.08653137145947289,2382121,0.10582300800410913,582640
5,toxicity,6,0000000000000010010011000,"NOR-in(0,1)/NOR-out(1,0)/NOR-out(1,0)/NOT-in(1,1)/NOT-mid(1,2)|edges=0001000000000000000101100",63,1,0.07928660340216986,0.01827365862217148,100611,0.019047741861895742,524365,0.018735507661025417,1031539,0.017806338221563134,2450952,0.014117506219027234,1943203,0.012966478314893254,713908,0.011908320491415103,327824,0.009082972002055288,50009
5,toxicity,6,0000000000000010010011000,"NOR-in(1,1)/NOR-mid(1,2)/NOR-out(1,0)/NOR-out(1,0)/NOT-in(0,1)|edges=0100000110000000000010000",63,1,-0.051708653164456775,0.007266890116121308,40010,0.009926192338729524,273258,0.011404725081668014,627921,0.01346808876055869,1853814,0.016892901073958275,2325222,0.017447664073061028,960633,0.017484733455684368,481337,0.01665826037538253,91717
5,toxicity,6,0000000000000010100011000,"NOR-in(1,2)/NOR-in(2,0)/NOR-out(1,0)/NOT-in(0,1)/NOT-in(0,1)|edges=0110000000000001000001000",63,1,0.20400401993449474,0.0392724464446,216226,0.03086572207438814,849702,0.027086487698084177,1491327,0.022244409746469393,3061830,0.010060749136697156,1384811,0.0070818264065374585,389911,0.0057532084271753265,158380,0.0037912767216081522,20874
5,toxicity,6,0000000000000010100110000,"NOR-in(0,1)/NOR-in(0,2)/NOR-in(2,1)/NOR-mid(1,0)/NOR-out(1,0)|edges=0010000101000100000000000",63,1,-0.18319182923682534,0.0030956479664876672,17044,0.006381637390553993,175680,0.008154514381015398,448971,0.01046470149425057,1440413,0.019858873250526595,2733473,0.022820128572843185,1256430,0.025537626938470347,703025,0.031211466750408704,171844
5,toxicity,6,0000000000000010100110000,"NOR-in(0,1)/NOR-in(0,2)/NOR-mid(2,1)/NOR-out(1,0)/NOT-in(1,0)|edges=0010000101000100000000000",63,1,0.08985777788576699,0.031247082618783048,172040,0.02769978624348119,762547,0.02546081930483124,1401821,0.021878301066250758,3011437,0.009852147175879409,1356098,0.006848508695525509,377065,0.005027137395211818,138392,0.00290439331490064,15991
5,toxicity,6,0000000000000010100110000,"NOR-in(0,2)/NOR-in(1,0)/NOR-mid(2,1)/NOR-out(1,0)/NOT-in(0,1)|edges=0110000000000100000000100",63,1,0.06697596373830791,0.027442726698456207,151094,0.023692010439178925,652217,0.02222929799680769,1223900,0.020329003060919358,2798184,0.01265634076910605,1742081,0.009300487856690399,512066,0.007281924322169937,200464,0.003675943737119258,20239
5,toxicity,6,0000000000000010110010000,"NOR-in(0,2)/NOR-in(1,0)/NOR-in(1,1)/NOR-mid(1,1)/NOR-out(1,0)|edges=0110000000000100000100000",63,2,-0.053868642086199924,0.013252947712900264,72968,0.018917152230639816,520770,0.021739069234464496,1196909,0.025720251789895333,3540262,0.036974797449661034,5089393,0.039687767649705656,2185128,0.04070276904849423,1120506,0.040880185012269796,225078
5,toxicity,6,0000000000000010110010000,"NOR-in(0,2)/NOR-in(1,1)/NOR-in(1,1)/NOR-out(1,0)/NOR-out(1,0)|edges=0100100100000100000000000",63,1,0.11265533749662902,0.006974834147445401,38402,0.010009704317104318,275557,0.011365584516929783,625766,0.013342635529157197,1836546,0.018134225499453416,2496084,0.018894738803674063,1040306,0.018745368291248784,516041,0.017451787634015566,96086
5,toxicity,6,0000000000000010110010000,"NOR-in(0,2)/NOR-in(1,1)/NOR-mid(1,1)/NOR-out(1,0)/NOR-out(1,0)|edges=0100100100000100000000000",63,1,0.11265533749662902,0.006974834147445401,38402,0.010009704317104318,275557,0.011365584516929783,625766,0.013342635529157197,1836546,0.018134225499453416,2496084,0.018894738803674063,1040306,0.018745368291248784,516041,0.017451787634015566,96086
5,toxicity,6,0000000000000010110010000,"NOR-in(0,2)/NOR-in(1,1)/NOR-mid(1,1)/NOR-out(1,0)/NOR-out(1,0)|edges=0101000100000010000000000",63,1,-0.18319182923682534,0.0030956479664876672,17044,0.006381637390553993,175680,0.008154514381015398,448971,0.01046470149425057,1440413,0.019858873250526595,2733473,0.022820128572843185,1256430,0.025537626938470347,703025,0.031211466750408704,171844
5,toxicity,6,0000000000000010110010000,"NOR-in(0,2)/NOR-in(1,1)/NOR-mid(1,1)/NOR-out(1,0)/NOT-out(1,0)|edges=0101000100000010000000000",63,1,0.1593691863054151,0.01728015977350406,95141,0.017153265912273917,472212,0.017276390998004303,951203,0.01714830449245784,2360377,0.014814807657375278,2039183,0.013860572270987387,763135,0.013332746315728944,367037,0.012084353999974935,66534
5,toxicity,6,0000000000000011100001000,"NOR-in(0,1)/NOR-in(0,2)/NOR-in(1,1)/NOR-mid(2,0)/NOR-out(1,0)|edges=0010000011000100000000000",63,1,-0.031801334629564,0.005045593787199448,27780,0.008920016484443578,245559,0.01060634837438337,583964,0.012652417539274242,1741541,0.017891325142194315,2462650,0.01866981224807917,1027922,0.018689100329045888,514492,0.01818338017184433,100114
5,toxicity,6,0000000000000011100101000,"NOR-in(0,1)/NOR-in(0,3)/NOR-mid(2,1)/NOR-out(1,0)/NOR-out(2,0)|edges=0010000111000010000000000",63,1,-0.031801334629564,0.005045593787199448,27780,0.008920016484443578,245559,0.01060634837438337,583964,0.012652417539274242,1741541,0.017891325142194315,2462650,0.01866981224807917,1027922,0.018689100329045888,514492,0.01818338017184433,100114
5,toxicity,6,0000000000000110100010000,"NOR-in(0,2)/NOR-mid(1,1)/NOR-out(1,0)/NOT-in(1,0)/NOT-in(1,1)|edges=0100100100000000000000010",63,1,0.08985777788576699,0.031247082618783048,172040,0.02769978624348119,762547,0.02546081930483124,1401821,0.021878301066250758,3011437,0.009852147175879409,1356098,0.006848508695525509,377065,0.005027137395211818,138392,0.00290439331490064,15991
5,toxicity,6,0000000000000110100011000,"NOR-in(0,2)/NOR-in(1,1)/NOR-in(1,2)/NOR-mid(1,0)/NOR-mid(2,0)|edges=0110000001000110000000000",63,1,-0.042915651390055515,0.008033173780203183,44229,0.010917947029285679,300560,0.01227210179147727,675677,0.01412615881501475,1944394,0.01715041875247135,2360668,0.016807357161647725,925379,0.015835708012067424,435941,0.013419855472332163,73887
5,toxicity,6,0000000000010000100010010,"NOR-in(0,1)/NOR-in(0,2)/NOR-in(1,1)/NOR-mid(2,0)/NOR-out(1,0)|edges=0001000101000100000000000",63,1,0.1593691863054151,0.01728015977350406,95141,0.017153265912273917,472212,0.017276390998004303,951203,0.01714830449245784,2360377,0.014814807657375278,2039183,0.013860572270987387,763135,0.013332746315728944,367037,0.012084353999974935,66534
5,toxicity,6,0000000000010000100010010,"NOR-in(0,2)/NOR-in(1,1)/NOR-mid(1,0)/NOR-mid(2,0)/NOT-in(0,1)|edges=0110000010000000000000010",63,1,-0.060573525357081145,0.011592878338710094,63828,0.013417893903462114,369381,0.01402098577228666,771967,0.015213659901142738,2094083,0.016311746312989584,2245229,0.015512612778400192,854093,0.014531228482907853,400030,0.011318978887162021,62320
5,toxicity,6,0000000000010000100110000,"NOR-in(0,2)/NOR-in(1,1)/NOR-mid(1,0)/NOR-mid(2,0)/NOT-in(0,1)|edges=0101000100000000000000010",63,1,0.06697596373830791,0.027442726698456207,151094,0.023692010439178925,652217,0.02222929799680769,1223900,0.020329003060919358,2798184,0.01265634076910605,1742081,0.009300487856690399,512066,0.007281924322169937,200464,0.003675943737119258,20239
5,toxicity,6,0000000000010000110010010,"NOR-in(0,2)/NOR-in(1,1)/NOR-in(1,2)/NOR-mid(2,0)/NOR-out(1,0)|edges=0010100010010100000000000",63,1,0.11265533749662902,0.006974834147445401,38402,0.010009704317104318,275557,0.011365584516929783,625766,0.013342635529157197,1836546,0.018134225499453416,2496084,0.018894738803674063,1040306,0.018745368291248784,516041,0.017451787634015566,96086
5,toxicity,6,0000000000010001010010100,"NOR-in(0,2)/NOR-in(2,0)/NOR-mid(2,1)/NOR-out(1,0)/NOT-in(0,2)|edges=0110000000000100000001100",63,1,0.003693673181147127,0.020555799944567486,113176,0.021668979077870108,596525,0.021593440905893206,1188891,0.020541862351331236,2827483,0.0105637825977434,1454051,0.006783232044943464,373471,0.004594502514749271,126482,0.0018505949274918781,10189
5,toxicity,6,0000000000010001010010100,"NOR-in(0,2)/NOR-in(2,1)/NOR-mid(2,0)/NOT-in(0,2)/NOT-mid(1,0)|edges=0110000001000000110000000",63,1,0.003693673181147127,0.020555799944567486,113176,0.021668979077870108,596525,0.021593440905893206,1188891,0.020541862351331236,2827483,0.0105637825977434,1454051,0.006783232044943464,373471,0.004594502514749271,126482,0.0018505949274918781,10189
5,toxicity,6,0000000001000010010010000,"NOR-in(0,1)/NOR-in(0,1)/NOR-in(1,1)/NOR-in(2,1)/NOR-mid(1,0)|edges=0010000010000100000100000",63,1,-0.009617272761732916,0.004921179397558281,27095,0.007852160186799477,216162,0.009526359390409044,524502,0.01225648574607766,1687043,0.01904814227105615,2621880,0.020591622953348154,1133733,0.021500827473237574,591896,0.023646894355167834,130195
5,toxicity,6,0000000001000010010010000,"NOR-in(0,1)/NOR-in(0,1)/NOR-in(1,1)/NOR-mid(2,1)/NOR-out(1,0)|edges=0001000100000100000100000",63,1,0.10218165841340016,0.01652586348127082,90988,0.01676095213826445,461412,0.01661614143449425,914851,0.01634921216126247,2250386,0.0147351316324288,2028216,0.013754974483985716,757321,0.012912207775752882,355460,0.01102746795786332,60715
5,toxicity,6,0000000001000010010010000,"NOR-in(0,1)/NOR-in(0,1)/NOR-in(1,1)/NOR-mid(2,1)/NOR-out(1,0)|edges=0010000010000100000100000",63,3,-0.08830653944382358,0.02497786876879157,137523,0.033097551544308663,911142,0.036497386963184206,2009472,0.04128265685359111,5682348,0.052917093147477536,7283769,0.05535590740610642,3047784,0.056252124351687915,1548564,0.05587964830523174,307662
5,toxicity,6,0000000001000010010010000,"NOR-in(0,1)/NOR-in(0,1)/NOR-in(1,1)/NOR-mid(2,1)/NOT-out(1,0)|edges=0001000100000100000100000",63,1,0.1593691863054151,0.01728015977350406,95141,0.017153265912273917,472212,0.017276390998004303,951203,0.01714830449245784,2360377,0.014814807657375278,2039183,0.013860572270987387,763135,0.013332746315728944,367037,0.012084353999974935,66534
5,toxicity,6,0000000001000010010010000,"NOR-in(0,1)/NOR-in(1,1)/NOR-mid(2,1)/NOR-out(1,0)/NOT-in(0,1)|edges=0010000100000100000001000",63,3,-0.010223531080481237,0.06368727199019797,350649,0.06089087556261155,1676264,0.05849496555167155,3220614,0.054705825685393984,7529979,0.04052273080999089,5577748,0.03616184773387585,1990998,0.03314538962149243,912459,0.02792474913259606,153748
5,toxicity,6,0000000001000010010010000,"NOR-in(0,1)/NOR-in(1,1)/NOR-mid(2,1)/NOR-out(1,0)/NOT-in(0,1)|edges=0100000100000100000000100",63,3,-0.19300562114566805,0.02688149974372452,148004,0.03455772161596223,951339,0.03714728380191431,2045254,0.04066724002600314,5597639,0.0533000349980227,7336479,0.056422910019279314,3106531,0.058127710983335495,1600197,0.06028518668596027,331918
5,toxicity,6,0000000001000010010010000,"NOR-in(1,1)/NOR-in(2,1)/NOT-in(0,1)/NOT-in(0,1)/NOT-mid(1,0)|edges=0100000001100000100000000",63,1,0.20400401993449474,0.0392724464446,216226,0.03086572207438814,849702,0.027086487698084177,1491327,0.022244409746469393,3061830,0.010060749136697156,1384811,0.0070818264065374585,389911,0.0057532084271753265,158380,0.0037912767216081522,20874
5,toxicity,6,0000000001000010010010000,"NOR-in(1,1)/NOR-mid(2,1)/NOR-out(1,0)/NOT-in(0,1)/NOT-in(0,1)|edges=0100000100000001000001000",63,1,-0.1143110137314599,0.015577044836766505,85764,0.01609547173642617,443092,0.015872252752367238,873894,0.016014488584104664,2204313,0.016150178416683873,2222990,0.015941342699654828,877698,0.015792916753529652,434763,0.014771158471698104,81327
5,toxicity,6,0000000001000010110010000,"NOR-in(0,2)/NOR-in(1,1)/NOR-in(1,1)/NOR-in(2,1)/NOR-mid(1,0)|edges=0110000010000100000100000",63,2,0.06603831703942527,0.01374788086877206,75693,0.01867101166279832,513994,0.02122617345365573,1168670,0.025049954622371823,3447999,0.038231204160903316,5262331,0.04219071127429103,2322935,0.04445822870271253,1223890,0.0450479739808787,248025
5,toxicity,6,0000000001000010110010000,"NOR-in(0,2)/NOR-in(1,1)/NOR-in(1,1)/NOR-in(2,1)/NOT-mid(1,0)|edges=0110000010000100000100000",63,1,0.0016979385879314257,0.01347380595786911,74184,0.01551546488183273,427125,0.01620849835561497,892407,0.0168768451461921,2323012,0.014935204400824995,2055755,0.013857030549545122,762940,0.01263984032539955,347962,0.010007997025680388,55102
5,toxicity,6,0000000001000010110010000,"NOR-in(0,2)/NOR-in(1,1)/NOR-in(1,1)/NOR-mid(2,1)/NOR-out(1,0)|edges=0110000010000100000100000",63,6,-0.09979144496863807,0.053900491010016,296765,0.0664954047524818,1830551,0.0726194422464076,3998279,0.08087996273309614,11132716,0.10773277435689435,14828869,0.11393766918984956,6273177,0.11590488236999058,3190744,0.11957287927615202,658344
5,toxicity,6,0000000001000010110010000,"NOR-in(0,2)/NOR-in(1,1)/NOR-in(1,1)/NOR-mid(2,1)/NOT-out(1,0)|edges=0110000010000100000100000",63,1,0.07761535767111097,0.012524987313364794,68960,0.014738284030450088,405730,0.01565753360789607,862072,0.016312036797289722,2245269,0.015608211444405006,2148391,0.015242243212299937,839207,0.0145744556456073,401220,0.012249089459709466,67441
5,toxicity,6,0000000001000010110010000,"NOR-in(1,1)/NOR-in(1,1)/NOR-in(2,1)/NOR-mid(1,0)/NOT-in(0,2)|edges=0010000100000100000011000",63,1,-0.12056876541362083,0.008579325706700978,47236,0.010659637469380001,293449,0.011698905929494057,644118,0.013489549777790565,1856768,0.017679105176414103,2433439,0.01822262904997663,1003301,0.01821298400845625,501385,0.01697429091555682,93457
5,toxicity,6,0000000001000011000000010,"NOR-in(0,1)/NOR-in(0,1)/NOR-in(2,1)/NOR-mid(1,1)/NOR-out(1,0)|edges=0010000100000100000100000",63,7,-0.09731510565398294,0.04475866696065999,246432,0.06362508461536086,1751534,0.07329976156585072,4035736,0.08774169798638409,12077199,0.13079202000910764,18002857,0.14240408273664712,7840480,0.14973137224410038,4121953,0.15774700738149264,868523
5,toxicity,6,0000000001000011000000010,"NOR-in(0,1)/NOR-in(0,1)/NOR-in(2,1)/NOR-out(1,0)/NOT-mid(1,1)|edges=0010000100000010000000010",63,1,0.0016979385879314257,0.01347380595786911,74184,0.01551546488183273,427125,0.01620849835561497,892407,0.0168768451461921,2323012,0.014935204400824995,2055755,0.013857030549545122,762940,0.01263984032539955,347962,0.010007997025680388,55102
5,toxicity,6,0000000001000011000000010,"NOR-in(0,1)/NOR-in(2,1)/NOR-out(1,0)/NOT-in(0,1)/NOT-mid(1,1)|edges=0100000001000000100000100",63,1,0.003693673181147127,0.020555799944567486,113176,0.021668979077870108,596525,0.021593440905893206,1188891,0.020541862351331236,2827483,0.0105637825977434,1454051,0.006783232044943464,373471,0.004594502514749271,126482,0.0018505949274918781,10189
5,toxicity,6,0000000001000011000000010,"NOR-in(2,1)/NOR-mid(1,1)/NOR-out(1,0)/NOT-in(0,1)/NOT-in(0,1)|edges=0100000100000001000010000",63,3,-0.07035506642255666,0.05107147125373743,281189,0.050335964075682416,1385698,0.049274320307746915,2712944,0.04806269639300891,6615586,0.0467319029771088,6432409,0.045434256096465016,2501518,0.04424688783499371,1218072,0.040569966528006755,223370
5,toxicity,6,0000000001000011000010000,"NOR-in(0,1)/NOR-in(0,1)/NOR-mid(0,1)/NOR-mid(2,1)/NOR-out(2,0)|edges=0001000010000010000100000",63,2,-0.1467800034357979,0.012863721381511912,70825,0.020233074339646013,556996,0.02330316615928931,1283025,0.0265244732606187,3650959,0.035276434722592266,4855622,0.036341694532446636,2000900,0.035768915143880885,984682,0.0345401401468307,190171
5,toxicity,6,0000000001000011000010000,"NOR-in(0,1)/NOR-mid(0,1)/NOR-mid(2,1)/NOR-out(2,0)/NOT-in(0,1)|edges=0010000010000100000000100",63,3,-0.06378385643923082,0.04968711143206593,273567,0.050967443950439874,1403082,0.050683834705199535,2790549,0.05032801791740661,6927396,0.04513839700831965,6213071,0.040996224851870676,2257169,0.037863107712608535,1042333,0.031062169564188436,171022
5,toxicity,6,0000000001000011000010000,"NOR-in(0,1)/NOR-mid(2,1)/NOR-out(2,0)/NOT-in(0,1)/NOT-mid(0,1)|edges=0100000100000000100000100",63,1,0.003693673181147127,0.020555799944567486,113176,0.021668979077870108,596525,0.021593440905893206,1188891,0.020541862351331236,2827483,0.0105637825977434,1454051,0.006783232044943464,373471,0.004594502514749271,126482,0.0018505949274918781,10189
5,toxicity,6,0000000001000011010010000,"NOR-in(0,1)/NOR-in(0,2)/NOR-in(1,1)/NOR-in(2,1)/NOR-mid(2,0)|edges=0001000101000100000100000",63,1,0.025735587588392575,0.009194859088443919,50625,0.012061432704474937,332039,0.01322684096828926,728243,0.014886913371012894,2049108,0.016150316453017784,2223009,0.015698580398130175,864332,0.015154644084796873,417192,0.013406051839542939,73811
5,toxicity,6,0000000001000011010010000,"NOR-in(0,1)/NOR-in(0,2)/NOR-in(1,1)/NOR-mid(2,1)/NOR-out(2,0)|edges=0001000101000100000100000",63,1,-0.14280185105260354,0.010638066008281457,58571,0.012835889154649182,353359,0.013764201872393803,757829,0.015051786873064403,2071802,0.016705375081807416,2299410,0.016414680148407936,903759,0.01571027658954541,432488,0.014198852591187071,78176
5,toxicity,6,0000000001000100100010000,"NOR-in(0,1)/NOR-in(1,1)/NOR-in(1,1)/NOR-mid(1,0)/NOT-in(1,1)|edges=0010000001010000000000010",63,1,0.20851583282143427,0.021935074214545623,120770,0.020114907977900384,553743,0.01946239607930325,1071560,0.018555621231789738,2554087,0.013472099177158876,1854366,0.011508814745301552,633652,0.010087875736219425,277709,0.0069730140795238186,38392
5,toxicity,6,0000000001000100100010000,"NOR-in(0,1)/NOR-in(1,1)/NOR-in(1,1)/NOR-mid(1,1)/NOR-out(1,0)|edges=0100000100000100000100000",63,7,0.1226394771682723,0.04569350033800756,251579,0.0613753467481638,1689601,0.0698381736529366,3845148,0.08405384666575418,11569585,0.13812891996398355,19012744,0.15852085870507543,8727837,0.17303124884326473,4763375,0.1965728122558823,1082290
5,toxicity,6,0000000001000100100010000,"NOR-in(0,1)/NOR-in(1,1)/NOR-in(1,1)/NOR-out(1,0)/NOT-mid(1,1)|edges=0010000001010000000000010",63,1,0.0016979385879314257,0.01347380595786911,74184,0.01551546488183273,427125,0.01620849835561497,892407,0.0168768451461921,2323012,0.014935204400824995,2055755,0.013857030549545122,762940,0.01263984032539955,347962,0.010007997025680388,55102
5,toxicity,6,0000000001000100100010000,"NOR-in(0,1)/NOR-in(1,1)/NOR-in(1,1)/NOR-out(1,0)/NOT-mid(1,1)|edges=0100000100000010000000010",63,1,0.0016979385879314257,0.01347380595786911,74184,0.01551546488183273,427125,0.01620849835561497,892407,0.0168768451461921,2323012,0.014935204400824995,2055755,0.013857030549545122,762940,0.01263984032539955,347962,0.010007997025680388,55102
5,toxicity,6,0000000001000100100010000,"NOR-in(0,1)/NOR-in(1,1)/NOR-mid(1,0)/NOT-in(1,1)/NOT-in(1,1)|edges=0000100100000000100000010",63,1,0.10643725708357972,0.027098362198077153,149198,0.023445833545987983,645440,0.022075296675037177,1215421,0.020217934668420746,2782896,0.012150415810117917,1672443,0.009954380448302746,548068,0.00851171893829584,234319,0.006586330734678376,36263
5,toxicity,6,0000000001000100100010000,"NOR-in(0,1)/NOR-in(1,1)/NOR-mid(1,1)/NOR-out(1,0)/NOT-in(1,1)|edges=0000100100000100000001000",63,1,-0.051708653164456775,0.007266890116121308,40010,0.009926192338729524,273258,0.011404725081668014,627921,0.01346808876055869,1853814,0.016892901073958275,2325222,0.017447664073061028,960633,0.017484733455684368,481337,0.01665826037538253,91717
5,toxicity,6,0000000001000100100010000,"NOR-in(0,1)/NOR-in(1,1)/NOR-mid(1,1)/NOR-out(1,0)/NOT-in(1,1)|edges=0100000001000100000000100",63,1,-0.10573798268933458,0.015263738527086193,84039,0.01720285001426678,473577,0.017384695029342617,957166,0.016998687637727567,2339783,0.013647986526840123,1878576,0.011937181413074932,657237,0.010549607219473785,290420,0.00872607544375501,48044
5,toxicity,6,0000000001000100100010000,"NOR-in(0,1)/NOR-in(1,1)/NOR-out(1,0)/NOT-in(1,1)/NOT-mid(1,1)|edges=0100000010000000000100100",63,2,0.051958750763031206,0.04456777714531274,245381,0.04379293315754286,1205575,0.04270330058851245,2351157,0.03967265192206149,5460739,0.024924843030348254,3430778,0.020499338406434586,1128652,0.017395518403928195,478881,0.011830258180604914,65135
5,toxicity,6,0000000001000100100010000,"NOR-in(1,1)/NOR-in(1,1)/NOR-mid(1,1)/NOR-out(1,0)/NOT-in(0,1)|edges=0010010000000100000001000",63,1,-0.12056876541362083,0.008579325706700978,47236,0.010659637469380001,293449,0.011698905929494057,644118,0.013489549777790565,1856768,0.017679105176414103,2433439,0.01822262904997663,1003301,0.01821298400845625,501385,0.01697429091555682,93457
5,toxicity,6,0000000001000100100010000,"NOR-in(1,1)/NOR-in(1,1)/NOR-mid(1,1)/NOR-out(1,0)/NOT-in(0,1)|edges=0100000100000100000010000",63,1,0.10489279071096126,0.023683050982292474,130394,0.020166453648763294,555162,0.018948029121815226,1043240,0.01789061303533759,2462552,0.014368427213793486,1977741,0.01290973812112077,710784,0.011640893288227424,320462,0.009043740624654342,49793
5,toxicity,6,0000000001000100100010000,"NOR-in(1,1)/NOR-mid(1,1)/NOR-out(1,0)/NOT-in(0,1)/NOT-in(1,1)|edges=0100000100000000000110000",63,4,0.17193215136061507,0.15748536904940505,867082,0.12207907411043306,3360713,0.1074470618413113,5915817,0.08890435622324457,12237233,0.04152450407559178,5715637,0.03071871226931497,1691310,0.024378303495148586,671110,0.015999863416686085,88092
5,toxicity,6,0000000001000100100010000,"NOR-mid(1,1)/NOR-out(1,0)/NOT-in(0,1)/NOT-in(1,1)/NOT-in(1,1)|edges=0100000000000100000110000",63,1,0.0033362447005741043,0.026294663403679832,144773,0.022982649015210695,632689,0.021188794668397595,1166612,0.01899985121136327,2615233,0.012928054394801162,1779481,0.011894862382508385,654907,0.011033606140320383,303744,0.009344696144808826,51450
5,toxicity,6,0000000001000100100110000,"NOR-in(0,1)/NOR-in(1,1)/NOR-in(1,2)/NOR-mid(2,1)/NOR-out(1,0)|edges=0010000010010100000100000",63,2,-0.053724824372141905,0.013153961081725906,72423,0.018428031400358567,507305,0.02106092943602769,1159572,0.02503250392386439,3445597,0.037867122432612275,5212217,0.04140679209906242,2279774,0.043738877859908175,1204087,0.04700064314031193,258776
5,toxicity,6,0000000001000101000010000,"NOR-in(0,1)/NOR-in(1,1)/NOR-mid(2,0)/NOT-in(0,1)/NOT-in(1,1)|edges=0000100100000000100000100",63,1,0.07028519644666381,0.02723294769110504,149939,0.025117780404907773,691467,0.02362907720043215,1300969,0.020957860268290322,2884743,0.010912920076621209,1502108,0.007929532893074957,436584,0.00592640768074757,163148,0.0033842511810733304,18633
5,toxicity,6,0000000001000101000010000,"NOR-in(0,1)/NOR-mid(1,1)/NOR-mid(1,1)/NOR-out(2,0)/NOT-in(0,1)|edges=0010000010000100000001000",63,2,-0.11608972957851421,0.03246198459295789,178729,0.03179804849325175,875368,0.03182759974309986,1752363,0.03223967873278578,4437628,0.03191559145020093,4393019,0.030673287421483668,1688809,0.029764880197008337,819397,0.02732029531782592,150420
5,toxicity,6,0000000001000101000010000,"NOR-in(0,1)/NOR-mid(1,1)/NOR-mid(1,1)/NOR-out(2,0)/NOT-in(0,1)|edges=0100000010000100000000100",63,1,-0.060573525357081145,0.011592878338710094,63828,0.013417893903462114,369381,0.01402098577228666,771967,0.015213659901142738,2094083,0.016311746312989584,2245229,0.015512612778400192,854093,0.014531228482907853,400030,0.011318978887162021,62320
5,toxicity,6,0000000001000101000010000,"NOR-in(0,1)/NOR-mid(1,1)/NOR-out(2,0)/NOT-in(0,1)/NOT-mid(1,1)|edges=0100000100000000000100100",63,1,0.12010418675741927,0.03027955640912101,166713,0.026553430865685748,730989,0.024761320200532642,1363308,0.021655975389429555,2980835,0.011661389404428362,1605131,0.008618497608302755,474517,0.006575432652135002,181015,0.0037511372104710727,20653
5,toxicity,6,0000000001000101000010000,"NOR-in(0,1)/NOR-out(2,0)/NOT-in(0,1)/NOT-mid(1,1)/NOT-mid(1,1)|edges=0001000000000010100001000",63,1,0.040181775796034803,0.029912851806660402,164694,0.026188433754459162,720941,0.024524824008673476,1350287,0.021768751073414114,2996358,0.010861650476179218,1495051,0.007649900363202625,421188,0.005597336364029668,154089,0.00245341410153698,13508
5,toxicity,6,0000000001000101000010000,"NOR-in(1,1)/NOR-in(1,1)/NOR-mid(2,0)/NOT-in(0,1)/NOT-in(0,1)|edges=0010000100000001000001000",63,1,-0.10899078903088863,0.01591432589014409,87621,0.016430137180865913,452305,0.016418004812346055,903942,0.016478312457880756,2268156,0.015935452001682678,2193434,0.015558364554364625,856612,0.01520604445052773,418607,0.0139928878598321,77042
5,toxicity,6,0000000001000101000010010,"NOR-in(0,1)/NOR-in(0,1)/NOR-in(1,2)/NOR-mid(2,1)/NOR-out(2,0)|edges=0010000010000110000100000",63,1,0.35859095797579216,0.04953854067188129,272749,0.03543686772323789,975541,0.03038800795576023,1673102,0.02437470267700399,3355054,0.0098454415160795,1355175,0.005815561096220544,320193,0.003825785525635215,105320,0.0014393919717708445,7925
5,toxicity,6,0000000001000101000010010,"NOR-in(0,1)/NOR-in(1,2)/NOR-mid(2,1)/NOR-out(2,0)/NOT-in(0,1)|edges=0010000110000100000001000",63,1,0.35859095797579216,0.04953854067188129,272749,0.03543686772323789,975541,0.03038800795576023,1673102,0.02437470267700399,3355054,0.0098454415160795,1355175,0.005815561096220544,320193,0.003825785525635215,105320,0.0014393919717708445,7925
5,toxicity,6,0000000001000101000010010,"NOR-in(1,2)/NOR-mid(2,1)/NOR-out(2,0)/NOT-in(0,1)/NOT-in(0,1)|edges=0110000100000000100010000",63,1,0.07028519644666381,0.02723294769110504,149939,0.025117780404907773,691467,0.02362907720043215,1300969,0.020957860268290322,2884743,0.010912920076621209,1502108,0.007929532893074957,436584,0.00592640768074757,163148,0.0033842511810733304,18633
5,toxicity,6,0000000001000101000010010,"NOR-in(1,2)/NOR-mid(2,1)/NOR-out(2,0)/NOT-in(0,1)/NOT-in(0,1)|edges=0110000100000001000001000",63,1,-0.1168467789804808,0.008295624572949878,45674,0.011043451111619262,304015,0.012258225507737128,674913,0.013742098146448122,1891530,0.017803875492127683,2450613,0.018442179454048906,1015389,0.018386582840843362,506164,0.017708971108088438,97502
5,toxicity,6,0000000001000101000010100,"NOR-in(0,1)/NOR-in(1,1)/NOR-in(1,2)/NOR-mid(1,1)/NOR-out(2,0)|edges=0010000010010010000100000",63,1,-0.14280185105260354,0.010638066008281457,58571,0.012835889154649182,353359,0.013764201872393803,757829,0.015051786873064403,2071802,0.016705375081807416,2299410,0.016414680148407936,903759,0.01571027658954541,432488,0.014198852591187071,78176
5,toxicity,6,0000000001000101000010100,"NOR-in(0,1)/NOR-in(1,2)/NOR-mid(1,1)/NOR-out(2,0)/NOT-in(1,1)|edges=0100000011000100000000100",63,1,0.20851583282143427,0.021935074214545623,120770,0.020114907977900384,553743,0.01946239607930325,1071560,0.018555621231789738,2554087,0.013472099177158876,1854366,0.011508814745301552,633652,0.010087875736219425,277709,0.0069730140795238186,38392
5,toxicity,6,0000000001000101000010100,"NOR-in(1,1)/NOR-in(1,2)/NOR-out(2,0)/NOT-in(0,1)/NOT-mid(1,1)|edges=0000110100000000100000100",63,1,0.20400401993449474,0.0392724464446,216226,0.03086572207438814,849702,0.027086487698084177,1491327,0.022244409746469393,3061830,0.010060749136697156,1384811,0.0070818264065374585,389911,0.0057532084271753265,158380,0.0037912767216081522,20874
5,toxicity,6,0000000001000110100010000,"NOR-in(0,2)/NOR-in(1,1)/NOR-in(1,1)/NOR-in(2,1)/NOR-mid(1,0)|edges=0101000100000100000100000",63,1,-0.03221726332152771,0.005219773932697082,28739,0.007999205201354137,220210,0.009466967442987227,521232,0.011594092974880585,1595868,0.019824378697189688,2728725,0.02288041048805793,1259749,0.024867061036426802,684565,0.02746032953993763,151191
5,toxicity,6,0000000001000110100010000,"NOR-in(0,2)/NOR-in(1,1)/NOR-in(1,1)/NOR-mid(2,1)/NOR-out(1,0)|edges=0101000100000100000100000",63,1,0.025735587588392575,0.009194859088443919,50625,0.012061432704474937,332039,0.01322684096828926,728243,0.014886913371012894,2049108,0.016150316453017784,2223009,0.015698580398130175,864332,0.015154644084796873,417192,0.013406051839542939,73811
5,toxicity,6,0000000001000111000000010,"NOR-in(0,1)/NOR-in(0,2)/NOR-in(2,1)/NOR-mid(2,1)/NOR-out(1,0)|edges=0010000110000100000100000",63,1,0.1909653275323237,0.01852194252091524,101978,0.019096744758297483,525714,0.01880358136712235,1035287,0.01836319131864801,2527600,0.012185709521177458,1677301,0.009697033519505585,533899,0.008175418877563493,225061,0.00546642021127913,30097
5,toxicity,6,0000000001000111000000010,"NOR-in(0,1)/NOR-in(2,1)/NOR-mid(2,1)/NOR-out(1,0)/NOT-in(0,2)|edges=0100000100000100000001100",63,1,0.11488017587417851,0.015327671176945596,84391,0.01661361652091423,457356,0.017002407044836687,936118,0.0171781711958567,2364488,0.013284427883603898,1828534,0.010614593650488979,584418,0.008775368305415669,241577,0.006078320722685562,33466
5,toxicity,6,0000000001000111000000010,"NOR-in(2,1)/NOR-mid(2,1)/NOR-out(1,0)/NOT-in(0,1)/NOT-in(0,2)|edges=0100000100000001000011000",63,1,0.0579821006889847,0.05815419174782057,320185,0.03979808917764313,1095601,0.032899233896550015,1811365,0.02481615013470893,3415817,0.008859019343823363,1219399,0.005577938831455688,307110,0.0039340713844646736,108301,0.0017804870030624085,9803
5,toxicity,6,0000000001000111000010000,"NOR-in(0,1)/NOR-in(0,2)/NOR-mid(1,1)/NOR-mid(2,1)/NOR-out(2,0)|edges=0001000110000010000100000",63,1,-0.042915651390055515,0.008033173780203183,44229,0.010917947029285679,300560,0.01227210179147727,675677,0.01412615881501475,1944394,0.01715041875247135,2360668,0.016807357161647725,925379,0.015835708012067424,435941,0.013419855472332163,73887
5,toxicity,6,0000000001010000110010000,"NOR-in(0,2)/NOR-in(1,1)/NOR-in(2,1)/NOR-mid(1,1)/NOR-out(1,0)|edges=0110000100000100000100000",63,1,-0.01929475454494134,0.008328499032110536,45855,0.011488218690227772,316259,0.012847513499816892,707358,0.014463708504462061,1990856,0.015986183986929442,2200417,0.014405071076718918,793114,0.012746309916888696,350893,0.009075162051924544,49966
5,toxicity,6,0000000001010000110010000,"NOR-in(0,2)/NOR-in(1,1)/NOR-in(2,1)/NOT-in(1,1)/NOT-mid(1,0)|edges=0110000100000100000100000",63,1,-0.007319375156551803,0.026294118523141258,144770,0.024745191295647114,681210,0.023967792927487026,1319618,0.021866313700498356,3009787,0.01080733681132102,1487575,0.007532860091541331,414744,0.00548719791251309,151057,0.0027472861785496267,15126
5,toxicity,6,0000000001010000110010000,"NOR-in(1,1)/NOR-in(2,1)/NOR-mid(1,1)/NOR-out(1,0)/NOT-in(0,2)|edges=0100000100000100000011000",63,1,0.10218165841340016,0.01652586348127082,90988,0.01676095213826445,461412,0.01661614143449425,914851,0.01634921216126247,2250386,0.0147351316324288,2028216,0.013754974483985716,757321,0.012912207775752882,355460,0.01102746795786332,60715
5,toxicity,6,0000000001010001000010000,"NOR-in(0,1)/NOR-in(1,1)/NOR-in(1,1)/NOR-mid(0,1)/NOR-out(2,0)|edges=0010000001010000000100000",63,1,0.20851583282143427,0.021935074214545623,120770,0.020114907977900384,553743,0.01946239607930325,1071560,0.018555621231789738,2554087,0.013472099177158876,1854366,0.011508814745301552,633652,0.010087875736219425,277709,0.0069730140795238186,38392
5,toxicity,6,0000000001010001000010000,"NOR-in(0,1)/NOR-in(1,1)/NOR-mid(0,1)/NOR-mid(1,1)/NOR-out(2,0)|edges=0100000010000010000100000",63,9,-0.08432840436545465,0.0932988048590267,513684,0.11621783367603274,3199359,0.12448390531804761,6853831,0.13391958816932728,18433351,0.14441774636083735,19878369,0.13911685668335186,7659492,0.13306290565649945,3663087,0.12153462977294659,669145
5,toxicity,6,0000000001010001000010000,"NOR-in(0,1)/NOR-in(1,1)/NOR-mid(1,1)/NOR-out(2,0)/NOT-mid(0,1)|edges=0100000100000100000000010",63,1,0.12010418675741927,0.03027955640912101,166713,0.026553430865685748,730989,0.024761320200532642,1363308,0.021655975389429555,2980835,0.011661389404428362,1605131,0.008618497608302755,474517,0.006575432652135002,181015,0.0037511372104710727,20653
5,toxicity,6,0000000001010001000010000,"NOR-in(0,1)/NOR-in(1,1)/NOR-out(2,0)/NOT-mid(0,1)/NOT-mid(1,1)|edges=0100000001000000010000100",63,1,0.040181775796034803,0.029912851806660402,164694,0.026188433754459162,720941,0.024524824008673476,1350287,0.021768751073414114,2996358,0.010861650476179218,1495051,0.007649900363202625,421188,0.005597336364029668,154089,0.00245341410153698,13508
5,toxicity,6,0000000001010001000010000,"NOR-in(0,1)/NOR-mid(0,1)/NOR-mid(1,1)/NOR-out(2,0)/NOT-in(1,1)|edges=0000100010000100000000100",63,1,-0.10573798268933458,0.015263738527086193,84039,0.01720285001426678,473577,0.017384695029342617,957166,0.016998687637727567,2339783,0.013647986526840123,1878576,0.011937181413074932,657237,0.010549607219473785,290420,0.00872607544375501,48044
5,toxicity,6,0000000001010001000010000,"NOR-in(1,1)/NOR-mid(0,1)/NOR-mid(1,1)/NOR-out(2,0)/NOT-in(0,1)|edges=0010000010000100000010000",63,3,-0.07886016474915014,0.04568496387623656,251532,0.04703217354363047,1294748,0.04701887931972209,2588764,0.047144275284551,6489170,0.04705304087541364,6476612,0.04553139007735338,2506866,0.04350156436922289,1197554,0.03829672615971857,210854
5,toxicity,6,0000000001010001000010000,"NOR-in(1,1)/NOR-mid(1,1)/NOR-out(2,0)/NOT-in(0,1)/NOT-mid(0,1)|edges=0100000100000001000000100",63,1,0.059007756618863594,0.04098573248472427,225659,0.03113536514332076,857125,0.027011711964892857,1487210,0.021991970353864132,3027083,0.010662921745771088,1467697,0.008337884294031025,459067,0.006905375777176254,190098,0.004728652364044661,26035
5,toxicity,6,0000000001010001000110000,"NOR-in(0,1)/NOR-in(0,2)/NOR-in(1,1)/NOR-mid(2,1)/NOR-out(2,0)|edges=0010000011000100000100000",63,1,-0.031801334629564,0.005045593787199448,27780,0.008920016484443578,245559,0.01060634837438337,583964,0.012652417539274242,1741541,0.017891325142194315,2462650,0.01866981224807917,1027922,0.018689100329045888,514492,0.01818338017184433,100114
5,toxicity,6,0000000001010001000110000,"NOR-in(0,1)/NOR-in(0,2)/NOR-mid(2,1)/NOR-out(2,0)/NOT-in(1,1)|edges=0000100110000100000000100",63,1,0.07028519644666381,0.02723294769110504,149939,0.025117780404907773,691467,0.02362907720043215,1300969,0.020957860268290322,2884743,0.010912920076621209,1502108,0.007929532893074957,436584,0.00592640768074757,163148,0.0033842511810733304,18633
5,toxicity,6,0000000001010001000110000,"NOR-in(2,1)/NOR-mid(2,0)/NOT-in(0,1)/NOT-in(0,2)/NOT-in(1,1)|edges=0100000000000011100010000",63,1,0.0579821006889847,0.05815419174782057,320185,0.03979808917764313,1095601,0.032899233896550015,1811365,0.02481615013470893,3415817,0.008859019343823363,1219399,0.005577938831455688,307110,0.0039340713844646736,108301,0.0017804870030624085,9803
5,toxicity,6,0000000001010001010010000,"NOR-in(0,2)/NOR-in(1,1)/NOR-mid(2,0)/NOT-in(1,1)/NOT-in(1,1)|edges=0011000100000000000101000",63,1,0.08985777788576699,0.031247082618783048,172040,0.02769978624348119,762547,0.02546081930483124,1401821,0.021878301066250758,3011437,0.009852147175879409,1356098,0.006848508695525509,377065,0.005027137395211818,138392,0.00290439331490064,15991
5,toxicity,6,0000000001010001100010000,"NOR-in(0,2)/NOR-in(2,1)/NOR-out(2,0)/NOT-in(0,1)/NOT-mid(1,1)|edges=0110000001000000100000100",63,1,0.20400401993449474,0.0392724464446,216226,0.03086572207438814,849702,0.027086487698084177,1491327,0.022244409746469393,3061830,0.010060749136697156,1384811,0.0070818264065374585,389911,0.0057532084271753265,158380,0.0037912767216081522,20874
5,toxicity,6,0000000001010010110010000,"NOR-in(0,2)/NOR-in(2,1)/NOR-mid(2,1)/NOR-out(1,0)/NOT-in(1,2)|edges=0100100100000100000001100",63,1,0.2774941863707594,0.029537610742428794,162628,0.02426442529573829,667975,0.022432828933446492,1235106,0.020079941925935225,2763902,0.011701550712525757,1610659,0.010015624985242827,551440,0.009274042666371995,255305,0.008032079642602151,44223
5,toxicity,6,0000000001010011000010000,"NOR-in(0,1)/NOR-in(1,1)/NOR-in(2,1)/NOR-mid(2,0)/NOT-in(0,2)|edges=0001000100000100000001100",63,2,0.3289884594098778,0.06606440415315211,363737,0.05219781986150234,1436953,0.04700414939025448,2587953,0.04072391483826646,5605440,0.0245805731485083,3383391,0.019570535580206258,1077514,0.016737993301388098,460780,0.012466859929634165,68640
5,toxicity,6,0000000001010011000010000,"NOR-in(0,2)/NOR-in(1,1)/NOR-mid(0,1)/NOR-mid(2,1)/NOR-out(2,0)|edges=0101000010000010000100000",63,2,0.13944514101089728,0.02879057952404322,158515,0.03178856757704652,875107,0.032452522903632715,1786770,0.03340274381357481,4597718,0.02868832375861255,3948802,0.025516032446672755,1404861,0.023210080341859292,638950,0.01849269052237124,101817
5,toxicity,6,0000000001010011000010000,"NOR-in(1,1)/NOR-mid(0,1)/NOR-mid(2,1)/NOR-out(2,0)/NOT-in(0,2)|edges=0010000010000100000010100",63,1,0.11488017587417851,0.015327671176945596,84391,0.01661361652091423,457356,0.017002407044836687,936118,0.0171781711958567,2364488,0.013284427883603898,1828534,0.010614593650488979,584418,0.008775368305415669,241577,0.006078320722685562,33466
5,toxicity,6,0000000001010011000010010,"NOR-in(1,1)/NOR-in(2,2)/NOR-mid(1,1)/NOR-out(2,0)/NOT-in(0,2)|edges=0100000110000100000011000",63,1,0.35859095797579216,0.04953854067188129,272749,0.03543686772323789,975541,0.03038800795576023,1673102,0.02437470267700399,3355054,0.0098454415160795,1355175,0.005815561096220544,320193,0.003825785525635215,105320,0.0014393919717708445,7925
5,toxicity,6,0000000001010011000010010,"NOR-in(1,1)/NOR-in(2,2)/NOR-out(2,0)/NOT-in(0,2)/NOT-mid(1,1)|edges=0100000101000001100000100",63,1,0.07231476982927781,0.04176327701327002,229940,0.03286016538568349,904607,0.02888079652919998,1590118,0.023207620012420365,3194411,0.0106380534104568,1464274,0.007472923267133777,411444,0.00601914629114395,165701,0.003465438337083623,19080
5,toxicity,6,0000000001010101000010000,"NOR-in(0,2)/NOR-in(1,1)/NOR-in(1,1)/NOR-in(1,1)/NOR-mid(2,0)|edges=0110000001000100000100000",63,1,-0.14280185105260354,0.010638066008281457,58571,0.012835889154649182,353359,0.013764201872393803,757829,0.015051786873064403,2071802,0.016705375081807416,2299410,0.016414680148407936,903759,0.01571027658954541,432488,0.014198852591187071,78176
5,toxicity,6,0000000001010101000010000,"NOR-in(0,2)/NOR-in(1,1)/NOR-in(1,1)/NOR-mid(1,1)/NOR-out(2,0)|edges=0110000010000010000100000",63,1,-0.14280185105260354,0.010638066008281457,58571,0.012835889154649182,353359,0.013764201872393803,757829,0.015051786873064403,2071802,0.016705375081807416,2299410,0.016414680148407936,903759,0.01571027658954541,432488,0.014198852591187071,78176
5,toxicity,6,0000000001010101000010000,"NOR-in(0,2)/NOR-in(1,1)/NOR-mid(1,1)/NOR-mid(1,1)/NOR-out(2,0)|edges=0110000010000010000100000",63,2,0.004571766904210907,0.0390356050371663,214922,0.03710990434264104,1021598,0.03625028376909435,1995867,0.03554266296206209,4892267,0.028968087082095636,3987310,0.024813100635090592,1366159,0.021813152805077788,600494,0.01499492262428128,82559
5,toxicity,6,0000000001010101000010000,"NOR-in(0,2)/NOR-in(1,1)/NOR-mid(1,1)/NOR-out(2,0)/NOT-mid(1,1)|edges=0110000001000100000000010",63,1,0.003693673181147127,0.020555799944567486,113176,0.021668979077870108,596525,0.021593440905893206,1188891,0.020541862351331236,2827483,0.0105637825977434,1454051,0.006783232044943464,373471,0.004594502514749271,126482,0.0018505949274918781,10189
5,toxicity,6,0000000001010101000010000,"NOR-in(1,1)/NOR-mid(1,1)/NOR-out(2,0)/NOT-in(0,2)/NOT-mid(1,1)|edges=0000100100000001100000100",63,1,0.003693673181147127,0.020555799944567486,113176,0.021668979077870108,596525,0.021593440905893206,1188891,0.020541862351331236,2827483,0.0105637825977434,1454051,0.006783232044943464,373471,0.004594502514749271,126482,0.0018505949274918781,10189
5,toxicity,6,0000000001100001000000110,"NOR-in(0,1)/NOR-in(1,2)/NOR-mid(1,1)/NOR-mid(1,1)/NOR-out(2,0)|edges=0100000110000010000100000",63,1,-0.042915651390055515,0.008033173780203183,44229,0.010917947029285679,300560,0.01227210179147727,675677,0.01412615881501475,1944394,0.01715041875247135,2360668,0.016807357161647725,925379,0.015835708012067424,435941,0.013419855472332163,73887
5,toxicity,6,0000000001100001000000110,"NOR-in(1,1)/NOR-in(1,1)/NOR-in(1,2)/NOR-mid(2,0)/NOT-in(0,1)|edges=0001000010110000000000100",63,1,0.10489279071096126,0.023683050982292474,130394,0.020166453648763294,555162,0.018948029121815226,1043240,0.01789061303533759,2462552,0.014368427213793486,1977741,0.01290973812112077,710784,0.011640893288227424,320462,0.009043740624654342,49793
5,toxicity,6,0000000001100001010000110,"NOR-in(0,1)/NOR-in(1,2)/NOR-in(1,2)/NOR-mid(2,1)/NOR-out(2,0)|edges=0100000110000110000100000",63,1,0.11265533749662902,0.006974834147445401,38402,0.010009704317104318,275557,0.011365584516929783,625766,0.013342635529157197,1836546,0.018134225499453416,2496084,0.018894738803674063,1040306,0.018745368291248784,516041,0.017451787634015566,96086
5,toxicity,7,0000000000000000010011010,"NOR-in(0,3)/NOR-in(1,0)/NOR-in(1,0)/NOR-mid(1,1)/NOR-out(1,0)|edges=0111000000000000000100000",82,1,0.05780908722138232,0.005889390243902439,48293,0.007556342200618751,309810,0.008451890656189788,693055,0.009982965658868963,2046508,0.014806814489689615,3035397,0.01561002400951161,1280022,0.015372512195121951,630273,0.014077317073170732,115434
5,toxicity,7,0000000000000000010011010,"NOR-in(0,3)/NOR-in(1,0)/NOR-in(1,1)/NOR-mid(1,0)/NOR-out(1,0)|edges=0111000000000010000000000",82,1,0.05780908722138232,0.005889390243902439,48293,0.007556342200618751,309810,0.008451890656189788,693055,0.009982965658868963,2046508,0.014806814489689615,3035397,0.01561002400951161,1280022,0.015372512195121951,630273,0.014077317073170732,115434
5,toxicity,7,0000000000000000010111000,"NOR-in(0,2)/NOR-in(1,0)/NOR-in(1,2)/NOR-mid(1,0)/NOR-out(1,0)|edges=0010100000010100000000000",82,1,0.06931268248189826,0.008488536585365854,69606,0.01007480586095667,413067,0.010744939548533637,881085,0.011693248552326858,2397116,0.012888219386456396,2642085,0.012787633834447955,1048586,0.012545585365853658,514369,0.011140975609756097,91356
5,toxicity,7,0000000000000000010111000,"NOR-in(0,2)/NOR-in(1,2)/NOR-mid(1,0)/NOR-mid(1,0)/NOR-out(1,0)|edges=0110000011000000000000000",82,1,0.05780908722138232,0.005889390243902439,48293,0.007556342200618751,309810,0.008451890656189788,693055,0.009982965658868963,2046508,0.014806814489689615,3035397,0.01561002400951161,1280022,0.015372512195121951,630273,0.014077317073170732,115434
5,toxicity,7,0000000000000010000111000,"NOR-in(0,1)/NOR-in(0,1)/NOR-in(2,2)/NOR-mid(1,0)/NOR-mid(1,0)|edges=0010000100000110000000000",82,1,-0.04096570816924166,0.003776951219512195,30971,0.006338049398834087,259860,0.007567793052087466,620559,0.009398580304417946,1926709,0.014919819366635908,3058563,0.0165862434978965,1360072,0.017421365853658537,714276,0.01893658536585366,155280
5,toxicity,7,0000000000000010000111000,"NOR-in(0,1)/NOR-in(0,1)/NOR-mid(2,2)/NOR-out(1,0)/NOR-out(1,0)|edges=0010000100000110000000000",82,1,-0.11133537134929834,0.0016014634146341463,13132,0.0038197076897275796,156608,0.005064170978740048,415262,0.007140482787502775,1463799,0.01812839494508883,3716321,0.022971206756799836,1883639,0.02683973170731707,1100429,0.03756,307992
5,toxicity,7,0000000000000010000111000,"NOR-in(0,1)/NOR-in(1,0)/NOR-in(2,2)/NOR-out(1,0)/NOT-in(0,1)|edges=0010000000010100000000100",82,1,0.08750848189900831,0.017071707317073172,139988,0.017538757808659298,719089,0.01703540327001967,1396903,0.015496838722012903,3176852,0.008216551139350721,1684393,0.005532670596764132,453679,0.004369024390243902,179130,0.0021959756097560974,18007
5,toxicity,7,0000000000000010010011000,"NOR-in(0,1)/NOR-in(1,0)/NOR-mid(1,0)/NOT-in(1,1)/NOT-in(1,2)|edges=0001000000000000000101100",82,1,0.09740165402055294,0.018952560975609756,155411,0.01796514809416079,736571,0.017324830113406346,1420636,0.016023307004423278,3284778,0.007873024313433908,1613970,0.005669438886111247,464894,0.004554243902439024,186724,0.0027014634146341463,22152
5,toxicity,7,0000000000000010010011000,"NOR-in(0,1)/NOR-in(1,1)/NOR-in(1,2)/NOR-mid(1,0)/NOR-mid(1,0)|edges=0100000100000110000000000",82,2,-0.26762591852162065,0.005070609756097561,41579,0.009309220420411749,381678,0.01169629325347772,959096,0.015585726525156555,3195074,0.03430166795803251,7031842,0.042713255055774266,3502487,0.04947819512195122,2028606,0.06806317073170731,558118
5,toxicity,7,0000000000000010010011000,"NOR-in(0,1)/NOR-in(1,1)/NOR-mid(1,2)/NOR-out(1,0)/NOR-out(1,0)|edges=0100000100000110000000000",82,1,-0.11133537134929834,0.0016014634146341463,13132,0.0038197076897275796,156608,0.005064170978740048,415262,0.007140482787502775,1463799,0.01812839494508883,3716321,0.022971206756799836,1883639,0.02683973170731707,1100429,0.03756,307992
5,toxicity,7,0000000000000010010011000,"NOR-in(0,1)/NOR-in(1,1)/NOR-out(1,0)/NOT-mid(1,2)/NOT-out(1,0)|edges=0100000010000000010100000",82,1,0.07941728966995977,0.018994268292682928,155753,0.016856538229906168,691118,0.015781939794240966,1294119,0.014516980204546727,2975981,0.009392907225435052,1925546,0.008126048582291498,666336,0.007395146341463415,303201,0.006104756097560976,50059
5,toxicity,7,0000000000000010010011000,"NOR-in(1,0)/NOR-in(1,1)/NOR-mid(1,0)/NOT-in(0,1)/NOT-in(1,2)|edges=0000000001000000100010100",82,1,0.16068306096909757,0.030006951219512194,246057,0.023327343739253048,956421,0.02072530588903931,1699475,0.017168370396714722,3519516,0.00819445845663943,1679864,0.006230219360238552,510878,0.005123341463414634,210057,0.0031868292682926827,26132
5,toxicity,7,0000000000000010010011000,"NOR-in(1,0)/NOR-in(1,2)/NOR-out(1,0)/NOT-in(0,1)/NOT-in(1,1)|edges=0000010100000000000101000",82,1,0.09740165402055294,0.018952560975609756,155411,0.01796514809416079,736571,0.017324830113406346,1420636,0.016023307004423278,3284778,0.007873024313433908,1613970,0.005669438886111247,464894,0.004554243902439024,186724,0.0027014634146341463,22152
5,toxicity,7,0000000000000010010111000,"NOR-in(1,0)/NOR-in(2,2)/NOR-out(1,0)/NOT-in(0,2)/NOT-in(1,1)|edges=0000010100000000100101000",82,1,0.06439988521484043,0.02509609756097561,205788,0.020183782456954385,827535,0.01843336675284716,1511536,0.01609068261286473,3298590,0.007841365777157407,1607480,0.005466219378872698,448230,0.004189414634146341,171766,0.002229146341463415,18279
5,toxicity,7,0000000000000010100010010,"NOR-in(0,1)/NOR-in(1,0)/NOR-in(1,1)/NOR-in(1,2)/NOR-mid(1,0)|edges=0001000000000010110000000",82,1,0.15373922140642823,0.01577878048780488,129386,0.01484568437518872,608673,0.014659683641935787,1202094,0.014238004600234057,2918791,0.010419629166637764,2136024,0.009022024170194532,739806,0.00782119512195122,320669,0.005079024390243903,41648
5,toxicity,7,0000000000000010100010010,"NOR-in(0,1)/NOR-in(1,0)/NOR-in(1,1)/NOR-in(1,2)/NOR-mid(1,0)|edges=0001000000010000010100000",82,1,0.09208387396430695,0.01198548780487805,98281,0.013286903735307682,544763,0.013546768953500925,1110835,0.013599609490739326,2787920,0.010214463314980845,2093965,0.008653621740155567,709597,0.007404780487804878,303596,0.004953780487804878,40621
5,toxicity,7,0000000000000010100010010,"NOR-in(0,1)/NOR-in(1,0)/NOR-in(1,2)/NOR-mid(1,0)/NOT-in(1,1)|edges=0010000000000110000001000",82,1,0.16386740150055806,0.02210341463414634,181248,0.01997824585153618,819108,0.018900757019549123,1549862,0.016773185038572,3438503,0.0076903365103381804,1576519,0.005635609618643668,462120,0.004470609756097561,183295,0.002645731707317073,21695
5,toxicity,7,0000000000000010100010010,"NOR-in(0,1)/NOR-in(1,0)/NOR-in(1,2)/NOR-mid(1,1)/NOR-out(1,0)|edges=0010000000010100000100000",82,2,0.11581794477692345,0.011606829268292682,95176,0.015958586922788967,654302,0.0181564033247026,1488825,0.020691038620662662,4241663,0.028400624113164644,5822128,0.03011647487520793,2469551,0.031060731707317074,1273490,0.030931951219512196,253642
5,toxicity,7,0000000000000010100010010,"NOR-in(0,1)/NOR-in(1,0)/NOR-in(1,2)/NOR-mid(1,1)/NOT-out(1,0)|edges=0010000000010100000100000",82,1,0.06931268248189826,0.008488536585365854,69606,0.01007480586095667,413067,0.010744939548533637,881085,0.011693248552326858,2397116,0.012888219386456396,2642085,0.012787633834447955,1048586,0.012545585365853658,514369,0.011140975609756097,91356
5,toxicity,7,0000000000000010100010010,"NOR-in(0,1)/NOR-in(1,0)/NOR-mid(1,0)/NOT-in(1,1)/NOT-in(1,2)|edges=0000100000000000010001010",82,1,0.060399579851984,0.01818939024390244,149153,0.017865952962531996,732504,0.01727772035501075,1416773,0.01582810700823206,3244762,0.007996975531736825,1639380,0.006344451064769486,520245,0.005574390243902439,228550,0.004823170731707317,39550
5,toxicity,7,0000000000000010100010010,"NOR-in(0,1)/NOR-in(1,0)/NOR-mid(1,1)/NOR-out(1,0)/NOT-in(1,2)|edges=0000100000000100000001100",82,1,0.16068306096909757,0.030006951219512194,246057,0.023327343739253048,956421,0.02072530588903931,1699475,0.017168370396714722,3519516,0.00819445845663943,1679864,0.006230219360238552,510878,0.005123341463414634,210057,0.0031868292682926827,26132
5,toxicity,7,0000000000000010100010010,"NOR-in(0,1)/NOR-in(1,1)/NOR-in(1,2)/NOR-mid(1,0)/NOR-mid(1,0)|edges=0010000001010100000000000",82,1,0.13139519963323174,0.005502682926829268,45122,0.007643025135904891,313364,0.008738463840900676,716554,0.01013975589971208,2078650,0.01441995595687848,2956091,0.015503414256014286,1271280,0.015937317073170733,653430,0.01501390243902439,123114
5,toxicity,7,0000000000000010100010010,"NOR-in(0,1)/NOR-in(1,1)/NOR-in(1,2)/NOR-mid(1,0)/NOR-out(1,0)|edges=0010000010010010000000000",82,1,0.10504326981512974,0.006267439024390244,51393,0.007861512962098825,322322,0.008631012616146957,707743,0.010047492486878196,2059736,0.014678648637281477,3009123,0.01575726790835932,1292096,0.016140121951219513,661745,0.017319634146341464,142021
5,toxicity,7,0000000000000010100010010,"NOR-in(0,1)/NOR-in(1,1)/NOR-in(1,2)/NOR-out(1,0)/NOR-out(1,0)|edges=0010000010010010000000000",82,1,0.10504326981512974,0.006267439024390244,51393,0.007861512962098825,322322,0.008631012616146957,707743,0.010047492486878196,2059736,0.014678648637281477,3009123,0.01575726790835932,1292096,0.016140121951219513,661745,0.017319634146341464,142021
5,toxicity,7,0000000000000010100010010,"NOR-in(0,1)/NOR-in(1,2)/NOR-mid(1,1)/NOR-out(1,0)/NOR-out(1,0)|edges=0100000101000100000000000",82,1,0.1120820623157809,0.014484268292682926,118771,0.013628415963747899,558765,0.013304427478264755,1090963,0.012869531456204264,2638254,0.012050038906828889,2470258,0.011349402162209704,930651,0.010548634146341463,432494,0.008157926829268292,66895
5,toxicity,7,0000000000000010100010010,"NOR-in(0,1)/NOR-in(1,2)/NOR-mid(1,1)/NOR-out(1,0)/NOR-out(1,0)|edges=0100000110000010000000000",82,2,0.11203844886585439,0.010893658536585365,89328,0.014433220920314236,591762,0.01630285445379778,1336834,0.019314341086549443,3959440,0.030190150924974138,6188981,0.033071913827514295,2711897,0.03422436585365854,1403199,0.035523658536585366,291294
5,toxicity,7,0000000000000010100010010,"NOR-in(1,0)/NOR-in(1,1)/NOR-in(1,2)/NOR-mid(1,0)/NOT-in(0,1)|edges=0000000010110000000000100",82,1,-0.1688270670486912,0.004627926829268293,37949,0.007323220226655632,300252,0.00852684187935814,699201,0.01006303394998958,2062922,0.013408029137482642,2748646,0.014372694771397689,1178561,0.01504641463414634,616903,0.016466951219512194,135029
5,toxicity,7,0000000000000010100010010,"NOR-in(1,0)/NOR-in(1,1)/NOR-in(1,2)/NOT-in(0,1)/NOT-in(1,0)|edges=0000000001110000010000000",82,1,-0.1688270670486912,0.004627926829268293,37949,0.007323220226655632,300252,0.00852684187935814,699201,0.01006303394998958,2062922,0.013408029137482642,2748646,0.014372694771397689,1178561,0.01504641463414634,616903,0.016466951219512194,135029
5,toxicity,7,0000000000000010100010010,"NOR-in(1,0)/NOR-in(1,2)/NOR-mid(1,1)/NOR-out(1,0)/NOT-in(0,1)|edges=0000010100000100000001000",82,1,-0.08252430589038534,0.005571707317073171,45688,0.007503732439388531,307653,0.008492329682552667,696371,0.009851136393148559,2019483,0.014147063276614016,2900148,0.01529280450505355,1254010,0.016008780487804877,656360,0.016588658536585366,136027
5,toxicity,7,0000000000000010100010010,"NOR-in(1,1)/NOR-in(1,2)/NOR-mid(1,0)/NOR-out(1,0)/NOT-in(0,1)|edges=0010010010000000000001000",82,1,-0.04576808525584082,0.009068658536585367,74363,0.010629562012640197,435812,0.011221207864449164,920139,0.01176931196547684,2412709,0.012234473051370995,2508067,0.011593524107475021,950669,0.011129536585365854,456311,0.009758658536585366,80021
5,toxicity,7,0000000000000010100010010,"NOR-in(1,1)/NOR-in(1,2)/NOR-out(1,0)/NOR-out(1,0)/NOT-in(0,1)|edges=0010010010000000000001000",82,1,-0.04576808525584082,0.009068658536585367,74363,0.010629562012640197,435812,0.011221207864449164,920139,0.01176931196547684,2412709,0.012234473051370995,2508067,0.011593524107475021,950669,0.011129536585365854,456311,0.009758658536585366,80021
5,toxicity,7,0000000000000010100010010,"NOR-in(1,2)/NOR-mid(1,1)/NOR-out(1,0)/NOR-out(1,0)/NOT-in(0,1)|edges=0110000010000000000010000",82,1,0.02554106473593585,0.007191219512195122,58968,0.009434927749749049,386832,0.010283122452835242,843216,0.011391590021627512,2335276,0.01258634134062106,2580200,0.012108353363210894,992885,0.011593756097560975,475344,0.009946097560975609,81558
5,toxicity,7,0000000000000010100011000,"NOR-in(0,1)/NOR-in(1,0)/NOR-in(1,2)/NOR-mid(2,0)/NOT-in(0,1)|edges=0010000000010100000000010",82,1,0.09208387396430695,0.01198548780487805,98281,0.013286903735307682,544763,0.013546768953500925,1110835,0.013599609490739326,2787920,0.010214463314980845,2093965,0.008653621740155567,709597,0.007404780487804878,303596,0.004953780487804878,40621
5,toxicity,7,0000000000000010100011000,"NOR-in(0,1)/NOR-in(1,2)/NOR-in(2,0)/NOR-out(1,0)/NOT-in(0,1)|edges=0010000110000000000001000",82,1,-0.04576808525584082,0.009068658536585367,74363,0.010629562012640197,435812,0.011221207864449164,920139,0.01176931196547684,2412709,0.012234473051370995,2508067,0.011593524107475021,950669,0.011129536585365854,456311,0.009758658536585366,80021
5,toxicity,7,0000000000000010100011000,"NOR-in(0,1)/NOR-in(1,2)/NOR-mid(2,0)/NOR-out(1,0)/NOT-in(0,1)|edges=0010000110000000000001000",82,1,0.02554106473593585,0.007191219512195122,58968,0.009434927749749049,386832,0.010283122452835242,843216,0.011391590021627512,2335276,0.01258634134062106,2580200,0.012108353363210894,992885,0.011593756097560975,475344,0.009946097560975609,81558
5,toxicity,7,0000000000000010100011000,"NOR-in(0,1)/NOR-in(1,2)/NOR-mid(2,0)/NOT-in(0,1)/NOT-in(1,0)|edges=0100000101000000010000000",82,1,0.16386740150055806,0.02210341463414634,181248,0.01997824585153618,819108,0.018900757019549123,1549862,0.016773185038572,3438503,0.0076903365103381804,1576519,0.005635609618643668,462120,0.004470609756097561,183295,0.002645731707317073,21695
5,toxicity,7,0000000000000010100011000,"NOR-in(1,0)/NOR-in(1,2)/NOR-mid(0,1)/NOR-out(2,0)/NOT-in(0,1)|edges=0000010010000100000001000",82,1,0.08750848189900831,0.017071707317073172,139988,0.017538757808659298,719089,0.01703540327001967,1396903,0.015496838722012903,3176852,0.008216551139350721,1684393,0.005532670596764132,453679,0.004369024390243902,179130,0.0021959756097560974,18007
5,toxicity,7,0000000000000010100011000,"NOR-in(1,2)/NOR-in(2,0)/NOR-out(1,0)/NOT-in(0,1)/NOT-in(0,1)|edges=0110000000000000100010000",82,1,0.06439988521484043,0.02509609756097561,205788,0.020183782456954385,827535,0.01843336675284716,1511536,0.01609068261286473,3298590,0.007841365777157407,1607480,0.005466219378872698,448230,0.004189414634146341,171766,0.002229146341463415,18279
5,toxicity,7,0000000000000010100011010,"NOR-in(0,1)/NOR-in(1,1)/NOR-in(1,3)/NOR-in(2,0)/NOR-out(1,0)|edges=0010000010010110000000000",82,1,0.08750848189900831,0.017071707317073172,139988,0.017538757808659298,719089,0.01703540327001967,1396903,0.015496838722012903,3176852,0.008216551139350721,1684393,0.005532670596764132,453679,0.004369024390243902,179130,0.0021959756097560974,18007
5,toxicity,7,0000000000000010100011010,"NOR-in(1,1)/NOR-in(1,3)/NOR-in(2,0)/NOR-out(1,0)/NOT-in(0,1)|edges=0010010110000000000001000",82,1,0.08750848189900831,0.017071707317073172,139988,0.017538757808659298,719089,0.01703540327001967,1396903,0.015496838722012903,3176852,0.008216551139350721,1684393,0.005532670596764132,453679,0.004369024390243902,179130,0.0021959756097560974,18007
5,toxicity,7,0000000000000010100110000,"NOR-in(0,1)/NOR-in(0,2)/NOR-in(1,0)/NOR-mid(2,1)/NOR-out(1,0)|edges=0001000110000000000100000",82,1,0.13139519963323174,0.005502682926829268,45122,0.007643025135904891,313364,0.008738463840900676,716554,0.01013975589971208,2078650,0.01441995595687848,2956091,0.015503414256014286,1271280,0.015937317073170733,653430,0.01501390243902439,123114
5,toxicity,7,0000000000000010100110000,"NOR-in(0,1)/NOR-in(0,2)/NOR-in(2,1)/NOR-mid(1,0)/NOR-out(1,0)|edges=0010000101000100000000000",82,1,0.10504326981512974,0.006267439024390244,51393,0.007861512962098825,322322,0.008631012616146957,707743,0.010047492486878196,2059736,0.014678648637281477,3009123,0.01575726790835932,1292096,0.016140121951219513,661745,0.017319634146341464,142021
5,toxicity,7,0000000000000010100110000,"NOR-in(0,1)/NOR-in(0,2)/NOR-in(2,1)/NOR-out(1,0)/NOR-out(1,0)|edges=0010000101000100000000000",82,2,0.04184524111676518,0.01533609756097561,125756,0.018491074974739022,758134,0.019852220480596122,1627882,0.021816804452355034,4472445,0.02691312168865247,5517190,0.02735079201583434,2242765,0.027269658536585365,1118056,0.02707829268292683,222042
5,toxicity,7,0000000000000010100110000,"NOR-in(0,1)/NOR-in(0,2)/NOR-mid(2,1)/NOR-out(1,0)/NOR-out(1,0)|edges=0010000101000100000000000",82,1,0.1120820623157809,0.014484268292682926,118771,0.013628415963747899,558765,0.013304427478264755,1090963,0.012869531456204264,2638254,0.012050038906828889,2470258,0.011349402162209704,930651,0.010548634146341463,432494,0.008157926829268292,66895
5,toxicity,7,0000000000000010100110000,"NOR-in(0,1)/NOR-in(0,2)/NOR-mid(2,1)/NOR-out(1,0)/NOR-out(1,0)|edges=0010000110000010000000000",82,3,0.10765291844979347,0.01808487804878049,148296,0.023868148670063285,978594,0.02658597690663302,2180050,0.030705931108176952,6294716,0.0427764922655952,8769181,0.04518026719072519,3704782,0.04581812195121951,1878543,0.04546975609756097,372852
5,toxicity,7,0000000000000010100110000,"NOR-in(0,2)/NOR-in(1,0)/NOR-in(2,1)/NOR-mid(1,0)/NOT-in(0,1)|edges=0011000000010000000000100",82,1,0.08750848189900831,0.017071707317073172,139988,0.017538757808659298,719089,0.01703540327001967,1396903,0.015496838722012903,3176852,0.008216551139350721,1684393,0.005532670596764132,453679,0.004369024390243902,179130,0.0021959756097560974,18007
5,toxicity,7,0000000000000010100110000,"NOR-in(0,2)/NOR-in(1,0)/NOR-mid(2,1)/NOR-out(1,0)/NOT-in(0,1)|edges=0110000000000100000000100",82,1,0.09208387396430695,0.01198548780487805,98281,0.013286903735307682,544763,0.013546768953500925,1110835,0.013599609490739326,2787920,0.010214463314980845,2093965,0.008653621740155567,709597,0.007404780487804878,303596,0.004953780487804878,40621
5,toxicity,7,0000000000000010100110000,"NOR-in(0,2)/NOR-mid(2,1)/NOR-out(1,0)/NOT-in(0,1)/NOT-in(1,0)|edges=0100100100000000100000000",82,1,0.16386740150055806,0.02210341463414634,181248,0.01997824585153618,819108,0.018900757019549123,1549862,0.016773185038572,3438503,0.0076903365103381804,1576519,0.005635609618643668,462120,0.004470609756097561,183295,0.002645731707317073,21695
5,toxicity,7,0000000000000010100110000,"NOR-in(2,1)/NOR-mid(1,0)/NOT-in(0,1)/NOT-in(0,2)/NOT-in(1,0)|edges=0100000000100001000100000",82,1,0.0007768495362004036,0.025817317073170733,211702,0.021202709385630184,869311,0.019178452155046447,1572633,0.016436355776851593,3369453,0.008026253580231672,1645382,0.00539691450251428,442547,0.004021414634146341,164878,0.002070731707317073,16980
5,toxicity,7,0000000000000010100111000,"NOR-in(0,2)/NOR-in(2,2)/NOR-mid(1,0)/NOR-out(2,0)/NOT-in(0,1)|edges=0101000110000000000001000",82,1,0.02554106473593585,0.007191219512195122,58968,0.009434927749749049,386832,0.010283122452835242,843216,0.011391590021627512,2335276,0.01258634134062106,2580200,0.012108353363210894,992885,0.011593756097560975,475344,0.009946097560975609,81558
5,toxicity,7,0000000000000010110010000,"NOR-in(0,2)/NOR-in(1,0)/NOR-in(1,0)/NOR-in(1,1)/NOR-in(1,1)|edges=0101000000000000000100100",82,1,-0.1600718475272751,0.0035096341463414634,28779,0.005459707849727595,223848,0.006500866170773959,533071,0.008441990079180681,1730608,0.016675287642192317,3418434,0.019619938545855156,1608835,0.021382048780487804,876664,0.02401182926829268,196897
5,toxicity,7,0000000000000010110010000,"NOR-in(0,2)/NOR-in(1,0)/NOR-in(1,1)/NOR-in(1,1)/NOR-mid(1,0)|edges=0010100000000100100000000",82,1,-0.05943724720912396,0.004006585365853658,32854,0.00545346394667941,223592,0.006356853968627023,521262,0.008477633980924215,1737915,0.016419331547128473,3365963,0.019005877585222496,1558482,0.02021790243902439,828934,0.021170731707317075,173600
5,toxicity,7,0000000000000010110010000,"NOR-in(0,2)/NOR-in(1,0)/NOR-in(1,1)/NOR-in(1,1)/NOR-mid(1,0)|edges=0110000000000100000100000",82,3,0.09527466662485753,0.020631463414634146,169178,0.026402661112454744,1082509,0.029276586793979844,2400680,0.03280673594523442,6725381,0.039681141076281554,8134634,0.03984940146708777,3267651,0.03903780487804878,1600550,0.03536304878048781,289977
5,toxicity,7,0000000000000010110010000,"NOR-in(0,2)/NOR-in(1,0)/NOR-in(1,1)/NOR-in(1,1)/NOR-out(1,0)|edges=0010100000000100100000000",82,3,0.17894302625038305,0.028477439024390244,233515,0.03362773498807171,1378737,0.03549373343871871,2910486,0.03751826756061917,7691245,0.034325502104141446,7036728,0.0313157187483971,2567889,0.028974707317073172,1187963,0.02389158536585366,195911
5,toxicity,7,0000000000000010110010000,"NOR-in(0,2)/NOR-in(1,0)/NOR-in(1,1)/NOR-in(1,1)/NOR-out(1,0)|edges=0110000000000100000100000",82,2,-0.03518504240180512,0.020181951219512197,165492,0.022742538804150128,932444,0.02350951334192748,1927780,0.02422677025898985,4966488,0.02402591196072281,4925312,0.022674572617693352,1859315,0.02109409756097561,864858,0.018111463414634148,148514
5,toxicity,7,0000000000000010110010000,"NOR-in(0,2)/NOR-in(1,0)/NOR-in(1,1)/NOR-mid(1,0)/NOT-in(1,1)|edges=0110000000000010000000010",82,1,-0.041464258019743315,0.009167560975609756,75174,0.010640513233220803,436261,0.01139085421418801,934050,0.01211594610505471,2483769,0.011704560861418918,2399435,0.010795158273288823,885203,0.009971341463414635,408825,0.008460121951219512,69373
5,toxicity,7,0000000000000010110010000,"NOR-in(0,2)/NOR-in(1,0)/NOR-in(1,1)/NOR-mid(1,1)/NOR-out(1,0)|edges=0110000000000100000100000",82,6,-0.12936608840947866,0.042636341463414634,349618,0.05186590749911293,2126502,0.05628816128234933,4615629,0.06254561829179281,12821852,0.08493336014699161,17411339,0.09247833920784539,7583224,0.09733556097560976,3990758,0.10868719512195121,891235
5,toxicity,7,0000000000000010110010000,"NOR-in(0,2)/NOR-in(1,0)/NOR-in(1,1)/NOR-out(1,0)/NOT-in(1,1)|edges=0011000000000010000001000",82,1,0.16386740150055806,0.02210341463414634,181248,0.01997824585153618,819108,0.018900757019549123,1549862,0.016773185038572,3438503,0.0076903365103381804,1576519,0.005635609618643668,462120,0.004470609756097561,183295,0.002645731707317073,21695
5,toxicity,7,0000000000000010110010000,"NOR-in(0,2)/NOR-in(1,0)/NOR-in(1,1)/NOR-out(1,0)/NOT-mid(1,1)|edges=0110000000000010000000010",82,1,0.04445123173295338,0.013514878048780488,110822,0.014288757491586097,585839,0.01407512263781086,1154160,0.013491765590404574,2765812,0.010781809650909174,2210271,0.009772524151889655,801347,0.00891580487804878,365548,0.007513292682926829,61609
5,toxicity,7,0000000000000010110010000,"NOR-in(0,2)/NOR-in(1,1)/NOR-in(1,1)/NOR-mid(1,0)/NOR-out(1,0)|edges=0100100100000100000000000",82,1,-0.04985234738507935,0.004466219512195122,36623,0.006461317703543191,264914,0.007473000364536603,612786,0.009104307139428154,1866383,0.015040585219116241,3083320,0.01687610934448514,1383841,0.01815712195121951,744442,0.020060243902439025,164494
5,toxicity,7,0000000000000010110010000,"NOR-in(0,2)/NOR-in(1,1)/NOR-in(1,1)/NOR-out(1,0)/NOT-in(1,0)|edges=0101000100000010000000000",82,1,0.08495160780600788,0.020243658536585364,165998,0.01836327008422147,752894,0.01734272035818148,1422103,0.015668472865005407,3212037,0.00881183406037235,1806426,0.00655559740108299,537559,0.005314536585365854,217896,0.0030503658536585364,25013
5,toxicity,7,0000000000000010110010000,"NOR-in(0,2)/NOR-in(1,1)/NOR-mid(1,0)/NOT-in(1,1)/NOT-mid(1,0)|edges=0100100010000000010000000",82,1,0.27163566356902835,0.02673390243902439,219218,0.022242782657832454,911954,0.02037468392071629,1670724,0.017479648439421493,3583328,0.006875136518291351,1409403,0.0041119511192207045,337180,0.002775682926829268,113803,0.001061829268292683,8707
5,toxicity,7,0000000000000010110010000,"NOR-in(0,2)/NOR-in(1,1)/NOR-mid(1,1)/NOR-out(1,0)/NOR-out(1,0)|edges=0101000100000010000000000",82,1,0.04278663936716431,0.021649634146341464,177527,0.018075977373266085,741115,0.01680364716115352,1377899,0.014665663128474865,3006461,0.0102593413633235,2103165,0.00894676807446907,733635,0.008004878048780488,328200,0.006383048780487805,52341
5,toxicity,7,0000000000000010110010000,"NOR-in(0,2)/NOR-in(1,1)/NOR-mid(1,1)/NOR-out(1,0)/NOT-out(1,0)|edges=0101000100000010000000000",82,1,0.06931268248189826,0.008488536585365854,69606,0.01007480586095667,413067,0.010744939548533637,881085,0.011693248552326858,2397116,0.012888219386456396,2642085,0.012787633834447955,1048586,0.012545585365853658,514369,0.011140975609756097,91356
5,toxicity,7,0000000000000010110010000,"NOR-in(0,2)/NOR-in(1,1)/NOR-out(1,0)/NOR-out(1,0)/NOT-mid(1,1)|edges=0101000001000000000000100",82,1,0.04966654308771388,0.01512719512195122,124043,0.01463873313548616,600188,0.01411190312740991,1157176,0.013549692418542586,2777687,0.011142541354706914,2284221,0.010427792428590429,855079,0.009964658536585366,408551,0.009083170731707318,74482
5,toxicity,7,0000000000000010110010000,"NOR-in(1,0)/NOR-in(1,1)/NOR-in(1,1)/NOR-mid(1,0)/NOT-in(0,2)|edges=0000000010010000000010100",82,1,0.0024303792975167255,0.009036951219512195,74103,0.00991575706495191,406546,0.010484293194355766,859712,0.011217492464048927,2299586,0.012638751096207306,2590944,0.013192463092866754,1081782,0.013740243902439024,563350,0.014291463414634146,117190
5,toxicity,7,0000000000000010110010000,"NOR-in(1,0)/NOR-in(1,1)/NOR-in(1,1)/NOT-in(0,2)/NOT-mid(1,0)|edges=0000000100000011100000000",82,1,0.03759717252284763,0.01566426829268293,128447,0.015075513665903772,618096,0.014691415350800749,1204696,0.013936589971968977,2857001,0.010211053558916551,2093266,0.008663646130154972,710419,0.007480365853658536,306695,0.005231341463414634,42897
5,toxicity,7,0000000000000010110010000,"NOR-in(1,0)/NOR-in(1,1)/NOR-mid(1,1)/NOR-out(1,0)/NOT-in(0,2)|edges=0000000100000100000011000",82,1,-0.054095104670032035,0.00898890243902439,73709,0.010400708331776422,426429,0.010855659066129711,890164,0.011379155875528665,2332727,0.013004770604831507,2665978,0.013441719184348312,1102221,0.013904804878048781,570097,0.014400975609756098,118088
5,toxicity,7,0000000000000010110010000,"NOR-in(1,0)/NOR-mid(1,1)/NOR-out(1,0)/NOT-in(0,2)/NOT-in(1,1)|edges=0000000100000001000101000",82,2,0.04422631165667324,0.04400670731707317,360855,0.039068662348162184,1601815,0.03645617251005719,2989406,0.03226446278508365,6614215,0.016023229111968497,3284762,0.011741365567283767,962792,0.00959580487804878,393428,0.00689390243902439,56530
5,toxicity,7,0000000000000010110010000,"NOR-in(1,1)/NOR-mid(1,1)/NOR-out(1,0)/NOT-in(0,2)/NOT-in(1,0)|edges=0100000100000001000100000",82,1,0.0007768495362004036,0.025817317073170733,211702,0.021202709385630184,869311,0.019178452155046447,1572633,0.016436355776851593,3369453,0.008026253580231672,1645382,0.00539691450251428,442547,0.004021414634146341,164878,0.002070731707317073,16980
5,toxicity,7,0000000000000010110110000,"NOR-in(0,3)/NOR-in(1,1)/NOR-in(2,1)/NOT-in(1,0)/NOT-mid(1,0)|edges=0110100100000100000000000",82,1,0.27163566356902835,0.02673390243902439,219218,0.022242782657832454,911954,0.02037468392071629,1670724,0.017479648439421493,3583328,0.006875136518291351,1409403,0.0041119511192207045,337180,0.002775682926829268,113803,0.001061829268292683,8707
5,toxicity,7,0000000000000011100001000,"NOR-in(0,1)/NOR-in(0,2)/NOR-in(1,0)/NOR-out(2,0)/NOT-mid(1,1)|edges=0000100110000000000000010",82,1,0.14389312462627155,0.008003414634146342,65628,0.010266025391807355,420907,0.011202024936684143,918566,0.012225409517552984,2506209,0.011222819402704202,2300678,0.009874463173793582,809706,0.009024341463414635,369998,0.007796829268292683,63934
5,toxicity,7,0000000000000011100001000,"NOR-in(0,1)/NOR-mid(0,2)/NOR-mid(1,1)/NOR-out(1,0)/NOR-out(2,0)|edges=0010000011000010000000000",82,2,0.03471517478712806,0.01152890243902439,94537,0.015216903923600382,623893,0.01686978131072104,1383322,0.01956677522796536,4011189,0.028960297278436124,5936861,0.03159259679042447,2590593,0.03363443902439024,1379012,0.03571963414634147,292901
5,toxicity,7,0000000000000011100001000,"NOR-in(0,2)/NOR-in(1,0)/NOR-mid(1,1)/NOR-out(2,0)/NOT-in(0,1)|edges=0101000000000100000000100",82,1,0.08495160780600788,0.020243658536585364,165998,0.01836327008422147,752894,0.01734272035818148,1422103,0.015668472865005407,3212037,0.00881183406037235,1806426,0.00655559740108299,537559,0.005314536585365854,217896,0.0030503658536585364,25013
5,toxicity,7,0000000000000011100001000,"NOR-mid(0,2)/NOR-mid(1,1)/NOR-out(1,0)/NOR-out(2,0)/NOT-in(0,1)|edges=0011000010000000000001000",82,1,-0.10082989786672521,0.013011829268292682,106697,0.014083367227645582,577418,0.014181915325947089,1162917,0.013971536312750511,2864165,0.009583331613821156,1964583,0.007294731529396792,598168,0.005914951219512195,242513,0.003785487804878049,31041
5,toxicity,7,0000000000000110100010000,"NOR-in(0,2)/NOR-in(1,0)/NOR-in(1,1)/NOR-in(1,1)/NOR-mid(1,0)|edges=0011000000000010100000000",82,1,-0.1600718475272751,0.0035096341463414634,28779,0.005459707849727595,223848,0.006500866170773959,533071,0.008441990079180681,1730608,0.016675287642192317,3418434,0.019619938545855156,1608835,0.021382048780487804,876664,0.02401182926829268,196897
5,toxicity,7,0000000000000110100010000,"NOR-in(0,2)/NOR-in(1,0)/NOR-in(1,1)/NOR-in(1,1)/NOT-in(1,0)|edges=0011000000000010100000000",82,1,-0.041464258019743315,0.009167560975609756,75174,0.010640513233220803,436261,0.01139085421418801,934050,0.01211594610505471,2483769,0.011704560861418918,2399435,0.010795158273288823,885203,0.009971341463414635,408825,0.008460121951219512,69373
5,toxicity,7,0000000000000110100010000,"NOR-in(0,2)/NOR-in(1,0)/NOR-in(1,1)/NOR-mid(1,1)/NOR-out(1,0)|edges=0011000000010000000100000",82,2,0.023447544752265532,0.01599207317073171,131135,0.018740367681987093,768355,0.019903622922127946,1632097,0.02207724347166354,4525835,0.026633794862109317,5459928,0.027659499325378065,2268079,0.02762268292682927,1132530,0.026124512195121952,214221
5,toxicity,7,0000000000000110100010000,"NOR-in(0,2)/NOR-in(1,0)/NOR-mid(1,1)/NOR-out(1,0)/NOT-in(1,1)|edges=0010100000000100000001000",82,1,0.16386740150055806,0.02210341463414634,181248,0.01997824585153618,819108,0.018900757019549123,1549862,0.016773185038572,3438503,0.0076903365103381804,1576519,0.005635609618643668,462120,0.004470609756097561,183295,0.002645731707317073,21695
5,toxicity,7,0000000000000110100010000,"NOR-in(0,2)/NOR-in(1,1)/NOR-mid(1,1)/NOR-out(1,0)/NOR-out(1,0)|edges=0110000010000010000000000",82,2,0.059675554518407704,0.013080609756097561,107261,0.0169912699503678,696642,0.01873501310902503,1536271,0.021374555680496475,4381784,0.027393155830310673,5615597,0.027718377372722505,2272907,0.026966268292682928,1105617,0.024023414634146343,196992
5,toxicity,7,0000000000000110100010000,"NOR-in(0,2)/NOR-in(1,1)/NOR-out(1,0)/NOT-in(1,0)/NOT-mid(1,1)|edges=0100100010000000000000100",82,1,0.27163566356902835,0.02673390243902439,219218,0.022242782657832454,911954,0.02037468392071629,1670724,0.017479648439421493,3583328,0.006875136518291351,1409403,0.0041119511192207045,337180,0.002775682926829268,113803,0.001061829268292683,8707
5,toxicity,7,0000000000000110100010000,"NOR-in(1,1)/NOR-mid(1,0)/NOR-mid(1,0)/NOT-in(0,2)/NOT-in(1,1)|edges=0010000000000001000101000",82,1,0.0007768495362004036,0.025817317073170733,211702,0.021202709385630184,869311,0.019178452155046447,1572633,0.016436355776851593,3369453,0.008026253580231672,1645382,0.00539691450251428,442547,0.004021414634146341,164878,0.002070731707317073,16980
5,toxicity,7,0000000000000110100011000,"NOR-in(0,2)/NOR-in(1,0)/NOR-in(1,1)/NOR-in(1,2)/NOR-mid(2,0)|edges=0011000000000010100100000",82,1,0.13139519963323174,0.005502682926829268,45122,0.007643025135904891,313364,0.008738463840900676,716554,0.01013975589971208,2078650,0.01441995595687848,2956091,0.015503414256014286,1271280,0.015937317073170733,653430,0.01501390243902439,123114
5,toxicity,7,0000000000000110100011000,"NOR-in(0,2)/NOR-in(1,0)/NOR-in(1,2)/NOR-mid(1,1)/NOR-out(2,0)|edges=0011000000010010000100000",82,1,0.08750848189900831,0.017071707317073172,139988,0.017538757808659298,719089,0.01703540327001967,1396903,0.015496838722012903,3176852,0.008216551139350721,1684393,0.005532670596764132,453679,0.004369024390243902,179130,0.0021959756097560974,18007
5,toxicity,7,0000000000000110100011000,"NOR-in(0,2)/NOR-in(1,1)/NOR-in(1,2)/NOR-in(2,0)/NOR-mid(1,0)|edges=0110000010000110000000000",82,1,0.03061700475186003,0.006104146341463414,50054,0.008315561786884076,340938,0.009417939483801926,772271,0.01055128272095058,2163013,0.013980668156286164,2866037,0.014613060619193643,1198271,0.015123414634146341,620060,0.015918048780487803,130528
5,toxicity,7,0000000000000110100011000,"NOR-in(0,2)/NOR-in(1,1)/NOR-in(1,2)/NOR-in(2,0)/NOR-out(1,0)|edges=0110000010000110000000000",82,1,0.10504326981512974,0.006267439024390244,51393,0.007861512962098825,322322,0.008631012616146957,707743,0.010047492486878196,2059736,0.014678648637281477,3009123,0.01575726790835932,1292096,0.016140121951219513,661745,0.017319634146341464,142021
5,toxicity,7,0000000000000110100011000,"NOR-in(0,2)/NOR-in(1,1)/NOR-in(1,2)/NOR-mid(2,0)/NOR-out(1,0)|edges=0110000010000110000000000",82,3,0.1599344886990614,0.02537792682926829,208099,0.028061636884062133,1150527,0.029607281932062534,2427797,0.032183872542753705,6597694,0.04224018983180303,8659239,0.044421315989724,3642548,0.044773,1835693,0.04368158536585366,358189
5,toxicity,7,0000000000000110100111000,"NOR-in(0,2)/NOR-in(1,2)/NOR-in(2,0)/NOR-in(2,2)/NOT-in(1,0)|edges=0101000110000000010100000",82,1,0.01841817959744126,0.01235719512195122,101329,0.014107708693434995,578416,0.014691049497124365,1204666,0.014546272886901992,2981986,0.00926439990961561,1899202,0.006890682758763835,565036,0.005634243902439024,231004,0.003849390243902439,31565
5,toxicity,7,0000000000000111100011000,"NOR-in(0,2)/NOR-in(1,2)/NOR-in(1,2)/NOR-in(2,0)/NOR-in(2,0)|edges=0110000011000110000000000",82,1,0.054795555034001645,0.0044797560975609755,36734,0.0076442202579727085,313413,0.008980122389274262,736370,0.010656746133526905,2184633,0.013392316942513981,2745425,0.012771402127526777,1047255,0.011989414634146342,491566,0.009494512195121952,77855
5,toxicity,7,0000000000010000100010010,"NOR-in(0,1)/NOR-in(0,2)/NOR-in(1,0)/NOR-in(1,1)/NOR-mid(2,0)|edges=0000100110000000000100000",82,1,-0.1600718475272751,0.0035096341463414634,28779,0.005459707849727595,223848,0.006500866170773959,533071,0.008441990079180681,1730608,0.016675287642192317,3418434,0.019619938545855156,1608835,0.021382048780487804,876664,0.02401182926829268,196897
5,toxicity,7,0000000000010000100010010,"NOR-in(0,1)/NOR-in(0,2)/NOR-in(1,1)/NOR-in(2,0)/NOR-out(1,0)|edges=0001000101000100000000000",82,1,0.14389312462627155,0.008003414634146342,65628,0.010266025391807355,420907,0.011202024936684143,918566,0.012225409517552984,2506209,0.011222819402704202,2300678,0.009874463173793582,809706,0.009024341463414635,369998,0.007796829268292683,63934
5,toxicity,7,0000000000010000100010010,"NOR-in(0,1)/NOR-in(0,2)/NOR-in(1,1)/NOR-mid(2,0)/NOR-out(1,0)|edges=0001000101000100000000000",82,1,0.06931268248189826,0.008488536585365854,69606,0.01007480586095667,413067,0.010744939548533637,881085,0.011693248552326858,2397116,0.012888219386456396,2642085,0.012787633834447955,1048586,0.012545585365853658,514369,0.011140975609756097,91356
5,toxicity,7,0000000000010000100010010,"NOR-in(0,2)/NOR-in(1,0)/NOR-in(1,1)/NOR-in(2,0)/NOT-in(0,1)|edges=0110000000000100000000010",82,1,-0.007986667496509404,0.011014390243902439,90318,0.012102025570929324,496183,0.01211865912773947,993730,0.012110824153935138,2482719,0.012321351099303891,2525877,0.011879414344404529,974112,0.011122756097560976,456033,0.009651341463414634,79141
5,toxicity,7,0000000000010000100010010,"NOR-in(0,2)/NOR-in(1,0)/NOR-mid(0,1)/NOR-mid(1,1)/NOR-out(2,0)|edges=0101000000000010000100000",82,2,0.01538519482254314,0.01617951219512195,132672,0.018250343243935926,748264,0.019169098496053586,1571866,0.021356472754020042,4378077,0.026861497298912223,5506607,0.027596901765929226,2262946,0.02740970731707317,1123798,0.025228536585365852,206874
5,toxicity,7,0000000000010000100010010,"NOR-in(0,2)/NOR-in(1,0)/NOR-mid(0,1)/NOR-out(2,0)/NOT-mid(1,1)|edges=0100100000000100000000010",82,1,0.27163566356902835,0.02673390243902439,219218,0.022242782657832454,911954,0.02037468392071629,1670724,0.017479648439421493,3583328,0.006875136518291351,1409403,0.0041119511192207045,337180,0.002775682926829268,113803,0.001061829268292683,8707
5,toxicity,7,0000000000010000100010010,"NOR-in(0,2)/NOR-in(1,1)/NOR-mid(2,0)/NOR-out(1,0)/NOT-in(0,1)|edges=0101000100000000000000100",82,1,0.04278663936716431,0.021649634146341464,177527,0.018075977373266085,741115,0.01680364716115352,1377899,0.014665663128474865,3006461,0.0102593413633235,2103165,0.00894676807446907,733635,0.008004878048780488,328200,0.006383048780487805,52341
5,toxicity,7,0000000000010000100010010,"NOR-in(0,2)/NOR-mid(0,1)/NOR-mid(1,1)/NOR-out(1,0)/NOR-out(2,0)|edges=0011000001000010000000000",82,2,0.11203844886585439,0.010893658536585365,89328,0.014433220920314236,591762,0.01630285445379778,1336834,0.019314341086549443,3959440,0.030190150924974138,6188981,0.033071913827514295,2711897,0.03422436585365854,1403199,0.035523658536585366,291294
5,toxicity,7,0000000000010000100010010,"NOR-in(0,2)/NOR-mid(1,1)/NOR-out(1,0)/NOR-out(2,0)/NOT-mid(0,1)|edges=0110000010000000000000010",82,1,0.1120820623157809,0.014484268292682926,118771,0.013628415963747899,558765,0.013304427478264755,1090963,0.012869531456204264,2638254,0.012050038906828889,2470258,0.011349402162209704,930651,0.010548634146341463,432494,0.008157926829268292,66895
5,toxicity,7,0000000000010000100010110,"NOR-in(0,3)/NOR-in(1,1)/NOR-in(1,1)/NOR-mid(1,0)/NOR-mid(2,0)|edges=0111000001000010000000000",82,1,0.05780908722138232,0.005889390243902439,48293,0.007556342200618751,309810,0.008451890656189788,693055,0.009982965658868963,2046508,0.014806814489689615,3035397,0.01561002400951161,1280022,0.015372512195121951,630273,0.014077317073170732,115434
5,toxicity,7,0000000000010000100110000,"NOR-in(0,1)/NOR-in(0,2)/NOR-in(1,1)/NOR-mid(1,0)/NOR-mid(2,0)|edges=0000100101000100000000000",82,1,0.13139519963323174,0.005502682926829268,45122,0.007643025135904891,313364,0.008738463840900676,716554,0.01013975589971208,2078650,0.01441995595687848,2956091,0.015503414256014286,1271280,0.015937317073170733,653430,0.01501390243902439,123114
5,toxicity,7,0000000000010000100110000,"NOR-in(0,1)/NOR-in(0,2)/NOR-in(2,0)/NOR-mid(1,1)/NOR-out(1,0)|edges=0010000110000000000100000",82,1,0.03061700475186003,0.006104146341463414,50054,0.008315561786884076,340938,0.009417939483801926,772271,0.01055128272095058,2163013,0.013980668156286164,2866037,0.014613060619193643,1198271,0.015123414634146341,620060,0.015918048780487803,130528
5,toxicity,7,0000000000010000100110000,"NOR-in(0,2)/NOR-in(1,0)/NOR-in(1,1)/NOR-mid(0,1)/NOR-out(2,0)|edges=0010100000010000000100000",82,1,0.08495160780600788,0.020243658536585364,165998,0.01836327008422147,752894,0.01734272035818148,1422103,0.015668472865005407,3212037,0.00881183406037235,1806426,0.00655559740108299,537559,0.005314536585365854,217896,0.0030503658536585364,25013
5,toxicity,7,0000000000010000100110000,"NOR-in(0,2)/NOR-in(1,0)/NOR-in(1,1)/NOR-out(2,0)/NOT-mid(0,1)|edges=0011000000010000000000010",82,1,0.14389312462627155,0.008003414634146342,65628,0.010266025391807355,420907,0.011202024936684143,918566,0.012225409517552984,2506209,0.011222819402704202,2300678,0.009874463173793582,809706,0.009024341463414635,369998,0.007796829268292683,63934
5,toxicity,7,0000000000010000100110000,"NOR-in(0,2)/NOR-in(2,0)/NOR-mid(1,1)/NOR-out(1,0)/NOT-in(0,1)|edges=0110000000000100000001000",82,1,0.08096900371963821,0.012172926829268294,99818,0.012796879297256517,524672,0.012812244527426563,1050604,0.012878838773095829,2640162,0.01044216575178375,2140644,0.008591024180706727,704464,0.007191804878048781,294864,0.00405780487804878,33274
5,toxicity,7,0000000000010000100110000,"NOR-in(2,0)/NOR-mid(1,0)/NOT-in(0,1)/NOT-in(0,2)/NOT-in(1,1)|edges=0000000000100001000101000",82,1,0.0007768495362004036,0.025817317073170733,211702,0.021202709385630184,869311,0.019178452155046447,1572633,0.016436355776851593,3369453,0.008026253580231672,1645382,0.00539691450251428,442547,0.004021414634146341,164878,0.002070731707317073,16980
5,toxicity,7,0000000000010000100110100,"NOR-in(0,2)/NOR-in(1,0)/NOR-in(1,2)/NOR-mid(1,1)/NOR-out(2,0)|edges=0010100000010100000100000",82,1,0.09208387396430695,0.01198548780487805,98281,0.013286903735307682,544763,0.013546768953500925,1110835,0.013599609490739326,2787920,0.010214463314980845,2093965,0.008653621740155567,709597,0.007404780487804878,303596,0.004953780487804878,40621
5,toxicity,7,0000000000010000100110100,"NOR-in(0,2)/NOR-in(1,2)/NOR-mid(1,1)/NOR-out(2,0)/NOT-in(1,0)|edges=0101000101000100000000000",82,1,0.16386740150055806,0.02210341463414634,181248,0.01997824585153618,819108,0.018900757019549123,1549862,0.016773185038572,3438503,0.0076903365103381804,1576519,0.005635609618643668,462120,0.004470609756097561,183295,0.002645731707317073,21695
5,toxicity,7,0000000000010000110010010,"NOR-in(0,2)/NOR-in(1,0)/NOR-in(1,1)/NOR-in(1,2)/NOR-mid(2,0)|edges=0101000000000010010100000",82,1,0.03061700475186003,0.006104146341463414,50054,0.008315561786884076,340938,0.009417939483801926,772271,0.01055128272095058,2163013,0.013980668156286164,2866037,0.014613060619193643,1198271,0.015123414634146341,620060,0.015918048780487803,130528
5,toxicity,7,0000000000010000110010010,"NOR-in(0,2)/NOR-in(1,1)/NOR-in(1,2)/NOR-in(2,0)/NOR-out(1,0)|edges=0010100010010100000000000",82,1,-0.04985234738507935,0.004466219512195122,36623,0.006461317703543191,264914,0.007473000364536603,612786,0.009104307139428154,1866383,0.015040585219116241,3083320,0.01687610934448514,1383841,0.01815712195121951,744442,0.020060243902439025,164494
5,toxicity,7,0000000000010000110010010,"NOR-in(0,2)/NOR-in(1,2)/NOR-mid(1,1)/NOR-out(1,0)/NOR-out(2,0)|edges=0101000101000010000000000",82,2,0.04184524111676518,0.01533609756097561,125756,0.018491074974739022,758134,0.019852220480596122,1627882,0.021816804452355034,4472445,0.02691312168865247,5517190,0.02735079201583434,2242765,0.027269658536585365,1118056,0.02707829268292683,222042
5,toxicity,7,0000000000010000110010010,"NOR-in(1,0)/NOR-in(1,2)/NOR-mid(1,1)/NOR-out(2,0)/NOT-in(0,2)|edges=0000000110000100000011000",82,1,0.03364199732482657,0.008230121951219513,67487,0.009860415596138107,404277,0.010534829782186818,863856,0.01129362904792919,2315194,0.013141560847399406,2694020,0.013172206995799829,1080121,0.012929341463414634,530103,0.011995487804878049,98363
5,toxicity,7,0000000000010000110010100,"NOR-in(0,2)/NOR-in(0,2)/NOR-in(2,1)/NOR-mid(2,0)/NOR-out(1,0)|edges=0011000101000100000000000",82,1,-0.04576808525584082,0.009068658536585367,74363,0.010629562012640197,435812,0.011221207864449164,920139,0.01176931196547684,2412709,0.012234473051370995,2508067,0.011593524107475021,950669,0.011129536585365854,456311,0.009758658536585366,80021
5,toxicity,7,0000000000010000110110000,"NOR-in(0,3)/NOR-in(1,1)/NOR-in(2,0)/NOR-out(1,0)/NOT-mid(1,1)|edges=0110100100000000000000010",82,1,0.27163566356902835,0.02673390243902439,219218,0.022242782657832454,911954,0.02037468392071629,1670724,0.017479648439421493,3583328,0.006875136518291351,1409403,0.0041119511192207045,337180,0.002775682926829268,113803,0.001061829268292683,8707
5,toxicity,7,0000000000010001000011000,"NOR-mid(0,1)/NOR-mid(0,2)/NOR-out(2,0)/NOR-out(2,0)/NOT-mid(0,1)|edges=0010000110000000000000010",82,1,-0.10082989786672521,0.013011829268292682,106697,0.014083367227645582,577418,0.014181915325947089,1162917,0.013971536312750511,2864165,0.009583331613821156,1964583,0.007294731529396792,598168,0.005914951219512195,242513,0.003785487804878049,31041
5,toxicity,7,0000000000010001000110100,"NOR-in(0,2)/NOR-in(1,2)/NOR-mid(1,1)/NOR-out(1,0)/NOR-out(2,0)|edges=0100100101000100000000000",82,1,0.02554106473593585,0.007191219512195122,58968,0.009434927749749049,386832,0.010283122452835242,843216,0.011391590021627512,2335276,0.01258634134062106,2580200,0.012108353363210894,992885,0.011593756097560975,475344,0.009946097560975609,81558
5,toxicity,7,0000000000010011010011000,"NOR-in(0,2)/NOR-in(1,2)/NOR-in(1,2)/NOR-mid(2,0)/NOR-out(2,0)|edges=0101000101000110000000000",82,1,0.02554106473593585,0.007191219512195122,58968,0.009434927749749049,386832,0.010283122452835242,843216,0.011391590021627512,2335276,0.01258634134062106,2580200,0.012108353363210894,992885,0.011593756097560975,475344,0.009946097560975609,81558
5,toxicity,7,0000000001000010010010000,"NOR-in(0,1)/NOR-in(0,1)/NOR-in(1,0)/NOR-in(1,1)/NOR-in(2,1)|edges=0001000001000000000100100",82,1,0.14389312462627155,0.008003414634146342,65628,0.010266025391807355,420907,0.011202024936684143,918566,0.012225409517552984,2506209,0.011222819402704202,2300678,0.009874463173793582,809706,0.009024341463414635,369998,0.007796829268292683,63934
5,toxicity,7,0000000001000010010010000,"NOR-in(0,1)/NOR-in(0,1)/NOR-in(1,1)/NOR-in(2,1)/NOR-mid(1,0)|edges=0010000010000100000100000",82,1,-0.04096570816924166,0.003776951219512195,30971,0.006338049398834087,259860,0.007567793052087466,620559,0.009398580304417946,1926709,0.014919819366635908,3058563,0.0165862434978965,1360072,0.017421365853658537,714276,0.01893658536585366,155280
5,toxicity,7,0000000001000010010010000,"NOR-in(0,1)/NOR-in(0,1)/NOR-in(1,1)/NOR-in(2,1)/NOT-in(1,0)|edges=0010000010000100000100000",82,1,-0.043035670238272275,0.005275,43255,0.0076805373346865696,314902,0.008749134573128516,717429,0.010193448581591246,2089657,0.014262029129150935,2923716,0.015558402059551169,1275789,0.016466926829268293,675144,0.01725109756097561,141459
5,toxicity,7,0000000001000010010010000,"NOR-in(0,1)/NOR-in(0,1)/NOR-in(1,1)/NOR-in(2,1)/NOT-mid(1,0)|edges=0010000010000100000100000",82,3,0.04559097770904163,0.04479158536585366,367291,0.045599711765825536,1869588,0.04447145338885138,3646659,0.042094843081076236,8629443,0.03021632165642613,6194346,0.02552686523105207,2093203,0.02181558536585366,894439,0.014701951219512194,120556
5,toxicity,7,0000000001000010010010000,"NOR-in(0,1)/NOR-in(0,1)/NOR-in(1,1)/NOR-mid(2,1)/NOR-out(1,0)|edges=0001000100000100000100000",82,3,-0.11089558036186402,0.028664756097560976,235051,0.032828661739381634,1345975,0.034108611419932267,2796906,0.03540190662630426,7257391,0.03706573622374892,7598476,0.037003901536490205,3034320,0.037054951219512196,1519253,0.035829268292682924,293800
5,toxicity,7,0000000001000010010010000,"NOR-in(0,1)/NOR-in(0,1)/NOR-in(1,1)/NOR-mid(2,1)/NOR-out(1,0)|edges=0010000010000100000100000",82,5,-0.14374422414548288,0.02916219512195122,239130,0.03768605245717585,1545128,0.0417431605728371,3422939,0.04835277954433601,9912320,0.07525004316829226,15426259,0.0843557174547386,6917169,0.09113753658536586,3736639,0.10533463414634146,863744
5,toxicity,7,0000000001000010010010000,"NOR-in(0,1)/NOR-in(0,1)/NOR-in(1,1)/NOR-mid(2,1)/NOT-out(1,0)|edges=0010000010000100000100000",82,1,0.06931268248189826,0.008488536585365854,69606,0.01007480586095667,413067,0.010744939548533637,881085,0.011693248552326858,2397116,0.012888219386456396,2642085,0.012787633834447955,1048586,0.012545585365853658,514369,0.011140975609756097,91356
5,toxicity,7,0000000001000010010010000,"NOR-in(0,1)/NOR-in(0,1)/NOR-mid(2,1)/NOR-out(1,0)/NOT-in(1,1)|edges=0000100100000100000000100",82,1,-0.1688270670486912,0.004627926829268293,37949,0.007323220226655632,300252,0.00852684187935814,699201,0.01006303394998958,2062922,0.013408029137482642,2748646,0.014372694771397689,1178561,0.01504641463414634,616903,0.016466951219512194,135029
5,toxicity,7,0000000001000010010010000,"NOR-in(0,1)/NOR-in(0,1)/NOR-mid(2,1)/NOR-out(1,0)/NOT-in(1,1)|edges=0010000001000100000000100",82,2,0.18202160343268883,0.03408890243902439,279529,0.03326514958684386,1363871,0.03244752597305005,2660697,0.030372794529311326,6226423,0.017904799825319027,3670484,0.014289231358799235,1171717,0.01187539024390244,486891,0.007599512195121951,62316
5,toxicity,7,0000000001000010010010000,"NOR-in(0,1)/NOR-in(1,0)/NOR-in(2,1)/NOT-in(0,1)/NOT-in(1,1)|edges=0010000000010000000100100",82,1,0.09191510065122327,0.015677073170731706,128552,0.014758977049656298,605118,0.014629195835570529,1199594,0.014186428991484312,2908218,0.010433780386011898,2138925,0.008982024171170142,736526,0.008168073170731708,334891,0.006375243902439025,52277
5,toxicity,7,0000000001000010010010000,"NOR-in(0,1)/NOR-in(1,1)/NOR-in(2,1)/NOR-mid(1,0)/NOT-in(0,1)|edges=0100000100000100000000100",82,3,-0.026462219799454813,0.0304209756097561,249452,0.0329181495529902,1349644,0.0339894284872892,2787133,0.03533780906657934,7244251,0.037814970362780774,7752069,0.03730954787049883,3059383,0.03638029268292683,1491592,0.03236512195121951,265394
5,toxicity,7,0000000001000010010010000,"NOR-in(0,1)/NOR-in(1,1)/NOR-in(2,1)/NOR-out(1,0)/NOT-in(0,1)|edges=0010000100000100000001000",82,1,-0.04576808525584082,0.009068658536585367,74363,0.010629562012640197,435812,0.011221207864449164,920139,0.01176931196547684,2412709,0.012234473051370995,2508067,0.011593524107475021,950669,0.011129536585365854,456311,0.009758658536585366,80021
5,toxicity,7,0000000001000010010010000,"NOR-in(0,1)/NOR-in(1,1)/NOR-in(2,1)/NOR-out(1,0)/NOT-in(0,1)|edges=0100000100000100000000100",82,1,-0.007986667496509404,0.011014390243902439,90318,0.012102025570929324,496183,0.01211865912773947,993730,0.012110824153935138,2482719,0.012321351099303891,2525877,0.011879414344404529,974112,0.011122756097560976,456033,0.009651341463414634,79141
5,toxicity,7,0000000001000010010010000,"NOR-in(0,1)/NOR-in(1,1)/NOR-in(2,1)/NOT-in(0,1)/NOT-mid(1,0)|edges=0010000100000010100000000",82,3,0.049492449754896875,0.04264219512195122,349666,0.044812955591507865,1837331,0.043855160675861496,3596123,0.04165001869951183,8538254,0.030787077748418754,6311351,0.02663574325278675,2184131,0.023251024390243902,953292,0.016983902439024392,139268
5,toxicity,7,0000000001000010010010000,"NOR-in(0,1)/NOR-in(1,1)/NOR-mid(2,1)/NOR-out(1,0)/NOT-in(0,1)|edges=0010000100000100000001000",82,6,-0.2506841084750462,0.0402409756097561,329976,0.05086990740194219,2085666,0.055177246594012026,4524534,0.061421759777136396,12591461,0.08411063332574992,17242680,0.09065014413048429,7433312,0.09491036585365854,3891325,0.10133865853658537,830977
5,toxicity,7,0000000001000010010010000,"NOR-in(0,1)/NOR-in(1,1)/NOR-mid(2,1)/NOR-out(1,0)/NOT-in(0,1)|edges=0100000100000100000000100",82,6,-0.11629339121757606,0.05884548780487805,482533,0.06639832355105596,2722331,0.0691278936159948,5668487,0.07071373032753697,14496315,0.07588670657671506,15556775,0.07740648591691497,6347332,0.07851087804878049,3218946,0.08274414634146342,678502
5,toxicity,7,0000000001000010010010000,"NOR-in(0,1)/NOR-in(2,1)/NOR-mid(1,0)/NOT-in(0,1)/NOT-in(1,1)|edges=0000100100000000100001000",82,1,-0.1167390069162828,0.008605731707317073,70567,0.010239269291636028,419810,0.010210732205401571,837280,0.010619258329380325,2176948,0.013300799870236099,2726664,0.015352024015804292,1258866,0.016934756097560975,694325,0.02209841463414634,181207
5,toxicity,7,0000000001000010010010000,"NOR-in(0,1)/NOR-mid(2,1)/NOR-out(1,0)/NOT-in(0,1)/NOT-in(1,1)|edges=0100000100000000000101000",82,2,0.07201149812891543,0.026513048780487804,217407,0.02774397831648569,1137503,0.027762330622552713,2276511,0.026984501912497523,5531823,0.021704609544345273,4449445,0.02073695071373291,1700430,0.020263243902439023,830793,0.02036109756097561,166961
5,toxicity,7,0000000001000010010010000,"NOR-in(1,0)/NOR-in(1,1)/NOR-in(2,1)/NOT-in(0,1)/NOT-in(0,1)|edges=0000000100100000100000100",82,1,0.03956684310352081,0.036974390243902436,303190,0.02624188060896396,1075917,0.022245464499778756,1824128,0.017616302095291667,3611342,0.007269287733958169,1490204,0.005752414493843549,471698,0.004842512195121951,198543,0.003360487804878049,27556
5,toxicity,7,0000000001000010010010000,"NOR-in(1,1)/NOR-in(2,1)/NOR-mid(1,0)/NOT-in(0,1)/NOT-in(0,1)|edges=0100000100000000100010000",82,1,0.06439988521484043,0.02509609756097561,205788,0.020183782456954385,827535,0.01843336675284716,1511536,0.01609068261286473,3298590,0.007841365777157407,1607480,0.005466219378872698,448230,0.004189414634146341,171766,0.002229146341463415,18279
5,toxicity,7,0000000001000010010010000,"NOR-in(1,1)/NOR-in(2,1)/NOR-mid(1,0)/NOT-in(0,1)/NOT-in(0,1)|edges=0100000100000001000001000",82,1,-0.023900108804746228,0.005647682926829268,46311,0.006989781169734748,286581,0.007582841833309358,621793,0.008963253483643834,1837467,0.01589991691804959,3259483,0.01852385320673529,1518956,0.020244731707317075,830034,0.023324024390243902,191257
5,toxicity,7,0000000001000010010010000,"NOR-in(1,1)/NOR-mid(2,1)/NOT-in(0,1)/NOT-in(0,1)/NOT-out(1,0)|edges=0100000001100000100000000",82,1,0.0008635456834820317,0.023918658536585365,196133,0.01861290425491749,763129,0.016890281311721038,1385003,0.014868238734278269,3047989,0.010025985268039168,2055327,0.008659743691225763,710099,0.007737829268292683,317251,0.0059521951219512195,48808
5,toxicity,7,0000000001000010010010000,"NOR-in(2,1)/NOR-out(1,0)/NOT-in(0,1)/NOT-in(0,1)/NOT-in(1,1)|edges=0100000000000011000010000",82,1,0.2040424290507555,0.05752390243902439,471696,0.0354714180947725,1454328,0.02825809893941946,2317164,0.019889838636295832,4077417,0.005796082870282118,1188197,0.0036579267400505674,299950,0.002708219512195122,111037,0.0012529268292682926,10274
5,toxicity,7,0000000001000010010010000,"NOR-in(2,1)/NOT-in(0,1)/NOT-in(0,1)/NOT-in(1,1)/NOT-mid(1,0)|edges=0000100010100001000000000",82,1,0.2040424290507555,0.05752390243902439,471696,0.0354714180947725,1454328,0.02825809893941946,2317164,0.019889838636295832,4077417,0.005796082870282118,1188197,0.0036579267400505674,299950,0.002708219512195122,111037,0.0012529268292682926,10274
5,toxicity,7,0000000001000010110010000,"NOR-in(0,2)/NOR-in(1,1)/NOR-in(1,1)/NOR-in(2,1)/NOR-mid(1,0)|edges=0110000010000100000100000",82,4,0.08176280785731341,0.018491219512195123,151628,0.027528075856397643,1128651,0.03202698936717021,2626213,0.03874499436595133,7942724,0.05900118479023234,12095243,0.06307538870547832,5172182,0.06501958536585366,2665803,0.06897829268292682,565622
5,toxicity,7,0000000001000010110010000,"NOR-in(0,2)/NOR-in(1,1)/NOR-in(1,1)/NOR-in(2,1)/NOR-out(1,0)|edges=0110000010000100000100000",82,2,0.014744773032718329,0.008050243902439025,66012,0.011764732855095888,482354,0.013899598239004793,1139767,0.017537214291956794,3595129,0.03205224358973421,6570710,0.036753157640166886,3013759,0.0399010243902439,1635942,0.047594756097560975,390277
5,toxicity,7,0000000001000010110010000,"NOR-in(0,2)/NOR-in(1,1)/NOR-in(1,1)/NOR-in(2,1)/NOT-mid(1,0)|edges=0110000010000100000100000",82,1,-0.08945410941761155,0.010633780487804879,87197,0.012756879293354078,523032,0.013305464063681174,1091048,0.013507302175467275,2768997,0.010766448675449281,2207122,0.009597829034199291,787022,0.00870048780487805,356720,0.006943536585365854,56937
5,toxicity,7,0000000001000010110010000,"NOR-in(0,2)/NOR-in(1,1)/NOR-in(1,1)/NOR-mid(2,1)/NOR-out(1,0)|edges=0110000010000100000100000",82,6,0.18561620357590655,0.042178414634146344,345863,0.05253161488113316,2153796,0.05754239305084844,4718476,0.06431299386706353,13184164,0.08342456016171161,17102035,0.08616920521538524,7065875,0.0861070487804878,3530389,0.08034780487804878,658852
5,toxicity,7,0000000001000010110010000,"NOR-in(0,2)/NOR-in(1,1)/NOR-mid(2,1)/NOR-out(1,0)/NOT-in(1,1)|edges=0100100100000100000000100",82,1,0.01841817959744126,0.01235719512195122,101329,0.014107708693434995,578416,0.014691049497124365,1204666,0.014546272886901992,2981986,0.00926439990961561,1899202,0.006890682758763835,565036,0.005634243902439024,231004,0.003849390243902439,31565
5,toxicity,7,0000000001000010110010000,"NOR-in(1,1)/NOR-in(1,1)/NOR-in(2,1)/NOT-in(0,2)/NOT-mid(1,0)|edges=0010000100000011100000000",82,1,0.03759717252284763,0.01566426829268293,128447,0.015075513665903772,618096,0.014691415350800749,1204696,0.013936589971968977,2857001,0.010211053558916551,2093266,0.008663646130154972,710419,0.007480365853658536,306695,0.005231341463414634,42897
5,toxicity,7,0000000001000011000000010,"NOR-in(0,1)/NOR-in(0,1)/NOR-in(1,1)/NOR-in(2,1)/NOT-mid(1,0)|edges=0001000010000010010000000",82,1,0.14389312462627155,0.008003414634146342,65628,0.010266025391807355,420907,0.011202024936684143,918566,0.012225409517552984,2506209,0.011222819402704202,2300678,0.009874463173793582,809706,0.009024341463414635,369998,0.007796829268292683,63934
5,toxicity,7,0000000001000011000000010,"NOR-in(0,1)/NOR-in(0,1)/NOR-in(2,1)/NOR-mid(1,0)/NOT-in(1,1)|edges=0010000100000010000000010",82,1,-0.043035670238272275,0.005275,43255,0.0076805373346865696,314902,0.008749134573128516,717429,0.010193448581591246,2089657,0.014262029129150935,2923716,0.015558402059551169,1275789,0.016466926829268293,675144,0.01725109756097561,141459
5,toxicity,7,0000000001000011000000010,"NOR-in(0,1)/NOR-in(0,1)/NOR-in(2,1)/NOR-mid(1,1)/NOR-out(1,0)|edges=0010000100000100000100000",82,3,0.03396515763623047,0.014217926829268293,116587,0.022101392400135846,906157,0.02569518418025289,2107005,0.03060636037841248,6274304,0.041868760567134046,8583096,0.04290847456320794,3518495,0.04253992682926829,1744137,0.04032012195121951,330625
5,toxicity,7,0000000001000011000000010,"NOR-in(0,1)/NOR-in(0,1)/NOR-in(2,1)/NOR-out(1,0)/NOT-mid(1,1)|edges=0010000100000010000000010",82,4,0.06243971900282577,0.05830646341463415,478113,0.05988846925741163,2455427,0.058546576026662245,4800819,0.055586608671480804,11395255,0.0409981313073353,8404617,0.03529938938294172,2894550,0.03073139024390244,1259987,0.022215243902439025,182165
5,toxicity,7,0000000001000011000000010,"NOR-in(0,1)/NOR-in(0,1)/NOR-in(2,1)/NOT-mid(1,1)/NOT-out(1,0)|edges=0010000100000100000100000",82,1,-0.08945410941761155,0.010633780487804879,87197,0.012756879293354078,523032,0.013305464063681174,1091048,0.013507302175467275,2768997,0.010766448675449281,2207122,0.009597829034199291,787022,0.00870048780487805,356720,0.006943536585365854,56937
5,toxicity,7,0000000001000011000000010,"NOR-in(0,1)/NOR-in(1,1)/NOR-in(2,1)/NOR-mid(1,0)/NOT-in(0,1)|edges=0010000010010000000000100",82,1,0.09191510065122327,0.015677073170731706,128552,0.014758977049656298,605118,0.014629195835570529,1199594,0.014186428991484312,2908218,0.010433780386011898,2138925,0.008982024171170142,736526,0.008168073170731708,334891,0.006375243902439025,52277
5,toxicity,7,0000000001000011000000010,"NOR-in(0,1)/NOR-in(1,1)/NOR-in(2,1)/NOT-in(0,1)/NOT-mid(1,0)|edges=0010000001010000010000000",82,4,0.1149376706154633,0.08131231707317073,666761,0.07014434830676569,2875918,0.06501803975697755,5331479,0.05872635495168088,12038903,0.038000204507315075,7790042,0.03265124310606724,2677402,0.028879780487804877,1184071,0.022089878048780487,181137
5,toxicity,7,0000000001000011000000010,"NOR-in(0,1)/NOR-in(2,1)/NOR-mid(1,1)/NOR-out(1,0)/NOT-in(0,1)|edges=0100000100000100000001000",82,5,-0.05439362417065393,0.03781719512195122,310101,0.044744565340933205,1834527,0.048229063328246995,3954783,0.053432964811064104,10953758,0.06812694079876155,13966023,0.07135514460109403,5851122,0.07310480487804878,2997297,0.07257256097560975,595095
5,toxicity,7,0000000001000011000000010,"NOR-in(0,1)/NOR-in(2,1)/NOR-out(1,0)/NOT-in(0,1)/NOT-mid(1,1)|edges=0100000001000000100000100",82,1,0.0525007168537097,0.029264390243902438,239968,0.021295465492240536,873114,0.018451415534215393,1513016,0.01526358506802761,3129035,0.009854204781910196,2020112,0.009275646115228143,760603,0.00895070731707317,366979,0.00845951219512195,69368
5,toxicity,7,0000000001000011000000010,"NOR-in(1,1)/NOR-in(2,1)/NOR-mid(1,0)/NOT-in(0,1)/NOT-in(0,1)|edges=0010010000000000100001000",82,1,0.0024303792975167255,0.009036951219512195,74103,0.00991575706495191,406546,0.010484293194355766,859712,0.011217492464048927,2299586,0.012638751096207306,2590944,0.013192463092866754,1081782,0.013740243902439024,563350,0.014291463414634146,117190
5,toxicity,7,0000000001000011000000010,"NOR-in(2,1)/NOR-mid(1,1)/NOR-out(1,0)/NOT-in(0,1)/NOT-in(0,1)|edges=0100000100000001000010000",82,3,-0.07939917633573587,0.05232036585365853,429027,0.048799516956050434,2000780,0.04574986808535942,3751489,0.041635101626632164,8535196,0.030953238722407427,6345414,0.028756462713257006,2358030,0.02765678048780488,1133928,0.028851829268292682,236585
5,toxicity,7,0000000001000011000010000,"NOR-in(0,1)/NOR-in(0,1)/NOR-in(2,0)/NOR-in(2,1)/NOT-in(0,1)|edges=0001000100000000010000010",82,1,0.05982657311793974,0.011828780487804879,96996,0.012757171976309462,523044,0.012915512825146967,1059072,0.013101307061437912,2685768,0.010556199897012683,2164021,0.00900025587804254,738021,0.0077263170731707315,316779,0.005111341463414634,41913
5,toxicity,7,0000000001000011000010000,"NOR-in(0,1)/NOR-in(0,1)/NOR-in(2,1)/NOR-mid(2,0)/NOT-in(0,1)|edges=0010000010000100000000100",82,1,-0.007986667496509404,0.011014390243902439,90318,0.012102025570929324,496183,0.01211865912773947,993730,0.012110824153935138,2482719,0.012321351099303891,2525877,0.011879414344404529,974112,0.011122756097560976,456033,0.009651341463414634,79141
5,toxicity,7,0000000001000011000010000,"NOR-in(0,1)/NOR-in(0,1)/NOR-mid(0,1)/NOR-mid(2,1)/NOR-out(2,0)|edges=0001000010000010000100000",82,8,0.14204698045947672,0.055905121951219515,458422,0.06967347021204587,2856612,0.07579552808758673,6215233,0.08461148615392222,17345355,0.11038943794742012,22629835,0.11567374108112827,9485247,0.1183000487804878,4850302,0.11687378048780488,958365
5,toxicity,7,0000000001000011000010000,"NOR-in(0,1)/NOR-in(0,1)/NOR-mid(2,1)/NOR-out(2,0)/NOT-mid(0,1)|edges=0010000100000100000000010",82,2,-0.06267739799714428,0.02462109756097561,201893,0.0251576853812376,1031465,0.024991452438607436,2049299,0.02470713122522671,5064962,0.0243383704942598,4989366,0.023525353084747486,1929079,0.02255629268292683,924808,0.01947280487804878,159677
5,toxicity,7,0000000001000011000010000,"NOR-in(0,1)/NOR-mid(0,1)/NOR-mid(2,1)/NOR-out(2,0)/NOT-in(0,1)|edges=0010000010000100000000100",82,2,-0.12294671111458998,0.012650243902439025,103732,0.017112587035374344,701616,0.01866885456921242,1530846,0.020477565454096285,4197901,0.02912335093538194,5970287,0.03212882848466272,2634564,0.034116341463414634,1398770,0.038385121951219514,314758
5,toxicity,7,0000000001000011000010000,"NOR-in(0,1)/NOR-mid(2,1)/NOR-out(2,0)/NOT-in(0,1)/NOT-mid(0,1)|edges=0100000100000000100000100",82,1,0.04278663936716431,0.021649634146341464,177527,0.018075977373266085,741115,0.01680364716115352,1377899,0.014665663128474865,3006461,0.0102593413633235,2103165,0.00894676807446907,733635,0.008004878048780488,328200,0.006383048780487805,52341
5,toxicity,7,0000000001000011000010000,"NOR-mid(0,1)/NOR-mid(2,1)/NOR-out(2,0)/NOT-in(0,1)/NOT-in(0,1)|edges=0010000100000000100001000",82,1,-0.10082989786672521,0.013011829268292682,106697,0.014083367227645582,577418,0.014181915325947089,1162917,0.013971536312750511,2864165,0.009583331613821156,1964583,0.007294731529396792,598168,0.005914951219512195,242513,0.003785487804878049,31041
5,toxicity,7,0000000001000011000010010,"NOR-in(0,1)/NOR-in(0,1)/NOR-in(2,2)/NOR-mid(1,1)/NOR-out(2,0)|edges=0010000100000110000100000",82,2,0.014744773032718329,0.008050243902439025,66012,0.011764732855095888,482354,0.013899598239004793,1139767,0.017537214291956794,3595129,0.03205224358973421,6570710,0.036753157640166886,3013759,0.0399010243902439,1635942,0.047594756097560975,390277
5,toxicity,7,0000000001000011000010010,"NOR-in(0,1)/NOR-in(1,1)/NOR-in(2,0)/NOR-in(2,2)/NOT-in(0,1)|edges=0001000100000000110000010",82,1,0.08750848189900831,0.017071707317073172,139988,0.017538757808659298,719089,0.01703540327001967,1396903,0.015496838722012903,3176852,0.008216551139350721,1684393,0.005532670596764132,453679,0.004369024390243902,179130,0.0021959756097560974,18007
5,toxicity,7,0000000001000011000010010,"NOR-in(0,1)/NOR-in(2,2)/NOR-mid(1,1)/NOR-out(2,0)/NOT-in(0,1)|edges=0100000110000100000001000",82,1,-0.007986667496509404,0.011014390243902439,90318,0.012102025570929324,496183,0.01211865912773947,993730,0.012110824153935138,2482719,0.012321351099303891,2525877,0.011879414344404529,974112,0.011122756097560976,456033,0.009651341463414634,79141
5,toxicity,7,0000000001000011000010010,"NOR-in(1,1)/NOR-in(2,2)/NOR-mid(2,0)/NOT-in(0,1)/NOT-in(0,1)|edges=0010010100000000100001000",82,1,-0.018026196090936926,0.017897317073170733,146758,0.017357538278784224,711659,0.016360683724911403,1341576,0.014579487520400244,2988795,0.009626185271939655,1973368,0.008007524194938434,656617,0.006700609756097561,274725,0.004682682926829268,38398
5,toxicity,7,0000000001000011000010010,"NOR-in(2,2)/NOR-out(2,0)/NOT-in(0,1)/NOT-in(0,1)/NOT-mid(1,1)|edges=0100100000100001000001000",82,1,0.2040424290507555,0.05752390243902439,471696,0.0354714180947725,1454328,0.02825809893941946,2317164,0.019889838636295832,4077417,0.005796082870282118,1188197,0.0036579267400505674,299950,0.002708219512195122,111037,0.0012529268292682926,10274
5,toxicity,7,0000000001000011010010000,"NOR-in(0,1)/NOR-in(0,2)/NOR-in(1,1)/NOR-mid(2,1)/NOR-out(2,0)|edges=0001000101000100000100000",82,1,-0.05428578457402789,0.00941,77162,0.01034239125291622,424038,0.010833537113831079,888350,0.011593780261584776,2376725,0.012855790118480096,2635437,0.012221499701914641,1002163,0.011516634146341463,472182,0.01000060975609756,82005
5,toxicity,7,0000000001000011010010000,"NOR-in(0,2)/NOR-in(1,1)/NOR-in(2,0)/NOR-in(2,1)/NOT-in(0,1)|edges=0110000010000000010000010",82,1,0.04445123173295338,0.013514878048780488,110822,0.014288757491586097,585839,0.01407512263781086,1154160,0.013491765590404574,2765812,0.010781809650909174,2210271,0.009772524151889655,801347,0.00891580487804878,365548,0.007513292682926829,61609
5,toxicity,7,0000000001000011010010000,"NOR-in(0,2)/NOR-in(1,1)/NOR-in(2,1)/NOR-mid(2,0)/NOT-in(0,1)|edges=0101000100000100000000100",82,2,-0.04069859867253529,0.012762926829268292,104656,0.01693866018913758,694485,0.01877545213538791,1539587,0.02124272641477607,4354759,0.026733404617235078,5480348,0.027401157868264442,2246895,0.027602536585365853,1131704,0.026534756097560976,217585
5,toxicity,7,0000000001000011010010000,"NOR-in(0,2)/NOR-in(1,1)/NOR-mid(2,1)/NOR-out(2,0)/NOT-in(0,1)|edges=0101000100000100000000100",82,2,0.18202160343268883,0.03408890243902439,279529,0.03326514958684386,1363871,0.03244752597305005,2660697,0.030372794529311326,6226423,0.017904799825319027,3670484,0.014289231358799235,1171717,0.01187539024390244,486891,0.007599512195121951,62316
5,toxicity,7,0000000001000100100010000,"NOR-in(0,1)/NOR-in(1,0)/NOR-in(1,1)/NOR-in(1,1)/NOT-in(1,1)|edges=0001000000010000000100100",82,1,0.035345186414782265,0.007607926829268293,62385,0.009445342384911452,387259,0.010254110256298061,840837,0.011218990024995316,2299893,0.013122155969539941,2690042,0.013363121625289716,1095776,0.01320490243902439,541401,0.012267682926829268,100595
5,toxicity,7,0000000001000100100010000,"NOR-in(0,1)/NOR-in(1,0)/NOR-in(1,1)/NOT-in(1,1)/NOT-in(1,1)|edges=0000100000010000010000010",82,1,0.09740165402055294,0.018952560975609756,155411,0.01796514809416079,736571,0.017324830113406346,1420636,0.016023307004423278,3284778,0.007873024313433908,1613970,0.005669438886111247,464894,0.004554243902439024,186724,0.0027014634146341463,22152
5,toxicity,7,0000000001000100100010000,"NOR-in(0,1)/NOR-in(1,1)/NOR-in(1,1)/NOR-in(1,1)/NOR-mid(1,0)|edges=0010000001000100100000000",82,1,-0.33357983252594814,0.0012936585365853658,10608,0.0029711710215776605,121818,0.004128500201390254,338537,0.006187146220738611,1268365,0.0193818485913966,3973279,0.026127011557877767,2142415,0.03205682926829268,1314330,0.04912658536585366,402838
5,toxicity,7,0000000001000100100010000,"NOR-in(0,1)/NOR-in(1,1)/NOR-in(1,1)/NOR-in(1,1)/NOR-mid(1,0)|edges=0100000100000100000100000",82,3,-0.11138510221997526,0.013620365853658537,111687,0.01922873358329108,788378,0.02227565962320291,1826604,0.027470906781055477,5631536,0.04707528734560695,9650434,0.0532388767502713,4365588,0.05672336585365854,2325658,0.06110060975609756,501025
5,toxicity,7,0000000001000100100010000,"NOR-in(0,1)/NOR-in(1,1)/NOR-in(1,1)/NOR-in(1,1)/NOT-in(1,0)|edges=0100000100000100000100000",82,1,0.09208387396430695,0.01198548780487805,98281,0.013286903735307682,544763,0.013546768953500925,1110835,0.013599609490739326,2787920,0.010214463314980845,2093965,0.008653621740155567,709597,0.007404780487804878,303596,0.004953780487804878,40621
5,toxicity,7,0000000001000100100010000,"NOR-in(0,1)/NOR-in(1,1)/NOR-in(1,1)/NOR-in(1,1)/NOT-mid(1,0)|edges=0010000001000100100000000",82,1,-0.08945410941761155,0.010633780487804879,87197,0.012756879293354078,523032,0.013305464063681174,1091048,0.013507302175467275,2768997,0.010766448675449281,2207122,0.009597829034199291,787022,0.00870048780487805,356720,0.006943536585365854,56937
5,toxicity,7,0000000001000100100010000,"NOR-in(0,1)/NOR-in(1,1)/NOR-in(1,1)/NOR-in(1,1)/NOT-mid(1,0)|edges=0100000100000100000100000",82,1,0.14389312462627155,0.008003414634146342,65628,0.010266025391807355,420907,0.011202024936684143,918566,0.012225409517552984,2506209,0.011222819402704202,2300678,0.009874463173793582,809706,0.009024341463414635,369998,0.007796829268292683,63934
5,toxicity,7,0000000001000100100010000,"NOR-in(0,1)/NOR-in(1,1)/NOR-in(1,1)/NOR-mid(1,0)/NOT-in(1,1)|edges=0000100010010000000000100",82,3,-0.03219980366984049,0.03530975609756098,289540,0.03761190610847864,1542088,0.03833435552850515,3143417,0.038508677297391665,7894279,0.032809624070150006,6725973,0.031388206551507154,2573833,0.03061851219512195,1255359,0.02873609756097561,235636
5,toxicity,7,0000000001000100100010000,"NOR-in(0,1)/NOR-in(1,1)/NOR-in(1,1)/NOR-mid(1,0)/NOT-in(1,1)|edges=0010000010000010000001000",82,1,0.035345186414782265,0.007607926829268293,62385,0.009445342384911452,387259,0.010254110256298061,840837,0.011218990024995316,2299893,0.013122155969539941,2690042,0.013363121625289716,1095776,0.01320490243902439,541401,0.012267682926829268,100595
5,toxicity,7,0000000001000100100010000,"NOR-in(0,1)/NOR-in(1,1)/NOR-in(1,1)/NOR-mid(1,0)/NOT-in(1,1)|edges=0100000100000010000000010",82,2,0.02962184918087735,0.025518658536585366,209253,0.026043807418908042,1067796,0.026091854931309996,2139532,0.025861921446596655,5301694,0.023073863189523286,4730142,0.022113999460634158,1813348,0.021781463414634147,893040,0.020301463414634145,166472
5,toxicity,7,0000000001000100100010000,"NOR-in(0,1)/NOR-in(1,1)/NOR-in(1,1)/NOR-mid(1,1)/NOR-out(1,0)|edges=0010000010010000000100000",82,5,-0.2815967786793737,0.028068292682926828,230160,0.03606122303036322,1478510,0.040739209304351674,3340615,0.04776956492156947,9792761,0.07490474073263667,15355472,0.08466738817884419,6942726,0.09234265853658537,3786049,0.11096378048780488,909903
5,toxicity,7,0000000001000100100010000,"NOR-in(0,1)/NOR-in(1,1)/NOR-in(1,1)/NOR-mid(1,1)/NOR-out(1,0)|edges=0100000100000100000100000",82,11,0.043484130721807776,0.07132817073170732,584891,0.09164835040471711,3757582,0.10146691958375217,8320287,0.11480870507690331,23535785,0.15512877897435337,31801400,0.16589205692946202,13603149,0.17194053658536584,7049562,0.18170634146341463,1489992
5,toxicity,7,0000000001000100100010000,"NOR-in(0,1)/NOR-in(1,1)/NOR-in(1,1)/NOR-out(1,0)/NOT-in(1,1)|edges=0000100010010000000000100",82,1,0.16068306096909757,0.030006951219512194,246057,0.023327343739253048,956421,0.02072530588903931,1699475,0.017168370396714722,3519516,0.00819445845663943,1679864,0.006230219360238552,510878,0.005123341463414634,210057,0.0031868292682926827,26132
5,toxicity,7,0000000001000100100010000,"NOR-in(0,1)/NOR-in(1,1)/NOR-in(1,1)/NOR-out(1,0)/NOT-mid(1,1)|edges=0010000001010000000000010",82,2,0.0126853115766307,0.03296280487804878,270295,0.032842539789516074,1346544,0.03155594056370442,2587587,0.028993536019638323,5943675,0.019660121759413448,4030325,0.01652660935300953,1355182,0.014089268292682927,577660,0.009590609756097561,78643
5,toxicity,7,0000000001000100100010000,"NOR-in(0,1)/NOR-in(1,1)/NOR-in(1,1)/NOR-out(1,0)/NOT-mid(1,1)|edges=0100000100000010000000010",82,4,0.18059895110388785,0.05234134146341463,429199,0.05416849308960908,2220908,0.053974600193882935,4425917,0.0533354623739422,10933770,0.04195373617606111,8600516,0.03677329178601727,3015410,0.03306160975609756,1355526,0.026526219512195123,217515
5,toxicity,7,0000000001000100100010000,"NOR-in(0,1)/NOR-in(1,1)/NOR-in(1,1)/NOT-in(1,0)/NOT-in(1,1)|edges=0100000001000100000000100",82,1,0.16386740150055806,0.02210341463414634,181248,0.01997824585153618,819108,0.018900757019549123,1549862,0.016773185038572,3438503,0.0076903365103381804,1576519,0.005635609618643668,462120,0.004470609756097561,183295,0.002645731707317073,21695
5,toxicity,7,0000000001000100100010000,"NOR-in(0,1)/NOR-in(1,1)/NOR-in(1,1)/NOT-in(1,0)/NOT-in(1,1)|edges=0100000100000010000000010",82,1,0.08495160780600788,0.020243658536585364,165998,0.01836327008422147,752894,0.01734272035818148,1422103,0.015668472865005407,3212037,0.00881183406037235,1806426,0.00655559740108299,537559,0.005314536585365854,217896,0.0030503658536585364,25013
5,toxicity,7,0000000001000100100010000,"NOR-in(0,1)/NOR-in(1,1)/NOR-in(1,1)/NOT-mid(1,1)/NOT-out(1,0)|edges=0010000010010000000100000",82,1,-0.08945410941761155,0.010633780487804879,87197,0.012756879293354078,523032,0.013305464063681174,1091048,0.013507302175467275,2768997,0.010766448675449281,2207122,0.009597829034199291,787022,0.00870048780487805,356720,0.006943536585365854,56937
5,toxicity,7,0000000001000100100010000,"NOR-in(0,1)/NOR-in(1,1)/NOR-in(1,1)/NOT-mid(1,1)/NOT-out(1,0)|edges=0100000100000100000100000",82,2,0.08641018683858924,0.055968658536585364,458943,0.04309841883887013,1767035,0.03802740429401972,3118247,0.032133282299838396,6587323,0.01666219495939322,3415750,0.013878463076135047,1138034,0.012237658536585367,501744,0.009465243902439024,77615
5,toxicity,7,0000000001000100100010000,"NOR-in(0,1)/NOR-in(1,1)/NOR-mid(1,1)/NOR-out(1,0)/NOT-in(1,1)|edges=0000100100000100000001000",82,3,0.04197922557056105,0.031992439024390244,262338,0.0345302960517362,1415742,0.03512452610363542,2880211,0.0360762529546097,7395632,0.036842585006413804,7552730,0.037737169811288544,3094448,0.03796085365853658,1556395,0.03944512195121951,323450
5,toxicity,7,0000000001000100100010000,"NOR-in(0,1)/NOR-in(1,1)/NOR-mid(1,1)/NOR-out(1,0)/NOT-in(1,1)|edges=0100000001000100000000100",82,7,0.11920146877430879,0.09039073170731707,741204,0.09364493596535961,3839442,0.09462205339619773,7759008,0.09366643231870377,19201619,0.07454045293131266,15280793,0.06693810812346078,5488925,0.0626139268292683,2567171,0.05509353658536585,451767
5,toxicity,7,0000000001000100100010000,"NOR-in(0,1)/NOR-in(1,1)/NOR-out(1,0)/NOT-in(1,1)/NOT-in(1,1)|edges=0000100100000000100000010",82,1,0.09740165402055294,0.018952560975609756,155411,0.01796514809416079,736571,0.017324830113406346,1420636,0.016023307004423278,3284778,0.007873024313433908,1613970,0.005669438886111247,464894,0.004554243902439024,186724,0.0027014634146341463,22152
5,toxicity,7,0000000001000100100010000,"NOR-in(0,1)/NOR-in(1,1)/NOR-out(1,0)/NOT-in(1,1)/NOT-mid(1,1)|edges=0100000010000000000100100",82,1,0.0868636259130029,0.014845487804878049,121733,0.01493978194534458,612531,0.014796683648618714,1213328,0.014060311920774402,2882364,0.01042634136169423,2137400,0.009040572950229928,741327,0.007713365853658537,316248,0.00496829268292683,40740
5,toxicity,7,0000000001000100100010000,"NOR-in(0,1)/NOR-mid(1,1)/NOR-out(1,0)/NOT-in(1,1)/NOT-in(1,1)|edges=0000100100000000100000010",82,1,0.09740165402055294,0.018952560975609756,155411,0.01796514809416079,736571,0.017324830113406346,1420636,0.016023307004423278,3284778,0.007873024313433908,1613970,0.005669438886111247,464894,0.004554243902439024,186724,0.0027014634146341463,22152
5,toxicity,7,0000000001000100100010000,"NOR-in(0,1)/NOR-mid(1,1)/NOR-out(1,0)/NOT-in(1,1)/NOT-in(1,1)|edges=0001000100000000000101000",82,1,0.060399579851984,0.01818939024390244,149153,0.017865952962531996,732504,0.01727772035501075,1416773,0.01582810700823206,3244762,0.007996975531736825,1639380,0.006344451064769486,520245,0.005574390243902439,228550,0.004823170731707317,39550
5,toxicity,7,0000000001000100100010000,"NOR-in(1,0)/NOR-in(1,1)/NOR-in(1,1)/NOT-in(0,1)/NOT-in(1,1)|edges=0000000001100000100000100",82,1,0.16068306096909757,0.030006951219512194,246057,0.023327343739253048,956421,0.02072530588903931,1699475,0.017168370396714722,3519516,0.00819445845663943,1679864,0.006230219360238552,510878,0.005123341463414634,210057,0.0031868292682926827,26132
5,toxicity,7,0000000001000100100010000,"NOR-in(1,0)/NOR-in(1,1)/NOT-in(0,1)/NOT-in(1,1)/NOT-in(1,1)|edges=0000000001000100100010000",82,1,0.1178034554744207,0.03511219512195122,287920,0.02559741713145533,1049494,0.0219339035089709,1798580,0.017318297223057614,3550251,0.007749863339025723,1588722,0.005824743760372103,477629,0.0047175365853658535,193419,0.003184878048780488,26116
5,toxicity,7,0000000001000100100010000,"NOR-in(1,1)/NOR-in(1,1)/NOR-in(1,1)/NOR-mid(1,0)/NOT-in(0,1)|edges=0001000100100000000001000",82,1,-0.005759945275959343,0.012062682926829268,98914,0.011648830404763942,477602,0.011668037154538399,956779,0.011754721721859089,2409718,0.013059116945764712,2677119,0.013382097234582994,1097332,0.013441829268292682,551115,0.012351219512195121,101280
5,toxicity,7,0000000001000100100010000,"NOR-in(1,1)/NOR-in(1,1)/NOR-in(1,1)/NOR-out(1,0)/NOT-in(0,1)|edges=0001000100100000000001000",82,1,-0.005759945275959343,0.012062682926829268,98914,0.011648830404763942,477602,0.011668037154538399,956779,0.011754721721859089,2409718,0.013059116945764712,2677119,0.013382097234582994,1097332,0.013441829268292682,551115,0.012351219512195121,101280
5,toxicity,7,0000000001000100100010000,"NOR-in(1,1)/NOR-in(1,1)/NOR-in(1,1)/NOT-in(0,1)/NOT-mid(1,0)|edges=0010010000000010100000000",82,1,0.03956684310352081,0.036974390243902436,303190,0.02624188060896396,1075917,0.022245464499778756,1824128,0.017616302095291667,3611342,0.007269287733958169,1490204,0.005752414493843549,471698,0.004842512195121951,198543,0.003360487804878049,27556
5,toxicity,7,0000000001000100100010000,"NOR-in(1,1)/NOR-in(1,1)/NOR-mid(1,0)/NOT-in(0,1)/NOT-in(1,1)|edges=0010010000000000000101000",82,1,0.09191510065122327,0.015677073170731706,128552,0.014758977049656298,605118,0.014629195835570529,1199594,0.014186428991484312,2908218,0.010433780386011898,2138925,0.008982024171170142,736526,0.008168073170731708,334891,0.006375243902439025,52277
5,toxicity,7,0000000001000100100010000,"NOR-in(1,1)/NOR-in(1,1)/NOR-mid(1,0)/NOT-in(0,1)/NOT-in(1,1)|edges=0100000001000001000000100",82,1,-0.1688270670486912,0.004627926829268293,37949,0.007323220226655632,300252,0.00852684187935814,699201,0.01006303394998958,2062922,0.013408029137482642,2748646,0.014372694771397689,1178561,0.01504641463414634,616903,0.016466951219512194,135029
5,toxicity,7,0000000001000100100010000,"NOR-in(1,1)/NOR-in(1,1)/NOR-mid(1,1)/NOR-out(1,0)/NOT-in(0,1)|edges=0010010000000100000001000",82,5,0.005591920878772865,0.05663451219512195,464403,0.05936066432786969,2433787,0.060546393197385036,4964804,0.06165835977251981,12639964,0.0591433213742115,12124381,0.05889408392941259,4829315,0.05903131707317073,2420284,0.058435365853658536,479170
5,toxicity,7,0000000001000100100010000,"NOR-in(1,1)/NOR-in(1,1)/NOR-mid(1,1)/NOR-out(1,0)/NOT-in(0,1)|edges=0100000100000100000010000",82,6,-0.07651392629618378,0.04728121951219512,387706,0.056314932323408035,2308912,0.060030198050253565,4922476,0.06541456945532548,13409987,0.0794335016640634,16283868,0.0815580345961455,6687759,0.08263956097560976,3388222,0.08400329268292683,688827
5,toxicity,7,0000000001000100100010000,"NOR-in(1,1)/NOR-in(1,1)/NOR-out(1,0)/NOT-in(0,1)/NOT-mid(1,1)|edges=0000110000000000100000100",82,2,0.0126853115766307,0.03296280487804878,270295,0.032842539789516074,1346544,0.03155594056370442,2587587,0.028993536019638323,5943675,0.019660121759413448,4030325,0.01652660935300953,1355182,0.014089268292682927,577660,0.009590609756097561,78643
5,toxicity,7,0000000001000100100010000,"NOR-in(1,1)/NOR-in(1,1)/NOR-out(1,0)/NOT-in(0,1)/NOT-mid(1,1)|edges=0100000001000001000000100",82,4,0.11304009821860898,0.06000219512195122,492018,0.0589779813637055,2418097,0.05746399060799954,4712047,0.05504664282835819,11284562,0.04094197033227346,8393104,0.03556247474237866,2916123,0.03151763414634146,1292223,0.023960731707317072,196478
5,toxicity,7,0000000001000100100010000,"NOR-in(1,1)/NOR-in(1,1)/NOT-in(0,1)/NOT-mid(1,1)/NOT-out(1,0)|edges=0100000010100000000100000",82,2,0.08641018683858924,0.055968658536585364,458943,0.04309841883887013,1767035,0.03802740429401972,3118247,0.032133282299838396,6587323,0.01666219495939322,3415750,0.013878463076135047,1138034,0.012237658536585367,501744,0.009465243902439024,77615
5,toxicity,7,0000000001000100100010000,"NOR-in(1,1)/NOR-mid(1,0)/NOT-in(0,1)/NOT-in(1,1)/NOT-in(1,1)|edges=0000100000000101000001000",82,1,0.1178034554744207,0.03511219512195122,287920,0.02559741713145533,1049494,0.0219339035089709,1798580,0.017318297223057614,3550251,0.007749863339025723,1588722,0.005824743760372103,477629,0.0047175365853658535,193419,0.003184878048780488,26116
5,toxicity,7,0000000001000100100010000,"NOR-in(1,1)/NOR-mid(1,1)/NOR-out(1,0)/NOT-in(0,1)/NOT-in(1,1)|edges=0000100100000001000001000",82,3,0.26300698389579513,0.08722256097560975,715225,0.06890300672224456,2825023,0.061559966417559335,5047917,0.05125985265834434,10508270,0.023634658306003333,4845105,0.017690572739254323,1450627,0.014311487804878049,586771,0.009017439024390244,73943
5,toxicity,7,0000000001000100100110000,"NOR-in(0,1)/NOR-in(1,1)/NOR-in(1,2)/NOR-in(2,1)/NOR-mid(1,0)|edges=0010000010010100000100000",82,1,-0.06089986395809724,0.0036928048780487804,30281,0.00602258595342302,246926,0.007202634497689488,590616,0.009008429092518457,1846728,0.015095302291753149,3094537,0.01656399959600001,1358248,0.017260048780487806,707662,0.018890609756097562,154903
5,toxicity,7,0000000001000100100110000,"NOR-in(0,1)/NOR-in(1,1)/NOR-in(1,2)/NOR-mid(2,1)/NOR-out(1,0)|edges=0010000010010100000100000",82,3,0.03257007121271846,0.023830121951219512,195407,0.028500954000093073,1168539,0.030586708809107747,2508110,0.03319968227903059,6805935,0.0396831801006519,8135052,0.04022908438465648,3298785,0.04014170731707317,1645810,0.039121829268292684,320799
5,toxicity,7,0000000001000100100110000,"NOR-in(0,1)/NOR-in(1,1)/NOR-mid(2,1)/NOR-out(1,0)/NOT-in(1,2)|edges=0000100100000100000001100",82,1,0.1178034554744207,0.03511219512195122,287920,0.02559741713145533,1049494,0.0219339035089709,1798580,0.017318297223057614,3550251,0.007749863339025723,1588722,0.005824743760372103,477629,0.0047175365853658535,193419,0.003184878048780488,26116
5,toxicity,7,0000000001000100100110000,"NOR-in(0,1)/NOR-mid(2,1)/NOR-out(1,0)/NOT-in(1,1)/NOT-in(1,2)|edges=0000100100000000100001010",82,1,0.08495160780600788,0.020243658536585364,165998,0.01836327008422147,752894,0.01734272035818148,1422103,0.015668472865005407,3212037,0.00881183406037235,1806426,0.00655559740108299,537559,0.005314536585365854,217896,0.0030503658536585364,25013
5,toxicity,7,0000000001000100100110000,"NOR-in(1,1)/NOR-in(1,2)/NOR-in(2,1)/NOR-mid(1,0)/NOT-in(0,1)|edges=0010010100000100000001000",82,2,0.04900921759743818,0.020923048780487806,171569,0.023130075427324433,948333,0.023502488951340925,1927204,0.023702970269210335,4859109,0.024797736343436717,5083536,0.02529156035874243,2073908,0.02641958536585366,1083203,0.029277439024390246,240075
5,toxicity,7,0000000001000100100110000,"NOR-in(1,1)/NOR-in(1,2)/NOR-mid(2,1)/NOR-out(1,0)/NOT-in(0,1)|edges=0010010100000100000001000",82,3,-0.0412532019377894,0.02972451219512195,243741,0.03338222276899734,1368671,0.034182391911336193,2802956,0.03487602858778481,7149586,0.0382720386510045,7845768,0.03915991367902649,3211113,0.0392,1607200,0.03915634146341464,321082
5,toxicity,7,0000000001000100100110000,"NOR-in(1,1)/NOR-mid(2,1)/NOR-out(1,0)/NOT-in(0,1)/NOT-in(1,2)|edges=0100000100000000000111000",82,1,0.060399579851984,0.01818939024390244,149153,0.017865952962531996,732504,0.01727772035501075,1416773,0.01582810700823206,3244762,0.007996975531736825,1639380,0.006344451064769486,520245,0.005574390243902439,228550,0.004823170731707317,39550
5,toxicity,7,0000000001000101000010000,"NOR-in(0,1)/NOR-in(0,1)/NOR-in(1,1)/NOR-in(1,1)/NOR-mid(2,0)|edges=0010000010000010000100000",82,2,-0.1523516460345535,0.012919634146341464,105941,0.015802099102643814,647886,0.01733440328460504,1421421,0.020035770340765455,4107333,0.029531077760672413,6053871,0.0318414382477698,2610998,0.03289868292682927,1348846,0.034012439024390245,278902
5,toxicity,7,0000000001000101000010000,"NOR-in(0,1)/NOR-in(0,1)/NOR-in(1,1)/NOR-mid(2,0)/NOT-in(1,1)|edges=0000100100000100000000010",82,1,-0.041464258019743315,0.009167560975609756,75174,0.010640513233220803,436261,0.01139085421418801,934050,0.01211594610505471,2483769,0.011704560861418918,2399435,0.010795158273288823,885203,0.009971341463414635,408825,0.008460121951219512,69373
5,toxicity,7,0000000001000101000010000,"NOR-in(0,1)/NOR-in(0,1)/NOR-in(1,1)/NOR-mid(2,0)/NOT-in(1,1)|edges=0010000001000100000000010",82,2,0.18202160343268883,0.03408890243902439,279529,0.03326514958684386,1363871,0.03244752597305005,2660697,0.030372794529311326,6226423,0.017904799825319027,3670484,0.014289231358799235,1171717,0.01187539024390244,486891,0.007599512195121951,62316
5,toxicity,7,0000000001000101000010000,"NOR-in(0,1)/NOR-in(0,1)/NOR-mid(1,1)/NOR-mid(1,1)/NOR-out(2,0)|edges=0010000010000010000100000",82,5,-0.10932868909680095,0.026378780487804877,216306,0.036788418223260316,1508325,0.041331770308866846,3389205,0.048172506377121824,9875364,0.0754863358489138,15474699,0.08442738818469785,6923046,0.08956604878048781,3672208,0.09677573170731707,793561
5,toxicity,7,0000000001000101000010000,"NOR-in(0,1)/NOR-in(1,1)/NOR-in(1,1)/NOR-mid(2,0)/NOT-in(0,1)|edges=0100000010000100000000100",82,1,-0.007986667496509404,0.011014390243902439,90318,0.012102025570929324,496183,0.01211865912773947,993730,0.012110824153935138,2482719,0.012321351099303891,2525877,0.011879414344404529,974112,0.011122756097560976,456033,0.009651341463414634,79141
5,toxicity,7,0000000001000101000010000,"NOR-in(0,1)/NOR-in(1,1)/NOR-mid(2,0)/NOT-in(0,1)/NOT-in(1,1)|edges=0100000100000000000100100",82,1,0.004004876951385435,0.007560487804878049,61996,0.0097788302223249,400932,0.010437500509146366,855875,0.010961194908074246,2247045,0.013831585230911363,2835475,0.015067511827621663,1235536,0.015709,644069,0.017659634146341464,144809
5,toxicity,7,0000000001000101000010000,"NOR-in(0,1)/NOR-mid(1,1)/NOR-mid(1,1)/NOR-out(2,0)/NOT-in(0,1)|edges=0010000010000100000001000",82,4,-0.0364156050906507,0.04360439024390244,357556,0.0459921752187488,1885679,0.047122929127947764,3864080,0.04825967710712825,9893234,0.04991595073252731,10232770,0.04897369392747088,4015843,0.048019463414634145,1968798,0.04542134146341464,372455
5,toxicity,7,0000000001000101000010000,"NOR-in(0,1)/NOR-mid(1,1)/NOR-mid(1,1)/NOR-out(2,0)/NOT-in(0,1)|edges=0100000010000100000000100",82,1,-0.1264784921097023,0.0053826829268292685,44138,0.007377122670938797,302462,0.008221256498597878,674143,0.009464926644586797,1940310,0.01542902911776557,3162951,0.01767971908098246,1449737,0.019345731707317074,793175,0.022515121951219512,184624
5,toxicity,7,0000000001000101000010000,"NOR-in(0,1)/NOR-mid(1,1)/NOR-out(2,0)/NOT-in(0,1)/NOT-mid(1,1)|edges=0000100100000000100000100",82,2,0.22828428199457257,0.04186109756097561,343261,0.036881515793318616,1512142,0.0344865870481262,2827900,0.03102934085796408,6361015,0.018017677872998263,3693624,0.014539743547811132,1192259,0.012740341463414634,522354,0.010145,83189
5,toxicity,7,0000000001000101000010000,"NOR-in(1,1)/NOR-in(1,1)/NOR-mid(2,0)/NOT-in(0,1)/NOT-in(0,1)|edges=0010000100000000100010000",82,1,-0.15538254182884143,0.002475609756097561,20300,0.004447902872966134,182364,0.0054782563647929935,449217,0.007192873030382965,1474539,0.017709629095515815,3630474,0.022140072630729937,1815486,0.025255243902439023,1035465,0.03272963414634146,268383
5,toxicity,7,0000000001000101000010000,"NOR-in(1,1)/NOR-in(1,1)/NOR-mid(2,0)/NOT-in(0,1)/NOT-in(0,1)|edges=0010000100000001000001000",82,2,-0.2012969787366307,0.015708536585365855,128810,0.01903300185687823,780353,0.020179354642895348,1654707,0.021688736162171002,4446191,0.026435394864044927,5419256,0.02746875542759133,2252438,0.028016439024390244,1148674,0.027903536585365853,228809
5,toxicity,7,0000000001000101000010010,"NOR-in(0,1)/NOR-in(0,1)/NOR-in(1,2)/NOR-mid(2,1)/NOR-out(2,0)|edges=0010000010000110000100000",82,1,-0.007986667496509404,0.011014390243902439,90318,0.012102025570929324,496183,0.01211865912773947,993730,0.012110824153935138,2482719,0.012321351099303891,2525877,0.011879414344404529,974112,0.011122756097560976,456033,0.009651341463414634,79141
5,toxicity,7,0000000001000101000010010,"NOR-in(0,1)/NOR-in(1,2)/NOR-in(2,1)/NOR-mid(2,0)/NOT-in(0,1)|edges=0100000110000100000000100",82,1,-0.04701464765239943,0.011764756097560976,96471,0.012066269469879948,494717,0.012021500586414663,985763,0.012097365617612378,2479960,0.012145887686381583,2489907,0.012065194827678176,989346,0.011889146341463415,487455,0.011314756097560975,92781
5,toxicity,7,0000000001000101000010010,"NOR-in(0,1)/NOR-in(1,2)/NOR-in(2,1)/NOR-out(2,0)/NOT-in(0,1)|edges=0100000110000100000000100",82,1,0.02554106473593585,0.007191219512195122,58968,0.009434927749749049,386832,0.010283122452835242,843216,0.011391590021627512,2335276,0.01258634134062106,2580200,0.012108353363210894,992885,0.011593756097560975,475344,0.009946097560975609,81558
5,toxicity,7,0000000001000101000010010,"NOR-in(0,1)/NOR-in(1,2)/NOR-mid(2,1)/NOR-out(2,0)/NOT-in(0,1)|edges=0010000110000100000001000",82,1,-0.007986667496509404,0.011014390243902439,90318,0.012102025570929324,496183,0.01211865912773947,993730,0.012110824153935138,2482719,0.012321351099303891,2525877,0.011879414344404529,974112,0.011122756097560976,456033,0.009651341463414634,79141
5,toxicity,7,0000000001000101000010010,"NOR-in(0,1)/NOR-in(1,2)/NOR-mid(2,1)/NOR-out(2,0)/NOT-in(0,1)|edges=0100000110000100000000100",82,2,-0.03366257447535713,0.021230243902439026,174088,0.022289343637984745,913863,0.02305889136872641,1890829,0.0238706678269138,4893487,0.02476367780718363,5076554,0.024177255507871816,1982535,0.023413170731707317,959940,0.020811341463414634,170653
5,toxicity,7,0000000001000101000010100,"NOR-in(0,1)/NOR-in(1,1)/NOR-in(1,1)/NOR-in(1,2)/NOR-mid(2,0)|edges=0001000100000010100100000",82,1,0.06931268248189826,0.008488536585365854,69606,0.01007480586095667,413067,0.010744939548533637,881085,0.011693248552326858,2397116,0.012888219386456396,2642085,0.012787633834447955,1048586,0.012545585365853658,514369,0.011140975609756097,91356
5,toxicity,7,0000000001000101000010100,"NOR-in(0,1)/NOR-in(1,1)/NOR-in(1,1)/NOR-mid(2,0)/NOT-in(1,2)|edges=0000100010010000000000110",82,1,0.16068306096909757,0.030006951219512194,246057,0.023327343739253048,956421,0.02072530588903931,1699475,0.017168370396714722,3519516,0.00819445845663943,1679864,0.006230219360238552,510878,0.005123341463414634,210057,0.0031868292682926827,26132
5,toxicity,7,0000000001000101000010100,"NOR-in(0,1)/NOR-in(1,1)/NOR-in(1,2)/NOR-in(2,0)/NOT-in(1,1)|edges=0010000001010100000000010",82,1,0.15373922140642823,0.01577878048780488,129386,0.01484568437518872,608673,0.014659683641935787,1202094,0.014238004600234057,2918791,0.010419629166637764,2136024,0.009022024170194532,739806,0.00782119512195122,320669,0.005079024390243903,41648
5,toxicity,7,0000000001000101000010100,"NOR-in(1,1)/NOR-in(1,1)/NOR-in(1,2)/NOR-mid(2,0)/NOT-in(0,1)|edges=0100000010100100000000100",82,1,-0.08252430589038534,0.005571707317073171,45688,0.007503732439388531,307653,0.008492329682552667,696371,0.009851136393148559,2019483,0.014147063276614016,2900148,0.01529280450505355,1254010,0.016008780487804877,656360,0.016588658536585366,136027
5,toxicity,7,0000000001000101000010100,"NOR-in(1,1)/NOR-in(1,1)/NOR-mid(2,0)/NOT-in(0,1)/NOT-in(1,2)|edges=0100000100000000000110100",82,1,0.09740165402055294,0.018952560975609756,155411,0.01796514809416079,736571,0.017324830113406346,1420636,0.016023307004423278,3284778,0.007873024313433908,1613970,0.005669438886111247,464894,0.004554243902439024,186724,0.0027014634146341463,22152
5,toxicity,7,0000000001000101000010100,"NOR-in(1,1)/NOR-in(1,2)/NOR-mid(1,1)/NOR-out(2,0)/NOT-in(0,1)|edges=0010010010000100000001000",82,2,0.09760392760508181,0.04216780487804878,345776,0.03772254026561368,1546624,0.03546877002286683,2908439,0.03158752133487763,6475442,0.01605791691650813,3291873,0.01099888997563683,901909,0.008558439024390244,350896,0.004425121951219513,36286
5,toxicity,7,0000000001000101000010110,"NOR-in(0,1)/NOR-in(1,1)/NOR-in(1,3)/NOR-in(2,1)/NOR-mid(2,0)|edges=0010000010010110000100000",82,1,0.03061700475186003,0.006104146341463414,50054,0.008315561786884076,340938,0.009417939483801926,772271,0.01055128272095058,2163013,0.013980668156286164,2866037,0.014613060619193643,1198271,0.015123414634146341,620060,0.015918048780487803,130528
5,toxicity,7,0000000001000110100010000,"NOR-in(0,2)/NOR-in(1,1)/NOR-in(1,1)/NOR-in(2,1)/NOT-mid(1,0)|edges=0101000100000100000100000",82,1,0.04445123173295338,0.013514878048780488,110822,0.014288757491586097,585839,0.01407512263781086,1154160,0.013491765590404574,2765812,0.010781809650909174,2210271,0.009772524151889655,801347,0.00891580487804878,365548,0.007513292682926829,61609
5,toxicity,7,0000000001000110100010000,"NOR-in(0,2)/NOR-in(1,1)/NOR-in(1,1)/NOR-mid(2,1)/NOR-out(1,0)|edges=0101000100000100000100000",82,3,0.013843236584511996,0.024935853658536584,204474,0.029735539486394097,1219157,0.03158769666281447,2590191,0.0341215651878719,6994921,0.03717557036901883,7620992,0.03599218204897117,2951359,0.03479434146341463,1426568,0.030592560975609757,250859
5,toxicity,7,0000000001000110100010000,"NOR-in(0,2)/NOR-in(1,1)/NOR-in(1,1)/NOR-mid(2,1)/NOT-out(1,0)|edges=0101000100000100000100000",82,1,0.06931268248189826,0.008488536585365854,69606,0.01007480586095667,413067,0.010744939548533637,881085,0.011693248552326858,2397116,0.012888219386456396,2642085,0.012787633834447955,1048586,0.012545585365853658,514369,0.011140975609756097,91356
5,toxicity,7,0000000001000110100010000,"NOR-in(0,2)/NOR-in(1,1)/NOR-in(2,1)/NOR-mid(1,0)/NOT-in(1,1)|edges=0110000001000100000000100",82,1,0.15373922140642823,0.01577878048780488,129386,0.01484568437518872,608673,0.014659683641935787,1202094,0.014238004600234057,2918791,0.010419629166637764,2136024,0.009022024170194532,739806,0.00782119512195122,320669,0.005079024390243903,41648
5,toxicity,7,0000000001000110100010000,"NOR-in(1,0)/NOR-in(1,1)/NOR-in(2,1)/NOT-in(0,2)/NOT-in(1,1)|edges=0000000001100000110000100",82,1,0.0024303792975167255,0.009036951219512195,74103,0.00991575706495191,406546,0.010484293194355766,859712,0.011217492464048927,2299586,0.012638751096207306,2590944,0.013192463092866754,1081782,0.013740243902439024,563350,0.014291463414634146,117190
5,toxicity,7,0000000001000110100010000,"NOR-in(1,1)/NOR-in(1,1)/NOR-in(2,1)/NOR-out(1,0)/NOT-in(0,2)|edges=0100000100000100000010100",82,1,0.03364199732482657,0.008230121951219513,67487,0.009860415596138107,404277,0.010534829782186818,863856,0.01129362904792919,2315194,0.013141560847399406,2694020,0.013172206995799829,1080121,0.012929341463414634,530103,0.011995487804878049,98363
5,toxicity,7,0000000001000111000000010,"NOR-in(0,1)/NOR-in(2,1)/NOR-mid(2,1)/NOR-out(1,0)/NOT-in(0,2)|edges=0100000100000100000001100",82,1,0.060399579851984,0.01818939024390244,149153,0.017865952962531996,732504,0.01727772035501075,1416773,0.01582810700823206,3244762,0.007996975531736825,1639380,0.006344451064769486,520245,0.005574390243902439,228550,0.004823170731707317,39550
5,toxicity,7,0000000001000111000000010,"NOR-in(0,2)/NOR-in(2,1)/NOR-mid(2,1)/NOR-out(1,0)/NOT-in(0,1)|edges=0110000100000100000001000",82,1,-0.04701464765239943,0.011764756097560976,96471,0.012066269469879948,494717,0.012021500586414663,985763,0.012097365617612378,2479960,0.012145887686381583,2489907,0.012065194827678176,989346,0.011889146341463415,487455,0.011314756097560975,92781
5,toxicity,7,0000000001000111000010000,"NOR-in(0,2)/NOR-in(2,1)/NOR-mid(1,1)/NOR-out(2,0)/NOT-in(0,1)|edges=0110000010000100000001000",82,1,0.08750848189900831,0.017071707317073172,139988,0.017538757808659298,719089,0.01703540327001967,1396903,0.015496838722012903,3176852,0.008216551139350721,1684393,0.005532670596764132,453679,0.004369024390243902,179130,0.0021959756097560974,18007
5,toxicity,7,0000000001000111000010010,"NOR-in(0,1)/NOR-in(0,2)/NOR-in(2,1)/NOR-in(2,2)/NOR-mid(2,0)|edges=0001000110000010010100000",82,1,0.07275968426473285,0.005961219512195122,48882,0.008119122743329049,332884,0.009147268738891158,750076,0.01055103394046763,2162962,0.013556624257984153,2779108,0.01355082893778466,1111168,0.013129146341463414,538295,0.011889024390243903,97490
5,toxicity,7,0000000001000111000010010,"NOR-in(0,1)/NOR-in(0,2)/NOR-in(2,2)/NOR-mid(2,1)/NOR-out(2,0)|edges=0010000110000110000100000",82,1,-0.04576808525584082,0.009068658536585367,74363,0.010629562012640197,435812,0.011221207864449164,920139,0.01176931196547684,2412709,0.012234473051370995,2508067,0.011593524107475021,950669,0.011129536585365854,456311,0.009758658536585366,80021
5,toxicity,7,0000000001000111000010010,"NOR-in(0,2)/NOR-in(2,2)/NOR-mid(2,1)/NOR-out(2,0)/NOT-in(0,1)|edges=0110000110000100000001000",82,1,0.03364199732482657,0.008230121951219513,67487,0.009860415596138107,404277,0.010534829782186818,863856,0.01129362904792919,2315194,0.013141560847399406,2694020,0.013172206995799829,1080121,0.012929341463414634,530103,0.011995487804878049,98363
5,toxicity,7,0000000001000111100010000,"NOR-in(0,2)/NOR-in(1,1)/NOR-in(1,2)/NOR-mid(2,1)/NOR-out(2,0)|edges=0011000010010010000100000",82,1,0.08750848189900831,0.017071707317073172,139988,0.017538757808659298,719089,0.01703540327001967,1396903,0.015496838722012903,3176852,0.008216551139350721,1684393,0.005532670596764132,453679,0.004369024390243902,179130,0.0021959756097560974,18007
5,toxicity,7,0000000001000111100010000,"NOR-in(1,1)/NOR-in(1,2)/NOR-mid(2,1)/NOR-out(2,0)/NOT-in(0,2)|edges=0010010010000100000001100",82,1,0.09740165402055294,0.018952560975609756,155411,0.01796514809416079,736571,0.017324830113406346,1420636,0.016023307004423278,3284778,0.007873024313433908,1613970,0.005669438886111247,464894,0.004554243902439024,186724,0.0027014634146341463,22152
5,toxicity,7,0000000001010000110010000,"NOR-in(0,2)/NOR-in(1,1)/NOR-in(2,1)/NOR-mid(1,0)/NOT-in(1,1)|edges=0110000100000010000000010",82,2,0.2059974172103996,0.03909109756097561,320547,0.03635049135126745,1490370,0.03506573341784065,2875390,0.03202592132632349,6565314,0.016139536427906963,3308605,0.011002633877984539,902216,0.008409926829268293,344807,0.004911219512195122,40272
5,toxicity,7,0000000001010000110010000,"NOR-in(0,2)/NOR-in(1,1)/NOR-in(2,1)/NOR-mid(1,1)/NOR-out(1,0)|edges=0110000100000100000100000",82,3,-0.0358547743644741,0.019901341463414633,163191,0.025721612265523146,1054586,0.028360769676135107,2325583,0.03176083352661788,6510971,0.040940887405454755,8392882,0.04321357211674214,3543513,0.044944853658536586,1842739,0.04982146341463415,408536
5,toxicity,7,0000000001010000110010000,"NOR-in(0,2)/NOR-in(1,1)/NOR-in(2,1)/NOT-in(1,1)/NOT-mid(1,0)|edges=0110000100000100000100000",82,1,0.0868636259130029,0.014845487804878049,121733,0.01493978194534458,612531,0.014796683648618714,1213328,0.014060311920774402,2882364,0.01042634136169423,2137400,0.009040572950229928,741327,0.007713365853658537,316248,0.00496829268292683,40740
5,toxicity,7,0000000001010000110010000,"NOR-in(0,2)/NOR-in(2,1)/NOR-mid(1,1)/NOR-out(1,0)/NOT-in(1,1)|edges=0100100100000100000001000",82,1,0.2659953625192862,0.02250329268292683,184527,0.018214977386827064,746814,0.016607208127180886,1361791,0.014663311909008547,3005979,0.010079487706541584,2066295,0.00930036562682035,762630,0.008912634146341464,365418,0.007991951219512195,65534
5,toxicity,7,0000000001010000110010000,"NOR-in(1,1)/NOR-in(1,1)/NOR-in(2,1)/NOT-in(0,2)/NOT-mid(1,0)|edges=0000100100100000110000000",82,1,-0.019851752420536127,0.017298536585365853,141848,0.017767026123612306,728448,0.01686452521290367,1382891,0.015056946047669346,3086674,0.009449068200496895,1937059,0.007862963222854555,644763,0.0066089024390243905,270965,0.004359268292682927,35746
5,toxicity,7,0000000001010000110010000,"NOR-in(1,1)/NOR-in(1,1)/NOR-in(2,1)/NOT-in(0,2)/NOT-mid(1,0)|edges=0010000001010001010000000",82,1,0.03759717252284763,0.01566426829268293,128447,0.015075513665903772,618096,0.014691415350800749,1204696,0.013936589971968977,2857001,0.010211053558916551,2093266,0.008663646130154972,710419,0.007480365853658536,306695,0.005231341463414634,42897
5,toxicity,7,0000000001010000110010000,"NOR-in(1,1)/NOR-in(2,1)/NOR-mid(1,0)/NOT-in(0,2)/NOT-in(1,1)|edges=0010010000000000100101000",82,1,0.06439988521484043,0.02509609756097561,205788,0.020183782456954385,827535,0.01843336675284716,1511536,0.01609068261286473,3298590,0.007841365777157407,1607480,0.005466219378872698,448230,0.004189414634146341,171766,0.002229146341463415,18279
5,toxicity,7,0000000001010000110010000,"NOR-in(1,1)/NOR-in(2,1)/NOR-out(1,0)/NOT-in(0,2)/NOT-mid(1,1)|edges=0100000001000001100000100",82,1,-0.2861238653210441,0.008810121951219512,72243,0.011133171817870421,456460,0.011663268861622871,956388,0.011873248548814663,2434016,0.01269199987617561,2601860,0.012998048463462232,1065840,0.013084219512195122,536453,0.01259719512195122,103297
5,toxicity,7,0000000001010000110110000,"NOR-in(0,3)/NOR-in(1,1)/NOR-in(2,1)/NOR-mid(2,1)/NOR-out(1,0)|edges=0111000100000100000100000",82,1,0.03061700475186003,0.006104146341463414,50054,0.008315561786884076,340938,0.009417939483801926,772271,0.01055128272095058,2163013,0.013980668156286164,2866037,0.014613060619193643,1198271,0.015123414634146341,620060,0.015918048780487803,130528
5,toxicity,7,0000000001010001000010000,"NOR-in(0,1)/NOR-in(0,1)/NOR-in(1,1)/NOR-in(1,1)/NOR-mid(2,0)|edges=0000100100000100000100000",82,1,-0.1600718475272751,0.0035096341463414634,28779,0.005459707849727595,223848,0.006500866170773959,533071,0.008441990079180681,1730608,0.016675287642192317,3418434,0.019619938545855156,1608835,0.021382048780487804,876664,0.02401182926829268,196897
5,toxicity,7,0000000001010001000010000,"NOR-in(0,1)/NOR-in(0,1)/NOR-in(1,1)/NOR-mid(1,1)/NOR-out(2,0)|edges=0010000001000100000100000",82,1,-0.05428578457402789,0.00941,77162,0.01034239125291622,424038,0.010833537113831079,888350,0.011593780261584776,2376725,0.012855790118480096,2635437,0.012221499701914641,1002163,0.011516634146341463,472182,0.01000060975609756,82005
5,toxicity,7,0000000001010001000010000,"NOR-in(0,1)/NOR-in(0,1)/NOR-in(1,1)/NOR-mid(2,0)/NOT-in(1,1)|edges=0010000010000010000000010",82,1,-0.041464258019743315,0.009167560975609756,75174,0.010640513233220803,436261,0.01139085421418801,934050,0.01211594610505471,2483769,0.011704560861418918,2399435,0.010795158273288823,885203,0.009971341463414635,408825,0.008460121951219512,69373
5,toxicity,7,0000000001010001000010000,"NOR-in(0,1)/NOR-in(0,1)/NOR-in(1,1)/NOR-out(2,0)/NOT-mid(1,1)|edges=0001000100000010000000010",82,1,0.14389312462627155,0.008003414634146342,65628,0.010266025391807355,420907,0.011202024936684143,918566,0.012225409517552984,2506209,0.011222819402704202,2300678,0.009874463173793582,809706,0.009024341463414635,369998,0.007796829268292683,63934
5,toxicity,7,0000000001010001000010000,"NOR-in(0,1)/NOR-in(0,1)/NOR-mid(1,1)/NOR-out(2,0)/NOT-in(1,1)|edges=0001000001000100000000100",82,3,0.19990367271052348,0.054332560975609755,445527,0.05162841967106534,2116765,0.04979024633123153,4082800,0.046041267394316736,9438460,0.026716633885691378,5476910,0.020844828759882226,1709276,0.017189926829268294,704787,0.010649878048780488,87329
5,toxicity,7,0000000001010001000010000,"NOR-in(0,1)/NOR-in(0,1)/NOR-mid(2,0)/NOT-in(1,1)/NOT-in(1,1)|edges=0010000001000000010000010",82,1,0.09740165402055294,0.018952560975609756,155411,0.01796514809416079,736571,0.017324830113406346,1420636,0.016023307004423278,3284778,0.007873024313433908,1613970,0.005669438886111247,464894,0.004554243902439024,186724,0.0027014634146341463,22152
5,toxicity,7,0000000001010001000010000,"NOR-in(0,1)/NOR-in(1,1)/NOR-in(1,1)/NOR-mid(2,0)/NOT-in(0,1)|edges=0001000010010000000000100",82,1,-0.11754337990935272,0.008083414634146342,66284,0.00983019608099474,403038,0.010572341979138634,866932,0.011463077825110676,2349931,0.012173897442205879,2495649,0.011851292393870918,971806,0.011303878048780488,463459,0.009621463414634147,78896
5,toxicity,7,0000000001010001000010000,"NOR-in(0,1)/NOR-in(1,1)/NOR-in(1,1)/NOR-mid(2,0)/NOT-in(0,1)|edges=0001000100000100000001000",82,1,-0.05428578457402789,0.00941,77162,0.01034239125291622,424038,0.010833537113831079,888350,0.011593780261584776,2376725,0.012855790118480096,2635437,0.012221499701914641,1002163,0.011516634146341463,472182,0.01000060975609756,82005
5,toxicity,7,0000000001010001000010000,"NOR-in(0,1)/NOR-in(1,1)/NOR-in(1,1)/NOR-mid(2,0)/NOT-in(0,1)|edges=0010000010010000000000010",82,1,-0.005759945275959343,0.012062682926829268,98914,0.011648830404763942,477602,0.011668037154538399,956779,0.011754721721859089,2409718,0.013059116945764712,2677119,0.013382097234582994,1097332,0.013441829268292682,551115,0.012351219512195121,101280
5,toxicity,7,0000000001010001000010000,"NOR-in(0,1)/NOR-in(1,1)/NOR-in(1,1)/NOR-mid(2,0)/NOT-in(0,1)|edges=0100000100000100000000010",82,3,-0.011131789525094995,0.029085243902439023,238499,0.0345270521489807,1415609,0.03651940422045874,2994591,0.03762341390003095,7712800,0.03480054600194589,7134112,0.03275335285967432,2685775,0.03131458536585366,1283898,0.029969146341463415,245747
5,toxicity,7,0000000001010001000010000,"NOR-in(0,1)/NOR-in(1,1)/NOR-mid(0,1)/NOR-mid(1,1)/NOR-out(2,0)|edges=0100000010000010000100000",82,11,0.00512867562673767,0.06811646341463415,558555,0.08912283796320371,3654036,0.09840221211718107,8068981,0.1118117246475761,22921404,0.15692010090809658,32168621,0.16867928856879785,13831702,0.17581804878048782,7208540,0.18251926829268292,1496658
5,toxicity,7,0000000001010001000010000,"NOR-in(0,1)/NOR-in(1,1)/NOR-mid(0,1)/NOR-out(2,0)/NOT-mid(1,1)|edges=0100000001000100000000010",82,1,0.04966654308771388,0.01512719512195122,124043,0.01463873313548616,600188,0.01411190312740991,1157176,0.013549692418542586,2777687,0.011142541354706914,2284221,0.010427792428590429,855079,0.009964658536585366,408551,0.009083170731707318,74482
5,toxicity,7,0000000001010001000010000,"NOR-in(0,1)/NOR-in(1,1)/NOR-mid(1,1)/NOR-out(2,0)/NOT-mid(0,1)|edges=0100000100000100000000010",82,2,0.11995222027495928,0.03613390243902439,296298,0.031704393337013984,1299880,0.030108074639418274,2468862,0.02753519458467913,5644715,0.022309380270152387,4573423,0.020296170236678776,1664286,0.01855351219512195,760694,0.014540975609756097,119236
5,toxicity,7,0000000001010001000010000,"NOR-in(0,1)/NOR-in(1,1)/NOR-mid(2,0)/NOT-in(0,1)/NOT-in(1,1)|edges=0010000001000000100000100",82,1,0.16068306096909757,0.030006951219512194,246057,0.023327343739253048,956421,0.02072530588903931,1699475,0.017168370396714722,3519516,0.00819445845663943,1679864,0.006230219360238552,510878,0.005123341463414634,210057,0.0031868292682926827,26132
5,toxicity,7,0000000001010001000010000,"NOR-in(0,1)/NOR-mid(1,1)/NOR-out(2,0)/NOT-in(1,1)/NOT-mid(0,1)|edges=0001000100000000100000100",82,1,0.27163566356902835,0.02673390243902439,219218,0.022242782657832454,911954,0.02037468392071629,1670724,0.017479648439421493,3583328,0.006875136518291351,1409403,0.0041119511192207045,337180,0.002775682926829268,113803,0.001061829268292683,8707
5,toxicity,7,0000000001010001000010000,"NOR-in(1,1)/NOR-in(1,1)/NOR-in(2,0)/NOT-in(0,1)/NOT-in(0,1)|edges=0100000100000001000000100",82,1,-0.08252430589038534,0.005571707317073171,45688,0.007503732439388531,307653,0.008492329682552667,696371,0.009851136393148559,2019483,0.014147063276614016,2900148,0.01529280450505355,1254010,0.016008780487804877,656360,0.016588658536585366,136027
5,toxicity,7,0000000001010001000010000,"NOR-in(1,1)/NOR-in(1,1)/NOR-mid(2,0)/NOT-in(0,1)/NOT-in(0,1)|edges=0100000100000001000000100",82,1,-0.1688270670486912,0.004627926829268293,37949,0.007323220226655632,300252,0.00852684187935814,699201,0.01006303394998958,2062922,0.013408029137482642,2748646,0.014372694771397689,1178561,0.01504641463414634,616903,0.016466951219512194,135029
5,toxicity,7,0000000001010001000010000,"NOR-in(1,1)/NOR-mid(0,1)/NOR-mid(1,1)/NOR-out(2,0)/NOT-in(0,1)|edges=0010000010000100000010000",82,6,-0.12536584687765134,0.06642731707317073,544704,0.069064104298937,2831628,0.06955433266118696,5703455,0.07023093521500615,14397342,0.07562939438410347,15504026,0.07653477862110296,6275852,0.07749778048780488,3177409,0.07735353658536585,634299
5,toxicity,7,0000000001010001000010000,"NOR-in(1,1)/NOR-mid(0,1)/NOR-out(2,0)/NOT-in(0,1)/NOT-mid(1,1)|edges=0000100100000001000000100",82,1,-0.2302196895706523,0.005958780487804878,48862,0.008532244734853145,349822,0.009242171182544936,757858,0.010098731510268653,2070240,0.013644746208343939,2797173,0.014870109393411966,1219349,0.01585339024390244,649989,0.017805121951219513,146002
5,toxicity,7,0000000001010001000010000,"NOR-in(1,1)/NOR-mid(1,1)/NOR-out(2,0)/NOT-in(0,1)/NOT-mid(0,1)|edges=0100000100000001000000100",82,1,-0.20061871210743132,0.010136829268292683,83122,0.011529269417489699,472700,0.011687024960342681,958336,0.011837599769022444,2426708,0.01228833158743091,2519108,0.012175950922537782,998428,0.012007658536585366,492314,0.011314878048780487,92782
5,toxicity,7,0000000001010001000010000,"NOR-in(1,1)/NOR-out(2,0)/NOT-in(0,1)/NOT-mid(0,1)/NOT-mid(1,1)|edges=0000100000100000100001000",82,1,-0.18306452958982158,0.014534268292682926,119181,0.014174123334060812,581139,0.013419098215565767,1100366,0.012891892431377708,2642838,0.011175316964143249,2290940,0.010945243635481862,897510,0.010942365853658537,448637,0.010968658536585366,89943
5,toxicity,7,0000000001010001000010000,"NOR-mid(0,1)/NOR-mid(1,1)/NOR-out(2,0)/NOT-in(0,1)/NOT-in(1,1)|edges=0010000100000000000101000",82,1,0.0007768495362004036,0.025817317073170733,211702,0.021202709385630184,869311,0.019178452155046447,1572633,0.016436355776851593,3369453,0.008026253580231672,1645382,0.00539691450251428,442547,0.004021414634146341,164878,0.002070731707317073,16980
5,toxicity,7,0000000001010001000010010,"NOR-in(0,1)/NOR-in(1,1)/NOR-in(1,1)/NOR-in(1,2)/NOR-mid(2,0)|edges=0100000010000010010100000",82,1,0.07275968426473285,0.005961219512195122,48882,0.008119122743329049,332884,0.009147268738891158,750076,0.01055103394046763,2162962,0.013556624257984153,2779108,0.01355082893778466,1111168,0.013129146341463414,538295,0.011889024390243903,97490
5,toxicity,7,0000000001010001000010010,"NOR-in(0,1)/NOR-in(1,1)/NOR-in(1,2)/NOR-mid(1,1)/NOR-out(2,0)|edges=0100000100000110000100000",82,5,-0.004765815077517562,0.040294878048780486,330418,0.046156102064009955,1892400,0.04907714873547067,4024326,0.05351870627280573,10971335,0.06913727249622173,14173141,0.07280982749244323,5970406,0.0744369512195122,3051915,0.07805743902439025,640071
5,toxicity,7,0000000001010001000010010,"NOR-in(0,1)/NOR-in(1,1)/NOR-in(1,2)/NOR-mid(2,0)/NOT-in(1,1)|edges=0000100010010100000000100",82,1,0.035345186414782265,0.007607926829268293,62385,0.009445342384911452,387259,0.010254110256298061,840837,0.011218990024995316,2299893,0.013122155969539941,2690042,0.013363121625289716,1095776,0.01320490243902439,541401,0.012267682926829268,100595
5,toxicity,7,0000000001010001000010010,"NOR-in(0,1)/NOR-in(1,1)/NOR-mid(2,0)/NOT-in(1,1)/NOT-in(1,2)|edges=0001000100000000000101100",82,1,0.060399579851984,0.01818939024390244,149153,0.017865952962531996,732504,0.01727772035501075,1416773,0.01582810700823206,3244762,0.007996975531736825,1639380,0.006344451064769486,520245,0.005574390243902439,228550,0.004823170731707317,39550
5,toxicity,7,0000000001010001000010010,"NOR-in(0,1)/NOR-in(1,1)/NOR-mid(2,0)/NOT-in(1,1)/NOT-in(1,2)|edges=0100000001000000010000110",82,1,0.08495160780600788,0.020243658536585364,165998,0.01836327008422147,752894,0.01734272035818148,1422103,0.015668472865005407,3212037,0.00881183406037235,1806426,0.00655559740108299,537559,0.005314536585365854,217896,0.0030503658536585364,25013
5,toxicity,7,0000000001010001000010010,"NOR-in(1,1)/NOR-in(1,1)/NOR-mid(2,0)/NOT-in(0,1)/NOT-in(1,2)|edges=0000100100000001000001100",82,1,0.1178034554744207,0.03511219512195122,287920,0.02559741713145533,1049494,0.0219339035089709,1798580,0.017318297223057614,3550251,0.007749863339025723,1588722,0.005824743760372103,477629,0.0047175365853658535,193419,0.003184878048780488,26116
5,toxicity,7,0000000001010001000010010,"NOR-in(1,1)/NOR-in(1,2)/NOR-mid(1,1)/NOR-out(2,0)/NOT-in(0,1)|edges=0100000110000100000010000",82,1,-0.04576808525584082,0.009068658536585367,74363,0.010629562012640197,435812,0.011221207864449164,920139,0.01176931196547684,2412709,0.012234473051370995,2508067,0.011593524107475021,950669,0.011129536585365854,456311,0.009758658536585366,80021
5,toxicity,7,0000000001010001000010010,"NOR-in(1,2)/NOR-out(2,0)/NOT-in(0,1)/NOT-in(1,1)/NOT-mid(1,1)|edges=0100100000000101000001000",82,1,0.2040424290507555,0.05752390243902439,471696,0.0354714180947725,1454328,0.02825809893941946,2317164,0.019889838636295832,4077417,0.005796082870282118,1188197,0.0036579267400505674,299950,0.002708219512195122,111037,0.0012529268292682926,10274
5,toxicity,7,0000000001010001000110000,"NOR-in(0,1)/NOR-in(0,2)/NOR-in(1,1)/NOR-mid(2,1)/NOR-out(2,0)|edges=0010000011000100000100000",82,1,-0.007986667496509404,0.011014390243902439,90318,0.012102025570929324,496183,0.01211865912773947,993730,0.012110824153935138,2482719,0.012321351099303891,2525877,0.011879414344404529,974112,0.011122756097560976,456033,0.009651341463414634,79141
5,toxicity,7,0000000001010001000110000,"NOR-in(0,1)/NOR-in(0,2)/NOR-mid(2,1)/NOR-out(2,0)/NOT-in(1,1)|edges=0000100110000100000000100",82,2,0.08451192126610299,0.03917451219512195,321231,0.03396785697247385,1392682,0.03211616010322732,2633525,0.029284316501769433,6003285,0.019899019318058347,4079299,0.017025377633527374,1396081,0.015094682926829268,618882,0.011646951219512196,95505
5,toxicity,7,0000000001010001000110000,"NOR-in(0,2)/NOR-in(1,1)/NOR-in(2,1)/NOR-mid(2,0)/NOT-in(0,1)|edges=0011000100000100000001000",82,1,-0.04576808525584082,0.009068658536585367,74363,0.010629562012640197,435812,0.011221207864449164,920139,0.01176931196547684,2412709,0.012234473051370995,2508067,0.011593524107475021,950669,0.011129536585365854,456311,0.009758658536585366,80021
5,toxicity,7,0000000001010001010010000,"NOR-in(0,2)/NOR-in(1,1)/NOR-in(1,1)/NOR-mid(2,0)/NOT-in(1,1)|edges=0101000100000010000000010",82,1,0.09208387396430695,0.01198548780487805,98281,0.013286903735307682,544763,0.013546768953500925,1110835,0.013599609490739326,2787920,0.010214463314980845,2093965,0.008653621740155567,709597,0.007404780487804878,303596,0.004953780487804878,40621
5,toxicity,7,0000000001010001010010000,"NOR-in(0,2)/NOR-in(1,1)/NOR-mid(2,0)/NOT-in(1,1)/NOT-in(1,1)|edges=0011000001000000100000100",82,1,0.16386740150055806,0.02210341463414634,181248,0.01997824585153618,819108,0.018900757019549123,1549862,0.016773185038572,3438503,0.0076903365103381804,1576519,0.005635609618643668,462120,0.004470609756097561,183295,0.002645731707317073,21695
5,toxicity,7,0000000001010001100010000,"NOR-in(0,2)/NOR-in(1,1)/NOR-in(2,1)/NOR-mid(2,0)/NOT-in(0,1)|edges=0011000010010000000000100",82,2,0.11987374679352933,0.029244634146341462,239806,0.030335637105915816,1243761,0.029847647797446236,2447507,0.02837567749510873,5817014,0.01865871689113447,3825037,0.01412369477747086,1158143,0.011560829268292683,473994,0.006253780487804878,51281
5,toxicity,7,0000000001010001100010000,"NOR-in(0,2)/NOR-in(2,1)/NOR-mid(1,1)/NOR-out(2,0)/NOT-in(0,1)|edges=0101000100000100000001000",82,1,0.06439988521484043,0.02509609756097561,205788,0.020183782456954385,827535,0.01843336675284716,1511536,0.01609068261286473,3298590,0.007841365777157407,1607480,0.005466219378872698,448230,0.004189414634146341,171766,0.002229146341463415,18279
5,toxicity,7,0000000001010001100110000,"NOR-in(0,1)/NOR-in(0,3)/NOR-in(2,1)/NOR-in(2,1)/NOR-mid(2,0)|edges=0010000111000100000100000",82,1,0.03061700475186003,0.006104146341463414,50054,0.008315561786884076,340938,0.009417939483801926,772271,0.01055128272095058,2163013,0.013980668156286164,2866037,0.014613060619193643,1198271,0.015123414634146341,620060,0.015918048780487803,130528
5,toxicity,7,0000000001010001110010000,"NOR-in(0,3)/NOR-in(1,1)/NOR-in(2,1)/NOR-mid(1,1)/NOR-out(2,0)|edges=0110100100000100000100000",82,1,0.08750848189900831,0.017071707317073172,139988,0.017538757808659298,719089,0.01703540327001967,1396903,0.015496838722012903,3176852,0.008216551139350721,1684393,0.005532670596764132,453679,0.004369024390243902,179130,0.0021959756097560974,18007
5,toxicity,7,0000000001010010110010000,"NOR-in(0,2)/NOR-in(1,2)/NOR-in(2,1)/NOR-in(2,1)/NOR-mid(1,0)|edges=0110000110000100000100000",82,1,0.01841817959744126,0.01235719512195122,101329,0.014107708693434995,578416,0.014691049497124365,1204666,0.014546272886901992,2981986,0.00926439990961561,1899202,0.006890682758763835,565036,0.005634243902439024,231004,0.003849390243902439,31565
5,toxicity,7,0000000001010010110010000,"NOR-in(0,2)/NOR-in(1,2)/NOR-in(2,1)/NOR-mid(2,1)/NOR-out(1,0)|edges=0110000110000100000100000",82,2,0.01659632495203707,0.010427439024390243,85505,0.014580440446872239,597798,0.01662026910342776,1362862,0.019655341079895784,4029345,0.028597209477100396,5862428,0.0304269382822698,2495009,0.031286268292682926,1282737,0.03194926829268293,261984
5,toxicity,7,0000000001010011000010000,"NOR-in(0,1)/NOR-in(1,1)/NOR-in(2,0)/NOR-in(2,1)/NOT-in(0,2)|edges=0010000010000000010001010",82,1,-0.019851752420536127,0.017298536585365853,141848,0.017767026123612306,728448,0.01686452521290367,1382891,0.015056946047669346,3086674,0.009449068200496895,1937059,0.007862963222854555,644763,0.0066089024390243905,270965,0.004359268292682927,35746
5,toxicity,7,0000000001010011000010000,"NOR-in(0,1)/NOR-mid(2,1)/NOR-out(2,0)/NOT-in(0,2)/NOT-in(1,1)|edges=0010000100000000100101000",82,1,0.08495160780600788,0.020243658536585364,165998,0.01836327008422147,752894,0.01734272035818148,1422103,0.015668472865005407,3212037,0.00881183406037235,1806426,0.00655559740108299,537559,0.005314536585365854,217896,0.0030503658536585364,25013
5,toxicity,7,0000000001010011000010000,"NOR-in(0,2)/NOR-in(1,1)/NOR-mid(0,1)/NOR-mid(2,1)/NOR-out(2,0)|edges=0101000010000010000100000",82,3,-0.08885098647332351,0.025818048780487806,211708,0.029808149249575536,1222134,0.031208635668713933,2559108,0.03313510179248582,6792696,0.0399731605856277,8194498,0.041451389232892946,3399014,0.04181521951219512,1714424,0.042211463414634144,346134
5,toxicity,7,0000000001010011000010000,"NOR-in(2,0)/NOR-in(2,1)/NOT-in(0,1)/NOT-in(0,2)/NOT-in(1,1)|edges=0000010000100000100101000",82,1,0.06439988521484043,0.02509609756097561,205788,0.020183782456954385,827535,0.01843336675284716,1511536,0.01609068261286473,3298590,0.007841365777157407,1607480,0.005466219378872698,448230,0.004189414634146341,171766,0.002229146341463415,18279
5,toxicity,7,0000000001010011000010000,"NOR-in(2,1)/NOR-mid(0,1)/NOR-out(2,0)/NOT-in(0,2)/NOT-in(1,1)|edges=0010000100000001000110000",82,1,0.06439988521484043,0.02509609756097561,205788,0.020183782456954385,827535,0.01843336675284716,1511536,0.01609068261286473,3298590,0.007841365777157407,1607480,0.005466219378872698,448230,0.004189414634146341,171766,0.002229146341463415,18279
5,toxicity,7,0000000001010011010010000,"NOR-in(0,2)/NOR-in(1,1)/NOR-in(1,2)/NOR-in(2,1)/NOR-mid(2,0)|edges=0010100010010100000100000",82,1,0.08750848189900831,0.017071707317073172,139988,0.017538757808659298,719089,0.01703540327001967,1396903,0.015496838722012903,3176852,0.008216551139350721,1684393,0.005532670596764132,453679,0.004369024390243902,179130,0.0021959756097560974,18007
5,toxicity,7,0000000001010101000010000,"NOR-in(0,2)/NOR-in(1,1)/NOR-in(1,1)/NOR-in(1,1)/NOR-mid(2,0)|edges=0110000010000010000100000",82,2,-0.08426082818802287,0.012615853658536586,103450,0.015921733260656903,652791,0.017182830106479516,1408992,0.019251306941437913,3946518,0.030449746044392722,6242198,0.03485062110120436,2857751,0.03796248780487805,1556462,0.04721134146341464,387133
5,toxicity,7,0000000001010101000010000,"NOR-in(0,2)/NOR-in(1,1)/NOR-in(1,1)/NOR-mid(2,0)/NOT-in(1,1)|edges=0110000001000100000000010",82,1,-0.1688270670486912,0.004627926829268293,37949,0.007323220226655632,300252,0.00852684187935814,699201,0.01006303394998958,2062922,0.013408029137482642,2748646,0.014372694771397689,1178561,0.01504641463414634,616903,0.016466951219512194,135029
5,toxicity,7,0000000001010101000010000,"NOR-in(0,2)/NOR-in(1,1)/NOR-mid(1,1)/NOR-mid(1,1)/NOR-out(2,0)|edges=0110000010000010000100000",82,2,0.11262528505290517,0.011392073170731707,93415,0.015199367336523642,623174,0.017190354497090464,1409609,0.020122721558581042,4125158,0.029226770446568094,5991488,0.031113438265525897,2551302,0.031309829268292684,1283703,0.02909121951219512,238548
5,toxicity,7,0000000001010101000010000,"NOR-in(1,1)/NOR-in(1,1)/NOR-in(1,1)/NOR-mid(2,0)/NOT-in(0,2)|edges=0100000010000100000010100",82,1,-0.054095104670032035,0.00898890243902439,73709,0.010400708331776422,426429,0.010855659066129711,890164,0.011379155875528665,2332727,0.013004770604831507,2665978,0.013441719184348312,1102221,0.013904804878048781,570097,0.014400975609756098,118088
5,toxicity,7,0000000001010101000010010,"NOR-in(1,1)/NOR-in(1,2)/NOR-in(2,1)/NOR-mid(2,0)/NOT-in(0,2)|edges=0100000110000100000010100",82,1,0.03364199732482657,0.008230121951219513,67487,0.009860415596138107,404277,0.010534829782186818,863856,0.01129362904792919,2315194,0.013141560847399406,2694020,0.013172206995799829,1080121,0.012929341463414634,530103,0.011995487804878049,98363
5,toxicity,7,0000000001010101000010010,"NOR-in(1,1)/NOR-in(1,2)/NOR-mid(2,1)/NOR-out(2,0)/NOT-in(0,2)|edges=0100000110000100000010100",82,1,0.16068306096909757,0.030006951219512194,246057,0.023327343739253048,956421,0.02072530588903931,1699475,0.017168370396714722,3519516,0.00819445845663943,1679864,0.006230219360238552,510878,0.005123341463414634,210057,0.0031868292682926827,26132
5,toxicity,7,0000000001010101000110000,"NOR-in(0,2)/NOR-in(1,1)/NOR-in(1,2)/NOR-in(2,0)/NOR-in(2,1)|edges=0110000001000110000000010",82,2,0.07400394853214667,0.012065365853658536,98936,0.016434684530213125,673822,0.018565208222693082,1522347,0.02110231666141821,4325975,0.027537292414270317,5645145,0.028163889556978305,2309439,0.028252560975609756,1158355,0.027807073170731708,228018
5,toxicity,7,0000000001010101000110000,"NOR-in(1,1)/NOR-in(2,1)/NOR-mid(2,0)/NOT-in(0,2)/NOT-in(1,2)|edges=0100000100000001000101100",82,1,0.060399579851984,0.01818939024390244,149153,0.017865952962531996,732504,0.01727772035501075,1416773,0.01582810700823206,3244762,0.007996975531736825,1639380,0.006344451064769486,520245,0.005574390243902439,228550,0.004823170731707317,39550
5,toxicity,7,0000000001010111000010000,"NOR-in(1,1)/NOR-in(1,1)/NOR-in(2,0)/NOR-in(2,1)/NOT-in(0,3)|edges=0001000100000000010011010",82,1,0.03759717252284763,0.01566426829268293,128447,0.015075513665903772,618096,0.014691415350800749,1204696,0.013936589971968977,2857001,0.010211053558916551,2093266,0.008663646130154972,710419,0.007480365853658536,306695,0.005231341463414634,42897
5,toxicity,7,0000000001100001000000110,"NOR-in(0,1)/NOR-in(1,1)/NOR-in(1,1)/NOR-in(1,2)/NOR-in(2,0)|edges=0001000001000010110000000",82,1,-0.08945410941761155,0.010633780487804879,87197,0.012756879293354078,523032,0.013305464063681174,1091048,0.013507302175467275,2768997,0.010766448675449281,2207122,0.009597829034199291,787022,0.00870048780487805,356720,0.006943536585365854,56937
5,toxicity,7,0000000001100001000000110,"NOR-in(0,1)/NOR-in(1,1)/NOR-in(1,1)/NOR-in(1,2)/NOR-mid(2,0)|edges=0001000001000010110000000",82,1,0.054795555034001645,0.0044797560975609755,36734,0.0076442202579727085,313413,0.008980122389274262,736370,0.010656746133526905,2184633,0.013392316942513981,2745425,0.012771402127526777,1047255,0.011989414634146342,491566,0.009494512195121952,77855
5,toxicity,7,0000000001100001000000110,"NOR-in(0,1)/NOR-in(1,1)/NOR-in(1,2)/NOR-mid(2,0)/NOT-in(1,1)|edges=0010000010010010000000010",82,1,0.01841817959744126,0.01235719512195122,101329,0.014107708693434995,578416,0.014691049497124365,1204666,0.014546272886901992,2981986,0.00926439990961561,1899202,0.006890682758763835,565036,0.005634243902439024,231004,0.003849390243902439,31565
5,toxicity,7,0000000001100001000000110,"NOR-in(0,1)/NOR-in(1,1)/NOR-in(2,0)/NOT-in(1,1)/NOT-in(1,2)|edges=0000100100000000010001010",82,1,0.060399579851984,0.01818939024390244,149153,0.017865952962531996,732504,0.01727772035501075,1416773,0.01582810700823206,3244762,0.007996975531736825,1639380,0.006344451064769486,520245,0.005574390243902439,228550,0.004823170731707317,39550
5,toxicity,7,0000000001100001000000110,"NOR-in(0,1)/NOR-in(1,2)/NOR-mid(1,1)/NOR-mid(1,1)/NOR-out(2,0)|edges=0100000110000010000100000",82,2,-0.1873790330026626,0.005070609756097561,41579,0.009309220420411749,381678,0.01169629325347772,959096,0.015585726525156555,3195074,0.03430166795803251,7031842,0.042713255055774266,3502487,0.04947819512195122,2028606,0.06806317073170731,558118
5,toxicity,7,0000000001100001000000110,"NOR-in(1,1)/NOR-mid(1,1)/NOR-out(2,0)/NOT-in(0,1)/NOT-in(1,2)|edges=0010000100000000000111000",82,1,0.09740165402055294,0.018952560975609756,155411,0.01796514809416079,736571,0.017324830113406346,1420636,0.016023307004423278,3284778,0.007873024313433908,1613970,0.005669438886111247,464894,0.004554243902439024,186724,0.0027014634146341463,22152
5,toxicity,7,0000000001100001010000110,"NOR-in(0,1)/NOR-in(1,2)/NOR-in(1,2)/NOR-in(2,1)/NOR-mid(2,0)|edges=0100000110000110000100000",82,2,0.01659632495203707,0.010427439024390243,85505,0.014580440446872239,597798,0.01662026910342776,1362862,0.019655341079895784,4029345,0.028597209477100396,5862428,0.0304269382822698,2495009,0.031286268292682926,1282737,0.03194926829268293,261984
5,toxicity,7,0000000001100001010000110,"NOR-in(0,1)/NOR-in(1,2)/NOR-in(1,2)/NOR-mid(2,1)/NOR-out(2,0)|edges=0100000110000110000100000",82,1,0.03364199732482657,0.008230121951219513,67487,0.009860415596138107,404277,0.010534829782186818,863856,0.01129362904792919,2315194,0.013141560847399406,2694020,0.013172206995799829,1080121,0.012929341463414634,530103,0.011995487804878049,98363
5,toxicity,7,0000000011000111000010000,"NOR-in(0,2)/NOR-in(0,2)/NOR-in(2,1)/NOR-in(2,1)/NOR-mid(2,0)|edges=0011000110000010000100000",82,1,0.054795555034001645,0.0044797560975609755,36734,0.0076442202579727085,313413,0.008980122389274262,736370,0.010656746133526905,2184633,0.013392316942513981,2745425,0.012771402127526777,1047255,0.011989414634146342,491566,0.009494512195121952,77855
5,toxicity,7,0000000011010011000010000,"NOR-in(0,2)/NOR-in(1,2)/NOR-in(2,1)/NOR-mid(2,0)/NOT-in(1,1)|edges=0110000101000100000000010",82,1,0.01841817959744126,0.01235719512195122,101329,0.014107708693434995,578416,0.014691049497124365,1204666,0.014546272886901992,2981986,0.00926439990961561,1899202,0.006890682758763835,565036,0.005634243902439024,231004,0.003849390243902439,31565
