k,parent_iso_key,typed_motif,partial_r,raw_r,n_topologies,score
3,000000110,"NOR-in(0,2)/NOR-in(1,0)/OUT-OR2(1,0)|edges=011000000",0.1824572370070149,0.0056791275068123,19,toxicity_max
3,000000110,"NOR-in(0,2)/NOR-mid(1,0)/OUT-OR2(1,0)|edges=011000000",0.166742221787625,0.0612601994275164,13,toxicity_max
3,000000110,"NOR-in(0,2)/NOR-in(1,0)/NOR-out(1,0)|edges=011000000",0.1305878774350881,-0.0817363040203617,22,toxicity_max
3,000000110,"NOR-in(0,2)/NOR-in(1,0)/NOR-mid(1,0)|edges=011000000",0.0731175235297127,-0.1363718234027635,18,toxicity_max
3,000000110,"NOR-in(0,2)/NOR-mid(1,0)/NOR-out(1,0)|edges=011000000",0.0579156853280301,-0.0704223569108163,8,toxicity_max
3,000000110,"NOR-in(0,2)/NOR-in(1,0)/NOR-in(1,0)|edges=011000000",0.0347634014599265,-0.3227717959432271,31,toxicity_max
3,000000110,"NOR-mid(0,2)/NOR-out(1,0)/NOR-out(1,0)|edges=011000000",0.004483703676868,-0.048534855341508,13,toxicity_max
3,000000110,"IN(0,2)/NOR-in(1,0)/NOR-in(1,0)|edges=011000000",-0.023697316816162,-0.2900708924002649,44,toxicity_max
3,000000110,"NOR-in(1,0)/NOR-in(1,0)/NOT-in(0,2)|edges=000000110",-0.0354674850305168,-0.0932588064091881,5,toxicity_max
3,000000110,"IN(0,2)/NOR-in(1,0)/NOR-out(1,0)|edges=011000000",-0.0434586820725611,-0.1831058827121382,73,toxicity_max
3,000000110,"IN(0,2)/NOR-in(1,0)/NOR-mid(1,0)|edges=011000000",-0.081344604537602,-0.2802807288826134,45,toxicity_max
3,000000110,"IN(0,2)/NOR-out(1,0)/NOT-mid(1,0)|edges=011000000",-0.0943310813256144,-0.1238176906840022,6,toxicity_max
3,000000110,"IN(0,2)/NOR-out(1,0)/NOR-out(1,0)|edges=011000000",-0.1226073121643413,0.0554000324592581,8,toxicity_max
3,000000110,"IN(0,2)/NOR-in(1,0)/NOT-mid(1,0)|edges=011000000",-0.1273840651921558,-0.0207967099874132,5,toxicity_max
3,000000110,"IN(0,2)/NOR-mid(1,0)/NOT-in(1,0)|edges=011000000",-0.1314381926934199,-0.0513498943790757,17,toxicity_max
3,000000110,"IN(0,2)/NOR-mid(1,0)/NOR-out(1,0)|edges=011000000",-0.1407372914811687,-0.1280651942585956,16,toxicity_max
3,000000110,"IN(0,2)/NOR-in(1,0)/NOT-in(1,0)|edges=011000000",-0.2100994931334611,-0.2843699257324105,29,toxicity_max
3,000000110,"IN(0,2)/NOR-out(1,0)/NOT-in(1,0)|edges=011000000",-0.246303066143423,-0.0793815158081299,22,toxicity_max
3,000001100,"IN(0,1)/NOR-in(1,1)/OUT-OR2(1,0)|edges=010001000",0.267627922189367,0.1059322421966202,29,toxicity_max
3,000001100,"NOR-in(0,1)/NOR-out(1,1)/OUT-OR2(1,0)|edges=010001000",0.2443622357878518,-0.0215876622590841,33,toxicity_max
3,000001100,"IN(0,1)/NOR-in(1,1)/NOR-out(1,0)|edges=010001000",0.222714624502697,0.0046270868334844,39,toxicity_max
3,000001100,"IN(0,1)/NOR-in(1,1)/NOT-in(1,0)|edges=010001000",0.1889262990062727,0.1003079993650867,30,toxicity_max
3,000001100,"IN(0,1)/NOR-in(1,0)/NOR-in(1,1)|edges=001000010",0.1857814653718644,-0.4233595418173091,141,toxicity_max
3,000001100,"NOR-in(1,1)/NOR-out(1,0)/NOT-in(0,1)|edges=010000100",0.17626801478954,0.1026606302384741,17,toxicity_max
3,000001100,"NOR-in(0,1)/NOR-in(1,1)/NOR-out(1,0)|edges=010001000",0.1492204866139508,-0.103582207593292,23,toxicity_max
3,000001100,"NOR-in(0,1)/NOR-mid(1,0)/NOT-in(1,1)|edges=001000010",0.1461133794907876,0.0444915136872577,16,toxicity_max
3,000001100,"NOR-in(1,0)/NOT-in(0,1)/NOT-in(1,1)|edges=000001100",0.1226437198801051,0.1295417890299769,10,toxicity_max
3,000001100,"NOR-in(0,1)/NOR-in(1,1)/OUT-OR2(1,0)|edges=010001000",0.1157634981701601,-0.1099112870316933,10,toxicity_max
3,000001100,"IN(0,1)/NOR-out(1,0)/NOT-in(1,1)|edges=001000010",0.1138021948573077,0.1834650827427009,5,toxicity_max
3,000001100,"IN(0,1)/NOT-in(1,1)/NOT-mid(1,0)|edges=010001000",0.106581736280573,0.2321470037893866,6,toxicity_max
3,000001100,"NOR-in(0,1)/NOR-mid(1,1)/OUT-OR2(1,0)|edges=010001000",0.1053568113430083,0.0305706015086039,14,toxicity_max
3,000001100,"NOR-out(1,1)/NOT-in(0,1)/OUT-OR2(1,0)|edges=001100000",0.1011934960065075,0.1869874853926093,7,toxicity_max
3,000001100,"IN(0,1)/NOR-in(1,1)/NOT-mid(1,0)|edges=010001000",0.0974712862305727,0.1554446740525641,16,toxicity_max
3,000001100,"NOR-in(0,1)/NOT-in(1,0)/NOT-in(1,1)|edges=001000010",0.0933682528214017,0.0421562585888357,5,toxicity_max
3,000001100,"NOR-in(0,1)/NOR-in(1,1)/NOT-in(1,0)|edges=010001000",0.0924945720312681,-0.0155095407549052,18,toxicity_max
3,000001100,"NOR-in(0,1)/NOR-mid(1,1)/NOT-out(1,0)|edges=010001000",0.0886836592761081,0.0363983518852768,6,toxicity_max
3,000001100,"IN(0,1)/NOT-out(1,1)/OUT-OR2(1,0)|edges=010001000",0.0835826665796063,0.1557609826966184,7,toxicity_max
3,000001100,"NOR-mid(0,1)/NOR-out(1,1)/OUT-OR2(1,0)|edges=010001000",0.0785849292372474,-0.0797638282974847,106,toxicity_max
3,000001100,"NOR-out(1,0)/NOT-in(0,1)/NOT-mid(1,1)|edges=000001100",0.0697716378310092,0.1617488337593855,10,toxicity_max
3,000001100,"NOR-in(0,1)/NOR-in(1,0)/NOT-in(1,1)|edges=001000010",0.061776120333506,-0.0404051027775982,12,toxicity_max
3,000001100,"NOR-out(1,1)/NOT-mid(0,1)/OUT-NOT(1,0)|edges=001100000",0.0584476202747045,0.0871890997927722,7,toxicity_max
3,000001100,"NOR-in(0,1)/NOR-out(1,1)/OUT-NOT(1,0)|edges=010001000",0.0582630668561549,-0.0165602400557406,16,toxicity_max
3,000001100,"IN(0,1)/NOT-in(1,0)/NOT-in(1,1)|edges=001000010",0.0558632678864703,0.1115871044083968,12,toxicity_max
3,000001100,"NOR-in(0,1)/NOR-in(1,1)/NOR-mid(1,0)|edges=010001000",0.052465886151184,-0.5006549826188109,104,toxicity_max
3,000001100,"NOR-mid(0,1)/NOT-out(1,1)/OUT-OR2(1,0)|edges=010001000",0.0470914172021328,0.1121148935537178,8,toxicity_max
3,000001100,"IN(0,1)/NOR-mid(1,1)/OUT-OR2(1,0)|edges=010001000",0.045872478354842,0.0180433902832582,10,toxicity_max
3,000001100,"NOR-in(0,1)/NOT-in(1,1)/NOT-mid(1,0)|edges=010001000",0.045348736067171,0.0825910037422061,5,toxicity_max
3,000001100,"NOR-in(0,1)/NOR-in(1,1)/NOT-mid(1,0)|edges=010001000",0.030958373370789,0.0177733579486373,21,toxicity_max
3,000001100,"NOR-in(1,1)/NOT-in(0,1)/NOT-mid(1,0)|edges=001100000",0.021448531235026,0.0951609708473064,11,toxicity_max
3,000001100,"IN(0,1)/NOT-in(1,1)/OUT-OR2(1,0)|edges=010001000",0.0160152137249286,0.1066127268891216,5,toxicity_max
3,000001100,"NOR-mid(1,0)/NOT-in(0,1)/NOT-in(1,1)|edges=000001100",0.0093226870694968,0.016958489084521,7,toxicity_max
3,000001100,"NOR-in(0,1)/NOR-in(1,0)/NOR-in(1,1)|edges=001000010",0.0057684001208966,-0.4244938886514045,56,toxicity_max
3,000001100,"NOR-in(0,1)/NOR-out(1,0)/NOT-mid(1,1)|edges=001000010",-0.0200350041500813,0.0130170678513115,22,toxicity_max
3,000001100,"IN(0,1)/NOR-in(1,1)/NOR-mid(1,0)|edges=010001000",-0.0314366025835636,-0.1892450708018123,121,toxicity_max
3,000001100,"NOR-in(1,0)/NOR-in(1,1)/NOT-in(0,1)|edges=000100010",-0.0411907310959564,-0.1557852565338476,33,toxicity_max
3,000001100,"NOR-out(1,1)/NOT-mid(0,1)/OUT-OR2(1,0)|edges=001100000",-0.0544685428378848,0.1038546954759214,47,toxicity_max
3,000001100,"NOR-mid(1,1)/NOR-out(1,0)/NOT-in(0,1)|edges=010000100",-0.0636935778276794,0.0702402408489665,52,toxicity_max
3,000001100,"IN(0,1)/NOR-out(1,1)/OUT-OR2(1,0)|edges=010001000",-0.0788744618236224,-0.0020525666627214,112,toxicity_max
3,000001100,"NOR-in(0,1)/NOR-mid(1,1)/NOR-out(1,0)|edges=010001000",-0.0952849844136142,-0.3945199598813577,145,toxicity_max
3,000001100,"IN(0,1)/NOR-mid(1,1)/NOR-out(1,0)|edges=010001000",-0.1374101660519864,-0.112187374095095,98,toxicity_max
3,000001100,"NOR-in(1,1)/NOR-mid(1,0)/NOT-in(0,1)|edges=010000100",-0.138329852586431,-0.0390682094654981,51,toxicity_max
3,000001100,"IN(0,1)/NOR-out(1,1)/OUT-NOT(1,0)|edges=010001000",-0.1427560197858354,-0.0360521806102305,24,toxicity_max
3,000001100,"IN(0,1)/NOR-mid(1,0)/NOT-in(1,1)|edges=001000010",-0.1536350450314628,0.0591349656346955,29,toxicity_max
3,000001100,"IN(0,1)/NOR-in(1,0)/NOT-in(1,1)|edges=001000010",-0.2092305408481546,-0.1508335801413245,60,toxicity_max
3,000001100,"IN(0,1)/NOR-out(1,0)/NOT-mid(1,1)|edges=001000010",-0.2111209874403382,-0.0664588405533541,19,toxicity_max
3,000001100,"NOR-mid(0,1)/NOR-out(1,1)/OUT-NOT(1,0)|edges=010001000",-0.2639769823919892,-0.2410033836886826,61,toxicity_max
3,000100100,"NOR-in(0,1)/NOR-out(0,1)/OUT-OR2(2,0)|edges=001001000",0.2610199174545242,0.0556979805270153,30,toxicity_max
3,000100100,"IN(0,1)/IN(0,1)/NOR-in(2,0)|edges=001001000",0.2058706169624153,-0.2404595160880413,147,toxicity_max
3,000100100,"NOR-out(0,1)/NOT-out(0,1)/OUT-OR2(2,0)|edges=001001000",0.1308353991253428,0.1725227651745502,15,toxicity_max
3,000100100,"IN(0,1)/NOR-out(0,1)/OUT-OR2(2,0)|edges=001001000",0.1221365433901993,0.2401102599114954,6,toxicity_max
3,000100100,"IN(0,1)/NOR-in(0,1)/NOR-out(2,0)|edges=001001000",0.1054081666264646,-0.153215855933217,6,toxicity_max
3,000100100,"NOR-in(0,1)/NOR-in(0,1)/NOR-in(2,0)|edges=001001000",0.0731943499595086,-0.244863854334558,24,toxicity_max
3,000100100,"NOR-in(0,1)/NOR-in(2,0)/NOT-in(0,1)|edges=010000010",0.0568632214369203,-0.1188722028456883,23,toxicity_max
3,000100100,"NOR-in(0,1)/NOR-mid(0,1)/NOR-out(2,0)|edges=001001000",0.0524129046015767,-0.0292039211825569,10,toxicity_max
3,000100100,"NOR-in(0,1)/NOR-in(0,1)/NOR-mid(2,0)|edges=001001000",0.0333476310334825,-0.2713910187144688,43,toxicity_max
3,000100100,"NOR-out(0,1)/NOT-in(0,1)/OUT-OR2(2,0)|edges=001001000",0.0160152137249286,0.1066127268891216,5,toxicity_max
3,000100100,"IN(0,1)/NOR-in(0,1)/NOR-in(2,0)|edges=001001000",0.0075842897893955,-0.2646799132221562,76,toxicity_max
3,000100100,"NOR-mid(0,1)/NOR-out(2,0)/NOT-mid(0,1)|edges=010000010",-0.023088942115754,0.0476388976248237,18,toxicity_max
3,000100100,"NOR-in(2,0)/NOT-in(0,1)/NOT-in(0,1)|edges=000100100",-0.023595695093601,0.0250158143555253,10,toxicity_max
3,000100100,"IN(0,1)/IN(0,1)/NOR-mid(2,0)|edges=001001000",-0.0252243235705889,-0.1019150308480495,25,toxicity_max
3,000100100,"NOR-in(0,1)/NOR-mid(2,0)/NOT-in(0,1)|edges=010000010",-0.0355305074259358,-0.0528819947032759,25,toxicity_max
3,000100100,"IN(0,1)/NOR-mid(0,1)/NOR-out(2,0)|edges=001001000",-0.0593131209995966,0.0216899861164942,83,toxicity_max
3,000100100,"IN(0,1)/NOR-mid(2,0)/NOT-in(0,1)|edges=010000010",-0.0752051057522516,0.1008921943352738,17,toxicity_max
3,000100100,"IN(0,1)/IN(0,1)/NOR-out(2,0)|edges=001001000",-0.0831261133104008,0.0424618385213384,31,toxicity_max
3,000100100,"IN(0,1)/NOR-out(2,0)/NOT-mid(0,1)|edges=010000010",-0.130957253584871,0.0061863186133925,26,toxicity_max
3,000100100,"NOR-out(0,1)/NOR-out(0,1)/OUT-OR2(2,0)|edges=001001000",-0.1324994547370998,-0.1246402624656378,73,toxicity_max
3,000100100,"NOR-mid(0,1)/NOR-mid(0,1)/NOR-out(2,0)|edges=001001000",-0.1469338230288776,-0.3007035203641965,38,toxicity_max
3,000100100,"IN(0,1)/NOR-in(0,1)/NOR-mid(2,0)|edges=001001000",-0.1569466153965524,-0.1035325336621589,60,toxicity_max
3,000100100,"IN(0,1)/NOR-in(2,0)/NOT-in(0,1)|edges=010000010",-0.2305482843763536,-0.1136574893405623,46,toxicity_max
3,000100110,"NOR-in(0,2)/NOR-out(2,0)/NOT-mid(1,1)|edges=011000010",0.2179481459012184,0.2502455654815224,5,toxicity_max
3,000100110,"IN(0,2)/NOR-in(2,0)/NOT-in(1,1)|edges=011000010",0.1604570667741365,0.1647300250558506,16,toxicity_max
3,000100110,"NOR-in(0,2)/NOR-mid(1,1)/NOR-out(2,0)|edges=011001000",0.1421800991447309,-0.0018791087362061,18,toxicity_max
3,000100110,"NOR-in(1,1)/NOR-mid(2,0)/NOT-in(0,2)|edges=010000110",0.1384213670498018,0.1178234223753675,6,toxicity_max
3,000100110,"NOR-mid(0,2)/NOR-out(1,1)/OUT-OR2(2,0)|edges=011001000",0.1036108335782034,0.0423108036184615,15,toxicity_max
3,000100110,"NOR-in(1,1)/NOR-in(2,0)/NOT-in(0,2)|edges=010000110",0.0507114680901745,-5.8291875740189893e-05,6,toxicity_max
3,000100110,"NOR-in(0,2)/NOR-in(1,1)/NOR-mid(2,0)|edges=011001000",0.0487047570968993,-0.1376687683849084,19,toxicity_max
3,000100110,"NOR-in(0,2)/NOR-in(1,1)/NOR-in(2,0)|edges=011001000",0.0463615515379667,-0.1387423408175631,12,toxicity_max
3,000100110,"IN(0,2)/NOR-in(1,1)/NOR-out(2,0)|edges=011001000",0.0238996536912107,-0.0994193950073667,9,toxicity_max
3,000100110,"IN(0,2)/NOR-mid(1,1)/NOR-out(2,0)|edges=011001000",-0.0050586077686503,-0.0300945863945396,15,toxicity_max
3,000100110,"IN(0,2)/NOR-in(1,1)/NOR-in(2,0)|edges=011001000",-0.016685395086299,-0.4159454904433063,71,toxicity_max
3,000100110,"IN(0,2)/NOR-in(1,1)/NOR-mid(2,0)|edges=011001000",-0.0402164998184667,0.0415496083144169,16,toxicity_max
4,0000000000001110,"IN(0,3)/NOR-in(1,0)/NOR-in(1,0)/NOR-out(1,0)|edges=0111000000000000",-0.0094874778456649,-0.1145708476794437,8,toxicity_max
4,0000000000001110,"IN(0,3)/NOR-in(1,0)/NOR-in(1,0)/NOR-mid(1,0)|edges=0111000000000000",-0.0457429306241621,-0.2337961952655742,10,toxicity_max
4,0000000000011100,"IN(0,1)/NOR-in(1,0)/NOR-in(1,2)/OUT-OR2(1,0)|edges=0010000001010000",0.1925401942430498,0.0427299453025958,19,toxicity_max
4,0000000000011100,"IN(0,1)/NOR-in(1,2)/NOR-mid(1,0)/OUT-OR2(1,0)|edges=0100001100000000",0.1750124959269004,0.1078931349503755,10,toxicity_max
4,0000000000011100,"IN(0,1)/NOR-in(1,0)/NOR-in(1,2)/NOR-mid(1,0)|edges=0010000001010000",0.1266387901656398,-0.1043468225888413,14,toxicity_max
4,0000000000011100,"NOR-in(0,1)/NOR-in(1,0)/NOR-in(1,2)/OUT-OR2(1,0)|edges=0010000001010000",0.0887179575822874,-0.1225142489863076,5,toxicity_max
4,0000000000011100,"IN(0,1)/NOR-in(1,0)/NOR-in(1,2)/NOR-out(1,0)|edges=0010000001010000",0.0797353721113807,-0.0082075378984866,15,toxicity_max
4,0000000000011100,"NOR-in(1,0)/NOR-in(1,2)/NOR-out(1,0)/NOT-in(0,1)|edges=0000101000000100",0.0634231723654674,-0.0102922558800527,5,toxicity_max
4,0000000000011100,"NOR-in(0,1)/NOR-mid(1,2)/NOR-out(1,0)/NOR-out(1,0)|edges=0100001100000000",0.0275433253797757,-0.0445921717766231,9,toxicity_max
4,0000000000011100,"IN(0,1)/NOR-in(1,0)/NOR-in(1,0)/NOR-in(1,2)|edges=0001000000000110",0.0079242610286575,-0.1156556274726785,9,toxicity_max
4,0000000000011100,"IN(0,1)/NOR-mid(1,2)/NOR-out(1,0)/NOR-out(1,0)|edges=0100001100000000",0.0022498422066576,-0.0728761189492243,8,toxicity_max
4,0000000000011100,"IN(0,1)/NOR-in(1,0)/NOR-in(1,0)/NOT-in(1,2)|edges=0001000000000110",-0.0354674850305168,-0.0932588064091881,5,toxicity_max
4,0000000001001010,"NOR-in(0,2)/NOR-in(1,0)/NOR-out(1,1)/OUT-OR2(1,0)|edges=0110000000010000",0.158876603333432,-0.0770643368518932,13,toxicity_max
4,0000000001001010,"NOR-in(0,2)/NOR-in(1,1)/NOR-mid(1,0)/OUT-OR2(1,0)|edges=0101001000000000",0.1194662502888416,-0.0745568154160704,6,toxicity_max
4,0000000001001010,"IN(0,2)/NOR-in(1,1)/NOR-mid(1,0)/NOT-in(1,0)|edges=0110000100000000",0.0974207303438959,0.0002939263584414,6,toxicity_max
4,0000000001001010,"IN(0,2)/NOR-in(1,0)/NOR-in(1,1)/NOR-out(1,0)|edges=0110000000010000",0.096046550912716,-0.0865633377496958,9,toxicity_max
4,0000000001001010,"IN(0,2)/NOR-in(1,0)/NOR-in(1,1)/OUT-OR2(1,0)|edges=0110000000010000",0.0951993469409403,-0.0286636827304859,6,toxicity_max
4,0000000001001010,"NOR-in(0,2)/NOR-in(1,0)/NOR-in(1,1)/OUT-OR2(1,0)|edges=0011000001000000",0.0939638560809499,-0.1043947380031001,8,toxicity_max
4,0000000001001010,"NOR-in(0,2)/NOR-in(1,0)/NOR-in(1,1)/OUT-OR2(1,0)|edges=0110000000010000",0.0859942351040044,-0.1446506245082502,7,toxicity_max
4,0000000001001010,"NOR-in(0,2)/NOR-in(1,1)/NOR-mid(1,0)/NOR-out(1,0)|edges=0101001000000000",0.0849197277741944,-0.1226596755284495,7,toxicity_max
4,0000000001001010,"IN(0,2)/NOR-in(1,1)/NOR-mid(1,0)/NOR-mid(1,0)|edges=0110000100000000",0.0619114087305932,-0.1628289669533058,9,toxicity_max
4,0000000001001010,"NOR-in(0,2)/NOR-in(1,0)/NOR-in(1,1)/NOR-out(1,0)|edges=0110000000010000",0.0604252103741429,-0.1596377866425676,5,toxicity_max
4,0000000001001010,"NOR-in(0,2)/NOR-mid(1,0)/NOR-out(1,1)/OUT-OR2(1,0)|edges=0110000000010000",0.0579156853280301,-0.0704223569108163,8,toxicity_max
4,0000000001001010,"IN(0,2)/NOR-in(1,0)/NOR-in(1,0)/NOR-in(1,1)|edges=0101000000000010",0.0516804981249885,-0.146101869410825,17,toxicity_max
4,0000000001001010,"NOR-in(0,2)/NOR-mid(1,1)/NOR-out(1,0)/NOR-out(1,0)|edges=0110000100000000",0.0318167615100813,-0.0460111569707466,6,toxicity_max
4,0000000001001010,"NOR-in(0,2)/NOR-in(1,0)/NOR-in(1,1)/NOR-out(1,0)|edges=0011000001000000",0.0270272982094126,-0.1314998690154225,7,toxicity_max
4,0000000001001010,"NOR-in(0,2)/NOR-in(1,0)/NOR-mid(1,1)/NOR-out(1,0)|edges=0110000000010000",0.0255027966309051,-0.1512960231563657,15,toxicity_max
4,0000000001001010,"NOR-in(0,2)/NOR-in(1,1)/NOR-mid(1,0)/NOR-mid(1,0)|edges=0110000100000000",0.0225089281208171,-0.0837852488886176,5,toxicity_max
4,0000000001001010,"NOR-in(0,2)/NOR-in(1,0)/NOR-out(1,1)/OUT-NOT(1,0)|edges=0110000000010000",0.0213974057220417,-0.0573567023070622,9,toxicity_max
4,0000000001001010,"IN(0,2)/NOR-in(1,0)/NOR-out(1,1)/OUT-OR2(1,0)|edges=0110000000010000",0.0077883171425837,-0.1576879565219574,57,toxicity_max
4,0000000001001010,"IN(0,2)/NOR-in(1,0)/NOR-in(1,1)/NOR-out(1,0)|edges=0011000001000000",-0.0012090702230685,-0.2279798938291639,44,toxicity_max
4,0000000001001010,"IN(0,2)/NOR-in(1,0)/NOR-in(1,1)/NOR-mid(1,0)|edges=0011000001000000",-0.0154446977962688,-0.1882337388100454,25,toxicity_max
4,0000000001001010,"IN(0,2)/NOR-in(1,1)/NOT-in(1,0)/OUT-OR2(1,0)|edges=0110000100000000",-0.018126286974694,-0.0949059949597972,5,toxicity_max
4,0000000001001010,"IN(0,2)/NOR-in(1,0)/NOR-in(1,1)/NOT-in(1,0)|edges=0110000000010000",-0.033511206145041,-0.0656594807890255,6,toxicity_max
4,0000000001001010,"IN(0,2)/NOR-in(1,0)/NOR-mid(1,1)/NOR-out(1,0)|edges=0110000000010000",-0.038693590430529,-0.2632280739905031,39,toxicity_max
4,0000000001001010,"IN(0,2)/NOR-in(1,1)/NOR-out(1,0)/NOT-in(1,0)|edges=0110000100000000",-0.0387345525675569,-0.0881411975926174,7,toxicity_max
4,0000000001001010,"IN(0,2)/NOR-mid(1,1)/NOR-out(1,0)/NOR-out(1,0)|edges=0110000100000000",-0.0446175813355394,-0.0955822163336939,9,toxicity_max
4,0000000001001010,"IN(0,2)/NOR-in(1,0)/NOR-in(1,1)/NOR-mid(1,0)|edges=0110000000010000",-0.0533013193207868,-0.2468351158964209,25,toxicity_max
4,0000000001001010,"IN(0,2)/NOR-in(1,1)/NOR-mid(1,0)/NOR-out(1,0)|edges=0101001000000000",-0.0561715994978907,-0.1142517152871642,12,toxicity_max
4,0000000001001010,"IN(0,2)/NOR-mid(1,0)/NOR-out(1,0)/NOT-in(1,1)|edges=0011000000000100",-0.0701873718019947,0.0916786349984785,7,toxicity_max
4,0000000001001010,"NOR-in(0,2)/NOR-in(1,0)/NOR-in(1,0)/NOR-in(1,1)|edges=0101000000000010",-0.0708724509628625,-0.2513813199500282,8,toxicity_max
4,0000000001001010,"NOR-in(0,2)/NOR-in(1,0)/NOR-in(1,1)/NOR-mid(1,0)|edges=0110000000010000",-0.0874806341690744,-0.2159442094316124,9,toxicity_max
4,0000000001001010,"IN(0,2)/NOR-out(1,1)/NOT-mid(1,0)/OUT-OR2(1,0)|edges=0110000100000000",-0.0943310813256144,-0.1238176906840022,6,toxicity_max
4,0000000001001010,"IN(0,2)/NOR-in(1,0)/NOR-in(1,0)/NOR-in(1,1)|edges=0011000000000100",-0.1041515121475975,-0.2259463362415214,12,toxicity_max
4,0000000001001010,"IN(0,2)/NOR-mid(1,1)/NOR-out(1,0)/NOT-in(1,0)|edges=0101001000000000",-0.1047961711693476,-0.0568386109778864,15,toxicity_max
4,0000000001001010,"IN(0,2)/NOR-in(1,0)/NOR-mid(1,0)/NOT-in(1,1)|edges=0101000000000010",-0.1242043221698267,-0.1357321012713503,7,toxicity_max
4,0000000001001010,"IN(0,2)/NOR-in(1,0)/NOR-in(1,1)/NOT-in(1,0)|edges=0011000001000000",-0.1243398523038259,-0.2241312831985641,12,toxicity_max
4,0000000001001010,"IN(0,2)/NOR-in(1,0)/NOR-mid(1,0)/NOT-in(1,1)|edges=0011000000000100",-0.1249663147823775,-0.0550364687072643,8,toxicity_max
4,0000000001001010,"IN(0,2)/NOR-mid(1,0)/NOR-out(1,1)/OUT-OR2(1,0)|edges=0110000000010000",-0.1407372914811687,-0.1280651942585956,16,toxicity_max
4,0000000001001010,"IN(0,2)/NOR-mid(1,1)/NOR-out(1,0)/NOR-out(1,0)|edges=0101001000000000",-0.1451007123433151,-0.0957716049870233,5,toxicity_max
4,0000000001001010,"IN(0,2)/NOR-in(1,0)/NOR-in(1,0)/NOT-in(1,1)|edges=0101000000000010",-0.1487602872296037,-0.2268131444945509,11,toxicity_max
4,0000000001001010,"IN(0,2)/NOR-in(1,0)/NOR-out(1,1)/OUT-NOT(1,0)|edges=0110000000010000",-0.1673936186467295,-0.0937654608766195,15,toxicity_max
4,0000000001001010,"IN(0,2)/NOR-in(1,0)/NOR-in(1,0)/NOT-in(1,1)|edges=0011000000000100",-0.1785202069760883,-0.1369955928367752,5,toxicity_max
4,0000000001001010,"IN(0,2)/NOR-in(1,1)/NOR-mid(1,0)/NOT-in(1,0)|edges=0101001000000000",-0.2106606676355828,-0.2397998220839529,13,toxicity_max
4,0000000001001010,"IN(0,2)/NOR-out(1,1)/NOT-in(1,0)/OUT-OR2(1,0)|edges=0110000100000000",-0.246303066143423,-0.0793815158081299,22,toxicity_max
4,0000000001001010,"IN(0,2)/NOR-in(1,0)/NOR-out(1,0)/NOT-in(1,1)|edges=0011000000000100",-0.2479857049756521,-0.1950256670766324,13,toxicity_max
4,0000000001001100,"IN(0,1)/NOR-in(0,2)/NOR-in(2,0)/OUT-OR2(1,0)|edges=0010001100000000",0.1484109767188708,0.1349888378015155,6,toxicity_max
4,0000000001001100,"NOR-in(0,2)/NOR-in(1,0)/NOR-out(0,1)/OUT-OR2(2,0)|edges=0101000000010000",0.1410147652785233,-0.0548171952128357,17,toxicity_max
4,0000000001001100,"NOR-in(0,1)/NOR-in(0,2)/NOR-in(2,0)/OUT-OR2(1,0)|edges=0010001100000000",0.1157418767142568,-0.1140585049346965,7,toxicity_max
4,0000000001001100,"NOR-in(0,1)/NOR-in(0,2)/NOR-mid(2,0)/OUT-OR2(1,0)|edges=0010001100000000",0.1030211931837905,0.0055690366934937,8,toxicity_max
4,0000000001001100,"IN(0,1)/NOR-in(0,2)/NOR-in(2,0)/NOR-mid(1,0)|edges=0010001100000000",0.089474996678107,-0.1182593835743827,5,toxicity_max
4,0000000001001100,"NOR-in(0,1)/NOR-in(0,2)/NOR-mid(2,0)/NOR-out(1,0)|edges=0010001100000000",0.0714145506795475,-0.1540310534146305,5,toxicity_max
4,0000000001001100,"IN(0,1)/NOR-mid(0,2)/NOR-out(1,0)/NOR-out(2,0)|edges=0001001100000000",0.0308627308003068,0.0074151482074115,9,toxicity_max
4,0000000001001100,"IN(0,2)/NOR-in(0,1)/NOR-in(2,0)/NOR-mid(1,0)|edges=0011001000000000",0.0279993932218311,-0.1317352580523068,12,toxicity_max
4,0000000001001100,"IN(0,1)/IN(0,2)/NOR-in(1,0)/NOR-mid(2,0)|edges=0001001100000000",0.0116865271383084,-0.1669613339743539,18,toxicity_max
4,0000000001001100,"IN(0,1)/NOR-in(0,2)/NOR-in(2,0)/NOR-out(1,0)|edges=0010001100000000",0.0091921157717107,-0.0337934636820934,6,toxicity_max
4,0000000001001100,"IN(0,2)/NOR-in(1,0)/NOR-mid(0,1)/NOR-out(2,0)|edges=0101000000010000",0.005034861682493,-0.1313409063537142,23,toxicity_max
4,0000000001001100,"IN(0,2)/NOR-in(1,0)/NOR-out(2,0)/NOT-mid(0,1)|edges=0110000000000010",0.0006603545204155,-0.0184593875555209,11,toxicity_max
4,0000000001001100,"IN(0,1)/IN(0,2)/NOR-in(2,0)/NOR-out(1,0)|edges=0010001100000000",-0.00211930742351,-0.0672284846888469,48,toxicity_max
4,0000000001001100,"IN(0,2)/NOR-in(0,1)/NOR-in(2,0)/NOR-out(1,0)|edges=0011001000000000",-0.0315439366218952,-0.1728504819583336,15,toxicity_max
4,0000000001001100,"IN(0,1)/IN(0,2)/NOR-in(2,0)/NOR-mid(1,0)|edges=0010001100000000",-0.0448387953571594,-0.2163226651649897,36,toxicity_max
4,0000000001001100,"IN(0,1)/IN(0,2)/NOR-in(1,0)/NOR-out(2,0)|edges=0001001100000000",-0.0457223105883889,-0.1896939661594644,17,toxicity_max
4,0000000001001100,"IN(0,2)/NOR-in(1,0)/NOR-in(2,0)/NOT-in(0,1)|edges=0110000000000010",-0.0683164678259133,-0.1570918312389798,9,toxicity_max
4,0000000001001100,"IN(0,2)/NOR-in(2,0)/NOR-out(1,0)/NOT-in(0,1)|edges=0110000000000100",-0.069760831918599,-0.0576557892745129,13,toxicity_max
4,0000000001001100,"IN(0,2)/NOR-in(0,1)/NOR-in(1,0)/NOR-in(2,0)|edges=0011000100000000",-0.08012056650966,-0.2042045720901776,8,toxicity_max
4,0000000001001100,"IN(0,1)/IN(0,2)/NOR-mid(2,0)/NOT-in(1,0)|edges=0010001100000000",-0.0945130400227854,-0.054662246143291,8,toxicity_max
4,0000000001001100,"IN(0,1)/IN(0,2)/NOR-in(1,0)/NOR-in(2,0)|edges=0001001100000000",-0.0947257666249882,-0.2564060654826227,33,toxicity_max
4,0000000001001100,"IN(0,1)/IN(0,2)/NOR-in(2,0)/NOT-in(1,0)|edges=0010001100000000",-0.1006418475000821,-0.2537213147379052,22,toxicity_max
4,0000000001001100,"IN(0,2)/NOR-in(0,1)/NOR-mid(2,0)/NOR-out(1,0)|edges=0011001000000000",-0.1137712345303698,-0.1316496099931752,9,toxicity_max
4,0000000001001100,"IN(0,2)/NOR-mid(1,0)/NOR-out(2,0)/NOT-mid(0,1)|edges=0110000000000010",-0.1304432261953817,-0.101193821393909,5,toxicity_max
4,0000000001001100,"IN(0,1)/IN(0,2)/NOR-mid(1,0)/NOR-out(2,0)|edges=0001001100000000",-0.1347836425600991,-0.0036416920550249,8,toxicity_max
4,0000000001001100,"IN(0,2)/NOR-in(0,1)/NOR-in(1,0)/NOR-mid(2,0)|edges=0011000100000000",-0.1371100949286019,-0.2346873906748239,12,toxicity_max
4,0000000001001100,"IN(0,1)/IN(0,2)/NOR-out(2,0)/NOT-in(1,0)|edges=0010001100000000",-0.1387742079381587,-0.0280599974120147,16,toxicity_max
4,0000000001001100,"IN(0,1)/IN(0,2)/NOR-out(1,0)/NOR-out(2,0)|edges=0001001100000000",-0.1683246933155583,0.042457939368434,6,toxicity_max
4,0000000001001100,"IN(0,2)/NOR-out(2,0)/NOT-in(1,0)/NOT-mid(0,1)|edges=0110000000000100",-0.1806649638013512,-0.0618381520798154,5,toxicity_max
4,0000000001001100,"IN(0,2)/NOR-in(2,0)/NOT-in(0,1)/NOT-in(1,0)|edges=0101000001000000",-0.1973841435535644,-0.1003301615678098,5,toxicity_max
4,0000000001001110,"IN(0,3)/NOR-in(1,1)/NOR-in(2,0)/NOR-out(1,0)|edges=0111001000000000",-0.0061614302307346,-0.1337851807442049,11,toxicity_max
4,0000000001001110,"IN(0,3)/NOR-in(1,0)/NOR-mid(1,1)/NOR-out(2,0)|edges=0111000000010000",-0.0505543188849053,-0.1114590786440847,5,toxicity_max
4,0000000001001110,"IN(0,3)/NOR-in(1,1)/NOR-in(2,0)/NOR-mid(1,0)|edges=0111001000000000",-0.1016489177310926,-0.2259066652051551,11,toxicity_max
4,0000000001011100,"IN(0,2)/NOR-in(1,2)/NOR-in(2,0)/NOR-out(1,0)|edges=0110001100000000",0.1494888322975191,-0.0640191377078946,11,toxicity_max
4,0000000001011100,"IN(0,2)/NOR-in(1,2)/NOR-in(2,0)/OUT-OR2(1,0)|edges=0110001100000000",0.0498928255324762,0.0194000639010389,5,toxicity_max
4,0000000001011100,"IN(0,2)/NOR-in(1,0)/NOR-in(1,2)/NOR-in(2,0)|edges=0011000001010000",0.0420024845992347,-0.3351268237804541,28,toxicity_max
4,0000000001011100,"IN(0,2)/NOR-in(1,0)/NOR-in(1,2)/NOR-out(2,0)|edges=0011000001010000",0.0274803014166787,-0.1445689365292617,6,toxicity_max
4,0000000001011100,"IN(0,2)/NOR-in(1,2)/NOR-in(2,0)/NOR-mid(1,0)|edges=0110001100000000",0.0080925678796014,-0.0557549911537832,9,toxicity_max
4,0000000011001100,"IN(0,2)/IN(0,2)/NOR-in(2,0)/NOR-in(2,0)|edges=0011001100000000",0.1394051578917924,-0.0703857128406998,8,toxicity_max
4,0000000011001100,"IN(0,2)/IN(0,2)/NOR-in(2,0)/NOR-out(2,0)|edges=0011001100000000",-0.0247357705595515,-0.0721320261194719,5,toxicity_max
4,0000000100011000,"IN(0,1)/IN(0,1)/NOR-in(2,1)/OUT-OR2(1,0)|edges=0010001000010000",0.2549986085955278,0.1645145168070204,18,toxicity_max
4,0000000100011000,"IN(0,1)/IN(0,1)/NOR-in(1,0)/NOR-in(2,1)|edges=0001000100000010",0.2135833712545562,-0.0764660925514578,60,toxicity_max
4,0000000100011000,"IN(0,1)/NOR-in(0,1)/NOR-in(2,1)/NOR-out(1,0)|edges=0010001000010000",0.1895064777370243,0.1240419778554776,8,toxicity_max
4,0000000100011000,"IN(0,1)/IN(0,1)/NOR-in(2,1)/NOT-in(1,0)|edges=0010001000010000",0.1505173876245562,0.1041469968317613,14,toxicity_max
4,0000000100011000,"IN(0,1)/IN(0,1)/NOR-in(2,1)/NOR-mid(1,0)|edges=0010001000010000",0.1251781418925328,0.0368877321816411,37,toxicity_max
4,0000000100011000,"IN(0,1)/IN(0,1)/NOR-in(2,1)/NOR-out(1,0)|edges=0010001000010000",0.124295247695369,0.0083393341018436,10,toxicity_max
4,0000000100011000,"IN(0,1)/NOR-in(0,1)/NOR-out(2,1)/OUT-OR2(1,0)|edges=0010001000010000",0.1054081666264646,-0.153215855933217,6,toxicity_max
4,0000000100011000,"IN(0,1)/NOR-in(0,1)/NOR-in(2,1)/NOT-mid(1,0)|edges=0010001000010000",0.0866321454211304,0.1241065815042459,7,toxicity_max
4,0000000100011000,"NOR-in(0,1)/NOR-in(1,0)/NOR-in(2,1)/NOT-in(0,1)|edges=0010000001000010",0.0649886029108866,-0.0650918190153923,7,toxicity_max
4,0000000100011000,"IN(0,1)/NOR-in(2,1)/NOR-out(1,0)/NOT-in(0,1)|edges=0100001000000100",0.0614474665334049,0.0516908155530211,5,toxicity_max
4,0000000100011000,"NOR-in(0,1)/NOR-in(0,1)/NOR-in(2,1)/NOR-mid(1,0)|edges=0010001000010000",0.0533609590095995,-0.2026636455029557,13,toxicity_max
4,0000000100011000,"NOR-in(0,1)/NOR-mid(0,1)/NOR-out(2,1)/OUT-NOT(1,0)|edges=0010001000010000",0.0524129046015767,-0.0292039211825569,10,toxicity_max
4,0000000100011000,"NOR-mid(0,1)/NOR-mid(0,1)/NOR-out(2,1)/OUT-OR2(1,0)|edges=0010001000010000",0.0346882633487501,-0.1773799270897407,11,toxicity_max
4,0000000100011000,"NOR-in(0,1)/NOR-in(2,1)/NOR-out(1,0)/NOT-in(0,1)|edges=0100001000000100",0.0264411968240841,-0.0322702774080121,5,toxicity_max
4,0000000100011000,"IN(0,1)/NOR-in(0,1)/NOR-mid(2,1)/OUT-OR2(1,0)|edges=0010001000010000",0.0194034863331027,0.0768188417680491,8,toxicity_max
4,0000000100011000,"IN(0,1)/NOR-out(2,1)/NOT-mid(0,1)/OUT-NOT(1,0)|edges=0100000101000000",-0.0032883607021181,0.0440664520405308,5,toxicity_max
4,0000000100011000,"IN(0,1)/NOR-mid(0,1)/NOR-out(2,1)/OUT-OR2(1,0)|edges=0010001000010000",-0.0034472811068967,0.0108115870225921,51,toxicity_max
4,0000000100011000,"NOR-in(0,1)/NOR-in(0,1)/NOR-in(2,1)/NOT-mid(1,0)|edges=0010001000010000",-0.0227558846354254,-0.0744995693732313,6,toxicity_max
4,0000000100011000,"IN(0,1)/NOR-in(0,1)/NOR-in(1,0)/NOR-in(2,1)|edges=0001000100000010",-0.0370079607399655,-0.2046015140359114,17,toxicity_max
4,0000000100011000,"IN(0,1)/IN(0,1)/NOR-mid(2,1)/NOR-out(1,0)|edges=0010001000010000",-0.0392083041773802,-0.1085301534189696,25,toxicity_max
4,0000000100011000,"NOR-in(0,1)/NOR-in(2,1)/NOR-mid(1,0)/NOT-in(0,1)|edges=0100001000000100",-0.0400422097482313,-0.1129036040734358,9,toxicity_max
4,0000000100011000,"IN(0,1)/NOR-in(2,1)/NOT-in(0,1)/NOT-mid(1,0)|edges=0100000101000000",-0.0417263661220428,0.0634285315176334,5,toxicity_max
4,0000000100011000,"NOR-in(0,1)/NOR-in(0,1)/NOR-mid(2,1)/NOR-out(1,0)|edges=0010001000010000",-0.0543267056746333,-0.2950413904074146,37,toxicity_max
4,0000000100011000,"NOR-mid(0,1)/NOR-out(2,1)/NOT-mid(0,1)/OUT-OR2(1,0)|edges=0100000101000000",-0.065746186960484,0.0166198543793613,16,toxicity_max
4,0000000100011000,"NOR-in(0,1)/NOR-mid(2,1)/NOR-out(1,0)/NOT-in(0,1)|edges=0100001000000100",-0.0683594521402021,-0.0644283634658116,18,toxicity_max
4,0000000100011000,"NOR-in(2,1)/NOR-mid(1,0)/NOT-in(0,1)/NOT-in(0,1)|edges=0100000010001000",-0.0694829066861041,-0.0389397790930159,6,toxicity_max
4,0000000100011000,"IN(0,1)/IN(0,1)/NOR-out(2,1)/OUT-OR2(1,0)|edges=0010001000010000",-0.0831261133104008,0.0424618385213384,31,toxicity_max
4,0000000100011000,"IN(0,1)/NOR-mid(2,1)/NOR-out(1,0)/NOT-in(0,1)|edges=0100001000000100",-0.0834309419315497,0.0736934119958537,12,toxicity_max
4,0000000100011000,"IN(0,1)/NOR-in(1,0)/NOR-in(2,1)/NOT-in(0,1)|edges=0010000001000010",-0.1160283722677319,-0.16455936380333,15,toxicity_max
4,0000000100011000,"IN(0,1)/NOR-in(0,1)/NOR-mid(2,1)/NOR-out(1,0)|edges=0010001000010000",-0.1231249134106201,-0.0523560777911247,47,toxicity_max
4,0000000100011000,"IN(0,1)/NOR-out(2,1)/NOT-mid(0,1)/OUT-OR2(1,0)|edges=0100000101000000",-0.1373101282270795,-0.0111944984594802,21,toxicity_max
4,0000000100011000,"IN(0,1)/NOR-mid(0,1)/NOR-out(2,1)/OUT-NOT(1,0)|edges=0010001000010000",-0.1499825466266273,-0.047328478703032,18,toxicity_max
4,0000000100011000,"IN(0,1)/NOR-in(0,1)/NOR-in(2,1)/NOR-mid(1,0)|edges=0010001000010000",-0.1677173799028157,-0.2691946052016534,32,toxicity_max
4,0000000100011000,"IN(0,1)/NOR-in(2,1)/NOR-mid(1,0)/NOT-in(0,1)|edges=0100001000000100",-0.254402967049355,-0.107101820875558,19,toxicity_max
4,0000000100011000,"NOR-mid(0,1)/NOR-mid(0,1)/NOR-out(2,1)/OUT-NOT(1,0)|edges=0010001000010000",-0.2557810032207048,-0.2387315913723597,24,toxicity_max
4,0000000101001000,"IN(0,1)/NOR-in(1,1)/NOR-out(1,1)/OUT-OR2(1,0)|edges=0100001000010000",0.2427223798217723,0.0202716532170071,26,toxicity_max
4,0000000101001000,"NOR-in(1,1)/NOR-out(1,1)/NOT-in(0,1)/OUT-OR2(1,0)|edges=0100000110000000",0.1854044092281621,0.1075228951519954,10,toxicity_max
4,0000000101001000,"IN(0,1)/NOR-in(1,1)/NOR-mid(1,0)/NOT-in(1,1)|edges=0100000100000010",0.1569742489022607,0.0921907732563526,13,toxicity_max
4,0000000101001000,"IN(0,1)/NOR-in(1,1)/NOR-in(1,1)/NOR-mid(1,0)|edges=0100001000010000",0.1524615226278151,-0.3174409250941895,76,toxicity_max
4,0000000101001000,"IN(0,1)/NOR-in(1,1)/NOR-in(1,1)/NOR-out(1,0)|edges=0100001000010000",0.1470209630984714,-0.0224471388363726,18,toxicity_max
4,0000000101001000,"IN(0,1)/NOR-in(1,1)/NOR-out(1,0)/NOT-in(1,1)|edges=0001001000000100",0.1250790711763111,0.0311400343790204,13,toxicity_max
4,0000000101001000,"NOR-in(0,1)/NOR-mid(1,1)/NOR-out(1,0)/NOT-in(1,1)|edges=0001001000000100",0.1170324343686382,0.0259944725000793,15,toxicity_max
4,0000000101001000,"IN(0,1)/NOR-out(1,1)/NOT-in(1,1)/OUT-OR2(1,0)|edges=0010000101000000",0.1138021948573077,0.1834650827427009,5,toxicity_max
4,0000000101001000,"IN(0,1)/NOR-in(1,1)/NOR-in(1,1)/OUT-OR2(1,0)|edges=0100001000010000",0.1026763333545052,-0.10106245321492,9,toxicity_max
4,0000000101001000,"IN(0,1)/NOR-in(1,1)/NOR-mid(1,1)/NOT-out(1,0)|edges=0100001000010000",0.1026241975645083,0.0404336616380856,6,toxicity_max
4,0000000101001000,"NOR-in(0,1)/NOR-in(1,1)/NOR-out(1,1)/OUT-OR2(1,0)|edges=0100001000010000",0.0975004332392094,-0.167909714597345,13,toxicity_max
4,0000000101001000,"NOR-in(0,1)/NOR-in(1,1)/NOR-mid(1,1)/OUT-OR2(1,0)|edges=0100001000010000",0.0968626750610335,-0.0351557221253559,9,toxicity_max
4,0000000101001000,"IN(0,1)/NOR-in(1,1)/NOT-in(1,0)/NOT-in(1,1)|edges=0100000100000010",0.0934877764860561,0.0466522021940318,5,toxicity_max
4,0000000101001000,"NOR-in(0,1)/NOR-mid(1,1)/NOT-out(1,1)/OUT-OR2(1,0)|edges=0100001000010000",0.0886836592761081,0.0363983518852768,6,toxicity_max
4,0000000101001000,"IN(0,1)/NOR-in(1,1)/NOR-mid(1,1)/OUT-OR2(1,0)|edges=0100001000010000",0.0868677504015522,0.0797393636242878,11,toxicity_max
4,0000000101001000,"IN(0,1)/NOR-in(1,0)/NOT-in(1,1)/NOT-in(1,1)|edges=0010000000010100",0.0843391036376308,0.1254457325350479,6,toxicity_max
4,0000000101001000,"NOR-in(0,1)/NOR-in(1,1)/NOR-in(1,1)/NOT-mid(1,0)|edges=0100001000010000",0.0736780877559666,-0.0391197285857067,6,toxicity_max
4,0000000101001000,"NOR-out(1,1)/NOT-in(0,1)/NOT-mid(1,1)/OUT-OR2(1,0)|edges=0001001010000000",0.0694671455298497,0.1488749742183116,8,toxicity_max
4,0000000101001000,"NOR-in(1,1)/NOR-in(1,1)/NOT-in(0,1)/NOT-mid(1,0)|edges=0100000110000000",0.0660568228248855,0.0466525823919165,7,toxicity_max
4,0000000101001000,"NOR-in(1,1)/NOR-mid(1,0)/NOT-in(0,1)/NOT-in(1,1)|edges=0100000000011000",0.0651542229762506,0.1452224537375675,5,toxicity_max
4,0000000101001000,"IN(0,1)/NOR-in(1,1)/NOR-in(1,1)/NOT-mid(1,0)|edges=0100001000010000",0.0629091433340129,0.0777397337470884,14,toxicity_max
4,0000000101001000,"NOR-in(0,1)/NOR-out(1,1)/NOT-mid(1,1)/OUT-NOT(1,0)|edges=0010000101000000",0.0628740877839968,0.0524373739546476,5,toxicity_max
4,0000000101001000,"IN(0,1)/NOR-in(1,0)/NOR-in(1,1)/NOR-in(1,1)|edges=0010000000010100",0.0615842005821967,-0.374847975885904,50,toxicity_max
4,0000000101001000,"NOR-in(0,1)/NOR-in(1,1)/NOR-in(1,1)/NOR-mid(1,0)|edges=0100001000010000",0.0607278559429532,-0.2852861903174135,23,toxicity_max
4,0000000101001000,"NOR-in(0,1)/NOR-mid(1,1)/NOR-out(1,1)/OUT-OR2(1,0)|edges=0100001000010000",0.056366352750295,-0.246844880843642,76,toxicity_max
4,0000000101001000,"NOR-in(0,1)/NOR-out(1,0)/NOT-in(1,1)/NOT-mid(1,1)|edges=0010000000010100",0.0563609097874544,0.0790541359973046,5,toxicity_max
4,0000000101001000,"NOR-in(0,1)/NOR-in(1,1)/NOR-in(1,1)/NOR-out(1,0)|edges=0100001000010000",0.0544493278456938,-0.1296681401258871,5,toxicity_max
4,0000000101001000,"NOR-in(0,1)/NOR-in(1,1)/NOR-out(1,1)/OUT-NOT(1,0)|edges=0100001000010000",0.0514188617622519,-0.0109305339138788,8,toxicity_max
4,0000000101001000,"IN(0,1)/NOR-in(1,0)/NOR-in(1,1)/NOT-in(1,1)|edges=0010000000010100",0.0475673035306377,-0.0312552584365215,12,toxicity_max
4,0000000101001000,"NOR-in(1,1)/NOR-out(1,1)/NOT-in(0,1)/OUT-NOT(1,0)|edges=0100000110000000",0.0438303092741943,-1.1010997893038158e-05,5,toxicity_max
4,0000000101001000,"IN(0,1)/NOR-out(1,0)/NOT-in(1,1)/NOT-mid(1,1)|edges=0010000000010100",0.0393888385917999,0.1580078768019694,5,toxicity_max
4,0000000101001000,"IN(0,1)/NOR-in(1,1)/NOR-out(1,1)/OUT-NOT(1,0)|edges=0100001000010000",0.0355021806360266,-0.0188630424543521,13,toxicity_max
4,0000000101001000,"IN(0,1)/NOR-mid(1,1)/NOR-out(1,1)/OUT-OR2(1,0)|edges=0100001000010000",0.0317180234969307,0.0393720814946188,57,toxicity_max
4,0000000101001000,"NOR-in(0,1)/NOR-in(1,1)/NOR-mid(1,0)/NOT-in(1,1)|edges=0100000100000010",0.0252212973927344,-0.055689899737175,10,toxicity_max
4,0000000101001000,"IN(0,1)/NOR-in(1,1)/NOR-in(1,1)/NOT-in(1,0)|edges=0100001000010000",0.0242233486508415,-0.0331122380316325,15,toxicity_max
4,0000000101001000,"NOR-mid(1,1)/NOR-out(1,0)/NOT-in(0,1)/NOT-in(1,1)|edges=0100000000011000",0.0221448762376331,0.0210314039289164,6,toxicity_max
4,0000000101001000,"IN(0,1)/NOR-in(1,1)/NOR-out(1,0)/NOT-mid(1,1)|edges=0100000100000010",0.0078868322435632,0.0450683290802841,11,toxicity_max
4,0000000101001000,"IN(0,1)/NOR-in(1,0)/NOR-in(1,1)/NOR-in(1,1)|edges=0001000001000010",0.0075656533523565,-0.1030756518451496,5,toxicity_max
4,0000000101001000,"NOR-in(0,1)/NOR-in(1,1)/NOR-mid(1,0)/NOT-in(1,1)|edges=0001001000000100",0.0019035811475514,-0.071347851627717,5,toxicity_max
4,0000000101001000,"NOR-in(1,1)/NOR-mid(1,1)/NOT-in(0,1)/OUT-OR2(1,0)|edges=0100000110000000",-0.0003180068225799,0.010446694739318,6,toxicity_max
4,0000000101001000,"NOR-in(0,1)/NOR-in(1,1)/NOR-mid(1,1)/NOR-out(1,0)|edges=0100001000010000",-0.0009715758891607,-0.4556343496918644,88,toxicity_max
4,0000000101001000,"NOR-in(0,1)/NOR-in(1,0)/NOR-in(1,1)/NOT-in(1,1)|edges=0001000001000010",-0.001936181291652,-0.0864741393792151,5,toxicity_max
4,0000000101001000,"NOR-in(0,1)/NOR-in(1,1)/NOR-out(1,0)/NOT-mid(1,1)|edges=0100000100000010",-0.0076977399283336,-0.0320881510067207,16,toxicity_max
4,0000000101001000,"NOR-mid(1,1)/NOR-out(1,1)/NOT-in(0,1)/OUT-NOT(1,0)|edges=0100000110000000",-0.016785329279004,-0.0372262110275343,26,toxicity_max
4,0000000101001000,"NOR-in(1,1)/NOR-in(1,1)/NOR-mid(1,0)/NOT-in(0,1)|edges=0100001000001000",-0.0188641090130502,-0.1115883710167503,11,toxicity_max
4,0000000101001000,"IN(0,1)/NOR-in(1,1)/NOT-in(1,1)/NOT-mid(1,0)|edges=0010000101000000",-0.0326923062413914,0.0484731148704265,10,toxicity_max
4,0000000101001000,"IN(0,1)/NOR-in(1,1)/NOR-in(1,1)/NOT-mid(1,0)|edges=0010000101000000",-0.0401233851742689,-0.020262409743192,5,toxicity_max
4,0000000101001000,"NOR-in(1,1)/NOR-in(1,1)/NOR-mid(1,0)/NOT-in(0,1)|edges=0010100000000100",-0.0426112525015702,-0.0820162282631425,7,toxicity_max
4,0000000101001000,"NOR-in(0,1)/NOR-out(1,1)/NOT-mid(1,1)/OUT-OR2(1,0)|edges=0010000101000000",-0.0544216529616116,-0.0125762979570256,17,toxicity_max
4,0000000101001000,"IN(0,1)/NOR-in(1,0)/NOR-in(1,1)/NOT-in(1,1)|edges=0001000001000010",-0.0765186513759794,-0.1577324099893847,20,toxicity_max
4,0000000101001000,"IN(0,1)/NOR-in(1,1)/NOR-mid(1,1)/NOR-out(1,0)|edges=0100001000010000",-0.0885146666133131,-0.2471010353980789,102,toxicity_max
4,0000000101001000,"NOR-mid(1,1)/NOR-out(1,1)/NOT-in(0,1)/OUT-OR2(1,0)|edges=0100000110000000",-0.0902599996646789,0.098614862363011,23,toxicity_max
4,0000000101001000,"NOR-in(0,1)/NOR-in(1,0)/NOR-in(1,1)/NOR-in(1,1)|edges=0010000000010100",-0.1040279133695097,-0.2496077294460553,9,toxicity_max
4,0000000101001000,"IN(0,1)/NOR-in(1,1)/NOR-in(1,1)/NOR-mid(1,0)|edges=0010000101000000",-0.1084705613048456,-0.2267258236208685,13,toxicity_max
4,0000000101001000,"NOR-in(1,1)/NOR-out(1,0)/NOT-in(0,1)/NOT-mid(1,1)|edges=0001000010000100",-0.1266602497767128,-0.0430497449803656,7,toxicity_max
4,0000000101001000,"NOR-in(1,1)/NOR-mid(1,1)/NOR-out(1,0)/NOT-in(0,1)|edges=0100001000001000",-0.1533103874783457,-0.0710696933244163,41,toxicity_max
4,0000000101001000,"IN(0,1)/NOR-mid(1,1)/NOR-out(1,0)/NOT-in(1,1)|edges=0001001000000100",-0.1624413423738809,0.0661450585355905,27,toxicity_max
4,0000000101001000,"IN(0,1)/NOR-in(1,1)/NOR-mid(1,0)/NOT-in(1,1)|edges=0001001000000100",-0.198197480561745,-0.1388121432809945,31,toxicity_max
4,0000000101001000,"NOR-in(0,1)/NOR-in(1,1)/NOR-in(1,1)/NOR-mid(1,0)|edges=0010000101000000",-0.2059720503565024,-0.289414930994101,7,toxicity_max
4,0000000101001000,"IN(0,1)/NOR-out(1,1)/NOT-mid(1,1)/OUT-OR2(1,0)|edges=0010000101000000",-0.2181251040642032,-0.0835671889326734,18,toxicity_max
4,0000000101001000,"IN(0,1)/NOR-mid(1,1)/NOR-out(1,1)/OUT-NOT(1,0)|edges=0100001000010000",-0.2352230140739111,-0.1995020280245884,31,toxicity_max
4,0000000101001000,"NOR-in(0,1)/NOR-mid(1,1)/NOR-out(1,1)/OUT-NOT(1,0)|edges=0100001000010000",-0.2641529315424308,-0.2399705810593335,51,toxicity_max
4,0000000101011000,"NOR-in(0,2)/NOR-out(2,1)/NOT-mid(1,1)/OUT-OR2(1,0)|edges=0110000101000000",0.2179481459012184,0.2502455654815224,5,toxicity_max
4,0000000101011000,"NOR-in(0,2)/NOR-mid(1,1)/NOR-out(2,1)/OUT-OR2(1,0)|edges=0110001000010000",0.1531783752214453,-0.0101247928124449,12,toxicity_max
4,0000000101011000,"NOR-in(1,1)/NOR-mid(2,1)/NOR-out(1,0)/NOT-in(0,2)|edges=0100001000001100",0.1384213670498018,0.1178234223753675,6,toxicity_max
4,0000000101011000,"IN(0,2)/NOR-in(1,1)/NOR-in(2,1)/OUT-OR2(1,0)|edges=0110001000010000",0.0934739533245617,-0.1152114999738167,8,toxicity_max
4,0000000101011000,"IN(0,2)/NOR-in(2,1)/NOR-mid(1,0)/NOT-in(1,1)|edges=0101001000000100",0.0598409010342746,0.1656138938522751,7,toxicity_max
4,0000000101011000,"IN(0,2)/NOR-in(1,1)/NOR-in(2,1)/NOT-in(1,0)|edges=0110001000010000",0.0544775289433145,0.0055808053029647,9,toxicity_max
4,0000000101011000,"IN(0,2)/NOR-in(1,0)/NOR-in(2,1)/NOT-in(1,1)|edges=0011000001000010",0.0512457066071237,0.0374352578393814,6,toxicity_max
4,0000000101011000,"IN(0,2)/NOR-in(1,1)/NOR-in(2,1)/NOR-out(1,0)|edges=0110001000010000",0.0454828416241034,-0.1594681019774927,6,toxicity_max
4,0000000101011000,"IN(0,2)/NOR-in(1,1)/NOR-in(2,1)/NOR-mid(1,0)|edges=0110001000010000",0.0317471692599222,-0.2296649529888192,39,toxicity_max
4,0000000101011000,"NOR-in(0,2)/NOR-mid(1,1)/NOR-out(2,1)/OUT-NOT(1,0)|edges=0110001000010000",0.0258316143390902,0.0109516982688714,6,toxicity_max
4,0000000101011000,"IN(0,2)/NOR-in(1,1)/NOR-out(2,1)/OUT-OR2(1,0)|edges=0110001000010000",0.0238996536912107,-0.0994193950073667,9,toxicity_max
4,0000000101011000,"NOR-in(0,2)/NOR-in(1,1)/NOR-mid(2,1)/NOR-out(1,0)|edges=0110001000010000",0.0087305121886553,-0.1705685780897796,14,toxicity_max
4,0000000101011000,"IN(0,2)/NOR-in(1,0)/NOR-in(1,1)/NOR-in(2,1)|edges=0011000000010100",0.0086489715732738,-0.3337544072686157,31,toxicity_max
4,0000000101011000,"IN(0,2)/NOR-mid(1,1)/NOR-out(2,1)/OUT-OR2(1,0)|edges=0110001000010000",0.0065392551681691,-0.0112699912735191,14,toxicity_max
4,0000000101011000,"NOR-in(0,2)/NOR-in(1,1)/NOR-in(2,1)/NOR-mid(1,0)|edges=0110001000010000",-0.0110077902717117,-0.1305408390219168,5,toxicity_max
4,0000000101011000,"IN(0,2)/NOR-in(1,1)/NOR-mid(2,1)/NOR-out(1,0)|edges=0110001000010000",-0.0364200642264705,0.0345269738829255,16,toxicity_max
4,0000000110001000,"IN(0,1)/NOR-in(1,1)/NOR-out(0,1)/OUT-OR2(2,0)|edges=0100000100010000",0.2775059268404211,0.1095048830870605,29,toxicity_max
4,0000000110001000,"NOR-in(0,1)/NOR-mid(0,1)/NOR-out(1,1)/OUT-OR2(2,0)|edges=0001001000010000",0.1493405951431319,-0.0985370588392449,14,toxicity_max
4,0000000110001000,"IN(0,1)/NOR-in(0,1)/NOR-out(1,1)/OUT-OR2(2,0)|edges=0010000100010000",0.146024107788998,-0.0415654814809251,13,toxicity_max
4,0000000110001000,"IN(0,1)/IN(0,1)/NOR-in(1,1)/NOR-in(2,0)|edges=0010000100010000",0.1421994826135964,-0.0712571071899508,42,toxicity_max
4,0000000110001000,"IN(0,1)/NOR-in(0,1)/NOR-in(2,0)/NOT-in(1,1)|edges=0010000100000010",0.1207707351652977,0.0418379864227641,7,toxicity_max
4,0000000110001000,"IN(0,1)/NOR-out(1,1)/NOT-out(0,1)/OUT-OR2(2,0)|edges=0100000100010000",0.1153426393961345,0.0966427730665699,11,toxicity_max
4,0000000110001000,"NOR-in(0,1)/NOR-in(1,1)/NOR-out(0,1)/OUT-OR2(2,0)|edges=0100000100010000",0.1122699075512735,-0.1335665604297627,9,toxicity_max
4,0000000110001000,"NOR-out(0,1)/NOR-out(1,1)/NOT-in(0,1)/OUT-OR2(2,0)|edges=0001000101000000",0.1078221791095935,0.1734311492596541,6,toxicity_max
4,0000000110001000,"NOR-in(0,1)/NOR-out(1,1)/NOT-mid(0,1)/OUT-OR2(2,0)|edges=0001000101000000",0.1077025077986423,0.1036433873050391,11,toxicity_max
4,0000000110001000,"IN(0,1)/NOR-in(2,0)/NOT-in(0,1)/NOT-in(1,1)|edges=0100000000010100",0.0889218961517104,0.1158817735658364,6,toxicity_max
4,0000000110001000,"IN(0,1)/NOR-mid(0,1)/NOR-out(1,1)/OUT-OR2(2,0)|edges=0001001000010000",0.0842535314670912,0.2201757029870685,5,toxicity_max
4,0000000110001000,"IN(0,1)/NOR-out(0,1)/NOT-out(1,1)/OUT-OR2(2,0)|edges=0010000100010000",0.0835826665796063,0.1557609826966184,7,toxicity_max
4,0000000110001000,"IN(0,1)/NOR-in(1,1)/NOR-in(2,0)/NOT-in(0,1)|edges=0100001000000010",0.0675949584057736,-0.0981951778902595,20,toxicity_max
4,0000000110001000,"IN(0,1)/IN(0,1)/NOR-mid(1,1)/NOR-out(2,0)|edges=0001001000010000",0.0602195483618603,0.1473423272978255,22,toxicity_max
4,0000000110001000,"NOR-in(0,1)/NOR-out(0,1)/NOR-out(1,1)/OUT-OR2(2,0)|edges=0010000100010000",0.0570132121122421,-0.1883708176711191,18,toxicity_max
4,0000000110001000,"IN(0,1)/NOR-in(0,1)/NOR-in(1,1)/NOR-in(2,0)|edges=0010000100010000",0.0511494067554367,-0.2451709447157069,22,toxicity_max
4,0000000110001000,"IN(0,1)/NOR-in(0,1)/NOR-mid(2,0)/NOT-in(1,1)|edges=0010000100000010",0.0495206091202301,0.0323304079021465,5,toxicity_max
4,0000000110001000,"IN(0,1)/NOR-in(1,1)/NOR-mid(0,1)/NOR-out(2,0)|edges=0100000100010000",0.0477384531274987,-0.0372760815168966,8,toxicity_max
4,0000000110001000,"IN(0,1)/NOR-out(2,0)/NOT-in(0,1)/NOT-mid(1,1)|edges=0100000000010100",0.0442617471915011,0.1446631187950195,8,toxicity_max
4,0000000110001000,"NOR-mid(1,1)/NOR-out(2,0)/NOT-in(0,1)/NOT-mid(0,1)|edges=0100000010000100",0.0425272519296103,-0.0107214492247725,5,toxicity_max
4,0000000110001000,"NOR-mid(0,1)/NOR-out(1,1)/NOT-out(0,1)/OUT-OR2(2,0)|edges=0100000100010000",0.040759347644407,0.1506292356337624,6,toxicity_max
4,0000000110001000,"IN(0,1)/NOR-out(0,1)/NOT-in(1,1)/OUT-OR2(2,0)|edges=0010000100010000",0.0160152137249286,0.1066127268891216,5,toxicity_max
4,0000000110001000,"IN(0,1)/NOR-in(1,1)/NOR-mid(2,0)/NOT-in(0,1)|edges=0100001000000010",0.0142997346467815,0.0154787820174433,24,toxicity_max
4,0000000110001000,"IN(0,1)/NOR-in(0,1)/NOR-in(1,1)/NOR-mid(2,0)|edges=0010000100010000",0.0096953566979155,-0.2384009556852966,41,toxicity_max
4,0000000110001000,"NOR-in(0,1)/NOR-in(0,1)/NOR-in(1,1)/NOR-in(2,0)|edges=0010000100010000",0.0092390923316398,-0.1280410791539893,7,toxicity_max
4,0000000110001000,"NOR-in(0,1)/NOR-mid(0,1)/NOR-out(2,0)/NOT-mid(1,1)|edges=0001001000000010",0.0065863646796075,0.0128879122330927,6,toxicity_max
4,0000000110001000,"NOR-in(0,1)/NOR-mid(1,1)/NOR-out(2,0)/NOT-mid(0,1)|edges=0100001000000010",-0.0022166446147632,0.0319372486473844,10,toxicity_max
4,0000000110001000,"IN(0,1)/NOR-in(0,1)/NOR-in(1,1)/NOR-in(2,0)|edges=0001001000010000",-0.0051775537937453,-0.2291604892068621,20,toxicity_max
4,0000000110001000,"NOR-in(0,1)/NOR-in(0,1)/NOR-in(1,1)/NOR-mid(2,0)|edges=0010000100010000",-0.010177520200261,-0.214487693781761,12,toxicity_max
4,0000000110001000,"IN(0,1)/NOR-in(0,1)/NOR-in(2,0)/NOT-in(1,1)|edges=0001001000000010",-0.0215483399286511,-0.1182817838439424,12,toxicity_max
4,0000000110001000,"NOR-in(0,1)/NOR-in(0,1)/NOR-in(1,1)/NOR-mid(2,0)|edges=0001001000010000",-0.0245486404797411,-0.113286249957258,8,toxicity_max
4,0000000110001000,"IN(0,1)/NOR-in(2,0)/NOT-in(0,1)/NOT-in(1,1)|edges=0001000001000100",-0.029310777254395,0.0281638499425495,10,toxicity_max
4,0000000110001000,"IN(0,1)/NOR-in(0,1)/NOR-mid(1,1)/NOR-out(2,0)|edges=0001001000010000",-0.0294113567171281,-0.162479471959824,61,toxicity_max
4,0000000110001000,"IN(0,1)/NOR-in(1,1)/NOR-in(2,0)/NOT-in(0,1)|edges=0010001000000100",-0.0320923860418365,-0.115248939627579,19,toxicity_max
4,0000000110001000,"IN(0,1)/NOR-in(1,1)/NOR-mid(2,0)/NOT-in(0,1)|edges=0010001000000100",-0.0365695886999839,0.0771266306085782,24,toxicity_max
4,0000000110001000,"IN(0,1)/NOR-in(0,1)/NOR-in(1,1)/NOR-mid(2,0)|edges=0001001000010000",-0.0368522502885547,-0.2032672955520873,26,toxicity_max
4,0000000110001000,"NOR-in(0,1)/NOR-mid(0,1)/NOR-mid(1,1)/NOR-out(2,0)|edges=0010000100010000",-0.04703109379831,-0.2915951536442001,32,toxicity_max
4,0000000110001000,"IN(0,1)/NOR-mid(1,1)/NOR-out(2,0)/NOT-mid(0,1)|edges=0100001000000010",-0.0536946733399509,0.0229729043908922,11,toxicity_max
4,0000000110001000,"IN(0,1)/NOR-mid(0,1)/NOR-out(2,0)/NOT-mid(1,1)|edges=0001001000000010",-0.0625760107503588,-0.016163924544927,9,toxicity_max
4,0000000110001000,"IN(0,1)/NOR-in(0,1)/NOR-out(2,0)/NOT-mid(1,1)|edges=0010000100000010",-0.0632227269147008,-0.0390603139497914,10,toxicity_max
4,0000000110001000,"NOR-in(0,1)/NOR-in(1,1)/NOR-in(2,0)/NOT-in(0,1)|edges=0100001000000010",-0.0679960684332044,-0.1901073207954654,7,toxicity_max
4,0000000110001000,"IN(0,1)/IN(0,1)/NOR-mid(1,1)/NOR-out(2,0)|edges=0010000100010000",-0.0790937384525834,0.0945536193979454,19,toxicity_max
4,0000000110001000,"NOR-in(0,1)/NOR-in(1,1)/NOR-mid(2,0)/NOT-in(0,1)|edges=0010001000000100",-0.0899630105357751,-0.1272734692266184,12,toxicity_max
4,0000000110001000,"IN(0,1)/IN(0,1)/NOR-in(1,1)/NOR-mid(2,0)|edges=0001001000010000",-0.1002757820627618,-0.103734497903953,9,toxicity_max
4,0000000110001000,"IN(0,1)/NOR-mid(1,1)/NOR-out(2,0)/NOT-in(0,1)|edges=0010001000000100",-0.1012013476692145,0.1218140347454984,20,toxicity_max
4,0000000110001000,"IN(0,1)/NOR-out(0,1)/NOR-out(1,1)/OUT-OR2(2,0)|edges=0010000100010000",-0.1124756865889845,-0.0648702766486777,69,toxicity_max
4,0000000110001000,"IN(0,1)/IN(0,1)/NOR-in(1,1)/NOR-in(2,0)|edges=0001001000010000",-0.1141539452033322,-0.2112691368463311,39,toxicity_max
4,0000000110001000,"NOR-mid(0,1)/NOR-mid(1,1)/NOR-out(2,0)/NOT-in(0,1)|edges=0010001000000100",-0.1175044571941524,-0.1238903763234118,12,toxicity_max
4,0000000110001000,"IN(0,1)/NOR-in(0,1)/NOR-mid(2,0)/NOT-in(1,1)|edges=0001001000000010",-0.1202181700347476,-0.0696003877693156,14,toxicity_max
4,0000000110001000,"IN(0,1)/IN(0,1)/NOR-mid(2,0)/NOT-in(1,1)|edges=0001001000000010",-0.1247644103254997,0.1154228909409458,7,toxicity_max
4,0000000110001000,"NOR-in(0,1)/NOR-in(1,1)/NOR-mid(2,0)/NOT-in(0,1)|edges=0100001000000010",-0.1266745028331217,-0.160761326252086,14,toxicity_max
4,0000000110001000,"NOR-mid(0,1)/NOR-out(0,1)/NOR-out(1,1)/OUT-OR2(2,0)|edges=0010000100010000",-0.1440481010432976,-0.2505204207204318,51,toxicity_max
4,0000000110001000,"IN(0,1)/NOR-mid(0,1)/NOR-mid(1,1)/NOR-out(2,0)|edges=0010000100010000",-0.1511618387710045,-0.2632452123473599,38,toxicity_max
4,0000000110001000,"IN(0,1)/IN(0,1)/NOR-in(1,1)/NOR-mid(2,0)|edges=0010000100010000",-0.1633134873033387,0.0664550733352516,25,toxicity_max
4,0000000110001000,"NOR-out(0,1)/NOR-out(1,1)/NOT-mid(0,1)/OUT-OR2(2,0)|edges=0001000101000000",-0.1643330882073818,-0.0309991232485702,24,toxicity_max
4,0000000110001000,"IN(0,1)/IN(0,1)/NOR-out(2,0)/NOT-mid(1,1)|edges=0010000100000010",-0.209818741614403,-0.0977379973290858,7,toxicity_max
4,0000000110001000,"IN(0,1)/IN(0,1)/NOR-in(2,0)/NOT-in(1,1)|edges=0001001000000010",-0.2175053004465282,-0.1528121088432764,19,toxicity_max
4,0000000110001000,"IN(0,1)/IN(0,1)/NOR-in(2,0)/NOT-in(1,1)|edges=0010000100000010",-0.2706049661393436,-0.1121667977815517,17,toxicity_max
4,0000000110001010,"IN(0,1)/NOR-in(1,2)/NOR-mid(1,1)/NOR-out(2,0)|edges=0100001100010000",0.1439234477884879,0.0869747996190602,10,toxicity_max
4,0000000110001010,"NOR-in(0,1)/NOR-mid(1,2)/NOR-out(1,1)/OUT-OR2(2,0)|edges=0100001100010000",0.1053568113430083,0.0305706015086039,14,toxicity_max
4,0000000110001010,"NOR-in(1,2)/NOR-mid(1,1)/NOR-out(2,0)/NOT-in(0,1)|edges=0110001000001000",0.0895911081750952,0.0366796668731779,7,toxicity_max
4,0000000110001010,"IN(0,1)/NOR-in(1,1)/NOR-in(1,2)/NOR-in(2,0)|edges=0010000101010000",0.0763458708523021,-0.0398359089168367,9,toxicity_max
4,0000000110001010,"IN(0,1)/NOR-in(1,1)/NOR-in(1,2)/NOR-mid(2,0)|edges=0010000101010000",0.0649239692478118,-0.0581285753212846,17,toxicity_max
4,0000000110001010,"NOR-in(0,1)/NOR-in(1,1)/NOR-in(1,2)/NOR-mid(2,0)|edges=0010000101010000",0.0549541167182246,-0.138043472705876,7,toxicity_max
4,0000000110001010,"NOR-in(0,1)/NOR-in(1,2)/NOR-mid(1,1)/NOR-out(2,0)|edges=0100001100010000",0.0481625096893264,-0.1265213586779686,10,toxicity_max
4,0000000110001010,"IN(0,1)/NOR-mid(1,2)/NOR-out(1,1)/OUT-OR2(2,0)|edges=0100001100010000",0.045872478354842,0.0180433902832582,10,toxicity_max
4,0000000110001010,"NOR-in(0,1)/NOR-in(1,1)/NOR-in(1,2)/NOR-in(2,0)|edges=0010000101010000",-0.0085378389892696,-0.1948225574859566,5,toxicity_max
4,0000000110011000,"IN(0,1)/NOR-in(0,2)/NOR-in(2,0)/NOR-in(2,1)|edges=0001001100000010",0.0745967661700029,-0.0302542552979615,8,toxicity_max
4,0000000110011000,"NOR-in(0,2)/NOR-mid(2,1)/NOR-out(2,0)/NOT-in(0,1)|edges=0110001000000100",0.0633027598349455,0.0305656121523214,6,toxicity_max
4,0000000110011000,"IN(0,2)/NOR-in(0,1)/NOR-in(2,0)/NOR-in(2,1)|edges=0011000100000010",0.0418133508941085,-0.1000095618606494,7,toxicity_max
4,0000000110011000,"IN(0,1)/NOR-in(0,2)/NOR-in(2,1)/NOR-mid(2,0)|edges=0010001100010000",0.041104676132802,-0.0166611332700926,12,toxicity_max
4,0000000110011000,"IN(0,1)/NOR-mid(0,2)/NOR-out(2,1)/OUT-OR2(2,0)|edges=0010001100010000",0.0346103106199605,0.0488856006753199,12,toxicity_max
4,0000000110011000,"IN(0,1)/IN(0,2)/NOR-in(2,1)/NOR-out(2,0)|edges=0010001100010000",0.0238996536912107,-0.0994193950073667,9,toxicity_max
4,0000000110011000,"IN(0,2)/NOR-in(0,1)/NOR-mid(2,1)/NOR-out(2,0)|edges=0011001000010000",0.0130184357631542,-0.072839148942484,8,toxicity_max
4,0000000110011000,"IN(0,1)/IN(0,2)/NOR-in(2,0)/NOR-in(2,1)|edges=0001001100000010",0.0056931105068601,-0.3693221728972147,64,toxicity_max
4,0000000110011000,"IN(0,1)/IN(0,2)/NOR-in(2,1)/NOR-mid(2,0)|edges=0010001100010000",-0.0829497264734493,0.0694624041177747,10,toxicity_max
4,0000000111001000,"NOR-in(0,2)/NOR-mid(1,1)/NOR-out(1,1)/OUT-OR2(2,0)|edges=0101001000010000",0.166742221787625,0.0612601994275164,13,toxicity_max
4,0000000111001000,"NOR-in(0,2)/NOR-in(1,1)/NOR-mid(1,1)/NOR-out(2,0)|edges=0101001000010000",0.0445620365699427,-0.0538583944959224,7,toxicity_max
4,0000000111001000,"NOR-in(0,2)/NOR-in(1,1)/NOR-in(1,1)/NOR-mid(2,0)|edges=0101001000010000",0.033485012109558,-0.1040800404105033,8,toxicity_max
4,0000000111001000,"IN(0,2)/NOR-in(1,1)/NOR-in(1,1)/NOR-mid(2,0)|edges=0101001000010000",0.0249267290992473,-0.0359375333568824,16,toxicity_max
4,0000000111001000,"IN(0,2)/NOR-in(1,1)/NOR-in(1,1)/NOR-in(2,0)|edges=0101001000010000",-0.0087264702995256,-0.0820748903417096,6,toxicity_max
4,0000000111001000,"IN(0,2)/NOR-in(1,1)/NOR-mid(1,1)/NOR-out(2,0)|edges=0101001000010000",-0.0206711523923353,0.0270527202199982,29,toxicity_max
4,0000001110001000,"IN(0,2)/NOR-in(1,1)/NOR-in(1,1)/NOR-in(2,0)|edges=0110000100010000",0.0956259455493406,-0.0473839614752871,6,toxicity_max
4,0000001110001000,"NOR-in(0,2)/NOR-in(1,1)/NOR-in(1,1)/NOR-mid(2,0)|edges=0110000100010000",0.0908102052391201,-0.1684759687064725,14,toxicity_max
4,0000001110001000,"IN(0,2)/NOR-in(1,1)/NOR-in(1,1)/NOR-mid(2,0)|edges=0110000100010000",0.0704031866376743,-0.0068469467873833,7,toxicity_max
4,0000001110001000,"IN(0,2)/NOR-in(1,1)/NOR-in(2,0)/NOT-in(1,1)|edges=0101001000000010",0.0693226296416272,-0.0225211303633743,8,toxicity_max
4,0000001110001000,"NOR-in(0,2)/NOR-in(1,1)/NOR-in(1,1)/NOR-in(2,0)|edges=0110000100010000",0.0463198200408639,-0.1902344889659629,9,toxicity_max
4,0000001110001000,"NOR-mid(0,2)/NOR-out(1,1)/NOR-out(1,1)/OUT-OR2(2,0)|edges=0110000100010000",0.004483703676868,-0.048534855341508,13,toxicity_max
4,0000001110001000,"IN(0,2)/NOR-out(1,1)/NOR-out(1,1)/OUT-OR2(2,0)|edges=0110000100010000",-0.1226073121643413,0.0554000324592581,8,toxicity_max
4,0000001110001010,"NOR-in(0,2)/NOR-in(1,2)/NOR-mid(2,1)/NOR-out(2,0)|edges=0110001100010000",0.076069112964065,0.0199667689968815,5,toxicity_max
5,0000000000000000010011010,"IN(0,3)/NOR-in(1,0)/NOR-in(1,0)/NOR-out(1,1)/OUT-OR2(1,0)|edges=0111000000000000000100000",0.0348834622239864,-0.0986115628736635,6,toxicity_max
5,0000000000000000010011010,"IN(0,3)/NOR-in(1,0)/NOR-in(1,0)/NOR-mid(1,1)/NOR-out(1,0)|edges=0111000000000000000100000",-0.0150781392053079,-0.2057606834471543,9,toxicity_max
5,0000000000000000010011100,"IN(0,1)/IN(0,3)/NOR-in(1,0)/NOR-in(1,0)/NOR-mid(2,0)|edges=0000100111000000000000000",0.0428937719363636,-0.1436412276006855,6,toxicity_max
5,0000000000000000010011100,"IN(0,1)/IN(0,3)/NOR-in(1,0)/NOR-in(2,0)/NOR-mid(1,0)|edges=0001000111000000000000000",-0.1112411964737709,-0.2131177584337509,6,toxicity_max
5,0000000000000000110010100,"IN(0,2)/IN(0,2)/NOR-in(2,0)/NOR-out(1,0)/NOR-out(1,0)|edges=0011000101000000000000000",0.0303233117056795,0.0041158345390031,8,toxicity_max
5,0000000000000000110010100,"IN(0,2)/IN(0,2)/NOR-in(1,0)/NOR-in(2,0)/NOR-out(1,0)|edges=0011000011000000000000000",0.0005567426662151,0.019826379589162,5,toxicity_max
5,0000000000000000110010110,"IN(0,3)/NOR-in(1,0)/NOR-in(1,2)/NOR-in(2,0)/NOR-out(1,0)|edges=0011100000010100000000000",-0.0236083357517599,-0.1440310137683768,5,toxicity_max
5,0000000000000010000111000,"IN(0,1)/IN(0,1)/NOR-in(2,2)/NOR-mid(1,0)/OUT-OR2(1,0)|edges=0010000100000110000000000",0.2109502371245214,0.1557796259647312,7,toxicity_max
5,0000000000000010000111000,"IN(0,1)/IN(0,1)/NOR-in(1,0)/NOR-in(2,2)/OUT-OR2(1,0)|edges=0001000010000000010100000",0.1656934888500958,0.0934358244821334,9,toxicity_max
5,0000000000000010000111000,"IN(0,1)/IN(0,1)/NOR-in(1,0)/NOR-in(2,2)/NOR-mid(1,0)|edges=0001000010000000010100000",0.068242687187279,-0.0763031885627387,5,toxicity_max
5,0000000000000010010011000,"IN(0,1)/NOR-in(1,0)/NOR-in(1,1)/NOR-in(1,2)/OUT-OR2(1,0)|edges=0010000000000100100100000",0.0887179575822874,-0.1225142489863076,5,toxicity_max
5,0000000000000010010111000,"IN(0,2)/NOR-in(1,0)/NOR-in(1,1)/NOR-in(2,2)/OUT-OR2(1,0)|edges=0011000000000100100100000",0.0887179575822874,-0.1225142489863076,5,toxicity_max
5,0000000000000010100010010,"IN(0,1)/NOR-in(1,0)/NOR-in(1,2)/NOR-out(1,1)/OUT-OR2(1,0)|edges=0010000000010100000100000",0.1454322614596811,0.0047196498114137,8,toxicity_max
5,0000000000000010100010010,"IN(0,1)/NOR-in(1,1)/NOR-in(1,2)/NOR-mid(1,0)/OUT-OR2(1,0)|edges=0010000010010010000000000",0.1197028826951417,-0.0533918641949026,6,toxicity_max
5,0000000000000010100010010,"IN(0,1)/NOR-in(1,0)/NOR-in(1,2)/NOR-mid(1,1)/NOR-out(1,0)|edges=0010000000010100000100000",0.1050103638068396,-0.1100584033053944,10,toxicity_max
5,0000000000000010100010010,"IN(0,1)/NOR-in(1,0)/NOR-in(1,1)/NOR-in(1,2)/OUT-OR2(1,0)|edges=0001000000010000010100000",0.0975468531869935,-0.0979948283180605,8,toxicity_max
5,0000000000000010100010010,"IN(0,1)/NOR-in(1,0)/NOR-in(1,2)/NOR-out(1,1)/OUT-NOT(1,0)|edges=0010000000010100000100000",-0.040527030344813,-0.0548932158385817,7,toxicity_max
5,0000000000000010100011000,"IN(0,1)/IN(0,1)/NOR-in(1,2)/NOR-in(2,0)/OUT-OR2(1,0)|edges=0010000010000110000000000",0.1522488658549496,0.1517430200860518,6,toxicity_max
5,0000000000000010100011000,"IN(0,1)/NOR-in(0,1)/NOR-in(1,2)/NOR-mid(2,0)/OUT-OR2(1,0)|edges=0010000010000110000000000",0.1516370681032228,0.0539201158813018,8,toxicity_max
5,0000000000000010100011000,"IN(0,1)/NOR-in(1,0)/NOR-in(1,2)/NOR-out(0,1)/OUT-OR2(2,0)|edges=0010000000010010000100000",0.1394256825153334,-0.0395727291401547,17,toxicity_max
5,0000000000000010100011000,"IN(0,1)/NOR-in(0,1)/NOR-in(1,2)/NOR-in(2,0)/OUT-OR2(1,0)|edges=0010000010000110000000000",0.1041925885074915,-0.1124008639377252,7,toxicity_max
5,0000000000000010100011000,"NOR-in(0,1)/NOR-in(1,0)/NOR-in(1,2)/NOR-out(0,1)/OUT-OR2(2,0)|edges=0010000000010010000100000",0.0887179575822874,-0.1225142489863076,5,toxicity_max
5,0000000000000010100011000,"IN(0,1)/NOR-in(0,1)/NOR-mid(1,2)/NOR-out(1,0)/NOR-out(2,0)|edges=0000100100000110000000000",0.027370162782479,-0.0733840910048914,5,toxicity_max
5,0000000000000010100110000,"NOR-in(0,1)/NOR-in(0,2)/NOR-in(2,1)/NOR-mid(1,0)/OUT-OR2(1,0)|edges=0010000101000100000000000",0.0981059552315566,-0.0967334771058925,5,toxicity_max
5,0000000000000010100110000,"IN(0,1)/IN(0,2)/NOR-in(1,0)/NOR-in(2,1)/NOR-out(1,0)|edges=0001000011000000010000000",0.08840187381656,-0.1094806677906753,27,toxicity_max
5,0000000000000010100110000,"IN(0,2)/NOR-in(1,0)/NOR-mid(0,1)/NOR-out(2,1)/OUT-OR2(1,0)|edges=0101000000000100000100000",0.0755285624983375,-0.0859197888951971,11,toxicity_max
5,0000000000000010100110000,"IN(0,1)/IN(0,2)/NOR-in(1,0)/NOR-in(2,1)/NOR-mid(1,0)|edges=0001000011000000010000000",0.0445080350988152,-0.107379099157223,14,toxicity_max
5,0000000000000010100110000,"IN(0,1)/IN(0,2)/NOR-in(1,0)/NOR-mid(2,1)/NOR-out(1,0)|edges=0001000110000000000100000",0.0116865271383084,-0.1669613339743539,18,toxicity_max
5,0000000000000010100110000,"IN(0,1)/IN(0,2)/NOR-in(1,0)/NOR-in(1,0)/NOR-in(2,1)|edges=0000100101000000000000010",0.0019849631911718,-0.1151917988507336,5,toxicity_max
5,0000000000000010100110000,"IN(0,1)/IN(0,2)/NOR-in(2,1)/NOR-out(1,0)/NOT-in(1,0)|edges=0010000110000010000000000",-0.0004342186484949,-0.0525118057685084,5,toxicity_max
5,0000000000000010100110000,"IN(0,2)/NOR-in(1,0)/NOR-out(2,1)/NOT-mid(0,1)/OUT-OR2(1,0)|edges=0110000000000010010000000",-0.0084973016979158,-0.0361644224820527,8,toxicity_max
5,0000000000000010100110000,"IN(0,1)/IN(0,2)/NOR-in(2,1)/NOR-mid(1,0)/NOR-out(1,0)|edges=0010000101000100000000000",-0.0309949836249391,-0.0491773240648215,5,toxicity_max
5,0000000000000010100110000,"IN(0,1)/IN(0,2)/NOR-in(1,0)/NOR-out(2,1)/OUT-OR2(1,0)|edges=0001000110000000000100000",-0.0457223105883889,-0.1896939661594644,17,toxicity_max
5,0000000000000010100110000,"IN(0,1)/IN(0,2)/NOR-in(2,1)/NOR-mid(1,0)/NOT-in(1,0)|edges=0010000101000100000000000",-0.0600289640619659,-0.2148151973058489,8,toxicity_max
5,0000000000000010100110000,"IN(0,2)/NOR-in(0,1)/NOR-in(1,0)/NOR-mid(2,1)/NOR-out(1,0)|edges=0011000010000000000100000",-0.060935860989697,-0.1992799890376297,10,toxicity_max
5,0000000000000010100110000,"IN(0,1)/IN(0,2)/NOR-in(1,0)/NOR-in(2,1)/NOT-in(1,0)|edges=0001000011000000010000000",-0.092857803537263,-0.1902538962402826,8,toxicity_max
5,0000000000000010100110000,"IN(0,1)/IN(0,2)/NOR-in(1,0)/NOR-in(2,1)/NOR-mid(1,0)|edges=0001000110000000000100000",-0.1036458838712242,-0.1789387605793367,7,toxicity_max
5,0000000000000010100110000,"IN(0,1)/IN(0,2)/NOR-mid(2,1)/NOR-out(1,0)/NOT-in(1,0)|edges=0010000101000100000000000",-0.1053184082986441,-0.0645449832068551,8,toxicity_max
5,0000000000000010100110000,"IN(0,2)/NOR-mid(1,0)/NOR-out(2,1)/NOT-mid(0,1)/OUT-OR2(1,0)|edges=0110000000000010010000000",-0.1304432261953817,-0.101193821393909,5,toxicity_max
5,0000000000000010100110000,"IN(0,1)/IN(0,2)/NOR-mid(1,0)/NOR-out(2,1)/OUT-OR2(1,0)|edges=0001000110000000000100000",-0.1347836425600991,-0.0036416920550249,8,toxicity_max
5,0000000000000010100110000,"IN(0,1)/IN(0,2)/NOR-out(2,1)/NOT-in(1,0)/OUT-OR2(1,0)|edges=0010000110000010000000000",-0.1387742079381587,-0.0280599974120147,16,toxicity_max
5,0000000000000010100110000,"IN(0,2)/NOR-in(0,1)/NOR-in(1,0)/NOR-in(2,1)/NOR-mid(1,0)|edges=0011000010000000000100000",-0.1621498186971887,-0.2088012685182595,5,toxicity_max
5,0000000000000010100110000,"IN(0,2)/NOR-in(1,0)/NOR-mid(0,1)/NOR-out(2,1)/OUT-NOT(1,0)|edges=0101000000000100000100000",-0.1769361958254029,-0.1071821928046065,6,toxicity_max
5,0000000000000010100110000,"IN(0,2)/NOR-out(2,1)/NOT-in(1,0)/NOT-mid(0,1)/OUT-OR2(1,0)|edges=0110000001000000100000000",-0.1806649638013512,-0.0618381520798154,5,toxicity_max
5,0000000000000010100111000,"IN(0,1)/IN(0,2)/NOR-in(2,0)/NOR-in(2,2)/NOR-out(1,0)|edges=0001000110000000010100000",0.1503556004674255,0.0279533839478005,6,toxicity_max
5,0000000000000010100111000,"IN(0,1)/IN(0,2)/NOR-in(2,0)/NOR-in(2,2)/NOR-mid(1,0)|edges=0001000110000000010100000",0.0875322677821701,0.0020846164372673,5,toxicity_max
5,0000000000000010100111000,"IN(0,1)/IN(0,2)/NOR-in(2,0)/NOR-in(2,2)/OUT-OR2(1,0)|edges=0001000110000000010100000",0.0498928255324762,0.0194000639010389,5,toxicity_max
5,0000000000000010100111000,"IN(0,1)/IN(0,2)/NOR-in(1,0)/NOR-in(2,0)/NOR-in(2,2)|edges=0000100011000000000000110",0.0484351393718992,-0.0470791821487651,5,toxicity_max
5,0000000000000010110010000,"IN(0,2)/NOR-in(1,0)/NOR-mid(1,1)/NOR-out(1,1)/OUT-OR2(1,0)|edges=0110000000000100000100000",0.1420304770548505,-0.1040804615416889,19,toxicity_max
5,0000000000000010110010000,"IN(0,2)/NOR-in(1,1)/NOR-in(1,1)/NOR-mid(1,0)/NOR-mid(1,0)|edges=0101000100000010000000000",0.0653134718423905,-0.0742805970740607,7,toxicity_max
5,0000000000000010110010000,"IN(0,2)/NOR-in(1,0)/NOR-in(1,1)/NOR-out(1,1)/OUT-OR2(1,0)|edges=0110000000000100000100000",0.0643740237894351,-0.0898809460566951,6,toxicity_max
5,0000000000000010110010000,"IN(0,2)/NOR-in(1,1)/NOR-in(1,1)/NOR-mid(1,0)/NOR-out(1,0)|edges=0100100100000100000000000",0.048227237552586,-0.0887097657921999,7,toxicity_max
5,0000000000000010110010000,"IN(0,2)/NOR-in(1,0)/NOR-in(1,1)/NOR-in(1,1)/NOR-out(1,0)|edges=0010100000000100100000000",0.0383198212688821,-0.1921118138846372,14,toxicity_max
5,0000000000000010110010000,"IN(0,2)/NOR-in(1,1)/NOR-in(1,1)/NOR-out(1,0)/NOT-in(1,0)|edges=0101000100000010000000000",0.0230428505165329,-0.0186857695404394,6,toxicity_max
5,0000000000000010110010000,"IN(0,2)/NOR-mid(1,1)/NOR-out(1,1)/NOT-in(1,0)/OUT-OR2(1,0)|edges=0101000100000010000000000",-0.0230301168843373,-0.0172998381516994,6,toxicity_max
5,0000000000000010110010000,"IN(0,2)/NOR-in(1,1)/NOR-mid(1,1)/NOR-out(1,0)/NOR-out(1,0)|edges=0101000100000010000000000",-0.0316308576496541,-0.0721222285851083,8,toxicity_max
5,0000000000000010110010000,"NOR-in(0,2)/NOR-in(1,0)/NOR-mid(1,1)/NOR-out(1,1)/OUT-NOT(1,0)|edges=0110000000000100000100000",-0.047665649393076,-0.0685680824818522,7,toxicity_max
5,0000000000000010110010000,"IN(0,2)/NOR-in(1,0)/NOR-in(1,1)/NOR-out(1,0)/NOT-in(1,1)|edges=0011000000000010000001000",-0.0488686374117356,-0.077816679250399,5,toxicity_max
5,0000000000000010110010000,"IN(0,2)/NOR-in(1,1)/NOR-mid(1,0)/NOR-mid(1,0)/NOT-in(1,1)|edges=0010100010000000000001000",-0.0779055435850936,-0.0280387871425244,6,toxicity_max
5,0000000000000010110010000,"IN(0,2)/NOR-in(1,0)/NOR-in(1,1)/NOR-mid(1,1)/NOR-out(1,0)|edges=0110000000000100000100000",-0.0802390625250252,-0.2467951798912364,20,toxicity_max
5,0000000000000010110010000,"IN(0,2)/NOR-mid(1,1)/NOR-out(1,0)/NOR-out(1,0)/NOT-in(1,1)|edges=0010100010000000000001000",-0.0874509300160356,0.0631429437905217,6,toxicity_max
5,0000000000000010110010000,"NOR-in(0,2)/NOR-in(1,0)/NOR-in(1,1)/NOR-mid(1,1)/NOR-out(1,0)|edges=0110000000000100000100000",-0.0894620082962029,-0.2266007132078446,8,toxicity_max
5,0000000000000010110010000,"IN(0,2)/NOR-in(1,0)/NOR-in(1,1)/NOR-in(1,1)/NOR-mid(1,0)|edges=0010100000000100100000000",-0.1224654466414455,-0.188252940341584,5,toxicity_max
5,0000000000000010110010000,"IN(0,2)/NOR-in(1,0)/NOR-mid(1,1)/NOR-out(1,0)/NOT-in(1,1)|edges=0100100000000100000000100",-0.1242043221698267,-0.1357321012713503,7,toxicity_max
5,0000000000000010110010000,"IN(0,2)/NOR-mid(1,1)/NOR-out(1,1)/NOT-in(1,0)/OUT-NOT(1,0)|edges=0101000100000010000000000",-0.1324639641747063,-0.0537409141555946,8,toxicity_max
5,0000000000000010110010000,"IN(0,2)/NOR-in(1,1)/NOR-mid(1,0)/NOR-out(1,0)/NOT-in(1,1)|edges=0001100100000000000001000",-0.1575110115745001,-0.1401967221454111,6,toxicity_max
5,0000000000000010110010000,"IN(0,2)/NOR-in(1,0)/NOR-mid(1,1)/NOR-out(1,1)/OUT-NOT(1,0)|edges=0110000000000100000100000",-0.1877248241037784,-0.2407098746135224,16,toxicity_max
5,0000000000000010110010000,"IN(0,2)/NOR-in(1,1)/NOR-mid(1,1)/NOR-out(1,0)/NOT-in(1,0)|edges=0100100100000100000000000",-0.2106606676355828,-0.2397998220839529,13,toxicity_max
5,0000000000000010110011000,"IN(0,2)/NOR-in(1,1)/NOR-mid(1,2)/NOR-out(1,0)/NOR-out(2,0)|edges=0100100100000110000000000",-0.0054082955134515,-0.0204346026224536,6,toxicity_max
5,0000000000000011100001000,"IN(0,1)/NOR-in(0,2)/NOR-in(1,1)/NOR-in(2,0)/OUT-OR2(1,0)|edges=0010000011000100000000000",0.0981059552315566,-0.0967334771058925,5,toxicity_max
5,0000000000000011100001000,"IN(0,1)/NOR-in(0,2)/NOR-in(1,0)/NOR-out(1,1)/OUT-OR2(2,0)|edges=0001000101000000000100000",0.0970273068665206,-0.0863826305410707,10,toxicity_max
5,0000000000000011100001000,"NOR-in(0,2)/NOR-in(1,0)/NOR-out(1,1)/NOT-mid(0,1)/OUT-OR2(2,0)|edges=0100100000000010010000000",0.0847402095224014,0.0177451341316527,6,toxicity_max
5,0000000000000011100001000,"IN(0,1)/IN(0,2)/NOR-in(1,1)/NOR-in(2,0)/NOR-mid(1,0)|edges=0010000011000100000000000",0.0822002747304421,-0.0890718137747091,10,toxicity_max
5,0000000000000011100001000,"IN(0,1)/IN(0,2)/NOR-in(1,0)/NOR-mid(1,1)/NOR-out(2,0)|edges=0001000101000000000100000",0.074730182913966,-0.0123156036323567,11,toxicity_max
5,0000000000000011100001000,"IN(0,2)/NOR-in(0,1)/NOR-in(1,0)/NOR-mid(1,1)/NOR-out(2,0)|edges=0010100010000000000100000",0.0224477345659195,-0.1514947084337617,13,toxicity_max
5,0000000000000011100001000,"IN(0,1)/IN(0,2)/NOR-in(1,1)/NOR-in(2,0)/NOR-out(1,0)|edges=0010000011000100000000000",0.013115356090901,-0.1424538940713873,14,toxicity_max
5,0000000000000011100001000,"IN(0,1)/NOR-in(0,2)/NOR-in(1,1)/NOR-mid(2,0)/OUT-OR2(1,0)|edges=0010000011000100000000000",-0.0073350187837051,-0.0424355923705534,6,toxicity_max
5,0000000000000011100001000,"IN(0,1)/IN(0,2)/NOR-in(2,0)/NOR-out(1,0)/NOT-in(1,1)|edges=0000100110000000000000100",-0.0408735343246921,0.0120823876419687,6,toxicity_max
5,0000000000000011100001000,"IN(0,1)/IN(0,2)/NOR-in(1,0)/NOR-in(1,1)/NOR-in(2,0)|edges=0001000101000000000100000",-0.0687170764453711,-0.1734609738402456,5,toxicity_max
5,0000000000000011100001000,"IN(0,2)/NOR-in(1,0)/NOR-mid(1,1)/NOR-out(2,0)/NOT-in(0,1)|edges=0101000000000100000000100",-0.0805054962776182,-0.054716812303963,5,toxicity_max
5,0000000000000011100001000,"IN(0,1)/IN(0,2)/NOR-in(1,1)/NOR-mid(2,0)/NOR-out(1,0)|edges=0010000011000100000000000",-0.1329512423987635,-0.1131741976944282,5,toxicity_max
5,0000000000000011100001000,"IN(0,2)/NOR-in(1,1)/NOR-mid(2,0)/NOR-out(1,0)/NOT-in(0,1)|edges=0011000100000000000001000",-0.1335489275320679,-0.0897265453193784,5,toxicity_max
5,0000000000000011100001000,"IN(0,1)/IN(0,2)/NOR-in(1,0)/NOR-in(1,1)/NOR-mid(2,0)|edges=0001000101000000000100000",-0.1667119793405401,-0.1700519280572901,6,toxicity_max
5,0000000000000011100001000,"IN(0,1)/IN(0,2)/NOR-out(2,0)/NOT-in(1,0)/NOT-mid(1,1)|edges=0000100110000000000000100",-0.1806649638013512,-0.0618381520798154,5,toxicity_max
5,0000000000000011100001000,"IN(0,1)/IN(0,2)/NOR-in(2,0)/NOT-in(1,0)/NOT-in(1,1)|edges=0000100110000000000000100",-0.1973841435535644,-0.1003301615678098,5,toxicity_max
5,0000000000000011100101000,"IN(0,1)/IN(0,3)/NOR-in(2,0)/NOR-in(2,1)/NOR-out(1,0)|edges=0001000111000000010000000",-0.0358562159946144,-0.0386038590862567,5,toxicity_max
5,0000000000000011100101000,"IN(0,1)/IN(0,3)/NOR-in(2,0)/NOR-in(2,1)/NOR-mid(1,0)|edges=0001000111000000010000000",-0.0510460724241125,-0.1874453895579566,9,toxicity_max
5,0000000000000011110001000,"IN(0,3)/NOR-in(1,0)/NOR-in(1,1)/NOR-mid(1,1)/NOR-out(2,0)|edges=0110100000000100000100000",-0.0072033925287519,-0.0903917011886007,6,toxicity_max
5,0000000000000110100010000,"IN(0,2)/NOR-in(1,1)/NOR-mid(1,1)/NOR-out(1,0)/NOT-in(1,0)|edges=0110000001000100000000000",0.1457130592954354,0.0432499849053206,5,toxicity_max
5,0000000000000110100010000,"NOR-in(0,2)/NOR-in(1,1)/NOR-mid(1,0)/NOR-out(1,1)/OUT-OR2(1,0)|edges=0101000100000000000100000",0.0849197277741944,-0.1226596755284495,7,toxicity_max
5,0000000000000110100010000,"IN(0,2)/NOR-in(1,0)/NOR-in(1,1)/NOR-out(1,1)/OUT-OR2(1,0)|edges=0011000000010000000100000",0.0370666552308947,-0.2196102658005523,35,toxicity_max
5,0000000000000110100010000,"IN(0,2)/NOR-in(1,0)/NOR-in(1,1)/NOR-mid(1,1)/NOR-out(1,0)|edges=0011000000010000000100000",0.0168276198880723,-0.1695221817401417,22,toxicity_max
5,0000000000000110100010000,"IN(0,2)/NOR-in(1,1)/NOR-out(1,1)/NOT-in(1,0)/OUT-OR2(1,0)|edges=0110000010000010000000000",-0.0101947712722691,-0.066445048765314,5,toxicity_max
5,0000000000000110100010000,"IN(0,2)/NOR-in(1,1)/NOR-mid(1,0)/NOR-out(1,1)/OUT-OR2(1,0)|edges=0101000100000000000100000",-0.0561715994978907,-0.1142517152871642,12,toxicity_max
5,0000000000000110100010000,"IN(0,2)/NOR-mid(1,0)/NOR-out(1,1)/NOT-in(1,1)/OUT-OR2(1,0)|edges=0011000000000010100000000",-0.0701873718019947,0.0916786349984785,7,toxicity_max
5,0000000000000110100010000,"IN(0,2)/NOR-in(1,0)/NOR-in(1,1)/NOR-out(1,1)/OUT-NOT(1,0)|edges=0011000000010000000100000",-0.0978907205936179,-0.0472535888972953,9,toxicity_max
5,0000000000000110100010000,"IN(0,2)/NOR-in(1,0)/NOR-mid(1,1)/NOR-out(1,0)/NOT-in(1,1)|edges=0010100000000100000001000",-0.1249663147823775,-0.0550364687072643,8,toxicity_max
5,0000000000000110100010000,"IN(0,2)/NOR-in(1,0)/NOR-out(1,1)/NOT-in(1,1)/OUT-OR2(1,0)|edges=0011000000000010100000000",-0.2479857049756521,-0.1950256670766324,13,toxicity_max
5,0000000000000110100010010,"IN(0,2)/NOR-in(1,0)/NOR-in(1,2)/NOR-in(2,1)/OUT-OR2(1,0)|edges=0011000000010100000100000",0.0859942351040044,-0.1446506245082502,7,toxicity_max
5,0000000000000110100010010,"IN(0,2)/NOR-in(1,0)/NOR-in(1,2)/NOR-in(2,1)/NOR-out(1,0)|edges=0011000000000110100000000",0.0741489022037748,-0.0996656402352966,5,toxicity_max
5,0000000000000110100010010,"IN(0,2)/NOR-in(1,0)/NOR-in(1,2)/NOR-in(2,1)/NOR-out(1,0)|edges=0011000000010100000100000",0.0604252103741429,-0.1596377866425676,5,toxicity_max
5,0000000000000110100010010,"IN(0,2)/NOR-in(1,0)/NOR-in(1,2)/NOR-out(2,1)/OUT-OR2(1,0)|edges=0011000000010100000100000",0.0274803014166787,-0.1445689365292617,6,toxicity_max
5,0000000000000110100010010,"IN(0,2)/NOR-in(1,0)/NOR-in(1,0)/NOR-in(1,2)/NOR-in(2,1)|edges=0001100000000000100100100",-0.0708724509628625,-0.2513813199500282,8,toxicity_max
5,0000000000000110100010010,"IN(0,2)/NOR-in(1,0)/NOR-in(1,2)/NOR-in(2,1)/NOR-mid(1,0)|edges=0011000000010100000100000",-0.0996750442418234,-0.1894518597241475,5,toxicity_max
5,0000000000010000100010010,"IN(0,1)/IN(0,2)/NOR-in(1,0)/NOR-mid(1,1)/NOR-out(2,0)|edges=0000100110000000000100000",0.1686232149730979,0.0074778169801249,12,toxicity_max
5,0000000000010000100010010,"IN(0,2)/NOR-in(1,0)/NOR-in(1,1)/NOR-out(0,1)/OUT-OR2(2,0)|edges=0110000000000010000100000",0.1025622005529046,-0.0240632588145128,6,toxicity_max
5,0000000000010000100010010,"NOR-in(0,2)/NOR-in(1,0)/NOR-in(1,1)/NOR-out(0,1)/OUT-OR2(2,0)|edges=0110000000000010000100000",0.0859942351040044,-0.1446506245082502,7,toxicity_max
5,0000000000010000100010010,"IN(0,1)/IN(0,2)/NOR-in(1,1)/NOR-in(2,0)/NOR-out(1,0)|edges=0001000101000100000000000",0.0721572027570762,-0.0976065781637642,22,toxicity_max
5,0000000000010000100010010,"IN(0,2)/NOR-in(0,1)/NOR-in(1,1)/NOR-in(2,0)/NOR-out(1,0)|edges=0010100010000100000000000",0.0181321178383224,-0.1274749566890953,9,toxicity_max
5,0000000000010000100010010,"NOR-in(0,2)/NOR-in(1,0)/NOR-out(0,1)/NOR-out(1,1)/OUT-OR2(2,0)|edges=0101000000000010000100000",0.0171962306745535,-0.1290837104779918,5,toxicity_max
5,0000000000010000100010010,"IN(0,2)/NOR-in(0,1)/NOR-in(1,1)/NOR-mid(1,0)/NOR-mid(2,0)|edges=0011000001000010000000000",-0.0037640243753662,-0.1337687152752306,5,toxicity_max
5,0000000000010000100010010,"IN(0,1)/IN(0,2)/NOR-in(1,0)/NOR-in(1,1)/NOR-in(2,0)|edges=0000100110000000000100000",-0.0150511563015902,-0.160538432887725,11,toxicity_max
5,0000000000010000100010010,"IN(0,2)/NOR-in(1,1)/NOR-out(0,1)/NOT-in(1,0)/OUT-OR2(2,0)|edges=0101000001000010000000000",-0.018126286974694,-0.0949059949597972,5,toxicity_max
5,0000000000010000100010010,"IN(0,2)/NOR-in(1,0)/NOR-out(0,1)/NOR-out(1,1)/OUT-OR2(2,0)|edges=0101000000000010000100000",-0.0286469361382718,-0.1758651122264183,33,toxicity_max
5,0000000000010000100010010,"IN(0,1)/IN(0,2)/NOR-in(1,1)/NOR-in(2,0)/NOR-mid(1,0)|edges=0001000101000100000000000",-0.0339165625084071,-0.1361258705750026,8,toxicity_max
5,0000000000010000100010010,"IN(0,1)/IN(0,2)/NOR-in(1,0)/NOR-in(1,1)/NOR-mid(2,0)|edges=0000100110000000000100000",-0.0773403903745755,-0.1150923379262625,5,toxicity_max
5,0000000000010000100010010,"IN(0,2)/NOR-mid(0,1)/NOR-mid(1,1)/NOR-out(2,0)/NOT-in(1,0)|edges=0010100010000100000000000",-0.0779055435850936,-0.0280387871425244,6,toxicity_max
5,0000000000010000100010010,"IN(0,1)/IN(0,2)/NOR-mid(1,1)/NOR-out(1,0)/NOR-out(2,0)|edges=0000100110000010000000000",-0.0849333532991258,0.0011226206763064,7,toxicity_max
5,0000000000010000100010010,"IN(0,1)/IN(0,2)/NOR-in(1,1)/NOR-in(2,0)/NOT-in(1,0)|edges=0001000101000100000000000",-0.0874607928178173,-0.1571014942685114,5,toxicity_max
5,0000000000010000100010010,"IN(0,1)/NOR-in(0,2)/NOR-in(1,0)/NOR-in(1,1)/NOR-in(2,0)|edges=0000100110000000000100000",-0.0947001656291918,-0.2128571629426531,5,toxicity_max
5,0000000000010000100010010,"IN(0,1)/IN(0,2)/NOR-out(1,0)/NOR-out(2,0)/NOT-mid(1,1)|edges=0001000101000000000000010",-0.1270176681500923,-0.1124796163318546,5,toxicity_max
5,0000000000010000100010010,"IN(0,2)/NOR-out(0,1)/NOR-out(1,1)/NOT-in(1,0)/OUT-OR2(2,0)|edges=0011000001000010000000000",-0.1954521978137941,-0.043483256200851,20,toxicity_max
5,0000000000010000100010010,"IN(0,2)/NOR-in(1,0)/NOR-mid(0,1)/NOR-mid(1,1)/NOR-out(2,0)|edges=0101000000000010000100000",-0.1986750007846952,-0.2808660471646823,20,toxicity_max
5,0000000000010000100010010,"IN(0,1)/IN(0,2)/NOR-in(2,0)/NOR-out(1,0)/NOT-in(1,1)|edges=0010000011000000000000100",-0.2541942411390965,-0.0832280523229206,5,toxicity_max
5,0000000000010000100110000,"NOR-in(0,2)/NOR-in(1,0)/NOR-in(1,1)/NOR-out(0,1)/OUT-OR2(2,0)|edges=0010100000010000000100000",0.0939638560809499,-0.1043947380031001,8,toxicity_max
5,0000000000010000100110000,"IN(0,1)/IN(0,2)/NOR-in(1,1)/NOR-in(2,0)/NOR-out(1,0)|edges=0001000110000010000000000",0.0735923598848935,-0.0724658502583426,6,toxicity_max
5,0000000000010000100110000,"NOR-in(0,1)/NOR-in(0,2)/NOR-mid(2,0)/NOR-out(1,1)/OUT-OR2(1,0)|edges=0010000110000000000100000",0.0714145506795475,-0.1540310534146305,5,toxicity_max
5,0000000000010000100110000,"IN(0,1)/IN(0,2)/NOR-in(1,0)/NOR-in(1,1)/NOR-mid(2,0)|edges=0000100011000000010000000",0.0607713442196107,-0.1190940623713015,10,toxicity_max
5,0000000000010000100110000,"IN(0,2)/NOR-in(1,0)/NOR-in(1,1)/NOR-mid(0,1)/NOR-out(2,0)|edges=0010100000010000000100000",0.0509206544618718,-0.0905112627717603,7,toxicity_max
5,0000000000010000100110000,"IN(0,2)/NOR-in(0,1)/NOR-in(2,0)/NOR-out(1,1)/OUT-OR2(1,0)|edges=0011000100000000000100000",0.0465065538200243,-0.1064530204650052,11,toxicity_max
5,0000000000010000100110000,"IN(0,1)/IN(0,2)/NOR-in(2,0)/NOR-out(1,1)/OUT-OR2(1,0)|edges=0010000110000000000100000",0.0447673756304997,-0.0617578622153045,36,toxicity_max
5,0000000000010000100110000,"IN(0,2)/NOR-in(0,1)/NOR-in(2,0)/NOR-mid(1,1)/NOR-out(1,0)|edges=0011000100000000000100000",0.0351848757553887,-0.1281831724292136,12,toxicity_max
5,0000000000010000100110000,"IN(0,1)/IN(0,2)/NOR-in(1,1)/NOR-mid(1,0)/NOR-mid(2,0)|edges=0000100101000100000000000",0.0341816498408775,-0.1634791055908525,10,toxicity_max
5,0000000000010000100110000,"IN(0,2)/NOR-in(1,0)/NOR-in(1,1)/NOR-out(2,0)/NOT-mid(0,1)|edges=0011000000010000000000010",0.0231219174567698,-0.0145566553306225,8,toxicity_max
5,0000000000010000100110000,"IN(0,1)/IN(0,2)/NOR-in(2,0)/NOR-mid(1,1)/NOR-out(1,0)|edges=0010000110000000000100000",-0.0072287229036546,-0.1976198232197012,30,toxicity_max
5,0000000000010000100110000,"IN(0,1)/IN(0,2)/NOR-in(1,0)/NOR-in(1,1)/NOR-out(2,0)|edges=0000100011000000010000000",-0.034684434347333,-0.17938831829887,5,toxicity_max
5,0000000000010000100110000,"IN(0,1)/IN(0,2)/NOR-mid(1,0)/NOR-out(2,0)/NOT-in(1,1)|edges=0001000011000000000000100",-0.0378847909674745,0.0871153756767908,5,toxicity_max
5,0000000000010000100110000,"IN(0,1)/IN(0,2)/NOR-in(1,1)/NOR-mid(1,0)/NOR-out(2,0)|edges=0000100101000100000000000",-0.0385144368513753,-0.1312096967380503,9,toxicity_max
5,0000000000010000100110000,"IN(0,1)/IN(0,2)/NOR-in(1,0)/NOR-in(2,0)/NOT-in(1,1)|edges=0001000011000000000000100",-0.067861011674495,-0.1568294981881999,7,toxicity_max
5,0000000000010000100110000,"IN(0,1)/IN(0,2)/NOR-mid(1,1)/NOR-out(1,0)/NOR-out(2,0)|edges=0000100101000100000000000",-0.0698403255274565,0.0092806317296391,5,toxicity_max
5,0000000000010000100110000,"IN(0,1)/IN(0,2)/NOR-in(1,0)/NOR-in(1,1)/NOR-in(2,0)|edges=0000100011000000010000000",-0.0849170055940064,-0.2167070088241792,13,toxicity_max
5,0000000000010000100110000,"IN(0,1)/IN(0,2)/NOR-in(1,0)/NOR-mid(2,0)/NOT-in(1,1)|edges=0001000011000000000000100",-0.0851647120587527,-0.049425373204068,5,toxicity_max
5,0000000000010000100110000,"IN(0,2)/NOR-in(2,0)/NOR-out(1,1)/NOT-in(0,1)/OUT-OR2(1,0)|edges=0110000000000010100000000",-0.0880717898016872,-0.065376914377951,11,toxicity_max
5,0000000000010000100110000,"IN(0,1)/IN(0,2)/NOR-in(2,0)/NOR-mid(1,0)/NOT-in(1,1)|edges=0010000101000000000000010",-0.0907128788497998,-0.134552281709429,6,toxicity_max
5,0000000000010000100110000,"IN(0,1)/IN(0,2)/NOR-in(1,0)/NOR-out(2,0)/NOT-in(1,1)|edges=0001000011000000000000100",-0.1080156668285684,-0.0752928954875819,6,toxicity_max
5,0000000000010000100110000,"IN(0,2)/NOR-in(0,1)/NOR-mid(2,0)/NOR-out(1,1)/OUT-OR2(1,0)|edges=0011000100000000000100000",-0.1137712345303698,-0.1316496099931752,9,toxicity_max
5,0000000000010000100110000,"IN(0,2)/NOR-mid(1,1)/NOR-out(1,0)/NOR-out(2,0)/NOT-mid(0,1)|edges=0101000100000000000000010",-0.1304432261953817,-0.101193821393909,5,toxicity_max
5,0000000000010000100110000,"IN(0,1)/IN(0,2)/NOR-in(1,1)/NOR-in(2,0)/NOR-mid(1,0)|edges=0001000110000010000000000",-0.1316967184073873,-0.2355361791443307,13,toxicity_max
5,0000000000010000100110000,"IN(0,1)/IN(0,2)/NOR-in(2,0)/NOR-out(1,1)/OUT-NOT(1,0)|edges=0010000110000000000100000",-0.1502466589814087,-0.0317787978449288,10,toxicity_max
5,0000000000010000110010100,"IN(0,2)/NOR-in(1,0)/NOR-mid(0,2)/NOR-out(2,1)/OUT-OR2(2,0)|edges=0101000000000110000100000",0.0593218126958184,-0.0196134691717322,6,toxicity_max
5,0000000000010000110010100,"IN(0,2)/IN(0,2)/NOR-in(2,0)/NOR-in(2,1)/NOR-mid(1,0)|edges=0011000011000000010000000",-0.0374748064054077,-0.1660144737983066,6,toxicity_max
5,0000000000010000110010100,"IN(0,2)/IN(0,2)/NOR-in(2,0)/NOR-in(2,1)/NOR-out(1,0)|edges=0001100110000000010000000",-0.190522229097587,-0.0801662510303683,5,toxicity_max
5,0000000000010000110110000,"IN(0,3)/NOR-in(1,1)/NOR-in(2,0)/NOR-out(1,1)/OUT-OR2(1,0)|edges=0111000100000000000100000",-0.0072391698349173,-0.1314249725399136,9,toxicity_max
5,0000000000010000110110000,"IN(0,3)/NOR-in(1,1)/NOR-in(2,0)/NOR-mid(1,1)/NOR-out(1,0)|edges=0111000100000000000100000",-0.0841085729464918,-0.2277548459867428,11,toxicity_max
5,0000000000010001000011000,"NOR-in(0,1)/NOR-in(0,2)/NOR-in(2,0)/NOR-out(0,1)/OUT-OR2(2,0)|edges=0010000101000000000100000",0.1157418767142568,-0.1140585049346965,7,toxicity_max
5,0000000000010001000011000,"IN(0,1)/IN(0,1)/IN(0,2)/NOR-in(2,0)/NOR-mid(2,0)|edges=0001000001000110000000000",0.0973513547030456,-0.0903114379398607,13,toxicity_max
5,0000000000010001000011000,"IN(0,1)/IN(0,2)/NOR-in(2,0)/NOR-out(2,0)/NOT-mid(0,1)|edges=0010000110000000000000010",0.0457340727830615,0.0107637009672409,9,toxicity_max
5,0000000000010001000011000,"IN(0,1)/IN(0,2)/NOR-in(2,0)/NOR-mid(0,1)/NOR-out(2,0)|edges=0010000101000000000100000",-0.009607124198418,-0.0915916602439814,18,toxicity_max
5,0000000000010001000011000,"IN(0,1)/IN(0,1)/IN(0,2)/NOR-in(2,0)/NOR-in(2,0)|edges=0000100010000110000000000",-0.0309655821207271,-0.075385091991041,5,toxicity_max
5,0000000000010001000011000,"IN(0,1)/IN(0,1)/IN(0,2)/NOR-in(2,0)/NOR-in(2,0)|edges=0001000001000110000000000",-0.0695570506045339,-0.1216912908569136,5,toxicity_max
5,0000000000010001000011000,"IN(0,1)/IN(0,2)/NOR-in(0,1)/NOR-in(2,0)/NOR-mid(2,0)|edges=0001000011000010000000000",-0.1041883441077892,-0.1976758518844148,10,toxicity_max
5,0000000000010001000011010,"IN(0,1)/IN(0,3)/NOR-in(1,1)/NOR-in(2,0)/NOR-mid(2,0)|edges=0000100111000100000000000",0.0089069576196956,-0.1202291028388776,5,toxicity_max
5,0000000000010001000011010,"IN(0,1)/IN(0,3)/NOR-in(2,0)/NOR-mid(1,1)/NOR-out(2,0)|edges=0010000111000000000100000",-0.0505543188849053,-0.1114590786440847,5,toxicity_max
5,0000000000010001000110100,"IN(0,2)/NOR-in(1,2)/NOR-in(2,0)/NOR-out(1,1)/OUT-OR2(1,0)|edges=0110000110000000000100000",0.1461763683194247,-0.0459413196007662,7,toxicity_max
5,0000000000010001000110100,"IN(0,2)/NOR-in(1,1)/NOR-in(1,2)/NOR-in(2,0)/OUT-OR2(1,0)|edges=0011000001010100000000000",0.0800460668194991,-0.1417971251632028,6,toxicity_max
5,0000000000010001000110100,"IN(0,2)/NOR-in(1,1)/NOR-in(1,2)/NOR-in(2,0)/NOR-out(1,0)|edges=0011000001010100000000000",0.0604252103741429,-0.1596377866425676,5,toxicity_max
5,0000000000010001000110100,"IN(0,2)/NOR-in(1,2)/NOR-in(2,0)/NOR-mid(1,1)/NOR-out(1,0)|edges=0110000110000000000100000",-0.0372247235109493,-0.0934606208192736,8,toxicity_max
5,0000000000010001000110100,"IN(0,2)/NOR-in(1,0)/NOR-in(1,1)/NOR-in(1,2)/NOR-in(2,0)|edges=0001100000010000010100000",-0.066969912784797,-0.2448044277625079,7,toxicity_max
5,0000000000010001000110100,"IN(0,2)/NOR-in(1,1)/NOR-in(1,2)/NOR-in(2,0)/NOR-mid(1,0)|edges=0011000001010100000000000",-0.0818298424282238,-0.197227517402896,7,toxicity_max
5,0000000000010001010010100,"IN(0,2)/IN(0,2)/NOR-in(2,0)/NOR-in(2,1)/NOR-mid(1,0)|edges=0011000110000000000100000",0.1581768286900549,-0.0285657061077523,6,toxicity_max
5,0000000000010001010010100,"IN(0,2)/IN(0,2)/NOR-in(1,0)/NOR-in(2,0)/NOR-in(2,1)|edges=0001100011000000000000100",0.0387681464466312,-0.0865789333020361,5,toxicity_max
5,0000000000010001010010100,"IN(0,2)/IN(0,2)/NOR-in(2,0)/NOR-out(2,1)/OUT-OR2(1,0)|edges=0011000110000000000100000",-0.0247357705595515,-0.0721320261194719,5,toxicity_max
5,0000000000010011000111000,"IN(0,2)/IN(0,2)/NOR-in(2,0)/NOR-in(2,0)/NOR-in(2,2)|edges=0010100011000000000000110",0.0701819995430823,-0.222888939379263,11,toxicity_max
5,0000000000010011000111000,"IN(0,2)/IN(0,2)/NOR-in(2,0)/NOR-in(2,0)/NOR-in(2,2)|edges=0001100101000000000000110",-0.0431421005133533,-0.2259586341218872,11,toxicity_max
5,0000000001000010010010000,"IN(0,1)/IN(0,1)/NOR-in(1,1)/NOR-in(2,1)/NOR-out(1,0)|edges=0010000010000100000100000",0.1657764589694938,0.1491890577191826,7,toxicity_max
5,0000000001000010010010000,"IN(0,1)/NOR-in(1,0)/NOR-in(1,1)/NOR-in(2,1)/NOT-in(0,1)|edges=0010000000000100100000010",0.0635281972257304,-0.074014369950041,5,toxicity_max
5,0000000001000010010010000,"IN(0,1)/NOR-in(1,1)/NOR-mid(2,1)/NOT-in(0,1)/OUT-OR2(1,0)|edges=0010000100000010100000000",0.0597305039561135,0.0901010231397914,5,toxicity_max
5,0000000001000010010010000,"IN(0,1)/NOR-in(0,1)/NOR-in(1,1)/NOR-in(2,1)/NOR-mid(1,0)|edges=0010000010000100000100000",0.0575466868433632,-0.2108376026111803,12,toxicity_max
5,0000000001000010010010000,"IN(0,1)/NOR-in(1,1)/NOR-mid(0,1)/NOR-out(2,1)/OUT-NOT(1,0)|edges=0100000010000100000100000",0.0477384531274987,-0.0372760815168966,8,toxicity_max
5,0000000001000010010010000,"IN(0,1)/NOR-out(2,1)/NOT-in(0,1)/NOT-mid(1,1)/OUT-OR2(1,0)|edges=0100000001000100100000000",0.0471704564779192,0.1397587536686347,7,toxicity_max
5,0000000001000010010010000,"NOR-in(0,1)/NOR-mid(0,1)/NOR-mid(1,1)/NOR-out(2,1)/OUT-OR2(1,0)|edges=0010000010000100000100000",0.0439950842999127,-0.2352676364613788,8,toxicity_max
5,0000000001000010010010000,"IN(0,1)/NOR-mid(0,1)/NOR-mid(1,1)/NOR-out(2,1)/OUT-OR2(1,0)|edges=0010000010000100000100000",0.0428963567059541,-0.1259819670855548,11,toxicity_max
5,0000000001000010010010000,"IN(0,1)/IN(0,1)/NOR-in(1,0)/NOR-in(1,1)/NOR-in(2,1)|edges=0001000001000000000100100",0.0300233353744518,-0.1649443587429949,13,toxicity_max
5,0000000001000010010010000,"IN(0,1)/NOR-in(1,1)/NOR-in(2,1)/NOR-out(1,0)/NOT-in(0,1)|edges=0100000100000100000000100",0.0238700970842839,-0.0221256834283275,5,toxicity_max
5,0000000001000010010010000,"IN(0,1)/IN(0,1)/NOR-mid(1,1)/NOR-out(2,1)/OUT-OR2(1,0)|edges=0001000100000100000100000",0.0218201747786886,0.1367813031776852,14,toxicity_max
5,0000000001000010010010000,"NOR-in(0,1)/NOR-mid(1,1)/NOR-out(2,1)/NOT-mid(0,1)/OUT-OR2(1,0)|edges=0100000100000010010000000",0.0176483455474738,0.0261180098570131,9,toxicity_max
5,0000000001000010010010000,"IN(0,1)/IN(0,1)/NOR-in(1,1)/NOR-mid(2,1)/OUT-OR2(1,0)|edges=0010000010000100000100000",0.0173441600165614,0.0810816086309447,5,toxicity_max
5,0000000001000010010010000,"IN(0,1)/NOR-in(0,1)/NOR-mid(1,1)/NOR-out(2,1)/OUT-OR2(1,0)|edges=0001000100000100000100000",-0.0010581215597813,-0.1798622364606876,36,toxicity_max
5,0000000001000010010010000,"IN(0,1)/IN(0,1)/NOR-in(1,1)/NOR-in(2,1)/NOR-mid(1,0)|edges=0010000010000100000100000",-0.0049428478609557,-0.1136561944469045,12,toxicity_max
5,0000000001000010010010000,"IN(0,1)/NOR-in(1,1)/NOR-mid(2,1)/NOR-out(1,0)/NOT-in(0,1)|edges=0100000100000100000000100",-0.0217803715314834,-0.0194738172128248,16,toxicity_max
5,0000000001000010010010000,"IN(0,1)/NOR-in(0,1)/NOR-in(1,1)/NOR-in(2,1)/NOT-mid(1,0)|edges=0010000010000100000100000",-0.0250039898619264,-0.0754527626482053,6,toxicity_max
5,0000000001000010010010000,"IN(0,1)/NOR-in(2,1)/NOR-mid(1,0)/NOT-in(0,1)/NOT-in(1,1)|edges=0000100100000000100001000",-0.0284481343431102,0.0041719255601539,5,toxicity_max
5,0000000001000010010010000,"IN(0,1)/IN(0,1)/NOR-in(1,0)/NOR-in(1,1)/NOR-in(2,1)|edges=0000100010000000000100100",-0.0372310224643247,-0.1506346417464371,6,toxicity_max
5,0000000001000010010010000,"IN(0,1)/IN(0,1)/NOR-mid(1,1)/NOR-out(2,1)/OUT-OR2(1,0)|edges=0010000010000100000100000",-0.0372310887599601,0.0638634346973944,14,toxicity_max
5,0000000001000010010010000,"IN(0,1)/NOR-in(1,1)/NOR-mid(2,1)/NOR-out(1,0)/NOT-in(0,1)|edges=0010000100000100000001000",-0.0392705413394927,0.0684348432002878,19,toxicity_max
5,0000000001000010010010000,"NOR-in(0,1)/NOR-in(0,1)/NOR-in(1,1)/NOR-mid(2,1)/NOR-out(1,0)|edges=0001000100000100000100000",-0.0405161810575218,-0.1065667189270705,5,toxicity_max
5,0000000001000010010010000,"IN(0,1)/NOR-in(0,1)/NOR-in(1,1)/NOR-mid(2,1)/NOR-out(1,0)|edges=0001000100000100000100000",-0.050926011351793,-0.1256451517980073,17,toxicity_max
5,0000000001000010010010000,"IN(0,1)/NOR-in(1,1)/NOR-in(2,1)/NOR-mid(1,0)/NOT-in(0,1)|edges=0010000100000100000001000",-0.0515323586807878,-0.1239419318612853,9,toxicity_max
5,0000000001000010010010000,"IN(0,1)/NOR-in(0,1)/NOR-in(1,1)/NOR-mid(2,1)/NOR-out(1,0)|edges=0010000010000100000100000",-0.0559866736754661,-0.2743535812907034,35,toxicity_max
5,0000000001000010010010000,"NOR-in(0,1)/NOR-mid(0,1)/NOR-out(2,1)/NOT-mid(1,1)/OUT-OR2(1,0)|edges=0001000100000010010000000",-0.0576947024621081,-0.0106569079332889,5,toxicity_max
5,0000000001000010010010000,"IN(0,1)/NOR-mid(0,1)/NOR-out(2,1)/NOT-mid(1,1)/OUT-OR2(1,0)|edges=0001000100000010010000000",-0.0625760107503588,-0.016163924544927,9,toxicity_max
5,0000000001000010010010000,"IN(0,1)/NOR-mid(1,1)/NOR-out(2,1)/NOT-in(0,1)/OUT-OR2(1,0)|edges=0010000100000010100000000",-0.065296775203036,0.1252806718353755,12,toxicity_max
5,0000000001000010010010000,"IN(0,1)/IN(0,1)/NOR-in(1,0)/NOR-in(2,1)/NOT-in(1,1)|edges=0000100010000000010000010",-0.0697760616981266,-0.1008205463972793,5,toxicity_max
5,0000000001000010010010000,"IN(0,1)/NOR-in(0,1)/NOR-out(2,1)/NOT-mid(1,1)/OUT-OR2(1,0)|edges=0010000010000010010000000",-0.0738135116911871,-0.0671752680298959,6,toxicity_max
5,0000000001000010010010000,"IN(0,1)/NOR-in(1,1)/NOR-in(2,1)/NOR-mid(1,0)/NOT-in(0,1)|edges=0100000100000100000000100",-0.081454911685549,-0.1195505462983895,7,toxicity_max
5,0000000001000010010010000,"IN(0,1)/NOR-mid(1,1)/NOR-out(2,1)/NOT-mid(0,1)/OUT-OR2(1,0)|edges=0100000100000010010000000",-0.0840238220363504,0.0122081603312992,10,toxicity_max
5,0000000001000010010010000,"NOR-in(0,1)/NOR-in(0,1)/NOR-in(1,1)/NOR-mid(2,1)/NOR-out(1,0)|edges=0010000010000100000100000",-0.0923052851102801,-0.2231744093017995,8,toxicity_max
5,0000000001000010010010000,"IN(0,1)/NOR-in(0,1)/NOR-mid(2,1)/NOR-out(1,0)/NOT-in(1,1)|edges=0000100100000100000000100",-0.0951754731520571,-0.045273296079775,11,toxicity_max
5,0000000001000010010010000,"IN(0,1)/NOR-in(0,1)/NOR-mid(1,1)/NOR-out(2,1)/OUT-NOT(1,0)|edges=0001000100000100000100000",-0.0956048996138617,-0.0435188988148414,15,toxicity_max
5,0000000001000010010010000,"IN(0,1)/NOR-in(0,1)/NOR-in(2,1)/NOR-mid(1,0)/NOT-in(1,1)|edges=0000100100000100000000100",-0.0961066923134188,-0.1382702555464449,7,toxicity_max
5,0000000001000010010010000,"IN(0,1)/NOR-mid(1,1)/NOR-out(2,1)/NOT-in(0,1)/OUT-NOT(1,0)|edges=0010000100000010100000000",-0.0980665898906916,-0.0057420622825819,7,toxicity_max
5,0000000001000010010010000,"IN(0,1)/IN(0,1)/NOR-in(1,1)/NOR-mid(2,1)/NOR-out(1,0)|edges=0001000100000100000100000",-0.0985617394227954,-0.149758996225917,6,toxicity_max
5,0000000001000010010010000,"NOR-mid(0,1)/NOR-mid(1,1)/NOR-out(2,1)/NOT-in(0,1)/OUT-NOT(1,0)|edges=0010000100000010100000000",-0.1171924618981284,-0.0678069652295403,8,toxicity_max
5,0000000001000010010010000,"NOR-in(0,1)/NOR-in(1,1)/NOR-mid(2,1)/NOR-out(1,0)/NOT-in(0,1)|edges=0010000100000100000001000",-0.1365302209819314,-0.1396556913366307,10,toxicity_max
5,0000000001000010010010000,"IN(0,1)/IN(0,1)/NOR-in(1,1)/NOR-in(2,1)/NOR-mid(1,0)|edges=0001000100000100000100000",-0.1414809113623905,-0.1952888212047805,19,toxicity_max
5,0000000001000010010010000,"NOR-in(0,1)/NOR-in(1,1)/NOR-mid(2,1)/NOR-out(1,0)/NOT-in(0,1)|edges=0100000100000100000000100",-0.1651927008583736,-0.1521812421803826,10,toxicity_max
5,0000000001000010010010000,"NOR-in(0,1)/NOR-mid(0,1)/NOR-mid(1,1)/NOR-out(2,1)/OUT-NOT(1,0)|edges=0010000010000100000100000",-0.1728797881728551,-0.1871940823708799,20,toxicity_max
5,0000000001000010010010000,"IN(0,1)/IN(0,1)/NOR-mid(2,1)/NOR-out(1,0)/NOT-in(1,1)|edges=0000100100000100000000100",-0.173500618422596,0.0747897346175443,5,toxicity_max
5,0000000001000010010010000,"IN(0,1)/IN(0,1)/NOR-in(1,1)/NOR-mid(2,1)/NOR-out(1,0)|edges=0010000010000100000100000",-0.1846794686910709,0.0011529348762438,20,toxicity_max
5,0000000001000010010010000,"IN(0,1)/NOR-in(0,1)/NOR-in(1,1)/NOR-in(2,1)/NOR-mid(1,0)|edges=0001000100000100000100000",-0.2021156710856877,-0.2407193987944639,6,toxicity_max
5,0000000001000010010010000,"IN(0,1)/IN(0,1)/NOR-out(2,1)/NOT-mid(1,1)/OUT-OR2(1,0)|edges=0010000010000010010000000",-0.209818741614403,-0.0977379973290858,7,toxicity_max
5,0000000001000010010010000,"IN(0,1)/IN(0,1)/NOR-in(2,1)/NOR-mid(1,0)/NOT-in(1,1)|edges=0010000001000100000000100",-0.2241109902887857,-0.1550125302992142,8,toxicity_max
5,0000000001000010010010000,"IN(0,1)/NOR-mid(0,1)/NOR-mid(1,1)/NOR-out(2,1)/OUT-NOT(1,0)|edges=0010000010000100000100000",-0.2591491873308112,-0.2304276083314473,24,toxicity_max
5,0000000001000010010010000,"IN(0,1)/IN(0,1)/NOR-in(2,1)/NOR-mid(1,0)/NOT-in(1,1)|edges=0000100100000100000000100",-0.2668174788912111,-0.1609785406941077,7,toxicity_max
5,0000000001000010110010000,"NOR-in(0,2)/NOR-in(1,1)/NOR-in(1,1)/NOR-mid(2,1)/NOR-out(1,0)|edges=0110000010000100000100000",0.073954372044756,-0.1714978184694393,13,toxicity_max
5,0000000001000010110010000,"NOR-in(0,2)/NOR-in(1,1)/NOR-in(1,1)/NOR-in(2,1)/NOR-mid(1,0)|edges=0110000010000100000100000",0.0711396718126294,-0.1785946084214287,6,toxicity_max
5,0000000001000010110010000,"IN(0,2)/NOR-in(1,1)/NOR-in(1,1)/NOR-mid(2,1)/NOR-out(1,0)|edges=0110000010000100000100000",0.0176156626685768,-0.0106219755642105,5,toxicity_max
5,0000000001000011000000010,"IN(0,1)/IN(0,1)/NOR-in(2,1)/NOR-out(1,1)/OUT-OR2(1,0)|edges=0010000100000100000100000",0.1783223553488419,0.0603063080461137,5,toxicity_max
5,0000000001000011000000010,"IN(0,1)/IN(0,1)/NOR-in(1,1)/NOR-in(2,1)/NOR-mid(1,0)|edges=0001000010000010010000000",0.1363006344462182,-0.0289168688736534,16,toxicity_max
5,0000000001000011000000010,"IN(0,1)/IN(0,1)/NOR-in(2,1)/NOR-mid(1,1)/NOR-out(1,0)|edges=0010000100000100000100000",0.1307326137306845,-0.0276622660919803,20,toxicity_max
5,0000000001000011000000010,"IN(0,1)/IN(0,1)/NOR-in(1,1)/NOR-in(2,1)/NOR-out(1,0)|edges=0001000010000010010000000",0.1058127275907094,0.1010978153373741,8,toxicity_max
5,0000000001000011000000010,"IN(0,1)/IN(0,1)/NOR-in(1,0)/NOR-in(1,1)/NOR-in(2,1)|edges=0000100001000000010000010",0.0939820886883257,-0.1646438884676336,16,toxicity_max
5,0000000001000011000000010,"IN(0,1)/IN(0,1)/NOR-in(1,1)/NOR-in(2,1)/NOT-in(1,0)|edges=0001000010000010010000000",0.077004624803736,-0.0103738698222262,6,toxicity_max
5,0000000001000011000000010,"IN(0,1)/NOR-in(0,1)/NOR-mid(2,1)/NOR-out(1,1)/OUT-OR2(1,0)|edges=0010000100000100000100000",0.0632350201348187,0.0648201939030088,19,toxicity_max
5,0000000001000011000000010,"IN(0,1)/IN(0,1)/NOR-in(1,1)/NOR-in(2,1)/NOT-mid(1,0)|edges=0001000010000010010000000",0.0600913047946474,0.0579014210490534,9,toxicity_max
5,0000000001000011000000010,"NOR-in(0,1)/NOR-in(0,1)/NOR-in(2,1)/NOR-mid(1,1)/NOR-out(1,0)|edges=0010000100000100000100000",0.0580139259268704,-0.158608044769218,11,toxicity_max
5,0000000001000011000000010,"IN(0,1)/IN(0,1)/NOR-mid(2,1)/NOR-out(1,1)/OUT-OR2(1,0)|edges=0010000100000100000100000",0.0315423951031608,-0.0213946026273642,13,toxicity_max
5,0000000001000011000000010,"NOR-in(0,1)/NOR-in(0,1)/NOR-mid(2,1)/NOR-out(1,1)/OUT-OR2(1,0)|edges=0010000100000100000100000",0.0205597072494151,-0.2924827065334641,14,toxicity_max
5,0000000001000011000000010,"NOR-in(0,1)/NOR-in(0,1)/NOR-in(2,1)/NOR-out(1,0)/NOT-mid(1,1)|edges=0010000100000010000000010",0.0082624057912883,-0.0549011291241409,5,toxicity_max
5,0000000001000011000000010,"IN(0,1)/NOR-in(0,1)/NOR-in(2,1)/NOR-out(1,0)/NOT-mid(1,1)|edges=0010000100000010000000010",0.006108700921882,0.0424326444511455,5,toxicity_max
5,0000000001000011000000010,"IN(0,1)/NOR-mid(2,1)/NOR-out(1,1)/NOT-in(0,1)/OUT-NOT(1,0)|edges=0100000100000010100000000",0.0049581270994754,0.0480625934004744,6,toxicity_max
5,0000000001000011000000010,"IN(0,1)/IN(0,1)/NOR-in(2,1)/NOR-out(1,1)/OUT-NOT(1,0)|edges=0010000100000100000100000",-0.00490453571709,-0.0486539544646243,5,toxicity_max
5,0000000001000011000000010,"NOR-in(0,1)/NOR-mid(2,1)/NOR-out(1,1)/NOT-in(0,1)/OUT-OR2(1,0)|edges=0100000100000010100000000",-0.0367548054561461,-0.0318183228268261,5,toxicity_max
5,0000000001000011000000010,"IN(0,1)/NOR-in(0,1)/NOR-in(1,1)/NOR-in(2,1)/NOR-mid(1,0)|edges=0001000010000010010000000",-0.059083213164543,-0.1862767527489059,6,toxicity_max
5,0000000001000011000000010,"NOR-in(0,1)/NOR-in(2,1)/NOR-mid(1,1)/NOR-out(1,0)/NOT-in(0,1)|edges=0100000100000100000001000",-0.068215997325268,-0.1732021487429053,5,toxicity_max
5,0000000001000011000000010,"NOR-in(2,1)/NOR-mid(1,1)/NOR-out(1,0)/NOT-in(0,1)/NOT-in(0,1)|edges=0100000100000001000010000",-0.0694829066861041,-0.0389397790930159,6,toxicity_max
5,0000000001000011000000010,"NOR-in(0,1)/NOR-mid(2,1)/NOR-out(1,1)/NOT-in(0,1)/OUT-NOT(1,0)|edges=0100000100000010100000000",-0.076404787568507,-0.0913257007200636,11,toxicity_max
5,0000000001000011000000010,"IN(0,1)/IN(0,1)/NOR-mid(2,1)/NOR-out(1,1)/OUT-NOT(1,0)|edges=0010000100000100000100000",-0.1158792092345317,-0.1298161053607337,11,toxicity_max
5,0000000001000011000000010,"IN(0,1)/NOR-mid(2,1)/NOR-out(1,1)/NOT-in(0,1)/OUT-OR2(1,0)|edges=0100000100000010100000000",-0.121293170803986,0.054648780495446,6,toxicity_max
5,0000000001000011000000010,"IN(0,1)/NOR-in(1,1)/NOR-in(2,1)/NOR-mid(1,0)/NOT-in(0,1)|edges=0010000010010000000000100",-0.1220966581158523,-0.1730252380641952,8,toxicity_max
5,0000000001000011000000010,"NOR-in(0,1)/NOR-in(0,1)/NOR-mid(2,1)/NOR-out(1,1)/OUT-NOT(1,0)|edges=0010000100000100000100000",-0.1250654511696089,-0.0881511993527396,14,toxicity_max
5,0000000001000011000000010,"IN(0,1)/NOR-in(0,1)/NOR-in(2,1)/NOR-mid(1,1)/NOR-out(1,0)|edges=0010000100000100000100000",-0.1836041664142576,-0.2682700059702465,23,toxicity_max
5,0000000001000011000000010,"IN(0,1)/NOR-in(2,1)/NOR-mid(1,1)/NOR-out(1,0)/NOT-in(0,1)|edges=0100000100000100000001000",-0.2563389566379107,-0.158677828302424,14,toxicity_max
5,0000000001000011000000010,"IN(0,1)/NOR-in(0,1)/NOR-mid(2,1)/NOR-out(1,1)/OUT-NOT(1,0)|edges=0010000100000100000100000",-0.2713777905154602,-0.1957886728502289,19,toxicity_max
5,0000000001000011000010000,"IN(0,1)/IN(0,1)/NOR-in(2,1)/NOR-out(0,1)/OUT-OR2(2,0)|edges=0010000100000010000100000",0.2651677893056797,0.173356469504844,15,toxicity_max
5,0000000001000011000010000,"IN(0,1)/IN(0,1)/IN(0,1)/NOR-in(2,0)/NOR-in(2,1)|edges=0000100001000100000000010",0.2109067259069666,0.0660340096983446,19,toxicity_max
5,0000000001000011000010000,"IN(0,1)/IN(0,1)/NOR-in(0,1)/NOR-mid(2,1)/NOR-out(2,0)|edges=0000100010000100000100000",0.147508856350174,0.0446515880961685,7,toxicity_max
5,0000000001000011000010000,"IN(0,1)/IN(0,1)/NOR-in(0,1)/NOR-in(2,1)/NOR-mid(2,0)|edges=0001000010000010000100000",0.1303983053103732,-0.0219823642441402,12,toxicity_max
5,0000000001000011000010000,"IN(0,1)/IN(0,1)/NOR-in(2,1)/NOR-mid(2,0)/NOT-in(0,1)|edges=0010000100000100000000010",0.1117281691052985,0.130309367825558,5,toxicity_max
5,0000000001000011000010000,"IN(0,1)/NOR-in(0,1)/NOR-out(0,1)/NOR-out(2,1)/OUT-OR2(2,0)|edges=0001000010000010000100000",0.0620148670123986,-0.1853230648771308,5,toxicity_max
5,0000000001000011000010000,"IN(0,1)/NOR-mid(0,1)/NOR-out(2,1)/NOT-out(0,1)/OUT-OR2(2,0)|edges=0010000100000010000100000",0.0384181993641487,0.1182611321368206,5,toxicity_max
5,0000000001000011000010000,"NOR-in(0,1)/NOR-in(0,1)/NOR-mid(0,1)/NOR-mid(2,1)/NOR-out(2,0)|edges=0001000010000010000100000",0.0281077211753406,-0.2397940835936519,10,toxicity_max
5,0000000001000011000010000,"IN(0,1)/IN(0,1)/NOR-in(0,1)/NOR-in(2,0)/NOR-in(2,1)|edges=0000100001000100000000010",0.0172202217411308,-0.1334439217133506,8,toxicity_max
5,0000000001000011000010000,"IN(0,1)/IN(0,1)/IN(0,1)/NOR-in(2,0)/NOR-in(2,1)|edges=0000100010000010000000010",0.0096263515408924,-0.1269017290575484,8,toxicity_max
5,0000000001000011000010000,"IN(0,1)/IN(0,1)/NOR-mid(0,1)/NOR-mid(2,1)/NOR-out(2,0)|edges=0001000010000010000100000",-0.015067276845003,-0.1773921441592374,19,toxicity_max
5,0000000001000011000010000,"IN(0,1)/IN(0,1)/NOR-in(2,1)/NOR-mid(2,0)/NOT-in(0,1)|edges=0010000010000100000000100",-0.0167098800570978,0.0968424234769048,6,toxicity_max
5,0000000001000011000010000,"IN(0,1)/IN(0,1)/NOR-out(0,1)/NOR-out(2,1)/OUT-OR2(2,0)|edges=0001000010000010000100000",-0.0207719149622588,0.0214489806237653,24,toxicity_max
5,0000000001000011000010000,"IN(0,1)/NOR-in(0,1)/NOR-in(0,1)/NOR-mid(2,1)/NOR-out(2,0)|edges=0000100010000100000100000",-0.022778659760631,-0.1026429153715053,11,toxicity_max
5,0000000001000011000010000,"NOR-mid(0,1)/NOR-out(0,1)/NOR-out(2,1)/NOT-mid(0,1)/OUT-OR2(2,0)|edges=0010000001000010010000000",-0.0515350985616586,-0.0705908583914472,7,toxicity_max
5,0000000001000011000010000,"NOR-in(0,1)/NOR-mid(0,1)/NOR-mid(2,1)/NOR-out(2,0)/NOT-in(0,1)|edges=0010000010000100000000100",-0.0660769519477249,-0.0675269807746293,5,toxicity_max
5,0000000001000011000010000,"IN(0,1)/NOR-in(0,1)/NOR-in(0,1)/NOR-in(2,1)/NOR-mid(2,0)|edges=0001000010000010000100000",-0.0762155470380145,-0.1773341992515239,5,toxicity_max
5,0000000001000011000010000,"IN(0,1)/IN(0,1)/NOR-mid(2,1)/NOR-out(2,0)/NOT-mid(0,1)|edges=0010000100000100000000010",-0.0826915678033228,-0.0105923666418052,5,toxicity_max
5,0000000001000011000010000,"IN(0,1)/IN(0,1)/NOR-in(0,1)/NOR-mid(2,1)/NOR-out(2,0)|edges=0001000001000100000100000",-0.0864215420029366,-0.0088559524532252,9,toxicity_max
5,0000000001000011000010000,"IN(0,1)/NOR-mid(0,1)/NOR-out(0,1)/NOR-out(2,1)/OUT-OR2(2,0)|edges=0001000010000010000100000",-0.0950174704416316,-0.0480625562727467,21,toxicity_max
5,0000000001000011000010000,"IN(0,1)/IN(0,1)/IN(0,1)/NOR-in(2,0)/NOR-in(2,1)|edges=0001000001000010000000010",-0.110321767913064,-0.078651127259195,12,toxicity_max
5,0000000001000011000010000,"IN(0,1)/NOR-in(0,1)/NOR-mid(2,1)/NOR-out(2,0)/NOT-in(0,1)|edges=0001000100000100000000100",-0.1104044144065454,-0.0776150002111148,5,toxicity_max
5,0000000001000011000010000,"IN(0,1)/NOR-in(0,1)/NOR-mid(0,1)/NOR-mid(2,1)/NOR-out(2,0)|edges=0001000010000010000100000",-0.1383597597018639,-0.1362254455043617,12,toxicity_max
5,0000000001000011000010000,"IN(0,1)/NOR-in(0,1)/NOR-in(2,1)/NOR-mid(2,0)/NOT-in(0,1)|edges=0010000100000100000000010",-0.1422296282128021,-0.1465209460261913,5,toxicity_max
5,0000000001000011000010000,"IN(0,1)/NOR-in(0,1)/NOR-in(2,1)/NOR-mid(2,0)/NOT-in(0,1)|edges=0010000010000100000000100",-0.1963263691289042,-0.1466543765476729,5,toxicity_max
5,0000000001000011000010000,"IN(0,1)/NOR-out(0,1)/NOR-out(2,1)/NOT-mid(0,1)/OUT-OR2(2,0)|edges=0010000001000010010000000",-0.1969881420596598,-0.0793517009561479,13,toxicity_max
5,0000000001000011000010010,"IN(0,1)/IN(0,1)/NOR-in(1,1)/NOR-in(2,0)/NOR-in(2,2)|edges=0000100001000100000000110",0.0914128844323547,0.0212361969518084,6,toxicity_max
5,0000000001000011000010010,"IN(0,1)/IN(0,1)/NOR-in(1,1)/NOR-in(2,2)/NOR-mid(2,0)|edges=0001000010000010010100000",0.0724886736760673,0.0314774102104159,8,toxicity_max
5,0000000001000011000010010,"IN(0,1)/NOR-in(0,1)/NOR-mid(2,2)/NOR-out(1,1)/OUT-OR2(2,0)|edges=0010000100000110000100000",0.0194034863331027,0.0768188417680491,8,toxicity_max
5,0000000001000011010010000,"IN(0,2)/NOR-in(0,1)/NOR-in(1,1)/NOR-in(2,1)/NOR-mid(2,0)|edges=0010100010000100000100000",0.0463065125554633,-0.0818061050300381,5,toxicity_max
5,0000000001000011010010000,"IN(0,1)/IN(0,2)/NOR-in(1,1)/NOR-mid(2,1)/NOR-out(2,0)|edges=0001000101000100000100000",0.0316302537497965,0.1231325186734459,12,toxicity_max
5,0000000001000011010010000,"IN(0,2)/NOR-in(0,1)/NOR-in(1,1)/NOR-mid(2,1)/NOR-out(2,0)|edges=0010100010000100000100000",-0.0496845403850302,-0.0976793223467813,10,toxicity_max
5,0000000001000011010010000,"IN(0,1)/IN(0,2)/NOR-in(1,1)/NOR-in(2,0)/NOR-in(2,1)|edges=0000100110000010000000010",-0.0773618304091487,-0.1470802509450941,6,toxicity_max
5,0000000001000011010010000,"IN(0,1)/IN(0,2)/NOR-in(1,1)/NOR-in(2,1)/NOR-mid(2,0)|edges=0001000101000100000100000",-0.1441987048254816,-0.0880529319929015,5,toxicity_max
5,0000000001000100100010000,"IN(0,1)/NOR-in(1,1)/NOR-mid(1,1)/NOR-out(1,0)/NOT-in(1,1)|edges=0100000001000100000000100",0.1640702137839025,0.0993392105359173,11,toxicity_max
5,0000000001000100100010000,"NOR-in(0,1)/NOR-in(1,1)/NOR-mid(1,1)/NOR-out(1,1)/OUT-OR2(1,0)|edges=0100000100000100000100000",0.152017516914837,-0.3073053688566603,43,toxicity_max
5,0000000001000100100010000,"IN(0,1)/NOR-in(1,1)/NOR-out(1,1)/NOT-in(1,1)/OUT-OR2(1,0)|edges=0001000100000010100000000",0.1330410769373023,0.0317519254431431,8,toxicity_max
5,0000000001000100100010000,"IN(0,1)/NOR-in(1,1)/NOR-in(1,1)/NOR-mid(1,1)/OUT-OR2(1,0)|edges=0100000100000100000100000",0.1303909356575846,0.0054191347070184,5,toxicity_max
5,0000000001000100100010000,"IN(0,1)/NOR-in(1,1)/NOR-mid(1,1)/NOT-out(1,1)/OUT-OR2(1,0)|edges=0100000100000100000100000",0.1026241975645083,0.0404336616380856,6,toxicity_max
5,0000000001000100100010000,"IN(0,1)/NOR-in(1,1)/NOR-in(1,1)/NOR-mid(1,1)/NOR-out(1,0)|edges=0100000100000100000100000",0.0975499806009366,-0.3109693168680402,62,toxicity_max
5,0000000001000100100010000,"IN(0,1)/NOR-in(1,1)/NOR-in(1,1)/NOR-out(1,1)/OUT-OR2(1,0)|edges=0100000100000100000100000",0.0971882527398456,-0.1212492317863658,11,toxicity_max
5,0000000001000100100010000,"NOR-in(0,1)/NOR-in(1,1)/NOR-in(1,1)/NOR-mid(1,1)/NOR-out(1,0)|edges=0100000100000100000100000",0.090793375244528,-0.2532860035679615,18,toxicity_max
5,0000000001000100100010000,"NOR-in(0,1)/NOR-in(1,1)/NOR-in(1,1)/NOR-out(1,0)/NOT-mid(1,1)|edges=0100000100000010000000010",0.0789008331954021,-0.0544532738572158,5,toxicity_max
5,0000000001000100100010000,"IN(0,1)/NOR-in(1,1)/NOR-in(1,1)/NOR-in(1,1)/NOR-mid(1,0)|edges=0100000100000100000100000",0.0679736644422038,-0.2611294963469555,22,toxicity_max
5,0000000001000100100010000,"NOR-in(1,1)/NOR-mid(1,1)/NOR-out(1,0)/NOT-in(0,1)/NOT-in(1,1)|edges=0100000100000000000110000",0.0651542229762506,0.1452224537375675,5,toxicity_max
5,0000000001000100100010000,"IN(0,1)/NOR-in(1,1)/NOR-in(1,1)/NOR-in(1,1)/NOT-mid(1,0)|edges=0100000100000100000100000",0.0597523509630689,-0.0540087394564017,5,toxicity_max
5,0000000001000100100010000,"IN(0,1)/NOR-in(1,1)/NOR-in(1,1)/NOR-in(1,1)/NOR-out(1,0)|edges=0100000100000100000100000",0.0544493278456938,-0.1296681401258871,5,toxicity_max
5,0000000001000100100010000,"NOR-in(0,1)/NOR-mid(1,1)/NOR-out(1,1)/NOT-in(1,1)/OUT-NOT(1,0)|edges=0001000100000010100000000",0.0364974484888416,-0.0318073899452348,13,toxicity_max
5,0000000001000100100010000,"NOR-in(1,1)/NOR-in(1,1)/NOR-out(1,0)/NOT-in(0,1)/NOT-mid(1,1)|edges=0100000001000001000000100",0.0306143421145569,-0.0038197545970199,5,toxicity_max
5,0000000001000100100010000,"IN(0,1)/NOR-in(1,1)/NOR-in(1,1)/NOT-in(1,1)/NOT-mid(1,0)|edges=0001000100000010100000000",0.0265970016843366,-0.0321888418725409,5,toxicity_max
5,0000000001000100100010000,"IN(0,1)/NOR-in(1,1)/NOR-in(1,1)/NOR-out(1,1)/OUT-NOT(1,0)|edges=0100000100000100000100000",0.010242408388447,-0.0027365165295967,5,toxicity_max
5,0000000001000100100010000,"NOR-in(0,1)/NOR-in(1,1)/NOR-mid(1,1)/NOR-out(1,0)/NOT-in(1,1)|edges=0000100100000100000001000",0.0029297204471943,-0.0628720870089899,5,toxicity_max
5,0000000001000100100010000,"IN(0,1)/NOR-in(1,1)/NOR-mid(1,1)/NOR-out(1,1)/OUT-OR2(1,0)|edges=0100000100000100000100000",0.0029260306979641,-0.2301210785106516,53,toxicity_max
5,0000000001000100100010000,"NOR-in(0,1)/NOR-in(1,1)/NOR-mid(1,1)/NOR-out(1,0)/NOT-in(1,1)|edges=0100000001000100000000100",-0.0042938734112271,-0.0748956660056262,9,toxicity_max
5,0000000001000100100010000,"NOR-in(0,1)/NOR-in(1,1)/NOR-out(1,1)/NOT-mid(1,1)/OUT-OR2(1,0)|edges=0100000010000010010000000",-0.0188731652596873,-0.0648846793397487,10,toxicity_max
5,0000000001000100100010000,"IN(0,1)/NOR-in(1,1)/NOR-in(1,1)/NOR-out(1,0)/NOT-mid(1,1)|edges=0100000100000010000000010",-0.0256425693737935,-0.0047388032643051,10,toxicity_max
5,0000000001000100100010000,"NOR-in(1,1)/NOR-in(1,1)/NOR-mid(1,1)/NOR-out(1,0)/NOT-in(0,1)|edges=0100000100000100000010000",-0.0314596707006674,-0.1082190433602547,8,toxicity_max
5,0000000001000100100010000,"NOR-in(1,1)/NOR-in(1,1)/NOR-mid(1,1)/NOR-out(1,0)/NOT-in(0,1)|edges=0010010000000100000001000",-0.0426112525015702,-0.0820162282631425,7,toxicity_max
5,0000000001000100100010000,"IN(0,1)/NOR-in(1,1)/NOR-in(1,1)/NOR-mid(1,0)/NOT-in(1,1)|edges=0000100100000100000001000",-0.0633368940455609,-0.1643316648112423,9,toxicity_max
5,0000000001000100100010000,"IN(0,1)/NOR-in(1,1)/NOR-out(1,1)/NOT-mid(1,1)/OUT-OR2(1,0)|edges=0100000010000010010000000",-0.0682563301640953,-0.0030723501532163,9,toxicity_max
5,0000000001000100100010000,"IN(0,1)/NOR-in(1,1)/NOR-in(1,1)/NOR-mid(1,0)/NOT-in(1,1)|edges=0100000100000010000000010",-0.0761655657178175,-0.1060574439073123,6,toxicity_max
5,0000000001000100100010000,"NOR-in(1,1)/NOR-mid(1,1)/NOR-out(1,1)/NOT-in(0,1)/OUT-OR2(1,0)|edges=0100000100000011000000000",-0.1038642110551874,-0.0910403086111317,20,toxicity_max
5,0000000001000100100010000,"IN(0,1)/NOR-in(1,0)/NOR-in(1,1)/NOR-in(1,1)/NOR-in(1,1)|edges=0010000000000100000101000",-0.1040279133695097,-0.2496077294460553,9,toxicity_max
5,0000000001000100100010000,"IN(0,1)/NOR-in(1,1)/NOR-in(1,1)/NOR-mid(1,1)/NOR-out(1,0)|edges=0010000010010000000100000",-0.1116568643177709,-0.1973457867472927,11,toxicity_max
5,0000000001000100100010000,"NOR-in(1,1)/NOR-mid(1,1)/NOR-out(1,1)/NOT-in(0,1)/OUT-NOT(1,0)|edges=0100000100000011000000000",-0.1247565103151447,-0.035083298482721,13,toxicity_max
5,0000000001000100100010000,"IN(0,1)/NOR-in(1,1)/NOR-out(1,0)/NOT-in(1,1)/NOT-mid(1,1)|edges=0001000001000000100000100",-0.1266602497767128,-0.0430497449803656,7,toxicity_max
5,0000000001000100100010000,"IN(0,1)/NOR-mid(1,1)/NOR-out(1,1)/NOT-in(1,1)/OUT-OR2(1,0)|edges=0001000100000010100000000",-0.1289991584037264,0.0913332922267352,16,toxicity_max
5,0000000001000100100010000,"IN(0,1)/NOR-mid(1,1)/NOR-out(1,1)/NOT-in(1,1)/OUT-NOT(1,0)|edges=0001000100000010100000000",-0.1372393824212593,-0.0453400903032715,9,toxicity_max
5,0000000001000100100010000,"NOR-in(1,1)/NOR-out(1,1)/NOT-in(0,1)/NOT-mid(1,1)/OUT-OR2(1,0)|edges=0001000001100000100000000",-0.1439062824200328,-0.0538521492024438,6,toxicity_max
5,0000000001000100100010000,"IN(0,1)/NOR-in(1,1)/NOR-mid(1,1)/NOR-out(1,0)/NOT-in(1,1)|edges=0000100100000100000001000",-0.1956039029307589,-0.1474121255632943,22,toxicity_max
5,0000000001000100100010000,"NOR-in(0,1)/NOR-in(1,1)/NOR-in(1,1)/NOR-mid(1,1)/NOR-out(1,0)|edges=0010000010010000000100000",-0.2003567502771766,-0.2527455786016324,5,toxicity_max
5,0000000001000100100010000,"IN(0,1)/NOR-in(1,1)/NOR-mid(1,1)/NOR-out(1,1)/OUT-NOT(1,0)|edges=0100000100000100000100000",-0.2204386658571064,-0.1579701838252402,38,toxicity_max
5,0000000001000100100010000,"NOR-in(0,1)/NOR-in(1,1)/NOR-mid(1,1)/NOR-out(1,1)/OUT-NOT(1,0)|edges=0100000100000100000100000",-0.244045222483904,-0.2800016085163337,34,toxicity_max
5,0000000001000100100110000,"IN(0,1)/NOR-in(1,2)/NOR-mid(1,1)/NOR-out(2,1)/OUT-OR2(1,0)|edges=0100000110000100000100000",0.1461379435721567,0.0772347136943299,5,toxicity_max
5,0000000001000100100110000,"NOR-in(0,1)/NOR-in(1,2)/NOR-mid(1,1)/NOR-out(2,1)/OUT-OR2(1,0)|edges=0100000110000100000100000",0.0575855648692073,-0.1026528747516752,6,toxicity_max
5,0000000001000100100110000,"IN(0,1)/NOR-in(1,1)/NOR-in(1,2)/NOR-mid(2,1)/NOR-out(1,0)|edges=0010000010010100000100000",0.0438870637649769,-0.110650799362935,12,toxicity_max
5,0000000001000100100110000,"IN(0,1)/NOR-in(1,2)/NOR-mid(1,1)/NOR-out(2,1)/OUT-NOT(1,0)|edges=0100000110000100000100000",0.0379416346002209,0.0393900901084388,5,toxicity_max
5,0000000001000100100110000,"NOR-in(0,1)/NOR-in(1,1)/NOR-in(1,2)/NOR-mid(2,1)/NOR-out(1,0)|edges=0010000010010100000100000",0.0136050358860261,-0.1309386896687379,5,toxicity_max
5,0000000001000101000010000,"IN(0,1)/NOR-in(1,1)/NOR-mid(0,1)/NOR-out(1,1)/OUT-OR2(2,0)|edges=0100000001000100000100000",0.1412225199657114,-0.0746093654210373,13,toxicity_max
5,0000000001000101000010000,"IN(0,1)/IN(0,1)/NOR-in(1,1)/NOR-out(1,1)/OUT-OR2(2,0)|edges=0010000010000010000100000",0.1330840015158903,-0.0107488225450834,8,toxicity_max
5,0000000001000101000010000,"IN(0,1)/NOR-in(1,1)/NOR-out(1,1)/NOT-mid(0,1)/OUT-OR2(2,0)|edges=0100000001000010010000000",0.1302413198961887,0.1115788168876278,11,toxicity_max
5,0000000001000101000010000,"IN(0,1)/NOR-in(0,1)/NOR-in(1,1)/NOR-in(1,1)/NOR-mid(2,0)|edges=0001000100000010000100000",0.1062522250516408,-0.0506710489990226,5,toxicity_max
5,0000000001000101000010000,"IN(0,1)/NOR-in(0,1)/NOR-in(1,1)/NOR-out(1,1)/OUT-OR2(2,0)|edges=0001000100000010000100000",0.1047607545153002,-0.0705965857153962,5,toxicity_max
5,0000000001000101000010000,"IN(0,1)/NOR-in(0,1)/NOR-in(1,1)/NOR-mid(2,0)/NOT-in(1,1)|edges=0010000001000100000000010",0.086177925002358,-0.0010472947705547,5,toxicity_max
5,0000000001000101000010000,"NOR-in(0,1)/NOR-in(1,1)/NOR-mid(0,1)/NOR-out(1,1)/OUT-OR2(2,0)|edges=0100000001000100000100000",0.0859942351040044,-0.1446506245082502,7,toxicity_max
5,0000000001000101000010000,"IN(0,1)/IN(0,1)/NOR-in(1,1)/NOR-in(1,1)/NOR-in(2,0)|edges=0010000010000010000100000",0.0807180403955331,-0.1774880361163248,14,toxicity_max
5,0000000001000101000010000,"IN(0,1)/NOR-out(1,1)/NOR-out(1,1)/NOT-mid(0,1)/OUT-OR2(2,0)|edges=0010000001000010100000000",0.0333671939048786,0.1233130436933272,7,toxicity_max
5,0000000001000101000010000,"IN(0,1)/IN(0,1)/NOR-in(1,1)/NOR-out(1,1)/OUT-OR2(2,0)|edges=0001000100000010000100000",0.0317806656458672,-0.0166866789256522,5,toxicity_max
5,0000000001000101000010000,"IN(0,1)/NOR-in(1,1)/NOR-in(1,1)/NOR-mid(2,0)/NOT-in(0,1)|edges=0100000010000100000000100",-0.0014938237632513,-0.0874185589974025,6,toxicity_max
5,0000000001000101000010000,"IN(0,1)/IN(0,1)/NOR-out(1,1)/NOR-out(1,1)/OUT-OR2(2,0)|edges=0010000010000010000100000",-0.0024911501343797,0.0570282943538536,23,toxicity_max
5,0000000001000101000010000,"NOR-in(0,1)/NOR-mid(0,1)/NOR-out(1,1)/NOR-out(1,1)/OUT-OR2(2,0)|edges=0010000010000010000100000",-0.0039225714726724,-0.208734089031404,6,toxicity_max
5,0000000001000101000010000,"IN(0,1)/NOR-in(0,1)/NOR-out(1,1)/NOR-out(1,1)/OUT-OR2(2,0)|edges=0001000100000010000100000",-0.0060306959926372,-0.1688453645111063,8,toxicity_max
5,0000000001000101000010000,"IN(0,1)/IN(0,1)/NOR-in(1,1)/NOR-in(2,0)/NOT-in(1,1)|edges=0010000001000100000000010",-0.0108894882160681,-0.1138456276069971,7,toxicity_max
5,0000000001000101000010000,"IN(0,1)/NOR-in(0,1)/NOR-mid(1,1)/NOR-mid(1,1)/NOR-out(2,0)|edges=0010000010000010000100000",-0.0139525165730976,-0.2245346005315053,26,toxicity_max
5,0000000001000101000010000,"IN(0,1)/IN(0,1)/NOR-in(1,1)/NOR-in(1,1)/NOR-mid(2,0)|edges=0001000100000010000100000",-0.0221566039152661,-0.1204529328820374,17,toxicity_max
5,0000000001000101000010000,"IN(0,1)/NOR-in(0,1)/NOR-mid(1,1)/NOR-mid(1,1)/NOR-out(2,0)|edges=0001000100000010000100000",-0.0239838752375471,-0.1130520168310468,7,toxicity_max
5,0000000001000101000010000,"IN(0,1)/IN(0,1)/NOR-in(1,1)/NOR-mid(2,0)/NOT-in(1,1)|edges=0010000001000100000000010",-0.0336580961143849,-0.0382672526723798,8,toxicity_max
5,0000000001000101000010000,"IN(0,1)/NOR-out(1,1)/NOR-out(1,1)/NOT-mid(0,1)/OUT-OR2(2,0)|edges=0100000001000010010000000",-0.0402352602410001,0.0706185427222532,9,toxicity_max
5,0000000001000101000010000,"IN(0,1)/NOR-in(0,1)/NOR-mid(1,1)/NOR-out(2,0)/NOT-mid(1,1)|edges=0000100100000100000000010",-0.0457034037127138,-0.0461180086558696,6,toxicity_max
5,0000000001000101000010000,"IN(0,1)/NOR-mid(0,1)/NOR-out(1,1)/NOR-out(1,1)/OUT-OR2(2,0)|edges=0001000100000010000100000",-0.0555791337638437,-0.1477579955084094,10,toxicity_max
5,0000000001000101000010000,"IN(0,1)/NOR-in(0,1)/NOR-mid(1,1)/NOR-out(2,0)/NOT-mid(1,1)|edges=0010000001000100000000010",-0.0569634949706607,-0.0320344410284098,5,toxicity_max
5,0000000001000101000010000,"IN(0,1)/IN(0,1)/NOR-in(1,1)/NOR-in(1,1)/NOR-mid(2,0)|edges=0010000010000010000100000",-0.0635788874600381,-0.1763400178497103,15,toxicity_max
5,0000000001000101000010000,"NOR-in(0,1)/NOR-mid(1,1)/NOR-mid(1,1)/NOR-out(2,0)/NOT-in(0,1)|edges=0010000010000100000001000",-0.0674836073499443,-0.1251606498654389,6,toxicity_max
5,0000000001000101000010000,"IN(0,1)/IN(0,1)/NOR-in(2,0)/NOT-in(1,1)/NOT-in(1,1)|edges=0000100010000000010000100",-0.0695400008524069,0.0094376074133567,5,toxicity_max
5,0000000001000101000010000,"NOR-mid(0,1)/NOR-out(1,1)/NOR-out(1,1)/NOT-mid(0,1)/OUT-OR2(2,0)|edges=0010000001000010100000000",-0.0803172313893466,-0.0325983613275477,6,toxicity_max
5,0000000001000101000010000,"IN(0,1)/IN(0,1)/NOR-in(1,1)/NOR-mid(2,0)/NOT-in(1,1)|edges=0000100100000100000000010",-0.0830424890934721,-0.0119509582931691,7,toxicity_max
5,0000000001000101000010000,"IN(0,1)/NOR-in(0,1)/NOR-in(1,1)/NOR-in(1,1)/NOR-mid(2,0)|edges=0010000010000010000100000",-0.0852835033278681,-0.1879632702399913,7,toxicity_max
5,0000000001000101000010000,"IN(0,1)/IN(0,1)/NOR-mid(1,1)/NOR-mid(1,1)/NOR-out(2,0)|edges=0010000010000010000100000",-0.0897291150153581,-0.0618502113356372,7,toxicity_max
5,0000000001000101000010000,"NOR-in(0,1)/NOR-in(0,1)/NOR-mid(1,1)/NOR-mid(1,1)/NOR-out(2,0)|edges=0010000010000010000100000",-0.0987254626214766,-0.1879543262722749,5,toxicity_max
5,0000000001000101000010000,"IN(0,1)/NOR-mid(0,1)/NOR-out(1,1)/NOR-out(1,1)/OUT-OR2(2,0)|edges=0010000010000010000100000",-0.1046769116690761,-0.1389112404033723,30,toxicity_max
5,0000000001000101000010000,"IN(0,1)/NOR-mid(1,1)/NOR-mid(1,1)/NOR-out(2,0)/NOT-in(0,1)|edges=0010000010000100000001000",-0.1309901128651828,-0.0841071137783693,5,toxicity_max
5,0000000001000101000010000,"IN(0,1)/IN(0,1)/NOR-out(1,1)/NOR-out(1,1)/OUT-OR2(2,0)|edges=0001000100000010000100000",-0.1406812930735873,-0.0780730933752626,19,toxicity_max
5,0000000001000101000010000,"IN(0,1)/IN(0,1)/NOR-mid(1,1)/NOR-mid(1,1)/NOR-out(2,0)|edges=0001000100000010000100000",-0.1710632373507933,-0.1290487828689954,8,toxicity_max
5,0000000001000101000010000,"NOR-out(1,1)/NOR-out(1,1)/NOT-mid(0,1)/NOT-mid(0,1)/OUT-OR2(2,0)|edges=0000100001100000100000000",-0.2454422552189374,-0.1306919658000348,5,toxicity_max
5,0000000001000101000010010,"IN(0,1)/NOR-in(1,2)/NOR-mid(2,1)/NOR-out(2,0)/NOT-in(0,1)|edges=0100000110000100000000100",0.1016920269754284,0.063838974908403,6,toxicity_max
5,0000000001000101000010010,"IN(0,1)/IN(0,1)/NOR-in(1,2)/NOR-in(2,0)/NOR-in(2,1)|edges=0010000001000110000000010",0.0793076026095563,-0.0064970766561451,6,toxicity_max
5,0000000001000101000010010,"IN(0,1)/IN(0,1)/NOR-mid(1,2)/NOR-out(2,1)/OUT-OR2(2,0)|edges=0001000100000110000100000",0.0706627791520459,0.0103799928004045,6,toxicity_max
5,0000000001000101000010010,"IN(0,1)/IN(0,1)/NOR-in(1,2)/NOR-in(2,1)/NOR-mid(2,0)|edges=0010000010000110000100000",0.0633083686852647,0.0698676590475699,8,toxicity_max
5,0000000001000101000010010,"IN(0,1)/NOR-in(0,1)/NOR-mid(1,2)/NOR-out(2,1)/OUT-OR2(2,0)|edges=0001000100000110000100000",0.0110075316733913,-0.0423936977179422,6,toxicity_max
5,0000000001000101000010100,"IN(0,1)/NOR-in(1,2)/NOR-mid(1,1)/NOR-out(1,1)/OUT-OR2(2,0)|edges=0100000101000100000100000",0.1825652566188443,0.1042404349521531,10,toxicity_max
5,0000000001000101000010100,"IN(0,1)/NOR-in(1,1)/NOR-in(1,1)/NOR-in(1,2)/NOR-mid(2,0)|edges=0001000100000010100100000",0.0682619087097119,-0.0911575148727261,7,toxicity_max
5,0000000001000101000010100,"IN(0,1)/NOR-in(1,1)/NOR-in(1,2)/NOR-mid(1,1)/NOR-out(2,0)|edges=0010000010010010000100000",0.0288646012409402,-0.0572862532108502,5,toxicity_max
5,0000000001000110100010000,"NOR-in(0,2)/NOR-in(1,1)/NOR-mid(1,1)/NOR-out(2,1)/OUT-NOT(1,0)|edges=0101000100000100000100000",0.0445620365699427,-0.0538583944959224,7,toxicity_max
5,0000000001000110100010000,"IN(0,2)/NOR-in(1,1)/NOR-in(1,1)/NOR-mid(2,1)/NOR-out(1,0)|edges=0101000100000100000100000",0.0438122302117106,-0.018018090033587,12,toxicity_max
5,0000000001000110100010000,"NOR-in(0,2)/NOR-in(1,1)/NOR-in(1,1)/NOR-mid(2,1)/NOR-out(1,0)|edges=0101000100000100000100000",0.0117502388978701,-0.080521981848077,6,toxicity_max
5,0000000001000110100010000,"IN(0,2)/NOR-in(1,1)/NOR-mid(1,1)/NOR-out(2,1)/OUT-OR2(1,0)|edges=0101000100000100000100000",0.0109700338482088,0.0061190587658334,14,toxicity_max
5,0000000001000110100010000,"IN(0,2)/NOR-in(1,1)/NOR-mid(1,1)/NOR-out(2,1)/OUT-NOT(1,0)|edges=0101000100000100000100000",-0.1268991605593938,-0.0569798422910045,6,toxicity_max
5,0000000001000111000000010,"IN(0,1)/IN(0,2)/NOR-in(2,1)/NOR-in(2,1)/OUT-OR2(1,0)|edges=0010000110000100000100000",0.0859942351040044,-0.1446506245082502,7,toxicity_max
5,0000000001000111000000010,"IN(0,1)/IN(0,2)/NOR-in(2,1)/NOR-in(2,1)/NOR-out(1,0)|edges=0010000110000100000100000",0.0604252103741429,-0.1596377866425676,5,toxicity_max
5,0000000001000111000000010,"IN(0,1)/IN(0,2)/NOR-in(2,1)/NOR-in(2,1)/NOR-mid(1,0)|edges=0010000110000100000100000",0.046435121358122,-0.2117317028489903,33,toxicity_max
5,0000000001000111000000010,"IN(0,1)/IN(0,2)/NOR-in(1,0)/NOR-in(2,1)/NOR-in(2,1)|edges=0001000011000000000100100",0.02973943814243,-0.3135494848398539,28,toxicity_max
5,0000000001000111000000010,"IN(0,1)/IN(0,2)/NOR-in(2,1)/NOR-out(2,1)/OUT-OR2(1,0)|edges=0010000110000100000100000",0.0238996536912107,-0.0994193950073667,9,toxicity_max
5,0000000001000111000000010,"IN(0,1)/IN(0,2)/NOR-in(2,1)/NOR-in(2,1)/NOT-in(1,0)|edges=0010000110000100000100000",0.0164506350784718,0.0318327907764717,7,toxicity_max
5,0000000001000111000000010,"IN(0,2)/NOR-in(0,1)/NOR-mid(2,1)/NOR-out(2,1)/OUT-OR2(1,0)|edges=0011000100000100000100000",0.0130184357631542,-0.072839148942484,8,toxicity_max
5,0000000001000111000000010,"IN(0,1)/NOR-in(0,2)/NOR-in(2,1)/NOR-mid(2,1)/NOR-out(1,0)|edges=0010000110000100000100000",-0.025109347933815,-0.082272439619731,8,toxicity_max
5,0000000001000111000000010,"IN(0,1)/IN(0,2)/NOR-in(2,1)/NOR-mid(2,1)/NOR-out(1,0)|edges=0010000110000100000100000",-0.0829497264734493,0.0694624041177747,10,toxicity_max
5,0000000001000111000010000,"IN(0,1)/IN(0,2)/NOR-in(2,0)/NOR-in(2,1)/NOT-in(1,1)|edges=0001000011000000010000100",0.0992235160088493,-0.0108229893353742,6,toxicity_max
5,0000000001000111000010000,"IN(0,1)/NOR-mid(0,2)/NOR-out(1,1)/NOR-out(2,1)/OUT-OR2(2,0)|edges=0001000110000010000100000",0.0308627308003068,0.0074151482074115,9,toxicity_max
5,0000000001000111000010000,"IN(0,1)/IN(0,2)/NOR-in(1,1)/NOR-in(2,1)/NOR-mid(2,0)|edges=0001000110000010000100000",0.0097324503566956,-0.0038792427252524,6,toxicity_max
5,0000000001000111000010000,"IN(0,1)/IN(0,2)/NOR-out(1,1)/NOR-out(2,1)/OUT-OR2(2,0)|edges=0001000110000010000100000",-0.1683246933155583,0.042457939368434,6,toxicity_max
5,0000000001010000110010000,"IN(0,2)/NOR-in(2,1)/NOR-mid(1,1)/NOR-out(1,0)/NOT-in(1,1)|edges=0100100100000100000001000",0.0633518219733623,0.1703863421661507,5,toxicity_max
5,0000000001010000110010000,"IN(0,2)/NOR-in(1,1)/NOR-in(1,1)/NOR-in(2,1)/NOR-mid(1,0)|edges=0101000010000010010000000",0.0521569295564219,-0.2299591220632322,12,toxicity_max
5,0000000001010000110010000,"IN(0,2)/NOR-in(1,0)/NOR-in(1,1)/NOR-in(1,1)/NOR-in(2,1)|edges=0010100000000010100000010",0.0247597767789201,-0.1646649681099633,5,toxicity_max
5,0000000001010000110010000,"IN(0,2)/NOR-in(1,1)/NOR-in(2,1)/NOR-mid(1,1)/NOR-out(1,0)|edges=0110000100000100000100000",0.0020239279159341,-0.222398335898784,30,toxicity_max
5,0000000001010000110010000,"IN(0,2)/NOR-in(1,1)/NOR-mid(2,1)/NOR-out(1,1)/OUT-OR2(1,0)|edges=0110000100000100000100000",-0.0183770262319048,0.1440643079758466,9,toxicity_max
5,0000000001010000110010000,"NOR-in(0,2)/NOR-in(1,1)/NOR-mid(2,1)/NOR-out(1,1)/OUT-NOT(1,0)|edges=0110000100000100000100000",-0.02906459375166,-0.1137023372404526,5,toxicity_max
5,0000000001010000110010000,"NOR-in(0,2)/NOR-in(1,1)/NOR-mid(2,1)/NOR-out(1,1)/OUT-OR2(1,0)|edges=0110000100000100000100000",-0.0408928991080165,-0.1761574113673297,7,toxicity_max
5,0000000001010001000010000,"IN(0,1)/IN(0,1)/NOR-in(1,1)/NOR-in(1,1)/NOR-mid(2,0)|edges=0000100100000100000100000",0.1047136254599833,-0.0201650320736295,5,toxicity_max
5,0000000001010001000010000,"IN(0,1)/NOR-in(1,1)/NOR-in(1,1)/NOR-out(0,1)/OUT-OR2(2,0)|edges=0100000100000010000100000",0.1013385551102863,-0.1594443379650925,7,toxicity_max
5,0000000001010001000010000,"IN(0,1)/NOR-in(0,1)/NOR-mid(1,1)/NOR-out(1,1)/OUT-OR2(2,0)|edges=0010000001000100000100000",0.0934593707554143,0.0012042582630844,6,toxicity_max
5,0000000001010001000010000,"IN(0,1)/NOR-in(1,1)/NOR-out(0,1)/NOR-out(1,1)/OUT-OR2(2,0)|edges=0100000010000010000100000",0.08708110626252,-0.1409397855012152,13,toxicity_max
5,0000000001010001000010000,"IN(0,1)/NOR-in(0,1)/NOR-in(1,1)/NOR-mid(2,0)/NOT-in(1,1)|edges=0010000010000010000000010",0.0813031322355489,0.0195967566456457,5,toxicity_max
5,0000000001010001000010000,"IN(0,1)/NOR-in(0,1)/NOR-in(1,1)/NOR-mid(1,1)/NOR-out(2,0)|edges=0000100100000100000100000",0.0735700064506046,-0.2054468339000503,32,toxicity_max
5,0000000001010001000010000,"IN(0,1)/IN(0,1)/NOR-in(1,1)/NOR-in(1,1)/NOR-mid(2,0)|edges=0010000001000100000100000",0.0696106200360511,-0.006765453796534,10,toxicity_max
5,0000000001010001000010000,"IN(0,1)/IN(0,1)/NOR-in(1,1)/NOR-in(1,1)/NOR-in(2,0)|edges=0010000001000100000100000",0.0564702127467142,-0.0990807181914729,9,toxicity_max
5,0000000001010001000010000,"IN(0,1)/NOR-in(0,1)/NOR-out(2,0)/NOT-in(1,1)/NOT-mid(1,1)|edges=0010000010000000000100100",0.0563609097874544,0.0790541359973046,5,toxicity_max
5,0000000001010001000010000,"IN(0,1)/IN(0,1)/NOR-in(1,1)/NOR-in(2,0)/NOT-in(1,1)|edges=0001000100000010000000010",0.0556875626256373,-0.0145623561626493,5,toxicity_max
5,0000000001010001000010000,"NOR-in(0,1)/NOR-in(1,1)/NOR-out(0,1)/NOR-out(1,1)/OUT-OR2(2,0)|edges=0100000010000010000100000",0.0479935461490647,-0.241210319433985,9,toxicity_max
5,0000000001010001000010000,"IN(0,1)/IN(0,1)/NOR-in(1,1)/NOR-mid(1,1)/NOR-out(2,0)|edges=0010000001000100000100000",0.0089404271658937,-0.0088174913706899,18,toxicity_max
5,0000000001010001000010000,"NOR-in(1,1)/NOR-out(0,1)/NOR-out(1,1)/NOT-in(0,1)/OUT-OR2(2,0)|edges=0010000001000011000000000",0.0086008363742913,-0.0678548786924396,5,toxicity_max
5,0000000001010001000010000,"NOR-in(0,1)/NOR-in(1,1)/NOR-mid(0,1)/NOR-mid(1,1)/NOR-out(2,0)|edges=0100000010000010000100000",0.0065657857202842,-0.2424758685576827,20,toxicity_max
5,0000000001010001000010000,"IN(0,1)/NOR-in(1,1)/NOR-mid(1,1)/NOR-out(2,0)/NOT-mid(0,1)|edges=0100000100000100000000010",0.0018505392894064,0.0336065860728279,10,toxicity_max
5,0000000001010001000010000,"IN(0,1)/IN(0,1)/NOR-in(1,1)/NOR-in(1,1)/NOR-in(2,0)|edges=0000100100000100000100000",0.0013509977823613,-0.178852924346353,9,toxicity_max
5,0000000001010001000010000,"IN(0,1)/NOR-in(1,1)/NOR-mid(1,1)/NOR-out(2,0)/NOT-in(0,1)|edges=0001000100000100000001000",-0.0173192009691291,-0.0002626473660704,21,toxicity_max
5,0000000001010001000010000,"IN(0,1)/NOR-in(0,1)/NOR-in(1,1)/NOR-out(2,0)/NOT-mid(1,1)|edges=0001000100000010000000010",-0.0386852148920883,-0.0639303458006574,9,toxicity_max
5,0000000001010001000010000,"IN(0,1)/NOR-in(0,1)/NOR-in(1,1)/NOR-in(1,1)/NOR-mid(2,0)|edges=0010000001000100000100000",-0.0414892545838717,-0.1685252550256843,8,toxicity_max
5,0000000001010001000010000,"IN(0,1)/IN(0,1)/NOR-in(1,1)/NOR-mid(2,0)/NOT-in(1,1)|edges=0000100010000100000000100",-0.043386085629402,0.0099362523062342,9,toxicity_max
5,0000000001010001000010000,"IN(0,1)/NOR-mid(1,1)/NOR-out(0,1)/NOR-out(1,1)/OUT-OR2(2,0)|edges=0100000010000010000100000",-0.0576532351637962,-0.010666313050375,11,toxicity_max
5,0000000001010001000010000,"IN(0,1)/NOR-in(1,1)/NOR-mid(0,1)/NOR-mid(1,1)/NOR-out(2,0)|edges=0100000010000010000100000",-0.0617351977707335,-0.2400273250318154,22,toxicity_max
5,0000000001010001000010000,"IN(0,1)/IN(0,1)/NOR-in(1,1)/NOR-in(2,0)/NOT-in(1,1)|edges=0001000001000100000000100",-0.0696063711417622,-0.136765803877311,7,toxicity_max
5,0000000001010001000010000,"NOR-in(0,1)/NOR-mid(1,1)/NOR-out(0,1)/NOR-out(1,1)/OUT-OR2(2,0)|edges=0100000010000010000100000",-0.0960434284170139,-0.3225740793352341,32,toxicity_max
5,0000000001010001000010000,"IN(0,1)/NOR-in(1,1)/NOR-in(1,1)/NOR-mid(2,0)/NOT-in(0,1)|edges=0100000100000100000000010",-0.1052451166141776,-0.1331958663275444,11,toxicity_max
5,0000000001010001000010000,"NOR-in(1,1)/NOR-mid(0,1)/NOR-mid(1,1)/NOR-out(2,0)/NOT-in(0,1)|edges=0010000010000100000010000",-0.1075281569996195,-0.0829030037635046,9,toxicity_max
5,0000000001010001000010000,"IN(0,1)/IN(0,1)/NOR-mid(1,1)/NOR-out(2,0)/NOT-in(1,1)|edges=0000100010000100000000100",-0.1090363577323862,0.1014073733106569,8,toxicity_max
5,0000000001010001000010000,"IN(0,1)/NOR-mid(0,1)/NOR-mid(1,1)/NOR-out(2,0)/NOT-in(1,1)|edges=0000100010000100000000100",-0.1136247258047487,-0.1252401429472987,7,toxicity_max
5,0000000001010001000010000,"IN(0,1)/IN(0,1)/NOR-in(1,1)/NOR-mid(1,1)/NOR-out(2,0)|edges=0000100100000100000100000",-0.1230275816751671,-0.1063580498066751,27,toxicity_max
5,0000000001010001000010000,"NOR-mid(1,1)/NOR-out(0,1)/NOR-out(1,1)/NOT-in(0,1)/OUT-OR2(2,0)|edges=0010000001000011000000000",-0.1275641928873409,0.0337326017009516,15,toxicity_max
5,0000000001010001000010000,"IN(0,1)/NOR-out(0,1)/NOR-out(1,1)/NOT-mid(1,1)/OUT-OR2(2,0)|edges=0001000001000010010000000",-0.1807328659990533,-0.0631863056190147,8,toxicity_max
5,0000000001010001000010000,"NOR-in(0,1)/NOR-out(0,1)/NOR-out(1,1)/NOT-mid(1,1)/OUT-OR2(2,0)|edges=0001000001000010010000000",-0.1824347753259831,-0.1100599635251479,6,toxicity_max
5,0000000001010001000010000,"IN(0,1)/IN(0,1)/NOR-in(1,1)/NOR-mid(2,0)/NOT-in(1,1)|edges=0001000001000100000000100",-0.1948314487095283,-0.0560505536512722,5,toxicity_max
5,0000000001010001000010010,"IN(0,1)/NOR-in(1,1)/NOR-mid(1,2)/NOR-out(1,1)/OUT-OR2(2,0)|edges=0100000100000110000100000",0.1020662834022825,0.0542457404715215,6,toxicity_max
5,0000000001010001000010010,"NOR-in(0,1)/NOR-in(1,1)/NOR-mid(1,2)/NOR-out(1,1)/OUT-OR2(2,0)|edges=0100000100000110000100000",0.0968626750610335,-0.0351557221253559,9,toxicity_max
5,0000000001010001000010010,"IN(0,1)/NOR-in(1,2)/NOR-mid(1,1)/NOR-out(2,0)/NOT-in(1,1)|edges=0000100110000100000001000",0.0811292072025072,0.0158559013857752,6,toxicity_max
5,0000000001010001000010010,"IN(0,1)/NOR-in(1,1)/NOR-in(1,2)/NOR-mid(1,1)/NOR-out(2,0)|edges=0100000100000110000100000",0.0636583103603882,-0.0954551146503188,9,toxicity_max
5,0000000001010001000010010,"IN(0,1)/NOR-in(1,1)/NOR-in(1,1)/NOR-in(1,2)/NOR-mid(2,0)|edges=0100000010000010010100000",0.0207569172227708,-0.1366115757012171,5,toxicity_max
5,0000000001010001000010010,"NOR-in(1,1)/NOR-mid(1,2)/NOR-out(1,1)/NOT-in(0,1)/OUT-OR2(2,0)|edges=0100000101000011000000000",-0.0003180068225799,0.010446694739318,6,toxicity_max
5,0000000001010001000010010,"NOR-in(0,1)/NOR-in(1,1)/NOR-in(1,2)/NOR-mid(1,1)/NOR-out(2,0)|edges=0100000100000110000100000",-0.0329639194839353,-0.1840914424336847,5,toxicity_max
5,0000000001010001000110000,"IN(0,1)/IN(0,2)/NOR-in(1,1)/NOR-in(2,0)/NOR-in(2,1)|edges=0010000011000010000000010",0.0565480937017397,-0.073816594756587,7,toxicity_max
5,0000000001010001000110000,"IN(0,2)/NOR-in(0,1)/NOR-in(1,1)/NOR-mid(2,1)/NOR-out(2,0)|edges=0001100100000100000100000",0.0387376170423564,-0.0851883100148183,5,toxicity_max
5,0000000001010001010010000,"NOR-in(0,2)/NOR-in(1,1)/NOR-mid(1,1)/NOR-out(1,1)/OUT-OR2(2,0)|edges=0100100100000100000100000",0.1194662502888416,-0.0745568154160704,6,toxicity_max
5,0000000001010001010010000,"IN(0,2)/NOR-in(1,1)/NOR-in(1,1)/NOR-mid(1,1)/NOR-out(2,0)|edges=0100100100000100000100000",-0.0656286824519249,-0.1242353299517126,8,toxicity_max
5,0000000001010001100010000,"NOR-in(0,1)/NOR-in(0,2)/NOR-mid(2,1)/NOR-out(1,1)/OUT-OR2(2,0)|edges=0010000101000100000100000",0.0257043698830295,-0.0302134999528359,7,toxicity_max
5,0000000001010001100010000,"IN(0,1)/IN(0,2)/NOR-in(1,1)/NOR-in(2,1)/NOR-mid(2,0)|edges=0001000011000010010000000",-0.0080817165618682,-0.0662713694707626,10,toxicity_max
5,0000000001010001100010000,"IN(0,1)/IN(0,2)/NOR-in(1,1)/NOR-in(2,0)/NOR-in(2,1)|edges=0000100011000100000000100",-0.0172186887368605,-0.1078319055268592,7,toxicity_max
5,0000000001010001100010000,"IN(0,1)/IN(0,2)/NOR-in(2,1)/NOR-mid(1,1)/NOR-out(2,0)|edges=0010000101000100000100000",-0.0334302828078554,0.0680352582711639,15,toxicity_max
5,0000000001010001100010000,"IN(0,2)/NOR-in(0,1)/NOR-in(2,1)/NOR-mid(1,1)/NOR-out(2,0)|edges=0010100100000100000100000",-0.0607091480691527,-0.1062861679745477,6,toxicity_max
5,0000000001010011000010000,"IN(0,2)/NOR-in(1,1)/NOR-in(2,1)/NOR-out(0,1)/OUT-OR2(2,0)|edges=0110000100000010000100000",0.0934739533245617,-0.1152114999738167,8,toxicity_max
5,0000000001010011000010000,"IN(0,1)/IN(0,2)/NOR-in(1,1)/NOR-in(2,1)/NOR-mid(2,0)|edges=0000100110000100000100000",0.0299517996819984,0.0614463390610464,8,toxicity_max
5,0000000001010011000010000,"IN(0,1)/IN(0,2)/NOR-in(1,1)/NOR-mid(2,1)/NOR-out(2,0)|edges=0000100110000100000100000",0.0250836475793754,0.0991982283505818,8,toxicity_max
5,0000000001010011000010000,"NOR-in(0,2)/NOR-in(1,1)/NOR-mid(0,1)/NOR-mid(2,1)/NOR-out(2,0)|edges=0101000010000010000100000",0.0168215502071735,-0.0898448930181453,5,toxicity_max
5,0000000001010011000010000,"NOR-in(0,2)/NOR-mid(1,1)/NOR-out(0,1)/NOR-out(2,1)/OUT-OR2(2,0)|edges=0101000010000010000100000",0.0059555434541158,-0.1676575684388251,6,toxicity_max
5,0000000001010011000010000,"IN(0,2)/NOR-in(1,1)/NOR-out(0,1)/NOR-out(2,1)/OUT-OR2(2,0)|edges=0101000010000010000100000",0.0047220134850018,-0.0746268457283992,7,toxicity_max
5,0000000001010011000010000,"IN(0,1)/NOR-in(0,2)/NOR-in(1,1)/NOR-mid(2,1)/NOR-out(2,0)|edges=0000100110000100000100000",-0.0205812766493575,-0.1878786712436622,5,toxicity_max
5,0000000001010011000010000,"IN(0,2)/NOR-in(1,1)/NOR-in(2,1)/NOR-mid(2,0)/NOT-in(0,1)|edges=0110000100000100000000010",-0.0493373346489664,-0.0740538683375301,8,toxicity_max
5,0000000001010011000010000,"IN(0,1)/IN(0,2)/NOR-in(1,1)/NOR-in(2,0)/NOR-in(2,1)|edges=0001000101000010000000010",-0.0639803595685019,-0.2377961055806913,16,toxicity_max
5,0000000001010011000010000,"IN(0,2)/NOR-in(1,1)/NOR-mid(0,1)/NOR-mid(2,1)/NOR-out(2,0)|edges=0101000010000010000100000",-0.0640872824087635,-0.1288278464335697,5,toxicity_max
5,0000000001010011000010000,"IN(0,2)/NOR-in(0,1)/NOR-in(1,1)/NOR-in(2,1)/NOR-mid(2,0)|edges=0011000001000100000100000",-0.1158975761401731,-0.210795625221903,5,toxicity_max
5,0000000001010101000010000,"IN(0,2)/NOR-in(1,1)/NOR-mid(1,1)/NOR-mid(1,1)/NOR-out(2,0)|edges=0110000010000010000100000",0.0619114087305932,-0.1628289669533058,9,toxicity_max
5,0000000001010101000010000,"NOR-in(0,2)/NOR-mid(1,1)/NOR-out(1,1)/NOR-out(1,1)/OUT-OR2(2,0)|edges=0110000010000010000100000",0.0318167615100813,-0.0460111569707466,6,toxicity_max
5,0000000001010101000010000,"NOR-in(0,2)/NOR-in(1,1)/NOR-mid(1,1)/NOR-mid(1,1)/NOR-out(2,0)|edges=0110000010000010000100000",0.0225089281208171,-0.0837852488886176,5,toxicity_max
5,0000000001010101000010000,"IN(0,2)/NOR-mid(1,1)/NOR-out(1,1)/NOR-out(1,1)/OUT-OR2(2,0)|edges=0110000010000010000100000",-0.0446175813355394,-0.0955822163336939,9,toxicity_max
5,0000000001010101000010000,"IN(0,2)/NOR-in(1,1)/NOR-in(1,1)/NOR-mid(2,0)/NOT-in(1,1)|edges=0100100010000100000000100",-0.1070711349799307,-0.1423958035676508,6,toxicity_max
5,0000000001010101000010000,"IN(0,2)/NOR-mid(1,1)/NOR-out(1,1)/NOR-out(1,1)/OUT-OR2(2,0)|edges=0101000100000010000100000",-0.1451007123433151,-0.0957716049870233,5,toxicity_max
5,0000000001010101000010010,"IN(0,2)/NOR-in(1,1)/NOR-mid(1,2)/NOR-out(2,1)/OUT-OR2(2,0)|edges=0101000100000110000100000",0.0296247833137157,0.0721353893363386,7,toxicity_max
5,0000000001100001000000110,"NOR-in(0,1)/NOR-mid(1,2)/NOR-out(1,1)/NOR-out(1,1)/OUT-OR2(2,0)|edges=0100000110000010000100000",0.0275433253797757,-0.0445921717766231,9,toxicity_max
5,0000000001100001000000110,"IN(0,1)/NOR-mid(1,2)/NOR-out(1,1)/NOR-out(1,1)/OUT-OR2(2,0)|edges=0100000110000010000100000",0.0022498422066576,-0.0728761189492243,8,toxicity_max
5,0000000001100001010000110,"IN(0,1)/NOR-in(1,2)/NOR-in(1,2)/NOR-mid(2,1)/NOR-out(2,0)|edges=0100000110000110000100000",0.0609317671381254,0.0427160011108533,5,toxicity_max
5,0000000011010011000010000,"IN(0,2)/NOR-in(1,1)/NOR-in(1,2)/NOR-in(2,0)/NOR-in(2,1)|edges=0010100010010010000000010",0.0714189881808094,-0.1893640438784413,8,toxicity_max
5,0000000011010011000010000,"IN(0,2)/NOR-in(1,1)/NOR-in(1,2)/NOR-in(2,1)/NOR-mid(2,0)|edges=0011000001010100000100000",0.0635295718284053,-0.1639981038758574,12,toxicity_max
