k,parent_iso_key,typed_motif,partial_r,raw_r,n_topologies,score
3,000000110,"IN(0,2)/NOR-in(1,0)/NOR-in(1,0)|edges=011000000",0.1106211363266395,0.0159666734961768,44,circuit_log_max
3,000000110,"IN(0,2)/NOR-in(1,0)/NOR-mid(1,0)|edges=011000000",0.1006455662390925,0.0201657370185138,45,circuit_log_max
3,000000110,"IN(0,2)/NOR-out(1,0)/NOR-out(1,0)|edges=011000000",0.0996397711321294,0.1315846713550778,8,circuit_log_max
3,000000110,"NOR-in(0,2)/NOR-in(1,0)/NOR-out(1,0)|edges=011000000",0.0924585900945097,0.0423942527785565,22,circuit_log_max
3,000000110,"NOR-in(1,0)/NOR-in(1,0)/NOT-in(0,2)|edges=000000110",0.0792605216385227,0.0534087572918589,5,circuit_log_max
3,000000110,"IN(0,2)/NOR-in(1,0)/NOT-in(1,0)|edges=011000000",-0.0046015775109096,-0.05832365864657,29,circuit_log_max
3,000000110,"IN(0,2)/NOR-mid(1,0)/NOT-in(1,0)|edges=011000000",-0.0149184996197462,-0.0090781901715615,17,circuit_log_max
3,000000110,"NOR-in(0,2)/NOR-in(1,0)/NOR-in(1,0)|edges=011000000",-0.0486316182863385,-0.1467146675813039,31,circuit_log_max
3,000000110,"NOR-in(0,2)/NOR-in(1,0)/NOR-mid(1,0)|edges=011000000",-0.0526334135631514,-0.1028291522482051,18,circuit_log_max
3,000000110,"NOR-in(0,2)/NOR-mid(1,0)/OUT-OR2(1,0)|edges=011000000",-0.0590074559627748,-0.0648812185549378,13,circuit_log_max
3,000000110,"IN(0,2)/NOR-in(1,0)/NOT-mid(1,0)|edges=011000000",-0.0599412296774256,-0.043814464942174,5,circuit_log_max
3,000000110,"NOR-in(0,2)/NOR-in(1,0)/OUT-OR2(1,0)|edges=011000000",-0.0818389940541697,-0.1058513562830041,19,circuit_log_max
3,000000110,"IN(0,2)/NOR-out(1,0)/NOT-mid(1,0)|edges=011000000",-0.1145143798060338,-0.1329327268304044,6,circuit_log_max
3,000000110,"IN(0,2)/NOR-out(1,0)/NOT-in(1,0)|edges=011000000",-0.1498644583880707,-0.1294007070535149,22,circuit_log_max
3,000000110,"IN(0,2)/NOR-in(1,0)/NOR-out(1,0)|edges=011000000",-0.1523357069772819,-0.1935339162719845,73,circuit_log_max
3,000000110,"NOR-mid(0,2)/NOR-out(1,0)/NOR-out(1,0)|edges=011000000",-0.1651601192795895,-0.1747227374017501,13,circuit_log_max
3,000000110,"IN(0,2)/NOR-mid(1,0)/NOR-out(1,0)|edges=011000000",-0.2162492550650294,-0.2250297306271219,16,circuit_log_max
3,000000110,"NOR-in(0,2)/NOR-mid(1,0)/NOR-out(1,0)|edges=011000000",-0.2557633086014825,-0.2759248053997293,8,circuit_log_max
3,000001100,"NOR-mid(0,1)/NOR-out(1,1)/OUT-NOT(1,0)|edges=010001000",0.3843133766963427,0.33660391730398,61,circuit_log_max
3,000001100,"IN(0,1)/NOR-out(1,1)/OUT-NOT(1,0)|edges=010001000",0.357208219162597,0.3563387421631155,24,circuit_log_max
3,000001100,"NOR-in(0,1)/NOR-mid(1,0)/NOT-in(1,1)|edges=001000010",0.3285307245158742,0.3072447130723398,16,circuit_log_max
3,000001100,"NOR-in(0,1)/NOR-out(1,1)/OUT-NOT(1,0)|edges=010001000",0.3004062530336721,0.2752671667563431,16,circuit_log_max
3,000001100,"NOR-in(0,1)/NOR-in(1,0)/NOT-in(1,1)|edges=001000010",0.232781566649935,0.2017748212846918,12,circuit_log_max
3,000001100,"NOR-in(1,0)/NOR-in(1,1)/NOT-in(0,1)|edges=000100010",0.227064693997558,0.1754336640964986,33,circuit_log_max
3,000001100,"IN(0,1)/NOR-in(1,1)/NOT-in(1,0)|edges=010001000",0.2219939556941316,0.2147821981293395,30,circuit_log_max
3,000001100,"NOR-in(0,1)/NOR-in(1,1)/NOT-in(1,0)|edges=010001000",0.2190167000514144,0.1914056989835542,18,circuit_log_max
3,000001100,"NOR-out(1,1)/NOT-mid(0,1)/OUT-NOT(1,0)|edges=001100000",0.2012197675260658,0.2111615699579679,7,circuit_log_max
3,000001100,"NOR-in(1,0)/NOT-in(0,1)/NOT-in(1,1)|edges=000001100",0.1480245020771565,0.1625135117320413,10,circuit_log_max
3,000001100,"NOR-in(1,1)/NOR-out(1,0)/NOT-in(0,1)|edges=010000100",0.1460741418985583,0.1442096715565415,17,circuit_log_max
3,000001100,"IN(0,1)/NOR-in(1,0)/NOR-in(1,1)|edges=001000010",0.1430418085476821,-0.0416459531161332,141,circuit_log_max
3,000001100,"NOR-mid(1,1)/NOR-out(1,0)/NOT-in(0,1)|edges=010000100",0.1161799906289617,0.1429017493895126,52,circuit_log_max
3,000001100,"NOR-in(0,1)/NOT-in(1,0)/NOT-in(1,1)|edges=001000010",0.1067742945314005,0.101044303415993,5,circuit_log_max
3,000001100,"NOR-in(0,1)/NOR-in(1,1)/NOT-mid(1,0)|edges=010001000",0.098372469741474,0.0954639815149025,21,circuit_log_max
3,000001100,"IN(0,1)/NOR-in(1,1)/NOT-mid(1,0)|edges=010001000",0.0944273796208203,0.1224847915693494,16,circuit_log_max
3,000001100,"IN(0,1)/NOT-in(1,1)/OUT-OR2(1,0)|edges=010001000",0.0931771008980571,0.1193769559543392,5,circuit_log_max
3,000001100,"NOR-mid(0,1)/NOT-out(1,1)/OUT-OR2(1,0)|edges=010001000",0.0820868213231324,0.1055853130910944,8,circuit_log_max
3,000001100,"IN(0,1)/NOT-in(1,0)/NOT-in(1,1)|edges=001000010",0.0720036048079182,0.0943817224930564,12,circuit_log_max
3,000001100,"NOR-in(0,1)/NOR-in(1,0)/NOR-in(1,1)|edges=001000010",0.0670243623940996,-0.0744059668433784,56,circuit_log_max
3,000001100,"NOR-in(1,1)/NOT-in(0,1)/NOT-mid(1,0)|edges=001100000",0.0550109869175315,0.0785016681214041,11,circuit_log_max
3,000001100,"IN(0,1)/NOR-in(1,1)/NOR-out(1,0)|edges=010001000",0.0542041758862728,0.0180140633789515,39,circuit_log_max
3,000001100,"IN(0,1)/NOR-in(1,0)/NOT-in(1,1)|edges=001000010",0.0352280558032275,0.0213213727284043,60,circuit_log_max
3,000001100,"NOR-in(0,1)/NOR-mid(1,1)/NOT-out(1,0)|edges=010001000",0.0231379579242345,0.0192806177498253,6,circuit_log_max
3,000001100,"NOR-in(1,1)/NOR-mid(1,0)/NOT-in(0,1)|edges=010000100",0.0217919261948488,0.0311879308268688,51,circuit_log_max
3,000001100,"NOR-in(0,1)/NOR-in(1,1)/NOR-out(1,0)|edges=010001000",0.0139121399771297,-0.0418060913684905,23,circuit_log_max
3,000001100,"NOR-in(0,1)/NOR-out(1,0)/NOT-mid(1,1)|edges=001000010",0.010926828107506,0.017721713302264,22,circuit_log_max
3,000001100,"NOR-mid(1,0)/NOT-in(0,1)/NOT-in(1,1)|edges=000001100",0.0084572184917047,0.0118532007465126,7,circuit_log_max
3,000001100,"NOR-in(0,1)/NOR-in(1,1)/NOR-mid(1,0)|edges=010001000",-0.0141673003061296,-0.1702927903787592,104,circuit_log_max
3,000001100,"IN(0,1)/NOR-in(1,1)/NOR-mid(1,0)|edges=010001000",-0.0192654572809418,-0.0710753066028472,121,circuit_log_max
3,000001100,"NOR-in(0,1)/NOT-in(1,1)/NOT-mid(1,0)|edges=010001000",-0.0405649945639479,-0.0210879159990004,5,circuit_log_max
3,000001100,"NOR-in(0,1)/NOR-mid(1,1)/OUT-OR2(1,0)|edges=010001000",-0.045508989370004,-0.0514208515743723,14,circuit_log_max
3,000001100,"IN(0,1)/NOR-in(1,1)/OUT-OR2(1,0)|edges=010001000",-0.0555693388951293,-0.0640074175068346,29,circuit_log_max
3,000001100,"IN(0,1)/NOT-out(1,1)/OUT-OR2(1,0)|edges=010001000",-0.0594511085509917,-0.022586605323625,7,circuit_log_max
3,000001100,"IN(0,1)/NOR-mid(1,1)/NOR-out(1,0)|edges=010001000",-0.0623971359496258,-0.0724982648545331,98,circuit_log_max
3,000001100,"IN(0,1)/NOR-mid(1,0)/NOT-in(1,1)|edges=001000010",-0.0809409072442456,-0.0348323360955385,29,circuit_log_max
3,000001100,"NOR-in(0,1)/NOR-mid(1,1)/NOR-out(1,0)|edges=010001000",-0.0918436843135206,-0.1874634551567513,145,circuit_log_max
3,000001100,"IN(0,1)/NOR-out(1,0)/NOT-in(1,1)|edges=001000010",-0.0931816875257853,-0.0509835250170319,5,circuit_log_max
3,000001100,"NOR-in(0,1)/NOR-in(1,1)/OUT-OR2(1,0)|edges=010001000",-0.0931994838584067,-0.1398866913067519,10,circuit_log_max
3,000001100,"NOR-out(1,1)/NOT-in(0,1)/OUT-OR2(1,0)|edges=001100000",-0.1016198934367019,-0.055765243462227,7,circuit_log_max
3,000001100,"IN(0,1)/NOT-in(1,1)/NOT-mid(1,0)|edges=010001000",-0.1163235298989169,-0.0556319301023329,6,circuit_log_max
3,000001100,"NOR-out(1,0)/NOT-in(0,1)/NOT-mid(1,1)|edges=000001100",-0.1341861496592972,-0.0897933081368442,10,circuit_log_max
3,000001100,"IN(0,1)/NOR-mid(1,1)/OUT-OR2(1,0)|edges=010001000",-0.1347942245985315,-0.1319717831529931,10,circuit_log_max
3,000001100,"NOR-in(0,1)/NOR-out(1,1)/OUT-OR2(1,0)|edges=010001000",-0.1411786885121729,-0.1793123286708889,33,circuit_log_max
3,000001100,"NOR-out(1,1)/NOT-mid(0,1)/OUT-OR2(1,0)|edges=001100000",-0.1462068852034595,-0.0991586885010589,47,circuit_log_max
3,000001100,"IN(0,1)/NOR-out(1,0)/NOT-mid(1,1)|edges=001000010",-0.1506842361116547,-0.1318976489192985,19,circuit_log_max
3,000001100,"NOR-mid(0,1)/NOR-out(1,1)/OUT-OR2(1,0)|edges=010001000",-0.4113372721660508,-0.4299698103801732,106,circuit_log_max
3,000001100,"IN(0,1)/NOR-out(1,1)/OUT-OR2(1,0)|edges=010001000",-0.4787036918985826,-0.4497660110440737,112,circuit_log_max
3,000100100,"IN(0,1)/NOR-in(0,1)/NOR-in(2,0)|edges=001001000",0.2605193608600193,0.1567754608892413,76,circuit_log_max
3,000100100,"NOR-in(0,1)/NOR-mid(0,1)/NOR-out(2,0)|edges=001001000",0.257150651368425,0.2304736676830569,10,circuit_log_max
3,000100100,"NOR-in(0,1)/NOR-mid(2,0)/NOT-in(0,1)|edges=010000010",0.2167022542213504,0.1985988757270433,25,circuit_log_max
3,000100100,"IN(0,1)/NOR-in(2,0)/NOT-in(0,1)|edges=010000010",0.128457910601867,0.1261731036904664,46,circuit_log_max
3,000100100,"NOR-out(0,1)/NOT-in(0,1)/OUT-OR2(2,0)|edges=001001000",0.0931771008980571,0.1193769559543392,5,circuit_log_max
3,000100100,"NOR-in(0,1)/NOR-in(2,0)/NOT-in(0,1)|edges=010000010",0.0702195665516811,0.0215249648282402,23,circuit_log_max
3,000100100,"IN(0,1)/IN(0,1)/NOR-mid(2,0)|edges=001001000",0.0655146752556776,0.035807000724061,25,circuit_log_max
3,000100100,"NOR-out(0,1)/NOT-out(0,1)/OUT-OR2(2,0)|edges=001001000",0.0536474356443136,0.0833317965775034,15,circuit_log_max
3,000100100,"NOR-mid(0,1)/NOR-mid(0,1)/NOR-out(2,0)|edges=001001000",0.039522081462118,-0.0323864148953223,38,circuit_log_max
3,000100100,"IN(0,1)/NOR-out(0,1)/OUT-OR2(2,0)|edges=001001000",0.0309311060261833,0.0834300505451072,6,circuit_log_max
3,000100100,"IN(0,1)/IN(0,1)/NOR-in(2,0)|edges=001001000",0.0074086348000755,-0.0970362088797704,147,circuit_log_max
3,000100100,"NOR-in(2,0)/NOT-in(0,1)/NOT-in(0,1)|edges=000100100",0.0048901306227614,0.0161224809658523,10,circuit_log_max
3,000100100,"NOR-in(0,1)/NOR-in(0,1)/NOR-in(2,0)|edges=001001000",-0.0256967096514236,-0.1092289013591107,24,circuit_log_max
3,000100100,"NOR-mid(0,1)/NOR-out(2,0)/NOT-mid(0,1)|edges=010000010",-0.0424038453728934,-0.0226170137352698,18,circuit_log_max
3,000100100,"IN(0,1)/NOR-in(0,1)/NOR-mid(2,0)|edges=001001000",-0.0469365787185092,-0.0518418095444076,60,circuit_log_max
3,000100100,"NOR-in(0,1)/NOR-in(0,1)/NOR-mid(2,0)|edges=001001000",-0.0478391078855069,-0.1313545787550977,43,circuit_log_max
3,000100100,"NOR-in(0,1)/NOR-out(0,1)/OUT-OR2(2,0)|edges=001001000",-0.0883426682167739,-0.1094451724034909,30,circuit_log_max
3,000100100,"IN(0,1)/NOR-mid(2,0)/NOT-in(0,1)|edges=010000010",-0.1028771095213381,-0.0553290672203798,17,circuit_log_max
3,000100100,"IN(0,1)/NOR-mid(0,1)/NOR-out(2,0)|edges=001001000",-0.1606094739963003,-0.1386990206073508,83,circuit_log_max
3,000100100,"IN(0,1)/NOR-out(2,0)/NOT-mid(0,1)|edges=010000010",-0.1789600468488982,-0.1493986168469419,26,circuit_log_max
3,000100100,"IN(0,1)/IN(0,1)/NOR-out(2,0)|edges=001001000",-0.190035976292317,-0.1563787812850756,31,circuit_log_max
3,000100100,"IN(0,1)/NOR-in(0,1)/NOR-out(2,0)|edges=001001000",-0.2086225019613607,-0.2585423566999825,6,circuit_log_max
3,000100100,"NOR-out(0,1)/NOR-out(0,1)/OUT-OR2(2,0)|edges=001001000",-0.4835312078985618,-0.4828173787670295,73,circuit_log_max
3,000100110,"IN(0,2)/NOR-in(2,0)/NOT-in(1,1)|edges=011000010",0.2349433149799808,0.2505912976823367,16,circuit_log_max
3,000100110,"NOR-in(0,2)/NOR-out(2,0)/NOT-mid(1,1)|edges=011000010",0.1564779536818044,0.1911359446603079,5,circuit_log_max
3,000100110,"NOR-in(1,1)/NOR-mid(2,0)/NOT-in(0,2)|edges=010000110",0.1185331252997725,0.1281719226865475,6,circuit_log_max
3,000100110,"NOR-in(1,1)/NOR-in(2,0)/NOT-in(0,2)|edges=010000110",0.0953462177466031,0.0838998956348733,6,circuit_log_max
3,000100110,"NOR-in(0,2)/NOR-in(1,1)/NOR-in(2,0)|edges=011001000",0.0948935617586574,0.0403086993343592,12,circuit_log_max
3,000100110,"NOR-in(0,2)/NOR-mid(1,1)/NOR-out(2,0)|edges=011001000",0.0690446934046139,0.0431954016312683,18,circuit_log_max
3,000100110,"NOR-in(0,2)/NOR-in(1,1)/NOR-mid(2,0)|edges=011001000",-0.0085408174818169,-0.0577689609302736,19,circuit_log_max
3,000100110,"IN(0,2)/NOR-in(1,1)/NOR-in(2,0)|edges=011001000",-0.0529671171191121,-0.1695462869456497,71,circuit_log_max
3,000100110,"NOR-mid(0,2)/NOR-out(1,1)/OUT-OR2(2,0)|edges=011001000",-0.085002697950146,-0.0857067112366272,15,circuit_log_max
3,000100110,"IN(0,2)/NOR-mid(1,1)/NOR-out(2,0)|edges=011001000",-0.1296858502220747,-0.1335359444563979,15,circuit_log_max
3,000100110,"IN(0,2)/NOR-in(1,1)/NOR-out(2,0)|edges=011001000",-0.1645820555819651,-0.1916821084092011,9,circuit_log_max
3,000100110,"IN(0,2)/NOR-in(1,1)/NOR-mid(2,0)|edges=011001000",-0.1807342593539872,-0.1549443707356355,16,circuit_log_max
4,0000000000001110,"IN(0,3)/NOR-in(1,0)/NOR-in(1,0)/NOR-mid(1,0)|edges=0111000000000000",0.0074220722939131,-0.0573551111786386,10,circuit_log_max
4,0000000000001110,"IN(0,3)/NOR-in(1,0)/NOR-in(1,0)/NOR-out(1,0)|edges=0111000000000000",0.0033803601127294,-0.0302404599806162,8,circuit_log_max
4,0000000000011100,"IN(0,1)/NOR-in(1,0)/NOR-in(1,2)/NOR-out(1,0)|edges=0010000001010000",0.1289999193313628,0.1091173097255309,15,circuit_log_max
4,0000000000011100,"IN(0,1)/NOR-in(1,0)/NOR-in(1,0)/NOR-in(1,2)|edges=0001000000000110",0.0918947469168242,0.051283696710968,9,circuit_log_max
4,0000000000011100,"NOR-in(1,0)/NOR-in(1,2)/NOR-out(1,0)/NOT-in(0,1)|edges=0000101000000100",0.0880336337761221,0.0716263861771258,5,circuit_log_max
4,0000000000011100,"IN(0,1)/NOR-in(1,0)/NOR-in(1,0)/NOT-in(1,2)|edges=0001000000000110",0.0792605216385227,0.0534087572918589,5,circuit_log_max
4,0000000000011100,"IN(0,1)/NOR-in(1,2)/NOR-mid(1,0)/OUT-OR2(1,0)|edges=0100001100000000",0.0211597274095371,0.0254044116648991,10,circuit_log_max
4,0000000000011100,"IN(0,1)/NOR-in(1,0)/NOR-in(1,2)/NOR-mid(1,0)|edges=0010000001010000",-0.0284124794206071,-0.0785820295933031,14,circuit_log_max
4,0000000000011100,"NOR-in(0,1)/NOR-in(1,0)/NOR-in(1,2)/OUT-OR2(1,0)|edges=0010000001010000",-0.0639778310046007,-0.111868183772942,5,circuit_log_max
4,0000000000011100,"IN(0,1)/NOR-mid(1,2)/NOR-out(1,0)/NOR-out(1,0)|edges=0100001100000000",-0.0728221280399467,-0.0926575059384076,8,circuit_log_max
4,0000000000011100,"IN(0,1)/NOR-in(1,0)/NOR-in(1,2)/OUT-OR2(1,0)|edges=0010000001010000",-0.0825478097103874,-0.0971759050364542,19,circuit_log_max
4,0000000000011100,"NOR-in(0,1)/NOR-mid(1,2)/NOR-out(1,0)/NOR-out(1,0)|edges=0100001100000000",-0.1132842949649027,-0.1271276397476977,9,circuit_log_max
4,0000000001001010,"IN(0,2)/NOR-in(1,0)/NOR-out(1,1)/OUT-NOT(1,0)|edges=0110000000010000",0.3393287175790191,0.3257595283225914,15,circuit_log_max
4,0000000001001010,"NOR-in(0,2)/NOR-in(1,0)/NOR-out(1,1)/OUT-NOT(1,0)|edges=0110000000010000",0.219380459638308,0.1902197298061835,9,circuit_log_max
4,0000000001001010,"IN(0,2)/NOR-in(1,0)/NOR-in(1,1)/NOT-in(1,0)|edges=0110000000010000",0.1817055511040242,0.1604685522482964,6,circuit_log_max
4,0000000001001010,"IN(0,2)/NOR-in(1,0)/NOR-in(1,1)/NOR-mid(1,0)|edges=0011000001000000",0.1409247641275721,0.0779305460776482,25,circuit_log_max
4,0000000001001010,"NOR-in(0,2)/NOR-in(1,0)/NOR-in(1,1)/NOR-mid(1,0)|edges=0110000000010000",0.089214042016189,0.0321516767946976,9,circuit_log_max
4,0000000001001010,"IN(0,2)/NOR-in(1,0)/NOR-in(1,0)/NOR-in(1,1)|edges=0011000000000100",0.0891455984912262,0.0316065620414708,12,circuit_log_max
4,0000000001001010,"IN(0,2)/NOR-in(1,0)/NOR-in(1,1)/NOR-mid(1,0)|edges=0110000000010000",0.0742872181833078,0.002165752102986,25,circuit_log_max
4,0000000001001010,"IN(0,2)/NOR-in(1,1)/NOR-out(1,0)/NOT-in(1,0)|edges=0110000100000000",0.0671516718316318,0.0438924610428598,7,circuit_log_max
4,0000000001001010,"IN(0,2)/NOR-in(1,0)/NOR-mid(1,1)/NOR-out(1,0)|edges=0110000000010000",0.060914192020496,-0.0180866105527731,39,circuit_log_max
4,0000000001001010,"IN(0,2)/NOR-in(1,1)/NOR-mid(1,0)/NOT-in(1,0)|edges=0110000100000000",0.0467859107832909,0.029642800891743,6,circuit_log_max
4,0000000001001010,"NOR-in(0,2)/NOR-in(1,0)/NOR-in(1,1)/NOR-out(1,0)|edges=0011000001000000",0.0420683469832484,-0.0043821067638883,7,circuit_log_max
4,0000000001001010,"IN(0,2)/NOR-in(1,0)/NOR-mid(1,0)/NOT-in(1,1)|edges=0101000000000010",0.0286640657211474,0.0059202572162426,7,circuit_log_max
4,0000000001001010,"IN(0,2)/NOR-in(1,0)/NOR-mid(1,0)/NOT-in(1,1)|edges=0011000000000100",0.0233831818442613,0.0257429835402325,8,circuit_log_max
4,0000000001001010,"IN(0,2)/NOR-in(1,0)/NOR-in(1,0)/NOR-in(1,1)|edges=0101000000000010",0.0135139290216493,-0.0399182202392497,17,circuit_log_max
4,0000000001001010,"IN(0,2)/NOR-in(1,0)/NOR-in(1,0)/NOT-in(1,1)|edges=0011000000000100",0.0027359505495843,-0.0106961287347914,5,circuit_log_max
4,0000000001001010,"IN(0,2)/NOR-mid(1,1)/NOR-out(1,0)/NOT-in(1,0)|edges=0101001000000000",-0.0104418120115949,-0.0106879910933073,15,circuit_log_max
4,0000000001001010,"IN(0,2)/NOR-in(1,0)/NOR-in(1,1)/NOR-out(1,0)|edges=0110000000010000",-0.0276379699728434,-0.0679255393788956,9,circuit_log_max
4,0000000001001010,"IN(0,2)/NOR-in(1,1)/NOT-in(1,0)/OUT-OR2(1,0)|edges=0110000100000000",-0.0338819960923755,-0.0586449099964015,5,circuit_log_max
4,0000000001001010,"NOR-in(0,2)/NOR-in(1,0)/NOR-in(1,0)/NOR-in(1,1)|edges=0101000000000010",-0.0357857781799121,-0.0992239377105468,8,circuit_log_max
4,0000000001001010,"IN(0,2)/NOR-in(1,0)/NOR-in(1,1)/NOT-in(1,0)|edges=0011000001000000",-0.0378764378449709,-0.0848347243188018,12,circuit_log_max
4,0000000001001010,"IN(0,2)/NOR-in(1,0)/NOR-out(1,0)/NOT-in(1,1)|edges=0011000000000100",-0.0448770923544218,-0.0632337504606736,13,circuit_log_max
4,0000000001001010,"NOR-in(0,2)/NOR-in(1,0)/NOR-in(1,1)/OUT-OR2(1,0)|edges=0011000001000000",-0.0556391065780577,-0.0995003456397964,8,circuit_log_max
4,0000000001001010,"IN(0,2)/NOR-in(1,0)/NOR-in(1,1)/OUT-OR2(1,0)|edges=0110000000010000",-0.0610973597244014,-0.082646006172126,6,circuit_log_max
4,0000000001001010,"IN(0,2)/NOR-mid(1,1)/NOR-out(1,0)/NOR-out(1,0)|edges=0101001000000000",-0.0636539689557819,-0.0675032032145502,5,circuit_log_max
4,0000000001001010,"NOR-in(0,2)/NOR-in(1,0)/NOR-mid(1,1)/NOR-out(1,0)|edges=0110000000010000",-0.0648361171405652,-0.1116205734809615,15,circuit_log_max
4,0000000001001010,"IN(0,2)/NOR-in(1,1)/NOR-mid(1,0)/NOR-mid(1,0)|edges=0110000100000000",-0.0652029278118374,-0.1206465286576303,9,circuit_log_max
4,0000000001001010,"NOR-in(0,2)/NOR-in(1,0)/NOR-in(1,1)/OUT-OR2(1,0)|edges=0110000000010000",-0.0776042747208183,-0.1306422606363683,7,circuit_log_max
4,0000000001001010,"IN(0,2)/NOR-in(1,0)/NOR-in(1,0)/NOT-in(1,1)|edges=0101000000000010",-0.0837477584481793,-0.1254468611260822,11,circuit_log_max
4,0000000001001010,"NOR-in(0,2)/NOR-in(1,1)/NOR-mid(1,0)/OUT-OR2(1,0)|edges=0101001000000000",-0.0889266025735556,-0.1263700692743954,6,circuit_log_max
4,0000000001001010,"IN(0,2)/NOR-in(1,1)/NOR-mid(1,0)/NOT-in(1,0)|edges=0101001000000000",-0.0927447678592747,-0.1284371664477422,13,circuit_log_max
4,0000000001001010,"IN(0,2)/NOR-in(1,0)/NOR-in(1,1)/NOR-out(1,0)|edges=0011000001000000",-0.0941621901589853,-0.1570440556209436,44,circuit_log_max
4,0000000001001010,"NOR-in(0,2)/NOR-in(1,0)/NOR-out(1,1)/OUT-OR2(1,0)|edges=0110000000010000",-0.1107247704755058,-0.1535158698186727,13,circuit_log_max
4,0000000001001010,"IN(0,2)/NOR-out(1,1)/NOT-mid(1,0)/OUT-OR2(1,0)|edges=0110000100000000",-0.1145143798060338,-0.1329327268304044,6,circuit_log_max
4,0000000001001010,"NOR-in(0,2)/NOR-in(1,1)/NOR-mid(1,0)/NOR-mid(1,0)|edges=0110000100000000",-0.1151957911063921,-0.1396846897165999,5,circuit_log_max
4,0000000001001010,"NOR-in(0,2)/NOR-in(1,1)/NOR-mid(1,0)/NOR-out(1,0)|edges=0101001000000000",-0.1436905390474109,-0.1868376561312852,7,circuit_log_max
4,0000000001001010,"IN(0,2)/NOR-mid(1,0)/NOR-out(1,0)/NOT-in(1,1)|edges=0011000000000100",-0.1495239345232564,-0.1036556518954902,7,circuit_log_max
4,0000000001001010,"IN(0,2)/NOR-out(1,1)/NOT-in(1,0)/OUT-OR2(1,0)|edges=0110000100000000",-0.1498644583880707,-0.1294007070535149,22,circuit_log_max
4,0000000001001010,"IN(0,2)/NOR-in(1,1)/NOR-mid(1,0)/NOR-out(1,0)|edges=0101001000000000",-0.1595029616175629,-0.1791937446231085,12,circuit_log_max
4,0000000001001010,"NOR-in(0,2)/NOR-in(1,0)/NOR-in(1,1)/NOR-out(1,0)|edges=0110000000010000",-0.1605044310028767,-0.2092098028314791,5,circuit_log_max
4,0000000001001010,"IN(0,2)/NOR-mid(1,0)/NOR-out(1,1)/OUT-OR2(1,0)|edges=0110000000010000",-0.2162492550650294,-0.2250297306271219,16,circuit_log_max
4,0000000001001010,"NOR-in(0,2)/NOR-mid(1,1)/NOR-out(1,0)/NOR-out(1,0)|edges=0110000100000000",-0.2380369186415168,-0.2483385234793525,6,circuit_log_max
4,0000000001001010,"IN(0,2)/NOR-mid(1,1)/NOR-out(1,0)/NOR-out(1,0)|edges=0110000100000000",-0.2448991911837581,-0.2576919349747675,9,circuit_log_max
4,0000000001001010,"NOR-in(0,2)/NOR-mid(1,0)/NOR-out(1,1)/OUT-OR2(1,0)|edges=0110000000010000",-0.2557633086014825,-0.2759248053997293,8,circuit_log_max
4,0000000001001010,"IN(0,2)/NOR-in(1,0)/NOR-out(1,1)/OUT-OR2(1,0)|edges=0110000000010000",-0.2829860966127708,-0.3176449310329324,57,circuit_log_max
4,0000000001001100,"IN(0,1)/NOR-in(0,2)/NOR-in(2,0)/NOR-out(1,0)|edges=0010001100000000",0.1628348302394868,0.1452811676020885,6,circuit_log_max
4,0000000001001100,"IN(0,2)/NOR-in(0,1)/NOR-in(1,0)/NOR-mid(2,0)|edges=0011000100000000",0.0948370236227437,0.0397002906474143,12,circuit_log_max
4,0000000001001100,"IN(0,2)/NOR-in(1,0)/NOR-in(2,0)/NOT-in(0,1)|edges=0110000000000010",0.0901584587492458,0.0490043106261818,9,circuit_log_max
4,0000000001001100,"IN(0,1)/IN(0,2)/NOR-in(1,0)/NOR-in(2,0)|edges=0001001100000000",0.0743687688382956,0.0060218118892143,33,circuit_log_max
4,0000000001001100,"IN(0,1)/IN(0,2)/NOR-out(1,0)/NOR-out(2,0)|edges=0001001100000000",0.0742269620604524,0.110389978308383,6,circuit_log_max
4,0000000001001100,"IN(0,2)/NOR-in(0,1)/NOR-in(2,0)/NOR-mid(1,0)|edges=0011001000000000",0.0628927792365995,0.0151968322278955,12,circuit_log_max
4,0000000001001100,"IN(0,1)/IN(0,2)/NOR-in(2,0)/NOR-mid(1,0)|edges=0010001100000000",0.0627478404799636,-6.423666593518242e-05,36,circuit_log_max
4,0000000001001100,"IN(0,1)/IN(0,2)/NOR-in(1,0)/NOR-mid(2,0)|edges=0001001100000000",0.0493074169854376,-0.006187198624657,18,circuit_log_max
4,0000000001001100,"IN(0,2)/NOR-in(1,0)/NOR-mid(0,1)/NOR-out(2,0)|edges=0101000000010000",0.0378576972408997,-0.00479619610657,23,circuit_log_max
4,0000000001001100,"IN(0,2)/NOR-in(0,1)/NOR-in(1,0)/NOR-in(2,0)|edges=0011000100000000",0.0341249672902497,-0.0174388188802745,8,circuit_log_max
4,0000000001001100,"IN(0,1)/IN(0,2)/NOR-in(2,0)/NOT-in(1,0)|edges=0010001100000000",0.014022162569,-0.0486920318956116,22,circuit_log_max
4,0000000001001100,"IN(0,2)/NOR-in(0,1)/NOR-in(2,0)/NOR-out(1,0)|edges=0011001000000000",0.0048408981256398,-0.0432250127392746,15,circuit_log_max
4,0000000001001100,"NOR-in(0,1)/NOR-in(0,2)/NOR-mid(2,0)/OUT-OR2(1,0)|edges=0010001100000000",-0.002765070869006,-0.0174034696155247,8,circuit_log_max
4,0000000001001100,"IN(0,2)/NOR-in(2,0)/NOT-in(0,1)/NOT-in(1,0)|edges=0101000001000000",-0.0066909705282125,-0.0055480840721346,5,circuit_log_max
4,0000000001001100,"IN(0,1)/NOR-in(0,2)/NOR-in(2,0)/OUT-OR2(1,0)|edges=0010001100000000",-0.0217650043034187,-0.0034174690064482,6,circuit_log_max
4,0000000001001100,"IN(0,1)/IN(0,2)/NOR-mid(2,0)/NOT-in(1,0)|edges=0010001100000000",-0.0222846320732462,-0.0231018389235297,8,circuit_log_max
4,0000000001001100,"IN(0,2)/NOR-in(2,0)/NOR-out(1,0)/NOT-in(0,1)|edges=0110000000000100",-0.0448390071884212,-0.0497396761004044,13,circuit_log_max
4,0000000001001100,"IN(0,1)/NOR-in(0,2)/NOR-in(2,0)/NOR-mid(1,0)|edges=0010001100000000",-0.046641661246859,-0.0943301572396963,5,circuit_log_max
4,0000000001001100,"IN(0,2)/NOR-in(1,0)/NOR-out(2,0)/NOT-mid(0,1)|edges=0110000000000010",-0.0716835695282571,-0.0749400287384731,11,circuit_log_max
4,0000000001001100,"NOR-in(0,1)/NOR-in(0,2)/NOR-in(2,0)/OUT-OR2(1,0)|edges=0010001100000000",-0.0904456685097862,-0.138439621683497,7,circuit_log_max
4,0000000001001100,"IN(0,2)/NOR-in(0,1)/NOR-mid(2,0)/NOR-out(1,0)|edges=0011001000000000",-0.0923423541001768,-0.110919436025014,9,circuit_log_max
4,0000000001001100,"IN(0,1)/IN(0,2)/NOR-mid(1,0)/NOR-out(2,0)|edges=0001001100000000",-0.09370492748627,-0.069837911152732,8,circuit_log_max
4,0000000001001100,"NOR-in(0,2)/NOR-in(1,0)/NOR-out(0,1)/OUT-OR2(2,0)|edges=0101000000010000",-0.1099897332119791,-0.1440199015608035,17,circuit_log_max
4,0000000001001100,"IN(0,2)/NOR-mid(1,0)/NOR-out(2,0)/NOT-mid(0,1)|edges=0110000000000010",-0.1260188966841718,-0.1316536916662824,5,circuit_log_max
4,0000000001001100,"IN(0,1)/IN(0,2)/NOR-in(1,0)/NOR-out(2,0)|edges=0001001100000000",-0.1407958140765956,-0.1840867135435613,17,circuit_log_max
4,0000000001001100,"IN(0,1)/IN(0,2)/NOR-out(2,0)/NOT-in(1,0)|edges=0010001100000000",-0.1443912339260308,-0.1256482689309494,16,circuit_log_max
4,0000000001001100,"IN(0,2)/NOR-out(2,0)/NOT-in(1,0)/NOT-mid(0,1)|edges=0110000000000100",-0.1473882959564132,-0.1322369221030284,5,circuit_log_max
4,0000000001001100,"IN(0,1)/IN(0,2)/NOR-in(2,0)/NOR-out(1,0)|edges=0010001100000000",-0.1480507961095773,-0.1627105684888237,48,circuit_log_max
4,0000000001001100,"IN(0,1)/NOR-mid(0,2)/NOR-out(1,0)/NOR-out(2,0)|edges=0001001100000000",-0.1743616349774058,-0.1710172451910799,9,circuit_log_max
4,0000000001001100,"NOR-in(0,1)/NOR-in(0,2)/NOR-mid(2,0)/NOR-out(1,0)|edges=0010001100000000",-0.184590237543034,-0.2318777840510189,5,circuit_log_max
4,0000000001001110,"IN(0,3)/NOR-in(1,1)/NOR-in(2,0)/NOR-mid(1,0)|edges=0111001000000000",0.0818606677814249,0.0243094284149374,11,circuit_log_max
4,0000000001001110,"IN(0,3)/NOR-in(1,0)/NOR-mid(1,1)/NOR-out(2,0)|edges=0111000000010000",-0.0113663033080974,-0.0369118002334915,5,circuit_log_max
4,0000000001001110,"IN(0,3)/NOR-in(1,1)/NOR-in(2,0)/NOR-out(1,0)|edges=0111001000000000",-0.04631617629583,-0.0840673925557505,11,circuit_log_max
4,0000000001011100,"IN(0,2)/NOR-in(1,2)/NOR-in(2,0)/NOR-out(1,0)|edges=0110001100000000",0.0069915294371855,-0.0364497569815476,11,circuit_log_max
4,0000000001011100,"IN(0,2)/NOR-in(1,2)/NOR-in(2,0)/OUT-OR2(1,0)|edges=0110001100000000",-0.053655396985004,-0.0538565855652512,5,circuit_log_max
4,0000000001011100,"IN(0,2)/NOR-in(1,2)/NOR-in(2,0)/NOR-mid(1,0)|edges=0110001100000000",-0.0758605718508126,-0.0913801275998321,9,circuit_log_max
4,0000000001011100,"IN(0,2)/NOR-in(1,0)/NOR-in(1,2)/NOR-out(2,0)|edges=0011000001010000",-0.1027041394366362,-0.1458874915761658,6,circuit_log_max
4,0000000001011100,"IN(0,2)/NOR-in(1,0)/NOR-in(1,2)/NOR-in(2,0)|edges=0011000001010000",-0.1454305505765271,-0.2360697388926678,28,circuit_log_max
4,0000000011001100,"IN(0,2)/IN(0,2)/NOR-in(2,0)/NOR-in(2,0)|edges=0011001100000000",-0.0228104830611681,-0.0651723525480752,8,circuit_log_max
4,0000000011001100,"IN(0,2)/IN(0,2)/NOR-in(2,0)/NOR-out(2,0)|edges=0011001100000000",-0.0728908254465426,-0.0882906371885956,5,circuit_log_max
4,0000000100011000,"IN(0,1)/NOR-mid(0,1)/NOR-out(2,1)/OUT-NOT(1,0)|edges=0010001000010000",0.3338639679785889,0.3316565991474873,18,circuit_log_max
4,0000000100011000,"IN(0,1)/NOR-in(1,0)/NOR-in(2,1)/NOT-in(0,1)|edges=0010000001000010",0.2652129400364496,0.2223164179900316,15,circuit_log_max
4,0000000100011000,"NOR-in(0,1)/NOR-mid(0,1)/NOR-out(2,1)/OUT-NOT(1,0)|edges=0010001000010000",0.257150651368425,0.2304736676830569,10,circuit_log_max
4,0000000100011000,"IN(0,1)/NOR-in(0,1)/NOR-in(2,1)/NOR-mid(1,0)|edges=0010001000010000",0.1591853133353249,0.0940835865970797,32,circuit_log_max
4,0000000100011000,"NOR-in(0,1)/NOR-mid(2,1)/NOR-out(1,0)/NOT-in(0,1)|edges=0100001000000100",0.1413067447905023,0.1276115062767443,18,circuit_log_max
4,0000000100011000,"IN(0,1)/IN(0,1)/NOR-in(2,1)/NOR-out(1,0)|edges=0010001000010000",0.131904601812404,0.1098070559338644,10,circuit_log_max
4,0000000100011000,"IN(0,1)/NOR-out(2,1)/NOT-mid(0,1)/OUT-NOT(1,0)|edges=0100000101000000",0.1095367944792714,0.119591588028389,5,circuit_log_max
4,0000000100011000,"IN(0,1)/NOR-in(0,1)/NOR-in(2,1)/NOR-out(1,0)|edges=0010001000010000",0.1070677454137645,0.1109360203789141,8,circuit_log_max
4,0000000100011000,"NOR-mid(0,1)/NOR-mid(0,1)/NOR-out(2,1)/OUT-NOT(1,0)|edges=0010001000010000",0.1049719673022266,0.0682436336365897,24,circuit_log_max
4,0000000100011000,"IN(0,1)/IN(0,1)/NOR-in(2,1)/NOT-in(1,0)|edges=0010001000010000",0.0903098562110288,0.0949150916694282,14,circuit_log_max
4,0000000100011000,"NOR-in(0,1)/NOR-in(2,1)/NOR-out(1,0)/NOT-in(0,1)|edges=0100001000000100",0.080263594711148,0.0633140369764779,5,circuit_log_max
4,0000000100011000,"IN(0,1)/IN(0,1)/NOR-mid(2,1)/NOR-out(1,0)|edges=0010001000010000",0.0772253090688051,0.0472624484194844,25,circuit_log_max
4,0000000100011000,"IN(0,1)/IN(0,1)/NOR-in(1,0)/NOR-in(2,1)|edges=0001000100000010",0.0629744760797197,0.0026844968414555,60,circuit_log_max
4,0000000100011000,"NOR-in(0,1)/NOR-in(1,0)/NOR-in(2,1)/NOT-in(0,1)|edges=0010000001000010",0.0518318688576405,0.0195188919555146,7,circuit_log_max
4,0000000100011000,"IN(0,1)/NOR-in(0,1)/NOR-in(2,1)/NOT-mid(1,0)|edges=0010001000010000",0.0409777824681658,0.0635031588482576,7,circuit_log_max
4,0000000100011000,"IN(0,1)/NOR-in(0,1)/NOR-in(1,0)/NOR-in(2,1)|edges=0001000100000010",0.0404313361610393,-0.0185960851716257,17,circuit_log_max
4,0000000100011000,"NOR-in(0,1)/NOR-in(2,1)/NOR-mid(1,0)/NOT-in(0,1)|edges=0100001000000100",0.0403484018792778,0.0106211174920129,9,circuit_log_max
4,0000000100011000,"NOR-in(0,1)/NOR-in(0,1)/NOR-in(2,1)/NOT-mid(1,0)|edges=0010001000010000",0.0378785553177619,0.0173560427120256,6,circuit_log_max
4,0000000100011000,"IN(0,1)/NOR-in(2,1)/NOR-out(1,0)/NOT-in(0,1)|edges=0100001000000100",0.0238508704231058,0.0289880401913106,5,circuit_log_max
4,0000000100011000,"IN(0,1)/NOR-in(2,1)/NOR-mid(1,0)/NOT-in(0,1)|edges=0100001000000100",-0.0088268882084521,-0.0005801448357295,19,circuit_log_max
4,0000000100011000,"NOR-in(2,1)/NOR-mid(1,0)/NOT-in(0,1)/NOT-in(0,1)|edges=0100000010001000",-0.0096113116467614,-0.0100648868491478,6,circuit_log_max
4,0000000100011000,"IN(0,1)/NOR-in(2,1)/NOT-in(0,1)/NOT-mid(1,0)|edges=0100000101000000",-0.0158390645307883,0.0107842437350856,5,circuit_log_max
4,0000000100011000,"IN(0,1)/IN(0,1)/NOR-in(2,1)/OUT-OR2(1,0)|edges=0010001000010000",-0.0165512854699364,-0.0064671506921368,18,circuit_log_max
4,0000000100011000,"IN(0,1)/NOR-mid(2,1)/NOR-out(1,0)/NOT-in(0,1)|edges=0100001000000100",-0.029601775691378,0.0073958006001262,12,circuit_log_max
4,0000000100011000,"NOR-in(0,1)/NOR-in(0,1)/NOR-mid(2,1)/NOR-out(1,0)|edges=0010001000010000",-0.0447576499933163,-0.1228632791490895,37,circuit_log_max
4,0000000100011000,"IN(0,1)/IN(0,1)/NOR-in(2,1)/NOR-mid(1,0)|edges=0010001000010000",-0.0586323238707185,-0.0653134470872958,37,circuit_log_max
4,0000000100011000,"IN(0,1)/NOR-in(0,1)/NOR-mid(2,1)/NOR-out(1,0)|edges=0010001000010000",-0.0655181131585273,-0.0595655909621918,47,circuit_log_max
4,0000000100011000,"NOR-in(0,1)/NOR-in(0,1)/NOR-in(2,1)/NOR-mid(1,0)|edges=0010001000010000",-0.0733932056143143,-0.1383359733714964,13,circuit_log_max
4,0000000100011000,"NOR-mid(0,1)/NOR-out(2,1)/NOT-mid(0,1)/OUT-OR2(1,0)|edges=0100000101000000",-0.1178084132576417,-0.0979852167565169,16,circuit_log_max
4,0000000100011000,"NOR-mid(0,1)/NOR-mid(0,1)/NOR-out(2,1)/OUT-OR2(1,0)|edges=0010001000010000",-0.12726736076244,-0.1791765281365382,11,circuit_log_max
4,0000000100011000,"IN(0,1)/NOR-in(0,1)/NOR-mid(2,1)/OUT-OR2(1,0)|edges=0010001000010000",-0.1313069643835055,-0.106033824470071,8,circuit_log_max
4,0000000100011000,"IN(0,1)/IN(0,1)/NOR-out(2,1)/OUT-OR2(1,0)|edges=0010001000010000",-0.190035976292317,-0.1563787812850756,31,circuit_log_max
4,0000000100011000,"IN(0,1)/NOR-in(0,1)/NOR-out(2,1)/OUT-OR2(1,0)|edges=0010001000010000",-0.2086225019613607,-0.2585423566999825,6,circuit_log_max
4,0000000100011000,"IN(0,1)/NOR-out(2,1)/NOT-mid(0,1)/OUT-OR2(1,0)|edges=0100000101000000",-0.2336283847528793,-0.2065432645195604,21,circuit_log_max
4,0000000100011000,"IN(0,1)/NOR-mid(0,1)/NOR-out(2,1)/OUT-OR2(1,0)|edges=0010001000010000",-0.2927455252580368,-0.2787826963438041,51,circuit_log_max
4,0000000101001000,"NOR-mid(1,1)/NOR-out(1,1)/NOT-in(0,1)/OUT-NOT(1,0)|edges=0100000110000000",0.3552802324692868,0.3341709852229211,26,circuit_log_max
4,0000000101001000,"NOR-in(0,1)/NOR-mid(1,1)/NOR-out(1,1)/OUT-NOT(1,0)|edges=0100001000010000",0.3123252064793608,0.2680125169478426,51,circuit_log_max
4,0000000101001000,"NOR-in(0,1)/NOR-mid(1,1)/NOR-out(1,0)/NOT-in(1,1)|edges=0001001000000100",0.3040171615615527,0.2825470284396691,15,circuit_log_max
4,0000000101001000,"IN(0,1)/NOR-in(1,1)/NOR-out(1,1)/OUT-NOT(1,0)|edges=0100001000010000",0.2821692595305753,0.2607627656618859,13,circuit_log_max
4,0000000101001000,"IN(0,1)/NOR-in(1,1)/NOR-mid(1,0)/NOT-in(1,1)|edges=0100000100000010",0.2568979179173947,0.2510972995679926,13,circuit_log_max
4,0000000101001000,"NOR-in(0,1)/NOR-in(1,1)/NOR-mid(1,0)/NOT-in(1,1)|edges=0100000100000010",0.2528727906628215,0.2223463871288017,10,circuit_log_max
4,0000000101001000,"IN(0,1)/NOR-mid(1,1)/NOR-out(1,1)/OUT-NOT(1,0)|edges=0100001000010000",0.2077384449790276,0.1762947199329343,31,circuit_log_max
4,0000000101001000,"IN(0,1)/NOR-in(1,0)/NOR-in(1,1)/NOT-in(1,1)|edges=0010000000010100",0.2050730732924131,0.1804537056037921,12,circuit_log_max
4,0000000101001000,"NOR-in(0,1)/NOR-in(1,0)/NOR-in(1,1)/NOT-in(1,1)|edges=0001000001000010",0.1999893619614858,0.1660348200793034,5,circuit_log_max
4,0000000101001000,"NOR-in(0,1)/NOR-in(1,1)/NOR-out(1,1)/OUT-NOT(1,0)|edges=0100001000010000",0.190053595872171,0.171781819436721,8,circuit_log_max
4,0000000101001000,"NOR-in(0,1)/NOR-out(1,1)/NOT-mid(1,1)/OUT-NOT(1,0)|edges=0010000101000000",0.1409594701668886,0.1420345781875105,5,circuit_log_max
4,0000000101001000,"IN(0,1)/NOR-in(1,0)/NOT-in(1,1)/NOT-in(1,1)|edges=0010000000010100",0.1256786099067683,0.1456789215651224,6,circuit_log_max
4,0000000101001000,"IN(0,1)/NOR-in(1,1)/NOR-in(1,1)/NOT-in(1,0)|edges=0100001000010000",0.12497119336754,0.1065182510005226,15,circuit_log_max
4,0000000101001000,"IN(0,1)/NOR-in(1,0)/NOR-in(1,1)/NOT-in(1,1)|edges=0001000001000010",0.1243615479165104,0.082873115890259,20,circuit_log_max
4,0000000101001000,"NOR-in(1,1)/NOR-in(1,1)/NOR-mid(1,0)/NOT-in(0,1)|edges=0100001000001000",0.1220474338468505,0.0859240943689073,11,circuit_log_max
4,0000000101001000,"NOR-in(1,1)/NOR-out(1,1)/NOT-in(0,1)/OUT-NOT(1,0)|edges=0100000110000000",0.11819792725882,0.107080978421231,5,circuit_log_max
4,0000000101001000,"IN(0,1)/NOR-in(1,1)/NOR-in(1,1)/NOT-mid(1,0)|edges=0010000101000000",0.1063493074549636,0.1029133003549414,5,circuit_log_max
4,0000000101001000,"NOR-in(0,1)/NOR-in(1,1)/NOR-mid(1,0)/NOT-in(1,1)|edges=0001001000000100",0.1009228934399554,0.0750088538683918,5,circuit_log_max
4,0000000101001000,"IN(0,1)/NOR-in(1,1)/NOR-out(1,0)/NOT-in(1,1)|edges=0001001000000100",0.0987952483931907,0.0848502257842748,13,circuit_log_max
4,0000000101001000,"IN(0,1)/NOR-in(1,1)/NOT-in(1,0)/NOT-in(1,1)|edges=0100000100000010",0.0955444740575416,0.0915572209893252,5,circuit_log_max
4,0000000101001000,"IN(0,1)/NOR-in(1,1)/NOR-in(1,1)/NOR-mid(1,0)|edges=0010000101000000",0.0917669868736839,0.0345604393388618,13,circuit_log_max
4,0000000101001000,"NOR-in(1,1)/NOR-in(1,1)/NOT-in(0,1)/NOT-mid(1,0)|edges=0100000110000000",0.0692777923037801,0.0705736701621138,7,circuit_log_max
4,0000000101001000,"NOR-mid(1,1)/NOR-out(1,0)/NOT-in(0,1)/NOT-in(1,1)|edges=0100000000011000",0.0599912369812571,0.0608044348729715,6,circuit_log_max
4,0000000101001000,"NOR-in(1,1)/NOR-out(1,1)/NOT-in(0,1)/OUT-OR2(1,0)|edges=0100000110000000",0.0572374113317242,0.0584626707390037,10,circuit_log_max
4,0000000101001000,"NOR-in(1,1)/NOR-mid(1,0)/NOT-in(0,1)/NOT-in(1,1)|edges=0100000000011000",0.0540929019015554,0.0857980456127406,5,circuit_log_max
4,0000000101001000,"NOR-in(0,1)/NOR-in(1,0)/NOR-in(1,1)/NOR-in(1,1)|edges=0010000000010100",0.0534191882948484,-0.0098461011382951,9,circuit_log_max
4,0000000101001000,"IN(0,1)/NOR-in(1,0)/NOR-in(1,1)/NOR-in(1,1)|edges=0001000001000010",0.0503962391490435,0.0156049456774371,5,circuit_log_max
4,0000000101001000,"NOR-in(0,1)/NOR-in(1,1)/NOR-in(1,1)/NOR-mid(1,0)|edges=0010000101000000",0.0467132909607008,-0.012185621096421,7,circuit_log_max
4,0000000101001000,"IN(0,1)/NOR-in(1,0)/NOR-in(1,1)/NOR-in(1,1)|edges=0010000000010100",0.044526378117969,-0.0852457503012397,50,circuit_log_max
4,0000000101001000,"NOR-in(1,1)/NOR-in(1,1)/NOR-mid(1,0)/NOT-in(0,1)|edges=0010100000000100",0.0422874399891209,0.0224827692485774,7,circuit_log_max
4,0000000101001000,"NOR-in(0,1)/NOR-in(1,1)/NOR-in(1,1)/NOT-mid(1,0)|edges=0100001000010000",0.0402103486983671,0.0149943905303288,6,circuit_log_max
4,0000000101001000,"NOR-in(0,1)/NOR-mid(1,1)/NOT-out(1,1)/OUT-OR2(1,0)|edges=0100001000010000",0.0231379579242345,0.0192806177498253,6,circuit_log_max
4,0000000101001000,"IN(0,1)/NOR-in(1,1)/NOR-out(1,0)/NOT-mid(1,1)|edges=0100000100000010",0.0229779431874448,0.0346624542015954,11,circuit_log_max
4,0000000101001000,"IN(0,1)/NOR-in(1,1)/NOT-in(1,1)/NOT-mid(1,0)|edges=0010000101000000",0.0228753524305933,0.0420315131795364,10,circuit_log_max
4,0000000101001000,"NOR-in(0,1)/NOR-in(1,1)/NOR-out(1,0)/NOT-mid(1,1)|edges=0100000100000010",0.0190695596043472,0.0098353268472595,16,circuit_log_max
4,0000000101001000,"IN(0,1)/NOR-in(1,1)/NOR-mid(1,1)/NOT-out(1,0)|edges=0100001000010000",0.0075905968783898,0.0032743697075398,6,circuit_log_max
4,0000000101001000,"NOR-in(0,1)/NOR-in(1,1)/NOR-mid(1,1)/OUT-OR2(1,0)|edges=0100001000010000",0.0063241198428331,-0.0200604496059172,9,circuit_log_max
4,0000000101001000,"IN(0,1)/NOR-in(1,1)/NOR-in(1,1)/NOT-mid(1,0)|edges=0100001000010000",0.0041797925639053,0.0177257982762617,14,circuit_log_max
4,0000000101001000,"IN(0,1)/NOR-in(1,1)/NOR-in(1,1)/NOR-out(1,0)|edges=0100001000010000",-0.0134289721345214,-0.0430704513769787,18,circuit_log_max
4,0000000101001000,"NOR-in(1,1)/NOR-mid(1,1)/NOR-out(1,0)/NOT-in(0,1)|edges=0100001000001000",-0.0167827684315756,-0.0134026675716651,41,circuit_log_max
4,0000000101001000,"IN(0,1)/NOR-in(1,1)/NOR-in(1,1)/OUT-OR2(1,0)|edges=0100001000010000",-0.0282681227346561,-0.0738418651073629,9,circuit_log_max
4,0000000101001000,"IN(0,1)/NOR-in(1,1)/NOR-mid(1,1)/NOR-out(1,0)|edges=0100001000010000",-0.0331051338626634,-0.0927558080862706,102,circuit_log_max
4,0000000101001000,"NOR-in(0,1)/NOR-in(1,1)/NOR-in(1,1)/NOR-mid(1,0)|edges=0100001000010000",-0.0353151045913908,-0.1278088175712544,23,circuit_log_max
4,0000000101001000,"NOR-in(0,1)/NOR-out(1,0)/NOT-in(1,1)/NOT-mid(1,1)|edges=0010000000010100",-0.0527074402567811,-0.0356615823167517,5,circuit_log_max
4,0000000101001000,"NOR-in(1,1)/NOR-out(1,0)/NOT-in(0,1)/NOT-mid(1,1)|edges=0001000010000100",-0.060033941375118,-0.0508541848911701,7,circuit_log_max
4,0000000101001000,"NOR-in(0,1)/NOR-out(1,1)/NOT-mid(1,1)/OUT-OR2(1,0)|edges=0010000101000000",-0.0603707429362597,-0.0534256206122293,17,circuit_log_max
4,0000000101001000,"NOR-in(0,1)/NOR-in(1,1)/NOR-mid(1,1)/NOR-out(1,0)|edges=0100001000010000",-0.0696654276221189,-0.1958465073608846,88,circuit_log_max
4,0000000101001000,"IN(0,1)/NOR-in(1,1)/NOR-in(1,1)/NOR-mid(1,0)|edges=0100001000010000",-0.0701654349126167,-0.1789065292041679,76,circuit_log_max
4,0000000101001000,"IN(0,1)/NOR-in(1,1)/NOR-mid(1,1)/OUT-OR2(1,0)|edges=0100001000010000",-0.0729688131664035,-0.0599248442980514,11,circuit_log_max
4,0000000101001000,"IN(0,1)/NOR-in(1,1)/NOR-mid(1,0)/NOT-in(1,1)|edges=0001001000000100",-0.082787686309304,-0.090602745412141,31,circuit_log_max
4,0000000101001000,"NOR-in(1,1)/NOR-mid(1,1)/NOT-in(0,1)/OUT-OR2(1,0)|edges=0100000110000000",-0.0898740532378623,-0.0835323137882364,6,circuit_log_max
4,0000000101001000,"IN(0,1)/NOR-out(1,1)/NOT-in(1,1)/OUT-OR2(1,0)|edges=0010000101000000",-0.0931816875257853,-0.0509835250170319,5,circuit_log_max
4,0000000101001000,"NOR-in(0,1)/NOR-in(1,1)/NOR-in(1,1)/NOR-out(1,0)|edges=0100001000010000",-0.1118685969092168,-0.1542932569901717,5,circuit_log_max
4,0000000101001000,"IN(0,1)/NOR-mid(1,1)/NOR-out(1,0)/NOT-in(1,1)|edges=0001001000000100",-0.1119975448783631,-0.0607037090373427,27,circuit_log_max
4,0000000101001000,"NOR-in(0,1)/NOR-in(1,1)/NOR-out(1,1)/OUT-OR2(1,0)|edges=0100001000010000",-0.1144081004260457,-0.1731511132707288,13,circuit_log_max
4,0000000101001000,"IN(0,1)/NOR-out(1,0)/NOT-in(1,1)/NOT-mid(1,1)|edges=0010000000010100",-0.147093835991134,-0.0981322668254915,5,circuit_log_max
4,0000000101001000,"IN(0,1)/NOR-in(1,1)/NOR-out(1,1)/OUT-OR2(1,0)|edges=0100001000010000",-0.1547808722833639,-0.1805968040675262,26,circuit_log_max
4,0000000101001000,"NOR-out(1,1)/NOT-in(0,1)/NOT-mid(1,1)/OUT-OR2(1,0)|edges=0001001010000000",-0.1785937459859093,-0.1364752442505309,8,circuit_log_max
4,0000000101001000,"NOR-mid(1,1)/NOR-out(1,1)/NOT-in(0,1)/OUT-OR2(1,0)|edges=0100000110000000",-0.186022160899257,-0.1326672732544675,23,circuit_log_max
4,0000000101001000,"IN(0,1)/NOR-out(1,1)/NOT-mid(1,1)/OUT-OR2(1,0)|edges=0010000101000000",-0.1891189783808747,-0.1731666976898762,18,circuit_log_max
4,0000000101001000,"IN(0,1)/NOR-mid(1,1)/NOR-out(1,1)/OUT-OR2(1,0)|edges=0100001000010000",-0.2200110731153371,-0.2054058080295808,57,circuit_log_max
4,0000000101001000,"NOR-in(0,1)/NOR-mid(1,1)/NOR-out(1,1)/OUT-OR2(1,0)|edges=0100001000010000",-0.3631634262325062,-0.415819415728013,76,circuit_log_max
4,0000000101011000,"IN(0,2)/NOR-in(2,1)/NOR-mid(1,0)/NOT-in(1,1)|edges=0101001000000100",0.1753661161921715,0.2083211050632459,7,circuit_log_max
4,0000000101011000,"NOR-in(0,2)/NOR-out(2,1)/NOT-mid(1,1)/OUT-OR2(1,0)|edges=0110000101000000",0.1564779536818044,0.1911359446603079,5,circuit_log_max
4,0000000101011000,"IN(0,2)/NOR-in(1,1)/NOR-in(2,1)/NOT-in(1,0)|edges=0110001000010000",0.1554220238814207,0.1430167121673715,9,circuit_log_max
4,0000000101011000,"NOR-in(0,2)/NOR-mid(1,1)/NOR-out(2,1)/OUT-NOT(1,0)|edges=0110001000010000",0.1498909179290543,0.1439445854475179,6,circuit_log_max
4,0000000101011000,"IN(0,2)/NOR-in(1,0)/NOR-in(2,1)/NOT-in(1,1)|edges=0011000001000010",0.1260478227496746,0.1249386632380582,6,circuit_log_max
4,0000000101011000,"NOR-in(1,1)/NOR-mid(2,1)/NOR-out(1,0)/NOT-in(0,2)|edges=0100001000001100",0.1185331252997725,0.1281719226865475,6,circuit_log_max
4,0000000101011000,"NOR-in(0,2)/NOR-in(1,1)/NOR-in(2,1)/NOR-mid(1,0)|edges=0110001000010000",0.0855791417443404,0.0436240110261553,5,circuit_log_max
4,0000000101011000,"NOR-in(0,2)/NOR-in(1,1)/NOR-mid(2,1)/NOR-out(1,0)|edges=0110001000010000",-0.0097939979856477,-0.0626988747735148,14,circuit_log_max
4,0000000101011000,"IN(0,2)/NOR-in(1,0)/NOR-in(1,1)/NOR-in(2,1)|edges=0011000000010100",-0.0132942143239136,-0.1149552244122089,31,circuit_log_max
4,0000000101011000,"NOR-in(0,2)/NOR-mid(1,1)/NOR-out(2,1)/OUT-OR2(1,0)|edges=0110001000010000",-0.0247101302387867,-0.0511617791234426,12,circuit_log_max
4,0000000101011000,"IN(0,2)/NOR-in(1,1)/NOR-in(2,1)/NOR-out(1,0)|edges=0110001000010000",-0.0961262672908928,-0.1464460299724304,6,circuit_log_max
4,0000000101011000,"IN(0,2)/NOR-in(1,1)/NOR-in(2,1)/OUT-OR2(1,0)|edges=0110001000010000",-0.1060864545130466,-0.1503750788091479,8,circuit_log_max
4,0000000101011000,"IN(0,2)/NOR-in(1,1)/NOR-in(2,1)/NOR-mid(1,0)|edges=0110001000010000",-0.1074629524632617,-0.1743397576096605,39,circuit_log_max
4,0000000101011000,"IN(0,2)/NOR-mid(1,1)/NOR-out(2,1)/OUT-OR2(1,0)|edges=0110001000010000",-0.14795669517877,-0.1473268489651698,14,circuit_log_max
4,0000000101011000,"IN(0,2)/NOR-in(1,1)/NOR-out(2,1)/OUT-OR2(1,0)|edges=0110001000010000",-0.1645820555819651,-0.1916821084092011,9,circuit_log_max
4,0000000101011000,"IN(0,2)/NOR-in(1,1)/NOR-mid(2,1)/NOR-out(1,0)|edges=0110001000010000",-0.1781377200188383,-0.1553130085074758,16,circuit_log_max
4,0000000110001000,"IN(0,1)/NOR-in(0,1)/NOR-in(2,0)/NOT-in(1,1)|edges=0010000100000010",0.2524855089913044,0.2371939199563298,7,circuit_log_max
4,0000000110001000,"IN(0,1)/NOR-in(1,1)/NOR-in(2,0)/NOT-in(0,1)|edges=0010001000000100",0.2340633611920047,0.1943933406972226,19,circuit_log_max
4,0000000110001000,"IN(0,1)/NOR-in(1,1)/NOR-mid(0,1)/NOR-out(2,0)|edges=0100000100010000",0.2159371677710244,0.1889553457094345,8,circuit_log_max
4,0000000110001000,"IN(0,1)/NOR-in(0,1)/NOR-mid(2,0)/NOT-in(1,1)|edges=0010000100000010",0.2094046145677503,0.2041456643591588,5,circuit_log_max
4,0000000110001000,"NOR-in(0,1)/NOR-in(1,1)/NOR-mid(2,0)/NOT-in(0,1)|edges=0100001000000010",0.1854870363082537,0.1490218606390321,14,circuit_log_max
4,0000000110001000,"IN(0,1)/NOR-in(1,1)/NOR-mid(2,0)/NOT-in(0,1)|edges=0100001000000010",0.1573524455876205,0.1543684704650084,24,circuit_log_max
4,0000000110001000,"IN(0,1)/NOR-in(2,0)/NOT-in(0,1)/NOT-in(1,1)|edges=0100000000010100",0.1371780661972979,0.1532306347675633,6,circuit_log_max
4,0000000110001000,"IN(0,1)/IN(0,1)/NOR-in(1,1)/NOR-in(2,0)|edges=0001001000010000",0.1280418184817722,0.0750816054267722,39,circuit_log_max
4,0000000110001000,"IN(0,1)/IN(0,1)/NOR-in(1,1)/NOR-in(2,0)|edges=0010000100010000",0.1279378219590889,0.0775877317959351,42,circuit_log_max
4,0000000110001000,"IN(0,1)/NOR-out(0,1)/NOT-in(1,1)/OUT-OR2(2,0)|edges=0010000100010000",0.0931771008980571,0.1193769559543392,5,circuit_log_max
4,0000000110001000,"IN(0,1)/NOR-in(0,1)/NOR-in(1,1)/NOR-in(2,0)|edges=0001001000010000",0.0751682022005053,0.0007975298233123,20,circuit_log_max
4,0000000110001000,"NOR-mid(0,1)/NOR-mid(1,1)/NOR-out(2,0)/NOT-in(0,1)|edges=0010001000000100",0.0744390690371607,0.052584314769084,12,circuit_log_max
4,0000000110001000,"IN(0,1)/NOR-in(1,1)/NOR-in(2,0)/NOT-in(0,1)|edges=0100001000000010",0.0733857542478353,0.0293371463948442,20,circuit_log_max
4,0000000110001000,"IN(0,1)/NOR-in(0,1)/NOR-mid(2,0)/NOT-in(1,1)|edges=0001001000000010",0.0716904702698545,0.0671818507658978,14,circuit_log_max
4,0000000110001000,"NOR-in(0,1)/NOR-in(0,1)/NOR-in(1,1)/NOR-mid(2,0)|edges=0001001000010000",0.0675099771866242,0.034037368082258,8,circuit_log_max
4,0000000110001000,"IN(0,1)/NOR-mid(0,1)/NOR-mid(1,1)/NOR-out(2,0)|edges=0010000100010000",0.0638971984943967,0.0034098101224076,38,circuit_log_max
4,0000000110001000,"IN(0,1)/NOR-in(1,1)/NOR-mid(2,0)/NOT-in(0,1)|edges=0010001000000100",0.0528988260185451,0.0801067590927718,24,circuit_log_max
4,0000000110001000,"NOR-in(0,1)/NOR-mid(0,1)/NOR-out(2,0)/NOT-mid(1,1)|edges=0001001000000010",0.0406006444107022,0.0420826576811511,6,circuit_log_max
4,0000000110001000,"IN(0,1)/NOR-mid(0,1)/NOR-out(1,1)/OUT-OR2(2,0)|edges=0001001000010000",0.0361506820795078,0.0881971551753903,5,circuit_log_max
4,0000000110001000,"NOR-in(0,1)/NOR-in(0,1)/NOR-in(1,1)/NOR-in(2,0)|edges=0010000100010000",0.0285209657486484,-0.0133499475529996,7,circuit_log_max
4,0000000110001000,"IN(0,1)/NOR-in(0,1)/NOR-in(2,0)/NOT-in(1,1)|edges=0001001000000010",0.0149185850104053,-0.0184068002987408,12,circuit_log_max
4,0000000110001000,"NOR-mid(1,1)/NOR-out(2,0)/NOT-in(0,1)/NOT-mid(0,1)|edges=0100000010000100",0.0118752982373778,0.0013927780821535,5,circuit_log_max
4,0000000110001000,"IN(0,1)/IN(0,1)/NOR-in(2,0)/NOT-in(1,1)|edges=0010000100000010",0.0102453261104522,0.0188616305944003,17,circuit_log_max
4,0000000110001000,"NOR-in(0,1)/NOR-in(0,1)/NOR-in(1,1)/NOR-mid(2,0)|edges=0010000100010000",0.0059729712968995,-0.0583204563610244,12,circuit_log_max
4,0000000110001000,"IN(0,1)/NOR-mid(1,1)/NOR-out(2,0)/NOT-in(0,1)|edges=0010001000000100",0.004705367532673,0.0574747176293245,20,circuit_log_max
4,0000000110001000,"IN(0,1)/NOR-out(1,1)/NOT-out(0,1)/OUT-OR2(2,0)|edges=0100000100010000",-0.0050990534674849,0.0061710013798856,11,circuit_log_max
4,0000000110001000,"IN(0,1)/NOR-in(2,0)/NOT-in(0,1)/NOT-in(1,1)|edges=0001000001000100",-0.0199391627441817,-0.0059501885623844,10,circuit_log_max
4,0000000110001000,"IN(0,1)/IN(0,1)/NOR-in(2,0)/NOT-in(1,1)|edges=0001001000000010",-0.0212899388262425,-0.0324673091650629,19,circuit_log_max
4,0000000110001000,"IN(0,1)/NOR-in(0,1)/NOR-out(2,0)/NOT-mid(1,1)|edges=0010000100000010",-0.0237833402881219,-0.0247859076009538,10,circuit_log_max
4,0000000110001000,"NOR-in(0,1)/NOR-in(1,1)/NOR-mid(2,0)/NOT-in(0,1)|edges=0010001000000100",-0.0275862471380097,-0.0510632928917212,12,circuit_log_max
4,0000000110001000,"IN(0,1)/NOR-in(0,1)/NOR-mid(1,1)/NOR-out(2,0)|edges=0001001000010000",-0.031569692925676,-0.0750024191507326,61,circuit_log_max
4,0000000110001000,"IN(0,1)/NOR-in(0,1)/NOR-in(1,1)/NOR-mid(2,0)|edges=0001001000010000",-0.0343649516922712,-0.0887068753842902,26,circuit_log_max
4,0000000110001000,"IN(0,1)/NOR-mid(1,1)/NOR-out(2,0)/NOT-mid(0,1)|edges=0100001000000010",-0.0409791724529411,-0.02391701774054,11,circuit_log_max
4,0000000110001000,"IN(0,1)/NOR-in(0,1)/NOR-in(1,1)/NOR-mid(2,0)|edges=0010000100010000",-0.0415280542408365,-0.1127031521518866,41,circuit_log_max
4,0000000110001000,"IN(0,1)/IN(0,1)/NOR-in(1,1)/NOR-mid(2,0)|edges=0010000100010000",-0.0470434571616506,0.0012712360829501,25,circuit_log_max
4,0000000110001000,"NOR-in(0,1)/NOR-in(1,1)/NOR-in(2,0)/NOT-in(0,1)|edges=0100001000000010",-0.0582744764239918,-0.1026861846041405,7,circuit_log_max
4,0000000110001000,"IN(0,1)/NOR-out(0,1)/NOT-out(1,1)/OUT-OR2(2,0)|edges=0010000100010000",-0.0594511085509917,-0.022586605323625,7,circuit_log_max
4,0000000110001000,"NOR-in(0,1)/NOR-mid(0,1)/NOR-mid(1,1)/NOR-out(2,0)|edges=0010000100010000",-0.0598009774029025,-0.1367021879732144,32,circuit_log_max
4,0000000110001000,"NOR-in(0,1)/NOR-out(1,1)/NOT-mid(0,1)/OUT-OR2(2,0)|edges=0001000101000000",-0.0604257021499768,-0.0437965943693547,11,circuit_log_max
4,0000000110001000,"IN(0,1)/NOR-in(0,1)/NOR-in(1,1)/NOR-in(2,0)|edges=0010000100010000",-0.0664837561800318,-0.1434798061273904,22,circuit_log_max
4,0000000110001000,"NOR-in(0,1)/NOR-mid(1,1)/NOR-out(2,0)/NOT-mid(0,1)|edges=0100001000000010",-0.0758011683963108,-0.0630307853279387,10,circuit_log_max
4,0000000110001000,"IN(0,1)/NOR-in(1,1)/NOR-out(0,1)/OUT-OR2(2,0)|edges=0100000100010000",-0.0839366406906791,-0.0918531821340804,29,circuit_log_max
4,0000000110001000,"IN(0,1)/IN(0,1)/NOR-in(1,1)/NOR-mid(2,0)|edges=0001001000010000",-0.1078146809179618,-0.1195887864897604,9,circuit_log_max
4,0000000110001000,"NOR-out(0,1)/NOR-out(1,1)/NOT-in(0,1)/OUT-OR2(2,0)|edges=0001000101000000",-0.1088776970847638,-0.0682387905888752,6,circuit_log_max
4,0000000110001000,"NOR-mid(0,1)/NOR-out(1,1)/NOT-out(0,1)/OUT-OR2(2,0)|edges=0100000100010000",-0.1152550812305623,-0.0704408986620368,6,circuit_log_max
4,0000000110001000,"NOR-in(0,1)/NOR-mid(0,1)/NOR-out(1,1)/OUT-OR2(2,0)|edges=0001001000010000",-0.1159490437030388,-0.1630125477149191,14,circuit_log_max
4,0000000110001000,"IN(0,1)/IN(0,1)/NOR-out(2,0)/NOT-mid(1,1)|edges=0010000100000010",-0.1254486629140825,-0.1174289766619566,7,circuit_log_max
4,0000000110001000,"IN(0,1)/NOR-mid(0,1)/NOR-out(2,0)/NOT-mid(1,1)|edges=0001001000000010",-0.1255152459031293,-0.1161067764763043,9,circuit_log_max
4,0000000110001000,"IN(0,1)/IN(0,1)/NOR-mid(1,1)/NOR-out(2,0)|edges=0010000100010000",-0.1295045530834965,-0.0821065909285374,19,circuit_log_max
4,0000000110001000,"NOR-in(0,1)/NOR-in(1,1)/NOR-out(0,1)/OUT-OR2(2,0)|edges=0100000100010000",-0.1319549097311586,-0.1824421860990239,9,circuit_log_max
4,0000000110001000,"IN(0,1)/NOR-out(2,0)/NOT-in(0,1)/NOT-mid(1,1)|edges=0100000000010100",-0.1474859026707184,-0.1037792441886057,8,circuit_log_max
4,0000000110001000,"IN(0,1)/NOR-in(0,1)/NOR-out(1,1)/OUT-OR2(2,0)|edges=0010000100010000",-0.1816885557484739,-0.2095690614011016,13,circuit_log_max
4,0000000110001000,"IN(0,1)/IN(0,1)/NOR-mid(2,0)/NOT-in(1,1)|edges=0001001000000010",-0.1977279917365189,-0.1319118864074452,7,circuit_log_max
4,0000000110001000,"NOR-out(0,1)/NOR-out(1,1)/NOT-mid(0,1)/OUT-OR2(2,0)|edges=0001000101000000",-0.1979215266836516,-0.1739660497203911,24,circuit_log_max
4,0000000110001000,"IN(0,1)/IN(0,1)/NOR-mid(1,1)/NOR-out(2,0)|edges=0001001000010000",-0.2480780206477923,-0.2018490590498478,22,circuit_log_max
4,0000000110001000,"NOR-in(0,1)/NOR-out(0,1)/NOR-out(1,1)/OUT-OR2(2,0)|edges=0010000100010000",-0.2695489085245454,-0.3179916871736875,18,circuit_log_max
4,0000000110001000,"NOR-mid(0,1)/NOR-out(0,1)/NOR-out(1,1)/OUT-OR2(2,0)|edges=0010000100010000",-0.3956997775690105,-0.4277316529616869,51,circuit_log_max
4,0000000110001000,"IN(0,1)/NOR-out(0,1)/NOR-out(1,1)/OUT-OR2(2,0)|edges=0010000100010000",-0.4697422394055958,-0.4553876723712615,69,circuit_log_max
4,0000000110001010,"IN(0,1)/NOR-in(1,1)/NOR-in(1,2)/NOR-in(2,0)|edges=0010000101010000",0.111831466684686,0.0831974738748616,9,circuit_log_max
4,0000000110001010,"NOR-in(1,2)/NOR-mid(1,1)/NOR-out(2,0)/NOT-in(0,1)|edges=0110001000001000",0.0723428723088644,0.0667287250158415,7,circuit_log_max
4,0000000110001010,"IN(0,1)/NOR-in(1,2)/NOR-mid(1,1)/NOR-out(2,0)|edges=0100001100010000",0.0577616532301463,0.0593233839499171,10,circuit_log_max
4,0000000110001010,"NOR-in(0,1)/NOR-in(1,2)/NOR-mid(1,1)/NOR-out(2,0)|edges=0100001100010000",0.0374754931116693,-0.0105947493008625,10,circuit_log_max
4,0000000110001010,"NOR-in(0,1)/NOR-in(1,1)/NOR-in(1,2)/NOR-in(2,0)|edges=0010000101010000",0.0169672494266687,-0.042185098374527,5,circuit_log_max
4,0000000110001010,"IN(0,1)/NOR-in(1,1)/NOR-in(1,2)/NOR-mid(2,0)|edges=0010000101010000",0.006800178639863,-0.0215356914764666,17,circuit_log_max
4,0000000110001010,"NOR-in(0,1)/NOR-mid(1,2)/NOR-out(1,1)/OUT-OR2(2,0)|edges=0100001100010000",-0.045508989370004,-0.0514208515743723,14,circuit_log_max
4,0000000110001010,"NOR-in(0,1)/NOR-in(1,1)/NOR-in(1,2)/NOR-mid(2,0)|edges=0010000101010000",-0.0516307308486883,-0.0996562532580176,7,circuit_log_max
4,0000000110001010,"IN(0,1)/NOR-mid(1,2)/NOR-out(1,1)/OUT-OR2(2,0)|edges=0100001100010000",-0.1347942245985315,-0.1319717831529931,10,circuit_log_max
4,0000000110011000,"IN(0,1)/NOR-in(0,2)/NOR-in(2,0)/NOR-in(2,1)|edges=0001001100000010",0.1452051476632546,0.1186227279217217,8,circuit_log_max
4,0000000110011000,"IN(0,2)/NOR-in(0,1)/NOR-in(2,0)/NOR-in(2,1)|edges=0011000100000010",0.1269224853261723,0.0841471647443419,7,circuit_log_max
4,0000000110011000,"NOR-in(0,2)/NOR-mid(2,1)/NOR-out(2,0)/NOT-in(0,1)|edges=0110001000000100",0.0971234054005412,0.0929942208003506,6,circuit_log_max
4,0000000110011000,"IN(0,1)/NOR-in(0,2)/NOR-in(2,1)/NOR-mid(2,0)|edges=0010001100010000",0.0208937152502302,0.0085043571136802,12,circuit_log_max
4,0000000110011000,"IN(0,2)/NOR-in(0,1)/NOR-mid(2,1)/NOR-out(2,0)|edges=0011001000010000",-0.024093219658163,-0.0474726790026507,8,circuit_log_max
4,0000000110011000,"IN(0,1)/IN(0,2)/NOR-in(2,0)/NOR-in(2,1)|edges=0001001100000010",-0.073603295999765,-0.1775184633592781,64,circuit_log_max
4,0000000110011000,"IN(0,1)/IN(0,2)/NOR-in(2,1)/NOR-mid(2,0)|edges=0010001100010000",-0.1088823925976883,-0.0698636646565114,10,circuit_log_max
4,0000000110011000,"IN(0,1)/NOR-mid(0,2)/NOR-out(2,1)/OUT-OR2(2,0)|edges=0010001100010000",-0.1337401860984291,-0.1196528139637645,12,circuit_log_max
4,0000000110011000,"IN(0,1)/IN(0,2)/NOR-in(2,1)/NOR-out(2,0)|edges=0010001100010000",-0.1645820555819651,-0.1916821084092011,9,circuit_log_max
4,0000000111001000,"NOR-in(0,2)/NOR-in(1,1)/NOR-mid(1,1)/NOR-out(2,0)|edges=0101001000010000",0.175169213881762,0.1449072979101909,7,circuit_log_max
4,0000000111001000,"IN(0,2)/NOR-in(1,1)/NOR-in(1,1)/NOR-in(2,0)|edges=0101001000010000",0.1346433887444169,0.1057976577759263,6,circuit_log_max
4,0000000111001000,"IN(0,2)/NOR-in(1,1)/NOR-in(1,1)/NOR-mid(2,0)|edges=0101001000010000",-0.021270223988276,-0.035453571769546,16,circuit_log_max
4,0000000111001000,"NOR-in(0,2)/NOR-in(1,1)/NOR-in(1,1)/NOR-mid(2,0)|edges=0101001000010000",-0.0347853228301039,-0.0703195379028981,8,circuit_log_max
4,0000000111001000,"NOR-in(0,2)/NOR-mid(1,1)/NOR-out(1,1)/OUT-OR2(2,0)|edges=0101001000010000",-0.0590074559627748,-0.0648812185549378,13,circuit_log_max
4,0000000111001000,"IN(0,2)/NOR-in(1,1)/NOR-mid(1,1)/NOR-out(2,0)|edges=0101001000010000",-0.0900867649621511,-0.0753387860268741,29,circuit_log_max
4,0000001110001000,"IN(0,2)/NOR-out(1,1)/NOR-out(1,1)/OUT-OR2(2,0)|edges=0110000100010000",0.0996397711321294,0.1315846713550778,8,circuit_log_max
4,0000001110001000,"IN(0,2)/NOR-in(1,1)/NOR-in(2,0)/NOT-in(1,1)|edges=0101001000000010",0.0560549804554807,0.0360673030458539,8,circuit_log_max
4,0000001110001000,"IN(0,2)/NOR-in(1,1)/NOR-in(1,1)/NOR-in(2,0)|edges=0110000100010000",0.043738513550372,0.0123067436517717,6,circuit_log_max
4,0000001110001000,"IN(0,2)/NOR-in(1,1)/NOR-in(1,1)/NOR-mid(2,0)|edges=0110000100010000",0.0025080186567087,-0.0109089902300736,7,circuit_log_max
4,0000001110001000,"NOR-in(0,2)/NOR-in(1,1)/NOR-in(1,1)/NOR-in(2,0)|edges=0110000100010000",-0.0468030132285436,-0.1089958265363707,9,circuit_log_max
4,0000001110001000,"NOR-in(0,2)/NOR-in(1,1)/NOR-in(1,1)/NOR-mid(2,0)|edges=0110000100010000",-0.073802415044948,-0.1344518224092812,14,circuit_log_max
4,0000001110001000,"NOR-mid(0,2)/NOR-out(1,1)/NOR-out(1,1)/OUT-OR2(2,0)|edges=0110000100010000",-0.1651601192795895,-0.1747227374017501,13,circuit_log_max
4,0000001110001010,"NOR-in(0,2)/NOR-in(1,2)/NOR-mid(2,1)/NOR-out(2,0)|edges=0110001100010000",-9.717664992632404e-05,-0.0061514677366111,5,circuit_log_max
5,0000000000000000010011010,"IN(0,3)/NOR-in(1,0)/NOR-in(1,0)/NOR-mid(1,1)/NOR-out(1,0)|edges=0111000000000000000100000",-0.0170181404797104,-0.0764613955920937,9,circuit_log_max
5,0000000000000000010011010,"IN(0,3)/NOR-in(1,0)/NOR-in(1,0)/NOR-out(1,1)/OUT-OR2(1,0)|edges=0111000000000000000100000",-0.0617513347176775,-0.09469392778097,6,circuit_log_max
5,0000000000000000010011100,"IN(0,1)/IN(0,3)/NOR-in(1,0)/NOR-in(1,0)/NOR-mid(2,0)|edges=0000100111000000000000000",0.0172302346618783,-0.0342616986855278,6,circuit_log_max
5,0000000000000000010011100,"IN(0,1)/IN(0,3)/NOR-in(1,0)/NOR-in(2,0)/NOR-mid(1,0)|edges=0001000111000000000000000",-0.0217653033564312,-0.0682523027855576,6,circuit_log_max
5,0000000000000000110010100,"IN(0,2)/IN(0,2)/NOR-in(1,0)/NOR-in(2,0)/NOR-out(1,0)|edges=0011000011000000000000000",-0.0763239704408812,-0.0677121080366609,5,circuit_log_max
5,0000000000000000110010100,"IN(0,2)/IN(0,2)/NOR-in(2,0)/NOR-out(1,0)/NOR-out(1,0)|edges=0011000101000000000000000",-0.1590885715377232,-0.1571852475544192,8,circuit_log_max
5,0000000000000000110010110,"IN(0,3)/NOR-in(1,0)/NOR-in(1,2)/NOR-in(2,0)/NOR-out(1,0)|edges=0011100000010100000000000",-0.0176317575426632,-0.0570678364449043,5,circuit_log_max
5,0000000000000010000111000,"IN(0,1)/IN(0,1)/NOR-in(2,2)/NOR-mid(1,0)/OUT-OR2(1,0)|edges=0010000100000110000000000",0.0385307490375485,0.0510482102636626,7,circuit_log_max
5,0000000000000010000111000,"IN(0,1)/IN(0,1)/NOR-in(1,0)/NOR-in(2,2)/NOR-mid(1,0)|edges=0001000010000000010100000",0.0214228623402567,-0.0136026455674381,5,circuit_log_max
5,0000000000000010000111000,"IN(0,1)/IN(0,1)/NOR-in(1,0)/NOR-in(2,2)/OUT-OR2(1,0)|edges=0001000010000000010100000",-0.0651743495345969,-0.0608803588702234,9,circuit_log_max
5,0000000000000010010011000,"IN(0,1)/NOR-in(1,0)/NOR-in(1,1)/NOR-in(1,2)/OUT-OR2(1,0)|edges=0010000000000100100100000",-0.0639778310046007,-0.111868183772942,5,circuit_log_max
5,0000000000000010010111000,"IN(0,2)/NOR-in(1,0)/NOR-in(1,1)/NOR-in(2,2)/OUT-OR2(1,0)|edges=0011000000000100100100000",-0.0639778310046007,-0.111868183772942,5,circuit_log_max
5,0000000000000010100010010,"IN(0,1)/NOR-in(1,0)/NOR-in(1,2)/NOR-out(1,1)/OUT-NOT(1,0)|edges=0010000000010100000100000",0.2089476412310856,0.1913070431503533,7,circuit_log_max
5,0000000000000010100010010,"IN(0,1)/NOR-in(1,0)/NOR-in(1,2)/NOR-out(1,1)/OUT-OR2(1,0)|edges=0010000000010100000100000",-0.0242995086592628,-0.045101484419391,8,circuit_log_max
5,0000000000000010100010010,"IN(0,1)/NOR-in(1,0)/NOR-in(1,2)/NOR-mid(1,1)/NOR-out(1,0)|edges=0010000000010100000100000",-0.0562070193329228,-0.1033289353378486,10,circuit_log_max
5,0000000000000010100010010,"IN(0,1)/NOR-in(1,0)/NOR-in(1,1)/NOR-in(1,2)/OUT-OR2(1,0)|edges=0001000000010000010100000",-0.059098873768601,-0.101465127581511,8,circuit_log_max
5,0000000000000010100010010,"IN(0,1)/NOR-in(1,1)/NOR-in(1,2)/NOR-mid(1,0)/OUT-OR2(1,0)|edges=0010000010010010000000000",-0.0953446300966536,-0.1264682965962413,6,circuit_log_max
5,0000000000000010100011000,"IN(0,1)/NOR-in(0,1)/NOR-in(1,2)/NOR-mid(2,0)/OUT-OR2(1,0)|edges=0010000010000110000000000",0.0147993405695654,0.0065227695340739,8,circuit_log_max
5,0000000000000010100011000,"IN(0,1)/IN(0,1)/NOR-in(1,2)/NOR-in(2,0)/OUT-OR2(1,0)|edges=0010000010000110000000000",-0.0150176877677153,0.0076378550585832,6,circuit_log_max
5,0000000000000010100011000,"NOR-in(0,1)/NOR-in(1,0)/NOR-in(1,2)/NOR-out(0,1)/OUT-OR2(2,0)|edges=0010000000010010000100000",-0.0639778310046007,-0.111868183772942,5,circuit_log_max
5,0000000000000010100011000,"IN(0,1)/NOR-in(0,1)/NOR-mid(1,2)/NOR-out(1,0)/NOR-out(2,0)|edges=0000100100000110000000000",-0.0947213381827411,-0.1177316280110453,5,circuit_log_max
5,0000000000000010100011000,"IN(0,1)/NOR-in(0,1)/NOR-in(1,2)/NOR-in(2,0)/OUT-OR2(1,0)|edges=0010000010000110000000000",-0.0976461671634705,-0.1431312825586355,7,circuit_log_max
5,0000000000000010100011000,"IN(0,1)/NOR-in(1,0)/NOR-in(1,2)/NOR-out(0,1)/OUT-OR2(2,0)|edges=0010000000010010000100000",-0.1241576288925175,-0.1530159828709993,17,circuit_log_max
5,0000000000000010100110000,"IN(0,2)/NOR-in(1,0)/NOR-mid(0,1)/NOR-out(2,1)/OUT-NOT(1,0)|edges=0101000000000100000100000",0.2283795449593026,0.2160320686511306,6,circuit_log_max
5,0000000000000010100110000,"IN(0,1)/IN(0,2)/NOR-in(1,0)/NOR-in(2,1)/NOR-mid(1,0)|edges=0001000011000000010000000",0.1060771061173677,0.0614034307295406,14,circuit_log_max
5,0000000000000010100110000,"IN(0,2)/NOR-in(0,1)/NOR-in(1,0)/NOR-in(2,1)/NOR-mid(1,0)|edges=0011000010000000000100000",0.0746238481792865,0.0331600917549048,5,circuit_log_max
5,0000000000000010100110000,"IN(0,1)/IN(0,2)/NOR-in(1,0)/NOR-mid(2,1)/NOR-out(1,0)|edges=0001000110000000000100000",0.0493074169854376,-0.006187198624657,18,circuit_log_max
5,0000000000000010100110000,"IN(0,1)/IN(0,2)/NOR-in(1,0)/NOR-in(2,1)/NOR-mid(1,0)|edges=0001000110000000000100000",0.0407826183274937,0.0007010644598177,7,circuit_log_max
5,0000000000000010100110000,"IN(0,2)/NOR-in(0,1)/NOR-in(1,0)/NOR-mid(2,1)/NOR-out(1,0)|edges=0011000010000000000100000",0.0351236352101928,-0.0180486014738925,10,circuit_log_max
5,0000000000000010100110000,"IN(0,1)/IN(0,2)/NOR-in(2,1)/NOR-out(1,0)/NOT-in(1,0)|edges=0010000110000010000000000",0.0237449053385046,0.0069203797567216,5,circuit_log_max
5,0000000000000010100110000,"IN(0,1)/IN(0,2)/NOR-mid(2,1)/NOR-out(1,0)/NOT-in(1,0)|edges=0010000101000100000000000",-0.0026373430515248,-0.0054225631870001,8,circuit_log_max
5,0000000000000010100110000,"IN(0,1)/IN(0,2)/NOR-in(1,0)/NOR-in(1,0)/NOR-in(2,1)|edges=0000100101000000000000010",-0.0126068638510816,-0.0475438235691721,5,circuit_log_max
5,0000000000000010100110000,"IN(0,1)/IN(0,2)/NOR-in(1,0)/NOR-in(2,1)/NOT-in(1,0)|edges=0001000011000000010000000",-0.0728559209482258,-0.1128156528935369,8,circuit_log_max
5,0000000000000010100110000,"NOR-in(0,1)/NOR-in(0,2)/NOR-in(2,1)/NOR-mid(1,0)/OUT-OR2(1,0)|edges=0010000101000100000000000",-0.0730835794668041,-0.1144823148151482,5,circuit_log_max
5,0000000000000010100110000,"IN(0,2)/NOR-in(1,0)/NOR-mid(0,1)/NOR-out(2,1)/OUT-OR2(1,0)|edges=0101000000000100000100000",-0.0789688993653959,-0.1135978364814963,11,circuit_log_max
5,0000000000000010100110000,"IN(0,1)/IN(0,2)/NOR-mid(1,0)/NOR-out(2,1)/OUT-OR2(1,0)|edges=0001000110000000000100000",-0.09370492748627,-0.069837911152732,8,circuit_log_max
5,0000000000000010100110000,"IN(0,1)/IN(0,2)/NOR-in(2,1)/NOR-mid(1,0)/NOT-in(1,0)|edges=0010000101000100000000000",-0.1097238934989912,-0.15966299384933,8,circuit_log_max
5,0000000000000010100110000,"IN(0,1)/IN(0,2)/NOR-in(2,1)/NOR-mid(1,0)/NOR-out(1,0)|edges=0010000101000100000000000",-0.1131777362911184,-0.1192639673654068,5,circuit_log_max
5,0000000000000010100110000,"IN(0,2)/NOR-mid(1,0)/NOR-out(2,1)/NOT-mid(0,1)/OUT-OR2(1,0)|edges=0110000000000010010000000",-0.1260188966841718,-0.1316536916662824,5,circuit_log_max
5,0000000000000010100110000,"IN(0,1)/IN(0,2)/NOR-in(1,0)/NOR-in(2,1)/NOR-out(1,0)|edges=0001000011000000010000000",-0.1319715667710352,-0.1726211888083334,27,circuit_log_max
5,0000000000000010100110000,"IN(0,1)/IN(0,2)/NOR-in(1,0)/NOR-out(2,1)/OUT-OR2(1,0)|edges=0001000110000000000100000",-0.1407958140765956,-0.1840867135435613,17,circuit_log_max
5,0000000000000010100110000,"IN(0,1)/IN(0,2)/NOR-out(2,1)/NOT-in(1,0)/OUT-OR2(1,0)|edges=0010000110000010000000000",-0.1443912339260308,-0.1256482689309494,16,circuit_log_max
5,0000000000000010100110000,"IN(0,2)/NOR-out(2,1)/NOT-in(1,0)/NOT-mid(0,1)/OUT-OR2(1,0)|edges=0110000001000000100000000",-0.1473882959564132,-0.1322369221030284,5,circuit_log_max
5,0000000000000010100110000,"IN(0,2)/NOR-in(1,0)/NOR-out(2,1)/NOT-mid(0,1)/OUT-OR2(1,0)|edges=0110000000000010010000000",-0.1507769654412306,-0.1551691220832262,8,circuit_log_max
5,0000000000000010100111000,"IN(0,1)/IN(0,2)/NOR-in(2,0)/NOR-in(2,2)/NOR-out(1,0)|edges=0001000110000000010100000",0.0944486337692324,0.075583123181175,6,circuit_log_max
5,0000000000000010100111000,"IN(0,1)/IN(0,2)/NOR-in(1,0)/NOR-in(2,0)/NOR-in(2,2)|edges=0000100011000000000000110",-0.0042802825910798,-0.026205149269318,5,circuit_log_max
5,0000000000000010100111000,"IN(0,1)/IN(0,2)/NOR-in(2,0)/NOR-in(2,2)/OUT-OR2(1,0)|edges=0001000110000000010100000",-0.053655396985004,-0.0538565855652512,5,circuit_log_max
5,0000000000000010100111000,"IN(0,1)/IN(0,2)/NOR-in(2,0)/NOR-in(2,2)/NOR-mid(1,0)|edges=0001000110000000010100000",-0.0824066526020256,-0.0927989983979807,5,circuit_log_max
5,0000000000000010110010000,"IN(0,2)/NOR-in(1,0)/NOR-mid(1,1)/NOR-out(1,1)/OUT-NOT(1,0)|edges=0110000000000100000100000",0.1687387911263625,0.1166670212564477,16,circuit_log_max
5,0000000000000010110010000,"IN(0,2)/NOR-in(1,0)/NOR-in(1,1)/NOR-mid(1,1)/NOR-out(1,0)|edges=0110000000000100000100000",0.0767978058682111,0.009043969795484,20,circuit_log_max
5,0000000000000010110010000,"NOR-in(0,2)/NOR-in(1,0)/NOR-in(1,1)/NOR-mid(1,1)/NOR-out(1,0)|edges=0110000000000100000100000",0.0570110487769862,-0.0014202273985415,8,circuit_log_max
5,0000000000000010110010000,"IN(0,2)/NOR-in(1,1)/NOR-in(1,1)/NOR-mid(1,0)/NOR-mid(1,0)|edges=0101000100000010000000000",0.0551861454769773,0.0198213621612162,7,circuit_log_max
5,0000000000000010110010000,"NOR-in(0,2)/NOR-in(1,0)/NOR-mid(1,1)/NOR-out(1,1)/OUT-NOT(1,0)|edges=0110000000000100000100000",0.0538407148244676,0.0385911104789089,7,circuit_log_max
5,0000000000000010110010000,"IN(0,2)/NOR-in(1,0)/NOR-in(1,1)/NOR-in(1,1)/NOR-mid(1,0)|edges=0010100000000100100000000",0.0517693170609203,0.0113306476432726,5,circuit_log_max
5,0000000000000010110010000,"IN(0,2)/NOR-mid(1,1)/NOR-out(1,1)/NOT-in(1,0)/OUT-NOT(1,0)|edges=0101000100000010000000000",0.0364423839769187,0.0399400724063961,8,circuit_log_max
5,0000000000000010110010000,"IN(0,2)/NOR-in(1,0)/NOR-in(1,1)/NOR-out(1,0)/NOT-in(1,1)|edges=0011000000000010000001000",0.0286944941318507,0.0116905357090933,5,circuit_log_max
5,0000000000000010110010000,"IN(0,2)/NOR-in(1,0)/NOR-mid(1,1)/NOR-out(1,0)/NOT-in(1,1)|edges=0100100000000100000000100",0.0286640657211474,0.0059202572162426,7,circuit_log_max
5,0000000000000010110010000,"IN(0,2)/NOR-in(1,1)/NOR-in(1,1)/NOR-out(1,0)/NOT-in(1,0)|edges=0101000100000010000000000",-0.0082923708564439,-0.0173870753594049,6,circuit_log_max
5,0000000000000010110010000,"IN(0,2)/NOR-in(1,0)/NOR-in(1,1)/NOR-in(1,1)/NOR-out(1,0)|edges=0010100000000100100000000",-0.0095141600605175,-0.0734872935686998,14,circuit_log_max
5,0000000000000010110010000,"IN(0,2)/NOR-in(1,1)/NOR-mid(1,0)/NOR-mid(1,0)/NOT-in(1,1)|edges=0010100010000000000001000",-0.0182355173793069,-0.0137171545877926,6,circuit_log_max
5,0000000000000010110010000,"IN(0,2)/NOR-in(1,1)/NOR-in(1,1)/NOR-mid(1,0)/NOR-out(1,0)|edges=0100100100000100000000000",-0.0303079388824533,-0.0637261560558175,7,circuit_log_max
5,0000000000000010110010000,"IN(0,2)/NOR-mid(1,1)/NOR-out(1,1)/NOT-in(1,0)/OUT-OR2(1,0)|edges=0101000100000010000000000",-0.0451011238765036,-0.0451488027676388,6,circuit_log_max
5,0000000000000010110010000,"IN(0,2)/NOR-in(1,1)/NOR-mid(1,0)/NOR-out(1,0)/NOT-in(1,1)|edges=0001100100000000000001000",-0.0567144284209621,-0.0723250526970963,6,circuit_log_max
5,0000000000000010110010000,"IN(0,2)/NOR-in(1,0)/NOR-in(1,1)/NOR-out(1,1)/OUT-OR2(1,0)|edges=0110000000000100000100000",-0.0866763399609849,-0.1204346567075081,6,circuit_log_max
5,0000000000000010110010000,"IN(0,2)/NOR-in(1,1)/NOR-mid(1,1)/NOR-out(1,0)/NOT-in(1,0)|edges=0100100100000100000000000",-0.0927447678592747,-0.1284371664477422,13,circuit_log_max
5,0000000000000010110010000,"IN(0,2)/NOR-in(1,0)/NOR-mid(1,1)/NOR-out(1,1)/OUT-OR2(1,0)|edges=0110000000000100000100000",-0.0978873189022915,-0.1464425821143397,19,circuit_log_max
5,0000000000000010110010000,"IN(0,2)/NOR-mid(1,1)/NOR-out(1,0)/NOR-out(1,0)/NOT-in(1,1)|edges=0010100010000000000001000",-0.1319195433232155,-0.0931981155979778,6,circuit_log_max
5,0000000000000010110010000,"IN(0,2)/NOR-in(1,1)/NOR-mid(1,1)/NOR-out(1,0)/NOR-out(1,0)|edges=0101000100000010000000000",-0.1495629062819585,-0.161081348783906,8,circuit_log_max
5,0000000000000010110011000,"IN(0,2)/NOR-in(1,1)/NOR-mid(1,2)/NOR-out(1,0)/NOR-out(2,0)|edges=0100100100000110000000000",-0.1356261045416811,-0.1363031732050209,6,circuit_log_max
5,0000000000000011100001000,"IN(0,2)/NOR-in(1,0)/NOR-mid(1,1)/NOR-out(2,0)/NOT-in(0,1)|edges=0101000000000100000000100",0.2032634568993285,0.1924018283325555,5,circuit_log_max
5,0000000000000011100001000,"IN(0,1)/IN(0,2)/NOR-in(1,0)/NOR-in(1,1)/NOR-mid(2,0)|edges=0001000101000000000100000",0.0762457300336069,0.0478643239859116,6,circuit_log_max
5,0000000000000011100001000,"IN(0,1)/IN(0,2)/NOR-in(1,1)/NOR-in(2,0)/NOR-mid(1,0)|edges=0010000011000100000000000",0.0541239011993976,0.0114582893038448,10,circuit_log_max
5,0000000000000011100001000,"IN(0,1)/IN(0,2)/NOR-in(1,0)/NOR-in(1,1)/NOR-in(2,0)|edges=0001000101000000000100000",0.0391371460752107,-0.0048331751068944,5,circuit_log_max
5,0000000000000011100001000,"IN(0,2)/NOR-in(1,1)/NOR-mid(2,0)/NOR-out(1,0)/NOT-in(0,1)|edges=0011000100000000000001000",0.0296565942944798,0.0225700176975147,5,circuit_log_max
5,0000000000000011100001000,"IN(0,2)/NOR-in(0,1)/NOR-in(1,0)/NOR-mid(1,1)/NOR-out(2,0)|edges=0010100010000000000100000",0.0023316277272339,-0.0475661387293181,13,circuit_log_max
5,0000000000000011100001000,"IN(0,1)/IN(0,2)/NOR-in(1,1)/NOR-in(2,0)/NOR-out(1,0)|edges=0010000011000100000000000",0.001897054653532,-0.0437545081438879,14,circuit_log_max
5,0000000000000011100001000,"IN(0,1)/IN(0,2)/NOR-in(2,0)/NOR-out(1,0)/NOT-in(1,1)|edges=0000100110000000000000100",-0.0064340595531841,0.0040085917025795,6,circuit_log_max
5,0000000000000011100001000,"IN(0,1)/IN(0,2)/NOR-in(2,0)/NOT-in(1,0)/NOT-in(1,1)|edges=0000100110000000000000100",-0.0066909705282125,-0.0055480840721346,5,circuit_log_max
5,0000000000000011100001000,"IN(0,1)/NOR-in(0,2)/NOR-in(1,1)/NOR-mid(2,0)/OUT-OR2(1,0)|edges=0010000011000100000000000",-0.0206322666212932,-0.0316868293009076,6,circuit_log_max
5,0000000000000011100001000,"IN(0,1)/NOR-in(0,2)/NOR-in(1,1)/NOR-in(2,0)/OUT-OR2(1,0)|edges=0010000011000100000000000",-0.0730835794668041,-0.1144823148151482,5,circuit_log_max
5,0000000000000011100001000,"IN(0,1)/IN(0,2)/NOR-in(1,0)/NOR-mid(1,1)/NOR-out(2,0)|edges=0001000101000000000100000",-0.0799335004809737,-0.0927226037788713,11,circuit_log_max
5,0000000000000011100001000,"IN(0,1)/IN(0,2)/NOR-in(1,1)/NOR-mid(2,0)/NOR-out(1,0)|edges=0010000011000100000000000",-0.0937807815028232,-0.1037670518530955,5,circuit_log_max
5,0000000000000011100001000,"NOR-in(0,2)/NOR-in(1,0)/NOR-out(1,1)/NOT-mid(0,1)/OUT-OR2(2,0)|edges=0100100000000010010000000",-0.1212488747341078,-0.1251354320842418,6,circuit_log_max
5,0000000000000011100001000,"IN(0,1)/NOR-in(0,2)/NOR-in(1,0)/NOR-out(1,1)/OUT-OR2(2,0)|edges=0001000101000000000100000",-0.1371300541743549,-0.1723787616947705,10,circuit_log_max
5,0000000000000011100001000,"IN(0,1)/IN(0,2)/NOR-out(2,0)/NOT-in(1,0)/NOT-mid(1,1)|edges=0000100110000000000000100",-0.1473882959564132,-0.1322369221030284,5,circuit_log_max
5,0000000000000011100101000,"IN(0,1)/IN(0,3)/NOR-in(2,0)/NOR-in(2,1)/NOR-mid(1,0)|edges=0001000111000000010000000",0.0276418266617224,-0.0230123699631984,9,circuit_log_max
5,0000000000000011100101000,"IN(0,1)/IN(0,3)/NOR-in(2,0)/NOR-in(2,1)/NOR-out(1,0)|edges=0001000111000000010000000",0.0116368343916571,0.0051754402994968,5,circuit_log_max
5,0000000000000011110001000,"IN(0,3)/NOR-in(1,0)/NOR-in(1,1)/NOR-mid(1,1)/NOR-out(2,0)|edges=0110100000000100000100000",0.0505972535100444,0.0221485663466278,6,circuit_log_max
5,0000000000000110100010000,"IN(0,2)/NOR-in(1,0)/NOR-in(1,1)/NOR-out(1,1)/OUT-NOT(1,0)|edges=0011000000010000000100000",0.1673894232023893,0.1628410486157022,9,circuit_log_max
5,0000000000000110100010000,"IN(0,2)/NOR-in(1,0)/NOR-in(1,1)/NOR-mid(1,1)/NOR-out(1,0)|edges=0011000000010000000100000",0.1175012321158019,0.056559496797593,22,circuit_log_max
5,0000000000000110100010000,"IN(0,2)/NOR-in(1,0)/NOR-mid(1,1)/NOR-out(1,0)/NOT-in(1,1)|edges=0010100000000100000001000",0.0233831818442613,0.0257429835402325,8,circuit_log_max
5,0000000000000110100010000,"IN(0,2)/NOR-in(1,1)/NOR-mid(1,1)/NOR-out(1,0)/NOT-in(1,0)|edges=0110000001000100000000000",0.0083785157155726,-0.0019810736617062,5,circuit_log_max
5,0000000000000110100010000,"IN(0,2)/NOR-in(1,1)/NOR-out(1,1)/NOT-in(1,0)/OUT-OR2(1,0)|edges=0110000010000010000000000",-0.0125458251462871,-0.0307446273972003,5,circuit_log_max
5,0000000000000110100010000,"IN(0,2)/NOR-in(1,0)/NOR-out(1,1)/NOT-in(1,1)/OUT-OR2(1,0)|edges=0011000000000010100000000",-0.0448770923544218,-0.0632337504606736,13,circuit_log_max
5,0000000000000110100010000,"NOR-in(0,2)/NOR-in(1,1)/NOR-mid(1,0)/NOR-out(1,1)/OUT-OR2(1,0)|edges=0101000100000000000100000",-0.1436905390474109,-0.1868376561312852,7,circuit_log_max
5,0000000000000110100010000,"IN(0,2)/NOR-mid(1,0)/NOR-out(1,1)/NOT-in(1,1)/OUT-OR2(1,0)|edges=0011000000000010100000000",-0.1495239345232564,-0.1036556518954902,7,circuit_log_max
5,0000000000000110100010000,"IN(0,2)/NOR-in(1,1)/NOR-mid(1,0)/NOR-out(1,1)/OUT-OR2(1,0)|edges=0101000100000000000100000",-0.1595029616175629,-0.1791937446231085,12,circuit_log_max
5,0000000000000110100010000,"IN(0,2)/NOR-in(1,0)/NOR-in(1,1)/NOR-out(1,1)/OUT-OR2(1,0)|edges=0011000000010000000100000",-0.1672741129991687,-0.2278119851794784,35,circuit_log_max
5,0000000000000110100010010,"IN(0,2)/NOR-in(1,0)/NOR-in(1,2)/NOR-in(2,1)/NOR-mid(1,0)|edges=0011000000010100000100000",0.0298756280680334,-0.0136577874337518,5,circuit_log_max
5,0000000000000110100010010,"IN(0,2)/NOR-in(1,0)/NOR-in(1,2)/NOR-in(2,1)/NOR-out(1,0)|edges=0011000000000110100000000",0.0262479399593148,-0.0171143418751926,5,circuit_log_max
5,0000000000000110100010010,"IN(0,2)/NOR-in(1,0)/NOR-in(1,0)/NOR-in(1,2)/NOR-in(2,1)|edges=0001100000000000100100100",-0.0357857781799121,-0.0992239377105468,8,circuit_log_max
5,0000000000000110100010010,"IN(0,2)/NOR-in(1,0)/NOR-in(1,2)/NOR-in(2,1)/OUT-OR2(1,0)|edges=0011000000010100000100000",-0.0776042747208183,-0.1306422606363683,7,circuit_log_max
5,0000000000000110100010010,"IN(0,2)/NOR-in(1,0)/NOR-in(1,2)/NOR-out(2,1)/OUT-OR2(1,0)|edges=0011000000010100000100000",-0.1027041394366362,-0.1458874915761658,6,circuit_log_max
5,0000000000000110100010010,"IN(0,2)/NOR-in(1,0)/NOR-in(1,2)/NOR-in(2,1)/NOR-out(1,0)|edges=0011000000010100000100000",-0.1605044310028767,-0.2092098028314791,5,circuit_log_max
5,0000000000010000100010010,"IN(0,2)/NOR-in(1,0)/NOR-mid(0,1)/NOR-mid(1,1)/NOR-out(2,0)|edges=0101000000000010000100000",0.1157492378678855,0.0545513915296487,20,circuit_log_max
5,0000000000010000100010010,"IN(0,1)/IN(0,2)/NOR-in(1,1)/NOR-in(2,0)/NOR-mid(1,0)|edges=0001000101000100000000000",0.09746957323863,0.0570037550858549,8,circuit_log_max
5,0000000000010000100010010,"IN(0,1)/IN(0,2)/NOR-in(1,0)/NOR-in(1,1)/NOR-in(2,0)|edges=0000100110000000000100000",0.053963829552015,0.0046117828177231,11,circuit_log_max
5,0000000000010000100010010,"IN(0,1)/IN(0,2)/NOR-in(2,0)/NOR-out(1,0)/NOT-in(1,1)|edges=0010000011000000000000100",0.0068210305968141,0.0217196968291448,5,circuit_log_max
5,0000000000010000100010010,"IN(0,2)/NOR-in(0,1)/NOR-in(1,1)/NOR-in(2,0)/NOR-out(1,0)|edges=0010100010000100000000000",-0.0090015370951634,-0.0503598567784762,9,circuit_log_max
5,0000000000010000100010010,"IN(0,2)/NOR-mid(0,1)/NOR-mid(1,1)/NOR-out(2,0)/NOT-in(1,0)|edges=0010100010000100000000000",-0.0182355173793069,-0.0137171545877926,6,circuit_log_max
5,0000000000010000100010010,"IN(0,1)/NOR-in(0,2)/NOR-in(1,0)/NOR-in(1,1)/NOR-in(2,0)|edges=0000100110000000000100000",-0.0197865947835765,-0.0688859167238087,5,circuit_log_max
5,0000000000010000100010010,"IN(0,1)/IN(0,2)/NOR-in(1,0)/NOR-in(1,1)/NOR-mid(2,0)|edges=0000100110000000000100000",-0.0258390429289702,-0.0476805426327122,5,circuit_log_max
5,0000000000010000100010010,"IN(0,2)/NOR-in(1,1)/NOR-out(0,1)/NOT-in(1,0)/OUT-OR2(2,0)|edges=0101000001000010000000000",-0.0338819960923755,-0.0586449099964015,5,circuit_log_max
5,0000000000010000100010010,"IN(0,2)/NOR-in(0,1)/NOR-in(1,1)/NOR-mid(1,0)/NOR-mid(2,0)|edges=0011000001000010000000000",-0.0381123567176277,-0.0766051410635381,5,circuit_log_max
5,0000000000010000100010010,"IN(0,1)/IN(0,2)/NOR-in(1,1)/NOR-in(2,0)/NOR-out(1,0)|edges=0001000101000100000000000",-0.0409260264949516,-0.0802064326728599,22,circuit_log_max
5,0000000000010000100010010,"IN(0,1)/IN(0,2)/NOR-in(1,1)/NOR-in(2,0)/NOT-in(1,0)|edges=0001000101000100000000000",-0.0526152796837977,-0.0844743416918623,5,circuit_log_max
5,0000000000010000100010010,"IN(0,2)/NOR-in(1,0)/NOR-in(1,1)/NOR-out(0,1)/OUT-OR2(2,0)|edges=0110000000000010000100000",-0.075917035351757,-0.0966693437229945,6,circuit_log_max
5,0000000000010000100010010,"NOR-in(0,2)/NOR-in(1,0)/NOR-in(1,1)/NOR-out(0,1)/OUT-OR2(2,0)|edges=0110000000000010000100000",-0.0776042747208183,-0.1306422606363683,7,circuit_log_max
5,0000000000010000100010010,"IN(0,1)/IN(0,2)/NOR-out(1,0)/NOR-out(2,0)/NOT-mid(1,1)|edges=0001000101000000000000010",-0.0807359624319906,-0.0919143043308634,5,circuit_log_max
5,0000000000010000100010010,"IN(0,1)/IN(0,2)/NOR-in(1,0)/NOR-mid(1,1)/NOR-out(2,0)|edges=0000100110000000000100000",-0.0822657738812544,-0.1036245398105853,12,circuit_log_max
5,0000000000010000100010010,"NOR-in(0,2)/NOR-in(1,0)/NOR-out(0,1)/NOR-out(1,1)/OUT-OR2(2,0)|edges=0101000000000010000100000",-0.0969125962073619,-0.1344648652771406,5,circuit_log_max
5,0000000000010000100010010,"IN(0,1)/IN(0,2)/NOR-mid(1,1)/NOR-out(1,0)/NOR-out(2,0)|edges=0000100110000010000000000",-0.1621456461480659,-0.1424417287043126,7,circuit_log_max
5,0000000000010000100010010,"IN(0,2)/NOR-out(0,1)/NOR-out(1,1)/NOT-in(1,0)/OUT-OR2(2,0)|edges=0011000001000010000000000",-0.2356736368889406,-0.209133758153923,20,circuit_log_max
5,0000000000010000100010010,"IN(0,2)/NOR-in(1,0)/NOR-out(0,1)/NOR-out(1,1)/OUT-OR2(2,0)|edges=0101000000000010000100000",-0.2639205792549254,-0.2994342079904784,33,circuit_log_max
5,0000000000010000100110000,"IN(0,1)/IN(0,2)/NOR-in(2,0)/NOR-out(1,1)/OUT-NOT(1,0)|edges=0010000110000000000100000",0.1955779649374327,0.2028325527204275,10,circuit_log_max
5,0000000000010000100110000,"IN(0,1)/IN(0,2)/NOR-in(1,0)/NOR-in(1,1)/NOR-in(2,0)|edges=0000100011000000010000000",0.1054910681576493,0.0468552112993381,13,circuit_log_max
5,0000000000010000100110000,"IN(0,1)/IN(0,2)/NOR-in(1,0)/NOR-in(1,1)/NOR-mid(2,0)|edges=0000100011000000010000000",0.1016224844692528,0.0506607038087357,10,circuit_log_max
5,0000000000010000100110000,"IN(0,1)/IN(0,2)/NOR-in(1,1)/NOR-in(2,0)/NOR-mid(1,0)|edges=0001000110000010000000000",0.0749029692518253,0.0196252595187181,13,circuit_log_max
5,0000000000010000100110000,"IN(0,2)/NOR-in(0,1)/NOR-in(2,0)/NOR-mid(1,1)/NOR-out(1,0)|edges=0011000100000000000100000",0.0536708998542748,0.0063762315365613,12,circuit_log_max
5,0000000000010000100110000,"IN(0,2)/NOR-in(1,0)/NOR-in(1,1)/NOR-mid(0,1)/NOR-out(2,0)|edges=0010100000010000000100000",0.0304208546503854,-0.0066005640291201,7,circuit_log_max
5,0000000000010000100110000,"IN(0,1)/IN(0,2)/NOR-in(2,0)/NOR-mid(1,1)/NOR-out(1,0)|edges=0010000110000000000100000",0.0296434689682626,-0.031341133121794,30,circuit_log_max
5,0000000000010000100110000,"IN(0,1)/IN(0,2)/NOR-in(1,1)/NOR-in(2,0)/NOR-out(1,0)|edges=0001000110000010000000000",0.0246568355602189,-0.0101809922945641,6,circuit_log_max
5,0000000000010000100110000,"IN(0,1)/IN(0,2)/NOR-in(2,0)/NOR-mid(1,0)/NOT-in(1,1)|edges=0010000101000000000000010",0.024355586518175,-0.003267311944546,6,circuit_log_max
5,0000000000010000100110000,"IN(0,1)/IN(0,2)/NOR-in(1,0)/NOR-out(2,0)/NOT-in(1,1)|edges=0001000011000000000000100",-0.0040939840338541,-0.009681902309665,6,circuit_log_max
5,0000000000010000100110000,"IN(0,1)/IN(0,2)/NOR-in(1,0)/NOR-in(2,0)/NOT-in(1,1)|edges=0001000011000000000000100",-0.0225333406343619,-0.0586836300784881,7,circuit_log_max
5,0000000000010000100110000,"IN(0,1)/IN(0,2)/NOR-in(1,1)/NOR-mid(1,0)/NOR-mid(2,0)|edges=0000100101000100000000000",-0.0268228272164511,-0.0805603330963356,10,circuit_log_max
5,0000000000010000100110000,"IN(0,1)/IN(0,2)/NOR-in(1,0)/NOR-mid(2,0)/NOT-in(1,1)|edges=0001000011000000000000100",-0.0317842633749382,-0.0321693214825309,5,circuit_log_max
5,0000000000010000100110000,"IN(0,2)/NOR-in(1,0)/NOR-in(1,1)/NOR-out(2,0)/NOT-mid(0,1)|edges=0011000000010000000000010",-0.0548785460556169,-0.0611009708230796,8,circuit_log_max
5,0000000000010000100110000,"NOR-in(0,2)/NOR-in(1,0)/NOR-in(1,1)/NOR-out(0,1)/OUT-OR2(2,0)|edges=0010100000010000000100000",-0.0556391065780577,-0.0995003456397964,8,circuit_log_max
5,0000000000010000100110000,"IN(0,1)/IN(0,2)/NOR-in(1,0)/NOR-in(1,1)/NOR-out(2,0)|edges=0000100011000000010000000",-0.0733615783295557,-0.1188789931198828,5,circuit_log_max
5,0000000000010000100110000,"IN(0,2)/NOR-in(0,1)/NOR-mid(2,0)/NOR-out(1,1)/OUT-OR2(1,0)|edges=0011000100000000000100000",-0.0923423541001768,-0.110919436025014,9,circuit_log_max
5,0000000000010000100110000,"IN(0,2)/NOR-in(2,0)/NOR-out(1,1)/NOT-in(0,1)/OUT-OR2(1,0)|edges=0110000000000010100000000",-0.1101449704711168,-0.1122142511827938,11,circuit_log_max
5,0000000000010000100110000,"IN(0,1)/IN(0,2)/NOR-mid(1,0)/NOR-out(2,0)/NOT-in(1,1)|edges=0001000011000000000000100",-0.1175937030657872,-0.0800442081652927,5,circuit_log_max
5,0000000000010000100110000,"IN(0,2)/NOR-mid(1,1)/NOR-out(1,0)/NOR-out(2,0)/NOT-mid(0,1)|edges=0101000100000000000000010",-0.1260188966841718,-0.1316536916662824,5,circuit_log_max
5,0000000000010000100110000,"IN(0,1)/IN(0,2)/NOR-in(1,1)/NOR-mid(1,0)/NOR-out(2,0)|edges=0000100101000100000000000",-0.1382720867664884,-0.1663272151099113,9,circuit_log_max
5,0000000000010000100110000,"IN(0,2)/NOR-in(0,1)/NOR-in(2,0)/NOR-out(1,1)/OUT-OR2(1,0)|edges=0011000100000000000100000",-0.1532082359482346,-0.186034596443412,11,circuit_log_max
5,0000000000010000100110000,"IN(0,1)/IN(0,2)/NOR-mid(1,1)/NOR-out(1,0)/NOR-out(2,0)|edges=0000100101000100000000000",-0.1767154811693611,-0.1564049888159153,5,circuit_log_max
5,0000000000010000100110000,"NOR-in(0,1)/NOR-in(0,2)/NOR-mid(2,0)/NOR-out(1,1)/OUT-OR2(1,0)|edges=0010000110000000000100000",-0.184590237543034,-0.2318777840510189,5,circuit_log_max
5,0000000000010000100110000,"IN(0,1)/IN(0,2)/NOR-in(2,0)/NOR-out(1,1)/OUT-OR2(1,0)|edges=0010000110000000000100000",-0.2459767819316358,-0.262295280376441,36,circuit_log_max
5,0000000000010000110010100,"IN(0,2)/IN(0,2)/NOR-in(2,0)/NOR-in(2,1)/NOR-out(1,0)|edges=0001100110000000010000000",0.0679057401701721,0.0715148103659644,5,circuit_log_max
5,0000000000010000110010100,"IN(0,2)/NOR-in(1,0)/NOR-mid(0,2)/NOR-out(2,1)/OUT-OR2(2,0)|edges=0101000000000110000100000",-0.0531503890792192,-0.0666820739050916,6,circuit_log_max
5,0000000000010000110010100,"IN(0,2)/IN(0,2)/NOR-in(2,0)/NOR-in(2,1)/NOR-mid(1,0)|edges=0011000011000000010000000",-0.0568624618994194,-0.0988728262972095,6,circuit_log_max
5,0000000000010000110110000,"IN(0,3)/NOR-in(1,1)/NOR-in(2,0)/NOR-mid(1,1)/NOR-out(1,0)|edges=0111000100000000000100000",0.0633871920438786,0.0033318749683013,11,circuit_log_max
5,0000000000010000110110000,"IN(0,3)/NOR-in(1,1)/NOR-in(2,0)/NOR-out(1,1)/OUT-OR2(1,0)|edges=0111000100000000000100000",-0.100228631296877,-0.1346678145220882,9,circuit_log_max
5,0000000000010001000011000,"IN(0,1)/IN(0,2)/NOR-in(0,1)/NOR-in(2,0)/NOR-mid(2,0)|edges=0001000011000010000000000",0.0829402050170008,0.0349909035034021,10,circuit_log_max
5,0000000000010001000011000,"IN(0,1)/IN(0,1)/IN(0,2)/NOR-in(2,0)/NOR-mid(2,0)|edges=0001000001000110000000000",0.0441216667789396,-0.0009006985770413,13,circuit_log_max
5,0000000000010001000011000,"IN(0,1)/IN(0,1)/IN(0,2)/NOR-in(2,0)/NOR-in(2,0)|edges=0000100010000110000000000",0.0277504300181372,0.0086503355058665,5,circuit_log_max
5,0000000000010001000011000,"IN(0,1)/IN(0,2)/NOR-in(2,0)/NOR-mid(0,1)/NOR-out(2,0)|edges=0010000101000000000100000",0.0016100972257511,-0.0248908572800626,18,circuit_log_max
5,0000000000010001000011000,"IN(0,1)/IN(0,1)/IN(0,2)/NOR-in(2,0)/NOR-in(2,0)|edges=0001000001000110000000000",-0.0182393367341347,-0.0436170394973286,5,circuit_log_max
5,0000000000010001000011000,"NOR-in(0,1)/NOR-in(0,2)/NOR-in(2,0)/NOR-out(0,1)/OUT-OR2(2,0)|edges=0010000101000000000100000",-0.0904456685097862,-0.138439621683497,7,circuit_log_max
5,0000000000010001000011000,"IN(0,1)/IN(0,2)/NOR-in(2,0)/NOR-out(2,0)/NOT-mid(0,1)|edges=0010000110000000000000010",-0.1164323660810092,-0.116431758601597,9,circuit_log_max
5,0000000000010001000011010,"IN(0,1)/IN(0,3)/NOR-in(2,0)/NOR-mid(1,1)/NOR-out(2,0)|edges=0010000111000000000100000",-0.0113663033080974,-0.0369118002334915,5,circuit_log_max
5,0000000000010001000011010,"IN(0,1)/IN(0,3)/NOR-in(1,1)/NOR-in(2,0)/NOR-mid(2,0)|edges=0000100111000100000000000",-0.0399142285560185,-0.0762406450966996,5,circuit_log_max
5,0000000000010001000110100,"IN(0,2)/NOR-in(1,1)/NOR-in(1,2)/NOR-in(2,0)/NOR-mid(1,0)|edges=0011000001010100000000000",0.0050929397599769,-0.0425230177022843,7,circuit_log_max
5,0000000000010001000110100,"IN(0,2)/NOR-in(1,0)/NOR-in(1,1)/NOR-in(1,2)/NOR-in(2,0)|edges=0001100000010000010100000",-0.0322086951114369,-0.0945064212187984,7,circuit_log_max
5,0000000000010001000110100,"IN(0,2)/NOR-in(1,1)/NOR-in(1,2)/NOR-in(2,0)/OUT-OR2(1,0)|edges=0011000001010100000000000",-0.0677026401712591,-0.1196395880222384,6,circuit_log_max
5,0000000000010001000110100,"IN(0,2)/NOR-in(1,2)/NOR-in(2,0)/NOR-mid(1,1)/NOR-out(1,0)|edges=0110000110000000000100000",-0.0753312264398668,-0.0950710435703122,8,circuit_log_max
5,0000000000010001000110100,"IN(0,2)/NOR-in(1,2)/NOR-in(2,0)/NOR-out(1,1)/OUT-OR2(1,0)|edges=0110000110000000000100000",-0.1058981533141139,-0.1383530733991489,7,circuit_log_max
5,0000000000010001000110100,"IN(0,2)/NOR-in(1,1)/NOR-in(1,2)/NOR-in(2,0)/NOR-out(1,0)|edges=0011000001010100000000000",-0.1605044310028767,-0.2092098028314791,5,circuit_log_max
5,0000000000010001010010100,"IN(0,2)/IN(0,2)/NOR-in(1,0)/NOR-in(2,0)/NOR-in(2,1)|edges=0001100011000000000000100",-0.0147100597022115,-0.0466732233444327,5,circuit_log_max
5,0000000000010001010010100,"IN(0,2)/IN(0,2)/NOR-in(2,0)/NOR-in(2,1)/NOR-mid(1,0)|edges=0011000110000000000100000",-0.0162708729982841,-0.0493647543449374,6,circuit_log_max
5,0000000000010001010010100,"IN(0,2)/IN(0,2)/NOR-in(2,0)/NOR-out(2,1)/OUT-OR2(1,0)|edges=0011000110000000000100000",-0.0728908254465426,-0.0882906371885956,5,circuit_log_max
5,0000000000010011000111000,"IN(0,2)/IN(0,2)/NOR-in(2,0)/NOR-in(2,0)/NOR-in(2,2)|edges=0001100101000000000000110",-0.0890212906347017,-0.1457510601948675,11,circuit_log_max
5,0000000000010011000111000,"IN(0,2)/IN(0,2)/NOR-in(2,0)/NOR-in(2,0)/NOR-in(2,2)|edges=0010100011000000000000110",-0.1111729955436202,-0.1810527586994079,11,circuit_log_max
5,0000000001000010010010000,"IN(0,1)/NOR-mid(1,1)/NOR-out(2,1)/NOT-in(0,1)/OUT-NOT(1,0)|edges=0010000100000010100000000",0.255202611797272,0.2599608004199649,7,circuit_log_max
5,0000000001000010010010000,"IN(0,1)/NOR-in(1,1)/NOR-mid(0,1)/NOR-out(2,1)/OUT-NOT(1,0)|edges=0100000010000100000100000",0.2159371677710244,0.1889553457094345,8,circuit_log_max
5,0000000001000010010010000,"IN(0,1)/NOR-in(0,1)/NOR-mid(1,1)/NOR-out(2,1)/OUT-NOT(1,0)|edges=0001000100000100000100000",0.2111825514610245,0.2058967521926896,15,circuit_log_max
5,0000000001000010010010000,"NOR-in(0,1)/NOR-in(1,1)/NOR-mid(2,1)/NOR-out(1,0)/NOT-in(0,1)|edges=0100000100000100000000100",0.1291292778202665,0.1041661089450644,10,circuit_log_max
5,0000000001000010010010000,"IN(0,1)/NOR-in(0,1)/NOR-in(1,1)/NOR-in(2,1)/NOR-mid(1,0)|edges=0001000100000100000100000",0.1091745281399344,0.0624473009161894,6,circuit_log_max
5,0000000001000010010010000,"IN(0,1)/NOR-mid(0,1)/NOR-mid(1,1)/NOR-out(2,1)/OUT-NOT(1,0)|edges=0010000010000100000100000",0.1053239038267867,0.0718553107417594,24,circuit_log_max
5,0000000001000010010010000,"IN(0,1)/IN(0,1)/NOR-in(1,1)/NOR-in(2,1)/NOR-mid(1,0)|edges=0001000100000100000100000",0.1049328121218284,0.0630282426946594,19,circuit_log_max
5,0000000001000010010010000,"IN(0,1)/NOR-in(1,1)/NOR-in(2,1)/NOR-out(1,0)/NOT-in(0,1)|edges=0100000100000100000000100",0.0996365109666756,0.0855591986831158,5,circuit_log_max
5,0000000001000010010010000,"IN(0,1)/NOR-in(1,1)/NOR-in(2,1)/NOR-mid(1,0)/NOT-in(0,1)|edges=0010000100000100000001000",0.0931377512641666,0.0596843706231928,9,circuit_log_max
5,0000000001000010010010000,"IN(0,1)/NOR-in(1,1)/NOR-mid(2,1)/NOR-out(1,0)/NOT-in(0,1)|edges=0100000100000100000000100",0.0923082656619528,0.0866608331145536,16,circuit_log_max
5,0000000001000010010010000,"IN(0,1)/IN(0,1)/NOR-in(1,1)/NOR-in(2,1)/NOR-mid(1,0)|edges=0010000010000100000100000",0.0710812279516656,0.0341294049690187,12,circuit_log_max
5,0000000001000010010010000,"NOR-in(0,1)/NOR-in(0,1)/NOR-in(1,1)/NOR-mid(2,1)/NOR-out(1,0)|edges=0001000100000100000100000",0.0684195984659521,0.0396360203532898,5,circuit_log_max
5,0000000001000010010010000,"NOR-in(0,1)/NOR-mid(0,1)/NOR-mid(1,1)/NOR-out(2,1)/OUT-NOT(1,0)|edges=0010000010000100000100000",0.0643322456403883,0.0320051067753948,20,circuit_log_max
5,0000000001000010010010000,"IN(0,1)/IN(0,1)/NOR-in(1,1)/NOR-in(2,1)/NOR-out(1,0)|edges=0010000010000100000100000",0.0559318086411088,0.0729879823779038,7,circuit_log_max
5,0000000001000010010010000,"NOR-mid(0,1)/NOR-mid(1,1)/NOR-out(2,1)/NOT-in(0,1)/OUT-NOT(1,0)|edges=0010000100000010100000000",0.0451260151612798,0.0415970026540982,8,circuit_log_max
5,0000000001000010010010000,"IN(0,1)/IN(0,1)/NOR-in(1,0)/NOR-in(1,1)/NOR-in(2,1)|edges=0001000001000000000100100",0.0357633087943417,-0.0213008061788747,13,circuit_log_max
5,0000000001000010010010000,"IN(0,1)/NOR-in(0,1)/NOR-in(1,1)/NOR-mid(2,1)/NOR-out(1,0)|edges=0001000100000100000100000",0.0267552226351838,-0.0046201763521117,17,circuit_log_max
5,0000000001000010010010000,"IN(0,1)/IN(0,1)/NOR-in(1,0)/NOR-in(2,1)/NOT-in(1,1)|edges=0000100010000000010000010",0.024918628458867,0.0043287028149709,5,circuit_log_max
5,0000000001000010010010000,"IN(0,1)/NOR-in(0,1)/NOR-in(1,1)/NOR-in(2,1)/NOT-mid(1,0)|edges=0010000010000100000100000",0.0248640258467186,0.0048914384215296,6,circuit_log_max
5,0000000001000010010010000,"IN(0,1)/NOR-in(0,1)/NOR-mid(2,1)/NOR-out(1,0)/NOT-in(1,1)|edges=0000100100000100000000100",0.0163530392822242,0.0171774000023646,11,circuit_log_max
5,0000000001000010010010000,"IN(0,1)/IN(0,1)/NOR-in(1,0)/NOR-in(1,1)/NOR-in(2,1)|edges=0000100010000000000100100",0.0119921861852516,-0.028672174183541,6,circuit_log_max
5,0000000001000010010010000,"IN(0,1)/NOR-in(1,0)/NOR-in(1,1)/NOR-in(2,1)/NOT-in(0,1)|edges=0010000000000100100000010",0.0075576242415497,-0.0254311581417421,5,circuit_log_max
5,0000000001000010010010000,"IN(0,1)/NOR-in(1,1)/NOR-in(2,1)/NOR-mid(1,0)/NOT-in(0,1)|edges=0100000100000100000000100",0.0014386959879502,-0.0221532972026193,7,circuit_log_max
5,0000000001000010010010000,"IN(0,1)/NOR-in(1,1)/NOR-mid(2,1)/NOR-out(1,0)/NOT-in(0,1)|edges=0010000100000100000001000",0.0008624920232149,0.0279648055511069,19,circuit_log_max
5,0000000001000010010010000,"IN(0,1)/IN(0,1)/NOR-in(1,1)/NOR-mid(2,1)/NOR-out(1,0)|edges=0010000010000100000100000",-0.0017144200199377,0.0280299710719661,20,circuit_log_max
5,0000000001000010010010000,"IN(0,1)/NOR-in(0,1)/NOR-in(2,1)/NOR-mid(1,0)/NOT-in(1,1)|edges=0000100100000100000000100",-0.0024352949107841,-0.0292786537011662,7,circuit_log_max
5,0000000001000010010010000,"NOR-in(0,1)/NOR-in(0,1)/NOR-in(1,1)/NOR-mid(2,1)/NOR-out(1,0)|edges=0010000010000100000100000",-0.0054610461630752,-0.0588650786331026,8,circuit_log_max
5,0000000001000010010010000,"NOR-in(0,1)/NOR-mid(0,1)/NOR-out(2,1)/NOT-mid(1,1)/OUT-OR2(1,0)|edges=0001000100000010010000000",-0.0064838222487154,-0.0002944548195661,5,circuit_log_max
5,0000000001000010010010000,"IN(0,1)/IN(0,1)/NOR-in(2,1)/NOR-mid(1,0)/NOT-in(1,1)|edges=0010000001000100000000100",-0.0437634434302694,-0.0537618259676935,8,circuit_log_max
5,0000000001000010010010000,"NOR-in(0,1)/NOR-in(1,1)/NOR-mid(2,1)/NOR-out(1,0)/NOT-in(0,1)|edges=0010000100000100000001000",-0.0438731080301622,-0.0631159681975591,10,circuit_log_max
5,0000000001000010010010000,"IN(0,1)/NOR-in(2,1)/NOR-mid(1,0)/NOT-in(0,1)/NOT-in(1,1)|edges=0000100100000000100001000",-0.0445773345223985,-0.037212480032685,5,circuit_log_max
5,0000000001000010010010000,"IN(0,1)/IN(0,1)/NOR-in(2,1)/NOR-mid(1,0)/NOT-in(1,1)|edges=0000100100000100000000100",-0.0485009482392036,-0.0533375054439382,7,circuit_log_max
5,0000000001000010010010000,"IN(0,1)/NOR-in(0,1)/NOR-in(1,1)/NOR-mid(2,1)/NOR-out(1,0)|edges=0010000010000100000100000",-0.0558479118142332,-0.126823237532617,35,circuit_log_max
5,0000000001000010010010000,"IN(0,1)/IN(0,1)/NOR-in(1,1)/NOR-mid(2,1)/NOR-out(1,0)|edges=0001000100000100000100000",-0.0630539983917188,-0.0905529109184142,6,circuit_log_max
5,0000000001000010010010000,"IN(0,1)/NOR-mid(1,1)/NOR-out(2,1)/NOT-mid(0,1)/OUT-OR2(1,0)|edges=0100000100000010010000000",-0.0647305236783796,-0.0452392632511557,10,circuit_log_max
5,0000000001000010010010000,"IN(0,1)/NOR-in(1,1)/NOR-mid(2,1)/NOT-in(0,1)/OUT-OR2(1,0)|edges=0010000100000010100000000",-0.0914054361995057,-0.0700603261512606,5,circuit_log_max
5,0000000001000010010010000,"IN(0,1)/NOR-in(0,1)/NOR-in(1,1)/NOR-in(2,1)/NOR-mid(1,0)|edges=0010000010000100000100000",-0.0915907617631641,-0.1580629242137162,12,circuit_log_max
5,0000000001000010010010000,"IN(0,1)/NOR-in(0,1)/NOR-out(2,1)/NOT-mid(1,1)/OUT-OR2(1,0)|edges=0010000010000010010000000",-0.0955801315197195,-0.1009571445043341,6,circuit_log_max
5,0000000001000010010010000,"IN(0,1)/NOR-mid(0,1)/NOR-mid(1,1)/NOR-out(2,1)/OUT-OR2(1,0)|edges=0010000010000100000100000",-0.0956533221257849,-0.1361703039352566,11,circuit_log_max
5,0000000001000010010010000,"NOR-in(0,1)/NOR-mid(1,1)/NOR-out(2,1)/NOT-mid(0,1)/OUT-OR2(1,0)|edges=0100000100000010010000000",-0.1171918744173599,-0.1079800395694183,9,circuit_log_max
5,0000000001000010010010000,"IN(0,1)/IN(0,1)/NOR-out(2,1)/NOT-mid(1,1)/OUT-OR2(1,0)|edges=0010000010000010010000000",-0.1254486629140825,-0.1174289766619566,7,circuit_log_max
5,0000000001000010010010000,"IN(0,1)/NOR-mid(0,1)/NOR-out(2,1)/NOT-mid(1,1)/OUT-OR2(1,0)|edges=0001000100000010010000000",-0.1255152459031293,-0.1161067764763043,9,circuit_log_max
5,0000000001000010010010000,"IN(0,1)/IN(0,1)/NOR-in(1,1)/NOR-mid(2,1)/OUT-OR2(1,0)|edges=0010000010000100000100000",-0.1294678483521898,-0.1025684223295549,5,circuit_log_max
5,0000000001000010010010000,"IN(0,1)/NOR-mid(1,1)/NOR-out(2,1)/NOT-in(0,1)/OUT-OR2(1,0)|edges=0010000100000010100000000",-0.1381031387472324,-0.0825062188801438,12,circuit_log_max
5,0000000001000010010010000,"IN(0,1)/NOR-in(0,1)/NOR-mid(1,1)/NOR-out(2,1)/OUT-OR2(1,0)|edges=0001000100000100000100000",-0.1398622902788755,-0.1867724190496309,36,circuit_log_max
5,0000000001000010010010000,"IN(0,1)/IN(0,1)/NOR-mid(1,1)/NOR-out(2,1)/OUT-OR2(1,0)|edges=0010000010000100000100000",-0.143891310387984,-0.1128512698800887,14,circuit_log_max
5,0000000001000010010010000,"IN(0,1)/IN(0,1)/NOR-mid(2,1)/NOR-out(1,0)/NOT-in(1,1)|edges=0000100100000100000000100",-0.1566039111377691,-0.0983417704743595,5,circuit_log_max
5,0000000001000010010010000,"IN(0,1)/NOR-out(2,1)/NOT-in(0,1)/NOT-mid(1,1)/OUT-OR2(1,0)|edges=0100000001000100100000000",-0.1679852914672923,-0.1255073705841898,7,circuit_log_max
5,0000000001000010010010000,"NOR-in(0,1)/NOR-mid(0,1)/NOR-mid(1,1)/NOR-out(2,1)/OUT-OR2(1,0)|edges=0010000010000100000100000",-0.1998993444473175,-0.2625466499383372,8,circuit_log_max
5,0000000001000010010010000,"IN(0,1)/IN(0,1)/NOR-mid(1,1)/NOR-out(2,1)/OUT-OR2(1,0)|edges=0001000100000100000100000",-0.2426614432605117,-0.1934381157311076,14,circuit_log_max
5,0000000001000010110010000,"IN(0,2)/NOR-in(1,1)/NOR-in(1,1)/NOR-mid(2,1)/NOR-out(1,0)|edges=0110000010000100000100000",0.0432946751296067,0.0357349352062034,5,circuit_log_max
5,0000000001000010110010000,"NOR-in(0,2)/NOR-in(1,1)/NOR-in(1,1)/NOR-mid(2,1)/NOR-out(1,0)|edges=0110000010000100000100000",-0.0723430234768953,-0.1315376762412773,13,circuit_log_max
5,0000000001000010110010000,"NOR-in(0,2)/NOR-in(1,1)/NOR-in(1,1)/NOR-in(2,1)/NOR-mid(1,0)|edges=0110000010000100000100000",-0.094455764469049,-0.1537940867207664,6,circuit_log_max
5,0000000001000011000000010,"IN(0,1)/IN(0,1)/NOR-in(2,1)/NOR-out(1,1)/OUT-NOT(1,0)|edges=0010000100000100000100000",0.1913563835281078,0.1704245759448042,5,circuit_log_max
5,0000000001000011000000010,"NOR-in(0,1)/NOR-mid(2,1)/NOR-out(1,1)/NOT-in(0,1)/OUT-NOT(1,0)|edges=0100000100000010100000000",0.1837244744823586,0.1613801893613618,11,circuit_log_max
5,0000000001000011000000010,"IN(0,1)/NOR-mid(2,1)/NOR-out(1,1)/NOT-in(0,1)/OUT-NOT(1,0)|edges=0100000100000010100000000",0.170955334707955,0.1787169773184967,6,circuit_log_max
5,0000000001000011000000010,"IN(0,1)/NOR-in(0,1)/NOR-mid(2,1)/NOR-out(1,1)/OUT-NOT(1,0)|edges=0010000100000100000100000",0.1642946747234968,0.1418238089130661,19,circuit_log_max
5,0000000001000011000000010,"NOR-in(0,1)/NOR-in(0,1)/NOR-mid(2,1)/NOR-out(1,1)/OUT-NOT(1,0)|edges=0010000100000100000100000",0.1565656026533599,0.1441871514465959,14,circuit_log_max
5,0000000001000011000000010,"IN(0,1)/NOR-in(1,1)/NOR-in(2,1)/NOR-mid(1,0)/NOT-in(0,1)|edges=0010000010010000000000100",0.1552524929605094,0.1151831130125104,8,circuit_log_max
5,0000000001000011000000010,"IN(0,1)/IN(0,1)/NOR-mid(2,1)/NOR-out(1,1)/OUT-NOT(1,0)|edges=0010000100000100000100000",0.1217234015590665,0.095964600513641,11,circuit_log_max
5,0000000001000011000000010,"IN(0,1)/NOR-in(0,1)/NOR-in(2,1)/NOR-mid(1,1)/NOR-out(1,0)|edges=0010000100000100000100000",0.1131942838473976,0.053803278322114,23,circuit_log_max
5,0000000001000011000000010,"IN(0,1)/IN(0,1)/NOR-in(1,1)/NOR-in(2,1)/NOR-out(1,0)|edges=0001000010000010010000000",0.0932960409629705,0.103934409610475,8,circuit_log_max
5,0000000001000011000000010,"IN(0,1)/IN(0,1)/NOR-in(1,1)/NOR-in(2,1)/NOT-in(1,0)|edges=0001000010000010010000000",0.0603282912059305,0.0426957966546091,6,circuit_log_max
5,0000000001000011000000010,"IN(0,1)/NOR-in(2,1)/NOR-mid(1,1)/NOR-out(1,0)/NOT-in(0,1)|edges=0100000100000100000001000",0.0558828550649682,0.0464391596317991,14,circuit_log_max
5,0000000001000011000000010,"IN(0,1)/IN(0,1)/NOR-in(1,0)/NOR-in(1,1)/NOR-in(2,1)|edges=0000100001000000010000010",0.0459978614398106,-0.0218022691119423,16,circuit_log_max
5,0000000001000011000000010,"IN(0,1)/IN(0,1)/NOR-in(1,1)/NOR-in(2,1)/NOR-mid(1,0)|edges=0001000010000010010000000",0.0354688640393184,0.0035495431080438,16,circuit_log_max
5,0000000001000011000000010,"IN(0,1)/NOR-in(0,1)/NOR-in(1,1)/NOR-in(2,1)/NOR-mid(1,0)|edges=0001000010000010010000000",0.0319230773091292,-0.0172873438894284,6,circuit_log_max
5,0000000001000011000000010,"NOR-in(0,1)/NOR-in(0,1)/NOR-in(2,1)/NOR-out(1,0)/NOT-mid(1,1)|edges=0010000100000010000000010",0.025085851731583,0.006083725920896,5,circuit_log_max
5,0000000001000011000000010,"IN(0,1)/IN(0,1)/NOR-in(2,1)/NOR-mid(1,1)/NOR-out(1,0)|edges=0010000100000100000100000",0.0166175942169223,-0.0132633063025807,20,circuit_log_max
5,0000000001000011000000010,"IN(0,1)/IN(0,1)/NOR-mid(2,1)/NOR-out(1,1)/OUT-OR2(1,0)|edges=0010000100000100000100000",0.0121744799188806,0.000175350992314,13,circuit_log_max
5,0000000001000011000000010,"NOR-in(0,1)/NOR-mid(2,1)/NOR-out(1,1)/NOT-in(0,1)/OUT-OR2(1,0)|edges=0100000100000010100000000",-0.004980897517663,-0.0086502358054346,5,circuit_log_max
5,0000000001000011000000010,"IN(0,1)/IN(0,1)/NOR-in(2,1)/NOR-out(1,1)/OUT-OR2(1,0)|edges=0010000100000100000100000",-0.0071812019627009,-0.0169937832870416,5,circuit_log_max
5,0000000001000011000000010,"NOR-in(2,1)/NOR-mid(1,1)/NOR-out(1,0)/NOT-in(0,1)/NOT-in(0,1)|edges=0100000100000001000010000",-0.0096113116467614,-0.0100648868491478,6,circuit_log_max
5,0000000001000011000000010,"IN(0,1)/IN(0,1)/NOR-in(1,1)/NOR-in(2,1)/NOT-mid(1,0)|edges=0001000010000010010000000",-0.0255060719441876,-0.0165364641137554,9,circuit_log_max
5,0000000001000011000000010,"NOR-in(0,1)/NOR-in(2,1)/NOR-mid(1,1)/NOR-out(1,0)/NOT-in(0,1)|edges=0100000100000100000001000",-0.0323828160116081,-0.0729792326493633,5,circuit_log_max
5,0000000001000011000000010,"NOR-in(0,1)/NOR-in(0,1)/NOR-in(2,1)/NOR-mid(1,1)/NOR-out(1,0)|edges=0010000100000100000100000",-0.0425338054468565,-0.0975237568917772,11,circuit_log_max
5,0000000001000011000000010,"IN(0,1)/NOR-in(0,1)/NOR-in(2,1)/NOR-out(1,0)/NOT-mid(1,1)|edges=0010000100000010000000010",-0.0480513102371744,-0.0343672050798638,5,circuit_log_max
5,0000000001000011000000010,"IN(0,1)/NOR-in(0,1)/NOR-mid(2,1)/NOR-out(1,1)/OUT-OR2(1,0)|edges=0010000100000100000100000",-0.1707503701619587,-0.155064658016297,19,circuit_log_max
5,0000000001000011000000010,"NOR-in(0,1)/NOR-in(0,1)/NOR-mid(2,1)/NOR-out(1,1)/OUT-OR2(1,0)|edges=0010000100000100000100000",-0.174565671947226,-0.2499447026142117,14,circuit_log_max
5,0000000001000011000000010,"IN(0,1)/NOR-mid(2,1)/NOR-out(1,1)/NOT-in(0,1)/OUT-OR2(1,0)|edges=0100000100000010100000000",-0.2136212352827809,-0.1684089617153926,6,circuit_log_max
5,0000000001000011000010000,"IN(0,1)/NOR-in(0,1)/NOR-in(2,1)/NOR-mid(2,0)/NOT-in(0,1)|edges=0010000100000100000000010",0.1627166611285099,0.1344594791506096,5,circuit_log_max
5,0000000001000011000010000,"IN(0,1)/NOR-in(0,1)/NOR-mid(2,1)/NOR-out(2,0)/NOT-in(0,1)|edges=0001000100000100000000100",0.1254963567146518,0.1150846890480572,5,circuit_log_max
5,0000000001000011000010000,"IN(0,1)/IN(0,1)/IN(0,1)/NOR-in(2,0)/NOR-in(2,1)|edges=0000100001000100000000010",0.0599142270251309,0.0442735344635721,19,circuit_log_max
5,0000000001000011000010000,"IN(0,1)/IN(0,1)/NOR-mid(0,1)/NOR-mid(2,1)/NOR-out(2,0)|edges=0001000010000010000100000",0.0545970701770991,-0.0001403556666365,19,circuit_log_max
5,0000000001000011000010000,"IN(0,1)/NOR-in(0,1)/NOR-in(0,1)/NOR-mid(2,1)/NOR-out(2,0)|edges=0000100010000100000100000",0.0434569434977019,0.0140023692313528,11,circuit_log_max
5,0000000001000011000010000,"IN(0,1)/IN(0,1)/NOR-in(0,1)/NOR-in(2,1)/NOR-mid(2,0)|edges=0001000010000010000100000",0.0355826863314267,0.0067303669880545,12,circuit_log_max
5,0000000001000011000010000,"NOR-in(0,1)/NOR-mid(0,1)/NOR-mid(2,1)/NOR-out(2,0)/NOT-in(0,1)|edges=0010000010000100000000100",0.0250786166519416,0.014131928595499,5,circuit_log_max
5,0000000001000011000010000,"IN(0,1)/IN(0,1)/NOR-in(0,1)/NOR-mid(2,1)/NOR-out(2,0)|edges=0001000001000100000100000",0.0141678708000713,0.0247628614208247,9,circuit_log_max
5,0000000001000011000010000,"IN(0,1)/IN(0,1)/IN(0,1)/NOR-in(2,0)/NOR-in(2,1)|edges=0001000001000010000000010",0.0067864444178552,0.0001630400622007,12,circuit_log_max
5,0000000001000011000010000,"IN(0,1)/NOR-in(0,1)/NOR-mid(0,1)/NOR-mid(2,1)/NOR-out(2,0)|edges=0001000010000010000100000",0.0017308577123377,-0.0178760755023281,12,circuit_log_max
5,0000000001000011000010000,"IN(0,1)/NOR-in(0,1)/NOR-in(0,1)/NOR-in(2,1)/NOR-mid(2,0)|edges=0001000010000010000100000",-0.0001461298353153,-0.0422632897566443,5,circuit_log_max
5,0000000001000011000010000,"IN(0,1)/IN(0,1)/NOR-in(2,1)/NOR-mid(2,0)/NOT-in(0,1)|edges=0010000100000100000000010",-0.0151246858500458,0.0074423533321885,5,circuit_log_max
5,0000000001000011000010000,"IN(0,1)/IN(0,1)/IN(0,1)/NOR-in(2,0)/NOR-in(2,1)|edges=0000100010000010000000010",-0.0199983414177574,-0.0593428225864604,8,circuit_log_max
5,0000000001000011000010000,"IN(0,1)/IN(0,1)/NOR-mid(2,1)/NOR-out(2,0)/NOT-mid(0,1)|edges=0010000100000100000000010",-0.0210694357849899,-0.0103571677447131,5,circuit_log_max
5,0000000001000011000010000,"IN(0,1)/IN(0,1)/NOR-in(2,1)/NOR-mid(2,0)/NOT-in(0,1)|edges=0010000010000100000000100",-0.0241531511359117,0.0090761072453893,6,circuit_log_max
5,0000000001000011000010000,"IN(0,1)/IN(0,1)/NOR-in(0,1)/NOR-in(2,0)/NOR-in(2,1)|edges=0000100001000100000000010",-0.0282938194157903,-0.070392493521325,8,circuit_log_max
5,0000000001000011000010000,"IN(0,1)/NOR-in(0,1)/NOR-in(2,1)/NOR-mid(2,0)/NOT-in(0,1)|edges=0010000010000100000000100",-0.0357611263699406,-0.0479257517263473,5,circuit_log_max
5,0000000001000011000010000,"IN(0,1)/IN(0,1)/NOR-in(0,1)/NOR-mid(2,1)/NOR-out(2,0)|edges=0000100010000100000100000",-0.0415057705589154,-0.0499718280500072,7,circuit_log_max
5,0000000001000011000010000,"IN(0,1)/IN(0,1)/NOR-in(2,1)/NOR-out(0,1)/OUT-OR2(2,0)|edges=0010000100000010000100000",-0.0722769573971695,-0.0591446022627471,15,circuit_log_max
5,0000000001000011000010000,"NOR-in(0,1)/NOR-in(0,1)/NOR-mid(0,1)/NOR-mid(2,1)/NOR-out(2,0)|edges=0001000010000010000100000",-0.1430919382395833,-0.2093938106086423,10,circuit_log_max
5,0000000001000011000010000,"IN(0,1)/NOR-mid(0,1)/NOR-out(2,1)/NOT-out(0,1)/OUT-OR2(2,0)|edges=0010000100000010000100000",-0.145770880421047,-0.1098033616174619,5,circuit_log_max
5,0000000001000011000010000,"NOR-mid(0,1)/NOR-out(0,1)/NOR-out(2,1)/NOT-mid(0,1)/OUT-OR2(2,0)|edges=0010000001000010010000000",-0.1760903917331957,-0.1831313740275784,7,circuit_log_max
5,0000000001000011000010000,"IN(0,1)/NOR-out(0,1)/NOR-out(2,1)/NOT-mid(0,1)/OUT-OR2(2,0)|edges=0010000001000010010000000",-0.193628459207049,-0.1796465487889612,13,circuit_log_max
5,0000000001000011000010000,"IN(0,1)/NOR-in(0,1)/NOR-out(0,1)/NOR-out(2,1)/OUT-OR2(2,0)|edges=0001000010000010000100000",-0.2029966765081689,-0.2557293759188562,5,circuit_log_max
5,0000000001000011000010000,"IN(0,1)/IN(0,1)/NOR-out(0,1)/NOR-out(2,1)/OUT-OR2(2,0)|edges=0001000010000010000100000",-0.2587911500757148,-0.2398343830674513,24,circuit_log_max
5,0000000001000011000010000,"IN(0,1)/NOR-mid(0,1)/NOR-out(0,1)/NOR-out(2,1)/OUT-OR2(2,0)|edges=0001000010000010000100000",-0.2872273675290845,-0.2768259077473662,21,circuit_log_max
5,0000000001000011000010010,"IN(0,1)/IN(0,1)/NOR-in(1,1)/NOR-in(2,0)/NOR-in(2,2)|edges=0000100001000100000000110",0.1165615288352385,0.1043747339854736,6,circuit_log_max
5,0000000001000011000010010,"IN(0,1)/IN(0,1)/NOR-in(1,1)/NOR-in(2,2)/NOR-mid(2,0)|edges=0001000010000010010100000",-0.002837457897833,-0.0047136360180545,8,circuit_log_max
5,0000000001000011000010010,"IN(0,1)/NOR-in(0,1)/NOR-mid(2,2)/NOR-out(1,1)/OUT-OR2(2,0)|edges=0010000100000110000100000",-0.1313069643835055,-0.106033824470071,8,circuit_log_max
5,0000000001000011010010000,"IN(0,1)/IN(0,2)/NOR-in(1,1)/NOR-in(2,0)/NOR-in(2,1)|edges=0000100110000010000000010",0.0501757907517783,0.0154246293068544,6,circuit_log_max
5,0000000001000011010010000,"IN(0,1)/IN(0,2)/NOR-in(1,1)/NOR-in(2,1)/NOR-mid(2,0)|edges=0001000101000100000100000",0.0349752560513318,0.0299259223456526,5,circuit_log_max
5,0000000001000011010010000,"IN(0,2)/NOR-in(0,1)/NOR-in(1,1)/NOR-mid(2,1)/NOR-out(2,0)|edges=0010100010000100000100000",0.0022645818102946,-0.0197324806990294,10,circuit_log_max
5,0000000001000011010010000,"IN(0,2)/NOR-in(0,1)/NOR-in(1,1)/NOR-in(2,1)/NOR-mid(2,0)|edges=0010100010000100000100000",-0.0480563726733555,-0.0783626507691555,5,circuit_log_max
5,0000000001000011010010000,"IN(0,1)/IN(0,2)/NOR-in(1,1)/NOR-mid(2,1)/NOR-out(2,0)|edges=0001000101000100000100000",-0.2310768217181193,-0.1887840061941805,12,circuit_log_max
5,0000000001000100100010000,"NOR-in(0,1)/NOR-mid(1,1)/NOR-out(1,1)/NOT-in(1,1)/OUT-NOT(1,0)|edges=0001000100000010100000000",0.3421634906538325,0.3142584103866109,13,circuit_log_max
5,0000000001000100100010000,"NOR-in(0,1)/NOR-in(1,1)/NOR-mid(1,1)/NOR-out(1,0)/NOT-in(1,1)|edges=0100000001000100000000100",0.2283023481838632,0.1974549117516142,9,circuit_log_max
5,0000000001000100100010000,"IN(0,1)/NOR-in(1,1)/NOR-mid(1,1)/NOR-out(1,1)/OUT-NOT(1,0)|edges=0100000100000100000100000",0.2247396672443685,0.2036824246816237,38,circuit_log_max
5,0000000001000100100010000,"NOR-in(0,1)/NOR-in(1,1)/NOR-mid(1,1)/NOR-out(1,1)/OUT-NOT(1,0)|edges=0100000100000100000100000",0.2233822240117943,0.1649880537627141,34,circuit_log_max
5,0000000001000100100010000,"IN(0,1)/NOR-in(1,1)/NOR-mid(1,1)/NOR-out(1,0)/NOT-in(1,1)|edges=0100000001000100000000100",0.1909520608787035,0.188466315031688,11,circuit_log_max
5,0000000001000100100010000,"IN(0,1)/NOR-in(1,1)/NOR-in(1,1)/NOR-mid(1,0)/NOT-in(1,1)|edges=0100000100000010000000010",0.1519169213320084,0.1259952861487569,6,circuit_log_max
5,0000000001000100100010000,"NOR-in(1,1)/NOR-mid(1,1)/NOR-out(1,1)/NOT-in(0,1)/OUT-NOT(1,0)|edges=0100000100000011000000000",0.114112308728886,0.119328195498163,13,circuit_log_max
5,0000000001000100100010000,"NOR-in(1,1)/NOR-in(1,1)/NOR-mid(1,1)/NOR-out(1,0)/NOT-in(0,1)|edges=0100000100000100000010000",0.1017396977855548,0.0696210665277352,8,circuit_log_max
5,0000000001000100100010000,"IN(0,1)/NOR-in(1,1)/NOR-in(1,1)/NOR-mid(1,1)/NOR-out(1,0)|edges=0010000010010000000100000",0.0926861910860342,0.0456333158492459,11,circuit_log_max
5,0000000001000100100010000,"IN(0,1)/NOR-mid(1,1)/NOR-out(1,1)/NOT-in(1,1)/OUT-NOT(1,0)|edges=0001000100000010100000000",0.0901361882232581,0.0950700841320806,9,circuit_log_max
5,0000000001000100100010000,"IN(0,1)/NOR-in(1,1)/NOR-in(1,1)/NOR-out(1,1)/OUT-NOT(1,0)|edges=0100000100000100000100000",0.0816274981997137,0.0763409327235615,5,circuit_log_max
5,0000000001000100100010000,"IN(0,1)/NOR-in(1,1)/NOR-in(1,1)/NOT-in(1,1)/NOT-mid(1,0)|edges=0001000100000010100000000",0.0655740663822101,0.0491510718258287,5,circuit_log_max
5,0000000001000100100010000,"IN(0,1)/NOR-in(1,1)/NOR-in(1,1)/NOR-mid(1,1)/OUT-OR2(1,0)|edges=0100000100000100000100000",0.0637053885987233,0.0422174724212925,5,circuit_log_max
5,0000000001000100100010000,"NOR-in(0,1)/NOR-in(1,1)/NOR-mid(1,1)/NOR-out(1,0)/NOT-in(1,1)|edges=0000100100000100000001000",0.0626301791846127,0.0406375926219986,5,circuit_log_max
5,0000000001000100100010000,"IN(0,1)/NOR-in(1,1)/NOR-in(1,1)/NOR-mid(1,0)/NOT-in(1,1)|edges=0000100100000100000001000",0.059052457580641,0.0161621753333876,9,circuit_log_max
5,0000000001000100100010000,"NOR-in(1,1)/NOR-mid(1,1)/NOR-out(1,0)/NOT-in(0,1)/NOT-in(1,1)|edges=0100000100000000000110000",0.0540929019015554,0.0857980456127406,5,circuit_log_max
5,0000000001000100100010000,"IN(0,1)/NOR-in(1,0)/NOR-in(1,1)/NOR-in(1,1)/NOR-in(1,1)|edges=0010000000000100000101000",0.0534191882948484,-0.0098461011382951,9,circuit_log_max
5,0000000001000100100010000,"NOR-in(1,1)/NOR-in(1,1)/NOR-out(1,0)/NOT-in(0,1)/NOT-mid(1,1)|edges=0100000001000001000000100",0.044025814200993,0.0364407079376121,5,circuit_log_max
5,0000000001000100100010000,"NOR-in(1,1)/NOR-in(1,1)/NOR-mid(1,1)/NOR-out(1,0)/NOT-in(0,1)|edges=0010010000000100000001000",0.0422874399891209,0.0224827692485774,7,circuit_log_max
5,0000000001000100100010000,"NOR-in(0,1)/NOR-in(1,1)/NOR-in(1,1)/NOR-mid(1,1)/NOR-out(1,0)|edges=0010000010010000000100000",0.0350717191711396,-0.0123059006249459,5,circuit_log_max
5,0000000001000100100010000,"IN(0,1)/NOR-in(1,1)/NOR-out(1,1)/NOT-in(1,1)/OUT-OR2(1,0)|edges=0001000100000010100000000",0.0279463172547788,0.0154105529326458,8,circuit_log_max
5,0000000001000100100010000,"NOR-in(0,1)/NOR-in(1,1)/NOR-in(1,1)/NOR-out(1,0)/NOT-mid(1,1)|edges=0100000100000010000000010",0.0109726998775907,-0.0186279902155456,5,circuit_log_max
5,0000000001000100100010000,"IN(0,1)/NOR-in(1,1)/NOR-mid(1,1)/NOT-out(1,1)/OUT-OR2(1,0)|edges=0100000100000100000100000",0.0075905968783898,0.0032743697075398,6,circuit_log_max
5,0000000001000100100010000,"IN(0,1)/NOR-in(1,1)/NOR-in(1,1)/NOR-in(1,1)/NOT-mid(1,0)|edges=0100000100000100000100000",0.0006427544707961,-0.0253742623995488,5,circuit_log_max
5,0000000001000100100010000,"IN(0,1)/NOR-in(1,1)/NOR-in(1,1)/NOR-in(1,1)/NOR-mid(1,0)|edges=0100000100000100000100000",-0.0149312598940364,-0.1034508328130522,22,circuit_log_max
5,0000000001000100100010000,"NOR-in(1,1)/NOR-mid(1,1)/NOR-out(1,1)/NOT-in(0,1)/OUT-OR2(1,0)|edges=0100000100000011000000000",-0.0374601577429662,-0.0473492858395539,20,circuit_log_max
5,0000000001000100100010000,"NOR-in(0,1)/NOR-in(1,1)/NOR-in(1,1)/NOR-mid(1,1)/NOR-out(1,0)|edges=0100000100000100000100000",-0.0383456309668753,-0.1256189916477192,18,circuit_log_max
5,0000000001000100100010000,"IN(0,1)/NOR-in(1,1)/NOR-out(1,1)/NOT-mid(1,1)/OUT-OR2(1,0)|edges=0100000010000010010000000",-0.0434886523325139,-0.031997867027017,9,circuit_log_max
5,0000000001000100100010000,"NOR-in(0,1)/NOR-in(1,1)/NOR-out(1,1)/NOT-mid(1,1)/OUT-OR2(1,0)|edges=0100000010000010010000000",-0.0577986920340815,-0.0724927523203481,10,circuit_log_max
5,0000000001000100100010000,"IN(0,1)/NOR-in(1,1)/NOR-out(1,0)/NOT-in(1,1)/NOT-mid(1,1)|edges=0001000001000000100000100",-0.060033941375118,-0.0508541848911701,7,circuit_log_max
5,0000000001000100100010000,"IN(0,1)/NOR-in(1,1)/NOR-in(1,1)/NOR-out(1,0)/NOT-mid(1,1)|edges=0100000100000010000000010",-0.0737957915297065,-0.0686000368532072,10,circuit_log_max
5,0000000001000100100010000,"NOR-in(1,1)/NOR-out(1,1)/NOT-in(0,1)/NOT-mid(1,1)/OUT-OR2(1,0)|edges=0001000001100000100000000",-0.0959973068069586,-0.086113144337869,6,circuit_log_max
5,0000000001000100100010000,"IN(0,1)/NOR-in(1,1)/NOR-in(1,1)/NOR-out(1,1)/OUT-OR2(1,0)|edges=0100000100000100000100000",-0.1021487267766847,-0.1488589368305691,11,circuit_log_max
5,0000000001000100100010000,"IN(0,1)/NOR-in(1,1)/NOR-in(1,1)/NOR-in(1,1)/NOR-out(1,0)|edges=0100000100000100000100000",-0.1118685969092168,-0.1542932569901717,5,circuit_log_max
5,0000000001000100100010000,"IN(0,1)/NOR-in(1,1)/NOR-mid(1,1)/NOR-out(1,0)/NOT-in(1,1)|edges=0000100100000100000001000",-0.1152773127865831,-0.1249424795566402,22,circuit_log_max
5,0000000001000100100010000,"IN(0,1)/NOR-in(1,1)/NOR-in(1,1)/NOR-mid(1,1)/NOR-out(1,0)|edges=0100000100000100000100000",-0.116588909146413,-0.2112959003279649,62,circuit_log_max
5,0000000001000100100010000,"IN(0,1)/NOR-mid(1,1)/NOR-out(1,1)/NOT-in(1,1)/OUT-OR2(1,0)|edges=0001000100000010100000000",-0.2077305938677232,-0.1489666875825157,16,circuit_log_max
5,0000000001000100100010000,"NOR-in(0,1)/NOR-in(1,1)/NOR-mid(1,1)/NOR-out(1,1)/OUT-OR2(1,0)|edges=0100000100000100000100000",-0.2580025500583673,-0.3387693011412255,43,circuit_log_max
5,0000000001000100100010000,"IN(0,1)/NOR-in(1,1)/NOR-mid(1,1)/NOR-out(1,1)/OUT-OR2(1,0)|edges=0100000100000100000100000",-0.2767308996363576,-0.3278537361846684,53,circuit_log_max
5,0000000001000100100110000,"IN(0,1)/NOR-in(1,2)/NOR-mid(1,1)/NOR-out(2,1)/OUT-NOT(1,0)|edges=0100000110000100000100000",0.17058187877596,0.1706294956204818,5,circuit_log_max
5,0000000001000100100110000,"IN(0,1)/NOR-in(1,1)/NOR-in(1,2)/NOR-mid(2,1)/NOR-out(1,0)|edges=0010000010010100000100000",0.0053095114416204,-0.035648096554686,12,circuit_log_max
5,0000000001000100100110000,"NOR-in(0,1)/NOR-in(1,2)/NOR-mid(1,1)/NOR-out(2,1)/OUT-OR2(1,0)|edges=0100000110000100000100000",-0.0242643786107226,-0.0635777279648076,6,circuit_log_max
5,0000000001000100100110000,"NOR-in(0,1)/NOR-in(1,1)/NOR-in(1,2)/NOR-mid(2,1)/NOR-out(1,0)|edges=0010000010010100000100000",-0.0310170730565177,-0.071677917669738,5,circuit_log_max
5,0000000001000100100110000,"IN(0,1)/NOR-in(1,2)/NOR-mid(1,1)/NOR-out(2,1)/OUT-OR2(1,0)|edges=0100000110000100000100000",-0.0459263796649733,-0.0441191021633693,5,circuit_log_max
5,0000000001000101000010000,"IN(0,1)/NOR-in(0,1)/NOR-in(1,1)/NOR-mid(2,0)/NOT-in(1,1)|edges=0010000001000100000000010",0.1705786534982424,0.1503916477436399,5,circuit_log_max
5,0000000001000101000010000,"IN(0,1)/IN(0,1)/NOR-mid(1,1)/NOR-mid(1,1)/NOR-out(2,0)|edges=0001000100000010000100000",0.1010952515492234,0.0854169179860537,8,circuit_log_max
5,0000000001000101000010000,"IN(0,1)/NOR-mid(1,1)/NOR-mid(1,1)/NOR-out(2,0)/NOT-in(0,1)|edges=0010000010000100000001000",0.078353822601296,0.0708947268970837,5,circuit_log_max
5,0000000001000101000010000,"IN(0,1)/IN(0,1)/NOR-in(1,1)/NOR-mid(2,0)/NOT-in(1,1)|edges=0000100100000100000000010",0.0736695142817268,0.0806980711389069,7,circuit_log_max
5,0000000001000101000010000,"IN(0,1)/NOR-in(0,1)/NOR-in(1,1)/NOR-in(1,1)/NOR-mid(2,0)|edges=0001000100000010000100000",0.0708524654539987,0.035562350197239,5,circuit_log_max
5,0000000001000101000010000,"IN(0,1)/NOR-in(0,1)/NOR-in(1,1)/NOR-in(1,1)/NOR-mid(2,0)|edges=0010000010000010000100000",0.0578660121366586,0.0111149133413281,7,circuit_log_max
5,0000000001000101000010000,"IN(0,1)/IN(0,1)/NOR-in(1,1)/NOR-mid(2,0)/NOT-in(1,1)|edges=0010000001000100000000010",0.0130434266729025,0.0062843921415072,8,circuit_log_max
5,0000000001000101000010000,"IN(0,1)/IN(0,1)/NOR-mid(1,1)/NOR-mid(1,1)/NOR-out(2,0)|edges=0010000010000010000100000",0.0106648119880655,0.005749992780511,7,circuit_log_max
5,0000000001000101000010000,"IN(0,1)/IN(0,1)/NOR-in(1,1)/NOR-in(2,0)/NOT-in(1,1)|edges=0010000001000100000000010",0.0050523968364517,-0.0281943332423104,7,circuit_log_max
5,0000000001000101000010000,"NOR-in(0,1)/NOR-in(0,1)/NOR-mid(1,1)/NOR-mid(1,1)/NOR-out(2,0)|edges=0010000010000010000100000",-0.0030414899997949,-0.0447120861940729,5,circuit_log_max
5,0000000001000101000010000,"IN(0,1)/IN(0,1)/NOR-in(1,1)/NOR-in(1,1)/NOR-mid(2,0)|edges=0010000010000010000100000",-0.0086771711393924,-0.0520832119365321,15,circuit_log_max
5,0000000001000101000010000,"IN(0,1)/NOR-in(0,1)/NOR-mid(1,1)/NOR-out(2,0)/NOT-mid(1,1)|edges=0010000001000100000000010",-0.0089097151093965,-0.0092799249936424,5,circuit_log_max
5,0000000001000101000010000,"IN(0,1)/NOR-in(0,1)/NOR-mid(1,1)/NOR-mid(1,1)/NOR-out(2,0)|edges=0010000010000010000100000",-0.0161389924755752,-0.0814664159891465,26,circuit_log_max
5,0000000001000101000010000,"IN(0,1)/NOR-in(0,1)/NOR-mid(1,1)/NOR-mid(1,1)/NOR-out(2,0)|edges=0001000100000010000100000",-0.0273089644232729,-0.0568952316888043,7,circuit_log_max
5,0000000001000101000010000,"IN(0,1)/IN(0,1)/NOR-in(1,1)/NOR-in(1,1)/NOR-mid(2,0)|edges=0001000100000010000100000",-0.0295460035441067,-0.0615593961219745,17,circuit_log_max
5,0000000001000101000010000,"IN(0,1)/NOR-in(1,1)/NOR-in(1,1)/NOR-mid(2,0)/NOT-in(0,1)|edges=0100000010000100000000100",-0.0314463145204296,-0.0566594310168641,6,circuit_log_max
5,0000000001000101000010000,"IN(0,1)/IN(0,1)/NOR-in(2,0)/NOT-in(1,1)/NOT-in(1,1)|edges=0000100010000000010000100",-0.0352034429751813,-0.0199629708953473,5,circuit_log_max
5,0000000001000101000010000,"NOR-in(0,1)/NOR-mid(1,1)/NOR-mid(1,1)/NOR-out(2,0)/NOT-in(0,1)|edges=0010000010000100000001000",-0.0471083534597319,-0.0727211524886717,6,circuit_log_max
5,0000000001000101000010000,"IN(0,1)/NOR-out(1,1)/NOR-out(1,1)/NOT-mid(0,1)/OUT-OR2(2,0)|edges=0010000001000010100000000",-0.0531644609704099,-0.018576367202663,7,circuit_log_max
5,0000000001000101000010000,"IN(0,1)/IN(0,1)/NOR-in(1,1)/NOR-in(1,1)/NOR-in(2,0)|edges=0010000010000010000100000",-0.0617185002426079,-0.1242642858374976,14,circuit_log_max
5,0000000001000101000010000,"IN(0,1)/NOR-in(1,1)/NOR-out(1,1)/NOT-mid(0,1)/OUT-OR2(2,0)|edges=0100000001000010010000000",-0.0679484963888553,-0.0522437304935804,11,circuit_log_max
5,0000000001000101000010000,"NOR-in(0,1)/NOR-in(1,1)/NOR-mid(0,1)/NOR-out(1,1)/OUT-OR2(2,0)|edges=0100000001000100000100000",-0.0776042747208183,-0.1306422606363683,7,circuit_log_max
5,0000000001000101000010000,"IN(0,1)/NOR-in(0,1)/NOR-in(1,1)/NOR-out(1,1)/OUT-OR2(2,0)|edges=0001000100000010000100000",-0.1023764927146249,-0.1359013092107215,5,circuit_log_max
5,0000000001000101000010000,"NOR-out(1,1)/NOR-out(1,1)/NOT-mid(0,1)/NOT-mid(0,1)/OUT-OR2(2,0)|edges=0000100001100000100000000",-0.1173697398488322,-0.1140050477446582,5,circuit_log_max
5,0000000001000101000010000,"IN(0,1)/NOR-in(1,1)/NOR-mid(0,1)/NOR-out(1,1)/OUT-OR2(2,0)|edges=0100000001000100000100000",-0.1178264244743828,-0.1570631493955342,13,circuit_log_max
5,0000000001000101000010000,"IN(0,1)/NOR-mid(0,1)/NOR-out(1,1)/NOR-out(1,1)/OUT-OR2(2,0)|edges=0001000100000010000100000",-0.1183044739881419,-0.1494304769846678,10,circuit_log_max
5,0000000001000101000010000,"IN(0,1)/IN(0,1)/NOR-in(1,1)/NOR-out(1,1)/OUT-OR2(2,0)|edges=0010000010000010000100000",-0.1254437847410993,-0.1450449411255822,8,circuit_log_max
5,0000000001000101000010000,"IN(0,1)/IN(0,1)/NOR-in(1,1)/NOR-out(1,1)/OUT-OR2(2,0)|edges=0001000100000010000100000",-0.132762104536679,-0.1382628426090139,5,circuit_log_max
5,0000000001000101000010000,"IN(0,1)/NOR-in(0,1)/NOR-mid(1,1)/NOR-out(2,0)/NOT-mid(1,1)|edges=0000100100000100000000010",-0.1347905313219573,-0.1368842243149269,6,circuit_log_max
5,0000000001000101000010000,"NOR-mid(0,1)/NOR-out(1,1)/NOR-out(1,1)/NOT-mid(0,1)/OUT-OR2(2,0)|edges=0010000001000010100000000",-0.1349525664295336,-0.1274154165370889,6,circuit_log_max
5,0000000001000101000010000,"IN(0,1)/NOR-out(1,1)/NOR-out(1,1)/NOT-mid(0,1)/OUT-OR2(2,0)|edges=0100000001000010010000000",-0.1363046503891952,-0.1028948484128988,9,circuit_log_max
5,0000000001000101000010000,"NOR-in(0,1)/NOR-mid(0,1)/NOR-out(1,1)/NOR-out(1,1)/OUT-OR2(2,0)|edges=0010000010000010000100000",-0.1733343592269568,-0.2254874803040896,6,circuit_log_max
5,0000000001000101000010000,"IN(0,1)/NOR-in(0,1)/NOR-out(1,1)/NOR-out(1,1)/OUT-OR2(2,0)|edges=0001000100000010000100000",-0.1854046098442887,-0.2262075961077913,8,circuit_log_max
5,0000000001000101000010000,"IN(0,1)/IN(0,1)/NOR-out(1,1)/NOR-out(1,1)/OUT-OR2(2,0)|edges=0001000100000010000100000",-0.2338038341456398,-0.2271045763465135,19,circuit_log_max
5,0000000001000101000010000,"IN(0,1)/IN(0,1)/NOR-out(1,1)/NOR-out(1,1)/OUT-OR2(2,0)|edges=0010000010000010000100000",-0.2914756343730236,-0.2629700073589958,23,circuit_log_max
5,0000000001000101000010000,"IN(0,1)/NOR-mid(0,1)/NOR-out(1,1)/NOR-out(1,1)/OUT-OR2(2,0)|edges=0010000010000010000100000",-0.2925645721994262,-0.3068675208463713,30,circuit_log_max
5,0000000001000101000010010,"IN(0,1)/IN(0,1)/NOR-in(1,2)/NOR-in(2,0)/NOR-in(2,1)|edges=0010000001000110000000010",0.1088295771875888,0.0902773878245455,6,circuit_log_max
5,0000000001000101000010010,"IN(0,1)/NOR-in(1,2)/NOR-mid(2,1)/NOR-out(2,0)/NOT-in(0,1)|edges=0100000110000100000000100",0.0750125607435813,0.0756644945854234,6,circuit_log_max
5,0000000001000101000010010,"IN(0,1)/IN(0,1)/NOR-in(1,2)/NOR-in(2,1)/NOR-mid(2,0)|edges=0010000010000110000100000",0.0330540305874847,0.0431098657640735,8,circuit_log_max
5,0000000001000101000010010,"IN(0,1)/NOR-in(0,1)/NOR-mid(1,2)/NOR-out(2,1)/OUT-OR2(2,0)|edges=0001000100000110000100000",-0.0581091156096503,-0.0707187366822339,6,circuit_log_max
5,0000000001000101000010010,"IN(0,1)/IN(0,1)/NOR-mid(1,2)/NOR-out(2,1)/OUT-OR2(2,0)|edges=0001000100000110000100000",-0.0756087558997643,-0.0810882789913065,6,circuit_log_max
5,0000000001000101000010100,"IN(0,1)/NOR-in(1,1)/NOR-in(1,2)/NOR-mid(1,1)/NOR-out(2,0)|edges=0010000010010010000100000",0.1423804575119266,0.1148943989476055,5,circuit_log_max
5,0000000001000101000010100,"IN(0,1)/NOR-in(1,2)/NOR-mid(1,1)/NOR-out(1,1)/OUT-OR2(2,0)|edges=0100000101000100000100000",0.0083291918115068,0.010693062385865,10,circuit_log_max
5,0000000001000101000010100,"IN(0,1)/NOR-in(1,1)/NOR-in(1,1)/NOR-in(1,2)/NOR-mid(2,0)|edges=0001000100000010100100000",-0.0216405882406103,-0.0592848918657875,7,circuit_log_max
5,0000000001000110100010000,"IN(0,2)/NOR-in(1,1)/NOR-mid(1,1)/NOR-out(2,1)/OUT-NOT(1,0)|edges=0101000100000100000100000",0.273580443931741,0.2670265773141888,6,circuit_log_max
5,0000000001000110100010000,"NOR-in(0,2)/NOR-in(1,1)/NOR-mid(1,1)/NOR-out(2,1)/OUT-NOT(1,0)|edges=0101000100000100000100000",0.175169213881762,0.1449072979101909,7,circuit_log_max
5,0000000001000110100010000,"IN(0,2)/NOR-in(1,1)/NOR-in(1,1)/NOR-mid(2,1)/NOR-out(1,0)|edges=0101000100000100000100000",-0.0023376170859673,-0.0147497541989517,12,circuit_log_max
5,0000000001000110100010000,"NOR-in(0,2)/NOR-in(1,1)/NOR-in(1,1)/NOR-mid(2,1)/NOR-out(1,0)|edges=0101000100000100000100000",-0.0592292938990503,-0.0833467267815611,6,circuit_log_max
5,0000000001000110100010000,"IN(0,2)/NOR-in(1,1)/NOR-mid(1,1)/NOR-out(2,1)/OUT-OR2(1,0)|edges=0101000100000100000100000",-0.2052205426054374,-0.1980392038617132,14,circuit_log_max
5,0000000001000111000000010,"IN(0,1)/IN(0,2)/NOR-in(2,1)/NOR-in(2,1)/NOT-in(1,0)|edges=0010000110000100000100000",0.1213823657664752,0.1242504243533487,7,circuit_log_max
5,0000000001000111000000010,"IN(0,2)/NOR-in(0,1)/NOR-mid(2,1)/NOR-out(2,1)/OUT-OR2(1,0)|edges=0011000100000100000100000",-0.024093219658163,-0.0474726790026507,8,circuit_log_max
5,0000000001000111000000010,"IN(0,1)/IN(0,2)/NOR-in(1,0)/NOR-in(2,1)/NOR-in(2,1)|edges=0001000011000000000100100",-0.0302456628839635,-0.1270751341221654,28,circuit_log_max
5,0000000001000111000000010,"IN(0,1)/NOR-in(0,2)/NOR-in(2,1)/NOR-mid(2,1)/NOR-out(1,0)|edges=0010000110000100000100000",-0.0656553247703737,-0.0843052622190134,8,circuit_log_max
5,0000000001000111000000010,"IN(0,1)/IN(0,2)/NOR-in(2,1)/NOR-in(2,1)/OUT-OR2(1,0)|edges=0010000110000100000100000",-0.0776042747208183,-0.1306422606363683,7,circuit_log_max
5,0000000001000111000000010,"IN(0,1)/IN(0,2)/NOR-in(2,1)/NOR-mid(2,1)/NOR-out(1,0)|edges=0010000110000100000100000",-0.1088823925976883,-0.0698636646565114,10,circuit_log_max
5,0000000001000111000000010,"IN(0,1)/IN(0,2)/NOR-in(2,1)/NOR-in(2,1)/NOR-mid(1,0)|edges=0010000110000100000100000",-0.1226451172362614,-0.1856046972931821,33,circuit_log_max
5,0000000001000111000000010,"IN(0,1)/IN(0,2)/NOR-in(2,1)/NOR-in(2,1)/NOR-out(1,0)|edges=0010000110000100000100000",-0.1605044310028767,-0.2092098028314791,5,circuit_log_max
5,0000000001000111000000010,"IN(0,1)/IN(0,2)/NOR-in(2,1)/NOR-out(2,1)/OUT-OR2(1,0)|edges=0010000110000100000100000",-0.1645820555819651,-0.1916821084092011,9,circuit_log_max
5,0000000001000111000010000,"IN(0,1)/IN(0,2)/NOR-out(1,1)/NOR-out(2,1)/OUT-OR2(2,0)|edges=0001000110000010000100000",0.0742269620604524,0.110389978308383,6,circuit_log_max
5,0000000001000111000010000,"IN(0,1)/IN(0,2)/NOR-in(2,0)/NOR-in(2,1)/NOT-in(1,1)|edges=0001000011000000010000100",0.0426607813134589,0.0219611177486775,6,circuit_log_max
5,0000000001000111000010000,"IN(0,1)/IN(0,2)/NOR-in(1,1)/NOR-in(2,1)/NOR-mid(2,0)|edges=0001000110000010000100000",-0.022584806679856,-0.0245457016173285,6,circuit_log_max
5,0000000001000111000010000,"IN(0,1)/NOR-mid(0,2)/NOR-out(1,1)/NOR-out(2,1)/OUT-OR2(2,0)|edges=0001000110000010000100000",-0.1743616349774058,-0.1710172451910799,9,circuit_log_max
5,0000000001010000110010000,"IN(0,2)/NOR-in(2,1)/NOR-mid(1,1)/NOR-out(1,0)/NOT-in(1,1)|edges=0100100100000100000001000",0.1176605179611855,0.1541474938643169,5,circuit_log_max
5,0000000001010000110010000,"NOR-in(0,2)/NOR-in(1,1)/NOR-mid(2,1)/NOR-out(1,1)/OUT-NOT(1,0)|edges=0110000100000100000100000",0.0977539899897852,0.0636521676991895,5,circuit_log_max
5,0000000001010000110010000,"IN(0,2)/NOR-in(1,0)/NOR-in(1,1)/NOR-in(1,1)/NOR-in(2,1)|edges=0010100000000010100000010",0.017924234563889,-0.0372181382561037,5,circuit_log_max
5,0000000001010000110010000,"IN(0,2)/NOR-in(1,1)/NOR-in(1,1)/NOR-in(2,1)/NOR-mid(1,0)|edges=0101000010000010010000000",-0.0912209027874441,-0.1621725302811344,12,circuit_log_max
5,0000000001010000110010000,"IN(0,2)/NOR-in(1,1)/NOR-in(2,1)/NOR-mid(1,1)/NOR-out(1,0)|edges=0110000100000100000100000",-0.1108870420616992,-0.1715377728857685,30,circuit_log_max
5,0000000001010000110010000,"NOR-in(0,2)/NOR-in(1,1)/NOR-mid(2,1)/NOR-out(1,1)/OUT-OR2(1,0)|edges=0110000100000100000100000",-0.1170457559191129,-0.1584856239727152,7,circuit_log_max
5,0000000001010000110010000,"IN(0,2)/NOR-in(1,1)/NOR-mid(2,1)/NOR-out(1,1)/OUT-OR2(1,0)|edges=0110000100000100000100000",-0.1922186772845207,-0.1356875771751733,9,circuit_log_max
5,0000000001010001000010000,"IN(0,1)/NOR-in(1,1)/NOR-in(1,1)/NOR-mid(2,0)/NOT-in(0,1)|edges=0100000100000100000000010",0.1790253025511687,0.1482101448803661,11,circuit_log_max
5,0000000001010001000010000,"IN(0,1)/NOR-in(0,1)/NOR-in(1,1)/NOR-mid(2,0)/NOT-in(1,1)|edges=0010000010000010000000010",0.1657987509338262,0.15302611939601,5,circuit_log_max
5,0000000001010001000010000,"IN(0,1)/IN(0,1)/NOR-in(1,1)/NOR-in(2,0)/NOT-in(1,1)|edges=0001000100000010000000010",0.1463441620499831,0.1277850291690352,5,circuit_log_max
5,0000000001010001000010000,"IN(0,1)/IN(0,1)/NOR-in(1,1)/NOR-in(2,0)/NOT-in(1,1)|edges=0001000001000100000000100",0.128363076442795,0.0923656057384126,7,circuit_log_max
5,0000000001010001000010000,"IN(0,1)/IN(0,1)/NOR-in(1,1)/NOR-in(1,1)/NOR-in(2,0)|edges=0000100100000100000100000",0.096657362656276,0.0364149582406591,9,circuit_log_max
5,0000000001010001000010000,"IN(0,1)/IN(0,1)/NOR-in(1,1)/NOR-mid(1,1)/NOR-out(2,0)|edges=0000100100000100000100000",0.0860017309484965,0.0701040652252673,27,circuit_log_max
5,0000000001010001000010000,"IN(0,1)/IN(0,1)/NOR-in(1,1)/NOR-mid(2,0)/NOT-in(1,1)|edges=0001000001000100000000100",0.0605082291285419,0.0723195928146342,5,circuit_log_max
5,0000000001010001000010000,"IN(0,1)/NOR-mid(0,1)/NOR-mid(1,1)/NOR-out(2,0)/NOT-in(1,1)|edges=0000100010000100000000100",0.0567878311382364,0.0345343669210927,7,circuit_log_max
5,0000000001010001000010000,"NOR-in(0,1)/NOR-in(1,1)/NOR-mid(0,1)/NOR-mid(1,1)/NOR-out(2,0)|edges=0100000010000010000100000",0.0250434245440674,-0.0518844710811852,20,circuit_log_max
5,0000000001010001000010000,"IN(0,1)/NOR-in(0,1)/NOR-in(1,1)/NOR-in(1,1)/NOR-mid(2,0)|edges=0010000001000100000100000",0.0209851657291342,-0.0249650550411492,8,circuit_log_max
5,0000000001010001000010000,"IN(0,1)/NOR-in(0,1)/NOR-in(1,1)/NOR-out(2,0)/NOT-mid(1,1)|edges=0001000100000010000000010",0.0196779792918852,0.0056305574320889,9,circuit_log_max
5,0000000001010001000010000,"IN(0,1)/NOR-in(0,1)/NOR-in(1,1)/NOR-mid(1,1)/NOR-out(2,0)|edges=0000100100000100000100000",-0.0027681896701589,-0.076561967741831,32,circuit_log_max
5,0000000001010001000010000,"IN(0,1)/IN(0,1)/NOR-in(1,1)/NOR-mid(2,0)/NOT-in(1,1)|edges=0000100010000100000000100",-0.0125262465677989,-0.002123503290482,9,circuit_log_max
5,0000000001010001000010000,"NOR-in(1,1)/NOR-mid(0,1)/NOR-mid(1,1)/NOR-out(2,0)/NOT-in(0,1)|edges=0010000010000100000010000",-0.0238439074179359,-0.0311471464845149,9,circuit_log_max
5,0000000001010001000010000,"IN(0,1)/NOR-in(1,1)/NOR-mid(1,1)/NOR-out(2,0)/NOT-in(0,1)|edges=0001000100000100000001000",-0.0451584794874058,-0.0409136467222342,21,circuit_log_max
5,0000000001010001000010000,"IN(0,1)/IN(0,1)/NOR-in(1,1)/NOR-in(1,1)/NOR-in(2,0)|edges=0010000001000100000100000",-0.0498592879864319,-0.0867671465962561,9,circuit_log_max
5,0000000001010001000010000,"IN(0,1)/NOR-in(0,1)/NOR-out(2,0)/NOT-in(1,1)/NOT-mid(1,1)|edges=0010000010000000000100100",-0.0527074402567811,-0.0356615823167517,5,circuit_log_max
5,0000000001010001000010000,"IN(0,1)/IN(0,1)/NOR-in(1,1)/NOR-mid(1,1)/NOR-out(2,0)|edges=0010000001000100000100000",-0.0538496949581838,-0.0561098293391623,18,circuit_log_max
5,0000000001010001000010000,"IN(0,1)/NOR-in(1,1)/NOR-mid(1,1)/NOR-out(2,0)/NOT-mid(0,1)|edges=0100000100000100000000010",-0.0539704783891942,-0.0421086109322492,10,circuit_log_max
5,0000000001010001000010000,"IN(0,1)/IN(0,1)/NOR-in(1,1)/NOR-in(1,1)/NOR-mid(2,0)|edges=0000100100000100000100000",-0.0698542617851785,-0.0900162809253625,5,circuit_log_max
5,0000000001010001000010000,"IN(0,1)/NOR-in(0,1)/NOR-mid(1,1)/NOR-out(1,1)/OUT-OR2(2,0)|edges=0010000001000100000100000",-0.0763415149651423,-0.0881430586577595,6,circuit_log_max
5,0000000001010001000010000,"NOR-in(1,1)/NOR-out(0,1)/NOR-out(1,1)/NOT-in(0,1)/OUT-OR2(2,0)|edges=0010000001000011000000000",-0.0788794999651586,-0.0979756575963982,5,circuit_log_max
5,0000000001010001000010000,"IN(0,1)/NOR-in(1,1)/NOR-mid(0,1)/NOR-mid(1,1)/NOR-out(2,0)|edges=0100000010000010000100000",-0.0850814946857493,-0.1433692415702261,22,circuit_log_max
5,0000000001010001000010000,"IN(0,1)/IN(0,1)/NOR-in(1,1)/NOR-in(1,1)/NOR-mid(2,0)|edges=0010000001000100000100000",-0.0900244152030832,-0.0999895051698021,10,circuit_log_max
5,0000000001010001000010000,"IN(0,1)/NOR-in(1,1)/NOR-in(1,1)/NOR-out(0,1)/OUT-OR2(2,0)|edges=0100000100000010000100000",-0.0985088788949106,-0.1565328831406881,7,circuit_log_max
5,0000000001010001000010000,"NOR-in(0,1)/NOR-out(0,1)/NOR-out(1,1)/NOT-mid(1,1)/OUT-OR2(2,0)|edges=0001000001000010010000000",-0.1088643047020625,-0.109551964995007,6,circuit_log_max
5,0000000001010001000010000,"IN(0,1)/IN(0,1)/NOR-mid(1,1)/NOR-out(2,0)/NOT-in(1,1)|edges=0000100010000100000000100",-0.1356888585451386,-0.0806714693937372,8,circuit_log_max
5,0000000001010001000010000,"IN(0,1)/NOR-out(0,1)/NOR-out(1,1)/NOT-mid(1,1)/OUT-OR2(2,0)|edges=0001000001000010010000000",-0.1439974471492265,-0.129372363575168,8,circuit_log_max
5,0000000001010001000010000,"NOR-mid(1,1)/NOR-out(0,1)/NOR-out(1,1)/NOT-in(0,1)/OUT-OR2(2,0)|edges=0010000001000011000000000",-0.1451194623356187,-0.108608045903101,15,circuit_log_max
5,0000000001010001000010000,"IN(0,1)/NOR-mid(1,1)/NOR-out(0,1)/NOR-out(1,1)/OUT-OR2(2,0)|edges=0100000010000010000100000",-0.181975163568704,-0.1697082904815016,11,circuit_log_max
5,0000000001010001000010000,"NOR-in(0,1)/NOR-in(1,1)/NOR-out(0,1)/NOR-out(1,1)/OUT-OR2(2,0)|edges=0100000010000010000100000",-0.2038170728902845,-0.2679690367496372,9,circuit_log_max
5,0000000001010001000010000,"NOR-in(0,1)/NOR-mid(1,1)/NOR-out(0,1)/NOR-out(1,1)/OUT-OR2(2,0)|edges=0100000010000010000100000",-0.2417096785721448,-0.3048589162941563,32,circuit_log_max
5,0000000001010001000010000,"IN(0,1)/NOR-in(1,1)/NOR-out(0,1)/NOR-out(1,1)/OUT-OR2(2,0)|edges=0100000010000010000100000",-0.2713026448460238,-0.3122980586925887,13,circuit_log_max
5,0000000001010001000010010,"IN(0,1)/NOR-in(1,2)/NOR-mid(1,1)/NOR-out(2,0)/NOT-in(1,1)|edges=0000100110000100000001000",0.041762647634822,0.0321865395731525,6,circuit_log_max
5,0000000001010001000010010,"IN(0,1)/NOR-in(1,1)/NOR-in(1,2)/NOR-mid(1,1)/NOR-out(2,0)|edges=0100000100000110000100000",0.0235258155885612,-0.0167457297587586,9,circuit_log_max
5,0000000001010001000010010,"NOR-in(0,1)/NOR-in(1,1)/NOR-mid(1,2)/NOR-out(1,1)/OUT-OR2(2,0)|edges=0100000100000110000100000",0.0063241198428331,-0.0200604496059172,9,circuit_log_max
5,0000000001010001000010010,"IN(0,1)/NOR-in(1,1)/NOR-mid(1,2)/NOR-out(1,1)/OUT-OR2(2,0)|edges=0100000100000110000100000",-0.0066111161972808,-0.0061331431767326,6,circuit_log_max
5,0000000001010001000010010,"NOR-in(0,1)/NOR-in(1,1)/NOR-in(1,2)/NOR-mid(1,1)/NOR-out(2,0)|edges=0100000100000110000100000",-0.0550278500066992,-0.103141677764381,5,circuit_log_max
5,0000000001010001000010010,"IN(0,1)/NOR-in(1,1)/NOR-in(1,1)/NOR-in(1,2)/NOR-mid(2,0)|edges=0100000010000010010100000",-0.0630177667174216,-0.1049094538055354,5,circuit_log_max
5,0000000001010001000010010,"NOR-in(1,1)/NOR-mid(1,2)/NOR-out(1,1)/NOT-in(0,1)/OUT-OR2(2,0)|edges=0100000101000011000000000",-0.0898740532378623,-0.0835323137882364,6,circuit_log_max
5,0000000001010001000110000,"IN(0,1)/IN(0,2)/NOR-in(1,1)/NOR-in(2,0)/NOR-in(2,1)|edges=0010000011000010000000010",0.1170107823617613,0.0806413793659056,7,circuit_log_max
5,0000000001010001000110000,"IN(0,2)/NOR-in(0,1)/NOR-in(1,1)/NOR-mid(2,1)/NOR-out(2,0)|edges=0001100100000100000100000",-0.0835538679320765,-0.1122116878334389,5,circuit_log_max
5,0000000001010001010010000,"IN(0,2)/NOR-in(1,1)/NOR-in(1,1)/NOR-mid(1,1)/NOR-out(2,0)|edges=0100100100000100000100000",0.057017963467439,0.0272443658714918,8,circuit_log_max
5,0000000001010001010010000,"NOR-in(0,2)/NOR-in(1,1)/NOR-mid(1,1)/NOR-out(1,1)/OUT-OR2(2,0)|edges=0100100100000100000100000",-0.0889266025735556,-0.1263700692743954,6,circuit_log_max
5,0000000001010001100010000,"IN(0,1)/IN(0,2)/NOR-in(1,1)/NOR-in(2,0)/NOR-in(2,1)|edges=0000100011000100000000100",0.0865766861704559,0.0528406931657397,7,circuit_log_max
5,0000000001010001100010000,"IN(0,2)/NOR-in(0,1)/NOR-in(2,1)/NOR-mid(1,1)/NOR-out(2,0)|edges=0010100100000100000100000",0.0048879046570238,-0.0180848494152416,6,circuit_log_max
5,0000000001010001100010000,"IN(0,1)/IN(0,2)/NOR-in(1,1)/NOR-in(2,1)/NOR-mid(2,0)|edges=0001000011000010010000000",-0.0289065967150422,-0.0467830604815511,10,circuit_log_max
5,0000000001010001100010000,"NOR-in(0,1)/NOR-in(0,2)/NOR-mid(2,1)/NOR-out(1,1)/OUT-OR2(2,0)|edges=0010000101000100000100000",-0.0354767249905639,-0.0475376650575188,7,circuit_log_max
5,0000000001010001100010000,"IN(0,1)/IN(0,2)/NOR-in(2,1)/NOR-mid(1,1)/NOR-out(2,0)|edges=0010000101000100000100000",-0.1055023935408708,-0.0752676940927364,15,circuit_log_max
5,0000000001010011000010000,"IN(0,2)/NOR-in(1,1)/NOR-in(2,1)/NOR-mid(2,0)/NOT-in(0,1)|edges=0110000100000100000000010",0.0924595745326374,0.0743946944158625,8,circuit_log_max
5,0000000001010011000010000,"IN(0,1)/IN(0,2)/NOR-in(1,1)/NOR-in(2,0)/NOR-in(2,1)|edges=0001000101000010000000010",0.0898528004485296,0.0215228249905698,16,circuit_log_max
5,0000000001010011000010000,"IN(0,2)/NOR-in(0,1)/NOR-in(1,1)/NOR-in(2,1)/NOR-mid(2,0)|edges=0011000001000100000100000",0.0348146897965409,-0.0130482272162354,5,circuit_log_max
5,0000000001010011000010000,"NOR-in(0,2)/NOR-in(1,1)/NOR-mid(0,1)/NOR-mid(2,1)/NOR-out(2,0)|edges=0101000010000010000100000",0.0129659416346524,-0.0176665221267976,5,circuit_log_max
5,0000000001010011000010000,"IN(0,2)/NOR-in(1,1)/NOR-mid(0,1)/NOR-mid(2,1)/NOR-out(2,0)|edges=0101000010000010000100000",-0.0137859999549167,-0.0423835765928224,5,circuit_log_max
5,0000000001010011000010000,"IN(0,1)/IN(0,2)/NOR-in(1,1)/NOR-in(2,1)/NOR-mid(2,0)|edges=0000100110000100000100000",-0.0496090308456534,-0.0338506833052351,8,circuit_log_max
5,0000000001010011000010000,"IN(0,1)/NOR-in(0,2)/NOR-in(1,1)/NOR-mid(2,1)/NOR-out(2,0)|edges=0000100110000100000100000",-0.074308412156436,-0.1243247000086619,5,circuit_log_max
5,0000000001010011000010000,"IN(0,2)/NOR-in(1,1)/NOR-in(2,1)/NOR-out(0,1)/OUT-OR2(2,0)|edges=0110000100000010000100000",-0.1060864545130466,-0.1503750788091479,8,circuit_log_max
5,0000000001010011000010000,"NOR-in(0,2)/NOR-mid(1,1)/NOR-out(0,1)/NOR-out(2,1)/OUT-OR2(2,0)|edges=0101000010000010000100000",-0.1360453985044637,-0.180819535365358,6,circuit_log_max
5,0000000001010011000010000,"IN(0,2)/NOR-in(1,1)/NOR-out(0,1)/NOR-out(2,1)/OUT-OR2(2,0)|edges=0101000010000010000100000",-0.1591889115532985,-0.1766140334780379,7,circuit_log_max
5,0000000001010011000010000,"IN(0,1)/IN(0,2)/NOR-in(1,1)/NOR-mid(2,1)/NOR-out(2,0)|edges=0000100110000100000100000",-0.2146983829097145,-0.1799447268514483,8,circuit_log_max
5,0000000001010101000010000,"IN(0,2)/NOR-mid(1,1)/NOR-out(1,1)/NOR-out(1,1)/OUT-OR2(2,0)|edges=0101000100000010000100000",-0.0636539689557819,-0.0675032032145502,5,circuit_log_max
5,0000000001010101000010000,"IN(0,2)/NOR-in(1,1)/NOR-mid(1,1)/NOR-mid(1,1)/NOR-out(2,0)|edges=0110000010000010000100000",-0.0652029278118374,-0.1206465286576303,9,circuit_log_max
5,0000000001010101000010000,"IN(0,2)/NOR-in(1,1)/NOR-in(1,1)/NOR-mid(2,0)/NOT-in(1,1)|edges=0100100010000100000000100",-0.0989687483216839,-0.1215189673916021,6,circuit_log_max
5,0000000001010101000010000,"NOR-in(0,2)/NOR-in(1,1)/NOR-mid(1,1)/NOR-mid(1,1)/NOR-out(2,0)|edges=0110000010000010000100000",-0.1151957911063921,-0.1396846897165999,5,circuit_log_max
5,0000000001010101000010000,"NOR-in(0,2)/NOR-mid(1,1)/NOR-out(1,1)/NOR-out(1,1)/OUT-OR2(2,0)|edges=0110000010000010000100000",-0.2380369186415168,-0.2483385234793525,6,circuit_log_max
5,0000000001010101000010000,"IN(0,2)/NOR-mid(1,1)/NOR-out(1,1)/NOR-out(1,1)/OUT-OR2(2,0)|edges=0110000010000010000100000",-0.2448991911837581,-0.2576919349747675,9,circuit_log_max
5,0000000001010101000010010,"IN(0,2)/NOR-in(1,1)/NOR-mid(1,2)/NOR-out(2,1)/OUT-OR2(2,0)|edges=0101000100000110000100000",-0.1151380833543571,-0.0936271080263633,7,circuit_log_max
5,0000000001100001000000110,"IN(0,1)/NOR-mid(1,2)/NOR-out(1,1)/NOR-out(1,1)/OUT-OR2(2,0)|edges=0100000110000010000100000",-0.0728221280399467,-0.0926575059384076,8,circuit_log_max
5,0000000001100001000000110,"NOR-in(0,1)/NOR-mid(1,2)/NOR-out(1,1)/NOR-out(1,1)/OUT-OR2(2,0)|edges=0100000110000010000100000",-0.1132842949649027,-0.1271276397476977,9,circuit_log_max
5,0000000001100001010000110,"IN(0,1)/NOR-in(1,2)/NOR-in(1,2)/NOR-mid(2,1)/NOR-out(2,0)|edges=0100000110000110000100000",0.0172118743289709,0.0199227714736848,5,circuit_log_max
5,0000000011010011000010000,"IN(0,2)/NOR-in(1,1)/NOR-in(1,2)/NOR-in(2,0)/NOR-in(2,1)|edges=0010100010010010000000010",-0.073062422953211,-0.1368575217612854,8,circuit_log_max
5,0000000011010011000010000,"IN(0,2)/NOR-in(1,1)/NOR-in(1,2)/NOR-in(2,1)/NOR-mid(2,0)|edges=0011000001010100000100000",-0.1255475935287992,-0.1779139036615782,12,circuit_log_max
