k,task,size_class,parent_iso_key,typed_motif,n_topo_in_size,n_topo_with_motif_in_size,partial_r,presence_rate_top_01,presence_designs_top_01,presence_rate_top_05,presence_designs_top_05,presence_rate_top_10,presence_designs_top_10,presence_rate_top_25,presence_designs_top_25,presence_rate_bot_25,presence_designs_bot_25,presence_rate_bot_10,presence_designs_bot_10,presence_rate_bot_05,presence_designs_bot_05,presence_rate_bot_01,presence_designs_bot_01
3,circuit,4,000000110,"NOR-in(0,2)/NOR-in(1,0)/OUT-OR2(1,0)|edges=011000000",27,2,0.4057416332060558,0.12413895634075028,2505,0.1290786187210086,13023,0.15373788933766136,31022,0.14101306120668977,71137,0.059530039566434344,30031,0.07931591571352112,16005,0.002408492164966846,243,0.0,0
3,circuit,4,000000110,"NOR-in(0,2)/NOR-mid(1,0)/NOR-out(1,0)|edges=011000000",27,1,-0.23086287977046988,0.0,0,0.0,0,0.001357880912852789,274,0.008678397767166002,4378,0.10007572333626712,50485,0.14783832537118163,29832,0.20986589753501234,21174,0.6308538579711581,12730
3,circuit,4,000000110,"NOR-in(0,2)/NOR-mid(1,0)/OUT-OR2(1,0)|edges=011000000",27,1,0.3105871316122388,0.06338272461469845,1279,0.07153193513856401,7217,0.08287038184205962,16722,0.0719486353031195,36296,0.0313240879500781,15802,0.03436775229448728,6935,0.0,0,0.0,0
3,circuit,4,000000110,"NOR-in(1,0)/NOT-in(0,2)/OUT-OR2(1,0)|edges=000101000",27,1,-0.1274713539864964,0.0,0,0.007622011656028228,769,0.016591917139529698,3348,0.03399798997365557,17151,0.0,0,0.0,0,0.0,0,0.0,0
3,circuit,4,000000110,"NOR-mid(0,2)/NOR-out(1,0)/NOR-out(1,0)|edges=011000000",27,3,-0.3347334214380507,0.0,0,0.00026761289299448914,27,0.0076318854226032655,1540,0.03492569444031471,17619,0.28433914539673477,143440,0.4557951909925268,91974,0.5361521612004797,54094,0.06204469993557659,1252
3,circuit,4,000000110,"NOR-mid(0,2)/NOR-out(1,0)/NOT-out(1,0)|edges=011000000",27,1,0.23188664709440227,0.04316368501907924,871,0.05871625104071681,5924,0.061248358401268674,12359,0.055537384705959314,28017,0.024267148758692327,12242,0.012518088290681309,2526,0.0,0,0.0,0
3,circuit,4,000001100,"NOR-in(0,1)/NOR-in(1,1)/NOR-mid(1,0)|edges=010001000",27,2,0.013407173592239245,0.012042222112096735,243,0.05544542679300638,5594,0.06380057982506132,12874,0.07566341771875885,38170,0.06461262161326388,32595,0.0,0,0.0,0,0.0,0
3,circuit,4,000001100,"NOR-in(0,1)/NOR-in(1,1)/NOR-out(1,0)|edges=010001000",27,3,0.4819035985924017,0.13573517022647308,2739,0.15349086151528368,15486,0.1795425824516193,36229,0.1679244198378103,84713,0.10221064567029028,51562,0.10344024421670268,20873,0.005827956349796319,588,0.001536250557510283,31
3,circuit,4,000001100,"NOR-in(0,1)/NOR-in(1,1)/NOT-mid(1,0)|edges=010001000",27,1,0.2551295584896025,0.06075623172605184,1226,0.057546683582444594,5806,0.07086750749560175,14300,0.06906442590357027,34841,0.02820595161635624,14229,0.044948163419033835,9070,0.002408492164966846,243,0.0,0
3,circuit,4,000001100,"NOR-in(0,1)/NOR-mid(1,1)/NOR-out(1,0)|edges=010001000",27,16,0.02093423866490498,0.7238217949353288,14606,0.6550668041073623,66091,0.6074286988626508,122570,0.586703695554353,295975,0.6272726912311584,316439,0.6842527801454993,138074,0.6881547778339429,69430,0.7573715248525695,15283
3,circuit,4,000001100,"NOR-in(0,1)/NOR-mid(1,1)/NOT-out(1,0)|edges=010001000",27,1,-0.03148255957612542,0.011695326824916993,236,0.05657534789676089,5708,0.05028123993359269,10146,0.039056754501249825,19703,0.0,0,0.0,0,0.0,0,0.0,0
3,circuit,4,000001100,"NOR-in(0,1)/NOR-mid(1,1)/OUT-OR2(1,0)|edges=010001000",27,2,-0.15813464602586033,0.0,0,0.0141735717400785,1430,0.031176747528309835,6291,0.06509987690075346,32841,0.026782670060340796,13511,0.0,0,0.0,0,0.0,0
3,circuit,4,000001100,"NOR-in(0,1)/NOR-out(1,1)/OUT-NOT(1,0)|edges=010001000",27,1,0.2414052625261226,0.011596213885722781,234,0.024412242794275067,2463,0.025804693113957927,5207,0.02691135863112052,13576,0.04268060610385594,21531,0.024124328503181556,4868,0.003419464184829473,345,0.001536250557510283,31
3,circuit,4,000001100,"NOR-in(0,1)/NOR-out(1,1)/OUT-OR2(1,0)|edges=010001000",27,3,0.20831619827764866,0.12413895634075028,2505,0.1290786187210086,13023,0.15509577025051416,31296,0.14969145897385577,75515,0.15960576290270145,80516,0.22715424108470275,45837,0.2122743896999792,21417,0.6308538579711581,12730
3,circuit,4,000001100,"NOR-in(1,1)/NOR-mid(1,0)/NOT-in(0,1)|edges=010000100",27,4,0.02493025956423103,0.5045344169681352,10181,0.33500178408595327,33799,0.2578833907376663,52037,0.19687157438187725,99316,0.016823663740812102,8487,0.0,0,0.0,0,0.0,0
3,circuit,4,000001100,"NOR-mid(0,1)/NOR-out(1,1)/OUT-NOT(1,0)|edges=010001000",27,2,0.31293816840108757,0.04554239555974032,919,0.0746342623795742,7530,0.07248804420546621,14627,0.06459241462839291,32585,0.04268060610385594,21531,0.024124328503181556,4868,0.003419464184829473,345,0.001536250557510283,31
3,circuit,4,000001100,"NOR-mid(0,1)/NOR-out(1,1)/OUT-OR2(1,0)|edges=010001000",27,18,-0.16044701093837185,0.8096040438079192,16337,0.7318816159854101,73841,0.6934559060386054,139929,0.6688808672847398,337431,0.7934973080552186,400294,0.8675788451245862,175067,0.9247420534625792,93300,0.8084642450071857,16314
3,circuit,4,000001100,"NOR-mid(0,1)/NOT-out(1,1)/OUT-OR2(1,0)|edges=010001000",27,2,0.15047872389620945,0.05485901184399623,1107,0.1152915989374777,11632,0.11152959833486137,22505,0.09459413920720913,47720,0.024267148758692327,12242,0.012518088290681309,2526,0.0,0,0.0,0
3,circuit,4,000001100,"NOR-mid(1,1)/NOR-out(1,0)/NOT-in(0,1)|edges=010000100",27,5,-0.2384965329631789,0.0881609594132514,1779,0.1069063949569837,10786,0.12844364050846196,25918,0.15633207855357395,78865,0.2114207442295646,106655,0.19493230519158722,39335,0.24000673981346576,24215,0.052628970712126466,1062
3,circuit,4,000001100,"NOR-out(1,0)/NOT-in(0,1)/NOT-mid(1,1)|edges=000001100",27,2,-0.36103984466729355,0.0,0,0.0009316893311659993,94,0.006650643011125703,1342,0.024528664680427616,12374,0.09352030257617926,47178,0.05069181517235911,10229,0.0694200786972337,7004,0.18999950443530403,3834
3,circuit,4,000001100,"NOR-out(1,1)/NOT-in(0,1)/OUT-OR2(1,0)|edges=001100000",27,1,0.21977945913568522,0.07240200208137172,1461,0.06425682908456568,6483,0.07507991178729836,15150,0.06877699610086606,34696,0.015313161588049193,7725,0.012656847780839297,2554,9.911490390810066e-06,1,0.0,0
3,circuit,4,000001100,"NOR-out(1,1)/NOT-mid(0,1)/OUT-OR2(1,0)|edges=001100000",27,6,0.12883249903623092,0.24317359631299867,4907,0.2842445387146652,28678,0.2951210446762643,59551,0.2637634274319039,133061,0.188832591958261,95260,0.10829682637223224,21853,0.07183848235259135,7248,0.18999950443530403,3834
3,circuit,4,000100100,"NOR-in(0,1)/NOR-in(0,1)/NOR-mid(2,0)|edges=001001000",27,1,0.19232440219375505,0.03394618167401754,685,0.05022201958529913,5067,0.04668335109150829,9420,0.03768105599727239,19009,0.0,0,0.0,0,0.0,0,0.0,0
3,circuit,4,000100100,"NOR-in(0,1)/NOR-out(0,1)/OUT-OR2(2,0)|edges=001001000",27,2,0.4057416332060558,0.12413895634075028,2505,0.1290786187210086,13023,0.15373788933766136,31022,0.14101306120668977,71137,0.059530039566434344,30031,0.07931591571352112,16005,0.002408492164966846,243,0.0,0
3,circuit,4,000100100,"NOR-mid(0,1)/NOR-mid(0,1)/NOR-out(2,0)|edges=001001000",27,1,0.23188664709440227,0.04316368501907924,871,0.05871625104071681,5924,0.061248358401268674,12359,0.055537384705959314,28017,0.024267148758692327,12242,0.012518088290681309,2526,0.0,0,0.0,0
3,circuit,4,000100100,"NOR-mid(0,1)/NOR-out(2,0)/NOT-mid(0,1)|edges=010000010",27,2,0.16659262824073273,0.1100153625055751,2220,0.16150933671648893,16295,0.1425229823822385,28759,0.10139334074703997,51150,0.05179317617767629,26128,0.0,0,0.0,0,0.0,0
3,circuit,4,000100100,"NOR-out(0,1)/NOR-out(0,1)/OUT-OR2(2,0)|edges=001001000",27,12,-0.4526756856414641,0.16056296149462312,3240,0.16169765690044802,16314,0.20038159427113017,40434,0.26763480953315455,135014,0.7132741819104482,359824,0.880201003032886,177614,0.9941720436502037,100305,0.9984637494424897,20148
3,circuit,4,000100100,"NOR-out(0,1)/NOT-in(0,1)/OUT-OR2(2,0)|edges=001001000",27,1,-0.1274713539864964,0.0,0,0.007622011656028228,769,0.016591917139529698,3348,0.03399798997365557,17151,0.0,0,0.0,0,0.0,0,0.0,0
3,circuit,4,000100100,"NOR-out(0,1)/NOT-out(0,1)/OUT-OR2(2,0)|edges=001001000",27,3,-0.058505106302746836,0.04316368501907924,871,0.0826329144035206,8337,0.10918551924077607,22032,0.1528313817840867,77099,0.05128571088750922,25872,0.016358752750411324,3301,0.0,0,0.0,0
3,circuit,4,000100110,"NOR-in(0,2)/NOR-in(1,1)/NOR-mid(2,0)|edges=011001000",27,2,0.395719839887119,0.07497893850042123,1513,0.09594417793283908,9680,0.10867507495601754,21929,0.09885999393424003,49872,0.07400469405393405,37333,0.05849208079766884,11803,0.003419464184829473,345,0.001536250557510283,31
3,circuit,4,000100110,"NOR-in(0,2)/NOR-mid(1,1)/NOR-out(2,0)|edges=011001000",27,2,0.395719839887119,0.07497893850042123,1513,0.09594417793283908,9680,0.10867507495601754,21929,0.09885999393424003,49872,0.07400469405393405,37333,0.05849208079766884,11803,0.003419464184829473,345,0.001536250557510283,31
3,circuit,4,000100110,"NOR-in(0,2)/NOR-out(2,0)/NOT-mid(1,1)|edges=011000010",27,1,0.2551295584896025,0.06075623172605184,1226,0.057546683582444594,5806,0.07086750749560175,14300,0.06906442590357027,34841,0.02820595161635624,14229,0.044948163419033835,9070,0.002408492164966846,243,0.0,0
3,circuit,4,000100110,"NOR-mid(0,2)/NOR-out(1,1)/OUT-OR2(2,0)|edges=011001000",27,2,-0.15813464602586033,0.0,0,0.0141735717400785,1430,0.031176747528309835,6291,0.06509987690075346,32841,0.026782670060340796,13511,0.0,0,0.0,0,0.0,0
3,circuit,4,000100110,"NOR-out(2,0)/NOT-in(0,2)/NOT-mid(1,1)|edges=000101100",27,1,0.21977945913568522,0.07240200208137172,1461,0.06425682908456568,6483,0.07507991178729836,15150,0.06877699610086606,34696,0.015313161588049193,7725,0.012656847780839297,2554,9.911490390810066e-06,1,0.0,0
3,circuit,5,000000110,"NOR-in(0,2)/NOR-in(1,0)/NOR-in(1,0)|edges=011000000",43,1,0.05186935104532751,0.0016150068133099936,608,0.0037622744069716295,7082,0.004385700454348048,16511,0.006673826441200351,62813,1.6999862194867082e-06,16,0.0,0,0.0,0,0.0,0
3,circuit,5,000000110,"NOR-in(0,2)/NOR-in(1,0)/NOR-mid(1,0)|edges=011000000",43,4,0.07279953978948989,0.011235984901811304,4230,0.022046120533029602,41499,0.027108415333350157,102056,0.04384402118097605,412653,0.06010195029856539,565670,0.03916103568456442,147431,0.012266995614035088,23091,0.0,0
3,circuit,5,000000110,"NOR-in(0,2)/NOR-in(1,0)/NOR-out(1,0)|edges=011000000",43,3,0.34976749652219247,0.09577415404721239,36056,0.07354922406410636,138447,0.06633481506666472,249733,0.07442241380592662,700452,0.031889297747380134,300137,0.0,0,0.0,0,0.0,0
3,circuit,5,000000110,"NOR-in(0,2)/NOR-in(1,0)/OUT-OR2(1,0)|edges=011000000",43,6,-0.09006873239020591,0.014107403265607527,5311,0.020860382538626796,39267,0.03106858782889101,116965,0.06388908781086636,601314,0.2667618375618543,2510720,0.16381064600262912,616704,0.1199717589759282,225831,0.2635533927973778,99221
3,circuit,5,000000110,"NOR-in(0,2)/NOR-mid(1,0)/NOR-mid(1,0)|edges=011000000",43,1,0.0427593017770381,0.0019736020761337587,743,0.004564985029526576,8593,0.005572769398111687,20980,0.008942139062682947,84162,0.05084425034379565,478538,0.0,0,0.0,0,0.0,0
3,circuit,5,000000110,"NOR-in(0,2)/NOR-mid(1,0)/NOR-out(1,0)|edges=011000000",43,2,-0.26879266290791237,0.0,0,0.0002146228269438772,404,0.0021834206126061994,8220,0.011162852075077334,105063,0.10691733955131626,1006289,0.1549284850442408,583265,0.17276536787705699,325208,0.4539835420241504,170913
3,circuit,5,000000110,"NOR-in(0,2)/NOR-mid(1,0)/OUT-OR2(1,0)|edges=011000000",43,5,0.01602383447706731,0.05678289580284167,21377,0.06761575289050198,127278,0.07447536147962605,280380,0.0801245919767884,754120,0.17103826977102568,1609785,0.1767541796412339,665433,0.18462649173806608,347535,0.0,0
3,circuit,5,000000110,"NOR-in(0,2)/NOT-in(1,0)/OUT-OR2(1,0)|edges=011000000",43,1,0.12564372401208657,0.05753993024658073,21662,0.05828125365230677,109707,0.06563675796570011,247105,0.05241598828369622,493331,0.0,0,0.0,0,0.0,0,0.0,0
3,circuit,5,000000110,"NOR-in(1,0)/NOR-out(1,0)/NOT-in(0,2)|edges=000000110",43,2,-0.11386770417184194,0.05497132566028013,20695,0.05959927155737548,112188,0.048362235323336174,182071,0.04316285802502847,406242,0.06511690964605119,612870,0.10380618885197027,390803,0.03812219502243982,71760,0.0,0
3,circuit,5,000000110,"NOR-in(1,0)/NOT-in(0,2)/OUT-OR2(1,0)|edges=000101000",43,2,0.28127681150096084,0.1097434317301026,41315,0.10930942449207702,205761,0.11892576768351558,447724,0.09894556240956871,931260,0.03326777407310642,313111,0.015403466430722783,57990,0.0,0,0.0,0
3,circuit,5,000000110,"NOR-mid(0,2)/NOR-out(1,0)/NOR-out(1,0)|edges=011000000",43,2,-0.1707962580259048,1.3281306030509816e-05,5,0.0012760495799980026,2402,0.0038974854803857377,14673,0.011623760789864513,109401,0.12649183087559596,1190521,0.21191068592573664,797788,0.17663868064055488,332499,0.0,0
3,circuit,5,000000110,"NOR-mid(0,2)/NOR-out(1,0)/NOT-out(1,0)|edges=011000000",43,2,0.23760800232230378,0.0723724928214541,27246,0.0672545065481212,126598,0.07105095046530499,267488,0.07093807992101865,667658,0.05045665348575268,474890,0.0,0,0.0,0,0.0,0
3,circuit,5,000000110,"NOR-out(1,0)/NOR-out(1,0)/NOT-mid(0,2)|edges=000000110",43,1,-0.20297689558657397,0.0,0,0.00011049888119882787,208,0.0010024609965907296,3774,0.005264431765854123,49548,0.06576768562069844,618995,0.1276160857982908,480441,0.1956641846865225,368312,0.0,0
3,circuit,5,000000110,"NOR-out(1,0)/NOT-in(0,2)/NOT-mid(1,0)|edges=000101000",43,1,0.1343921139693674,0.06896982221643748,25965,0.08262394468256008,155529,0.08042584670634188,302782,0.061858454487442524,582202,0.0,0,0.0,0,0.0,0,0.0,0
3,circuit,5,000001100,"NOR-in(0,1)/NOR-in(1,0)/NOR-in(1,1)|edges=001000010",43,3,0.2644654465379809,0.09006319245409317,33906,0.06490587407802496,122177,0.05472709234514514,206033,0.0576169893204752,542282,0.06022211807445536,566801,0.03916103568456442,147431,0.012266995614035088,23091,0.0,0
3,circuit,5,000001100,"NOR-in(0,1)/NOR-in(1,0)/NOT-in(1,1)|edges=001000010",43,2,0.015254833205207383,0.05757180538105395,21674,0.06688210406869631,125897,0.08120491880570611,305715,0.07931529237316139,746503,0.0,0,0.0,0,0.0,0,0.0,0
3,circuit,5,000001100,"NOR-in(0,1)/NOR-in(1,1)/NOR-mid(1,0)|edges=010001000",43,15,0.2068474056120952,0.26866488342997696,101144,0.2899963450370065,545881,0.31047470804717997,1168855,0.3340945374986108,3144445,0.24393027889017674,2295833,0.20707449152490598,779581,0.22203841119271045,417958,0.09663881171076887,36382
3,circuit,5,000001100,"NOR-in(0,1)/NOR-in(1,1)/NOR-out(1,0)|edges=010001000",43,2,0.28127681150096084,0.1097434317301026,41315,0.10930942449207702,205761,0.11892576768351558,447724,0.09894556240956871,931260,0.03326777407310642,313111,0.015403466430722783,57990,0.0,0,0.0,0
3,circuit,5,000001100,"NOR-in(0,1)/NOR-in(1,1)/NOT-in(1,0)|edges=010001000",43,3,-0.00016648791870934595,0.2629432967920333,98990,0.15703378503292653,295596,0.10643564553680405,400702,0.07876279691053037,741303,0.054246879011237016,510563,0.06043078175181958,227506,0.07029284390724874,132317,0.1669145810866089,62839
3,circuit,5,000001100,"NOR-in(0,1)/NOR-in(1,1)/NOT-mid(1,0)|edges=010001000",43,4,0.0893600625552851,0.048649423989757454,18315,0.0459930343205275,86576,0.0466359518000603,175572,0.060002600978639464,564735,0.13416493117552666,1262739,0.13355089611837428,502784,0.1956641846865225,368312,0.0,0
3,circuit,5,000001100,"NOR-in(0,1)/NOR-in(1,1)/OUT-OR2(1,0)|edges=010001000",43,2,0.04896082842879129,0.01403037169063057,5282,0.017198513365052178,32374,0.021122602254873186,79521,0.03388284673712117,318900,0.09311738266721675,876406,0.1159095575600633,436369,0.172359496124031,324444,0.0,0
3,circuit,5,000001100,"NOR-in(0,1)/NOR-mid(1,0)/NOT-in(1,1)|edges=001000010",43,2,0.15582915529669197,0.2629432967920333,98990,0.15663641405630768,294848,0.10489211060008208,394891,0.07256316032504583,682953,0.0,0,0.0,0,0.0,0,0.0,0
3,circuit,5,000001100,"NOR-in(0,1)/NOR-mid(1,1)/NOR-out(1,0)|edges=010001000",43,26,-0.002826696544664039,0.349866788500514,131714,0.43854880969330184,825512,0.455557960918896,1715055,0.508004809260504,4781261,0.6033308467493236,5678454,0.6342777729227832,2387889,0.6311427946076431,1188043,0.7220392377694077,271829
3,circuit,5,000001100,"NOR-in(0,1)/NOR-mid(1,1)/NOT-out(1,0)|edges=010001000",43,1,0.23175733617812672,0.023011190828461307,8663,0.02147078260832609,40416,0.023569255206541764,88732,0.024408505795146158,229729,0.04639081769443407,436623,0.0,0,0.0,0,0.0,0
3,circuit,5,000001100,"NOR-in(0,1)/NOR-mid(1,1)/OUT-OR2(1,0)|edges=010001000",43,4,-0.24564527469274192,0.00048078327830445536,181,0.03767639977645226,70921,0.06728627645770552,253315,0.11051534864269927,1040153,0.02635435511500885,248043,0.0,0,0.0,0,0.0,0
3,circuit,5,000001100,"NOR-in(0,1)/NOR-out(1,0)/NOT-in(1,1)|edges=001000010",43,1,0.1343921139693674,0.06896982221643748,25965,0.08262394468256008,155529,0.08042584670634188,302782,0.061858454487442524,582202,0.0,0,0.0,0,0.0,0,0.0,0
3,circuit,5,000001100,"NOR-in(0,1)/NOR-out(1,0)/NOT-mid(1,1)|edges=001000010",43,6,-0.08631881865449029,0.09817010165511636,36958,0.09389376807559824,176743,0.09834211438520905,370232,0.11482013828961429,1080669,0.19008512787243217,1789051,0.16297366854577092,613553,0.1956641846865225,368312,0.0,0
3,circuit,5,000001100,"NOR-in(0,1)/NOR-out(1,1)/OUT-NOT(1,0)|edges=010001000",43,1,0.3276813114096719,0.08082471597927053,30428,0.051193387916947344,96365,0.039306617862877466,147979,0.034599603350757485,325646,0.00012016777588996669,1131,0.0,0,0.0,0,0.0,0
3,circuit,5,000001100,"NOR-in(0,1)/NOR-out(1,1)/OUT-OR2(1,0)|edges=010001000",43,8,0.19963217873167224,0.23499677264263458,88469,0.24646297331239522,463935,0.27779883577462955,1045839,0.255202116652617,2401922,0.175717800587579,1653828,0.17033195147496358,641255,0.17276536787705699,325208,0.4539835420241504,170913
3,circuit,5,000001100,"NOR-in(0,1)/NOT-in(1,1)/NOT-mid(1,0)|edges=010001000",43,2,-0.06247196522863038,0.06896982221643748,25965,0.08302131565917895,156277,0.08196938164306386,308593,0.06805809107292707,640552,0.054246879011237016,510563,0.06043078175181958,227506,0.07029284390724874,132317,0.1669145810866089,62839
3,circuit,5,000001100,"NOR-in(1,0)/NOR-in(1,1)/NOT-in(0,1)|edges=000100010",43,3,-0.1599589274503515,0.03460577099309638,13028,0.040543526996789155,76318,0.0474336175056146,178575,0.06251666783186544,588397,0.061348252695726586,577400,0.1159095575600633,436369,0.172359496124031,324444,0.0,0
3,circuit,5,000001100,"NOR-in(1,0)/NOT-in(0,1)/NOT-in(1,1)|edges=000001100",43,1,-0.1656398145858979,0.0001381255827173021,52,0.013544081616173636,25495,0.023388100357661295,88050,0.035624057437428296,335288,0.0,0,0.0,0,0.0,0,0.0,0
3,circuit,5,000001100,"NOR-in(1,1)/NOR-mid(1,0)/NOT-in(0,1)|edges=010000100",43,11,0.16396526648498627,0.3301546740900313,124293,0.4075974355759648,767250,0.40838970073590836,1537479,0.3652276568178684,3437465,0.2113087120787527,1988804,0.21196434173223788,797990,0.1281625059499524,241249,0.1894420331815743,71320
3,circuit,5,000001100,"NOR-in(1,1)/NOR-out(1,0)/NOT-in(0,1)|edges=010000100",43,4,0.3308987090889886,0.22004733457469275,82841,0.22389251433829233,421449,0.2485872179582361,935865,0.20421645412237052,1922053,0.037031331064772556,348533,0.015403466430722783,57990,0.0,0,0.0,0
3,circuit,5,000001100,"NOR-in(1,1)/NOT-in(0,1)/NOT-mid(1,0)|edges=001100000",43,3,0.08288681357567507,0.11046327851695624,41586,0.11670009966149093,219673,0.13388591760110605,504045,0.11355885489790415,1068798,0.055617917897253046,523467,0.029422772427396656,110769,0.0,0,0.0,0
3,circuit,5,000001100,"NOR-mid(0,1)/NOR-out(1,1)/OUT-NOT(1,0)|edges=010001000",43,7,0.29710800559177813,0.39058461652885096,147043,0.24942891203226566,469518,0.18448522937205408,694538,0.15370190022314442,1446618,0.050967711842985874,479700,0.0,0,0.0,0,0.0,0
3,circuit,5,000001100,"NOR-mid(0,1)/NOR-out(1,1)/OUT-OR2(1,0)|edges=010001000",43,24,-0.22924191960794735,0.38086801303693,143385,0.4677274205098673,880437,0.4878829452803451,1836750,0.5017945477622765,4722811,0.7152763205413266,6732067,0.782530360022493,2946021,0.7340429714062288,1381739,0.833085418913391,313635
3,circuit,5,000001100,"NOR-mid(0,1)/NOT-out(1,1)/OUT-OR2(1,0)|edges=010001000",43,2,0.23760800232230378,0.0723724928214541,27246,0.0672545065481212,126598,0.07105095046530499,267488,0.07093807992101865,667658,0.05045665348575268,474890,0.0,0,0.0,0,0.0,0
3,circuit,5,000001100,"NOR-mid(1,0)/NOT-in(0,1)/NOT-in(1,1)|edges=000001100",43,1,-0.09936557727550105,0.0003081262999078277,116,0.003458402483674853,6510,0.005752596132264289,21657,0.011090708917553014,104384,0.02635435511500885,248043,0.0,0,0.0,0,0.0,0
3,circuit,5,000001100,"NOR-mid(1,1)/NOR-out(1,0)/NOT-in(0,1)|edges=010000100",43,9,-0.2644462220202107,0.35209804791363963,132554,0.24724921535169456,465415,0.19012546699834118,715772,0.17768934072628928,1672384,0.2030366853838691,1910949,0.2350188074226699,884784,0.24141666241670068,454435,0.11104618114398339,41806
3,circuit,5,000001100,"NOR-mid(1,1)/NOT-in(0,1)/OUT-OR2(1,0)|edges=001100000",43,1,-0.09936557727550105,0.0003081262999078277,116,0.003458402483674853,6510,0.005752596132264289,21657,0.011090708917553014,104384,0.02635435511500885,248043,0.0,0,0.0,0,0.0,0
3,circuit,5,000001100,"NOR-out(1,0)/NOT-in(0,1)/NOT-mid(1,1)|edges=000001100",43,2,-0.06247196522863038,0.06896982221643748,25965,0.08302131565917895,156277,0.08196938164306386,308593,0.06805809107292707,640552,0.054246879011237016,510563,0.06043078175181958,227506,0.07029284390724874,132317,0.1669145810866089,62839
3,circuit,5,000001100,"NOR-out(1,1)/NOT-in(0,1)/OUT-OR2(1,0)|edges=001100000",43,4,-0.12708594153269845,0.1239411478767176,46660,0.14230237168848667,267866,0.12983012084515907,488776,0.10992630348023266,1034609,0.12783322625190968,1203146,0.1965608753015151,740000,0.1281625059499524,241249,0.1894420331815743,71320
3,circuit,5,000001100,"NOR-out(1,1)/NOT-mid(0,1)/OUT-NOT(1,0)|edges=001100000",43,1,0.026833502976508748,0.034603114731890275,13027,0.028303650925534378,53278,0.023610692386051076,88888,0.019419684265842965,182775,0.0,0,0.0,0,0.0,0,0.0,0
3,circuit,5,000001100,"NOR-out(1,1)/NOT-mid(0,1)/OUT-OR2(1,0)|edges=001100000",43,12,-0.15502505451570986,0.24287258711872692,91434,0.26509744088841103,499012,0.2923355827169774,1100566,0.28995248751519626,2728987,0.3857609791750626,3630721,0.36623700407226323,1378786,0.4059015027879777,764056,0.4319926475666314,162634
3,circuit,5,000100100,"NOR-in(0,1)/NOR-in(0,1)/NOR-in(2,0)|edges=001001000",43,1,-0.07084646340477302,0.0,0,0.0005158385271349128,971,0.0021430459248791747,8068,0.00815642676534519,76767,0.03824458997979248,359952,0.03660043184955549,137791,0.037411919454644366,70423,0.09663881171076887,36382
3,circuit,5,000100100,"NOR-in(0,1)/NOR-in(0,1)/NOR-mid(2,0)|edges=001001000",43,5,0.2238581455912942,0.06757528508323395,25440,0.08255541412643197,155400,0.08767682187458081,330080,0.08940555950684255,841471,0.06392054434408741,601610,0.03916103568456442,147431,0.012266995614035088,23091,0.0,0
3,circuit,5,000100100,"NOR-in(0,1)/NOR-in(2,0)/NOT-in(0,1)|edges=010000010",43,2,0.28127681150096084,0.1097434317301026,41315,0.10930942449207702,205761,0.11892576768351558,447724,0.09894556240956871,931260,0.03326777407310642,313111,0.015403466430722783,57990,0.0,0,0.0,0
3,circuit,5,000100100,"NOR-in(0,1)/NOR-mid(0,1)/NOR-out(2,0)|edges=001001000",43,1,0.3276813114096719,0.08082471597927053,30428,0.051193387916947344,96365,0.039306617862877466,147979,0.034599603350757485,325646,0.00012016777588996669,1131,0.0,0,0.0,0,0.0,0
3,circuit,5,000100100,"NOR-in(0,1)/NOR-mid(2,0)/NOT-in(0,1)|edges=010000010",43,4,-0.0273705084156678,0.03509983557743134,13214,0.03284260496862469,61822,0.03534299226904417,133057,0.04736936722907163,445833,0.0877308700816344,825709,0.10810449707376638,406985,0.13851648561811505,260739,0.0,0
3,circuit,5,000100100,"NOR-in(0,1)/NOR-out(0,1)/OUT-OR2(2,0)|edges=001001000",43,10,0.009084926428419505,0.12836913530728958,48327,0.14438910056035684,271794,0.16582149872434582,624274,0.18221512855825672,1714980,0.3319269843168834,3124044,0.27972020356269245,1053073,0.2923312550999592,550275,0.2635533927973778,99221
3,circuit,5,000100100,"NOR-in(0,1)/NOR-out(2,0)/NOT-mid(0,1)|edges=010000010",43,1,0.2536544849169375,0.01403037169063057,5282,0.01703170255401164,32060,0.01987709626308359,74832,0.027687141369351503,260587,0.031769129971490166,299006,0.0,0,0.0,0,0.0,0
3,circuit,5,000100100,"NOR-in(2,0)/NOT-in(0,1)/NOT-in(0,1)|edges=000100100",43,1,-0.0220825208895289,0.05497132566028013,20695,0.059087151742588606,111224,0.0463902505754057,174647,0.03755513532845112,353463,0.0,0,0.0,0,0.0,0,0.0,0
3,circuit,5,000100100,"NOR-mid(0,1)/NOR-mid(0,1)/NOR-out(2,0)|edges=001001000",43,2,0.05208268970957658,0.0030520441258111556,1149,0.007574485808331191,14258,0.010109609308490504,38060,0.01763310518812364,165960,0.05084425034379565,478538,0.0,0,0.0,0,0.0,0
3,circuit,5,000100100,"NOR-mid(0,1)/NOR-out(2,0)/NOT-in(0,1)|edges=010000010",43,2,-0.11386770417184194,0.05497132566028013,20695,0.05959927155737548,112188,0.048362235323336174,182071,0.04316285802502847,406242,0.06511690964605119,612870,0.10380618885197027,390803,0.03812219502243982,71760,0.0,0
3,circuit,5,000100100,"NOR-mid(0,1)/NOR-out(2,0)/NOT-mid(0,1)|edges=010000010",43,4,-0.11246510617742439,0.04940911469470262,18601,0.047412519948235525,89248,0.05313601090116569,200043,0.06785685522557645,638658,0.1306661470375456,1229809,0.08979219531138563,338044,0.0827250569495444,155719,0.2645415088425761,99593
3,circuit,5,000100100,"NOR-mid(2,0)/NOT-in(0,1)/NOT-in(0,1)|edges=000100100",43,2,-0.3018511699869053,2.6562612061019633e-06,1,0.0031858739930258205,5997,0.008186499182545385,30820,0.02481023374595536,233510,0.06761259566539639,636359,0.067939141565533,255773,0.04568075955392357,85988,0.11050962350653697,41604
3,circuit,5,000100100,"NOR-out(0,1)/NOR-out(0,1)/OUT-OR2(2,0)|edges=001001000",43,13,-0.3635479456509242,0.17813684526481596,67063,0.23499924563263797,442356,0.24674857592898305,928943,0.24337605752412758,2290617,0.5070265211662628,4772053,0.7048763300065848,2653674,0.7076687449000408,1332093,0.7364466072026222,277253
3,circuit,5,000100100,"NOR-out(0,1)/NOT-in(0,1)/OUT-OR2(2,0)|edges=001001000",43,2,0.28127681150096084,0.1097434317301026,41315,0.10930942449207702,205761,0.11892576768351558,447724,0.09894556240956871,931260,0.03326777407310642,313111,0.015403466430722783,57990,0.0,0,0.0,0
3,circuit,5,000100100,"NOR-out(0,1)/NOT-out(0,1)/OUT-OR2(2,0)|edges=001001000",43,3,0.12208720521595626,0.0723724928214541,27246,0.08556969610682692,161074,0.10181672813624332,383313,0.11170278889084623,1051329,0.05045665348575268,474890,0.0,0,0.0,0,0.0,0
3,circuit,5,000100110,"NOR-in(0,2)/NOR-in(1,1)/NOR-in(2,0)|edges=011001000",43,1,0.2536544849169375,0.01403037169063057,5282,0.01703170255401164,32060,0.01987709626308359,74832,0.027687141369351503,260587,0.031769129971490166,299006,0.0,0,0.0,0,0.0,0
3,circuit,5,000100110,"NOR-in(0,2)/NOR-in(1,1)/NOR-mid(2,0)|edges=011001000",43,2,-0.1191173150427435,3.187513447322356e-05,12,0.0011283635753187998,2124,0.003489488635986331,13137,0.013641856716251718,128395,0.08269710463659553,778332,0.07576757685862252,285245,0.05970033489732082,112378,0.17141688403448843,64534
3,circuit,5,000100110,"NOR-in(0,2)/NOR-in(2,0)/NOT-in(1,1)|edges=011000010",43,1,0.02393399102411933,0.02981918829970064,11226,0.045912285138112977,86424,0.03776387979499221,142171,0.030432725071245354,286428,0.0,0,0.0,0,0.0,0,0.0,0
3,circuit,5,000100110,"NOR-in(0,2)/NOR-mid(1,1)/NOR-out(2,0)|edges=011001000",43,3,0.23368956221374546,0.1106624981074139,41661,0.1146335580852244,215783,0.12607686862421924,474646,0.11108123149538635,1045479,0.03326777407310642,313111,0.015403466430722783,57990,0.0,0,0.0,0
3,circuit,5,000100110,"NOR-in(0,2)/NOR-out(2,0)/NOT-mid(1,1)|edges=011000010",43,2,0.1793458975338347,0.11030390284459013,41526,0.1145830898462153,215688,0.12966145027472054,488141,0.10527089171280181,990793,0.0037635569916661363,35422,0.0,0,0.0,0,0.0,0
3,circuit,5,000100110,"NOR-in(1,1)/NOR-mid(2,0)/NOT-in(0,2)|edges=010000110",43,1,-0.0220825208895289,0.05497132566028013,20695,0.059087151742588606,111224,0.0463902505754057,174647,0.03755513532845112,353463,0.0,0,0.0,0,0.0,0,0.0,0
3,circuit,5,000100110,"NOR-in(1,1)/NOR-out(2,0)/NOT-in(0,2)|edges=010000110",43,1,-0.2182151575469809,0.0,0,7.915544855108343e-05,149,0.0010420388154810366,3923,0.004904990967761677,46165,0.06271631660585851,590276,0.09275468644954482,349197,0.09004031092751258,169489,0.1894420331815743,71320
3,circuit,5,000100110,"NOR-mid(0,2)/NOR-out(1,1)/OUT-OR2(2,0)|edges=011001000",43,4,-0.24564527469274192,0.00048078327830445536,181,0.03767639977645226,70921,0.06728627645770552,253315,0.11051534864269927,1040153,0.02635435511500885,248043,0.0,0,0.0,0,0.0,0
3,circuit,6,000000110,"NOR-in(0,2)/NOR-in(1,0)/NOR-in(1,0)|edges=011000000",63,12,0.1162192212081466,0.04709253772114415,259282,0.05201106368272369,1431812,0.06363685749602778,3503716,0.10325392897530938,14212379,0.20037814544570082,27581034,0.23387872276504507,12876887,0.24111582626323874,6637673,0.2564951087008838,1412210
3,circuit,6,000000110,"NOR-in(0,2)/NOR-in(1,0)/NOR-mid(1,0)|edges=011000000",63,4,0.03380363730201085,0.04235843741452193,233217,0.07952079170070503,2189127,0.07930127532678423,4366167,0.0638612298389039,8790174,0.06137784771586305,8448349,0.0608784374475723,3351843,0.062445900195143435,1719072,0.05280942977011321,290758
3,circuit,6,000000110,"NOR-in(0,2)/NOR-in(1,0)/NOR-out(1,0)|edges=011000000",63,5,-0.09427892153215807,0.003862292078278208,21265,0.012205134013457596,335995,0.021225847296541117,1168652,0.03561482638640313,4902200,0.10357891810624818,14257112,0.12089224071786014,6656081,0.12855241536183268,3538917,0.22311501858858945,1228426
3,circuit,6,000000110,"NOR-in(0,2)/NOR-in(1,0)/OUT-OR2(1,0)|edges=011000000",63,5,-0.16757186562514478,0.0007606526792301498,4188,0.010433474327735028,287223,0.02577336355336186,1419029,0.03602640713472888,4958852,0.12968296883253688,17850202,0.1583140365498784,8716449,0.17361812266135096,4779530,0.18528634455647383,1020149
3,circuit,6,000000110,"NOR-in(0,2)/NOR-mid(1,0)/NOR-mid(1,0)|edges=011000000",63,1,-0.0317552792625386,3.92313702754805e-05,216,0.0009496534725630498,26143,0.0018210988429703551,100266,0.004860201090455048,668982,0.019690701119295204,2710325,0.026896071189842517,1480843,0.020527930183830635,565113,0.013509034205220425,74378
3,circuit,6,000000110,"NOR-in(0,2)/NOR-mid(1,0)/NOR-out(1,0)|edges=011000000",63,1,-0.04350717418518614,1.4348510424828516e-05,79,0.0012992485848281605,35767,0.004105654682091694,226049,0.008936217785062931,1230025,0.022827722063206386,3142120,0.024721090773293538,1361093,0.02629694139423468,723928,0.029639487253162438,163189
3,circuit,6,000000110,"NOR-in(0,2)/NOR-mid(1,0)/NOT-in(1,0)|edges=011000000",63,1,0.07051498810968163,0.01808693308399618,99583,0.02049784683338716,564285,0.020127441320163527,1108176,0.03181104639661171,4378629,0.0,0,0.0,0,0.0,0,0.0,0
3,circuit,6,000000110,"NOR-in(0,2)/NOR-mid(1,0)/OUT-OR2(1,0)|edges=011000000",63,4,-0.019887043645470625,0.043212082971442106,237917,0.07725804968718611,2126836,0.08023846939353936,4417767,0.06422331366499666,8840013,0.08688088825304349,11958713,0.07240387208630497,3986410,0.06825243549697681,1878920,0.04983801618548595,274398
3,circuit,6,000000110,"NOR-in(0,2)/NOR-out(1,0)/NOR-out(1,0)|edges=011000000",63,1,-0.04350717418518614,1.4348510424828516e-05,79,0.0012992485848281605,35767,0.004105654682091694,226049,0.008936217785062931,1230025,0.022827722063206386,3142120,0.024721090773293538,1361093,0.02629694139423468,723928,0.029639487253162438,163189
3,circuit,6,000000110,"NOR-in(0,2)/NOR-out(1,0)/NOT-in(1,0)|edges=011000000",63,1,0.2466091640613717,0.04782649127338126,263323,0.03423765398722053,942528,0.027707198124478517,1525502,0.02478541126275621,3411586,0.01065942709211915,1467216,0.0,0,0.0,0,0.0,0
3,circuit,6,000000110,"NOR-in(1,0)/NOR-in(1,0)/NOT-in(0,2)|edges=000000110",63,1,0.20552615793108814,0.24674261569349257,1358515,0.11011766541807982,3031428,0.06808569593570354,3748660,0.0539440750309699,7425128,0.0,0,0.0,0,0.0,0,0.0,0
3,circuit,6,000000110,"NOR-in(1,0)/NOR-mid(1,0)/NOT-in(0,2)|edges=000000110",63,1,0.13032289710869266,0.042056392188743574,231554,0.0747845843521533,2058744,0.06905843435882766,3802217,0.04450985122429725,6126555,0.009070868659222086,1248559,0.0,0,0.0,0,0.0,0
3,circuit,6,000000110,"NOR-in(1,0)/NOT-in(0,2)/OUT-OR2(1,0)|edges=000101000",63,1,0.13032289710869266,0.042056392188743574,231554,0.0747845843521533,2058744,0.06905843435882766,3802217,0.04450985122429725,6126555,0.009070868659222086,1248559,0.0,0,0.0,0,0.0,0
3,circuit,6,000000110,"NOR-mid(0,2)/NOR-out(1,0)/NOR-out(1,0)|edges=011000000",63,4,-0.04938381607921305,0.0006258856572653046,3446,0.004442625916992448,122301,0.012282109871583163,676228,0.041393753704913286,5697640,0.1067790216538393,14697590,0.12258494760622018,6749278,0.13456506072636687,3704439,0.12437091305763726,684761
3,circuit,6,000000110,"NOR-mid(1,0)/NOT-in(0,2)/OUT-OR2(1,0)|edges=000101000",63,1,0.13032289710869266,0.042056392188743574,231554,0.0747845843521533,2058744,0.06905843435882766,3802217,0.04450985122429725,6126555,0.009070868659222086,1248559,0.0,0,0.0,0,0.0,0
3,circuit,6,000000110,"NOR-out(1,0)/NOR-out(1,0)/NOT-mid(0,2)|edges=000000110",63,1,-0.16172060464176846,3.632534284766713e-07,2,0.0003538815028768401,9742,0.0016849514258308884,92770,0.005262838537552442,724403,0.03740900835709005,5149160,0.04341141037772063,2390144,0.050069706539446555,1378368,0.06663449451550793,366876
3,circuit,6,000000110,"NOT-in(0,2)/NOT-mid(1,0)/OUT-OR2(1,0)|edges=011000000",63,1,0.07732835955279294,0.06777128401732138,373135,0.10050481694042597,2766796,0.08057625883643688,4436365,0.045360445625447776,6243635,0.004271599676387624,587964,0.0013896444814244593,76511,0.0,0,0.0,0
3,circuit,6,000001100,"NOR-in(0,1)/NOR-in(1,0)/NOR-in(1,1)|edges=001000010",63,14,0.11953319728731941,0.11241022645581984,618908,0.10176697734885941,2801542,0.11615436145689868,6395223,0.16407747319585098,22584431,0.2792859752522216,38442296,0.3137068246635405,17272060,0.3329489021042951,9165744,0.3913769432472719,2154842
3,circuit,6,000001100,"NOR-in(0,1)/NOR-in(1,0)/NOT-in(1,1)|edges=001000010",63,1,-0.10546193649187667,7.265068569533426e-07,4,0.0004268227939645731,11750,0.0019310375190569604,106319,0.008997556771473196,1238468,0.03330502111298389,4584267,0.03856173984774992,2123131,0.040077763866377764,1103300,0.011235248956690556,61859
3,circuit,6,000001100,"NOR-in(0,1)/NOR-in(1,1)/NOR-mid(1,0)|edges=010001000",63,36,0.1728305575215427,0.42160228181273635,2321257,0.36741567225734295,10114582,0.4087965144081691,22507505,0.4748074178864368,65354830,0.6390537068926793,87962497,0.645356865428758,35532037,0.6642969821512826,18287419,0.7266780813023074,4000942
3,circuit,6,000001100,"NOR-in(0,1)/NOR-in(1,1)/NOR-out(1,0)|edges=010001000",63,5,0.29039669493261566,0.15244656632880466,839340,0.2051303082724905,5647030,0.17549856136170083,9662594,0.12556799589017895,17283797,0.08389811201242943,11548149,0.058662300407859226,3229827,0.05698579980130757,1568761,0.09376571638947095,516255
3,circuit,6,000001100,"NOR-in(0,1)/NOR-in(1,1)/NOT-in(1,0)|edges=010001000",63,4,0.09860406847667492,0.10810367543451467,595197,0.08680471338776735,2389646,0.07266410690391092,4000738,0.06525524421453048,8982053,0.05726568726789418,7882331,0.0449154252281055,2472952,0.050069706539446555,1378368,0.06663449451550793,366876
3,circuit,6,000001100,"NOR-in(0,1)/NOR-in(1,1)/NOT-mid(1,0)|edges=010001000",63,5,0.18183275167903465,0.1776912265942194,978332,0.28473682778543014,7838517,0.23920058653818438,13169898,0.1560581944316115,21480618,0.03632723215410179,5000259,0.01609160396350995,885971,0.01756203762137073,483465,0.033451106170459974,184175
3,circuit,6,000001100,"NOR-in(0,1)/NOR-in(1,1)/OUT-OR2(1,0)|edges=010001000",63,4,-0.07787238298914771,2.7062380421512013e-05,149,0.0022572932118938333,62141,0.006915565916191566,380757,0.017814227828906033,2452038,0.1183888070959044,16295618,0.15452326817661102,8507737,0.178141283180805,4904048,0.22453098070996805,1236222
3,circuit,6,000001100,"NOR-in(0,1)/NOR-mid(1,0)/NOT-in(1,1)|edges=001000010",63,4,0.181205475154972,0.11516223442995911,634060,0.11612242643563844,3196733,0.12022518012697418,6619354,0.09743385230005071,13411275,0.03156728173064954,4345076,0.011083318786543644,610225,0.0029714866670873144,81802,0.00019197947181852145,1057
3,circuit,6,000001100,"NOR-in(0,1)/NOR-mid(1,1)/NOR-out(1,0)|edges=010001000",63,48,0.12567221038918072,0.7490768822248837,4124266,0.6858150875064827,18879796,0.7178097222514591,39521144,0.7550614398982333,103930373,0.7975654837275107,109780838,0.8258970768027086,45472214,0.8416072865174341,23168591,0.8352912393973116,4598944
3,circuit,6,000001100,"NOR-in(0,1)/NOR-mid(1,1)/NOT-out(1,0)|edges=010001000",63,2,-0.020864510887745928,0.0007517529702324713,4139,0.004087945256543929,112537,0.011647505982195093,641288,0.022076760666841017,3038754,0.010816098328829729,1488781,0.0027292326285857957,150266,3.149408254522752e-05,867,0.0,0
3,circuit,6,000001100,"NOR-in(0,1)/NOR-mid(1,1)/OUT-OR2(1,0)|edges=010001000",63,4,0.1948447314675079,0.022360791296738458,123114,0.058932131506899875,1622342,0.09365107868948376,5156238,0.08882850760015687,12226793,0.05888802827675712,8105638,0.013244295780118435,729204,0.011707443875238244,322294,2.887865280903019e-05,159
3,circuit,6,000001100,"NOR-in(0,1)/NOR-out(1,0)/NOT-mid(1,1)|edges=001000010",63,4,0.1220149297085978,0.11663522708243201,642170,0.1901239816689236,5233921,0.16602663516435323,9141089,0.11068674949011195,15235469,0.025251676376784,3475765,0.01609160396350995,885971,0.01756203762137073,483465,0.033451106170459974,184175
3,circuit,6,000001100,"NOR-in(0,1)/NOR-out(1,1)/OUT-NOT(1,0)|edges=010001000",63,3,0.27395817702627767,0.05468090184202181,301062,0.04373793022330025,1204061,0.038014443940510914,2092998,0.038313255028761616,5273625,0.03764361926583546,5181453,0.023878778524459503,1314717,0.009174876469274326,252575,0.00019197947181852145,1057
3,circuit,6,000001100,"NOR-in(0,1)/NOR-out(1,1)/OUT-OR2(1,0)|edges=010001000",63,8,-0.08879923778082316,0.1076508800359185,592704,0.18111689463060193,4985965,0.16890590965699842,9299616,0.13806371294975925,19003769,0.15587899534629396,21455952,0.1457529479793542,8024861,0.1529407862935428,4210304,0.2530521920804563,1393254
3,circuit,6,000001100,"NOR-in(0,1)/NOT-in(1,0)/NOT-in(1,1)|edges=001000010",63,2,-0.0601355335350276,0.018437654269190407,101514,0.04093096190346838,1126788,0.06237856548535473,3434437,0.06328297385355051,8710580,0.0006683428587968023,91994,0.0,0,0.0,0,0.0,0
3,circuit,6,000001100,"NOR-in(0,1)/NOT-in(1,1)/NOT-mid(1,0)|edges=010001000",63,2,-0.09878574788888232,0.001450107686478872,7984,0.002816885138789514,77546,0.004527337524104368,249266,0.009891327483915462,1361491,0.03740900835709005,5149160,0.04341141037772063,2390144,0.050069706539446555,1378368,0.06663449451550793,366876
3,circuit,6,000001100,"NOR-in(1,0)/NOR-in(1,1)/NOT-in(0,1)|edges=000100010",63,3,0.24496384623677142,0.2919678491655524,1607516,0.1525825013043523,4200442,0.10596580872664622,5834262,0.09278214418981617,12770991,0.01190920804117429,1639242,0.01470195948208549,809460,0.01756203762137073,483465,0.033451106170459974,184175
3,circuit,6,000001100,"NOR-in(1,0)/NOT-in(0,1)/NOT-in(1,1)|edges=000001100",63,4,0.04782097235177596,0.24114724150795216,1327708,0.15043738075524676,4141389,0.1363593755650295,7507670,0.1278970538411871,17604380,0.0006683428587968023,91994,0.0,0,0.0,0,0.0,0
3,circuit,6,000001100,"NOR-in(1,1)/NOR-mid(1,0)/NOT-in(0,1)|edges=010000100",63,16,-0.14941588099900863,0.33467264872412683,1842640,0.3284553602749451,9042044,0.33149231608933183,18251293,0.31527396993257767,43395861,0.21531924886643655,29637601,0.20636433960592843,11362001,0.18237162501583332,5020505,0.10929444002385122,601753
3,circuit,6,000001100,"NOR-in(1,1)/NOR-out(1,0)/NOT-in(0,1)|edges=010000100",63,5,0.07605980980868811,0.11406629883624499,628026,0.18571967899002756,5112675,0.16331084291579454,8991563,0.1170460178690791,16110790,0.06836575539173,9410199,0.038720354494745514,2131864,0.02482834362812049,683499,0.0339407718809829,186871
3,circuit,6,000001100,"NOR-in(1,1)/NOT-in(0,1)/NOT-mid(1,0)|edges=001100000",63,3,0.11949561185353332,0.10655004052091994,586643,0.17800432119029144,4900279,0.15166157515405537,8350178,0.09988680149057733,13748911,0.03205563247771416,4412295,0.01470195948208549,809460,0.01756203762137073,483465,0.033451106170459974,184175
3,circuit,6,000001100,"NOR-in(1,1)/NOT-in(0,1)/OUT-OR2(1,0)|edges=001100000",63,1,-0.12380465969091613,4.359041141720056e-06,24,0.0007199319960496914,19819,0.0020712533755559846,114039,0.004500166014115653,619425,0.026999259929104104,3716311,0.028050109441926905,1544382,0.02510666849601153,691161,0.008563337878239971,47148
3,circuit,6,000001100,"NOR-mid(0,1)/NOR-out(1,1)/OUT-NOT(1,0)|edges=010001000",63,20,0.3125994048686586,0.7080824614342917,3898559,0.42777480858450706,11776208,0.33191310896023457,18274461,0.3425779848238789,47154120,0.1846880641531263,25421374,0.175359344452366,9654929,0.13426254317223002,3696111,0.11834090504971397,651561
3,circuit,6,000001100,"NOR-mid(0,1)/NOR-out(1,1)/OUT-OR2(1,0)|edges=010001000",63,33,-0.39854839104161915,0.15358754534764987,845622,0.33206068700888364,9141295,0.43324356673031533,23853510,0.47197953296090356,64965586,0.7270425256010717,100073711,0.7498937982944412,41287628,0.7863667747091693,21647876,0.7815446156115091,4303026
3,circuit,6,000001100,"NOR-mid(0,1)/NOT-out(1,1)/OUT-OR2(1,0)|edges=010001000",63,2,-0.020864510887745928,0.0007517529702324713,4139,0.004087945256543929,112537,0.011647505982195093,641288,0.022076760666841017,3038754,0.010816098328829729,1488781,0.0027292326285857957,150266,3.149408254522752e-05,867,0.0,0
3,circuit,6,000001100,"NOR-mid(1,0)/NOT-in(0,1)/NOT-in(1,1)|edges=000001100",63,1,-0.24135757781380243,0.0,0,0.004146320084620615,114144,0.013258626131255447,729993,0.01743632794532006,2400022,0.023086896173960533,3177794,0.025468557529557893,1402247,0.02659582641289919,732156,0.02163991879831385,119145
3,circuit,6,000001100,"NOR-mid(1,1)/NOR-out(1,0)/NOT-in(0,1)|edges=010000100",63,16,-0.07118287220329862,0.21320324501552726,1173854,0.299871782432693,8255167,0.3187578284537822,17550158,0.29491202733944666,40593143,0.2090329144800047,28772319,0.17237002230757995,9490343,0.15246379806066923,4197173,0.13112415877301686,721943
3,circuit,6,000001100,"NOR-mid(1,1)/NOT-in(0,1)/OUT-OR2(1,0)|edges=001100000",63,1,0.1853433556125432,0.012050205982856617,66346,0.019420219173323074,534619,0.023984739574565112,1320551,0.025716488109891914,3539744,0.019628853577532294,2701812,0.00033560992181204223,18478,0.0,0,0.0,0
3,circuit,6,000001100,"NOR-out(1,0)/NOT-in(0,1)/NOT-mid(1,1)|edges=000001100",63,4,-0.15155743607555788,0.06922175495722872,381121,0.10372418689258803,2855422,0.08700844330122105,4790508,0.05990993986686992,8246299,0.05763999820959612,7933853,0.05681976960754835,3128381,0.05925308314172617,1631177,0.0680624440022035,374738
3,circuit,6,000001100,"NOR-out(1,1)/NOT-in(0,1)/OUT-OR2(1,0)|edges=001100000",63,1,-0.19175799454514955,0.0,0,0.0002791239445807472,7684,0.0016172772961268258,89044,0.004897587140919009,674128,0.025492782258198978,3508952,0.03008981424977061,1656684,0.028056541577038394,772368,0.022622519500809783,124555
3,circuit,6,000001100,"NOR-out(1,1)/NOT-mid(0,1)/OUT-NOT(1,0)|edges=001100000",63,3,0.2430771543097244,0.2270377518390613,1250024,0.11667922131103325,3212061,0.08126486036071764,4474278,0.07474984075329709,10288936,0.0,0,0.0,0,0.0,0,0.0,0
3,circuit,6,000001100,"NOR-out(1,1)/NOT-mid(0,1)/OUT-OR2(1,0)|edges=001100000",63,11,-0.21861091946403524,0.17595505683281515,968773,0.2914597771825184,8023593,0.2636045933188924,14513533,0.2035381733879002,28015996,0.2186352375471958,30094030,0.2321871419625792,12783752,0.24382468061567553,6712245,0.26488154212732506,1458384
3,circuit,6,000001100,"NOT-in(0,1)/NOT-in(1,0)/NOT-in(1,1)|edges=001000010",63,1,-0.24135757781380243,0.0,0,0.004146320084620615,114144,0.013258626131255447,729993,0.01743632794532006,2400022,0.023086896173960533,3177794,0.025468557529557893,1402247,0.02659582641289919,732156,0.02163991879831385,119145
3,circuit,6,000100100,"NOR-in(0,1)/NOR-in(0,1)/NOR-in(2,0)|edges=001001000",63,9,0.13564978075112652,0.26083321618410266,1436095,0.14589994568997794,4016478,0.12806457238059663,7050975,0.1319052874322527,18156093,0.18525600374313847,25499548,0.20400384561965393,11232037,0.23011527379091873,6334839,0.2797854697512458,1540442
3,circuit,6,000100100,"NOR-in(0,1)/NOR-in(0,1)/NOR-mid(2,0)|edges=001001000",63,16,0.11441850262172429,0.10604275710805228,583850,0.14930653646597775,4110258,0.17220683066630485,9481358,0.21034866073737177,28953425,0.20830525958890994,28672161,0.18661370115609244,10274571,0.1590767562373631,4379221,0.1038465457407892,571758
3,circuit,6,000100100,"NOR-in(0,1)/NOR-in(2,0)/NOT-in(0,1)|edges=010000010",63,3,0.13891236608230043,0.05754424699198917,316827,0.10281169424710802,2830302,0.10247236335478932,5641920,0.0802318446589697,11043506,0.040608930277928675,5589613,0.015037569403897532,827938,0.01756203762137073,483465,0.033451106170459974,184175
3,circuit,6,000100100,"NOR-in(0,1)/NOR-mid(0,1)/NOR-out(2,0)|edges=001001000",63,2,0.24376803297731267,0.048248591757271156,265647,0.03577563273391551,984867,0.029826473614617845,1642185,0.028470291116151746,3918791,0.026904378113595633,3703251,0.014299474588300727,787300,0.006203389802187011,170773,0.0,0
3,circuit,6,000100100,"NOR-in(0,1)/NOR-mid(2,0)/NOT-in(0,1)|edges=010000010",63,8,-0.020289787491310114,0.0912016750342094,502138,0.16378436563725607,4508818,0.16154054507679153,8894094,0.14655541742397152,20172609,0.10562222633699649,14538363,0.09379356488044682,5164083,0.07526333793466601,2071923,0.05911678182105152,325485
3,circuit,6,000100100,"NOR-in(0,1)/NOR-out(0,1)/OUT-OR2(2,0)|edges=001001000",63,9,-0.14444503379793422,0.04397273565067226,242105,0.08769152401492114,2414059,0.10601183294690122,5836796,0.10024972079972554,13798865,0.21656385708558037,29808915,0.23071790863618338,12702859,0.24187055815832775,6658450,0.2351243607419598,1294547
3,circuit,6,000100100,"NOR-in(0,1)/NOR-out(2,0)/NOT-mid(0,1)|edges=010000010",63,1,-0.08081705021574134,0.003437648820388979,18927,0.00860689072163166,236939,0.009429189421396544,519152,0.010005505324780525,1377207,0.01190920804117429,1639242,0.01470195948208549,809460,0.01756203762137073,483465,0.033451106170459974,184175
3,circuit,6,000100100,"NOR-in(2,0)/NOT-in(0,1)/NOT-in(0,1)|edges=000100100",63,4,-0.2098764409156315,0.0020185993020448625,11114,0.013214760629240688,363789,0.02710984588297639,1492613,0.03350646673329511,4611995,0.05671842406738713,7807003,0.059572522901181583,3279942,0.05490704505190366,1511535,0.018124896359237364,99792
3,circuit,6,000100100,"NOR-mid(0,1)/NOR-mid(0,1)/NOR-out(2,0)|edges=001001000",63,15,0.19398989364541777,0.14510921032700436,798942,0.14500507083641903,3991843,0.14927874107665473,8218984,0.17615387220750506,24246686,0.23571043351465182,32444344,0.1996985104807811,10994994,0.18024027115278984,4961831,0.16779532554505733,923847
3,circuit,6,000100100,"NOR-mid(0,1)/NOR-out(2,0)/NOT-mid(0,1)|edges=010000010",63,5,-0.08597343726893504,0.2642754056723476,1455047,0.1841147889593766,5068494,0.14625483719731242,8052494,0.11990487378822445,16504297,0.07521976782565047,10353619,0.07289842358327542,4013639,0.06605071942183403,1818309,0.043921524894579296,241823
3,circuit,6,000100100,"NOR-out(0,1)/NOR-out(0,1)/OUT-OR2(2,0)|edges=001001000",63,21,-0.45157979717350516,0.04361493102362273,240135,0.11014145851850934,3032083,0.17083306036345294,9405721,0.25335337107459727,34872805,0.4917453583339991,67686251,0.5618576145392364,30934738,0.594565923090288,16367794,0.6130547493850572,3375355
3,circuit,6,000100100,"NOR-out(0,1)/NOT-in(0,1)/OUT-OR2(2,0)|edges=001001000",63,2,0.149021709500185,0.10982767620606496,604689,0.17528940129257925,4825540,0.14963469319526454,8238582,0.08987029684974503,12370190,0.01334246833560971,1836523,0.0013896444814244593,76511,0.0,0,0.0,0
3,circuit,6,000100100,"NOR-out(0,1)/NOT-out(0,1)/OUT-OR2(2,0)|edges=001001000",63,4,-0.009463486050523521,0.06388410907919252,351733,0.1228730920703263,3382572,0.12872189777730078,7087166,0.09967517726516638,13719782,0.022863015773753104,3146978,0.0027292326285857957,150266,3.149408254522752e-05,867,0.0,0
3,circuit,6,000100100,"NOR-out(2,0)/NOT-mid(0,1)/NOT-mid(0,1)|edges=000100100",63,1,0.07732835955279294,0.06777128401732138,373135,0.10050481694042597,2766796,0.08057625883643688,4436365,0.045360445625447776,6243635,0.004271599676387624,587964,0.0013896444814244593,76511,0.0,0,0.0,0
3,circuit,6,000100110,"NOR-in(0,2)/NOR-in(1,1)/NOR-in(2,0)|edges=011001000",63,2,0.06887174785681592,0.0021797021975742664,12001,0.004377240297491492,120501,0.005462315744422601,300744,0.00983213895823923,1353344,0.007427567923120098,1022367,0.009398113083252783,517441,0.009449605127047747,260138,0.003412403326893454,18788
3,circuit,6,000100110,"NOR-in(0,2)/NOR-in(1,1)/NOR-mid(2,0)|edges=011001000",63,5,0.14111921830857782,0.011620477176968716,63980,0.02397890456492972,660115,0.03985439564087065,2194302,0.059652494844669966,8210863,0.10414903721729042,14335586,0.08514744105971075,4688045,0.0798646706174849,2198593,0.09435400542373792,519494
3,circuit,6,000100110,"NOR-in(0,2)/NOR-in(2,0)/NOT-in(1,1)|edges=011000010",63,1,-0.13714658201057814,0.0020763565971726535,11432,0.02417230069727588,665439,0.04390044042127454,2417069,0.032226971656825816,4435879,0.0009713616676055922,133703,0.0,0,0.0,0,0.0,0
3,circuit,6,000100110,"NOR-in(0,2)/NOR-mid(1,1)/NOR-out(2,0)|edges=011001000",63,5,0.0019256514290387071,0.049588633654921596,273025,0.08429557656476233,2320572,0.08724984342411335,4803799,0.07785791037027869,10716746,0.1025658622013376,14117670,0.09310231160551206,5126024,0.084345657400105,2321950,0.12389486935315631,682140
3,circuit,6,000100110,"NOR-in(0,2)/NOR-out(2,0)/NOT-mid(1,1)|edges=011000010",63,1,0.14980580649439887,0.06105599951178739,336162,0.0946128461165065,2604596,0.07317395137383115,4028809,0.04537144494149955,6245149,0.011075555777317784,1524494,0.0,0,0.0,0,0.0,0
3,circuit,6,000100110,"NOR-in(1,1)/NOR-in(2,0)/NOT-in(0,2)|edges=010000110",63,3,0.13886213934107738,0.10424574239737819,573956,0.17052576830918129,4694402,0.14955337889610054,8234105,0.10037129448189887,13815599,0.04562540306154849,6280105,0.016754051234764988,922444,0.013099831047142645,360625,0.00019161621832406825,1055
3,circuit,6,000100110,"NOR-in(1,1)/NOR-mid(2,0)/NOT-in(0,2)|edges=010000110",63,3,-0.029231396776917506,0.014618044468758208,80484,0.04511041070196948,1241844,0.0704062683607624,3876426,0.06324713526300665,8705647,0.020600215245137887,2835515,0.00033560992181204223,18478,0.0,0,0.0,0
3,circuit,6,000100110,"NOR-mid(0,2)/NOR-out(1,1)/OUT-OR2(2,0)|edges=011001000",63,4,0.16158109107147645,0.022360791296738458,123114,0.058932131506899875,1622342,0.09365107868948376,5156238,0.08882850760015687,12226793,0.05888802827675712,8105638,0.013244295780118435,729204,0.011707443875238244,322294,2.887865280903019e-05,159
3,circuit,6,000100110,"NOR-mid(1,1)/NOR-out(2,0)/NOT-in(0,2)|edges=010000110",63,1,-0.19175799454514955,0.0,0,0.0002791239445807472,7684,0.0016172772961268258,89044,0.004897587140919009,674128,0.025492782258198978,3508952,0.03008981424977061,1656684,0.028056541577038394,772368,0.022622519500809783,124555
3,circuit,7,000000110,"NOR-in(0,2)/NOR-in(1,0)/NOR-in(1,0)|edges=011000000",82,18,0.021130808382104477,0.26268421041078305,2154010,0.13804559209978498,5659869,0.1258583536585366,10320385,0.1446865734923916,29660748,0.3122765756097561,64016698,0.35508658183138003,29117099,0.3648852350027991,14960295,0.3614919071351333,2964234
3,circuit,7,000000110,"NOR-in(0,2)/NOR-in(1,0)/NOR-mid(1,0)|edges=011000000",82,10,-0.04801663657119588,0.0449223280298361,368363,0.04535717294425234,1859644,0.05039743902439024,4132590,0.07784384276326084,15957988,0.15338213170731707,31443337,0.16176247955518241,13264523,0.15980980098024875,6552202,0.19204948877445258,1574806
3,circuit,7,000000110,"NOR-in(0,2)/NOR-in(1,0)/NOR-out(1,0)|edges=011000000",82,14,0.07143768139389305,0.15031259763721894,1232563,0.15241764158134838,6249123,0.15861243902439023,13006220,0.14800480759017354,30340986,0.1710749219512195,35070359,0.1838650288747568,15076932,0.17718138592240523,7264437,0.14530547008469877,1191505
3,circuit,7,000000110,"NOR-in(0,2)/NOR-in(1,0)/NOT-in(1,0)|edges=011000000",82,1,0.07687864844894327,0.0001726829689470656,1416,0.0009099268736549695,37307,0.0018801951219512196,154176,0.0029423609325508154,603184,0.0,0,0.0,0,0.0,0,0.0,0
3,circuit,7,000000110,"NOR-in(0,2)/NOR-in(1,0)/NOT-mid(1,0)|edges=011000000",82,1,0.13729798449719127,0.02361037161228576,193605,0.022233879133359957,911589,0.02239270731707317,1836202,0.018980428990530308,3890988,0.006506087804878049,1333748,0.003955463511108866,324348,0.001441341428259965,59095,0.0015734144422665315,12902
3,circuit,7,000000110,"NOR-in(0,2)/NOR-in(1,0)/OUT-OR2(1,0)|edges=011000000",82,6,-0.003971106635786935,0.035944764864576796,294747,0.06853083261126013,2809764,0.07305403658536586,5990431,0.09338740838945256,19144419,0.07890786829268293,16176113,0.09069740465115621,7437187,0.09907519270548311,4062083,0.08660230651191383,710139
3,circuit,7,000000110,"NOR-in(0,2)/NOR-mid(1,0)/NOR-mid(1,0)|edges=011000000",82,2,0.09526076318287215,0.00015865857528257933,1301,0.0015445854411992898,63328,0.003886890243902439,318725,0.016288029029931282,3339046,0.030040043902439025,6158209,0.03160669589284624,2591749,0.03456773086420169,1417277,0.03181743514421523,260903
3,circuit,7,000000110,"NOR-in(0,2)/NOR-mid(1,0)/NOR-out(1,0)|edges=011000000",82,4,-0.23000821311817143,0.0,0,4.6682929106484346e-05,1914,0.0016056463414634147,131663,0.012253453479217753,2511958,0.11705395121951219,23996060,0.14284529616695843,11713314,0.14742009396536357,6044224,0.1669229064728163,1368768
3,circuit,7,000000110,"NOR-in(0,2)/NOR-mid(1,0)/NOT-in(1,0)|edges=011000000",82,1,0.07699499351665132,0.04545732816032394,372750,0.04477668511105781,1835844,0.042011487804878046,3444942,0.032135038554121385,6587683,0.0016462878048780487,337489,0.0,0,0.0,0,0.0,0
3,circuit,7,000000110,"NOR-in(0,2)/NOR-mid(1,0)/OUT-OR2(1,0)|edges=011000000",82,3,-0.13996757320971162,1.7682931142178327e-05,145,0.001308219576010711,53637,0.004597609756097561,377004,0.007094521847397241,1454377,0.07384653658536586,15138540,0.08631209966614878,7077592,0.09597807082980316,3935101,0.11852693676500771,971921
3,circuit,7,000000110,"NOR-in(1,0)/NOR-in(1,0)/NOT-in(0,2)|edges=000000110",82,4,0.02531996148691886,0.005423294005681465,44471,0.03096844053504588,1269706,0.05505723170731707,4514693,0.060886803987022384,12481795,0.026175463414634146,5365970,0.017194622370600546,1409959,0.009615243667920886,394225,0.0037335361300565697,30615
3,circuit,7,000000110,"NOR-in(1,0)/NOR-mid(1,0)/NOT-in(0,2)|edges=000000110",82,2,0.1578560357713216,0.0301923244371523,247577,0.026350635431738312,1080376,0.026074719512195123,2138127,0.02502186792650925,5129483,0.0173401756097561,3554736,0.016009000390463424,1312738,0.013554170401117794,555721,0.011258291309964474,92318
3,circuit,7,000000110,"NOR-in(1,0)/NOT-in(0,2)/NOT-in(1,0)|edges=000101000",82,2,-0.03602313354312544,0.1018496589877217,835167,0.09723841937748387,3986775,0.07022543902439024,5758486,0.039185560402162534,8033040,0.016241146341463415,3329435,0.021981683462967888,1802498,0.02952207245068116,1210405,0.07750194176805589,635516
3,circuit,7,000000110,"NOR-mid(0,2)/NOR-out(1,0)/NOR-out(1,0)|edges=011000000",82,4,0.012351604849040129,0.01141500278414702,93603,0.02780900135653665,1140169,0.03990321951219512,3272064,0.05284028215355684,10832258,0.07049858536585366,14452210,0.07401068473196792,6068876,0.07326072992047,3003690,0.05424243240945946,444788
3,circuit,7,000000110,"NOR-out(1,0)/NOT-mid(0,2)/NOT-out(1,0)|edges=000101000",82,1,0.09583050747532344,0.0009054880257287868,7425,0.003741609938615119,153406,0.007554865853658536,619499,0.00895859986889854,1836513,0.01499410243902439,3073791,1.4634146698393822e-07,12,0.0,0,0.0,0
3,circuit,7,000001100,"NOR-in(0,1)/NOR-in(1,0)/NOR-in(1,1)|edges=001000010",82,39,0.1961852689174936,0.16215467369626188,1329668,0.2575914515898269,10561249,0.3246554878048781,26621750,0.4249787596344572,87120647,0.41340723414634145,84748483,0.4141761808335654,33962446,0.41825298979870756,17148373,0.4196083634623947,3440789
3,circuit,7,000001100,"NOR-in(0,1)/NOR-in(1,0)/NOT-in(1,1)|edges=001000010",82,9,0.4010748969373037,0.506486586947948,4153189,0.49902417068410587,20459990,0.42335274390243904,34714925,0.29566319079517284,60610955,0.005209341463414634,1067915,7.810975800267702e-05,6405,4.8780486615110085e-08,2,0.0,0
3,circuit,7,000001100,"NOR-in(0,1)/NOR-in(1,1)/NOR-mid(1,0)|edges=010001000",82,51,0.19027847626247843,0.548452328890812,4497308,0.5201173668349935,21324811,0.5630097682926829,46166801,0.5814844695392517,119204318,0.6417596341463415,131560725,0.6699913212193005,54939287,0.661126861923735,27106202,0.5973290734964545,4898099
3,circuit,7,000001100,"NOR-in(0,1)/NOR-in(1,1)/NOR-out(1,0)|edges=010001000",82,13,-0.09863106693581339,0.0422211078588068,346213,0.04177151423275679,1712632,0.05313820731707317,4357333,0.09334015473160749,19134732,0.23076986829268292,47307823,0.24331740837359533,19952027,0.23344338455016136,9571179,0.23324936179885833,1912645
3,circuit,7,000001100,"NOR-in(0,1)/NOR-in(1,1)/NOT-in(1,0)|edges=010001000",82,11,0.2892979468747294,0.5765114820759712,4727393,0.4031500196658546,16529150,0.3328578780487805,27294346,0.2519463621666386,51649005,0.038666546341463416,7926642,0.031066476367475032,2547451,0.031203706556007158,1279352,0.045024384753123814,369200
3,circuit,7,000001100,"NOR-in(0,1)/NOR-in(1,1)/NOT-mid(1,0)|edges=010001000",82,11,-0.12603691958175334,0.011494758901160708,94257,0.021509586415101777,881893,0.03967379268292683,3253251,0.10436660822878134,21395155,0.1259355951219512,25816797,0.1181913809314971,9691693,0.1272665822617907,5217930,0.14003644633701873,1148299
3,circuit,7,000001100,"NOR-in(0,1)/NOR-in(1,1)/OUT-OR2(1,0)|edges=010001000",82,4,-0.01321954322308432,1.890244363474235e-05,155,0.0020306830258869767,83258,0.009000365853658536,738030,0.025329809385417422,5192611,0.09237624390243902,18937130,0.11646864918216218,9550429,0.13052233827994297,5351416,0.1482827867947821,1215919
3,circuit,7,000001100,"NOR-in(0,1)/NOR-mid(1,0)/NOT-in(1,1)|edges=001000010",82,10,0.4036881613172904,0.6075650262353722,4982032,0.41232994694292424,16905527,0.3264638536585366,26770036,0.22960864542036127,47069773,0.022615678048780487,4636214,0.016760402847814704,1374353,0.015161999630195131,621642,0.01308755937956593,107318
3,circuit,7,000001100,"NOR-in(0,1)/NOR-mid(1,1)/NOR-out(1,0)|edges=010001000",82,55,0.05264488206774796,0.8270311773246773,6781654,0.7594640858275163,31138026,0.7291052560975609,59786631,0.6783957656820132,139071134,0.6718795024390244,137735298,0.7047936635315528,57793079,0.7056012510828963,28929652,0.689595281756673,5654682
3,circuit,7,000001100,"NOR-in(0,1)/NOR-mid(1,1)/NOT-out(1,0)|edges=010001000",82,2,0.010704230452217831,0.002084390752290427,17092,0.008009317463869145,328382,0.013457914634146341,1103549,0.013463531510289783,2760024,0.03276536585365854,6716900,0.017229085786075262,1412785,0.017425828843272467,714459,0.01912024157070225,156786
3,circuit,7,000001100,"NOR-in(0,1)/NOR-mid(1,1)/OUT-OR2(1,0)|edges=010001000",82,4,-0.0662757985567527,0.0039653668208211755,32516,0.05725244181719229,2347350,0.10227589024390243,8386623,0.10942442766695959,22432008,0.016551658536585367,3393090,0.011608597844112143,951905,0.009293731480640695,381043,0.00024609753096371573,2018
3,circuit,7,000001100,"NOR-in(0,1)/NOR-out(1,0)/NOT-mid(1,1)|edges=001000010",82,12,-0.21160857123339058,0.02843720205785416,233185,0.036565587149540835,1499189,0.05543431707317073,4545614,0.10223957411356721,20959113,0.17433776585365854,35739242,0.17018438219961907,13955119,0.18361950771659738,7528400,0.2064049748286616,1692521
3,circuit,7,000001100,"NOR-in(0,1)/NOR-out(1,1)/OUT-NOT(1,0)|edges=010001000",82,11,0.25258678407392393,0.1924769981651215,1578311,0.19000493609780175,7790202,0.18596993902439024,15249535,0.1647066317360005,33764860,0.0655848243902439,13444889,0.047640098722929236,3906488,0.038349511259768015,1572330,0.029461093968159272,241581
3,circuit,7,000001100,"NOR-in(0,1)/NOR-out(1,1)/OUT-OR2(1,0)|edges=010001000",82,14,-0.2666283685762845,0.028364884967045114,232592,0.07202749131841421,2953127,0.08564330487804878,7022751,0.09923723757213798,20343634,0.2856872926829268,58565895,0.3210110322197813,26322904,0.3194365044039877,13096897,0.30547886518550427,2504927
3,circuit,7,000001100,"NOR-in(0,1)/NOT-in(1,0)/NOT-in(1,1)|edges=001000010",82,3,0.12562265248769286,0.15531564763796285,1273588,0.14726951937900096,6038050,0.11492707317073171,9424020,0.06785648193380758,13910579,0.01572128292682927,3222863,0.016009000390463424,1312738,0.013554170401117794,555721,0.011258291309964474,92318
3,circuit,7,000001100,"NOR-in(0,1)/NOT-in(1,1)/NOT-mid(1,0)|edges=010001000",82,1,-0.11605156196587921,0.0,0,0.00015017073903271898,6157,0.000831890243902439,68215,0.015874911962806167,3254357,0.017669760975609756,3622301,0.01430607351966033,1173098,0.016041706925812027,657710,0.03193682537355788,261882
3,circuit,7,000001100,"NOR-in(0,1)/NOT-mid(1,1)/NOT-out(1,0)|edges=010001000",82,3,0.056282951548896065,0.007574635993813657,62112,0.011776171306154697,482823,0.017651243902439023,1447402,0.035977062888140544,7375298,0.019184463414634145,3932815,0.0031491951987608585,258234,0.00065360974015586,26798,4.6341457763236854e-06,38
3,circuit,7,000001100,"NOR-in(1,0)/NOR-in(1,1)/NOT-in(0,1)|edges=000100010",82,27,0.17078086535689993,0.5762429454251087,4725191,0.4373614603590956,17931819,0.40742386585365853,33408757,0.4127956183493324,84623103,0.21099806829268292,43254604,0.14568918648022405,11946513,0.12547128962265147,5144323,0.1043585238587166,855740
3,circuit,7,000001100,"NOR-in(1,0)/NOT-in(0,1)/NOT-in(1,1)|edges=000001100",82,5,0.08901265686799247,0.28009494636462107,2296778,0.28957625802811016,11872626,0.2325981219512195,19073046,0.1416944759752028,29047368,0.02032809756097561,4167260,0.01601131746369067,1312928,0.013554170401117794,555721,0.011258291309964474,92318
3,circuit,7,000001100,"NOR-in(1,1)/NOR-mid(1,0)/NOT-in(0,1)|edges=010000100",82,20,-0.14946022762253597,0.1820641907473636,1492926,0.2324479381681921,9530365,0.2505324268292683,20543659,0.2574060840379597,52768248,0.22608306341463413,46347028,0.20604412697668603,16895618,0.2059022144901899,8441991,0.23743399543487861,1946959
3,circuit,7,000001100,"NOR-in(1,1)/NOR-out(1,0)/NOT-in(0,1)|edges=010000100",82,8,-0.04166889499767446,0.034044276596165025,279163,0.07859554041929466,3222417,0.08445939024390244,6925670,0.0756465988929766,15507553,0.1003738780487805,20576645,0.0928881729972725,7616830,0.08783385151624752,3601188,0.12589778952465983,1032362
3,circuit,7,000001100,"NOR-in(1,1)/NOT-in(0,1)/NOT-in(1,0)|edges=001100000",82,4,0.18585571312116902,0.22589017704638464,1852299,0.20517415634995884,8412140,0.18083768292682928,14828690,0.1369409492154983,28072895,0.005209341463414634,1067915,7.810975800267702e-05,6405,4.8780486615110085e-08,2,0.0,0
3,circuit,7,000001100,"NOR-in(1,1)/NOT-in(0,1)/NOT-mid(1,0)|edges=001100000",82,5,-0.28170060724903423,0.02836305569830627,232577,0.07003327170894008,2871364,0.07100193902439024,5822159,0.06307309175990597,12929984,0.09721908292682926,19929912,0.10691820992483439,8767293,0.11859548491230525,4862415,0.1462870553308469,1199554
3,circuit,7,000001100,"NOR-in(1,1)/NOT-in(0,1)/OUT-OR2(1,0)|edges=001100000",82,1,-0.16805655721347387,0.0,0,0.00011939024972635364,4895,0.0008694024390243902,71291,0.0016643024146687452,341182,0.024340848780487805,4989874,0.025542646964454803,2094497,0.02708880421734624,1110641,0.01953743664177602,160207
3,circuit,7,000001100,"NOR-mid(0,1)/NOR-out(1,1)/OUT-NOT(1,0)|edges=010001000",82,32,0.38529182540687007,0.8809861904844367,7224085,0.661356056651515,27115597,0.5384824146341464,44155558,0.4368139497051617,89546861,0.2113763268292683,43332147,0.20342782203482493,16681081,0.19146426362282284,7850035,0.21911485132745714,1796742
3,circuit,7,000001100,"NOR-mid(0,1)/NOR-out(1,1)/OUT-OR2(1,0)|edges=010001000",82,31,-0.30305529731885067,0.07310916417296687,599495,0.18397054555953882,7542792,0.24333410975609757,19953397,0.2866341616590123,58760004,0.5892269902439025,120791533,0.6322138446881426,51841534,0.6351446674354959,26040932,0.5711895644890775,4683755
3,circuit,7,000001100,"NOR-mid(0,1)/NOT-out(1,1)/OUT-OR2(1,0)|edges=010001000",82,2,0.03649848995960896,0.002084390752290427,17092,0.008009317463869145,328382,0.013457914634146341,1103549,0.013463531510289783,2760024,0.03276536585365854,6716900,0.017229085786075262,1412785,0.017425828843272467,714459,0.01912024157070225,156786
3,circuit,7,000001100,"NOR-mid(1,0)/NOT-in(0,1)/NOT-in(1,1)|edges=000001100",82,5,-0.06353716064437323,0.13789442387668874,1130734,0.1643543007002098,6738526,0.13461701219512195,11038595,0.09191822304509918,18843236,0.05726199024390244,11738708,0.06445519669402919,5285326,0.06675197398165918,2736831,0.10833145020348169,888318
3,circuit,7,000001100,"NOR-mid(1,1)/NOR-out(1,0)/NOT-in(0,1)|edges=010000100",82,22,0.34507436221748855,0.7692937242179815,6308207,0.6226023962245071,25526697,0.5256137682926829,43100329,0.4042984867663636,82881191,0.17686774146341463,36257887,0.17684130919125143,14500987,0.17252004457268183,7073322,0.2124385106782304,1741996
3,circuit,7,000001100,"NOR-mid(1,1)/NOT-in(0,1)/NOT-out(1,0)|edges=001100000",82,1,0.07995051181148055,0.00208329319104712,17083,0.00723051254782988,296451,0.010223341463414633,838314,0.00781401451979491,1601873,0.016248146341463415,3330870,0.0,0,0.0,0,0.0,0
3,circuit,7,000001100,"NOR-out(1,0)/NOT-in(0,1)/NOT-in(1,1)|edges=000001100",82,1,-0.33899546001180786,0.0,0,2.9317074600832907e-05,1202,0.0006810121951219512,55843,0.0017983755834384062,368667,0.025299560975609755,5186410,0.026464512840597875,2170090,0.023675731129860215,970705,0.019571217125461327,160484
3,circuit,7,000001100,"NOR-out(1,0)/NOT-in(0,1)/NOT-mid(1,1)|edges=000001100",82,2,-0.3224454871492618,0.0,0,0.00017948781363355187,7359,0.0015129024390243902,124058,0.017673287546244573,3623024,0.04296932195121951,8808711,0.0407705863602582,3343188,0.039717438055672245,1628415,0.051508042499019205,422366
3,circuit,7,000001100,"NOR-out(1,1)/NOT-in(0,1)/OUT-OR2(1,0)|edges=001100000",82,1,-0.33899546001180786,0.0,0,2.9317074600832907e-05,1202,0.0006810121951219512,55843,0.0017983755834384062,368667,0.025299560975609755,5186410,0.026464512840597875,2170090,0.023675731129860215,970705,0.019571217125461327,160484
3,circuit,7,000001100,"NOR-out(1,1)/NOT-mid(0,1)/OUT-NOT(1,0)|edges=001100000",82,3,0.10441103778371631,0.027525616469662555,225710,0.029363562407978654,1203906,0.032789658536585366,2688752,0.03704443848227651,7594110,0.00916709756097561,1879255,0.005423731839603215,444746,0.0018027804438346233,73914,0.0016346339469958601,13404
3,circuit,7,000001100,"NOR-out(1,1)/NOT-mid(0,1)/OUT-OR2(1,0)|edges=001100000",82,18,-0.514525795532938,0.04277013238295912,350715,0.11314102990931853,4638782,0.14482889024390244,11875969,0.1752255096308462,35921230,0.3375578634146342,69199362,0.32603032502512985,26734486,0.33943784537956473,13916952,0.34657605529560304,2841924
3,circuit,7,000001100,"NOT-mid(0,1)/NOT-out(1,1)/OUT-NOT(1,0)|edges=010001000",82,2,-0.0020890156475707614,0.00666914796808487,54687,0.00803456136753958,329417,0.010096378048780488,827903,0.027018463019242003,5538785,0.004190360975609756,859024,0.0031490488572938746,258222,0.00065360974015586,26798,4.6341457763236854e-06,38
3,circuit,7,000001100,"NOT-mid(0,1)/NOT-out(1,1)/OUT-OR2(1,0)|edges=010001000",82,1,0.09583050747532344,0.0009054880257287868,7425,0.003741609938615119,153406,0.007554865853658536,619499,0.00895859986889854,1836513,0.01499410243902439,3073791,1.4634146698393822e-07,12,0.0,0,0.0,0
3,circuit,7,000100100,"NOR-in(0,1)/NOR-in(0,1)/NOR-in(2,0)|edges=001001000",82,14,0.0014133941491478402,0.0046784157752233595,38363,0.012650634763445598,518676,0.03257713414634146,2671325,0.09752391564599149,19992403,0.1658542536585366,34000122,0.1798127970686048,14744649,0.18128126387118867,7432532,0.1617191266196187,1326097
3,circuit,7,000100100,"NOR-in(0,1)/NOR-in(0,1)/NOR-mid(2,0)|edges=001001000",82,21,-0.13287739468804277,0.00659524551103549,54081,0.019453878997750196,797609,0.04961086585365854,4068091,0.1272583054547565,26087953,0.36346919024390245,74511184,0.39901113168319835,32718912,0.40919828270248093,16777130,0.402287877769771,3298761
3,circuit,7,000100100,"NOR-in(0,1)/NOR-in(2,0)/NOT-in(0,1)|edges=010000010",82,18,-0.12561421271373585,0.11806600440634253,968141,0.17430186216106644,7146376,0.20778970731707316,17038756,0.24769548905811478,50777576,0.182126443902439,37335921,0.14536088159416785,11919592,0.14388509405158306,5899289,0.18308205084365234,1501273
3,circuit,7,000100100,"NOR-in(0,1)/NOR-mid(0,1)/NOR-out(2,0)|edges=001001000",82,7,0.20937787455724075,0.15030881714849198,1232532,0.1495059097319956,6129742,0.14337906097560976,11757083,0.10955389595774787,22458549,0.03399733170731707,6969453,0.025483171353248082,2089620,0.01640709716080251,672691,0.011422437631410045,93664
3,circuit,7,000100100,"NOR-in(0,1)/NOR-mid(2,0)/NOT-in(0,1)|edges=010000010",82,13,0.3490764394958829,0.4315959589258436,3539086,0.31773064964539754,13026956,0.2795322682926829,22921646,0.23096945027849586,47348738,0.1017169756097561,20851980,0.08276385567716721,6786636,0.07311794943614758,2997836,0.055405115194498145,454322
3,circuit,7,000100100,"NOR-in(0,1)/NOR-out(0,1)/OUT-OR2(2,0)|edges=001001000",82,9,-0.06670871810906483,0.03596244779571897,294892,0.06983905218727084,2863401,0.07765164634146342,6367435,0.1004819302368498,20598796,0.15275440487804878,31314653,0.17700950431730497,14514779,0.19505326353528626,7997184,0.20512924327692156,1682060
3,circuit,7,000100100,"NOR-in(0,1)/NOR-out(2,0)/NOT-mid(0,1)|edges=010000010",82,1,0.012938812502682587,2.5609762343844476e-06,21,0.0004690000228780499,19229,0.0019458048780487806,159556,0.0034899267781961936,715435,0.008328419512195121,1707326,0.009258280713616602,759179,0.009225926604245692,378263,0.009319633009800852,76421
3,circuit,7,000100100,"NOR-in(2,0)/NOT-in(0,1)/NOT-in(0,1)|edges=000100100",82,5,-0.1042587167555658,0.05512903783635069,452058,0.15162300739624426,6216543,0.1628270731707317,13351820,0.11005493985285454,22561263,0.03015457073170732,6181687,0.02859454947791584,2344753,0.0358352186381654,1469244,0.08715364790809171,714660
3,circuit,7,000100100,"NOR-mid(0,1)/NOR-mid(0,1)/NOR-out(2,0)|edges=001001000",82,20,-0.06148904599326767,0.012828905568025748,105197,0.03830122138054738,1570350,0.06875062195121952,5637551,0.11590107147461846,23759720,0.3137788975609756,64324674,0.3304874226948152,27099968,0.32357865064442315,13266725,0.3415911778547344,2801048
3,circuit,7,000100100,"NOR-mid(0,1)/NOR-out(2,0)/NOT-mid(0,1)|edges=010000010",82,7,-0.17719671095226755,0.0350267158601746,287219,0.05144480738755158,2109237,0.06585576829268293,5400173,0.06486005270936508,13296311,0.1372969219512195,28145869,0.1490792109531515,12224495,0.14867375247137188,6095624,0.12673144795957952,1039198
3,circuit,7,000100100,"NOR-mid(2,0)/NOT-in(0,1)/NOT-in(0,1)|edges=000100100",82,1,0.07672756791024549,0.01141500278414702,93603,0.02721358669334569,1115757,0.03478479268292683,2852353,0.030366326384883027,6225097,0.010656365853658537,2184555,0.008164109955222194,669457,0.0028980731000469977,118821,0.0019381704953450615,15893
3,circuit,7,000100100,"NOR-out(0,1)/NOR-out(0,1)/OUT-OR2(2,0)|edges=001001000",82,27,-0.5040293178598162,0.03688366753260184,302446,0.09698939497509244,3976565,0.14486279268292682,11878749,0.2224093235744977,45593912,0.5482993609756097,112401369,0.5826808922605096,47779832,0.584447034525682,23962329,0.5545432250557043,4547255
3,circuit,7,000100100,"NOR-out(0,1)/NOT-out(0,1)/OUT-OR2(2,0)|edges=001001000",82,5,0.012488953270514793,0.031617934540959645,259267,0.09933763899207995,4072843,0.11560856097560976,9479902,0.08278255976415766,16970425,0.0501816,10287228,0.017229232127542248,1412797,0.017425828843272467,714459,0.01912024157070225,156786
3,circuit,7,000100100,"NOR-out(2,0)/NOT-mid(0,1)/NOT-mid(0,1)|edges=000100100",82,1,-0.24405439436942875,0.0,0,0.00014931708045449172,6122,0.0009523414634146341,78092,0.0018785219237289475,385097,0.02339447317073171,4795867,0.025867281118714173,2121117,0.029142340752625836,1194836,0.03953023908167816,324148
3,circuit,7,000100110,"NOR-in(0,2)/NOR-in(1,1)/NOR-in(2,0)|edges=011001000",82,9,0.13416774872097306,0.024084518069394652,197493,0.02701563546417734,1107641,0.04088806097560976,3352821,0.07676349155955867,15736516,0.09944000975609756,20385202,0.10080101465368328,8265683,0.09767150981289001,4004532,0.0970727930399033,795997
3,circuit,7,000100110,"NOR-in(0,2)/NOR-in(1,1)/NOR-mid(2,0)|edges=011001000",82,10,-0.016803430539223476,0.14649808451172794,1201284,0.1278784208721181,5243015,0.11525348780487805,9450786,0.11628305195683339,23838026,0.1251775804878049,25661404,0.12621732015164194,10349820,0.12316643602033082,5049824,0.12224364362882395,1002398
3,circuit,7,000100110,"NOR-in(0,2)/NOR-in(1,1)/NOR-out(2,0)|edges=011001000",82,1,-0.11201277343324159,0.0,0,2.4390245092207077e-05,1000,0.00044969512195121953,36875,0.006053258448001096,1240918,0.02454850243902439,5032443,0.03189161053394172,2615112,0.03834068199169068,1571968,0.0797416975924759,653882
3,circuit,7,000100110,"NOR-in(0,2)/NOR-in(2,0)/NOT-in(1,1)|edges=011000010",82,1,-0.1015467629999924,0.0,0,0.0024228781669696667,99338,0.008505134146341464,697421,0.011152038861189675,2286168,0.021991034146341463,4508162,0.023538732281432495,1930176,0.02287324334455504,937803,0.011583413221534973,94984
3,circuit,7,000100110,"NOR-in(0,2)/NOR-mid(1,1)/NOR-out(2,0)|edges=011001000",82,8,0.034542127025344066,0.04216903467537431,345786,0.04132900201604888,1694489,0.050443243902439025,4136346,0.07583175010977927,15545509,0.10776310731707317,22091437,0.09542802671775676,7825098,0.08399738819518565,3443893,0.06616230900459646,542531
3,circuit,7,000100110,"NOR-in(0,2)/NOR-out(2,0)/NOT-mid(1,1)|edges=011000010",82,1,-0.04062098613888259,0.02836025081957337,232554,0.06861280822501503,2813125,0.06448164634146342,5287495,0.036157355568428945,7412258,0.002422131707317073,496537,0.0,0,0.0,0,0.0,0
3,circuit,7,000100110,"NOR-in(1,1)/NOR-in(2,0)/NOT-in(0,2)|edges=010000110",82,3,-0.020624202111468815,0.003916830223617128,32118,0.007260049134636543,297662,0.011040768292682928,905343,0.029932341025380376,6136130,0.026711668292682927,5475892,0.027740781164409298,2274744,0.028681243202896507,1175931,0.022858655748944422,187441
3,circuit,7,000100110,"NOR-in(1,1)/NOR-mid(2,0)/NOT-in(0,2)|edges=010000110",82,2,0.19095071655122645,0.2508670124065884,2057109,0.2085601077346394,8550964,0.1428918292682927,11717130,0.08387954999200659,17195308,0.0,0,0.0,0,0.0,0,0.0,0
3,circuit,7,000100110,"NOR-in(2,0)/NOT-in(0,2)/NOT-in(1,1)|edges=000101100",82,1,-0.0026143661315921932,0.005518903785098484,45255,0.008277829672089253,339391,0.010571426829268293,866857,0.01166639007317478,2391610,0.004745229268292683,972772,0.00022457317620910185,18415,0.0,0,0.0,0
3,circuit,7,000100110,"NOR-mid(0,2)/NOR-out(1,1)/OUT-OR2(2,0)|edges=011001000",82,5,-0.06360949558618716,0.0039653668208211755,32516,0.05731361255188354,2349858,0.10290125609756097,8437903,0.11242976420834491,23048102,0.030536936585365854,6260072,0.01503523207403005,1232889,0.010594560717205836,434377,0.002026585118709132,16618
3,circuit,7,000100110,"NOR-mid(1,1)/NOR-out(2,0)/NOT-in(0,2)|edges=010000110",82,1,-0.33899546001180786,0.0,0,2.9317074600832907e-05,1202,0.0006810121951219512,55843,0.0017983755834384062,368667,0.025299560975609755,5186410,0.026464512840597875,2170090,0.023675731129860215,970705,0.019571217125461327,160484
3,circuit,7,000100110,"NOR-mid(2,0)/NOT-in(0,2)/NOT-in(1,1)|edges=000101100",82,1,0.08322879678026891,0.0533900130219544,437798,0.05003005122097811,2051232,0.044874829268292685,3679736,0.029557375177209144,6059262,0.0,0,0.0,0,0.0,0,0.0,0
4,circuit,4,0000000000011100,"NOR-in(0,1)/NOR-mid(1,2)/NOR-out(1,0)/NOR-out(1,0)|edges=0100001100000000",27,2,-0.2201238276188829,0.0,0,0.0002477897157356381,25,0.005500904427980276,1110,0.023406697312630457,11808,0.17807868883655653,89835,0.2943931254584019,59405,0.32553299039576583,32844,0.06204469993557659,1252
4,circuit,4,0000000000011100,"NOR-mid(1,2)/NOR-out(1,0)/NOR-out(1,0)/NOT-in(0,1)|edges=0110000000001000",27,1,-0.2498125886159273,0.0,0,1.982317725885105e-05,2,0.0021309809946229896,430,0.011518997127684248,5811,0.10626045656017824,53605,0.16140206553412492,32569,0.2106191708047139,21250,0.0,0
4,circuit,4,0000000001001010,"NOR-in(0,2)/NOR-in(1,1)/NOT-mid(1,0)/OUT-OR2(1,0)|edges=0101001000000000",27,1,0.2551295584896025,0.06075623172605184,1226,0.057546683582444594,5806,0.07086750749560175,14300,0.06906442590357027,34841,0.02820595161635624,14229,0.044948163419033835,9070,0.002408492164966846,243,0.0,0
4,circuit,4,0000000001001010,"NOR-in(0,2)/NOR-mid(1,0)/NOR-out(1,1)/OUT-OR2(1,0)|edges=0110000000010000",27,1,-0.23086287977046988,0.0,0,0.0,0,0.001357880912852789,274,0.008678397767166002,4378,0.10007572333626712,50485,0.14783832537118163,29832,0.20986589753501234,21174,0.6308538579711581,12730
4,circuit,4,0000000001001010,"NOR-in(0,2)/NOR-mid(1,1)/NOR-out(1,0)/NOR-out(1,0)|edges=0110000100000000",27,1,-0.23086287977046988,0.0,0,0.0,0,0.001357880912852789,274,0.008678397767166002,4378,0.10007572333626712,50485,0.14783832537118163,29832,0.20986589753501234,21174,0.6308538579711581,12730
4,circuit,4,0000000001001010,"NOR-in(1,1)/NOR-mid(1,0)/NOT-in(0,2)/OUT-OR2(1,0)|edges=0100000010010000",27,1,-0.1274713539864964,0.0,0,0.007622011656028228,769,0.016591917139529698,3348,0.03399798997365557,17151,0.0,0,0.0,0,0.0,0,0.0,0
4,circuit,4,0000000001001100,"NOR-in(1,0)/NOR-out(0,1)/NOT-in(0,2)/OUT-OR2(2,0)|edges=0000000110010000",27,1,-0.1274713539864964,0.0,0,0.007622011656028228,769,0.016591917139529698,3348,0.03399798997365557,17151,0.0,0,0.0,0,0.0,0,0.0,0
4,circuit,4,0000000001001100,"NOR-mid(0,1)/NOR-mid(0,2)/NOR-out(2,0)/NOT-out(1,0)|edges=0010001100000000",27,1,0.23188664709440227,0.04316368501907924,871,0.05871625104071681,5924,0.061248358401268674,12359,0.055537384705959314,28017,0.024267148758692327,12242,0.012518088290681309,2526,0.0,0,0.0,0
4,circuit,4,0000000001001110,"NOR-in(0,3)/NOR-in(1,1)/NOR-mid(2,0)/OUT-OR2(1,0)|edges=0111001000000000",27,1,0.3105871316122388,0.06338272461469845,1279,0.07153193513856401,7217,0.08287038184205962,16722,0.0719486353031195,36296,0.0313240879500781,15802,0.03436775229448728,6935,0.0,0,0.0,0
4,circuit,4,0000000100011000,"NOR-in(0,1)/NOR-in(0,1)/NOR-mid(2,1)/NOR-out(1,0)|edges=0010001000010000",27,1,0.19232440219375505,0.03394618167401754,685,0.05022201958529913,5067,0.04668335109150829,9420,0.03768105599727239,19009,0.0,0,0.0,0,0.0,0,0.0,0
4,circuit,4,0000000100011000,"NOR-mid(0,1)/NOR-mid(0,1)/NOR-out(2,1)/OUT-OR2(1,0)|edges=0010001000010000",27,1,0.23188664709440227,0.04316368501907924,871,0.05871625104071681,5924,0.061248358401268674,12359,0.055537384705959314,28017,0.024267148758692327,12242,0.012518088290681309,2526,0.0,0,0.0,0
4,circuit,4,0000000100011000,"NOR-mid(0,1)/NOR-out(2,1)/NOT-mid(0,1)/OUT-OR2(1,0)|edges=0100000101000000",27,2,0.16659262824073273,0.1100153625055751,2220,0.16150933671648893,16295,0.1425229823822385,28759,0.10139334074703997,51150,0.05179317617767629,26128,0.0,0,0.0,0,0.0,0
4,circuit,4,0000000101001000,"NOR-in(0,1)/NOR-in(1,1)/NOR-mid(1,1)/NOR-out(1,0)|edges=0100001000010000",27,2,0.013407173592239245,0.012042222112096735,243,0.05544542679300638,5594,0.06380057982506132,12874,0.07566341771875885,38170,0.06461262161326388,32595,0.0,0,0.0,0,0.0,0
4,circuit,4,0000000101001000,"NOR-in(0,1)/NOR-in(1,1)/NOR-mid(1,1)/OUT-OR2(1,0)|edges=0100001000010000",27,1,-0.08323323248300137,0.0,0,0.00737422194029259,744,0.01773174418316525,3578,0.03778215199684422,19060,0.009960988605818406,5025,0.0,0,0.0,0,0.0,0
4,circuit,4,0000000101001000,"NOR-in(0,1)/NOR-in(1,1)/NOR-out(1,1)/OUT-NOT(1,0)|edges=0100001000010000",27,1,0.2414052625261226,0.011596213885722781,234,0.024412242794275067,2463,0.025804693113957927,5207,0.02691135863112052,13576,0.04268060610385594,21531,0.024124328503181556,4868,0.003419464184829473,345,0.001536250557510283,31
4,circuit,4,0000000101001000,"NOR-in(0,1)/NOR-mid(1,1)/NOR-out(1,1)/OUT-NOT(1,0)|edges=0100001000010000",27,2,0.2845128605735886,0.04554239555974032,919,0.0746342623795742,7530,0.07248804420546621,14627,0.06459241462839291,32585,0.04268060610385594,21531,0.024124328503181556,4868,0.003419464184829473,345,0.001536250557510283,31
4,circuit,4,0000000101001000,"NOR-in(0,1)/NOR-mid(1,1)/NOR-out(1,1)/OUT-OR2(1,0)|edges=0100001000010000",27,11,-0.2368864007089738,0.61489667476089,12408,0.4947270348491456,49914,0.4208935252868152,84930,0.3850627687220871,194253,0.5264853271168836,265595,0.6257606993478304,126271,0.6847353136491134,69085,0.7558352742950593,15252
4,circuit,4,0000000101001000,"NOR-in(0,1)/NOR-mid(1,1)/NOT-out(1,1)/OUT-OR2(1,0)|edges=0100001000010000",27,1,-0.03148255957612542,0.011695326824916993,236,0.05657534789676089,5708,0.05028123993359269,10146,0.039056754501249825,19703,0.0,0,0.0,0,0.0,0,0.0,0
4,circuit,4,0000000101001000,"NOR-in(1,1)/NOR-mid(1,1)/NOR-out(1,0)/NOT-in(0,1)|edges=0100001000001000",27,3,0.04550189825616068,0.4928390901432182,9945,0.2784264361891924,28091,0.20760215080407365,41891,0.15781481988062743,79613,0.016823663740812102,8487,0.0,0,0.0,0,0.0,0
4,circuit,4,0000000101001000,"NOR-in(1,1)/NOR-mid(1,1)/NOT-in(0,1)/NOT-out(1,0)|edges=0100000110000000",27,1,-0.03148255957612542,0.011695326824916993,236,0.05657534789676089,5708,0.05028123993359269,10146,0.039056754501249825,19703,0.0,0,0.0,0,0.0,0,0.0,0
4,circuit,4,0000000101001000,"NOR-in(1,1)/NOR-mid(1,1)/NOT-in(0,1)/OUT-OR2(1,0)|edges=0100000110000000",27,1,-0.13602366510860683,0.0,0,0.00679934979978591,686,0.013445003345144585,2713,0.027317724903909244,13781,0.016821681454522387,8486,0.0,0,0.0,0,0.0,0
4,circuit,4,0000000101001000,"NOR-mid(1,1)/NOR-out(1,1)/NOT-in(0,1)/OUT-OR2(1,0)|edges=0100000110000000",27,5,-0.2384965329631789,0.0881609594132514,1779,0.1069063949569837,10786,0.12844364050846196,25918,0.15633207855357395,78865,0.2114207442295646,106655,0.19493230519158722,39335,0.24000673981346576,24215,0.052628970712126466,1062
4,circuit,4,0000000101001000,"NOR-out(1,1)/NOT-in(0,1)/NOT-mid(1,1)/OUT-OR2(1,0)|edges=0001001010000000",27,2,-0.36103984466729355,0.0,0,0.0009316893311659993,94,0.006650643011125703,1342,0.024528664680427616,12374,0.09352030257617926,47178,0.05069181517235911,10229,0.0694200786972337,7004,0.18999950443530403,3834
4,circuit,4,0000000101011000,"NOR-in(0,2)/NOR-mid(1,1)/NOR-out(2,1)/OUT-NOT(1,0)|edges=0110001000010000",27,1,0.2414052625261226,0.011596213885722781,234,0.024412242794275067,2463,0.025804693113957927,5207,0.02691135863112052,13576,0.04268060610385594,21531,0.024124328503181556,4868,0.003419464184829473,345,0.001536250557510283,31
4,circuit,4,0000000101011000,"NOR-in(0,2)/NOR-mid(1,1)/NOR-out(2,1)/OUT-OR2(1,0)|edges=0110001000010000",27,1,0.3105871316122388,0.06338272461469845,1279,0.07153193513856401,7217,0.08287038184205962,16722,0.0719486353031195,36296,0.0313240879500781,15802,0.03436775229448728,6935,0.0,0,0.0,0
4,circuit,4,0000000101011000,"NOR-in(0,2)/NOR-out(2,1)/NOT-mid(1,1)/OUT-OR2(1,0)|edges=0110000101000000",27,1,0.2551295584896025,0.06075623172605184,1226,0.057546683582444594,5806,0.07086750749560175,14300,0.06906442590357027,34841,0.02820595161635624,14229,0.044948163419033835,9070,0.002408492164966846,243,0.0,0
4,circuit,4,0000000101011000,"NOR-out(2,1)/NOT-in(0,2)/NOT-mid(1,1)/OUT-OR2(1,0)|edges=0001101010000000",27,1,0.21977945913568522,0.07240200208137172,1461,0.06425682908456568,6483,0.07507991178729836,15150,0.06877699610086606,34696,0.015313161588049193,7725,0.012656847780839297,2554,9.911490390810066e-06,1,0.0,0
4,circuit,4,0000000110001000,"NOR-in(0,1)/NOR-mid(1,1)/NOR-out(2,0)/NOT-mid(0,1)|edges=0100001000000010",27,2,0.16659262824073273,0.1100153625055751,2220,0.16150933671648893,16295,0.1425229823822385,28759,0.10139334074703997,51150,0.05179317617767629,26128,0.0,0,0.0,0,0.0,0
4,circuit,4,0000000110001000,"NOR-in(0,1)/NOR-out(0,1)/NOR-out(1,1)/OUT-OR2(2,0)|edges=0010000100010000",27,1,-0.23086287977046988,0.0,0,0.0,0,0.001357880912852789,274,0.008678397767166002,4378,0.10007572333626712,50485,0.14783832537118163,29832,0.20986589753501234,21174,0.6308538579711581,12730
4,circuit,4,0000000110001000,"NOR-in(0,1)/NOR-out(1,1)/NOT-mid(0,1)/OUT-OR2(2,0)|edges=0001000101000000",27,1,0.2551295584896025,0.06075623172605184,1226,0.057546683582444594,5806,0.07086750749560175,14300,0.06906442590357027,34841,0.02820595161635624,14229,0.044948163419033835,9070,0.002408492164966846,243,0.0,0
4,circuit,4,0000000110001000,"NOR-mid(0,1)/NOR-out(0,1)/NOR-out(1,1)/OUT-OR2(2,0)|edges=0010000100010000",27,6,-0.19918142825650106,0.0881609594132514,1779,0.09624152559172185,9710,0.11101915405010283,22402,0.13940345431154616,70325,0.320101572349485,161481,0.3610571490871608,72857,0.38858989226209945,39206,0.7464195450716091,15062
4,circuit,4,0000000110001000,"NOR-mid(0,1)/NOR-out(1,1)/NOT-in(0,1)/OUT-OR2(2,0)|edges=0100000100010000",27,1,-0.1274713539864964,0.0,0,0.007622011656028228,769,0.016591917139529698,3348,0.03399798997365557,17151,0.0,0,0.0,0,0.0,0,0.0,0
4,circuit,4,0000000110001000,"NOR-mid(0,1)/NOR-out(1,1)/NOT-out(0,1)/OUT-OR2(2,0)|edges=0100000100010000",27,3,-0.058505106302746836,0.04316368501907924,871,0.0826329144035206,8337,0.10918551924077607,22032,0.1528313817840867,77099,0.05128571088750922,25872,0.016358752750411324,3301,0.0,0,0.0,0
4,circuit,4,0000000110001000,"NOR-out(0,1)/NOR-out(1,1)/NOT-in(0,1)/OUT-OR2(2,0)|edges=0001000101000000",27,1,0.21977945913568522,0.07240200208137172,1461,0.06425682908456568,6483,0.07507991178729836,15150,0.06877699610086606,34696,0.015313161588049193,7725,0.012656847780839297,2554,9.911490390810066e-06,1,0.0,0
4,circuit,4,0000000110001000,"NOR-out(0,1)/NOR-out(1,1)/NOT-mid(0,1)/OUT-OR2(2,0)|edges=0001000101000000",27,3,-0.1734884636859809,0.07240200208137172,1461,0.06518851841573167,6577,0.08173055479842406,16492,0.09330566078129367,47070,0.10883346416422846,54903,0.06334866295319841,12783,0.06942999018762451,7005,0.18999950443530403,3834
4,circuit,4,0000000110001010,"NOR-in(0,1)/NOR-in(1,2)/NOR-out(2,0)/NOT-mid(1,1)|edges=0100001100000010",27,1,0.2551295584896025,0.06075623172605184,1226,0.057546683582444594,5806,0.07086750749560175,14300,0.06906442590357027,34841,0.02820595161635624,14229,0.044948163419033835,9070,0.002408492164966846,243,0.0,0
4,circuit,4,0000000110001010,"NOR-in(0,1)/NOR-mid(1,2)/NOR-out(1,1)/OUT-OR2(2,0)|edges=0100001100010000",27,2,-0.15813464602586033,0.0,0,0.0141735717400785,1430,0.031176747528309835,6291,0.06509987690075346,32841,0.026782670060340796,13511,0.0,0,0.0,0,0.0,0
4,circuit,4,0000000111001000,"NOR-in(0,2)/NOR-in(1,1)/NOR-out(1,1)/OUT-OR2(2,0)|edges=0101001000010000",27,2,0.4057416332060558,0.12413895634075028,2505,0.1290786187210086,13023,0.15373788933766136,31022,0.14101306120668977,71137,0.059530039566434344,30031,0.07931591571352112,16005,0.002408492164966846,243,0.0,0
4,circuit,4,0000000111001000,"NOR-in(0,2)/NOR-mid(1,1)/NOR-out(1,1)/OUT-OR2(2,0)|edges=0101001000010000",27,1,0.3105871316122388,0.06338272461469845,1279,0.07153193513856401,7217,0.08287038184205962,16722,0.0719486353031195,36296,0.0313240879500781,15802,0.03436775229448728,6935,0.0,0,0.0,0
4,circuit,4,0000001110001000,"NOR-mid(0,2)/NOR-out(1,1)/NOR-out(1,1)/OUT-OR2(2,0)|edges=0110000100010000",27,3,-0.3347334214380507,0.0,0,0.00026761289299448914,27,0.0076318854226032655,1540,0.03492569444031471,17619,0.28433914539673477,143440,0.4557951909925268,91974,0.5361521612004797,54094,0.06204469993557659,1252
4,circuit,4,0000001110001000,"NOR-mid(0,2)/NOR-out(1,1)/NOT-out(1,1)/OUT-OR2(2,0)|edges=0110000100010000",27,1,0.23188664709440227,0.04316368501907924,871,0.05871625104071681,5924,0.061248358401268674,12359,0.055537384705959314,28017,0.024267148758692327,12242,0.012518088290681309,2526,0.0,0,0.0,0
4,circuit,4,0000001110001010,"NOR-in(0,2)/NOR-in(1,2)/NOR-mid(2,1)/NOR-out(2,0)|edges=0110001100010000",27,2,0.395719839887119,0.07497893850042123,1513,0.09594417793283908,9680,0.10867507495601754,21929,0.09885999393424003,49872,0.07400469405393405,37333,0.05849208079766884,11803,0.003419464184829473,345,0.001536250557510283,31
4,circuit,5,0000000000001110,"NOR-in(0,3)/NOR-in(1,0)/NOR-mid(1,0)/OUT-OR2(1,0)|edges=0111000000000000",43,1,-0.01211985481413193,2.9218873267121596e-05,11,0.0014221418508137604,2677,0.0029919768589289817,11264,0.0067764630982968055,63779,0.06010195029856539,565670,0.03916103568456442,147431,0.012266995614035088,23091,0.0,0
4,circuit,5,0000000000011100,"NOR-in(0,1)/NOR-in(1,2)/NOR-mid(1,0)/NOR-mid(1,0)|edges=0100001100000000",43,1,0.0427593017770381,0.0019736020761337587,743,0.004564985029526576,8593,0.005572769398111687,20980,0.008942139062682947,84162,0.05084425034379565,478538,0.0,0,0.0,0,0.0,0
4,circuit,5,0000000000011100,"NOR-in(0,1)/NOR-in(1,2)/NOR-mid(1,0)/OUT-OR2(1,0)|edges=0100001100000000",43,1,-0.1854198181367469,0.0,0,0.0001668108110405382,314,0.0012455059917895947,4689,0.006195705367769667,58313,0.061348252695726586,577400,0.1159095575600633,436369,0.172359496124031,324444,0.0,0
4,circuit,5,0000000000011100,"NOR-in(0,1)/NOR-mid(1,2)/NOR-out(1,0)/NOR-out(1,0)|edges=0100001100000000",43,2,-0.1707962580259048,1.3281306030509816e-05,5,0.0012760495799980026,2402,0.0038974854803857377,14673,0.011623760789864513,109401,0.12649183087559596,1190521,0.21191068592573664,797788,0.17663868064055488,332499,0.0,0
4,circuit,5,0000000000011100,"NOR-in(0,1)/NOR-mid(1,2)/NOR-out(1,0)/NOT-out(1,0)|edges=0100001100000000",43,1,0.23175733617812672,0.023011190828461307,8663,0.02147078260832609,40416,0.023569255206541764,88732,0.024408505795146158,229729,0.04639081769443407,436623,0.0,0,0.0,0,0.0,0
4,circuit,5,0000000000011100,"NOR-in(0,1)/NOR-out(1,0)/NOR-out(1,0)/NOT-mid(1,2)|edges=0001000000000110",43,1,-0.20297689558657397,0.0,0,0.00011049888119882787,208,0.0010024609965907296,3774,0.005264431765854123,49548,0.06576768562069844,618995,0.1276160857982908,480441,0.1956641846865225,368312,0.0,0
4,circuit,5,0000000000011100,"NOR-in(0,1)/NOR-out(1,0)/NOT-in(1,2)/NOT-mid(1,0)|edges=0010000001010000",43,1,0.1343921139693674,0.06896982221643748,25965,0.08262394468256008,155529,0.08042584670634188,302782,0.061858454487442524,582202,0.0,0,0.0,0,0.0,0,0.0,0
4,circuit,5,0000000000011100,"NOR-mid(1,2)/NOR-out(1,0)/NOR-out(1,0)/NOT-in(0,1)|edges=0110000000001000",43,1,-0.10072404792504921,1.3281306030509816e-05,5,0.0007639297652111272,1438,0.0019255007324552723,7249,0.006016038093287159,56622,0.061374921229544785,577651,0.10810449707376638,406985,0.13851648561811505,260739,0.0,0
4,circuit,5,0000000001001010,"NOR-in(0,2)/NOR-in(1,0)/NOR-in(1,1)/NOR-out(1,0)|edges=0011000001000000",43,1,0.3276813114096719,0.08082471597927053,30428,0.051193387916947344,96365,0.039306617862877466,147979,0.034599603350757485,325646,0.00012016777588996669,1131,0.0,0,0.0,0,0.0,0
4,circuit,5,0000000001001010,"NOR-in(0,2)/NOR-in(1,0)/NOR-in(1,1)/OUT-OR2(1,0)|edges=0011000001000000",43,1,-0.01211985481413193,2.9218873267121596e-05,11,0.0014221418508137604,2677,0.0029919768589289817,11264,0.0067764630982968055,63779,0.06010195029856539,565670,0.03916103568456442,147431,0.012266995614035088,23091,0.0,0
4,circuit,5,0000000001001010,"NOR-in(0,2)/NOR-in(1,0)/NOR-mid(1,1)/NOR-out(1,0)|edges=0110000000010000",43,3,0.08235256877398622,0.010316918524500025,3884,0.016721986939882232,31477,0.019957314392646495,75134,0.03170835209515842,298434,0.06010195029856539,565670,0.03916103568456442,147431,0.012266995614035088,23091,0.0,0
4,circuit,5,0000000001001010,"NOR-in(0,2)/NOR-in(1,0)/NOR-out(1,1)/OUT-NOT(1,0)|edges=0110000000010000",43,1,0.3276813114096719,0.08082471597927053,30428,0.051193387916947344,96365,0.039306617862877466,147979,0.034599603350757485,325646,0.00012016777588996669,1131,0.0,0,0.0,0,0.0,0
4,circuit,5,0000000001001010,"NOR-in(0,2)/NOR-in(1,0)/NOR-out(1,1)/OUT-OR2(1,0)|edges=0110000000010000",43,2,0.18265495526527983,0.014949438067941849,5628,0.02235583614715901,42082,0.02702819720378725,101754,0.03982281045516914,374806,0.031769129971490166,299006,0.0,0,0.0,0,0.0,0
4,circuit,5,0000000001001010,"NOR-in(0,2)/NOR-in(1,0)/NOT-in(1,1)/OUT-OR2(1,0)|edges=0011000001000000",43,1,0.12564372401208657,0.05753993024658073,21662,0.05828125365230677,109707,0.06563675796570011,247105,0.05241598828369622,493331,0.0,0,0.0,0,0.0,0,0.0,0
4,circuit,5,0000000001001010,"NOR-in(0,2)/NOR-in(1,1)/NOR-mid(1,0)/NOR-mid(1,0)|edges=0110000100000000",43,1,0.02982617300751837,0.0010784420496773972,406,0.0030095007788046146,5665,0.004536839910378818,17080,0.008690966125440696,81798,0.0,0,0.0,0,0.0,0,0.0,0
4,circuit,5,0000000001001010,"NOR-in(0,2)/NOR-in(1,1)/NOR-mid(1,0)/OUT-OR2(1,0)|edges=0101001000000000",43,1,-0.07084646340477302,0.0,0,0.0005158385271349128,971,0.0021430459248791747,8068,0.00815642676534519,76767,0.03824458997979248,359952,0.03660043184955549,137791,0.037411919454644366,70423,0.09663881171076887,36382
4,circuit,5,0000000001001010,"NOR-in(0,2)/NOR-in(1,1)/NOR-out(1,0)/NOT-in(1,0)|edges=0110000100000000",43,1,0.0009041164842579602,0.0009190663773112793,346,0.00532413359314737,10022,0.007151100940703661,26922,0.012135669085817632,114219,0.0,0,0.0,0,0.0,0,0.0,0
4,circuit,5,0000000001001010,"NOR-in(0,2)/NOR-in(1,1)/NOT-in(1,0)/OUT-OR2(1,0)|edges=0101001000000000",43,1,-0.22044565075286662,0.0,0,0.0003973709766188617,748,0.0015435349367219737,5811,0.006199636585484542,58350,0.054246879011237016,510563,0.06043078175181958,227506,0.07029284390724874,132317,0.1669145810866089,62839
4,circuit,5,0000000001001010,"NOR-in(0,2)/NOR-in(1,1)/NOT-mid(1,0)/OUT-OR2(1,0)|edges=0101001000000000",43,2,0.11050366243075535,0.014046309257867182,5288,0.017578884513794298,33090,0.022022798417418492,82910,0.035318484946942376,332412,0.06839724555482822,643744,0.005934810320083448,22343,0.0,0,0.0,0
4,circuit,5,0000000001001010,"NOR-in(0,2)/NOR-mid(1,0)/NOR-out(1,1)/OUT-OR2(1,0)|edges=0110000000010000",43,2,-0.26879266290791237,0.0,0,0.0002146228269438772,404,0.0021834206126061994,8220,0.011162852075077334,105063,0.10691733955131626,1006289,0.1549284850442408,583265,0.17276536787705699,325208,0.4539835420241504,170913
4,circuit,5,0000000001001010,"NOR-in(0,2)/NOR-mid(1,1)/NOR-out(1,0)/NOR-out(1,0)|edges=0110000100000000",43,2,-0.26879266290791237,0.0,0,0.0002146228269438772,404,0.0021834206126061994,8220,0.011162852075077334,105063,0.10691733955131626,1006289,0.1549284850442408,583265,0.17276536787705699,325208,0.4539835420241504,170913
4,circuit,5,0000000001001010,"NOR-in(1,0)/NOR-out(1,1)/NOT-in(0,2)/OUT-OR2(1,0)|edges=0000000111000000",43,2,-0.11386770417184194,0.05497132566028013,20695,0.05959927155737548,112188,0.048362235323336174,182071,0.04316285802502847,406242,0.06511690964605119,612870,0.10380618885197027,390803,0.03812219502243982,71760,0.0,0
4,circuit,5,0000000001001010,"NOR-in(1,1)/NOR-mid(1,0)/NOT-in(0,2)/OUT-OR2(1,0)|edges=0100000010010000",43,2,0.28127681150096084,0.1097434317301026,41315,0.10930942449207702,205761,0.11892576768351558,447724,0.09894556240956871,931260,0.03326777407310642,313111,0.015403466430722783,57990,0.0,0,0.0,0
4,circuit,5,0000000001001010,"NOR-out(1,0)/NOR-out(1,0)/NOT-in(0,2)/NOT-mid(1,1)|edges=0000000001011000",43,1,0.1343921139693674,0.06896982221643748,25965,0.08262394468256008,155529,0.08042584670634188,302782,0.061858454487442524,582202,0.0,0,0.0,0,0.0,0,0.0,0
4,circuit,5,0000000001001010,"NOR-out(1,1)/NOT-in(0,2)/NOT-mid(1,0)/OUT-OR2(1,0)|edges=0001101000000000",43,1,0.1343921139693674,0.06896982221643748,25965,0.08262394468256008,155529,0.08042584670634188,302782,0.061858454487442524,582202,0.0,0,0.0,0,0.0,0,0.0,0
4,circuit,5,0000000001001100,"NOR-in(0,1)/NOR-in(0,2)/NOR-in(2,0)/OUT-OR2(1,0)|edges=0010001100000000",43,1,-0.07084646340477302,0.0,0,0.0005158385271349128,971,0.0021430459248791747,8068,0.00815642676534519,76767,0.03824458997979248,359952,0.03660043184955549,137791,0.037411919454644366,70423,0.09663881171076887,36382
4,circuit,5,0000000001001100,"NOR-in(0,1)/NOR-in(0,2)/NOR-mid(2,0)/OUT-OR2(1,0)|edges=0010001100000000",43,3,0.17545333681370956,0.05675102066836844,21365,0.06650279540919649,125183,0.07086262379689406,266779,0.06649081019422128,625801,0.06391884435786792,601594,0.03916103568456442,147431,0.012266995614035088,23091,0.0,0
4,circuit,5,0000000001001100,"NOR-in(0,1)/NOR-in(2,0)/NOT-in(0,2)/OUT-OR2(1,0)|edges=0100000001010000",43,2,0.28127681150096084,0.1097434317301026,41315,0.10930942449207702,205761,0.11892576768351558,447724,0.09894556240956871,931260,0.03326777407310642,313111,0.015403466430722783,57990,0.0,0,0.0,0
4,circuit,5,0000000001001100,"NOR-in(0,2)/NOR-in(1,0)/NOR-mid(0,1)/NOR-out(2,0)|edges=0101000000010000",43,1,0.3276813114096719,0.08082471597927053,30428,0.051193387916947344,96365,0.039306617862877466,147979,0.034599603350757485,325646,0.00012016777588996669,1131,0.0,0,0.0,0,0.0,0
4,circuit,5,0000000001001100,"NOR-in(0,2)/NOR-in(1,0)/NOR-out(0,1)/OUT-OR2(2,0)|edges=0101000000010000",43,6,-0.09006873239020591,0.014107403265607527,5311,0.020860382538626796,39267,0.03106858782889101,116965,0.06388908781086636,601314,0.2667618375618543,2510720,0.16381064600262912,616704,0.1199717589759282,225831,0.2635533927973778,99221
4,circuit,5,0000000001001100,"NOR-in(0,2)/NOR-in(1,0)/NOR-out(2,0)/NOT-mid(0,1)|edges=0110000000000010",43,1,0.2536544849169375,0.01403037169063057,5282,0.01703170255401164,32060,0.01987709626308359,74832,0.027687141369351503,260587,0.031769129971490166,299006,0.0,0,0.0,0,0.0,0
4,circuit,5,0000000001001100,"NOR-in(0,2)/NOR-out(0,1)/NOT-in(1,0)/OUT-OR2(2,0)|edges=0011000100000000",43,1,0.12564372401208657,0.05753993024658073,21662,0.05828125365230677,109707,0.06563675796570011,247105,0.05241598828369622,493331,0.0,0,0.0,0,0.0,0,0.0,0
4,circuit,5,0000000001001100,"NOR-in(2,0)/NOR-out(1,0)/NOT-in(0,1)/NOT-in(0,2)|edges=0000000010001100",43,1,-0.0220825208895289,0.05497132566028013,20695,0.059087151742588606,111224,0.0463902505754057,174647,0.03755513532845112,353463,0.0,0,0.0,0,0.0,0,0.0,0
4,circuit,5,0000000001001100,"NOR-mid(0,2)/NOR-out(1,0)/NOR-out(2,0)/NOT-in(0,1)|edges=0110000000000010",43,1,-0.13730758118945832,0.0,0,0.0005121198147868752,964,0.0019719847479304654,7424,0.005607722696577355,52779,0.06511690964605119,612870,0.10380618885197027,390803,0.03812219502243982,71760,0.0,0
4,circuit,5,0000000001001100,"NOR-mid(0,2)/NOR-out(2,0)/NOT-mid(0,1)/NOT-out(1,0)|edges=0101000001000000",43,1,0.09554161933040665,0.04936130199299278,18583,0.04578372393979511,86182,0.04748169525876323,178756,0.04652957412587249,437929,0.004065835791318617,38267,0.0,0,0.0,0,0.0,0
4,circuit,5,0000000001001110,"NOR-in(0,3)/NOR-in(1,0)/NOR-mid(1,1)/NOR-out(2,0)|edges=0111000000010000",43,1,0.0009041164842579602,0.0009190663773112793,346,0.00532413359314737,10022,0.007151100940703661,26922,0.012135669085817632,114219,0.0,0,0.0,0,0.0,0,0.0,0
4,circuit,5,0000000001001110,"NOR-in(0,3)/NOR-in(1,1)/NOR-in(2,0)/NOR-out(1,0)|edges=0111001000000000",43,1,0.2536544849169375,0.01403037169063057,5282,0.01703170255401164,32060,0.01987709626308359,74832,0.027687141369351503,260587,0.031769129971490166,299006,0.0,0,0.0,0,0.0,0
4,circuit,5,0000000001001110,"NOR-in(0,3)/NOR-in(1,1)/NOR-mid(2,0)/OUT-OR2(1,0)|edges=0111001000000000",43,1,-0.05569020244288404,3.187513447322356e-05,12,0.0009461466702649636,1781,0.0023672316909423906,8912,0.007438076414797444,70006,0.04577117271743116,430791,0.02168358639660619,81633,0.0,0,0.0,0
4,circuit,5,0000000001011100,"NOR-in(0,2)/NOR-in(1,2)/NOR-in(2,0)/OUT-OR2(1,0)|edges=0110001100000000",43,1,0.2536544849169375,0.01403037169063057,5282,0.01703170255401164,32060,0.01987709626308359,74832,0.027687141369351503,260587,0.031769129971490166,299006,0.0,0,0.0,0,0.0,0
4,circuit,5,0000000001011100,"NOR-in(1,2)/NOR-mid(1,0)/NOR-out(2,0)/NOT-in(0,2)|edges=0110000000001010",43,1,-0.2182151575469809,0.0,0,7.915544855108343e-05,149,0.0010420388154810366,3923,0.004904990967761677,46165,0.06271631660585851,590276,0.09275468644954482,349197,0.09004031092751258,169489,0.1894420331815743,71320
4,circuit,5,0000000100011000,"NOR-in(0,1)/NOR-in(0,1)/NOR-in(2,1)/NOR-mid(1,0)|edges=0010001000010000",43,1,-0.07084646340477302,0.0,0,0.0005158385271349128,971,0.0021430459248791747,8068,0.00815642676534519,76767,0.03824458997979248,359952,0.03660043184955549,137791,0.037411919454644366,70423,0.09663881171076887,36382
4,circuit,5,0000000100011000,"NOR-in(0,1)/NOR-in(0,1)/NOR-mid(2,1)/NOR-out(1,0)|edges=0010001000010000",43,5,0.2238581455912942,0.06757528508323395,25440,0.08255541412643197,155400,0.08767682187458081,330080,0.08940555950684255,841471,0.06392054434408741,601610,0.03916103568456442,147431,0.012266995614035088,23091,0.0,0
4,circuit,5,0000000100011000,"NOR-in(0,1)/NOR-in(2,1)/NOR-mid(1,0)/NOT-in(0,1)|edges=0100001000000100",43,2,0.28127681150096084,0.1097434317301026,41315,0.10930942449207702,205761,0.11892576768351558,447724,0.09894556240956871,931260,0.03326777407310642,313111,0.015403466430722783,57990,0.0,0,0.0,0
4,circuit,5,0000000100011000,"NOR-in(0,1)/NOR-in(2,1)/NOR-out(1,0)/NOT-in(0,1)|edges=0100001000000100",43,2,0.28127681150096084,0.1097434317301026,41315,0.10930942449207702,205761,0.11892576768351558,447724,0.09894556240956871,931260,0.03326777407310642,313111,0.015403466430722783,57990,0.0,0,0.0,0
4,circuit,5,0000000100011000,"NOR-in(0,1)/NOR-mid(0,1)/NOR-out(2,1)/OUT-NOT(1,0)|edges=0010001000010000",43,1,0.3276813114096719,0.08082471597927053,30428,0.051193387916947344,96365,0.039306617862877466,147979,0.034599603350757485,325646,0.00012016777588996669,1131,0.0,0,0.0,0,0.0,0
4,circuit,5,0000000100011000,"NOR-in(0,1)/NOR-mid(2,1)/NOR-out(1,0)/NOT-in(0,1)|edges=0100001000000100",43,3,-0.06429753172544041,0.034180769200120066,12868,0.027518471375477322,51800,0.028191891328340508,106135,0.035233698143254,331614,0.0877308700816344,825709,0.10810449707376638,406985,0.13851648561811505,260739,0.0,0
4,circuit,5,0000000100011000,"NOR-in(0,1)/NOR-mid(2,1)/NOT-in(0,1)/OUT-OR2(1,0)|edges=0100000101000000",43,1,-0.09936557727550105,0.0003081262999078277,116,0.003458402483674853,6510,0.005752596132264289,21657,0.011090708917553014,104384,0.02635435511500885,248043,0.0,0,0.0,0,0.0,0
4,circuit,5,0000000100011000,"NOR-in(0,1)/NOR-out(2,1)/NOT-mid(0,1)/OUT-OR2(1,0)|edges=0100000101000000",43,1,0.2536544849169375,0.01403037169063057,5282,0.01703170255401164,32060,0.01987709626308359,74832,0.027687141369351503,260587,0.031769129971490166,299006,0.0,0,0.0,0,0.0,0
4,circuit,5,0000000100011000,"NOR-mid(0,1)/NOR-mid(0,1)/NOR-out(2,1)/OUT-NOT(1,0)|edges=0010001000010000",43,2,0.05208268970957658,0.0030520441258111556,1149,0.007574485808331191,14258,0.010109609308490504,38060,0.01763310518812364,165960,0.05084425034379565,478538,0.0,0,0.0,0,0.0,0
4,circuit,5,0000000100011000,"NOR-mid(0,1)/NOR-out(2,1)/NOT-in(0,1)/OUT-OR2(1,0)|edges=0100000101000000",43,2,-0.11386770417184194,0.05497132566028013,20695,0.05959927155737548,112188,0.048362235323336174,182071,0.04316285802502847,406242,0.06511690964605119,612870,0.10380618885197027,390803,0.03812219502243982,71760,0.0,0
4,circuit,5,0000000100011000,"NOR-mid(0,1)/NOR-out(2,1)/NOT-mid(0,1)/OUT-OR2(1,0)|edges=0100000101000000",43,4,-0.11246510617742439,0.04940911469470262,18601,0.047412519948235525,89248,0.05313601090116569,200043,0.06785685522557645,638658,0.1306661470375456,1229809,0.08979219531138563,338044,0.0827250569495444,155719,0.2645415088425761,99593
4,circuit,5,0000000100011000,"NOR-mid(2,1)/NOR-out(1,0)/NOT-in(0,1)/NOT-in(0,1)|edges=0100000010001000",43,2,-0.3018511699869053,2.6562612061019633e-06,1,0.0031858739930258205,5997,0.008186499182545385,30820,0.02481023374595536,233510,0.06761259566539639,636359,0.067939141565533,255773,0.04568075955392357,85988,0.11050962350653697,41604
4,circuit,5,0000000101001000,"NOR-in(0,1)/NOR-in(1,1)/NOR-in(1,1)/NOR-mid(1,0)|edges=0100001000010000",43,1,0.3276813114096719,0.08082471597927053,30428,0.051193387916947344,96365,0.039306617862877466,147979,0.034599603350757485,325646,0.00012016777588996669,1131,0.0,0,0.0,0,0.0,0
4,circuit,5,0000000101001000,"NOR-in(0,1)/NOR-in(1,1)/NOR-mid(1,0)/NOT-in(1,1)|edges=0001001000000100",43,1,-0.10297477343221503,3.187513447322356e-05,12,0.008600850416389534,16190,0.015568160840006003,58610,0.026899304089465167,253172,0.0,0,0.0,0,0.0,0,0.0,0
4,circuit,5,0000000101001000,"NOR-in(0,1)/NOR-in(1,1)/NOR-mid(1,0)/NOT-in(1,1)|edges=0100000100000010",43,1,0.21924978721551933,0.26202423041472206,98644,0.1513122804631603,284826,0.09774100965937842,367969,0.0604274912392282,568734,0.0,0,0.0,0,0.0,0,0.0,0
4,circuit,5,0000000101001000,"NOR-in(0,1)/NOR-in(1,1)/NOR-mid(1,1)/NOR-out(1,0)|edges=0100001000010000",43,13,0.0981462606284473,0.15892145169987437,59829,0.1806869205449295,340120,0.19154894036366438,721131,0.2351489750890421,2213185,0.21066250481707033,1982722,0.1916710250941832,721591,0.22203841119271045,417958,0.09663881171076887,36382
4,circuit,5,0000000101001000,"NOR-in(0,1)/NOR-in(1,1)/NOR-mid(1,1)/OUT-OR2(1,0)|edges=0100001000010000",43,1,-0.10729735985697651,2.6562612061019633e-06,1,0.01207306526021424,22726,0.022577419127773935,84998,0.0369012781982528,347309,0.0,0,0.0,0,0.0,0,0.0,0
4,circuit,5,0000000101001000,"NOR-in(0,1)/NOR-in(1,1)/NOR-out(1,0)/NOT-in(1,1)|edges=0001001000000100",43,1,0.12564372401208657,0.05753993024658073,21662,0.05828125365230677,109707,0.06563675796570011,247105,0.05241598828369622,493331,0.0,0,0.0,0,0.0,0,0.0,0
4,circuit,5,0000000101001000,"NOR-in(0,1)/NOR-in(1,1)/NOR-out(1,0)/NOT-mid(1,1)|edges=0100000100000010",43,4,-0.08850523119644223,0.048649423989757454,18315,0.0459930343205275,86576,0.0466359518000603,175572,0.060002600978639464,564735,0.13416493117552666,1262739,0.13355089611837428,502784,0.1956641846865225,368312,0.0,0
4,circuit,5,0000000101001000,"NOR-in(0,1)/NOR-in(1,1)/NOR-out(1,1)/OUT-OR2(1,0)|edges=0100001000010000",43,2,0.28127681150096084,0.1097434317301026,41315,0.10930942449207702,205761,0.11892576768351558,447724,0.09894556240956871,931260,0.03326777407310642,313111,0.015403466430722783,57990,0.0,0,0.0,0
4,circuit,5,0000000101001000,"NOR-in(0,1)/NOR-in(1,1)/NOT-in(1,1)/NOT-mid(1,0)|edges=0010000101000000",43,1,0.12564372401208657,0.05753993024658073,21662,0.05828125365230677,109707,0.06563675796570011,247105,0.05241598828369622,493331,0.0,0,0.0,0,0.0,0,0.0,0
4,circuit,5,0000000101001000,"NOR-in(0,1)/NOR-in(1,1)/NOT-in(1,1)/NOT-mid(1,0)|edges=0100001000010000",43,1,-0.22044565075286662,0.0,0,0.0003973709766188617,748,0.0015435349367219737,5811,0.006199636585484542,58350,0.054246879011237016,510563,0.06043078175181958,227506,0.07029284390724874,132317,0.1669145810866089,62839
4,circuit,5,0000000101001000,"NOR-in(0,1)/NOR-mid(1,1)/NOR-out(1,0)/NOT-in(1,1)|edges=0001001000000100",43,2,0.15582915529669197,0.2629432967920333,98990,0.15663641405630768,294848,0.10489211060008208,394891,0.07256316032504583,682953,0.0,0,0.0,0,0.0,0,0.0,0
4,circuit,5,0000000101001000,"NOR-in(0,1)/NOR-mid(1,1)/NOR-out(1,1)/OUT-NOT(1,0)|edges=0100001000010000",43,6,0.23944744694112835,0.12856038611412893,48399,0.09811663156910536,184692,0.08674421971267567,326569,0.09327440898391622,877884,0.050967711842985874,479700,0.0,0,0.0,0,0.0,0
4,circuit,5,0000000101001000,"NOR-in(0,1)/NOR-mid(1,1)/NOR-out(1,1)/OUT-OR2(1,0)|edges=0100001000010000",43,15,-0.14543120771017712,0.2208256191080806,83134,0.30258896753670367,569585,0.30028195875672525,1130482,0.2980193462661188,2804911,0.46466052709560224,4373311,0.5183682153627199,1951520,0.45878329848361216,863599,0.7220392377694077,271829
4,circuit,5,0000000101001000,"NOR-in(0,1)/NOR-mid(1,1)/NOT-out(1,1)/OUT-OR2(1,0)|edges=0100001000010000",43,1,0.23175733617812672,0.023011190828461307,8663,0.02147078260832609,40416,0.023569255206541764,88732,0.024408505795146158,229729,0.04639081769443407,436623,0.0,0,0.0,0,0.0,0
4,circuit,5,0000000101001000,"NOR-in(0,1)/NOR-out(1,0)/NOT-in(1,1)/NOT-mid(1,1)|edges=0010000000010100",43,2,-0.06247196522863038,0.06896982221643748,25965,0.08302131565917895,156277,0.08196938164306386,308593,0.06805809107292707,640552,0.054246879011237016,510563,0.06043078175181958,227506,0.07029284390724874,132317,0.1669145810866089,62839
4,circuit,5,0000000101001000,"NOR-in(0,1)/NOR-out(1,1)/NOT-in(1,1)/OUT-OR2(1,0)|edges=0010000101000000",43,1,0.1343921139693674,0.06896982221643748,25965,0.08262394468256008,155529,0.08042584670634188,302782,0.061858454487442524,582202,0.0,0,0.0,0,0.0,0,0.0,0
4,circuit,5,0000000101001000,"NOR-in(0,1)/NOR-out(1,1)/NOT-mid(1,1)/OUT-NOT(1,0)|edges=0010000101000000",43,1,0.026833502976508748,0.034603114731890275,13027,0.028303650925534378,53278,0.023610692386051076,88888,0.019419684265842965,182775,0.0,0,0.0,0,0.0,0,0.0,0
4,circuit,5,0000000101001000,"NOR-in(0,1)/NOR-out(1,1)/NOT-mid(1,1)/OUT-OR2(1,0)|edges=0010000101000000",43,5,-0.0984708886155196,0.06356698692322608,23931,0.06559011715006385,123465,0.07473142199915797,281344,0.09540045402377133,897894,0.19008512787243217,1789051,0.16297366854577092,613553,0.1956641846865225,368312,0.0,0
4,circuit,5,0000000101001000,"NOR-in(1,1)/NOR-in(1,1)/NOR-mid(1,0)/NOT-in(0,1)|edges=0010100000000100",43,1,-0.1854198181367469,0.0,0,0.0001668108110405382,314,0.0012455059917895947,4689,0.006195705367769667,58313,0.061348252695726586,577400,0.1159095575600633,436369,0.172359496124031,324444,0.0,0
4,circuit,5,0000000101001000,"NOR-in(1,1)/NOR-in(1,1)/NOR-mid(1,0)/NOT-in(0,1)|edges=0100001000001000",43,1,-0.10729735985697651,2.6562612061019633e-06,1,0.01207306526021424,22726,0.022577419127773935,84998,0.0369012781982528,347309,0.0,0,0.0,0,0.0,0,0.0,0
4,circuit,5,0000000101001000,"NOR-in(1,1)/NOR-in(1,1)/NOT-in(0,1)/NOT-mid(1,0)|edges=0100000110000000",43,1,0.026833502976508748,0.034603114731890275,13027,0.028303650925534378,53278,0.023610692386051076,88888,0.019419684265842965,182775,0.0,0,0.0,0,0.0,0,0.0,0
4,circuit,5,0000000101001000,"NOR-in(1,1)/NOR-in(1,1)/NOT-in(0,1)/OUT-OR2(1,0)|edges=0001100001000000",43,1,-0.1854198181367469,0.0,0,0.0001668108110405382,314,0.0012455059917895947,4689,0.006195705367769667,58313,0.061348252695726586,577400,0.1159095575600633,436369,0.172359496124031,324444,0.0,0
4,circuit,5,0000000101001000,"NOR-in(1,1)/NOR-mid(1,0)/NOT-in(0,1)/NOT-in(1,1)|edges=0100000000011000",43,1,-0.1656398145858979,0.0001381255827173021,52,0.013544081616173636,25495,0.023388100357661295,88050,0.035624057437428296,335288,0.0,0,0.0,0,0.0,0,0.0,0
4,circuit,5,0000000101001000,"NOR-in(1,1)/NOR-mid(1,1)/NOR-out(1,0)/NOT-in(0,1)|edges=0100001000001000",43,8,0.04079871709119886,0.16543991669964858,62283,0.23920085934129917,450265,0.2430736824769871,915108,0.22872695907984855,2152742,0.1780409380056463,1675693,0.1965608753015151,740000,0.1281625059499524,241249,0.1894420331815743,71320
4,circuit,5,0000000101001000,"NOR-in(1,1)/NOR-mid(1,1)/NOT-in(0,1)/NOT-out(1,0)|edges=0100000110000000",43,1,0.23175733617812672,0.023011190828461307,8663,0.02147078260832609,40416,0.023569255206541764,88732,0.024408505795146158,229729,0.04639081769443407,436623,0.0,0,0.0,0,0.0,0
4,circuit,5,0000000101001000,"NOR-in(1,1)/NOR-mid(1,1)/NOT-in(0,1)/OUT-OR2(1,0)|edges=0100000110000000",43,2,-0.190912064985742,0.00017000071719052565,64,0.02214493203256317,41685,0.0389562611976673,146660,0.06252336152689346,588460,0.0,0,0.0,0,0.0,0,0.0,0
4,circuit,5,0000000101001000,"NOR-in(1,1)/NOR-out(1,0)/NOT-in(0,1)/NOT-mid(1,1)|edges=0001000010000100",43,1,-0.11104161253796628,0.0001593756723661178,60,0.0021170098152756204,3985,0.004224467326385523,15904,0.008287963185102342,78005,0.051854360905586906,488045,0.029422772427396656,110769,0.0,0,0.0,0
4,circuit,5,0000000101001000,"NOR-in(1,1)/NOR-out(1,1)/NOT-in(0,1)/OUT-OR2(1,0)|edges=0100000110000000",43,2,0.1793458975338347,0.11030390284459013,41526,0.1145830898462153,215688,0.12966145027472054,488141,0.10527089171280181,990793,0.0037635569916661363,35422,0.0,0,0.0,0,0.0,0
4,circuit,5,0000000101001000,"NOR-mid(1,1)/NOR-out(1,0)/NOT-in(0,1)/NOT-in(1,1)|edges=0100000000011000",43,1,-0.09936557727550105,0.0003081262999078277,116,0.003458402483674853,6510,0.005752596132264289,21657,0.011090708917553014,104384,0.02635435511500885,248043,0.0,0,0.0,0,0.0,0
4,circuit,5,0000000101001000,"NOR-mid(1,1)/NOR-out(1,1)/NOT-in(0,1)/OUT-NOT(1,0)|edges=0100000110000000",43,2,0.2659261446595714,0.2958835920089038,111391,0.17460841958975165,328678,0.11825480412299937,445198,0.07855444237164202,739342,1.593737080768789e-06,15,0.0,0,0.0,0,0.0,0
4,circuit,5,0000000101001000,"NOR-mid(1,1)/NOR-out(1,1)/NOT-in(0,1)/OUT-OR2(1,0)|edges=0100000110000000",43,6,-0.34402577881743357,0.05590632960482802,21047,0.06918239327826806,130227,0.06611806674307753,248917,0.08804418943709424,828658,0.1766807365317795,1662891,0.2350188074226699,884784,0.24141666241670068,454435,0.11104618114398339,41806
4,circuit,5,0000000101001000,"NOR-mid(1,1)/NOT-in(0,1)/NOT-in(1,1)/OUT-OR2(1,0)|edges=0001001010000000",43,1,-0.09936557727550105,0.0003081262999078277,116,0.003458402483674853,6510,0.005752596132264289,21657,0.011090708917553014,104384,0.02635435511500885,248043,0.0,0,0.0,0,0.0,0
4,circuit,5,0000000101001000,"NOR-out(1,1)/NOT-in(0,1)/NOT-mid(1,1)/OUT-OR2(1,0)|edges=0001001010000000",43,2,-0.06247196522863038,0.06896982221643748,25965,0.08302131565917895,156277,0.08196938164306386,308593,0.06805809107292707,640552,0.054246879011237016,510563,0.06043078175181958,227506,0.07029284390724874,132317,0.1669145810866089,62839
4,circuit,5,0000000101011000,"NOR-in(0,2)/NOR-in(1,1)/NOR-in(2,1)/NOT-mid(1,0)|edges=0110001000010000",43,1,0.2536544849169375,0.01403037169063057,5282,0.01703170255401164,32060,0.01987709626308359,74832,0.027687141369351503,260587,0.031769129971490166,299006,0.0,0,0.0,0,0.0,0
4,circuit,5,0000000101011000,"NOR-in(0,2)/NOR-in(1,1)/NOR-mid(2,1)/NOR-out(1,0)|edges=0110001000010000",43,2,-0.1191173150427435,3.187513447322356e-05,12,0.0011283635753187998,2124,0.003489488635986331,13137,0.013641856716251718,128395,0.08269710463659553,778332,0.07576757685862252,285245,0.05970033489732082,112378,0.17141688403448843,64534
4,circuit,5,0000000101011000,"NOR-in(0,2)/NOR-in(2,1)/NOR-mid(1,0)/NOT-in(1,1)|edges=0101001000000100",43,1,0.02393399102411933,0.02981918829970064,11226,0.045912285138112977,86424,0.03776387979499221,142171,0.030432725071245354,286428,0.0,0,0.0,0,0.0,0,0.0,0
4,circuit,5,0000000101011000,"NOR-in(0,2)/NOR-mid(1,1)/NOR-out(2,1)/OUT-OR2(1,0)|edges=0110001000010000",43,3,0.23368956221374546,0.1106624981074139,41661,0.1146335580852244,215783,0.12607686862421924,474646,0.11108123149538635,1045479,0.03326777407310642,313111,0.015403466430722783,57990,0.0,0,0.0,0
4,circuit,5,0000000101011000,"NOR-in(0,2)/NOR-out(2,1)/NOT-mid(1,1)/OUT-OR2(1,0)|edges=0110000101000000",43,2,0.1793458975338347,0.11030390284459013,41526,0.1145830898462153,215688,0.12966145027472054,488141,0.10527089171280181,990793,0.0037635569916661363,35422,0.0,0,0.0,0,0.0,0
4,circuit,5,0000000101011000,"NOR-in(1,1)/NOR-mid(2,1)/NOR-out(1,0)/NOT-in(0,2)|edges=0100001000001100",43,1,-0.0220825208895289,0.05497132566028013,20695,0.059087151742588606,111224,0.0463902505754057,174647,0.03755513532845112,353463,0.0,0,0.0,0,0.0,0,0.0,0
4,circuit,5,0000000101011000,"NOR-in(1,1)/NOR-out(2,1)/NOT-in(0,2)/OUT-OR2(1,0)|edges=0100000111000000",43,1,-0.2182151575469809,0.0,0,7.915544855108343e-05,149,0.0010420388154810366,3923,0.004904990967761677,46165,0.06271631660585851,590276,0.09275468644954482,349197,0.09004031092751258,169489,0.1894420331815743,71320
4,circuit,5,0000000110001000,"NOR-in(0,1)/NOR-in(0,1)/NOR-in(1,1)/NOR-mid(2,0)|edges=0001001000010000",43,1,0.08670865014973436,0.000510002151571577,192,0.004164957829801973,7840,0.0073171152816864935,27547,0.012647258634388465,119034,0.0,0,0.0,0,0.0,0,0.0,0
4,circuit,5,0000000110001000,"NOR-in(0,1)/NOR-in(0,1)/NOR-mid(1,1)/NOR-out(2,0)|edges=0001001000010000",43,1,0.3276813114096719,0.08082471597927053,30428,0.051193387916947344,96365,0.039306617862877466,147979,0.034599603350757485,325646,0.00012016777588996669,1131,0.0,0,0.0,0,0.0,0
4,circuit,5,0000000110001000,"NOR-in(0,1)/NOR-in(0,1)/NOR-out(1,1)/OUT-OR2(2,0)|edges=0001001000010000",43,1,0.12564372401208657,0.05753993024658073,21662,0.05828125365230677,109707,0.06563675796570011,247105,0.05241598828369622,493331,0.0,0,0.0,0,0.0,0,0.0,0
4,circuit,5,0000000110001000,"NOR-in(0,1)/NOR-in(1,1)/NOR-mid(2,0)/NOT-in(0,1)|edges=0010001000000100",43,1,0.20138961558741408,0.05621179964352974,21162,0.06091569572858075,114666,0.060553531656278595,227968,0.04706708846153601,442988,0.0038168940593025316,35924,0.0,0,0.0,0,0.0,0
4,circuit,5,0000000110001000,"NOR-in(0,1)/NOR-in(1,1)/NOR-mid(2,0)/NOT-in(0,1)|edges=0100001000000010",43,1,0.14705668621472676,0.03385936159418172,12747,0.023296139126591342,43852,0.020513794463620946,77229,0.018126951132413825,170608,1.593737080768789e-06,15,0.0,0,0.0,0,0.0,0
4,circuit,5,0000000110001000,"NOR-in(0,1)/NOR-in(1,1)/NOR-out(0,1)/OUT-OR2(2,0)|edges=0100000100010000",43,1,-0.1854198181367469,0.0,0,0.0001668108110405382,314,0.0012455059917895947,4689,0.006195705367769667,58313,0.061348252695726586,577400,0.1159095575600633,436369,0.172359496124031,324444,0.0,0
4,circuit,5,0000000110001000,"NOR-in(0,1)/NOR-mid(0,1)/NOR-mid(1,1)/NOR-out(2,0)|edges=0010000100010000",43,1,0.02982617300751837,0.0010784420496773972,406,0.0030095007788046146,5665,0.004536839910378818,17080,0.008690966125440696,81798,0.0,0,0.0,0,0.0,0,0.0,0
4,circuit,5,0000000110001000,"NOR-in(0,1)/NOR-mid(0,1)/NOR-out(1,1)/OUT-OR2(2,0)|edges=0001001000010000",43,2,-0.12395074298867556,1.593756723661178e-05,6,0.0010630204869175699,2001,0.004288748079214075,16146,0.015787770342936058,148592,0.07487270556313053,704690,0.04253524216963894,160134,0.037411919454644366,70423,0.09663881171076887,36382
4,circuit,5,0000000110001000,"NOR-in(0,1)/NOR-mid(0,1)/NOR-out(2,0)/NOT-mid(1,1)|edges=0001001000000010",43,2,-0.003672421945502522,0.049377239560229394,18589,0.046330905899577765,87212,0.049627397413098136,186834,0.05416091770346336,509754,0.040693951374656666,383005,0.005934810320083448,22343,0.0,0,0.0,0
4,circuit,5,0000000110001000,"NOR-in(0,1)/NOR-mid(1,1)/NOR-out(2,0)/NOT-mid(0,1)|edges=0100001000000010",43,2,-0.12115727558704524,3.187513447322356e-05,12,0.0010816140486577574,2036,0.0035086134880675532,13209,0.0136959375221131,128904,0.0899721956628889,846804,0.08385738499130219,315701,0.0827250569495444,155719,0.2645415088425761,99593
4,circuit,5,0000000110001000,"NOR-in(0,1)/NOR-mid(2,0)/NOT-in(0,1)/NOT-in(1,1)|edges=0100000000010100",43,1,-0.09936557727550105,0.0003081262999078277,116,0.003458402483674853,6510,0.005752596132264289,21657,0.011090708917553014,104384,0.02635435511500885,248043,0.0,0,0.0,0,0.0,0
4,circuit,5,0000000110001000,"NOR-in(0,1)/NOR-out(0,1)/NOR-out(1,1)/OUT-OR2(2,0)|edges=0010000100010000",43,3,-0.15021022156704708,0.0527639725980094,19864,0.056516459020852415,106385,0.06620811292162662,249256,0.06401775550418293,602525,0.1106808965429824,1041711,0.1549284850442408,583265,0.17276536787705699,325208,0.4539835420241504,170913
4,circuit,5,0000000110001000,"NOR-in(0,1)/NOR-out(1,1)/NOT-mid(0,1)/OUT-OR2(2,0)|edges=0001000101000000",43,5,0.002127021616090148,0.07161811463892113,26962,0.0772036558129849,145326,0.09157032301078297,344738,0.10137218623092058,954099,0.16841529728349638,1585098,0.08804917846850922,331482,0.07029284390724874,132317,0.1669145810866089,62839
4,circuit,5,0000000110001000,"NOR-mid(0,1)/NOR-out(0,1)/NOR-out(1,1)/OUT-OR2(2,0)|edges=0010000100010000",43,7,-0.32950546231374067,0.05623039347197246,21169,0.09256990647969689,174251,0.09317362311025876,350774,0.1034865438667585,973999,0.25914908677271536,2439070,0.33592678585516067,1264676,0.33536587957296343,631282,0.7364466072026222,277253
4,circuit,5,0000000110001000,"NOR-mid(0,1)/NOR-out(1,1)/NOT-in(0,1)/OUT-OR2(2,0)|edges=0100000100010000",43,2,0.28127681150096084,0.1097434317301026,41315,0.10930942449207702,205761,0.11892576768351558,447724,0.09894556240956871,931260,0.03326777407310642,313111,0.015403466430722783,57990,0.0,0,0.0,0
4,circuit,5,0000000110001000,"NOR-mid(0,1)/NOR-out(1,1)/NOT-out(0,1)/OUT-OR2(2,0)|edges=0100000100010000",43,1,-0.11925150933039359,0.0,0,0.01831518955870572,34476,0.030765777670938327,115825,0.04076470896982758,383671,0.0,0,0.0,0,0.0,0,0.0,0
4,circuit,5,0000000110001000,"NOR-mid(1,1)/NOR-out(2,0)/NOT-in(0,1)/NOT-in(0,1)|edges=0100000001001000",43,1,-0.0220825208895289,0.05497132566028013,20695,0.059087151742588606,111224,0.0463902505754057,174647,0.03755513532845112,353463,0.0,0,0.0,0,0.0,0,0.0,0
4,circuit,5,0000000110001000,"NOR-out(0,1)/NOR-out(1,1)/NOT-in(0,1)/OUT-OR2(2,0)|edges=0001000101000000",43,3,-0.13136237123897532,0.06896982221643748,25965,0.08321521994589805,156642,0.08343987026975339,314129,0.07237116815178156,681146,0.12783322625190968,1203146,0.1965608753015151,740000,0.1281625059499524,241249,0.1894420331815743,71320
4,circuit,5,0000000110001000,"NOR-out(0,1)/NOR-out(1,1)/NOT-mid(0,1)/OUT-OR2(2,0)|edges=0001000101000000",43,5,-0.09962289176848702,0.12189317048681299,45889,0.14199956225443217,267296,0.1522811034508405,573298,0.13678629539254908,1287411,0.14751216047954913,1388361,0.15057173980546318,566863,0.13994447419420644,263427,0.2650780664800225,99795
4,circuit,5,0000000110001000,"NOR-out(1,1)/NOT-mid(0,1)/NOT-out(0,1)/OUT-OR2(2,0)|edges=0001100000010000",43,1,0.09554161933040665,0.04936130199299278,18583,0.04578372393979511,86182,0.04748169525876323,178756,0.04652957412587249,437929,0.004065835791318617,38267,0.0,0,0.0,0,0.0,0
4,circuit,5,0000000110001010,"NOR-in(0,1)/NOR-in(1,2)/NOR-mid(1,1)/NOR-out(2,0)|edges=0100001100010000",43,2,0.28127681150096084,0.1097434317301026,41315,0.10930942449207702,205761,0.11892576768351558,447724,0.09894556240956871,931260,0.03326777407310642,313111,0.015403466430722783,57990,0.0,0,0.0,0
4,circuit,5,0000000110001010,"NOR-in(0,1)/NOR-mid(1,2)/NOR-out(1,1)/OUT-OR2(2,0)|edges=0100001100010000",43,4,-0.24564527469274192,0.00048078327830445536,181,0.03767639977645226,70921,0.06728627645770552,253315,0.11051534864269927,1040153,0.02635435511500885,248043,0.0,0,0.0,0,0.0,0
4,circuit,5,0000000110001010,"NOR-in(1,2)/NOR-mid(1,1)/NOR-out(2,0)/NOT-in(0,1)|edges=0110001000001000",43,2,0.28127681150096084,0.1097434317301026,41315,0.10930942449207702,205761,0.11892576768351558,447724,0.09894556240956871,931260,0.03326777407310642,313111,0.015403466430722783,57990,0.0,0,0.0,0
4,circuit,5,0000000110001010,"NOR-in(1,2)/NOR-out(2,0)/NOT-in(0,1)/NOT-mid(1,1)|edges=0101000010000100",43,2,0.1793458975338347,0.11030390284459013,41526,0.1145830898462153,215688,0.12966145027472054,488141,0.10527089171280181,990793,0.0037635569916661363,35422,0.0,0,0.0,0,0.0,0
4,circuit,5,0000000110001010,"NOR-mid(1,2)/NOR-out(1,1)/NOT-in(0,1)/OUT-OR2(2,0)|edges=0101000110000000",43,1,-0.09936557727550105,0.0003081262999078277,116,0.003458402483674853,6510,0.005752596132264289,21657,0.011090708917553014,104384,0.02635435511500885,248043,0.0,0,0.0,0,0.0,0
4,circuit,5,0000000110011000,"NOR-in(0,2)/NOR-mid(2,1)/NOR-out(2,0)/NOT-in(0,1)|edges=0110001000000100",43,1,0.0009041164842579602,0.0009190663773112793,346,0.00532413359314737,10022,0.007151100940703661,26922,0.012135669085817632,114219,0.0,0,0.0,0,0.0,0,0.0,0
4,circuit,5,0000000110011000,"NOR-in(2,1)/NOR-mid(2,0)/NOT-in(0,1)/NOT-in(0,2)|edges=0100000010001100",43,1,-0.0220825208895289,0.05497132566028013,20695,0.059087151742588606,111224,0.0463902505754057,174647,0.03755513532845112,353463,0.0,0,0.0,0,0.0,0,0.0,0
4,circuit,5,0000000111001000,"NOR-in(0,2)/NOR-in(1,1)/NOR-in(1,1)/NOR-mid(2,0)|edges=0101001000010000",43,2,0.07766584427519037,0.009238476474822628,3478,0.01371248616107762,25812,0.015420474482267675,58054,0.023017385969717724,216636,0.06010195029856539,565670,0.03916103568456442,147431,0.012266995614035088,23091,0.0,0
4,circuit,5,0000000111001000,"NOR-in(0,2)/NOR-in(1,1)/NOR-mid(2,0)/NOT-in(1,1)|edges=0110000100000010",43,1,0.0009041164842579602,0.0009190663773112793,346,0.00532413359314737,10022,0.007151100940703661,26922,0.012135669085817632,114219,0.0,0,0.0,0,0.0,0,0.0,0
4,circuit,5,0000000111001000,"NOR-in(0,2)/NOR-in(1,1)/NOR-out(2,0)/NOT-mid(1,1)|edges=0110000100000010",43,1,0.2536544849169375,0.01403037169063057,5282,0.01703170255401164,32060,0.01987709626308359,74832,0.027687141369351503,260587,0.031769129971490166,299006,0.0,0,0.0,0,0.0,0
4,circuit,5,0000000111001000,"NOR-in(0,2)/NOR-mid(1,1)/NOR-out(1,1)/OUT-OR2(2,0)|edges=0101001000010000",43,5,0.01602383447706731,0.05678289580284167,21377,0.06761575289050198,127278,0.07447536147962605,280380,0.0801245919767884,754120,0.17103826977102568,1609785,0.1767541796412339,665433,0.18462649173806608,347535,0.0,0
4,circuit,5,0000000111001000,"NOR-in(1,1)/NOR-mid(1,1)/NOR-out(2,0)/NOT-in(0,2)|edges=0100001000001010",43,2,-0.11386770417184194,0.05497132566028013,20695,0.05959927155737548,112188,0.048362235323336174,182071,0.04316285802502847,406242,0.06511690964605119,612870,0.10380618885197027,390803,0.03812219502243982,71760,0.0,0
4,circuit,5,0000000111001000,"NOR-in(1,1)/NOR-out(1,1)/NOT-in(0,2)/OUT-OR2(2,0)|edges=0100000110010000",43,2,0.28127681150096084,0.1097434317301026,41315,0.10930942449207702,205761,0.11892576768351558,447724,0.09894556240956871,931260,0.03326777407310642,313111,0.015403466430722783,57990,0.0,0,0.0,0
4,circuit,5,0000001110001000,"NOR-in(0,2)/NOR-in(1,1)/NOR-in(1,1)/NOR-mid(2,0)|edges=0110000100010000",43,1,0.05186935104532751,0.0016150068133099936,608,0.0037622744069716295,7082,0.004385700454348048,16511,0.006673826441200351,62813,1.6999862194867082e-06,16,0.0,0,0.0,0,0.0,0
4,circuit,5,0000001110001000,"NOR-in(0,2)/NOR-in(1,1)/NOR-out(1,1)/OUT-OR2(2,0)|edges=0110000100010000",43,1,0.2536544849169375,0.01403037169063057,5282,0.01703170255401164,32060,0.01987709626308359,74832,0.027687141369351503,260587,0.031769129971490166,299006,0.0,0,0.0,0,0.0,0
4,circuit,5,0000001110001000,"NOR-in(0,2)/NOR-mid(1,1)/NOR-mid(1,1)/NOR-out(2,0)|edges=0110000100010000",43,1,0.0427593017770381,0.0019736020761337587,743,0.004564985029526576,8593,0.005572769398111687,20980,0.008942139062682947,84162,0.05084425034379565,478538,0.0,0,0.0,0,0.0,0
4,circuit,5,0000001110001000,"NOR-mid(0,2)/NOR-out(1,1)/NOR-out(1,1)/OUT-OR2(2,0)|edges=0110000100010000",43,2,-0.1707962580259048,1.3281306030509816e-05,5,0.0012760495799980026,2402,0.0038974854803857377,14673,0.011623760789864513,109401,0.12649183087559596,1190521,0.21191068592573664,797788,0.17663868064055488,332499,0.0,0
4,circuit,5,0000001110001000,"NOR-mid(0,2)/NOR-out(1,1)/NOT-out(1,1)/OUT-OR2(2,0)|edges=0110000100010000",43,2,0.23760800232230378,0.0723724928214541,27246,0.0672545065481212,126598,0.07105095046530499,267488,0.07093807992101865,667658,0.05045665348575268,474890,0.0,0,0.0,0,0.0,0
4,circuit,5,0000001110001000,"NOR-out(1,1)/NOR-out(1,1)/NOT-mid(0,2)/OUT-OR2(2,0)|edges=0001000111000000",43,1,-0.20297689558657397,0.0,0,0.00011049888119882787,208,0.0010024609965907296,3774,0.005264431765854123,49548,0.06576768562069844,618995,0.1276160857982908,480441,0.1956641846865225,368312,0.0,0
4,circuit,6,0000000000001110,"NOR-in(1,0)/NOR-mid(1,0)/NOT-in(0,3)/OUT-OR2(1,0)|edges=0000000011010000",63,1,0.13032289710869266,0.042056392188743574,231554,0.0747845843521533,2058744,0.06905843435882766,3802217,0.04450985122429725,6126555,0.009070868659222086,1248559,0.0,0,0.0,0,0.0,0
4,circuit,6,0000000000011100,"NOR-in(0,1)/NOR-in(1,0)/NOR-in(1,2)/NOR-out(1,0)|edges=0010000001010000",63,1,0.095879309073924,0.0004221004838898921,2324,0.001537978746694984,42339,0.002119275490139329,116683,0.003684879853395536,507205,0.016244951021476484,2236035,0.014299474588300727,787300,0.006203389802187011,170773,0.0,0
4,circuit,6,0000000000011100,"NOR-in(0,1)/NOR-in(1,0)/NOR-in(1,2)/OUT-OR2(1,0)|edges=0010000001010000",63,3,-0.08536922652623448,9.081335711916784e-06,50,0.0016320977134321932,44930,0.005127777420477585,282325,0.013090929718424339,1801900,0.09305702605619572,12808827,0.12692355676699796,6988153,0.14809534722698237,4076914,0.18344791862104615,1010027
4,circuit,6,0000000000011100,"NOR-in(0,1)/NOR-in(1,2)/NOR-mid(1,0)/NOR-mid(1,0)|edges=0100001100000000",63,1,-0.0317552792625386,3.92313702754805e-05,216,0.0009496534725630498,26143,0.0018210988429703551,100266,0.004860201090455048,668982,0.019690701119295204,2710325,0.026896071189842517,1480843,0.020527930183830635,565113,0.013509034205220425,74378
4,circuit,6,0000000000011100,"NOR-in(0,1)/NOR-in(1,2)/NOR-mid(1,0)/OUT-OR2(1,0)|edges=0100001100000000",63,1,-0.003793209628154967,1.798104470959523e-05,99,0.0006251954984616399,17211,0.001787788495713981,98432,0.004723298110481693,650138,0.025331781039708685,3486791,0.02759971140961307,1519584,0.030045935953822628,827134,0.041083062088921915,226195
4,circuit,6,0000000000011100,"NOR-in(0,1)/NOR-in(1,2)/NOR-out(1,0)/NOT-in(1,0)|edges=0100001100000000",63,1,0.2466091640613717,0.04782649127338126,263323,0.03423765398722053,942528,0.027707198124478517,1525502,0.02478541126275621,3411586,0.01065942709211915,1467216,0.0,0,0.0,0,0.0,0
4,circuit,6,0000000000011100,"NOR-in(0,1)/NOR-mid(1,2)/NOR-out(1,0)/NOR-out(1,0)|edges=0100001100000000",63,4,0.003059820756431681,0.0006258856572653046,3446,0.004442625916992448,122301,0.012282109871583163,676228,0.041393753704913286,5697640,0.1067790216538393,14697590,0.12258494760622018,6749278,0.13456506072636687,3704439,0.12437091305763726,684761
4,circuit,6,0000000000011100,"NOR-in(1,0)/NOR-in(1,0)/NOR-in(1,2)/NOT-in(0,1)|edges=0000000011000010",63,1,0.19384714499912756,0.04178758465167084,230074,0.03385794516464081,932075,0.028450923369546136,1566450,0.028832563834065742,3968656,0.0,0,0.0,0,0.0,0,0.0,0
4,circuit,6,0000000000011100,"NOR-in(1,0)/NOR-in(1,2)/NOR-out(1,0)/NOT-in(0,1)|edges=0000101000000100",63,1,-0.08081705021574134,0.003437648820388979,18927,0.00860689072163166,236939,0.009429189421396544,519152,0.010005505324780525,1377207,0.01190920804117429,1639242,0.01470195948208549,809460,0.01756203762137073,483465,0.033451106170459974,184175
4,circuit,6,0000000000011100,"NOR-in(1,2)/NOR-mid(1,0)/NOT-in(0,1)/OUT-OR2(1,0)|edges=0101000010000000",63,1,-0.12380465969091613,4.359041141720056e-06,24,0.0007199319960496914,19819,0.0020712533755559846,114039,0.004500166014115653,619425,0.026999259929104104,3716311,0.028050109441926905,1544382,0.02510666849601153,691161,0.008563337878239971,47148
4,circuit,6,0000000000011100,"NOR-out(1,0)/NOR-out(1,0)/NOT-in(0,1)/NOT-mid(1,2)|edges=0000000000011100",63,1,-0.16172060464176846,3.632534284766713e-07,2,0.0003538815028768401,9742,0.0016849514258308884,92770,0.005262838537552442,724403,0.03740900835709005,5149160,0.04341141037772063,2390144,0.050069706539446555,1378368,0.06663449451550793,366876
4,circuit,6,0000000001001010,"NOR-in(0,2)/NOR-in(1,0)/NOR-in(1,0)/NOR-in(1,1)|edges=0101000000000010",63,1,0.095879309073924,0.0004221004838898921,2324,0.001537978746694984,42339,0.002119275490139329,116683,0.003684879853395536,507205,0.016244951021476484,2236035,0.014299474588300727,787300,0.006203389802187011,170773,0.0,0
4,circuit,6,0000000001001010,"NOR-in(0,2)/NOR-in(1,0)/NOR-in(1,1)/NOR-mid(1,0)|edges=0110000000010000",63,3,0.00861645627619996,0.0004616951075938492,2542,0.0028955295089114967,79711,0.005542503957692444,305159,0.012199956057950325,1679262,0.0714038188158065,9828373,0.08960154667534309,4933279,0.08505596338636726,2341504,0.11024017049666016,606960
4,circuit,6,0000000001001010,"NOR-in(0,2)/NOR-in(1,0)/NOR-in(1,1)/NOR-out(1,0)|edges=0011000001000000",63,1,-0.045502549437321974,1.634640428145021e-06,9,0.0004963858280447568,13665,0.0024364866214548024,134148,0.007252624982416714,998287,0.03435714856489329,4729087,0.044362825819558506,2442527,0.050782409999120565,1397988,0.09376571638947095,516255
4,circuit,6,0000000001001010,"NOR-in(0,2)/NOR-in(1,0)/NOR-in(1,1)/NOR-out(1,0)|edges=0110000000010000",63,1,0.095879309073924,0.0004221004838898921,2324,0.001537978746694984,42339,0.002119275490139329,116683,0.003684879853395536,507205,0.016244951021476484,2236035,0.014299474588300727,787300,0.006203389802187011,170773,0.0,0
4,circuit,6,0000000001001010,"NOR-in(0,2)/NOR-in(1,0)/NOR-in(1,1)/OUT-OR2(1,0)|edges=0011000001000000",63,2,-0.06987597614815531,0.000751571343518233,4138,0.008806789090583748,242442,0.020342868816787225,1120037,0.0219321857728976,3018854,0.05613471927525753,7726659,0.06777776593167706,3731706,0.07466404223243861,2055425,0.09714161274017186,534842
4,circuit,6,0000000001001010,"NOR-in(0,2)/NOR-in(1,0)/NOR-in(1,1)/OUT-OR2(1,0)|edges=0110000000010000",63,4,-0.07787238298914771,2.7062380421512013e-05,149,0.0022572932118938333,62141,0.006915565916191566,380757,0.017814227828906033,2452038,0.1183888070959044,16295618,0.15452326817661102,8507737,0.178141283180805,4904048,0.22453098070996805,1236222
4,circuit,6,0000000001001010,"NOR-in(0,2)/NOR-in(1,0)/NOR-mid(1,1)/NOR-out(1,0)|edges=0110000000010000",63,4,0.03380363730201085,0.04235843741452193,233217,0.07952079170070503,2189127,0.07930127532678423,4366167,0.0638612298389039,8790174,0.06137784771586305,8448349,0.0608784374475723,3351843,0.062445900195143435,1719072,0.05280942977011321,290758
4,circuit,6,0000000001001010,"NOR-in(0,2)/NOR-in(1,0)/NOR-mid(1,1)/OUT-OR2(1,0)|edges=0110000000010000",63,1,0.05758617967948495,0.0001425769706770935,785,0.0028743155079178533,79127,0.006275204458602694,345500,0.010454123400207965,1438957,0.012119597206205668,1668201,0.012514610283376427,689029,0.011707443875238244,322294,2.887865280903019e-05,159
4,circuit,6,0000000001001010,"NOR-in(0,2)/NOR-in(1,0)/NOR-out(1,1)/OUT-NOT(1,0)|edges=0110000000010000",63,1,0.095879309073924,0.0004221004838898921,2324,0.001537978746694984,42339,0.002119275490139329,116683,0.003684879853395536,507205,0.016244951021476484,2236035,0.014299474588300727,787300,0.006203389802187011,170773,0.0,0
4,circuit,6,0000000001001010,"NOR-in(0,2)/NOR-in(1,0)/NOR-out(1,1)/OUT-OR2(1,0)|edges=0110000000010000",63,4,-0.15371066868280492,0.003440191594388316,18941,0.010667155266762611,293656,0.01910657180640179,1051969,0.03192994653300759,4394995,0.08733396708477169,12021077,0.10659276612955941,5868781,0.12234902555964566,3368144,0.22311501858858945,1228426
4,circuit,6,0000000001001010,"NOR-in(0,2)/NOR-in(1,1)/NOR-mid(1,0)/NOR-mid(1,0)|edges=0110000100000000",63,2,-0.0865025416643341,0.0001594682551012587,878,0.001861891840633886,51256,0.0039676365093538595,218450,0.008897255214398683,1224662,0.04018738185043529,5531589,0.04836382716419588,2662814,0.050738456319905194,1396778,0.05278055111730418,290599
4,circuit,6,0000000001001010,"NOR-in(0,2)/NOR-in(1,1)/NOR-mid(1,0)/NOR-out(1,0)|edges=0101001000000000",63,3,-0.13158078530967152,2.5427739993366992e-06,14,0.0020602645451309526,56717,0.009677382385005243,532817,0.021924441208227063,3017788,0.0754247590435974,10381835,0.09189080664747393,5059321,0.10478698793827494,2884679,0.18966391241812947,1044251
4,circuit,6,0000000001001010,"NOR-in(0,2)/NOR-in(1,1)/NOR-mid(1,0)/NOT-mid(1,0)|edges=0110000100000000",63,1,0.13032289710869266,0.042056392188743574,231554,0.0747845843521533,2058744,0.06905843435882766,3802217,0.04450985122429725,6126555,0.009070868659222086,1248559,0.0,0,0.0,0,0.0,0
4,circuit,6,0000000001001010,"NOR-in(0,2)/NOR-in(1,1)/NOR-mid(1,0)/OUT-OR2(1,0)|edges=0101001000000000",63,3,-0.1501969910312533,9.081335711916784e-06,50,0.0016266852371512807,44781,0.005430494736574636,298992,0.014094221361831277,1939998,0.07354824955727934,10123543,0.09053627061820135,4984743,0.09895408042891235,2724105,0.08814473181630199,485307
4,circuit,6,0000000001001010,"NOR-in(0,2)/NOR-mid(1,0)/NOR-out(1,1)/OUT-OR2(1,0)|edges=0110000000010000",63,1,-0.04350717418518614,1.4348510424828516e-05,79,0.0012992485848281605,35767,0.004105654682091694,226049,0.008936217785062931,1230025,0.022827722063206386,3142120,0.024721090773293538,1361093,0.02629694139423468,723928,0.029639487253162438,163189
4,circuit,6,0000000001001010,"NOR-in(0,2)/NOR-mid(1,0)/NOT-in(1,0)/NOT-in(1,1)|edges=0101000000000010",63,1,0.07051498810968163,0.01808693308399618,99583,0.02049784683338716,564285,0.020127441320163527,1108176,0.03181104639661171,4378629,0.0,0,0.0,0,0.0,0,0.0,0
4,circuit,6,0000000001001010,"NOR-in(0,2)/NOR-mid(1,1)/NOR-out(1,0)/NOT-in(1,0)|edges=0101001000000000",63,1,0.07051498810968163,0.01808693308399618,99583,0.02049784683338716,564285,0.020127441320163527,1108176,0.03181104639661171,4378629,0.0,0,0.0,0,0.0,0,0.0,0
4,circuit,6,0000000001001010,"NOR-in(0,2)/NOR-out(1,1)/NOT-in(1,0)/OUT-NOT(1,0)|edges=0110000100000000",63,1,0.2466091640613717,0.04782649127338126,263323,0.03423765398722053,942528,0.027707198124478517,1525502,0.02478541126275621,3411586,0.01065942709211915,1467216,0.0,0,0.0,0,0.0,0
4,circuit,6,0000000001001010,"NOR-in(1,0)/NOR-mid(1,1)/NOR-out(1,0)/NOT-in(0,2)|edges=0000001000001100",63,1,0.13032289710869266,0.042056392188743574,231554,0.0747845843521533,2058744,0.06905843435882766,3802217,0.04450985122429725,6126555,0.009070868659222086,1248559,0.0,0,0.0,0,0.0,0
4,circuit,6,0000000001001010,"NOR-in(1,1)/NOR-mid(1,0)/NOT-in(0,2)/NOT-mid(1,0)|edges=0001000011000000",63,1,0.13032289710869266,0.042056392188743574,231554,0.0747845843521533,2058744,0.06905843435882766,3802217,0.04450985122429725,6126555,0.009070868659222086,1248559,0.0,0,0.0,0,0.0,0
4,circuit,6,0000000001001010,"NOR-in(1,1)/NOT-in(0,2)/NOT-mid(1,0)/OUT-OR2(1,0)|edges=0010100100000000",63,1,0.13032289710869266,0.042056392188743574,231554,0.0747845843521533,2058744,0.06905843435882766,3802217,0.04450985122429725,6126555,0.009070868659222086,1248559,0.0,0,0.0,0,0.0,0
4,circuit,6,0000000001001100,"NOR-in(0,1)/NOR-in(0,2)/NOR-in(2,0)/NOR-out(1,0)|edges=0010001100000000",63,1,-0.05252870702311037,5.44880142715007e-07,3,0.000444803839327336,12245,0.001732392334791439,95382,0.004141932675148016,570116,0.03294159324629203,4534243,0.044799837959872364,2466588,0.05397308385660915,1485824,0.09589819602865852,527996
4,circuit,6,0000000001001100,"NOR-in(0,1)/NOR-in(0,2)/NOR-in(2,0)/OUT-OR2(1,0)|edges=0010001100000000",63,2,-0.06570625813002863,8.718082283440112e-06,48,0.0012242004237787301,33701,0.0035256477958948247,194115,0.009436054604324597,1298825,0.057588859381160894,7926814,0.0785175558697981,4323017,0.08977070382663274,2471296,0.08671678232960642,477445
4,circuit,6,0000000001001100,"NOR-in(0,1)/NOR-in(0,2)/NOR-mid(1,0)/NOR-mid(2,0)|edges=0001001100000000",63,1,-0.0317552792625386,3.92313702754805e-05,216,0.0009496534725630498,26143,0.0018210988429703551,100266,0.004860201090455048,668982,0.019690701119295204,2710325,0.026896071189842517,1480843,0.020527930183830635,565113,0.013509034205220425,74378
4,circuit,6,0000000001001100,"NOR-in(0,1)/NOR-in(0,2)/NOR-mid(2,0)/NOR-out(1,0)|edges=0010001100000000",63,1,-0.04350717418518614,1.4348510424828516e-05,79,0.0012992485848281605,35767,0.004105654682091694,226049,0.008936217785062931,1230025,0.022827722063206386,3142120,0.024721090773293538,1361093,0.02629694139423468,723928,0.029639487253162438,163189
4,circuit,6,0000000001001100,"NOR-in(0,1)/NOR-in(0,2)/NOR-mid(2,0)/NOT-in(1,0)|edges=0010001100000000",63,1,0.07051498810968163,0.01808693308399618,99583,0.02049784683338716,564285,0.020127441320163527,1108176,0.03181104639661171,4378629,0.0,0,0.0,0,0.0,0,0.0,0
4,circuit,6,0000000001001100,"NOR-in(0,1)/NOR-in(0,2)/NOR-mid(2,0)/OUT-OR2(1,0)|edges=0010001100000000",63,3,0.05058508692315554,0.04320772393030038,237893,0.07653811769113643,2107017,0.07816721601798338,4303728,0.05972314765088101,8220588,0.05988162832393939,8242402,0.04435376264437806,2442028,0.04314576700096527,1187759,0.04127467830724598,227250
4,circuit,6,0000000001001100,"NOR-in(0,1)/NOR-in(2,0)/NOT-in(0,2)/OUT-OR2(1,0)|edges=0100000001010000",63,1,0.13032289710869266,0.042056392188743574,231554,0.0747845843521533,2058744,0.06905843435882766,3802217,0.04450985122429725,6126555,0.009070868659222086,1248559,0.0,0,0.0,0,0.0,0
4,circuit,6,0000000001001100,"NOR-in(0,1)/NOR-mid(2,0)/NOT-in(0,2)/OUT-OR2(1,0)|edges=0100000001010000",63,1,0.13032289710869266,0.042056392188743574,231554,0.0747845843521533,2058744,0.06905843435882766,3802217,0.04450985122429725,6126555,0.009070868659222086,1248559,0.0,0,0.0,0,0.0,0
4,circuit,6,0000000001001100,"NOR-in(0,2)/NOR-in(1,0)/NOR-mid(2,0)/NOT-in(0,1)|edges=0110000000000010",63,1,-0.051128640267370525,8.845220983406947e-05,487,0.0007599261999777762,20920,0.0017371327931523517,95643,0.003987724298321735,548890,0.023587343262741964,3246678,0.029234660989207975,1609601,0.028979714141980046,797782,0.016058892109534734,88417
4,circuit,6,0000000001001100,"NOR-in(0,2)/NOR-in(1,0)/NOR-out(0,1)/OUT-OR2(2,0)|edges=0101000000010000",63,5,-0.16757186562514478,0.0007606526792301498,4188,0.010433474327735028,287223,0.02577336355336186,1419029,0.03602640713472888,4958852,0.12968296883253688,17850202,0.1583140365498784,8716449,0.17361812266135096,4779530,0.18528634455647383,1020149
4,circuit,6,0000000001001100,"NOR-in(0,2)/NOR-in(2,0)/NOR-out(1,0)/NOT-in(0,1)|edges=0110000000000100",63,1,-0.08081705021574134,0.003437648820388979,18927,0.00860689072163166,236939,0.009429189421396544,519152,0.010005505324780525,1377207,0.01190920804117429,1639242,0.01470195948208549,809460,0.01756203762137073,483465,0.033451106170459974,184175
4,circuit,6,0000000001001100,"NOR-in(1,0)/NOR-out(0,1)/NOT-in(0,2)/OUT-OR2(2,0)|edges=0000000110010000",63,1,0.13032289710869266,0.042056392188743574,231554,0.0747845843521533,2058744,0.06905843435882766,3802217,0.04450985122429725,6126555,0.009070868659222086,1248559,0.0,0,0.0,0,0.0,0
4,circuit,6,0000000001001110,"NOR-in(0,3)/NOR-mid(1,1)/NOR-out(1,0)/NOR-out(2,0)|edges=0111000100000000",63,1,-0.04350717418518614,1.4348510424828516e-05,79,0.0012992485848281605,35767,0.004105654682091694,226049,0.008936217785062931,1230025,0.022827722063206386,3142120,0.024721090773293538,1361093,0.02629694139423468,723928,0.029639487253162438,163189
4,circuit,6,0000000011001100,"NOR-in(0,2)/NOR-in(2,0)/NOR-mid(2,0)/NOT-in(0,2)|edges=0110000000000110",63,1,0.13032289710869266,0.042056392188743574,231554,0.0747845843521533,2058744,0.06905843435882766,3802217,0.04450985122429725,6126555,0.009070868659222086,1248559,0.0,0,0.0,0,0.0,0
4,circuit,6,0000000100011000,"NOR-in(0,1)/NOR-in(0,1)/NOR-in(2,1)/NOR-mid(1,0)|edges=0010001000010000",63,7,0.010902776447984163,0.24764602697011406,1363489,0.1234677742796875,3398943,0.09996180934177973,5503694,0.09990837148354809,13751880,0.15878476910891612,21855917,0.20360977004472394,11210340,0.23011527379091873,6334839,0.2797854697512458,1540442
4,circuit,6,0000000100011000,"NOR-in(0,1)/NOR-in(0,1)/NOR-in(2,1)/NOT-mid(1,0)|edges=0010001000010000",63,1,0.10514240252287128,0.00336990205597808,18554,0.00622768965471271,171442,0.006962752547692144,383355,0.010810947315586404,1488072,0.0,0,0.0,0,0.0,0,0.0,0
4,circuit,6,0000000100011000,"NOR-in(0,1)/NOR-in(0,1)/NOR-mid(2,1)/NOR-out(1,0)|edges=0010001000010000",63,12,0.10784476717545409,0.06213631520807701,342110,0.06967389903058191,1918052,0.08639202025022101,4756569,0.1348620474353569,18563076,0.1631004096402511,22449943,0.15916337775421313,8763212,0.13274832076058318,3654426,0.07420705848762676,408569
4,circuit,6,0000000100011000,"NOR-in(0,1)/NOR-in(0,1)/NOR-mid(2,1)/NOT-out(1,0)|edges=0010001000010000",63,2,-0.020864510887745928,0.0007517529702324713,4139,0.004087945256543929,112537,0.011647505982195093,641288,0.022076760666841017,3038754,0.010816098328829729,1488781,0.0027292326285857957,150266,3.149408254522752e-05,867,0.0,0
4,circuit,6,0000000100011000,"NOR-in(0,1)/NOR-in(0,1)/NOR-mid(2,1)/OUT-OR2(1,0)|edges=0010001000010000",63,1,0.05758617967948495,0.0001425769706770935,785,0.0028743155079178533,79127,0.006275204458602694,345500,0.010454123400207965,1438957,0.012119597206205668,1668201,0.012514610283376427,689029,0.011707443875238244,322294,2.887865280903019e-05,159
4,circuit,6,0000000100011000,"NOR-in(0,1)/NOR-in(2,1)/NOT-in(0,1)/NOT-mid(1,0)|edges=0100000101000000",63,2,0.03643331999225816,0.045494041009132555,250481,0.08339147507378494,2295683,0.07848762378022421,4321369,0.05451535654907778,7503762,0.020980076700396377,2887801,0.01470195948208549,809460,0.01756203762137073,483465,0.033451106170459974,184175
4,circuit,6,0000000100011000,"NOR-in(0,1)/NOR-mid(0,1)/NOR-out(2,1)/OUT-NOT(1,0)|edges=0010001000010000",63,2,0.24376803297731267,0.048248591757271156,265647,0.03577563273391551,984867,0.029826473614617845,1642185,0.028470291116151746,3918791,0.026904378113595633,3703251,0.014299474588300727,787300,0.006203389802187011,170773,0.0,0
4,circuit,6,0000000100011000,"NOR-in(0,1)/NOR-mid(2,1)/NOR-out(1,0)/NOT-in(0,1)|edges=0100001000000100",63,6,0.016228378994803512,0.08476936494945873,466723,0.15552986707939037,4281580,0.15089449270802172,8307944,0.1293599846712834,17805745,0.07180226432038128,9883217,0.0697751698677868,3841679,0.06799703192791626,1871889,0.05862711611052859,322789
4,circuit,6,0000000100011000,"NOR-in(0,1)/NOR-out(2,1)/NOT-mid(0,1)/OUT-OR2(1,0)|edges=0100000101000000",63,1,-0.08081705021574134,0.003437648820388979,18927,0.00860689072163166,236939,0.009429189421396544,519152,0.010005505324780525,1377207,0.01190920804117429,1639242,0.01470195948208549,809460,0.01756203762137073,483465,0.033451106170459974,184175
4,circuit,6,0000000100011000,"NOR-in(2,1)/NOR-mid(1,0)/NOT-in(0,1)/NOT-in(0,1)|edges=0100000010001000",63,3,-0.1754952503197469,0.0015271174133159263,8408,0.011696869797870164,322003,0.024588757518053655,1353807,0.028202791237006187,3881971,0.05671842406738713,7807003,0.059572522901181583,3279942,0.05490704505190366,1511535,0.018124896359237364,99792
4,circuit,6,0000000100011000,"NOR-in(2,1)/NOT-in(0,1)/NOT-in(0,1)/OUT-OR2(1,0)|edges=0001100010000000",63,1,-0.12380465969091613,4.359041141720056e-06,24,0.0007199319960496914,19819,0.0020712533755559846,114039,0.004500166014115653,619425,0.026999259929104104,3716311,0.028050109441926905,1544382,0.02510666849601153,691161,0.008563337878239971,47148
4,circuit,6,0000000100011000,"NOR-mid(0,1)/NOR-mid(0,1)/NOR-out(2,1)/OUT-NOT(1,0)|edges=0010001000010000",63,11,0.12623586212834356,0.12321937710028592,678421,0.10803524241300688,2974101,0.1002949491396949,5522036,0.12002795133989759,16521238,0.13727930433408436,18895799,0.14331900413249912,7890853,0.1250876667029557,3443536,0.11814892557789544,650504
4,circuit,6,0000000100011000,"NOR-mid(0,1)/NOR-mid(0,1)/NOR-out(2,1)/OUT-OR2(1,0)|edges=0010001000010000",63,2,-0.09106153963902978,2.2340085851315287e-05,123,0.0013451274945113314,37030,0.003859041871269965,212471,0.009223464124597347,1269563,0.05233104096881279,7203102,0.05564982085153998,3063966,0.05515260444983416,1518295,0.049646399967161886,273343
4,circuit,6,0000000100011000,"NOR-mid(0,1)/NOR-out(2,1)/NOT-mid(0,1)/OUT-NOT(1,0)|edges=0100000101000000",63,1,0.27701161278742026,0.2222181053500328,1223488,0.10798852802040787,2972815,0.07145972171475201,3934427,0.059310404491347675,8163776,0.0,0,0.0,0,0.0,0,0.0,0
4,circuit,6,0000000100011000,"NOR-mid(0,1)/NOR-out(2,1)/NOT-mid(0,1)/OUT-OR2(1,0)|edges=0100000101000000",63,4,-0.23114997284125957,0.042057300322314764,231559,0.07612626093896874,2095679,0.0747951154825604,4118067,0.060594469296876785,8340521,0.07521976782565047,10353619,0.07289842358327542,4013639,0.06605071942183403,1818309,0.043921524894579296,241823
4,circuit,6,0000000100011000,"NOR-out(2,1)/NOT-mid(0,1)/NOT-mid(0,1)/OUT-OR2(1,0)|edges=0001100010000000",63,1,0.07732835955279294,0.06777128401732138,373135,0.10050481694042597,2766796,0.08057625883643688,4436365,0.045360445625447776,6243635,0.004271599676387624,587964,0.0013896444814244593,76511,0.0,0,0.0,0
4,circuit,6,0000000101001000,"NOR-in(0,1)/NOR-in(1,0)/NOT-in(1,1)/NOT-in(1,1)|edges=0001000001000010",63,1,-0.1530229374140178,0.0003507211851942262,1931,0.020433115070081217,562503,0.04225112416519121,2326261,0.0314719274569388,4331951,0.0006683428587968023,91994,0.0,0,0.0,0,0.0,0
4,circuit,6,0000000101001000,"NOR-in(0,1)/NOR-in(1,0)/NOT-in(1,1)/NOT-in(1,1)|edges=0010000000010100",63,1,0.07051498810968163,0.01808693308399618,99583,0.02049784683338716,564285,0.020127441320163527,1108176,0.03181104639661171,4378629,0.0,0,0.0,0,0.0,0,0.0,0
4,circuit,6,0000000101001000,"NOR-in(0,1)/NOR-in(1,1)/NOR-in(1,1)/NOR-mid(1,0)|edges=0100001000010000",63,8,0.010364385391939283,0.06038743157667608,332481,0.054067732018782094,1488430,0.0636302644447442,3503353,0.09430270882059856,12980289,0.19213671530967713,26446643,0.23411639953941635,12889973,0.2567130980983277,7067050,0.29699405917072497,1635189
4,circuit,6,0000000101001000,"NOR-in(0,1)/NOR-in(1,1)/NOR-in(1,1)/NOR-out(1,0)|edges=0010000101000000",63,1,0.2466091640613717,0.04782649127338126,263323,0.03423765398722053,942528,0.027707198124478517,1525502,0.02478541126275621,3411586,0.01065942709211915,1467216,0.0,0,0.0,0,0.0,0
4,circuit,6,0000000101001000,"NOR-in(0,1)/NOR-in(1,1)/NOR-in(1,1)/NOR-out(1,0)|edges=0100001000010000",63,1,-0.045502549437321974,1.634640428145021e-06,9,0.0004963858280447568,13665,0.0024364866214548024,134148,0.007252624982416714,998287,0.03435714856489329,4729087,0.044362825819558506,2442527,0.050782409999120565,1397988,0.09376571638947095,516255
4,circuit,6,0000000101001000,"NOR-in(0,1)/NOR-in(1,1)/NOR-in(1,1)/NOT-in(1,0)|edges=0010000101000000",63,1,0.2466091640613717,0.04782649127338126,263323,0.03423765398722053,942528,0.027707198124478517,1525502,0.02478541126275621,3411586,0.01065942709211915,1467216,0.0,0,0.0,0,0.0,0
4,circuit,6,0000000101001000,"NOR-in(0,1)/NOR-in(1,1)/NOR-in(1,1)/NOT-mid(1,0)|edges=0010000101000000",63,1,0.10514240252287128,0.00336990205597808,18554,0.00622768965471271,171442,0.006962752547692144,383355,0.010810947315586404,1488072,0.0,0,0.0,0,0.0,0,0.0,0
4,circuit,6,0000000101001000,"NOR-in(0,1)/NOR-in(1,1)/NOR-in(1,1)/NOT-mid(1,0)|edges=0100001000010000",63,1,0.10514240252287128,0.00336990205597808,18554,0.00622768965471271,171442,0.006962752547692144,383355,0.010810947315586404,1488072,0.0,0,0.0,0,0.0,0,0.0,0
4,circuit,6,0000000101001000,"NOR-in(0,1)/NOR-in(1,1)/NOR-mid(1,0)/NOT-in(1,1)|edges=0001001000000100",63,1,-0.10546193649187667,7.265068569533426e-07,4,0.0004268227939645731,11750,0.0019310375190569604,106319,0.008997556771473196,1238468,0.03330502111298389,4584267,0.03856173984774992,2123131,0.040077763866377764,1103300,0.011235248956690556,61859
4,circuit,6,0000000101001000,"NOR-in(0,1)/NOR-in(1,1)/NOR-mid(1,0)/NOT-in(1,1)|edges=0100000100000010",63,2,0.25933358889259744,0.1066535677480358,587213,0.08398782824897784,2312100,0.06813676937980656,3751472,0.055363916730615026,7620562,0.019856678910804126,2733171,0.001504014850384868,82808,0.0,0,0.0,0
4,circuit,6,0000000101001000,"NOR-in(0,1)/NOR-in(1,1)/NOR-mid(1,1)/NOR-out(1,0)|edges=0100001000010000",63,33,0.10962099954992559,0.3777101884231859,2079596,0.28908228340677533,7958143,0.327087358674177,18008765,0.40825702236948486,56194506,0.6166765790072268,84882399,0.6426276328001722,35381771,0.6642654880687374,18286552,0.7266780813023074,4000942
4,circuit,6,0000000101001000,"NOR-in(0,1)/NOR-in(1,1)/NOR-mid(1,1)/NOT-out(1,0)|edges=0100001000010000",63,2,0.02857151294297432,0.0007517529702324713,4139,0.004087945256543929,112537,0.011647505982195093,641288,0.022076760666841017,3038754,0.010816098328829729,1488781,0.0027292326285857957,150266,3.149408254522752e-05,867,0.0,0
4,circuit,6,0000000101001000,"NOR-in(0,1)/NOR-in(1,1)/NOR-mid(1,1)/OUT-OR2(1,0)|edges=0100001000010000",63,3,0.22119076078790717,0.022010070111544232,121183,0.038499016436818655,1059839,0.05139995452429255,2829977,0.05735658014321807,7894842,0.05821968541796032,8013644,0.013244295780118435,729204,0.011707443875238244,322294,2.887865280903019e-05,159
4,circuit,6,0000000101001000,"NOR-in(0,1)/NOR-in(1,1)/NOR-out(1,0)/NOT-mid(1,1)|edges=0100000100000010",63,3,0.17399131591016395,0.11319757826204303,623243,0.18151709094729196,4996982,0.1565974457429567,8621937,0.10068124416533143,13858262,0.01334246833560971,1836523,0.0013896444814244593,76511,0.0,0,0.0,0
4,circuit,6,0000000101001000,"NOR-in(0,1)/NOR-in(1,1)/NOR-out(1,1)/OUT-NOT(1,0)|edges=0100001000010000",63,2,0.24376803297731267,0.048248591757271156,265647,0.03577563273391551,984867,0.029826473614617845,1642185,0.028470291116151746,3918791,0.026904378113595633,3703251,0.014299474588300727,787300,0.006203389802187011,170773,0.0,0
4,circuit,6,0000000101001000,"NOR-in(0,1)/NOR-in(1,1)/NOR-out(1,1)/OUT-OR2(1,0)|edges=0100001000010000",63,3,0.16788956464680385,0.1041979745715335,573693,0.169354675538575,4662163,0.14567208774708298,8020409,0.09709770477402718,13365006,0.0569937338988338,7844898,0.044362825819558506,2442527,0.050782409999120565,1397988,0.09376571638947095,516255
4,circuit,6,0000000101001000,"NOR-in(0,1)/NOR-in(1,1)/NOT-in(1,1)/NOT-mid(1,0)|edges=0100001000010000",63,2,-0.05126925512555893,0.001450107686478872,7984,0.002816885138789514,77546,0.004527337524104368,249266,0.009891327483915462,1361491,0.03740900835709005,5149160,0.04341141037772063,2390144,0.050069706539446555,1378368,0.06663449451550793,366876
4,circuit,6,0000000101001000,"NOR-in(0,1)/NOR-mid(1,1)/NOR-out(1,0)/NOT-in(1,1)|edges=0001001000000100",63,3,0.0606814526809021,0.06733574315657785,370737,0.08188477244841792,2254205,0.09251798200249566,5093852,0.0726484410372945,9999689,0.020907854638530395,2877860,0.011083318786543644,610225,0.0029714866670873144,81802,0.00019197947181852145,1057
4,circuit,6,0000000101001000,"NOR-in(0,1)/NOR-mid(1,1)/NOR-out(1,1)/OUT-NOT(1,0)|edges=0100001000010000",63,17,0.20740173589978314,0.5949965836015052,3275931,0.3358246828461445,9244914,0.25558836925453493,14072176,0.277371104180654,38178724,0.15409214409008234,21210001,0.16427602566582236,9044704,0.1312910565051427,3614309,0.11814892557789544,650504
4,circuit,6,0000000101001000,"NOR-in(0,1)/NOR-mid(1,1)/NOR-out(1,1)/OUT-OR2(1,0)|edges=0100001000010000",63,25,-0.1942364194737433,0.08857480786618034,487675,0.21609289756336494,5948819,0.29643737118008734,16321239,0.3398880272531957,46783861,0.5460250218749444,75157571,0.620326645914841,34153924,0.6735021176410416,18540827,0.7085500972883672,3901133
4,circuit,6,0000000101001000,"NOR-in(0,1)/NOR-mid(1,1)/NOT-out(1,1)/OUT-OR2(1,0)|edges=0100001000010000",63,2,-0.020864510887745928,0.0007517529702324713,4139,0.004087945256543929,112537,0.011647505982195093,641288,0.022076760666841017,3038754,0.010816098328829729,1488781,0.0027292326285857957,150266,3.149408254522752e-05,867,0.0,0
4,circuit,6,0000000101001000,"NOR-in(0,1)/NOR-out(1,0)/NOT-in(1,1)/NOT-mid(1,1)|edges=0010000000010100",63,2,-0.13533755149669474,0.001450107686478872,7984,0.002816885138789514,77546,0.004527337524104368,249266,0.009891327483915462,1361491,0.03740900835709005,5149160,0.04341141037772063,2390144,0.050069706539446555,1378368,0.06663449451550793,366876
4,circuit,6,0000000101001000,"NOR-in(0,1)/NOR-out(1,1)/NOT-mid(1,1)/OUT-NOT(1,0)|edges=0010000101000000",63,1,0.10514240252287128,0.00336990205597808,18554,0.00622768965471271,171442,0.006962752547692144,383355,0.010810947315586404,1488072,0.0,0,0.0,0,0.0,0,0.0,0
4,circuit,6,0000000101001000,"NOR-in(0,1)/NOR-out(1,1)/NOT-mid(1,1)/OUT-OR2(1,0)|edges=0010000101000000",63,3,0.07640335188617042,0.11326532502645394,623616,0.1838962920142109,5062479,0.1590638826166611,8757734,0.09987580217452555,13747397,0.025251676376784,3475765,0.01609160396350995,885971,0.01756203762137073,483465,0.033451106170459974,184175
4,circuit,6,0000000101001000,"NOR-in(1,1)/NOR-in(1,1)/NOR-mid(1,0)/NOT-in(0,1)|edges=0010100000000100",63,1,0.20552615793108814,0.24674261569349257,1358515,0.11011766541807982,3031428,0.06808569593570354,3748660,0.0539440750309699,7425128,0.0,0,0.0,0,0.0,0,0.0,0
4,circuit,6,0000000101001000,"NOR-in(1,1)/NOR-in(1,1)/NOR-mid(1,0)/NOT-in(0,1)|edges=0100001000001000",63,1,0.19384714499912756,0.04178758465167084,230074,0.03385794516464081,932075,0.028450923369546136,1566450,0.028832563834065742,3968656,0.0,0,0.0,0,0.0,0,0.0,0
4,circuit,6,0000000101001000,"NOR-in(1,1)/NOR-in(1,1)/NOT-in(0,1)/NOT-mid(1,0)|edges=0100000110000000",63,1,-0.08081705021574134,0.003437648820388979,18927,0.00860689072163166,236939,0.009429189421396544,519152,0.010005505324780525,1377207,0.01190920804117429,1639242,0.01470195948208549,809460,0.01756203762137073,483465,0.033451106170459974,184175
4,circuit,6,0000000101001000,"NOR-in(1,1)/NOR-mid(1,0)/NOT-in(0,1)/NOT-in(1,1)|edges=0100000000011000",63,4,0.04782097235177596,0.24114724150795216,1327708,0.15043738075524676,4141389,0.1363593755650295,7507670,0.1278970538411871,17604380,0.0006683428587968023,91994,0.0,0,0.0,0,0.0,0
4,circuit,6,0000000101001000,"NOR-in(1,1)/NOR-mid(1,1)/NOR-out(1,0)/NOT-in(0,1)|edges=0100001000001000",63,13,-0.18552219490760521,0.2850999982200582,1569703,0.24595541812305566,6770904,0.25078461396876495,13807691,0.25360490232977867,34907427,0.16993825729319864,23391138,0.1823459445932684,10039597,0.17510531900908355,4820471,0.1088047743133283,599057
4,circuit,6,0000000101001000,"NOR-in(1,1)/NOR-mid(1,1)/NOT-in(0,1)/OUT-OR2(1,0)|edges=0100000110000000",63,1,-0.1530229374140178,0.0003507211851942262,1931,0.020433115070081217,562503,0.04225112416519121,2326261,0.0314719274569388,4331951,0.0006683428587968023,91994,0.0,0,0.0,0,0.0,0
4,circuit,6,0000000101001000,"NOR-in(1,1)/NOR-out(1,0)/NOT-in(0,1)/NOT-mid(1,1)|edges=0001000010000100",63,2,0.03643331999225816,0.045494041009132555,250481,0.08339147507378494,2295683,0.07848762378022421,4321369,0.05451535654907778,7503762,0.020980076700396377,2887801,0.01470195948208549,809460,0.01756203762137073,483465,0.033451106170459974,184175
4,circuit,6,0000000101001000,"NOR-in(1,1)/NOR-out(1,1)/NOT-in(0,1)/OUT-NOT(1,0)|edges=0100000110000000",63,1,0.12428796375546539,0.006432310084750657,35415,0.007962297489384736,219194,0.008187970325893072,450813,0.009842963912609868,1354834,0.010739241152239827,1478202,0.009579303936158776,527417,0.0029714866670873144,81802,0.00019197947181852145,1057
4,circuit,6,0000000101001000,"NOR-in(1,1)/NOR-out(1,1)/NOT-in(0,1)/OUT-OR2(1,0)|edges=0100000110000000",63,4,0.019469205444115418,0.10763398875149434,592611,0.17775738150064282,4893481,0.15512287258990148,8540750,0.10720305395646924,14755956,0.057626514239490174,7931997,0.029141050558586734,1604447,0.021856856961033174,601697,0.033748792409164376,185814
4,circuit,6,0000000101001000,"NOR-mid(1,0)/NOT-in(0,1)/NOT-in(1,1)/NOT-in(1,1)|edges=0000001000011000",63,1,-0.24135757781380243,0.0,0,0.004146320084620615,114144,0.013258626131255447,729993,0.01743632794532006,2400022,0.023086896173960533,3177794,0.025468557529557893,1402247,0.02659582641289919,732156,0.02163991879831385,119145
4,circuit,6,0000000101001000,"NOR-mid(1,1)/NOR-out(1,0)/NOT-in(0,1)/NOT-in(1,1)|edges=0100000000011000",63,1,-0.24135757781380243,0.0,0,0.004146320084620615,114144,0.013258626131255447,729993,0.01743632794532006,2400022,0.023086896173960533,3177794,0.025468557529557893,1402247,0.02659582641289919,732156,0.02163991879831385,119145
4,circuit,6,0000000101001000,"NOR-mid(1,1)/NOR-out(1,1)/NOT-in(0,1)/OUT-NOT(1,0)|edges=0100000110000000",63,8,0.09763402169594726,0.11650554560846584,641456,0.10190795600957231,2805423,0.09218595012779894,5075571,0.09451715915825794,13009807,0.09265461382334624,12753437,0.08534826576506176,4699102,0.07550377545758051,2078542,0.08346893283570027,459563
4,circuit,6,0000000101001000,"NOR-mid(1,1)/NOR-out(1,1)/NOT-in(0,1)/OUT-OR2(1,0)|edges=0100000110000000",63,6,-0.3420900805452329,0.04259110123546123,234498,0.10375902289764437,2856381,0.13352870439259046,7351819,0.13016852884699953,17917037,0.08767857841990406,12068511,0.08668614662070613,4772763,0.07696002260308872,2118631,0.047655225937316616,262380
4,circuit,6,0000000101001000,"NOR-out(1,1)/NOT-in(0,1)/NOT-mid(1,1)/OUT-NOT(1,0)|edges=0001001010000000",63,1,0.025034702962749806,0.0014497444330503952,7982,0.0024630036359126737,67804,0.0028423860982734798,156496,0.004628488946363019,637088,0.0,0,0.0,0,0.0,0,0.0,0
4,circuit,6,0000000101001000,"NOR-out(1,1)/NOT-in(0,1)/NOT-mid(1,1)/OUT-OR2(1,0)|edges=0001001010000000",63,2,-0.2193675654589368,7.265068569533426e-07,4,0.0007563663162493908,20822,0.0035897983665106993,197647,0.009921005295059123,1365576,0.0533683985332085,7345889,0.05543012512612389,3051870,0.05925308314172617,1631177,0.0680624440022035,374738
4,circuit,6,0000000101011000,"NOR-in(0,2)/NOR-in(1,1)/NOR-in(2,1)/NOR-mid(1,0)|edges=0110001000010000",63,1,0.07172491434279603,0.000729957764523871,4019,0.001914236661578818,52697,0.002619929646149121,144248,0.00520365001187621,716256,0.007427567923120098,1022367,0.009398113083252783,517441,0.009449605127047747,260138,0.003412403326893454,18788
4,circuit,6,0000000101011000,"NOR-in(0,2)/NOR-in(1,1)/NOR-in(2,1)/NOT-in(1,0)|edges=0110001000010000",63,1,0.025034702962749806,0.0014497444330503952,7982,0.0024630036359126737,67804,0.0028423860982734798,156496,0.004628488946363019,637088,0.0,0,0.0,0,0.0,0,0.0,0
4,circuit,6,0000000101011000,"NOR-in(0,2)/NOR-in(1,1)/NOR-mid(2,1)/NOR-out(1,0)|edges=0110001000010000",63,4,0.17773574199267148,0.01161884253654057,63971,0.02348251873688496,646450,0.03741790901941584,2060154,0.05239986986225326,7212576,0.06979188865239713,9606499,0.040784615240152255,2245518,0.029082260618364334,800605,0.0005882890342669736,3239
4,circuit,6,0000000101011000,"NOR-in(0,2)/NOR-in(1,1)/NOR-mid(2,1)/OUT-OR2(1,0)|edges=0110001000010000",63,1,0.22473939448341307,0.009817287158010519,54052,0.01620448175557773,446093,0.021140010491124746,1163926,0.02118596863311819,2916141,0.026471234634222355,3643631,0.0003940755749299643,21697,0.0,0,0.0,0
4,circuit,6,0000000101011000,"NOR-in(0,2)/NOR-mid(1,1)/NOR-out(2,1)/OUT-NOT(1,0)|edges=0110001000010000",63,1,0.12428796375546539,0.006432310084750657,35415,0.007962297489384736,219194,0.008187970325893072,450813,0.009842963912609868,1354834,0.010739241152239827,1478202,0.009579303936158776,527417,0.0029714866670873144,81802,0.00019197947181852145,1057
4,circuit,6,0000000101011000,"NOR-in(0,2)/NOR-mid(1,1)/NOR-out(2,1)/OUT-OR2(1,0)|edges=0110001000010000",63,4,-0.06156107695090003,0.043156323570170935,237610,0.0763332790753776,2101378,0.07906187309822028,4352986,0.06801494645766881,9361912,0.09182662104909778,12639468,0.08352300766935328,4598607,0.08137417073301768,2240148,0.12370288988133779,681083
4,circuit,6,0000000101011000,"NOR-in(0,2)/NOR-out(2,1)/NOT-mid(1,1)/OUT-OR2(1,0)|edges=0110000101000000",63,1,0.14980580649439887,0.06105599951178739,336162,0.0946128461165065,2604596,0.07317395137383115,4028809,0.04537144494149955,6245149,0.011075555777317784,1524494,0.0,0,0.0,0,0.0,0
4,circuit,6,0000000101011000,"NOR-in(1,1)/NOR-in(2,1)/NOR-mid(1,0)/NOT-in(0,2)|edges=0100001000001100",63,2,0.06349296761800072,0.04318974288559079,237794,0.07591292219267479,2089806,0.0763794275222694,4205296,0.05499984954039932,7570450,0.0345498472842307,4755611,0.016754051234764988,922444,0.013099831047142645,360625,0.00019161621832406825,1055
4,circuit,6,0000000101011000,"NOR-in(1,1)/NOR-in(2,1)/NOR-out(1,0)/NOT-in(0,2)|edges=0100001000001100",63,2,0.23658876228461526,0.10419633993110536,573684,0.16885828971053024,4648498,0.1432356011256282,7886261,0.08984507979161048,12366719,0.022636585333940508,3115811,0.0,0,0.0,0,0.0,0
4,circuit,6,0000000101011000,"NOR-in(1,1)/NOR-in(2,1)/NOT-in(0,2)/NOT-mid(1,0)|edges=0100000111000000",63,1,0.14980580649439887,0.06105599951178739,336162,0.0946128461165065,2604596,0.07317395137383115,4028809,0.04537144494149955,6245149,0.011075555777317784,1524494,0.0,0,0.0,0,0.0,0
4,circuit,6,0000000101011000,"NOR-in(1,1)/NOR-mid(2,1)/NOR-out(1,0)/NOT-in(0,2)|edges=0100001000001100",63,3,-0.029231396776917506,0.014618044468758208,80484,0.04511041070196948,1241844,0.0704062683607624,3876426,0.06324713526300665,8705647,0.020600215245137887,2835515,0.00033560992181204223,18478,0.0,0,0.0,0
4,circuit,6,0000000101011000,"NOR-in(1,1)/NOR-mid(2,1)/NOT-in(0,2)/OUT-OR2(1,0)|edges=0100000111000000",63,1,0.1853433556125432,0.012050205982856617,66346,0.019420219173323074,534619,0.023984739574565112,1320551,0.025716488109891914,3539744,0.019628853577532294,2701812,0.00033560992181204223,18478,0.0,0,0.0,0
4,circuit,6,0000000101011000,"NOR-mid(1,1)/NOR-out(2,1)/NOT-in(0,2)/OUT-OR2(1,0)|edges=0100000111000000",63,1,-0.19175799454514955,0.0,0,0.0002791239445807472,7684,0.0016172772961268258,89044,0.004897587140919009,674128,0.025492782258198978,3508952,0.03008981424977061,1656684,0.028056541577038394,772368,0.022622519500809783,124555
4,circuit,6,0000000110001000,"NOR-in(0,1)/NOR-in(0,1)/NOR-in(1,1)/NOR-in(2,0)|edges=0001001000010000",63,1,0.05758617967948495,0.0001425769706770935,785,0.0028743155079178533,79127,0.006275204458602694,345500,0.010454123400207965,1438957,0.012119597206205668,1668201,0.012514610283376427,689029,0.011707443875238244,322294,2.887865280903019e-05,159
4,circuit,6,0000000110001000,"NOR-in(0,1)/NOR-in(0,1)/NOR-in(1,1)/NOR-in(2,0)|edges=0010000100010000",63,1,-0.04632803568156842,0.0007512080900897562,4136,0.008398891800930284,231213,0.018740739192204463,1031827,0.018277310658797858,2515779,0.020666552600222713,2844646,0.01937176503447721,1066570,0.01633939883208899,449807,0.00041047644873212725,2260
4,circuit,6,0000000110001000,"NOR-in(0,1)/NOR-in(0,1)/NOR-in(1,1)/NOR-mid(2,0)|edges=0001001000010000",63,3,-0.07090531328195356,0.000471866203591196,2598,0.004324532223104888,119050,0.013945556689370676,767814,0.024740978094346264,3405470,0.04735978598149655,6518834,0.033781668691108775,1859950,0.019334714931874886,532265,0.00019161621832406825,1055
4,circuit,6,0000000110001000,"NOR-in(0,1)/NOR-in(0,1)/NOR-in(1,1)/NOR-mid(2,0)|edges=0010000100010000",63,5,0.12363355433313304,0.04375914263472797,240929,0.08138707890798315,2240504,0.08786721093425044,4837790,0.07677933080597045,10568285,0.07634911570765478,10509068,0.06631425384813064,3651128,0.059128341873605855,1627743,0.03060773944262747,168520
4,circuit,6,0000000110001000,"NOR-in(0,1)/NOR-in(0,1)/NOR-mid(1,1)/NOR-out(2,0)|edges=0010000100010000",63,1,0.095879309073924,0.0004221004838898921,2324,0.001537978746694984,42339,0.002119275490139329,116683,0.003684879853395536,507205,0.016244951021476484,2236035,0.014299474588300727,787300,0.006203389802187011,170773,0.0,0
4,circuit,6,0000000110001000,"NOR-in(0,1)/NOR-in(0,1)/NOR-mid(2,0)/NOT-in(1,1)|edges=0001001000000010",63,1,0.12428796375546539,0.006432310084750657,35415,0.007962297489384736,219194,0.008187970325893072,450813,0.009842963912609868,1354834,0.010739241152239827,1478202,0.009579303936158776,527417,0.0029714866670873144,81802,0.00019197947181852145,1057
4,circuit,6,0000000110001000,"NOR-in(0,1)/NOR-in(0,1)/NOR-out(1,1)/OUT-OR2(2,0)|edges=0010000100010000",63,1,0.18339692046304518,0.04314034041931796,237522,0.07424544359402374,2043902,0.07006164975179704,3857452,0.044473634850110924,6121570,0.011561029556622726,1591317,0.0,0,0.0,0,0.0,0
4,circuit,6,0000000110001000,"NOR-in(0,1)/NOR-in(1,1)/NOR-mid(0,1)/NOR-out(2,0)|edges=0100000100010000",63,2,0.24376803297731267,0.048248591757271156,265647,0.03577563273391551,984867,0.029826473614617845,1642185,0.028470291116151746,3918791,0.026904378113595633,3703251,0.014299474588300727,787300,0.006203389802187011,170773,0.0,0
4,circuit,6,0000000110001000,"NOR-in(0,1)/NOR-in(1,1)/NOR-mid(2,0)/NOT-in(0,1)|edges=0010001000000100",63,4,0.05539430760423697,0.06213213779364953,342087,0.09843252870637567,2709748,0.09946571401737372,5476380,0.09184590914294681,12642123,0.04431498783743717,6099733,0.024915613030172364,1371803,0.013099831047142645,360625,0.00019161621832406825,1055
4,circuit,6,0000000110001000,"NOR-in(0,1)/NOR-in(1,1)/NOR-mid(2,0)/NOT-in(0,1)|edges=0100001000000010",63,3,-0.10235781571308242,0.002114134953734227,11640,0.006531587484015487,179808,0.013300781701583714,732314,0.025122713934917267,3458014,0.03914405239841723,5387980,0.040540508878578824,2232078,0.03901731778593621,1074107,0.04256822400099386,234372
4,circuit,6,0000000110001000,"NOR-in(0,1)/NOR-in(1,1)/NOR-out(0,1)/OUT-OR2(2,0)|edges=0100000100010000",63,4,-0.07787238298914771,2.7062380421512013e-05,149,0.0022572932118938333,62141,0.006915565916191566,380757,0.017814227828906033,2452038,0.1183888070959044,16295618,0.15452326817661102,8507737,0.178141283180805,4904048,0.22453098070996805,1236222
4,circuit,6,0000000110001000,"NOR-in(0,1)/NOR-mid(0,1)/NOR-mid(1,1)/NOR-out(2,0)|edges=0010000100010000",63,14,0.14358019949625686,0.08628213385234983,475052,0.09525489657466171,2622271,0.10884916982132667,5993014,0.14557536673964624,20037710,0.22651318169596682,31178389,0.19819449563039623,10912186,0.18024027115278984,4961831,0.16779532554505733,923847
4,circuit,6,0000000110001000,"NOR-in(0,1)/NOR-mid(0,1)/NOR-out(1,1)/OUT-OR2(2,0)|edges=0001001000010000",63,7,-0.19716920927309556,0.000782992765081465,4311,0.01177860182224636,324253,0.029632405424631823,1631500,0.045249871259326224,6228415,0.18201400980134966,25053304,0.2139638574014184,11780415,0.22877072711118512,6297825,0.23493274452363572,1293492
4,circuit,6,0000000110001000,"NOR-in(0,1)/NOR-mid(0,1)/NOR-out(2,0)/NOT-mid(1,1)|edges=0001001000000010",63,1,0.13032289710869266,0.042056392188743574,231554,0.0747845843521533,2058744,0.06905843435882766,3802217,0.04450985122429725,6126555,0.009070868659222086,1248559,0.0,0,0.0,0,0.0,0
4,circuit,6,0000000110001000,"NOR-in(0,1)/NOR-mid(1,1)/NOR-out(2,0)/NOT-mid(0,1)|edges=0100001000000010",63,3,0.14058098801565228,0.26427486079220486,1455044,0.1831755971859337,5042639,0.1424230030142595,7841521,0.1084784224731516,14931504,0.025030258835340536,3445288,0.01201871474840326,661726,0.009183376602279612,252809,0.0014279494866955684,7862
4,circuit,6,0000000110001000,"NOR-in(0,1)/NOR-out(0,1)/NOR-out(1,1)/OUT-OR2(2,0)|edges=0010000100010000",63,3,-0.14954834723065694,2.179520570860028e-06,12,0.001233390735853031,33954,0.006626960999122979,364867,0.018747026497642972,2580433,0.0903794626755607,12440274,0.10360175485593211,5704102,0.10905031319539216,3002044,0.18996159865683387,1045890
4,circuit,6,0000000110001000,"NOR-in(0,1)/NOR-out(1,1)/NOT-mid(0,1)/OUT-OR2(2,0)|edges=0001000101000000",63,1,-0.16325859755500838,3.632534284766713e-07,2,0.00040248481337255067,11080,0.0019048469406798111,104877,0.004658166757506681,641173,0.01595939017611845,2196729,0.01201871474840326,661726,0.009183376602279612,252809,0.0014279494866955684,7862
4,circuit,6,0000000110001000,"NOR-in(0,1)/NOR-out(1,1)/NOT-out(0,1)/OUT-OR2(2,0)|edges=0100000100010000",63,2,0.01860775997276972,0.061056362765215866,336164,0.09573192099426535,2635403,0.07868245480259015,4332096,0.05590132849216188,7694534,0.01920157300972987,2642999,0.0027281428680430574,150206,3.149408254522752e-05,867,0.0,0
4,circuit,6,0000000110001000,"NOR-in(0,1)/NOR-out(2,0)/NOT-mid(0,1)/NOT-mid(1,1)|edges=0001000001000100",63,1,0.07732835955279294,0.06777128401732138,373135,0.10050481694042597,2766796,0.08057625883643688,4436365,0.045360445625447776,6243635,0.004271599676387624,587964,0.0013896444814244593,76511,0.0,0,0.0,0
4,circuit,6,0000000110001000,"NOR-in(1,1)/NOR-in(2,0)/NOT-in(0,1)/NOT-in(0,1)|edges=0100000010000100",63,1,-0.08081705021574134,0.003437648820388979,18927,0.00860689072163166,236939,0.009429189421396544,519152,0.010005505324780525,1377207,0.01190920804117429,1639242,0.01470195948208549,809460,0.01756203762137073,483465,0.033451106170459974,184175
4,circuit,6,0000000110001000,"NOR-in(1,1)/NOR-mid(2,0)/NOT-in(0,1)/NOT-in(0,1)|edges=0100000001001000",63,1,0.12428796375546539,0.006432310084750657,35415,0.007962297489384736,219194,0.008187970325893072,450813,0.009842963912609868,1354834,0.010739241152239827,1478202,0.009579303936158776,527417,0.0029714866670873144,81802,0.00019197947181852145,1057
4,circuit,6,0000000110001000,"NOR-in(1,1)/NOR-mid(2,0)/NOT-in(0,1)/NOT-in(0,1)|edges=0100000010000100",63,2,-0.05760814266683199,0.04051038559714686,223042,0.07374597011172478,2030152,0.06925622589733471,3813107,0.0630921640538254,8684316,0.023080720864375372,3176944,0.014439091076501244,794987,0.004294819339662445,118232,0.00029768623870440555,1639
4,circuit,6,0000000110001000,"NOR-in(1,1)/NOR-out(0,1)/NOT-in(0,1)/OUT-OR2(2,0)|edges=0001000110000000",63,1,-0.12380465969091613,4.359041141720056e-06,24,0.0007199319960496914,19819,0.0020712533755559846,114039,0.004500166014115653,619425,0.026999259929104104,3716311,0.028050109441926905,1544382,0.02510666849601153,691161,0.008563337878239971,47148
4,circuit,6,0000000110001000,"NOR-in(1,1)/NOR-out(2,0)/NOT-in(0,1)/NOT-mid(0,1)|edges=0100000010000100",63,1,-0.08081705021574134,0.003437648820388979,18927,0.00860689072163166,236939,0.009429189421396544,519152,0.010005505324780525,1377207,0.01190920804117429,1639242,0.01470195948208549,809460,0.01756203762137073,483465,0.033451106170459974,184175
4,circuit,6,0000000110001000,"NOR-in(2,0)/NOT-in(0,1)/NOT-in(0,1)/NOT-in(1,1)|edges=0000100000011000",63,1,-0.10130147378113162,0.0004914818887289362,2706,0.0015178908313705237,41786,0.002521088364922737,138806,0.005303675496288922,730024,0.0,0,0.0,0,0.0,0,0.0,0
4,circuit,6,0000000110001000,"NOR-mid(0,1)/NOR-mid(1,1)/NOR-out(2,0)/NOT-in(0,1)|edges=0010001000000100",63,6,0.068172957156943,0.0738054683444616,406358,0.0776103328749196,2136534,0.07775443288706974,4281001,0.08030159659649486,11053107,0.09088479915651955,12509831,0.07610457175071503,4190163,0.07253228879049319,1996740,0.08327695336388174,458506
4,circuit,6,0000000110001000,"NOR-mid(0,1)/NOR-out(0,1)/NOR-out(1,1)/OUT-OR2(2,0)|edges=0010000100010000",63,16,-0.4148578671446206,0.04298868211292895,236687,0.10534495109864006,2900040,0.1568659990660389,8636723,0.20669677883213156,28450762,0.34755732832306974,47839501,0.39586125655529564,21795316,0.4099311558244746,11284987,0.42204934181191206,2323718
4,circuit,6,0000000110001000,"NOR-mid(0,1)/NOR-out(0,1)/NOT-out(1,1)/OUT-OR2(2,0)|edges=0010000100010000",63,2,-0.020864510887745928,0.0007517529702324713,4139,0.004087945256543929,112537,0.011647505982195093,641288,0.022076760666841017,3038754,0.010816098328829729,1488781,0.0027292326285857957,150266,3.149408254522752e-05,867,0.0,0
4,circuit,6,0000000110001000,"NOR-mid(0,1)/NOR-out(1,1)/NOT-out(0,1)/OUT-OR2(2,0)|edges=0100000100010000",63,1,-0.13714658201057814,0.0020763565971726535,11432,0.02417230069727588,665439,0.04390044042127454,2417069,0.032226971656825816,4435879,0.0009713616676055922,133703,0.0,0,0.0,0,0.0,0
4,circuit,6,0000000110001000,"NOR-mid(0,1)/NOR-out(2,0)/NOT-in(0,1)/NOT-mid(1,1)|edges=0100000000010100",63,1,-0.16325859755500838,3.632534284766713e-07,2,0.00040248481337255067,11080,0.0019048469406798111,104877,0.004658166757506681,641173,0.01595939017611845,2196729,0.01201871474840326,661726,0.009183376602279612,252809,0.0014279494866955684,7862
4,circuit,6,0000000110001000,"NOR-mid(1,1)/NOR-out(2,0)/NOT-in(0,1)/NOT-mid(0,1)|edges=0100000010000100",63,2,-0.06478939268605319,0.04205693706888629,231557,0.07544465218101544,2076915,0.07127299124575377,3924146,0.0510387153984511,7025220,0.03376759539133304,4647938,0.030789894585101552,1695229,0.028810801242516025,793132,0.019871055907073946,109406
4,circuit,6,0000000110001000,"NOR-out(0,1)/NOR-out(1,1)/NOT-in(0,1)/OUT-OR2(2,0)|edges=0001000101000000",63,1,-0.19175799454514955,0.0,0,0.0002791239445807472,7684,0.0016172772961268258,89044,0.004897587140919009,674128,0.025492782258198978,3508952,0.03008981424977061,1656684,0.028056541577038394,772368,0.022622519500809783,124555
4,circuit,6,0000000110001000,"NOR-out(0,1)/NOR-out(1,1)/NOT-mid(0,1)/OUT-OR2(2,0)|edges=0001000101000000",63,5,-0.267332396685362,0.001633005787716876,8991,0.012194272735551603,335696,0.027776960961889495,1529343,0.048369920976815986,6657874,0.1289396068598855,17747882,0.16066541287294533,8845911,0.16700955985257862,4597603,0.16336799195466162,899471
4,circuit,6,0000000110001000,"NOR-out(1,1)/NOT-in(0,1)/NOT-mid(0,1)/OUT-OR2(2,0)|edges=0001000110000000",63,2,0.149021709500185,0.10982767620606496,604689,0.17528940129257925,4825540,0.14963469319526454,8238582,0.08987029684974503,12370190,0.01334246833560971,1836523,0.0013896444814244593,76511,0.0,0,0.0,0
4,circuit,6,0000000110001000,"NOR-out(1,1)/NOT-mid(0,1)/NOT-out(0,1)/OUT-OR2(2,0)|edges=0001100000010000",63,1,0.14980580649439887,0.06105599951178739,336162,0.0946128461165065,2604596,0.07317395137383115,4028809,0.04537144494149955,6245149,0.011075555777317784,1524494,0.0,0,0.0,0,0.0,0
4,circuit,6,0000000110001000,"NOR-out(2,0)/NOT-in(0,1)/NOT-mid(0,1)/NOT-mid(1,1)|edges=0000000110001000",63,1,0.07732835955279294,0.06777128401732138,373135,0.10050481694042597,2766796,0.08057625883643688,4436365,0.045360445625447776,6243635,0.004271599676387624,587964,0.0013896444814244593,76511,0.0,0,0.0,0
4,circuit,6,0000000110001010,"NOR-in(0,1)/NOR-in(1,1)/NOR-in(1,2)/NOR-mid(2,0)|edges=0010000101010000",63,3,-0.0005312313981335517,0.0006838245791073338,3765,0.004359586180226234,120015,0.011578941881381127,637513,0.023724282396701855,3265527,0.06437023564421966,8860236,0.06707581484074775,3693058,0.06452836013072914,1776400,0.09435400542373792,519494
4,circuit,6,0000000110001010,"NOR-in(0,1)/NOR-in(1,2)/NOR-mid(1,1)/NOR-out(2,0)|edges=0100001100010000",63,1,0.18339692046304518,0.04314034041931796,237522,0.07424544359402374,2043902,0.07006164975179704,3857452,0.044473634850110924,6121570,0.011561029556622726,1591317,0.0,0,0.0,0,0.0,0
4,circuit,6,0000000110001010,"NOR-in(0,1)/NOR-in(1,2)/NOR-out(2,0)/NOT-mid(1,1)|edges=0100001100000010",63,1,0.14980580649439887,0.06105599951178739,336162,0.0946128461165065,2604596,0.07317395137383115,4028809,0.04537144494149955,6245149,0.011075555777317784,1524494,0.0,0,0.0,0,0.0,0
4,circuit,6,0000000110001010,"NOR-in(0,1)/NOR-mid(1,2)/NOR-out(1,1)/OUT-OR2(2,0)|edges=0100001100010000",63,4,0.1948447314675079,0.022360791296738458,123114,0.058932131506899875,1622342,0.09365107868948376,5156238,0.08882850760015687,12226793,0.05888802827675712,8105638,0.013244295780118435,729204,0.011707443875238244,322294,2.887865280903019e-05,159
4,circuit,6,0000000110001010,"NOR-in(1,2)/NOR-mid(1,1)/NOR-out(2,0)/NOT-in(0,1)|edges=0110001000001000",63,3,0.05421885617098169,0.04957265050406862,272937,0.08249994215188941,2271140,0.08070770212056685,4443602,0.061669067602799034,8488434,0.045380991573237925,6246463,0.02401839501266002,1322404,0.00726630600674976,200034,0.000489665710522927,2696
4,circuit,6,0000000110001010,"NOR-in(1,2)/NOR-out(2,0)/NOT-in(0,1)/NOT-mid(1,1)|edges=0101000010000100",63,1,0.14980580649439887,0.06105599951178739,336162,0.0946128461165065,2604596,0.07317395137383115,4028809,0.04537144494149955,6245149,0.011075555777317784,1524494,0.0,0,0.0,0,0.0,0
4,circuit,6,0000000110001010,"NOR-mid(1,2)/NOR-out(1,1)/NOT-in(0,1)/OUT-OR2(2,0)|edges=0101000110000000",63,1,0.1853433556125432,0.012050205982856617,66346,0.019420219173323074,534619,0.023984739574565112,1320551,0.025716488109891914,3539744,0.019628853577532294,2701812,0.00033560992181204223,18478,0.0,0,0.0,0
4,circuit,6,0000000110011000,"NOR-in(0,1)/NOR-in(0,2)/NOR-in(2,1)/NOR-mid(2,0)|edges=0010001100010000",63,1,0.22473939448341307,0.009817287158010519,54052,0.01620448175557773,446093,0.021140010491124746,1163926,0.02118596863311819,2916141,0.026471234634222355,3643631,0.0003940755749299643,21697,0.0,0,0.0,0
4,circuit,6,0000000110011000,"NOR-in(0,1)/NOR-in(0,2)/NOR-mid(2,1)/NOR-out(2,0)|edges=0010001100010000",63,2,0.10122635774560287,0.04315468892974279,237601,0.0755446921788519,2079669,0.07416730443388875,4083501,0.05340985263517386,7351595,0.034388751619829114,4733437,0.024721090773293538,1361093,0.02629694139423468,723928,0.029639487253162438,163189
4,circuit,6,0000000110011000,"NOR-in(0,1)/NOR-in(2,1)/NOR-mid(2,0)/NOT-in(0,2)|edges=0100001000000110",63,1,0.1853433556125432,0.012050205982856617,66346,0.019420219173323074,534619,0.023984739574565112,1320551,0.025716488109891914,3539744,0.019628853577532294,2701812,0.00033560992181204223,18478,0.0,0,0.0,0
4,circuit,6,0000000110011000,"NOR-in(0,2)/NOR-mid(2,1)/NOR-out(2,0)/NOT-in(0,1)|edges=0110001000000100",63,2,-0.06586431467397405,0.006432310084750657,35415,0.008254498557865675,227238,0.01064605236876981,586150,0.01719543275268811,2366864,0.0338199620166152,4655146,0.02401839501266002,1322404,0.00726630600674976,200034,0.000489665710522927,2696
4,circuit,6,0000000110011000,"NOR-in(2,1)/NOR-mid(2,0)/NOT-in(0,1)/NOT-in(0,2)|edges=0100000010001100",63,1,-0.10130147378113162,0.0004914818887289362,2706,0.0015178908313705237,41786,0.002521088364922737,138806,0.005303675496288922,730024,0.0,0,0.0,0,0.0,0,0.0,0
4,circuit,6,0000000110011000,"NOR-mid(0,1)/NOR-mid(0,2)/NOR-out(2,1)/OUT-OR2(2,0)|edges=0010001100010000",63,2,0.2935816204185624,0.021867493140867136,120398,0.035624700928900806,980712,0.045124750065689855,2484477,0.04690245674301011,6455885,0.04610008821175465,6345443,0.0007296854967420065,40175,0.0,0,0.0,0
4,circuit,6,0000000111001000,"NOR-in(0,2)/NOR-in(1,1)/NOR-in(1,1)/NOR-in(2,0)|edges=0101001000010000",63,1,-0.050240022280082605,3.632534284766713e-07,2,0.0004078972896534631,11229,0.0016021296245827602,88210,0.0036548751140997415,503075,0.035468166675034815,4882013,0.048406000897199854,2665136,0.05832464340034962,1605618,0.09673113629143973,532582
4,circuit,6,0000000111001000,"NOR-in(0,2)/NOR-in(1,1)/NOR-in(1,1)/NOR-mid(2,0)|edges=0101001000010000",63,1,0.05758617967948495,0.0001425769706770935,785,0.0028743155079178533,79127,0.006275204458602694,345500,0.010454123400207965,1438957,0.012119597206205668,1668201,0.012514610283376427,689029,0.011707443875238244,322294,2.887865280903019e-05,159
4,circuit,6,0000000111001000,"NOR-in(0,2)/NOR-in(1,1)/NOR-mid(1,1)/NOR-out(2,0)|edges=0101001000010000",63,1,0.095879309073924,0.0004221004838898921,2324,0.001537978746694984,42339,0.002119275490139329,116683,0.003684879853395536,507205,0.016244951021476484,2236035,0.014299474588300727,787300,0.006203389802187011,170773,0.0,0
4,circuit,6,0000000111001000,"NOR-in(0,2)/NOR-in(1,1)/NOR-out(2,0)/NOT-mid(1,1)|edges=0110000100000010",63,1,-0.08081705021574134,0.003437648820388979,18927,0.00860689072163166,236939,0.009429189421396544,519152,0.010005505324780525,1377207,0.01190920804117429,1639242,0.01470195948208549,809460,0.01756203762137073,483465,0.033451106170459974,184175
4,circuit,6,0000000111001000,"NOR-in(0,2)/NOR-mid(1,1)/NOR-out(1,1)/OUT-OR2(2,0)|edges=0101001000010000",63,4,-0.019887043645470625,0.043212082971442106,237917,0.07725804968718611,2126836,0.08023846939353936,4417767,0.06422331366499666,8840013,0.08688088825304349,11958713,0.07240387208630497,3986410,0.06825243549697681,1878920,0.04983801618548595,274398
4,circuit,6,0000000111001000,"NOR-in(0,2)/NOR-mid(1,1)/NOR-out(2,0)/NOT-in(1,1)|edges=0011001000000100",63,1,0.2466091640613717,0.04782649127338126,263323,0.03423765398722053,942528,0.027707198124478517,1525502,0.02478541126275621,3411586,0.01065942709211915,1467216,0.0,0,0.0,0,0.0,0
4,circuit,6,0000000111001000,"NOR-mid(1,1)/NOR-out(1,1)/NOT-in(0,2)/OUT-OR2(2,0)|edges=0100000110010000",63,1,0.13032289710869266,0.042056392188743574,231554,0.0747845843521533,2058744,0.06905843435882766,3802217,0.04450985122429725,6126555,0.009070868659222086,1248559,0.0,0,0.0,0,0.0,0
4,circuit,6,0000000111001000,"NOR-out(1,1)/NOT-in(0,2)/NOT-mid(1,1)/OUT-OR2(2,0)|edges=0001001110000000",63,1,0.07732835955279294,0.06777128401732138,373135,0.10050481694042597,2766796,0.08057625883643688,4436365,0.045360445625447776,6243635,0.004271599676387624,587964,0.0013896444814244593,76511,0.0,0,0.0,0
4,circuit,6,0000001110001000,"NOR-in(0,2)/NOR-in(1,1)/NOR-in(1,1)/NOR-in(2,0)|edges=0110000100010000",63,3,0.009179042537363067,0.00337862013826152,18602,0.007451890078491441,205143,0.01048840034358697,577470,0.020247001919911002,2786897,0.057588859381160894,7926814,0.0785175558697981,4323017,0.08977070382663274,2471296,0.08671678232960642,477445
4,circuit,6,0000001110001000,"NOR-in(0,2)/NOR-in(1,1)/NOR-in(1,1)/NOR-mid(2,0)|edges=0110000100010000",63,7,0.1148360882803086,0.04329145384556426,238354,0.042613297567883804,1173101,0.049427052037718716,2721353,0.0756671720879031,10415202,0.09107616836802863,12536172,0.09265569140974639,5101434,0.08681708923406936,2389986,0.07304719007983768,402183
4,circuit,6,0000001110001000,"NOR-in(0,2)/NOR-mid(1,1)/NOR-mid(1,1)/NOR-out(2,0)|edges=0110000100010000",63,1,-0.0317552792625386,3.92313702754805e-05,216,0.0009496534725630498,26143,0.0018210988429703551,100266,0.004860201090455048,668982,0.019690701119295204,2710325,0.026896071189842517,1480843,0.020527930183830635,565113,0.013509034205220425,74378
4,circuit,6,0000001110001000,"NOR-in(0,2)/NOR-out(1,1)/NOR-out(1,1)/OUT-OR2(2,0)|edges=0110000100010000",63,1,-0.04350717418518614,1.4348510424828516e-05,79,0.0012992485848281605,35767,0.004105654682091694,226049,0.008936217785062931,1230025,0.022827722063206386,3142120,0.024721090773293538,1361093,0.02629694139423468,723928,0.029639487253162438,163189
4,circuit,6,0000001110001000,"NOR-in(1,1)/NOR-in(1,1)/NOR-in(2,0)/NOT-in(0,2)|edges=0010001000001100",63,1,0.20552615793108814,0.24674261569349257,1358515,0.11011766541807982,3031428,0.06808569593570354,3748660,0.0539440750309699,7425128,0.0,0,0.0,0,0.0,0,0.0,0
4,circuit,6,0000001110001000,"NOR-mid(0,2)/NOR-out(1,1)/NOR-out(1,1)/OUT-OR2(2,0)|edges=0110000100010000",63,4,-0.04938381607921305,0.0006258856572653046,3446,0.004442625916992448,122301,0.012282109871583163,676228,0.041393753704913286,5697640,0.1067790216538393,14697590,0.12258494760622018,6749278,0.13456506072636687,3704439,0.12437091305763726,684761
4,circuit,6,0000001110001000,"NOR-out(1,1)/NOR-out(1,1)/NOT-mid(0,2)/OUT-OR2(2,0)|edges=0001000111000000",63,1,-0.16172060464176846,3.632534284766713e-07,2,0.0003538815028768401,9742,0.0016849514258308884,92770,0.005262838537552442,724403,0.03740900835709005,5149160,0.04341141037772063,2390144,0.050069706539446555,1378368,0.06663449451550793,366876
4,circuit,6,0000001110001010,"NOR-in(0,2)/NOR-in(1,2)/NOR-mid(2,1)/NOR-out(2,0)|edges=0110001100010000",63,1,-0.045502549437321974,1.634640428145021e-06,9,0.0004963858280447568,13665,0.0024364866214548024,134148,0.007252624982416714,998287,0.03435714856489329,4729087,0.044362825819558506,2442527,0.050782409999120565,1397988,0.09376571638947095,516255
4,circuit,6,0000001110001010,"NOR-in(0,2)/NOR-in(2,1)/NOR-mid(2,0)/NOT-in(1,2)|edges=0101001000000110",63,1,-0.13714658201057814,0.0020763565971726535,11432,0.02417230069727588,665439,0.04390044042127454,2417069,0.032226971656825816,4435879,0.0009713616676055922,133703,0.0,0,0.0,0,0.0,0
4,circuit,7,0000000000001110,"NOR-in(0,3)/NOR-in(1,0)/NOR-in(1,0)/NOR-mid(1,0)|edges=0111000000000000",82,1,-0.11031383645387695,0.0,0,3.1951221070791272e-06,131,0.0003485609756097561,28582,0.0032339560502347895,662961,0.0305494,6262627,0.03551217159785784,2911998,0.03285034066218681,1346864,0.025931582203465586,212639
4,circuit,7,0000000000001110,"NOR-in(0,3)/NOR-in(1,0)/NOR-in(1,0)/OUT-OR2(1,0)|edges=0111000000000000",82,2,-0.047318270278419915,1.2195124925640226e-06,10,0.0007013414976264145,28755,0.003471512195121951,284664,0.025569760601418138,5241801,0.03972430243902439,8143482,0.04351579374428765,3568295,0.05177277922505417,2122684,0.05743852958066713,470996
4,circuit,7,0000000000011100,"NOR-in(0,1)/NOR-in(1,0)/NOR-in(1,0)/NOR-in(1,2)|edges=0001000000000110",82,3,0.10773909885136192,0.002087927338518863,17121,0.022755903549068465,932992,0.038032256097560974,3118645,0.04292327742063497,8799272,0.026414126829268293,5414896,0.03286331787471507,2694792,0.03707702348592626,1520158,0.03142487421647876,257684
4,circuit,7,0000000000011100,"NOR-in(0,1)/NOR-in(1,0)/NOR-in(1,2)/NOR-mid(1,0)|edges=0010000001010000",82,4,0.04833552091793591,0.04483586459411332,367654,0.04360702651741593,1787888,0.04306037804878049,3530951,0.031714028804184946,6501376,0.051439102439024394,10545016,0.05894863558411306,4833788,0.06290275456334744,2579013,0.0841854775383564,690321
4,circuit,7,0000000000011100,"NOR-in(0,1)/NOR-in(1,0)/NOR-in(1,2)/NOR-out(1,0)|edges=0010000001010000",82,2,0.06202295684212857,5.207318343248376e-05,427,0.00039819514137537273,16326,0.001390390243902439,114012,0.006955497459187842,1425877,0.035195224390243904,7215021,0.039130549734891454,3208705,0.032182828483345645,1319496,0.018354875810380998,150510
4,circuit,7,0000000000011100,"NOR-in(0,1)/NOR-in(1,0)/NOR-in(1,2)/NOT-in(1,0)|edges=0010000001010000",82,1,0.07687864844894327,0.0001726829689470656,1416,0.0009099268736549695,37307,0.0018801951219512196,154176,0.0029423609325508154,603184,0.0,0,0.0,0,0.0,0,0.0,0
4,circuit,7,0000000000011100,"NOR-in(0,1)/NOR-in(1,0)/NOR-in(1,2)/OUT-OR2(1,0)|edges=0010000001010000",82,2,0.052422022581467644,1.2195124925640226e-06,10,0.0008418536996026195,34516,0.005272158536585365,432317,0.019899589952688927,4079416,0.04287055609756098,8788464,0.055699196480468206,4567334,0.06163307166748606,2526956,0.049293286671550404,404205
4,circuit,7,0000000000011100,"NOR-in(0,1)/NOR-in(1,0)/NOR-mid(1,0)/NOT-in(1,2)|edges=0001000000000110",82,1,0.18456364133741268,0.03008793416778882,246721,0.025923342727967938,1062857,0.025066536585365853,2055456,0.022868067958028274,4687954,0.0016188926829268293,331873,0.0,0,0.0,0,0.0,0
4,circuit,7,0000000000011100,"NOR-in(0,1)/NOR-in(1,0)/NOT-in(1,0)/NOT-in(1,2)|edges=0001000000000110",82,1,0.0933558639558372,0.10182124434664497,834934,0.09681217545425246,3969299,0.06904406097560975,5661613,0.03614530678811746,7409788,0.0,0,0.0,0,0.0,0,0.0,0
4,circuit,7,0000000000011100,"NOR-in(0,1)/NOR-in(1,2)/NOR-mid(1,0)/NOR-mid(1,0)|edges=0100001100000000",82,2,0.08377300180277382,0.00015865857528257933,1301,0.0015445854411992898,63328,0.003886890243902439,318725,0.016288029029931282,3339046,0.030040043902439025,6158209,0.03160669589284624,2591749,0.03456773086420169,1417277,0.03181743514421523,260903
4,circuit,7,0000000000011100,"NOR-in(0,1)/NOR-in(1,2)/NOR-mid(1,0)/NOR-out(1,0)|edges=0100001100000000",82,3,-0.19532018594582456,0.0,0,2.229268401427727e-05,914,0.0011559512195121952,94788,0.006200195031216658,1271040,0.0925054487804878,18963617,0.11095368563301672,9098202,0.10907941197367288,4472256,0.08718120888034038,714886
4,circuit,7,0000000000011100,"NOR-in(0,1)/NOR-in(1,2)/NOR-mid(1,0)/NOT-in(1,0)|edges=0100001100000000",82,1,0.07699499351665132,0.04545732816032394,372750,0.04477668511105781,1835844,0.042011487804878046,3444942,0.032135038554121385,6587683,0.0016462878048780487,337489,0.0,0,0.0,0,0.0,0
4,circuit,7,0000000000011100,"NOR-in(0,1)/NOR-in(1,2)/NOR-mid(1,0)/OUT-OR2(1,0)|edges=0100001100000000",82,2,-0.051366332018002836,1.7682931142178327e-05,145,0.0011888293262843574,48742,0.0037282073170731705,305713,0.005430219432728496,1113195,0.049505687804878046,10148666,0.06076945270169397,4983095,0.06888926661245691,2824460,0.0989895001232317,811714
4,circuit,7,0000000000011100,"NOR-in(0,1)/NOR-mid(1,2)/NOR-out(1,0)/NOR-out(1,0)|edges=0100001100000000",82,1,0.024123217970267223,0.0,0,0.00010353659041641905,4245,0.0005866951219512196,48109,0.00616695112926413,1264225,0.027373834146341463,5611636,0.033233915444729645,2725181,0.039492340500186816,1619186,0.04947731103935231,405714
4,circuit,7,0000000000011100,"NOR-in(0,1)/NOR-out(1,0)/NOT-mid(1,2)/NOT-out(1,0)|edges=0010000001010000",82,1,0.09583050747532344,0.0009054880257287868,7425,0.003741609938615119,153406,0.007554865853658536,619499,0.00895859986889854,1836513,0.01499410243902439,3073791,1.4634146698393822e-07,12,0.0,0,0.0,0
4,circuit,7,0000000000011100,"NOR-in(1,0)/NOR-in(1,0)/NOR-in(1,2)/NOT-in(0,1)|edges=0000000011000010",82,1,0.27879853944059335,0.2605149415890101,2136222,0.11247317621820371,4611400,0.074286,6091452,0.046941267605737545,9622960,0.0,0,0.0,0,0.0,0,0.0,0
4,circuit,7,0000000000011100,"NOR-in(1,0)/NOR-in(1,2)/NOR-mid(1,0)/NOT-in(0,1)|edges=0000101000000100",82,1,-0.07506861814822623,7.317074955384135e-06,60,0.0009014390683628814,36959,0.0038981951219512197,319652,0.027181106919300875,5572127,0.012422814634146342,2546677,0.01152817101288222,945310,0.00929368270015408,381041,0.00024609753096371573,2018
4,circuit,7,0000000000011100,"NOR-in(1,0)/NOR-in(1,2)/NOR-out(1,0)/NOT-in(0,1)|edges=0000101000000100",82,4,0.07547792630474234,0.005675367237894449,46538,0.009472293144989909,388364,0.01589758536585366,1303602,0.025678092307149868,5264009,0.04421890243902439,9064875,0.04067841562630282,3335630,0.03623599911619514,1485676,0.03668243455092261,300796
4,circuit,7,0000000000011100,"NOR-in(1,0)/NOR-mid(1,0)/NOT-in(0,1)/NOT-in(1,2)|edges=0000000000011100",82,1,0.03626039231171868,0.00010439026936348033,856,0.0004272927037703758,17519,0.0010081829268292683,82671,0.002153799968480976,441529,0.01572128292682927,3222863,0.016009000390463424,1312738,0.013554170401117794,555721,0.011258291309964474,92318
4,circuit,7,0000000000011100,"NOR-in(1,2)/NOR-mid(1,0)/NOR-out(1,0)/NOT-in(0,1)|edges=0110000000001000",82,1,-0.11201277343324159,0.0,0,2.4390245092207077e-05,1000,0.00044969512195121953,36875,0.006053258448001096,1240918,0.02454850243902439,5032443,0.03189161053394172,2615112,0.03834068199169068,1571968,0.0797416975924759,653882
4,circuit,7,0000000000011100,"NOR-in(1,2)/NOR-mid(1,0)/NOT-in(0,1)/OUT-OR2(1,0)|edges=0101000010000000",82,1,-0.16805655721347387,0.0,0,0.00011939024972635364,4895,0.0008694024390243902,71291,0.0016643024146687452,341182,0.024340848780487805,4989874,0.025542646964454803,2094497,0.02708880421734624,1110641,0.01953743664177602,160207
4,circuit,7,0000000001001010,"NOR-in(0,2)/NOR-in(1,0)/NOR-in(1,0)/NOR-in(1,1)|edges=0101000000000010",82,7,0.0041888393522651985,6.353660086258558e-05,521,0.001354975675852472,55554,0.006558939024390244,537833,0.021986916751410974,4507318,0.11527194146341463,23630748,0.13050593001233976,10701486,0.13842131369704114,5675274,0.1543144933762813,1265379
4,circuit,7,0000000001001010,"NOR-in(0,2)/NOR-in(1,0)/NOR-in(1,1)/NOR-mid(1,0)|edges=0011000001000000",82,3,0.1958337899407917,0.044909523148664185,368258,0.0433717582132565,1778242,0.04075637804878049,3342023,0.030064136145402886,6163148,0.02043720487804878,4189627,0.020455256596469674,1677331,0.01512151182630459,619982,0.00016414632144557054,1346
4,circuit,7,0000000001001010,"NOR-in(0,2)/NOR-in(1,0)/NOR-in(1,1)/NOR-mid(1,0)|edges=0110000000010000",82,6,0.23889141007121417,0.2624709176758336,2152261,0.13502212853766482,5535907,0.11148230487804878,9141549,0.08675777434013013,17785344,0.0519924487804878,10658452,0.0550045501220622,4510373,0.059196218068384925,2427045,0.06857633310044718,562326
4,circuit,7,0000000001001010,"NOR-in(0,2)/NOR-in(1,0)/NOR-in(1,1)/NOR-out(1,0)|edges=0011000001000000",82,5,0.07421384298189761,0.09822404834732887,805437,0.09401734604962664,3854711,0.0904253780487805,7414881,0.074580491591505,15289001,0.047554575609756095,9748688,0.056723855042045246,4651356,0.059956291220578266,2458208,0.05085743282226429,417031
4,circuit,7,0000000001001010,"NOR-in(0,2)/NOR-in(1,0)/NOR-in(1,1)/NOR-out(1,0)|edges=0110000000010000",82,4,-0.23388454209851015,0.0,0,2.4658537788221355e-05,1011,0.0014570243902439024,119476,0.007900741347794029,1619652,0.12174786341463414,24958312,0.14504014987902805,11893292,0.1392363380674064,5708690,0.1053719383692758,864050
4,circuit,7,0000000001001010,"NOR-in(0,2)/NOR-in(1,0)/NOR-in(1,1)/NOT-in(1,0)|edges=0110000000010000",82,2,0.1648915601030843,0.2605181123214908,2136248,0.11267742013060586,4619774,0.07498135365853659,6148471,0.04832573587815996,9906776,0.012844239024390244,2633069,0.012804939336705838,1050005,0.013720658201935167,562547,0.011514144937299398,94416
4,circuit,7,0000000001001010,"NOR-in(0,2)/NOR-in(1,0)/NOR-in(1,1)/NOT-mid(1,0)|edges=0110000000010000",82,1,-0.13269838516746774,0.0,0,9.602439492801927e-05,3937,0.0007491829268292683,61433,0.013912409552501323,2852044,0.017500536585365854,3587610,0.013801524726866457,1131725,0.01534936547928377,629324,0.026018289509964695,213350
4,circuit,7,0000000001001010,"NOR-in(0,2)/NOR-in(1,0)/NOR-in(1,1)/OUT-OR2(1,0)|edges=0011000001000000",82,5,-0.006443444596450655,0.03594354535208423,294737,0.06792551550856173,2784946,0.07033170731707317,5767200,0.08173005734053575,16754662,0.05668410243902439,11620241,0.06098313563373502,5000617,0.0626517789597127,2568723,0.05518206644121141,452493
4,circuit,7,0000000001001010,"NOR-in(0,2)/NOR-in(1,0)/NOR-in(1,1)/OUT-OR2(1,0)|edges=0110000000010000",82,3,0.03401671376186738,1.890244363474235e-05,155,0.00201668302520405,82684,0.008633573170731707,707953,0.02425015574268065,4971282,0.06258778048780488,12830495,0.07975713609163747,6540085,0.09022755877493759,3699330,0.09193181805709535,753841
4,circuit,7,0000000001001010,"NOR-in(0,2)/NOR-in(1,0)/NOR-mid(1,0)/NOT-in(1,1)|edges=0011000000000100",82,1,0.07699499351665132,0.04545732816032394,372750,0.04477668511105781,1835844,0.042011487804878046,3444942,0.032135038554121385,6587683,0.0016462878048780487,337489,0.0,0,0.0,0,0.0,0
4,circuit,7,0000000001001010,"NOR-in(0,2)/NOR-in(1,0)/NOR-mid(1,1)/NOR-out(1,0)|edges=0110000000010000",82,8,-0.08332899348922576,0.04486915728516031,367927,0.04418253874061165,1811484,0.046073548780487805,3778031,0.0669393746301555,13722572,0.1309121024390244,26836981,0.13948930828022704,11438123,0.14035806974736414,5754681,0.17276510088230476,1416674
4,circuit,7,0000000001001010,"NOR-in(0,2)/NOR-in(1,0)/NOR-mid(1,1)/NOT-out(1,0)|edges=0110000000010000",82,1,-0.027469970916805184,1.0975612433076203e-06,9,0.0007788049160392642,31931,0.003234573170731707,265235,0.005649516990494873,1158151,0.016517219512195123,3386030,0.017229085786075262,1412785,0.017425828843272467,714459,0.01912024157070225,156786
4,circuit,7,0000000001001010,"NOR-in(0,2)/NOR-in(1,0)/NOR-mid(1,1)/OUT-OR2(1,0)|edges=0110000000010000",82,1,-0.07506861814822623,7.317074955384135e-06,60,0.0009014390683628814,36959,0.0038981951219512197,319652,0.027181106919300875,5572127,0.012422814634146342,2546677,0.01152817101288222,945310,0.00929368270015408,381041,0.00024609753096371573,2018
4,circuit,7,0000000001001010,"NOR-in(0,2)/NOR-in(1,0)/NOR-out(1,0)/NOT-mid(1,1)|edges=0101000000000010",82,1,0.13729798449719127,0.02361037161228576,193605,0.022233879133359957,911589,0.02239270731707317,1836202,0.018980428990530308,3890988,0.006506087804878049,1333748,0.003955463511108866,324348,0.001441341428259965,59095,0.0015734144422665315,12902
4,circuit,7,0000000001001010,"NOR-in(0,2)/NOR-in(1,0)/NOR-out(1,1)/OUT-NOT(1,0)|edges=0110000000010000",82,7,0.21488981247204825,0.15030881714849198,1232532,0.1495059097319956,6129742,0.14337906097560976,11757083,0.10955389595774787,22458549,0.03399733170731707,6969453,0.025483171353248082,2089620,0.01640709716080251,672691,0.011422437631410045,93664
4,circuit,7,0000000001001010,"NOR-in(0,2)/NOR-in(1,0)/NOR-out(1,1)/OUT-OR2(1,0)|edges=0110000000010000",82,7,-0.15293059224035901,3.78048872694847e-06,31,0.0029117318493527733,119381,0.015233378048780487,1249137,0.038450911632425686,7882437,0.13707759024390243,28100906,0.1583818575215087,12987312,0.1607742887616027,6591746,0.13388303245328873,1097841
4,circuit,7,0000000001001010,"NOR-in(0,2)/NOR-in(1,1)/NOR-mid(1,0)/NOR-mid(1,0)|edges=0110000100000000",82,2,-0.1379784265371104,0.0,0,1.719512279000599e-05,705,0.0007153536585365853,58659,0.004313609692971565,884290,0.060337863414634145,12369262,0.07222368468838256,5922342,0.07314512016719218,2998950,0.08228255094115232,674717
4,circuit,7,0000000001001010,"NOR-in(0,2)/NOR-in(1,1)/NOR-mid(1,0)/NOR-out(1,0)|edges=0101001000000000",82,4,-0.15808082229738243,1.0975612433076203e-06,9,0.001304804941697802,53497,0.008168536585365854,669820,0.017871824128705013,3663724,0.08669810243902439,17773111,0.09604300234251226,7875526,0.09246470506183646,3791053,0.08097157549127128,663967
4,circuit,7,0000000001001010,"NOR-in(0,2)/NOR-in(1,1)/NOR-mid(1,0)/NOR-out(1,0)|edges=0110000100000000",82,2,-0.15958487076758698,0.0,0,2.7585367199286203e-05,1131,0.0007982560975609756,65457,0.009287214498235885,1903879,0.05509790243902439,11295070,0.06740378213179957,5527110,0.0711910226538775,2918832,0.10567327979594149,866521
4,circuit,7,0000000001001010,"NOR-in(0,2)/NOR-in(1,1)/NOR-mid(1,0)/OUT-OR2(1,0)|edges=0101001000000000",82,2,0.052422022581467644,1.2195124925640226e-06,10,0.0008418536996026195,34516,0.005272158536585365,432317,0.019899589952688927,4079416,0.04287055609756098,8788464,0.055699196480468206,4567334,0.06163307166748606,2526956,0.049293286671550404,404205
4,circuit,7,0000000001001010,"NOR-in(0,2)/NOR-in(1,1)/NOR-mid(1,0)/OUT-OR2(1,0)|edges=0110000100000000",82,1,-0.0819910212213533,0.0,0,1.4000000682926863e-05,574,0.00036679268292682924,30077,0.001079653642736776,221329,0.029788463414634148,6106635,0.03671151309052471,3010344,0.04029477950500538,1652086,0.05635096873768674,462078
4,circuit,7,0000000001001010,"NOR-in(0,2)/NOR-in(1,1)/NOR-out(1,0)/NOR-out(1,0)|edges=0101001000000000",82,2,-0.11567554484477427,0.0,0,0.00037370733530279684,15322,0.0035297317073170733,289438,0.008303497439461013,1702217,0.047041995121951216,9643609,0.05348722081676148,4385952,0.05081285241919872,2083327,0.043450726408448,356296
4,circuit,7,0000000001001010,"NOR-in(0,2)/NOR-in(1,1)/NOR-out(1,0)/NOT-in(1,0)|edges=0110000100000000",82,1,0.07699499351665132,0.04545732816032394,372750,0.04477668511105781,1835844,0.042011487804878046,3444942,0.032135038554121385,6587683,0.0016462878048780487,337489,0.0,0,0.0,0,0.0,0
4,circuit,7,0000000001001010,"NOR-in(0,2)/NOR-in(1,1)/NOR-out(1,0)/NOT-mid(1,0)|edges=0110000100000000",82,1,-0.08200984520655306,1.2195124925640225e-07,1,0.0010102439517192172,41420,0.00349,286180,0.004613468225168758,945761,0.019342302439024392,3965172,0.022844085923026485,1873215,0.025779121322460456,1056944,0.0211742657104554,173629
4,circuit,7,0000000001001010,"NOR-in(0,2)/NOR-in(1,1)/NOT-in(1,0)/NOT-mid(1,0)|edges=0101001000000000",82,1,0.13729798449719127,0.02361037161228576,193605,0.022233879133359957,911589,0.02239270731707317,1836202,0.018980428990530308,3890988,0.006506087804878049,1333748,0.003955463511108866,324348,0.001441341428259965,59095,0.0015734144422665315,12902
4,circuit,7,0000000001001010,"NOR-in(0,2)/NOR-in(1,1)/NOT-mid(1,0)/OUT-OR2(1,0)|edges=0101001000000000",82,1,-0.13269838516746774,0.0,0,9.602439492801927e-05,3937,0.0007491829268292683,61433,0.013912409552501323,2852044,0.017500536585365854,3587610,0.013801524726866457,1131725,0.01534936547928377,629324,0.026018289509964695,213350
4,circuit,7,0000000001001010,"NOR-in(0,2)/NOR-mid(1,0)/NOR-out(1,1)/OUT-OR2(1,0)|edges=0110000000010000",82,4,-0.23000821311817143,0.0,0,4.6682929106484346e-05,1914,0.0016056463414634147,131663,0.012253453479217753,2511958,0.11705395121951219,23996060,0.14284529616695843,11713314,0.14742009396536357,6044224,0.1669229064728163,1368768
4,circuit,7,0000000001001010,"NOR-in(0,2)/NOR-mid(1,1)/NOR-out(1,0)/NOR-out(1,0)|edges=0101001000000000",82,1,-0.14449548065120046,0.0,0,8.048780880428336e-06,330,0.000402780487804878,33028,0.0012842390055965024,263269,0.030620458536585366,6277194,0.03792690336407081,3110006,0.040817535589816205,1673519,0.03883804404414097,318472
4,circuit,7,0000000001001010,"NOR-in(0,2)/NOR-mid(1,1)/NOR-out(1,0)/NOR-out(1,0)|edges=0110000100000000",82,3,-0.1756965741688136,0.0,0,3.863414822605601e-05,1584,0.0012028658536585367,98635,0.010969214473621251,2248689,0.08643349268292683,17718866,0.10491839280288763,8603308,0.10660255837554736,4370705,0.1280848624286753,1050296
4,circuit,7,0000000001001010,"NOR-in(0,2)/NOR-mid(1,1)/NOR-out(1,0)/NOT-in(1,0)|edges=0101001000000000",82,1,0.07699499351665132,0.04545732816032394,372750,0.04477668511105781,1835844,0.042011487804878046,3444942,0.032135038554121385,6587683,0.0016462878048780487,337489,0.0,0,0.0,0,0.0,0
4,circuit,7,0000000001001010,"NOR-in(1,0)/NOR-in(1,0)/NOR-in(1,1)/NOT-in(0,2)|edges=0000000001001010",82,1,0.06161169928237492,0.003882318020077566,31835,0.0067604149639226814,277177,0.009516524390243902,780355,0.01632408756598896,3346438,0.0,0,0.0,0,0.0,0,0.0,0
4,circuit,7,0000000001001010,"NOR-in(1,0)/NOR-in(1,0)/NOR-in(1,1)/NOT-in(0,2)|edges=0000000010000110",82,2,-0.02518979514307008,0.0015402442781083604,12630,0.023917781654525936,980629,0.04263160975609756,3495792,0.03885859455328886,7966012,0.008666726829268293,1776679,0.006228463566547892,510734,0.004579829156589533,187773,0.0007843901482451038,6432
4,circuit,7,0000000001001010,"NOR-in(1,0)/NOR-in(1,1)/NOR-mid(1,0)/NOT-in(0,2)|edges=0000001000001100",82,2,0.011167973589917213,0.00024182932727544567,1983,0.001481829340577041,60755,0.005628817073170732,461563,0.010359116921573899,2123619,0.02423130243902439,4967417,0.01711651261259787,1403554,0.00961519488743427,394223,0.0037335361300565697,30615
4,circuit,7,0000000001001010,"NOR-in(1,0)/NOR-in(1,1)/NOR-out(1,0)/NOT-in(0,2)|edges=0000001000001100",82,1,-0.02148634554575168,7.317074955384135e-07,6,0.0002902439165972642,11900,0.00290909756097561,238546,0.005704121867744558,1169345,0.017508736585365853,3589291,0.010966158804052654,899225,0.005035414511331353,206452,0.0029491459818114657,24183
4,circuit,7,0000000001001010,"NOR-in(1,0)/NOR-mid(1,0)/NOT-in(0,2)/NOT-in(1,1)|edges=0000000010010100",82,2,-0.03602313354312544,0.1018496589877217,835167,0.09723841937748387,3986775,0.07022543902439024,5758486,0.039185560402162534,8033040,0.016241146341463415,3329435,0.021981683462967888,1802498,0.02952207245068116,1210405,0.07750194176805589,635516
4,circuit,7,0000000001001010,"NOR-in(1,0)/NOR-mid(1,1)/NOR-out(1,0)/NOT-in(0,2)|edges=0000001000001100",82,1,0.18456364133741268,0.03008793416778882,246721,0.025923342727967938,1062857,0.025066536585365853,2055456,0.022868067958028274,4687954,0.0016188926829268293,331873,0.0,0,0.0,0,0.0,0
4,circuit,7,0000000001001010,"NOR-in(1,1)/NOR-mid(1,0)/NOT-in(0,2)/NOT-in(1,0)|edges=0100000010010000",82,1,-0.14510531558133075,2.8414641076741727e-05,233,0.0004262439232314109,17476,0.0011813780487804878,96873,0.0030402536140450693,623252,0.016241146341463415,3329435,0.021981683462967888,1802498,0.02952207245068116,1210405,0.07750194176805589,635516
4,circuit,7,0000000001001100,"NOR-in(0,1)/NOR-in(0,2)/NOR-in(1,0)/NOR-mid(2,0)|edges=0001001100000000",82,1,-0.0819910212213533,0.0,0,1.4000000682926863e-05,574,0.00036679268292682924,30077,0.001079653642736776,221329,0.029788463414634148,6106635,0.03671151309052471,3010344,0.04029477950500538,1652086,0.05635096873768674,462078
4,circuit,7,0000000001001100,"NOR-in(0,1)/NOR-in(0,2)/NOR-in(2,0)/NOR-mid(1,0)|edges=0010001100000000",82,1,0.06111840854888855,4.390244973230481e-06,36,0.00020241464402022654,8299,0.0007178780487804878,58866,0.001576878025704224,323260,0.005133248780487805,1052316,0.00500803670751309,410659,0.005182146215069605,212468,0.008714267229967411,71457
4,circuit,7,0000000001001100,"NOR-in(0,1)/NOR-in(0,2)/NOR-in(2,0)/NOR-out(1,0)|edges=0010001100000000",82,2,-0.11567554484477427,0.0,0,0.00037370733530279684,15322,0.0035297317073170733,289438,0.008303497439461013,1702217,0.047041995121951216,9643609,0.05348722081676148,4385952,0.05081285241919872,2083327,0.043450726408448,356296
4,circuit,7,0000000001001100,"NOR-in(0,1)/NOR-in(0,2)/NOR-in(2,0)/OUT-OR2(1,0)|edges=0010001100000000",82,4,-0.0026862336130775125,3.78048872694847e-06,31,0.0014068781174086888,57682,0.007967146341463414,653306,0.037301926283386445,7646895,0.06869951219512195,14083400,0.07875900192095127,6458238,0.08620836375101552,3534543,0.08463120919131595,693976
4,circuit,7,0000000001001100,"NOR-in(0,1)/NOR-in(0,2)/NOR-mid(2,0)/NOR-out(1,0)|edges=0010001100000000",82,4,-0.23000821311817143,0.0,0,4.6682929106484346e-05,1914,0.0016056463414634147,131663,0.012253453479217753,2511958,0.11705395121951219,23996060,0.14284529616695843,11713314,0.14742009396536357,6044224,0.1669229064728163,1368768
4,circuit,7,0000000001001100,"NOR-in(0,1)/NOR-in(0,2)/NOR-mid(2,0)/OUT-OR2(1,0)|edges=0010001100000000",82,2,-0.11206804169814848,1.7682931142178327e-05,145,0.0012942195753277842,53063,0.004230817073170732,346927,0.006014868204660465,1233048,0.04405807317073171,9031905,0.049600586575624064,4067248,0.055683291324797775,2283015,0.06217596802732097,509843
4,circuit,7,0000000001001100,"NOR-in(0,2)/NOR-in(1,0)/NOR-mid(0,1)/NOR-out(2,0)|edges=0101000000010000",82,2,0.14808249299361048,0.05344208620538688,438225,0.05042588050857954,2067461,0.04596414634146342,3769060,0.03481232631981961,7136527,0.005952809756097561,1220326,0.005044085488880134,413615,0.002025902389612137,83062,0.00016414632144557054,1346
4,circuit,7,0000000001001100,"NOR-in(0,2)/NOR-in(1,0)/NOR-mid(2,0)/NOT-in(0,1)|edges=0110000000000010",82,1,0.14033618908110085,0.04483037678789678,367609,0.04261180695667351,1747084,0.03874113414634146,3176773,0.02340798014524907,4798636,1.7073170731707317e-07,35,0.0,0,0.0,0,0.0,0
4,circuit,7,0000000001001100,"NOR-in(0,2)/NOR-in(1,0)/NOR-out(0,1)/OUT-OR2(2,0)|edges=0101000000010000",82,6,-0.003971106635786935,0.035944764864576796,294747,0.06853083261126013,2809764,0.07305403658536586,5990431,0.09338740838945256,19144419,0.07890786829268293,16176113,0.09069740465115621,7437187,0.09907519270548311,4062083,0.08660230651191383,710139
4,circuit,7,0000000001001100,"NOR-in(0,2)/NOR-in(1,0)/NOR-out(2,0)/NOT-mid(0,1)|edges=0110000000000010",82,1,0.012938812502682587,2.5609762343844476e-06,21,0.0004690000228780499,19229,0.0019458048780487806,159556,0.0034899267781961936,715435,0.008328419512195121,1707326,0.009258280713616602,759179,0.009225926604245692,378263,0.009319633009800852,76421
4,circuit,7,0000000001001100,"NOR-in(0,2)/NOR-in(2,0)/NOR-mid(1,0)/NOT-in(0,1)|edges=0110000000000100",82,2,0.05983276735621384,5.207318343248376e-05,427,0.000457000022292684,18737,0.0017146829268292682,140604,0.00826028768399579,1693359,0.01993808780487805,4087308,0.008470719718798042,694599,0.0033267316261772774,136396,0.0019446339091909867,15946
4,circuit,7,0000000001001100,"NOR-in(0,2)/NOR-in(2,0)/NOR-out(1,0)/NOT-in(0,1)|edges=0110000000000100",82,1,-0.0026143661315921932,0.005518903785098484,45255,0.008277829672089253,339391,0.010571426829268293,866857,0.01166639007317478,2391610,0.004745229268292683,972772,0.00022457317620910185,18415,0.0,0,0.0,0
4,circuit,7,0000000001001100,"NOR-in(0,2)/NOR-in(2,0)/NOT-in(0,1)/OUT-OR2(1,0)|edges=0101000001000000",82,1,-0.08639645147671861,6.097562462820113e-07,5,0.00046468294949672924,19052,0.0023845121951219512,195530,0.0073049950150488535,1497524,0.010208356097560975,2092713,0.011938402730204944,978949,0.012866828954467587,527540,0.001971097320597888,16163
4,circuit,7,0000000001001100,"NOR-in(0,2)/NOR-mid(2,0)/NOT-in(0,1)/NOT-in(1,0)|edges=0101000001000000",82,1,0.07699499351665132,0.04545732816032394,372750,0.04477668511105781,1835844,0.042011487804878046,3444942,0.032135038554121385,6587683,0.0016462878048780487,337489,0.0,0,0.0,0,0.0,0
4,circuit,7,0000000001001100,"NOR-in(2,0)/NOT-in(0,1)/NOT-in(0,2)/NOT-in(1,0)|edges=0000100010010000",82,1,-0.14510531558133075,2.8414641076741727e-05,233,0.0004262439232314109,17476,0.0011813780487804878,96873,0.0030402536140450693,623252,0.016241146341463415,3329435,0.021981683462967888,1802498,0.02952207245068116,1210405,0.07750194176805589,635516
4,circuit,7,0000000001001100,"NOR-mid(0,1)/NOR-mid(0,2)/NOR-out(1,0)/NOR-out(2,0)|edges=0001001100000000",82,3,6.5160746576128e-05,0.01141500278414702,93603,0.027705464766120232,1135924,0.039316524390243905,3223955,0.04667333102429272,9568033,0.043124751219512196,8840574,0.04077676928723827,3343695,0.033768389420283186,1384504,0.0047651213701071496,39074
4,circuit,7,0000000001001100,"NOR-mid(0,2)/NOR-out(1,0)/NOR-out(2,0)/NOT-mid(0,1)|edges=0110000000000010",82,1,0.07672756791024549,0.01141500278414702,93603,0.02721358669334569,1115757,0.03478479268292683,2852353,0.030366326384883027,6225097,0.010656365853658537,2184555,0.008164109955222194,669457,0.0028980731000469977,118821,0.0019381704953450615,15893
4,circuit,7,0000000001001110,"NOR-in(0,3)/NOR-in(1,1)/NOR-in(2,0)/NOR-out(1,0)|edges=0111001000000000",82,1,0.12477277427451308,5.207318343248376e-05,427,0.00039582928760142867,16229,0.0010893170731707316,89324,0.005254951142610471,1077265,0.005952809756097561,1220326,0.005044085488880134,413615,0.002025902389612137,83062,0.00016414632144557054,1346
4,circuit,7,0000000001001110,"NOR-in(0,3)/NOR-in(1,1)/NOR-in(2,0)/NOT-mid(1,0)|edges=0111001000000000",82,1,0.13729798449719127,0.02361037161228576,193605,0.022233879133359957,911589,0.02239270731707317,1836202,0.018980428990530308,3890988,0.006506087804878049,1333748,0.003955463511108866,324348,0.001441341428259965,59095,0.0015734144422665315,12902
4,circuit,7,0000000001001110,"NOR-in(1,0)/NOR-in(1,1)/NOR-in(2,0)/NOT-in(0,3)|edges=0000001000001110",82,1,0.06161169928237492,0.003882318020077566,31835,0.0067604149639226814,277177,0.009516524390243902,780355,0.01632408756598896,3346438,0.0,0,0.0,0,0.0,0,0.0,0
4,circuit,7,0000000001011100,"NOR-in(0,2)/NOR-in(1,2)/NOR-in(2,0)/NOT-in(1,0)|edges=0110001100000000",82,1,0.07687864844894327,0.0001726829689470656,1416,0.0009099268736549695,37307,0.0018801951219512196,154176,0.0029423609325508154,603184,0.0,0,0.0,0,0.0,0,0.0,0
4,circuit,7,0000000001011100,"NOR-in(0,2)/NOR-in(1,2)/NOR-mid(1,0)/NOR-out(2,0)|edges=0101001100000000",82,1,-0.11201277343324159,0.0,0,2.4390245092207077e-05,1000,0.00044969512195121953,36875,0.006053258448001096,1240918,0.02454850243902439,5032443,0.03189161053394172,2615112,0.03834068199169068,1571968,0.0797416975924759,653882
4,circuit,7,0000000011001100,"NOR-in(0,2)/NOR-in(0,2)/NOR-in(2,0)/NOR-in(2,0)|edges=0011001100000000",82,1,0.06789349145154658,1.2195124925640226e-06,10,0.0006053171026983952,24818,0.002722329268292683,223231,0.011657351048916813,2389757,0.022223765853658536,4555872,0.029714269017421194,2436570,0.0364234137457704,1493360,0.03142024007070243,257646
4,circuit,7,0000000100011000,"NOR-in(0,1)/NOR-in(0,1)/NOR-in(1,0)/NOR-in(2,1)|edges=0001000100000010",82,1,0.012938812502682587,2.5609762343844476e-06,21,0.0004690000228780499,19229,0.0019458048780487806,159556,0.0034899267781961936,715435,0.008328419512195121,1707326,0.009258280713616602,759179,0.009225926604245692,378263,0.009319633009800852,76421
4,circuit,7,0000000100011000,"NOR-in(0,1)/NOR-in(0,1)/NOR-in(2,1)/NOR-mid(1,0)|edges=0010001000010000",82,5,0.04479796529852617,0.00011207319806663367,919,0.0019967561949637168,81867,0.009425719512195122,772909,0.0401853555094826,8237998,0.10003274146341463,20506712,0.11578847843386533,9494655,0.1169860215369263,4796427,0.09036998897926964,741034
4,circuit,7,0000000100011000,"NOR-in(0,1)/NOR-in(0,1)/NOR-in(2,1)/NOR-out(1,0)|edges=0010001000010000",82,3,-0.07773341229411461,1.2195124925640225e-07,1,0.0005397317336454504,22129,0.004943268292682927,405348,0.014974892463782061,3069853,0.058666878048780485,12026710,0.06230494054402294,5109005,0.05701955958488879,2337802,0.04517450668603577,370431
4,circuit,7,0000000100011000,"NOR-in(0,1)/NOR-in(0,1)/NOR-in(2,1)/NOT-in(1,0)|edges=0010001000010000",82,1,0.07439845331750011,0.0004524391347412524,3710,0.0014189025082391468,58175,0.002667841463414634,218763,0.0036574145806232013,749770,0.0,0,0.0,0,0.0,0,0.0,0
4,circuit,7,0000000100011000,"NOR-in(0,1)/NOR-in(0,1)/NOR-in(2,1)/NOT-mid(1,0)|edges=0010001000010000",82,5,-0.08333907492292371,0.004106952221207859,33677,0.008192219911815606,335881,0.014591231707317073,1196481,0.042011389629101614,8612335,0.03456026341463415,7084854,0.030357244642859625,2489294,0.029231243189481875,1198481,0.028055240481068233,230053
4,circuit,7,0000000100011000,"NOR-in(0,1)/NOR-in(0,1)/NOR-mid(2,1)/NOR-out(1,0)|edges=0010001000010000",82,19,-0.10220587359933965,0.0065862211185905165,54007,0.018479269194110692,757650,0.04565492682926829,3743704,0.1195550177626095,24508779,0.33527636585365855,68731655,0.37243005786414773,30539264,0.3835506979621781,15725579,0.3766431247996189,3088474
4,circuit,7,0000000100011000,"NOR-in(0,1)/NOR-in(0,1)/NOR-mid(2,1)/NOT-out(1,0)|edges=0010001000010000",82,1,-0.027469970916805184,1.0975612433076203e-06,9,0.0007788049160392642,31931,0.003234573170731707,265235,0.005649516990494873,1158151,0.016517219512195123,3386030,0.017229085786075262,1412785,0.017425828843272467,714459,0.01912024157070225,156786
4,circuit,7,0000000100011000,"NOR-in(0,1)/NOR-in(0,1)/NOR-mid(2,1)/OUT-OR2(1,0)|edges=0010001000010000",82,1,-0.07506861814822623,7.317074955384135e-06,60,0.0009014390683628814,36959,0.0038981951219512197,319652,0.027181106919300875,5572127,0.012422814634146342,2546677,0.01152817101288222,945310,0.00929368270015408,381041,0.00024609753096371573,2018
4,circuit,7,0000000100011000,"NOR-in(0,1)/NOR-in(1,0)/NOR-in(2,1)/NOT-in(0,1)|edges=0010000001000010",82,7,0.002484730077985151,0.008199514195003463,67236,0.024268098744785305,994992,0.0456555,3743751,0.08222855001616756,16856853,0.06482576585365854,13289282,0.03421311059056367,2805475,0.03154292605992863,1293260,0.02993402073975357,245459
4,circuit,7,0000000100011000,"NOR-in(0,1)/NOR-in(2,1)/NOR-mid(1,0)/NOT-in(0,1)|edges=0100001000000100",82,7,-0.06400169832101327,0.007776709213831516,63769,0.033524026025562245,1374485,0.05765463414634146,4727680,0.09027803282519951,18506997,0.07513209268292682,15402079,0.07072250172493906,5799245,0.07259626652204228,2976447,0.09150901323060814,750374
4,circuit,7,0000000100011000,"NOR-in(0,1)/NOR-in(2,1)/NOR-out(1,0)/NOT-in(0,1)|edges=0100001000000100",82,3,0.0348862847537808,6.073172212968833e-05,498,0.0008818780917989313,36157,0.004719780487804878,387022,0.013012843712007165,2667633,0.0351371512195122,7203116,0.025362232325908105,2079703,0.015283072797973835,626606,0.009637803702706865,79030
4,circuit,7,0000000100011000,"NOR-in(0,1)/NOR-in(2,1)/NOT-in(0,1)/NOT-mid(1,0)|edges=0100000101000000",82,1,-0.18209616216645108,0.0,0,0.00043341465528851976,17770,0.0024122804878048782,197807,0.009136404744345296,1872963,0.024659848780487804,5055269,0.02945911047461245,2415647,0.03471048695828081,1423130,0.05868987089147916,481257
4,circuit,7,0000000100011000,"NOR-in(0,1)/NOR-mid(0,1)/NOR-out(2,1)/OUT-NOT(1,0)|edges=0010001000010000",82,7,0.20937787455724075,0.15030881714849198,1232532,0.1495059097319956,6129742,0.14337906097560976,11757083,0.10955389595774787,22458549,0.03399733170731707,6969453,0.025483171353248082,2089620,0.01640709716080251,672691,0.011422437631410045,93664
4,circuit,7,0000000100011000,"NOR-in(0,1)/NOR-mid(2,1)/NOR-out(1,0)/NOT-in(0,1)|edges=0100001000000100",82,9,0.2728680901222098,0.38735241154936867,3176289,0.2701969156193617,11078073,0.22743941463414635,18650032,0.17005647068210042,34861577,0.06555694146341463,13439173,0.06995891634046138,5736631,0.05939729123421241,2435289,0.04389097025719875,359906
4,circuit,7,0000000100011000,"NOR-in(0,1)/NOR-mid(2,1)/NOT-in(0,1)/NOT-out(1,0)|edges=0100000101000000",82,1,0.07995051181148055,0.00208329319104712,17083,0.00723051254782988,296451,0.010223341463414633,838314,0.00781401451979491,1601873,0.016248146341463415,3330870,0.0,0,0.0,0,0.0,0
4,circuit,7,0000000100011000,"NOR-in(0,1)/NOR-out(2,1)/NOT-mid(0,1)/OUT-OR2(1,0)|edges=0100000101000000",82,1,0.012938812502682587,2.5609762343844476e-06,21,0.0004690000228780499,19229,0.0019458048780487806,159556,0.0034899267781961936,715435,0.008328419512195121,1707326,0.009258280713616602,759179,0.009225926604245692,378263,0.009319633009800852,76421
4,circuit,7,0000000100011000,"NOR-in(1,0)/NOR-in(2,1)/NOT-in(0,1)/NOT-in(0,1)|edges=0000100001000100",82,2,-0.13548414694132146,0.0013039027570494529,10692,0.023052049904978045,945134,0.04103008536585366,3364467,0.03628424824949881,7438271,0.01149129268292683,2355715,0.006612866014947952,542255,0.0063131461874842395,258839,0.009651706140035837,79144
4,circuit,7,0000000100011000,"NOR-in(2,1)/NOR-mid(1,0)/NOT-in(0,1)/NOT-in(0,1)|edges=0100000010001000",82,3,-0.06403958188387106,0.02546964035844887,208851,0.06028400294068307,2471644,0.058433536585365854,4791550,0.03969398478496607,8137267,0.025788278048780488,5286597,0.028516439719913165,2338348,0.03583516985767878,1469242,0.08715364790809171,714660
4,circuit,7,0000000100011000,"NOR-in(2,1)/NOR-out(1,0)/NOT-in(0,1)/NOT-in(0,1)|edges=0100000010001000",82,1,-0.04062098613888259,0.02836025081957337,232554,0.06861280822501503,2813125,0.06448164634146342,5287495,0.036157355568428945,7412258,0.002422131707317073,496537,0.0,0,0.0,0,0.0,0
4,circuit,7,0000000100011000,"NOR-in(2,1)/NOT-in(0,1)/NOT-in(0,1)/NOT-mid(1,0)|edges=0001100010000000",82,1,-0.04062098613888259,0.02836025081957337,232554,0.06861280822501503,2813125,0.06448164634146342,5287495,0.036157355568428945,7412258,0.002422131707317073,496537,0.0,0,0.0,0,0.0,0
4,circuit,7,0000000100011000,"NOR-mid(0,1)/NOR-mid(0,1)/NOR-out(2,1)/OUT-NOT(1,0)|edges=0010001000010000",82,11,0.05312956524438175,0.0013962198527365495,11449,0.009297098014492586,381181,0.02366730487804878,1940719,0.053178560197386926,10901605,0.1263424048780488,25900193,0.13941361315642958,11431916,0.1401912892636271,5747843,0.17550583225538632,1439148
4,circuit,7,0000000100011000,"NOR-mid(0,1)/NOR-mid(0,1)/NOR-out(2,1)/OUT-OR2(1,0)|edges=0010001000010000",82,8,-0.1396405244897417,0.011432685715289199,93748,0.028942952631363542,1186661,0.044457951219512196,3645552,0.05971717473584622,12242021,0.17345121463414634,35557499,0.1876471753084677,15387068,0.18208653214423093,7465548,0.1643048580116027,1347300
4,circuit,7,0000000100011000,"NOR-mid(0,1)/NOR-out(2,1)/NOT-mid(0,1)/OUT-NOT(1,0)|edges=0100000101000000",82,1,0.13729798449719127,0.02361037161228576,193605,0.022233879133359957,911589,0.02239270731707317,1836202,0.018980428990530308,3890988,0.006506087804878049,1333748,0.003955463511108866,324348,0.001441341428259965,59095,0.0015734144422665315,12902
4,circuit,7,0000000100011000,"NOR-mid(0,1)/NOR-out(2,1)/NOT-mid(0,1)/OUT-OR2(1,0)|edges=0100000101000000",82,6,-0.2473361705211484,0.011416344247888842,93614,0.029210928254191623,1197648,0.04346306097560976,3563971,0.04587962371883478,9405323,0.13079083414634146,26812121,0.14512374744204262,11900147,0.14723241104311194,6036529,0.12515803351731297,1026296
4,circuit,7,0000000100011000,"NOR-mid(2,1)/NOR-out(1,0)/NOT-in(0,1)/NOT-in(0,1)|edges=0100000010001000",82,1,0.07672756791024549,0.01141500278414702,93603,0.02721358669334569,1115757,0.03478479268292683,2852353,0.030366326384883027,6225097,0.010656365853658537,2184555,0.008164109955222194,669457,0.0028980731000469977,118821,0.0019381704953450615,15893
4,circuit,7,0000000100011000,"NOR-out(2,1)/NOT-mid(0,1)/NOT-mid(0,1)/OUT-OR2(1,0)|edges=0001100010000000",82,1,-0.24405439436942875,0.0,0,0.00014931708045449172,6122,0.0009523414634146341,78092,0.0018785219237289475,385097,0.02339447317073171,4795867,0.025867281118714173,2121117,0.029142340752625836,1194836,0.03953023908167816,324148
4,circuit,7,0000000101001000,"NOR-in(0,1)/NOR-in(1,0)/NOR-in(1,1)/NOR-in(1,1)|edges=0010000000010100",82,9,0.13258084127996314,0.04515257198843219,370251,0.04612102664005008,1890962,0.05154469512195122,4226665,0.05235488216066026,10732751,0.0908553512195122,18625347,0.09787275848470142,8025566,0.09267116847143492,3799518,0.06954730859179163,570288
4,circuit,7,0000000101001000,"NOR-in(0,1)/NOR-in(1,0)/NOR-in(1,1)/NOT-in(1,1)|edges=0001000001000010",82,5,0.27985610343626494,0.28465141089058804,2334141,0.2613188907960435,10714074,0.21711018292682926,17803035,0.15268487581436768,31300400,0.0035630536585365856,730426,7.810975800267702e-05,6405,4.8780486615110085e-08,2,0.0,0
4,circuit,7,0000000101001000,"NOR-in(0,1)/NOR-in(1,0)/NOR-in(1,1)/NOT-in(1,1)|edges=0010000000010100",82,2,0.2720500102276527,0.19164187601021365,1571463,0.15146910494971244,6210233,0.11223858536585365,9203564,0.08066420369759703,16536162,0.0016462878048780487,337489,0.0,0,0.0,0,0.0,0
4,circuit,7,0000000101001000,"NOR-in(0,1)/NOR-in(1,0)/NOT-in(1,1)/NOT-in(1,1)|edges=0001000001000010",82,1,0.03626039231171868,0.00010439026936348033,856,0.0004272927037703758,17519,0.0010081829268292683,82671,0.002153799968480976,441529,0.01572128292682927,3222863,0.016009000390463424,1312738,0.013554170401117794,555721,0.011258291309964474,92318
4,circuit,7,0000000101001000,"NOR-in(0,1)/NOR-in(1,0)/NOT-in(1,1)/NOT-in(1,1)|edges=0010000000010100",82,1,0.0933558639558372,0.10182124434664497,834934,0.09681217545425246,3969299,0.06904406097560975,5661613,0.03614530678811746,7409788,0.0,0,0.0,0,0.0,0,0.0,0
4,circuit,7,0000000101001000,"NOR-in(0,1)/NOR-in(1,1)/NOR-in(1,1)/NOR-mid(1,0)|edges=0010000101000000",82,7,0.140382204085861,0.01355927159982234,111186,0.03049692831692333,1250374,0.051954390243902436,4260260,0.08307571097937984,17030521,0.06065780487804878,12434850,0.05452044035415708,4470676,0.054971681586056545,2253839,0.05188865220870095,425487
4,circuit,7,0000000101001000,"NOR-in(0,1)/NOR-in(1,1)/NOR-in(1,1)/NOR-mid(1,0)|edges=0100001000010000",82,14,0.09854283432980386,0.03810049709768222,312424,0.09167241910597167,3758569,0.11096921951219513,9099476,0.1294805103002852,26543505,0.20393111219512194,41805878,0.2399543229257152,19676254,0.2514017987462976,10307474,0.22634302117768035,1856013
4,circuit,7,0000000101001000,"NOR-in(0,1)/NOR-in(1,1)/NOR-in(1,1)/NOR-out(1,0)|edges=0010000101000000",82,2,0.09562196732001775,0.012069271236407619,98968,0.0143416592361785,588008,0.017521158536585365,1436735,0.03551782387047087,7281154,0.017073639024390245,3500096,0.008817719727261458,723053,0.006206707165690069,254475,0.001723780277587771,14135
4,circuit,7,0000000101001000,"NOR-in(0,1)/NOR-in(1,1)/NOR-in(1,1)/NOR-out(1,0)|edges=0100001000010000",82,4,-0.13085481991596326,1.182927117787102e-05,97,0.0006926585703735888,28399,0.004626890243902439,379405,0.01084290715839648,2222796,0.07127099512195122,14610554,0.06720955041974513,5511183,0.05713475470403037,2342525,0.03917853180749612,321264
4,circuit,7,0000000101001000,"NOR-in(0,1)/NOR-in(1,1)/NOR-in(1,1)/NOT-in(1,0)|edges=0100001000010000",82,4,0.21541443664702503,0.10056843916303394,824661,0.11570951783948867,4744090,0.12053314634146342,9883718,0.08515872070499433,17457538,1.7073170731707317e-07,35,0.0,0,0.0,0,0.0,0
4,circuit,7,0000000101001000,"NOR-in(0,1)/NOR-in(1,1)/NOR-in(1,1)/NOT-mid(1,0)|edges=0010000101000000",82,3,0.01611645058103008,0.004106342464961577,33672,0.0076315125673908565,312892,0.011457536585365854,939518,0.02079398506155144,4262767,0.006851370731707317,1404531,0.004617317185788224,378620,0.0010150487557305183,41617,6.585365050565238e-05,540
4,circuit,7,0000000101001000,"NOR-in(0,1)/NOR-in(1,1)/NOR-in(1,1)/NOT-mid(1,0)|edges=0100001000010000",82,5,-0.036359268874779097,0.007386709118709541,60571,0.012304049380685335,504466,0.021670158536585365,1776953,0.05795441866408168,11880656,0.051031414634146344,10461440,0.03499835451215499,2869865,0.037442121037997045,1535127,0.03730901984036344,305934
4,circuit,7,0000000101001000,"NOR-in(0,1)/NOR-in(1,1)/NOR-in(1,1)/OUT-OR2(1,0)|edges=0100001000010000",82,1,-0.0819910212213533,0.0,0,1.4000000682926863e-05,574,0.00036679268292682924,30077,0.001079653642736776,221329,0.029788463414634148,6106635,0.03671151309052471,3010344,0.04029477950500538,1652086,0.05635096873768674,462078
4,circuit,7,0000000101001000,"NOR-in(0,1)/NOR-in(1,1)/NOR-mid(1,0)/NOT-in(1,1)|edges=0001001000000100",82,3,0.34066679073142075,0.17351662768698237,1422836,0.1878730823352723,7702796,0.16061040243902439,13170053,0.11163819836627027,22885831,0.0,0,0.0,0,0.0,0,0.0,0
4,circuit,7,0000000101001000,"NOR-in(0,1)/NOR-in(1,1)/NOR-mid(1,0)/NOT-in(1,1)|edges=0100000100000010",82,7,0.267735981923359,0.38297399584731606,3140386,0.22988198682351155,9425161,0.18553806097560976,15214121,0.1268712957043225,26008616,0.01935049756097561,3966852,0.016760402847814704,1374353,0.015161999630195131,621642,0.01308755937956593,107318
4,circuit,7,0000000101001000,"NOR-in(0,1)/NOR-in(1,1)/NOR-mid(1,1)/NOR-out(1,0)|edges=0100001000010000",82,40,0.12015663386286357,0.41037985619020884,3365114,0.3824019942635119,15678481,0.42063018292682924,34491675,0.438397886267348,89871568,0.5245506780487805,107532889,0.561418781985824,46036339,0.5594066448925209,22935673,0.5102618889924526,4184148
4,circuit,7,0000000101001000,"NOR-in(0,1)/NOR-in(1,1)/NOR-mid(1,1)/NOT-out(1,0)|edges=0100001000010000",82,1,-0.027469970916805184,1.0975612433076203e-06,9,0.0007788049160392642,31931,0.003234573170731707,265235,0.005649516990494873,1158151,0.016517219512195123,3386030,0.017229085786075262,1412785,0.017425828843272467,714459,0.01912024157070225,156786
4,circuit,7,0000000101001000,"NOR-in(0,1)/NOR-in(1,1)/NOR-mid(1,1)/OUT-OR2(1,0)|edges=0100001000010000",82,4,-0.049668119980684065,0.0039653668208211755,32516,0.05725244181719229,2347350,0.10227589024390243,8386623,0.10942442766695959,22432008,0.016551658536585367,3393090,0.011608597844112143,951905,0.009293731480640695,381043,0.00024609753096371573,2018
4,circuit,7,0000000101001000,"NOR-in(0,1)/NOR-in(1,1)/NOR-out(1,0)/NOT-mid(1,1)|edges=0100000100000010",82,9,-0.13562858949416132,0.004825610933075837,39570,0.013475025047562197,552476,0.029577414634146343,2425348,0.07734814520953934,15856370,0.12174523414634146,24957773,0.11504233207420322,9433471,0.1266129725216348,5191132,0.14003181219124242,1148261
4,circuit,7,0000000101001000,"NOR-in(0,1)/NOR-in(1,1)/NOR-out(1,1)/OUT-NOT(1,0)|edges=0100001000010000",82,5,0.16897942158689364,0.042220254200062,346206,0.04089485565340759,1676689,0.04368019512195122,3581776,0.06040768692086312,12383576,0.03754030243902439,7695762,0.027201012858561288,2230483,0.023968316488577647,982701,0.018202802658194798,149263
4,circuit,7,0000000101001000,"NOR-in(0,1)/NOR-in(1,1)/NOR-out(1,1)/OUT-OR2(1,0)|edges=0100001000010000",82,8,-0.19684200530933899,8.536587447948158e-07,7,0.000876658579349199,35943,0.009458012195121952,775557,0.032932467810744374,6751156,0.19322956585365852,39612061,0.21611639551503403,17721544,0.2094750680615837,8588478,0.2150465591406635,1763382
4,circuit,7,0000000101001000,"NOR-in(0,1)/NOR-in(1,1)/NOT-in(1,0)/NOT-in(1,1)|edges=0001001000000100",82,1,0.07699499351665132,0.04545732816032394,372750,0.04477668511105781,1835844,0.042011487804878046,3444942,0.032135038554121385,6587683,0.0016462878048780487,337489,0.0,0,0.0,0,0.0,0
4,circuit,7,0000000101001000,"NOR-in(0,1)/NOR-in(1,1)/NOT-in(1,0)/NOT-in(1,1)|edges=0100000100000010",82,1,0.08322879678026891,0.0533900130219544,437798,0.05003005122097811,2051232,0.044874829268292685,3679736,0.029557375177209144,6059262,0.0,0,0.0,0,0.0,0,0.0,0
4,circuit,7,0000000101001000,"NOR-in(0,1)/NOR-in(1,1)/NOT-in(1,1)/NOT-mid(1,0)|edges=0100001000010000",82,1,-0.11605156196587921,0.0,0,0.00015017073903271898,6157,0.000831890243902439,68215,0.015874911962806167,3254357,0.017669760975609756,3622301,0.01430607351966033,1173098,0.016041706925812027,657710,0.03193682537355788,261882
4,circuit,7,0000000101001000,"NOR-in(0,1)/NOR-in(1,1)/NOT-mid(1,1)/NOT-out(1,0)|edges=0100001000010000",82,3,0.03908820280294002,0.007574635993813657,62112,0.011776171306154697,482823,0.017651243902439023,1447402,0.035977062888140544,7375298,0.019184463414634145,3932815,0.0031491951987608585,258234,0.00065360974015586,26798,4.6341457763236854e-06,38
4,circuit,7,0000000101001000,"NOR-in(0,1)/NOR-mid(1,0)/NOT-in(1,1)/NOT-in(1,1)|edges=0001000001000010",82,1,0.03626039231171868,0.00010439026936348033,856,0.0004272927037703758,17519,0.0010081829268292683,82671,0.002153799968480976,441529,0.01572128292682927,3222863,0.016009000390463424,1312738,0.013554170401117794,555721,0.011258291309964474,92318
4,circuit,7,0000000101001000,"NOR-in(0,1)/NOR-mid(1,0)/NOT-in(1,1)/NOT-in(1,1)|edges=0010000000010100",82,1,0.0933558639558372,0.10182124434664497,834934,0.09681217545425246,3969299,0.06904406097560975,5661613,0.03614530678811746,7409788,0.0,0,0.0,0,0.0,0,0.0,0
4,circuit,7,0000000101001000,"NOR-in(0,1)/NOR-mid(1,1)/NOR-out(1,0)/NOT-in(1,1)|edges=0001001000000100",82,10,0.4036881613172904,0.6075650262353722,4982032,0.41232994694292424,16905527,0.3264638536585366,26770036,0.22960864542036127,47069773,0.022615678048780487,4636214,0.016760402847814704,1374353,0.015161999630195131,621642,0.01308755937956593,107318
4,circuit,7,0000000101001000,"NOR-in(0,1)/NOR-mid(1,1)/NOR-out(1,1)/OUT-NOT(1,0)|edges=0100001000010000",82,26,0.3691325995010248,0.7613731125300275,6243258,0.5473700023107319,22442169,0.4266775243902439,34987557,0.33151976588019855,67961553,0.1849583512195122,37916462,0.18666741918701021,15306728,0.17630226399262772,7228393,0.20602729194789124,1689424
4,circuit,7,0000000101001000,"NOR-in(0,1)/NOR-mid(1,1)/NOR-out(1,1)/OUT-OR2(1,0)|edges=0100001000010000",82,25,-0.2861145273095526,0.06169269797382877,505880,0.15484164169959228,6348507,0.20015184146341464,16412451,0.23745157213485504,48677573,0.4703694926829268,96425746,0.5065176465004304,41534446,0.520005255609628,21320216,0.483321892277818,3963240
4,circuit,7,0000000101001000,"NOR-in(0,1)/NOR-mid(1,1)/NOT-out(1,1)/OUT-OR2(1,0)|edges=0100001000010000",82,2,0.010704230452217831,0.002084390752290427,17092,0.008009317463869145,328382,0.013457914634146341,1103549,0.013463531510289783,2760024,0.03276536585365854,6716900,0.017229085786075262,1412785,0.017425828843272467,714459,0.01912024157070225,156786
4,circuit,7,0000000101001000,"NOR-in(0,1)/NOR-out(1,0)/NOT-in(1,1)/NOT-mid(1,1)|edges=0010000000010100",82,1,-0.11605156196587921,0.0,0,0.00015017073903271898,6157,0.000831890243902439,68215,0.015874911962806167,3254357,0.017669760975609756,3622301,0.01430607351966033,1173098,0.016041706925812027,657710,0.03193682537355788,261882
4,circuit,7,0000000101001000,"NOR-in(0,1)/NOR-out(1,1)/NOT-mid(1,1)/OUT-NOT(1,0)|edges=0010000101000000",82,3,0.10441103778371631,0.027525616469662555,225710,0.029363562407978654,1203906,0.032789658536585366,2688752,0.03704443848227651,7594110,0.00916709756097561,1879255,0.005423731839603215,444746,0.0018027804438346233,73914,0.0016346339469958601,13404
4,circuit,7,0000000101001000,"NOR-in(0,1)/NOR-out(1,1)/NOT-mid(1,1)/OUT-OR2(1,0)|edges=0010000101000000",82,9,-0.29853218600338804,0.0009115855881916069,7475,0.007202024741562183,295283,0.022644658536585364,1856862,0.0651951356312907,13365003,0.16517066829268293,33859987,0.16476065036001586,13510373,0.18181672727276274,7454486,0.20477034088166574,1679117
4,circuit,7,0000000101001000,"NOR-in(0,1)/NOT-mid(1,1)/NOT-out(1,1)/OUT-NOT(1,0)|edges=0100001000010000",82,2,-0.0020890156475707614,0.00666914796808487,54687,0.00803456136753958,329417,0.010096378048780488,827903,0.027018463019242003,5538785,0.004190360975609756,859024,0.0031490488572938746,258222,0.00065360974015586,26798,4.6341457763236854e-06,38
4,circuit,7,0000000101001000,"NOR-in(0,1)/NOT-mid(1,1)/NOT-out(1,1)/OUT-OR2(1,0)|edges=0100001000010000",82,1,0.09583050747532344,0.0009054880257287868,7425,0.003741609938615119,153406,0.007554865853658536,619499,0.00895859986889854,1836513,0.01499410243902439,3073791,1.4634146698393822e-07,12,0.0,0,0.0,0
4,circuit,7,0000000101001000,"NOR-in(1,0)/NOR-in(1,1)/NOR-in(1,1)/NOT-in(0,1)|edges=0000001010000100",82,2,0.0523868735801303,0.012076466360113747,99027,0.015077073906198727,618160,0.020005817073170732,1640477,0.0560275357654507,11485645,0.017871570731707316,3663672,0.01152817101288222,945310,0.00929368270015408,381041,0.00024609753096371573,2018
4,circuit,7,0000000101001000,"NOR-in(1,0)/NOR-in(1,1)/NOR-in(1,1)/NOT-in(0,1)|edges=0000100001000010",82,1,-0.002508927898010592,0.006478050360500088,53120,0.007532732074767418,308842,0.009035792682926829,740935,0.02428848744943677,4979140,0.0,0,0.0,0,0.0,0,0.0,0
4,circuit,7,0000000101001000,"NOR-in(1,0)/NOR-in(1,1)/NOT-in(0,1)/NOT-in(1,1)|edges=0000000101001000",82,2,0.2568987382435268,0.17913370222773226,1468896,0.13767127500835488,5644522,0.09891430487804878,8110973,0.0706023111619174,14473474,0.0016188926829268293,331873,0.0,0,0.0,0,0.0,0
4,circuit,7,0000000101001000,"NOR-in(1,0)/NOR-in(1,1)/NOT-in(0,1)/NOT-in(1,1)|edges=0000100000010100",82,2,-0.027774620958808602,0.000867683138459302,7115,0.012403342068455711,508537,0.025224646341463413,2068421,0.021657570414767263,4439802,0.017905965853658536,3670723,0.01601131746369067,1312928,0.013554170401117794,555721,0.011258291309964474,92318
4,circuit,7,0000000101001000,"NOR-in(1,1)/NOR-in(1,1)/NOR-mid(1,0)/NOT-in(0,1)|edges=0010100000000100",82,5,-0.04011147414310309,0.1091525875981921,895051,0.14173386057238344,5811088,0.15023858536585366,12319564,0.10735922769718204,22008642,0.020264443902439023,4154211,0.01075718318919959,882089,0.01017395097136705,417132,0.0,0
4,circuit,7,0000000101001000,"NOR-in(1,1)/NOR-in(1,1)/NOR-mid(1,0)/NOT-in(0,1)|edges=0100001000001000",82,9,0.11699983053267102,0.26729701641390646,2191835,0.1275932745167451,5231324,0.10753863414634146,8818168,0.09707805711593087,19901002,0.0877132,17981206,0.05863970874730997,4808456,0.04126009655463179,1691664,0.031980971709637596,262244
4,circuit,7,0000000101001000,"NOR-in(1,1)/NOR-in(1,1)/NOR-out(1,0)/NOT-in(0,1)|edges=0010100000000100",82,1,0.18456364133741268,0.03008793416778882,246721,0.025923342727967938,1062857,0.025066536585365853,2055456,0.022868067958028274,4687954,0.0016188926829268293,331873,0.0,0,0.0,0,0.0,0
4,circuit,7,0000000101001000,"NOR-in(1,1)/NOR-in(1,1)/NOR-out(1,0)/NOT-in(0,1)|edges=0100001000001000",82,1,-0.04767740178617326,0.0,0,0.0003713414815288528,15225,0.0032286585365853657,264750,0.006602951122883642,1353605,0.01779958048780488,3648914,0.01940075657075016,1590862,0.020655926325465212,846893,0.02525999691951257,207132
4,circuit,7,0000000101001000,"NOR-in(1,1)/NOR-in(1,1)/NOT-in(0,1)/NOT-in(1,0)|edges=0100000110000000",82,1,0.27879853944059335,0.2605149415890101,2136222,0.11247317621820371,4611400,0.074286,6091452,0.046941267605737545,9622960,0.0,0,0.0,0,0.0,0,0.0,0
4,circuit,7,0000000101001000,"NOR-in(1,1)/NOR-in(1,1)/NOT-in(0,1)/NOT-mid(1,0)|edges=0001100001000000",82,2,0.02831362563781308,0.003915244857376795,32105,0.007129683274618696,292317,0.010396951219512195,852550,0.0180640094917462,3703122,0.002661009756097561,545507,0.0014682683284943496,120398,0.0003614390155746582,14819,6.12195047293287e-05,502
4,circuit,7,0000000101001000,"NOR-in(1,1)/NOR-in(1,1)/NOT-in(0,1)/NOT-mid(1,0)|edges=0100000110000000",82,5,-0.030439100258671276,0.011266466162552722,92385,0.018595464321729968,762414,0.029240878048780488,2397752,0.07078857945187444,14511659,0.04270299512195122,8754114,0.025740073798538387,2110686,0.028216194433751354,1156864,0.027989386830562582,229513
4,circuit,7,0000000101001000,"NOR-in(1,1)/NOR-mid(1,0)/NOT-in(0,1)/NOT-in(1,1)|edges=0001000010000100",82,3,0.2579377582937257,0.2245910303880562,1841646,0.1824479601194127,7480366,0.14092579268292682,11555915,0.10273734971603879,21061157,0.003265180487804878,669362,0.0,0,0.0,0,0.0,0
4,circuit,7,0000000101001000,"NOR-in(1,1)/NOR-mid(1,1)/NOR-out(1,0)/NOT-in(0,1)|edges=0100001000001000",82,17,-0.15476276824748258,0.17997223901761927,1475772,0.22473137681616473,9213986,0.23667862195121953,19407647,0.24183417694876813,49576007,0.1806505756097561,37033368,0.18572598013965805,15229530,0.1926450440818282,7898447,0.22796033805361732,1869275
4,circuit,7,0000000101001000,"NOR-in(1,1)/NOR-mid(1,1)/NOT-in(0,1)/NOT-out(1,0)|edges=0100000110000000",82,1,0.07995051181148055,0.00208329319104712,17083,0.00723051254782988,296451,0.010223341463414633,838314,0.00781401451979491,1601873,0.016248146341463415,3330870,0.0,0,0.0,0,0.0,0
4,circuit,7,0000000101001000,"NOR-in(1,1)/NOR-mid(1,1)/NOT-in(0,1)/OUT-OR2(1,0)|edges=0100000110000000",82,2,-0.011223331408377819,0.0019029272933969007,15604,0.02255019622196079,924558,0.038147536585365856,3128098,0.05571705772121379,11421997,0.012422814634146342,2546677,0.01152817101288222,945310,0.00929368270015408,381041,0.00024609753096371573,2018
4,circuit,7,0000000101001000,"NOR-in(1,1)/NOR-out(1,0)/NOT-in(0,1)/NOT-in(1,1)|edges=0100000000011000",82,2,-0.0021389574501336343,0.02846464108893685,233410,0.06904010092878542,2830644,0.06548982926829268,5370166,0.03831115553690992,7853787,0.018143414634146343,3719400,0.016009000390463424,1312738,0.013554170401117794,555721,0.011258291309964474,92318
4,circuit,7,0000000101001000,"NOR-in(1,1)/NOR-out(1,0)/NOT-in(0,1)/NOT-mid(1,1)|edges=0001000010000100",82,4,-0.3386210101278489,2.804878732897252e-06,23,0.001420463483925048,58239,0.006520292682926829,534664,0.02691573619147703,5517726,0.09479695121951219,19433375,0.10691820992483439,8767293,0.11859548491230525,4862415,0.1462870553308469,1199554
4,circuit,7,0000000101001000,"NOR-in(1,1)/NOR-out(1,1)/NOT-in(0,1)/OUT-NOT(1,0)|edges=0100000110000000",82,4,0.04373692953163806,0.0056832940690961144,46603,0.009296756551061295,381167,0.01339029268292683,1098004,0.021128911885918363,4331427,0.038094926829268294,7809460,0.030629647088527976,2511631,0.023801828687760276,975875,0.017946949030859874,147165
4,circuit,7,0000000101001000,"NOR-in(1,1)/NOR-out(1,1)/NOT-in(0,1)/OUT-OR2(1,0)|edges=0100000110000000",82,4,-0.09988123026356618,0.02836098252706891,232560,0.06929878386823336,2841250,0.07106909756097561,5827666,0.05451768700705824,11176126,0.06227895121951219,12767185,0.06225852590874453,5105199,0.06403202282848725,2625313,0.10795084049379994,885197
4,circuit,7,0000000101001000,"NOR-in(1,1)/NOT-in(0,1)/NOT-in(1,0)/NOT-in(1,1)|edges=0010000100001000",82,1,0.17303352777561337,0.14904576805994343,1222175,0.11174793228038694,4581665,0.07384776829268293,6055517,0.04773424320388912,9785520,0.0,0,0.0,0,0.0,0,0.0,0
4,circuit,7,0000000101001000,"NOR-in(1,1)/NOT-in(0,1)/NOT-in(1,1)/NOT-mid(1,0)|edges=0001001010000000",82,1,-0.04062098613888259,0.02836025081957337,232554,0.06861280822501503,2813125,0.06448164634146342,5287495,0.036157355568428945,7412258,0.002422131707317073,496537,0.0,0,0.0,0,0.0,0
4,circuit,7,0000000101001000,"NOR-mid(1,1)/NOR-out(1,0)/NOT-in(0,1)/NOT-in(1,1)|edges=0100000000011000",82,4,0.10346574721992013,0.13789442387668874,1130734,0.16432498362560896,6737324,0.133936,10982752,0.09011984746166077,18474569,0.03196242926829268,6552298,0.037990683853431316,3115236,0.04307624285179895,1766126,0.08876023307802036,727834
4,circuit,7,0000000101001000,"NOR-mid(1,1)/NOR-out(1,1)/NOT-in(0,1)/OUT-NOT(1,0)|edges=0100000110000000",82,16,0.3888542787863207,0.7219205419318395,5919747,0.5263577573833053,21580667,0.41921090243902437,34375294,0.30957116132334883,63462089,0.0850771756097561,17440821,0.08337430691156845,6836693,0.07985533951572342,3274069,0.11607986389269953,951855
4,circuit,7,0000000101001000,"NOR-mid(1,1)/NOR-out(1,1)/NOT-in(0,1)/OUT-OR2(1,0)|edges=0100000110000000",82,6,0.023446765834280948,0.04737318228614202,388460,0.0962446388412019,3946030,0.10640286585365853,8725035,0.09472732544301475,19419102,0.09179056585365854,18817066,0.09346700227968298,7664294,0.09266470505695841,3799253,0.09635864678553088,790141
4,circuit,7,0000000101001000,"NOR-mid(1,1)/NOT-in(0,1)/NOT-out(1,1)/OUT-OR2(1,0)|edges=0010100000010000",82,1,0.07995051181148055,0.00208329319104712,17083,0.00723051254782988,296451,0.010223341463414633,838314,0.00781401451979491,1601873,0.016248146341463415,3330870,0.0,0,0.0,0,0.0,0
4,circuit,7,0000000101001000,"NOR-out(1,1)/NOT-in(0,1)/NOT-in(1,1)/OUT-OR2(1,0)|edges=0001001010000000",82,1,-0.33899546001180786,0.0,0,2.9317074600832907e-05,1202,0.0006810121951219512,55843,0.0017983755834384062,368667,0.025299560975609755,5186410,0.026464512840597875,2170090,0.023675731129860215,970705,0.019571217125461327,160484
4,circuit,7,0000000101001000,"NOR-out(1,1)/NOT-in(0,1)/NOT-mid(1,1)/OUT-OR2(1,0)|edges=0001001010000000",82,2,-0.3224454871492618,0.0,0,0.00017948781363355187,7359,0.0015129024390243902,124058,0.017673287546244573,3623024,0.04296932195121951,8808711,0.0407705863602582,3343188,0.039717438055672245,1628415,0.051508042499019205,422366
4,circuit,7,0000000101011000,"NOR-in(0,2)/NOR-in(1,1)/NOR-in(2,1)/NOR-mid(1,0)|edges=0110001000010000",82,4,0.15479231236109897,0.0004697562121356615,3852,0.0040649514178025085,166663,0.012766719512195122,1046871,0.019613341176390128,4020735,0.026775356097560977,5488948,0.021310024910000606,1747422,0.016492121548972644,676177,0.014557681151502298,119373
4,circuit,7,0000000101011000,"NOR-in(0,2)/NOR-in(1,1)/NOR-in(2,1)/NOT-in(1,0)|edges=0110001000010000",82,3,0.05709948772791715,0.023783054581232824,195021,0.023293976746047645,955053,0.02510479268292683,2058593,0.03779770188588729,7748529,0.024175848780487806,4956049,0.018261537030769198,1497446,0.01748304835407199,716805,0.03351023981582441,274784
4,circuit,7,0000000101011000,"NOR-in(0,2)/NOR-in(1,1)/NOR-mid(2,1)/NOR-out(1,0)|edges=0110001000010000",82,8,0.007462424586369134,0.1464973528042324,1201278,0.12721683547399198,5215890,0.10911573170731707,8947490,0.10397597896620518,21315076,0.08986926341463415,18423199,0.09585040477683913,7859733,0.09747509518353427,3996479,0.09403450072749991,771083
4,circuit,7,0000000101011000,"NOR-in(0,2)/NOR-in(1,1)/NOR-out(2,1)/OUT-OR2(1,0)|edges=0110001000010000",82,1,-0.11201277343324159,0.0,0,2.4390245092207077e-05,1000,0.00044969512195121953,36875,0.006053258448001096,1240918,0.02454850243902439,5032443,0.03189161053394172,2615112,0.03834068199169068,1571968,0.0797416975924759,653882
4,circuit,7,0000000101011000,"NOR-in(0,2)/NOR-in(2,1)/NOR-mid(1,0)/NOT-in(1,1)|edges=0101001000000100",82,1,-0.1015467629999924,0.0,0,0.0024228781669696667,99338,0.008505134146341464,697421,0.011152038861189675,2286168,0.021991034146341463,4508162,0.023538732281432495,1930176,0.02287324334455504,937803,0.011583413221534973,94984
4,circuit,7,0000000101011000,"NOR-in(0,2)/NOR-mid(1,1)/NOR-out(2,1)/OUT-NOT(1,0)|edges=0110001000010000",82,4,0.12397969938404345,0.042168181016629516,345779,0.040499026365806164,1660460,0.042590878048780485,3492452,0.055152735778252644,11306311,0.03158749268292683,6475436,0.022156927369681157,1816868,0.02194241409896551,899639,0.018038656336749226,147917
4,circuit,7,0000000101011000,"NOR-in(0,2)/NOR-mid(1,1)/NOR-out(2,1)/OUT-OR2(1,0)|edges=0110001000010000",82,4,-0.07933738506632887,8.536587447948158e-07,7,0.0008299756502427146,34029,0.007852365853658536,643894,0.02067901433152662,4239198,0.07617561463414634,15616001,0.07327109934807559,6008230,0.06205497409622014,2544254,0.04812365266784724,394614
4,circuit,7,0000000101011000,"NOR-in(0,2)/NOR-out(2,1)/NOT-mid(1,1)/OUT-OR2(1,0)|edges=0110000101000000",82,1,-0.04062098613888259,0.02836025081957337,232554,0.06861280822501503,2813125,0.06448164634146342,5287495,0.036157355568428945,7412258,0.002422131707317073,496537,0.0,0,0.0,0,0.0,0
4,circuit,7,0000000101011000,"NOR-in(1,0)/NOR-in(1,1)/NOR-in(2,1)/NOT-in(0,2)|edges=0000001010000110",82,2,0.02831362563781308,0.003915244857376795,32105,0.007129683274618696,292317,0.010396951219512195,852550,0.0180640094917462,3703122,0.002661009756097561,545507,0.0014682683284943496,120398,0.0003614390155746582,14819,6.12195047293287e-05,502
4,circuit,7,0000000101011000,"NOR-in(1,0)/NOR-in(2,1)/NOT-in(0,2)/NOT-in(1,1)|edges=0000100001010100",82,1,-0.0026143661315921932,0.005518903785098484,45255,0.008277829672089253,339391,0.010571426829268293,866857,0.01166639007317478,2391610,0.004745229268292683,972772,0.00022457317620910185,18415,0.0,0,0.0,0
4,circuit,7,0000000101011000,"NOR-in(1,1)/NOR-in(2,1)/NOT-in(0,2)/NOT-mid(1,0)|edges=0100000111000000",82,1,-0.07455180327054788,1.5853662403332294e-06,13,0.00013036586001784683,5345,0.0006438170731707317,52793,0.011868331533634173,2433008,0.024050658536585365,4930385,0.026272512835914946,2154346,0.02831980418732185,1161112,0.022797436244215093,186939
4,circuit,7,0000000101011000,"NOR-in(1,1)/NOR-mid(2,1)/NOR-out(1,0)/NOT-in(0,2)|edges=0100001000001100",82,2,0.19095071655122645,0.2508670124065884,2057109,0.2085601077346394,8550964,0.1428918292682927,11717130,0.08387954999200659,17195308,0.0,0,0.0,0,0.0,0,0.0,0
4,circuit,7,0000000101011000,"NOR-in(2,1)/NOR-out(1,0)/NOT-in(0,2)/NOT-in(1,1)|edges=0100000010011000",82,1,-0.0026143661315921932,0.005518903785098484,45255,0.008277829672089253,339391,0.010571426829268293,866857,0.01166639007317478,2391610,0.004745229268292683,972772,0.00022457317620910185,18415,0.0,0,0.0,0
4,circuit,7,0000000101011000,"NOR-mid(1,1)/NOR-out(2,1)/NOT-in(0,2)/OUT-OR2(1,0)|edges=0100000111000000",82,1,-0.33899546001180786,0.0,0,2.9317074600832907e-05,1202,0.0006810121951219512,55843,0.0017983755834384062,368667,0.025299560975609755,5186410,0.026464512840597875,2170090,0.023675731129860215,970705,0.019571217125461327,160484
4,circuit,7,0000000101011000,"NOR-mid(2,1)/NOR-out(1,0)/NOT-in(0,2)/NOT-in(1,1)|edges=0100000010011000",82,1,0.08322879678026891,0.0533900130219544,437798,0.05003005122097811,2051232,0.044874829268292685,3679736,0.029557375177209144,6059262,0.0,0,0.0,0,0.0,0,0.0,0
4,circuit,7,0000000110001000,"NOR-in(0,1)/NOR-in(0,1)/NOR-in(1,1)/NOR-in(2,0)|edges=0010000100010000",82,6,0.03900690973247105,0.004481586458923527,36749,0.010468780998477123,429220,0.019834060975609757,1626393,0.04443017008150971,9108185,0.03749267317073171,7685998,0.03985004975244024,3267704,0.04144351118430461,1699184,0.0325141423763241,266616
4,circuit,7,0000000110001000,"NOR-in(0,1)/NOR-in(0,1)/NOR-in(1,1)/NOR-mid(2,0)|edges=0001001000010000",82,4,0.20687425549451138,0.006314391783997996,51778,0.012945439655875106,530763,0.01995362195121951,1636197,0.02305500454065847,4726276,0.01969412195121951,4037295,0.0166602077234197,1366137,0.009152902215782873,375269,0.004024389753123201,33000
4,circuit,7,0000000110001000,"NOR-in(0,1)/NOR-in(0,1)/NOR-in(1,1)/NOR-mid(2,0)|edges=0010000100010000",82,7,0.039967387557089964,0.001253902744854328,10282,0.005875097847565749,240879,0.015434987804878049,1265669,0.030331106873203315,6217877,0.09253021463414635,18968694,0.09454530718403188,7752715,0.09516141231313628,3901618,0.08248096555110176,676344
4,circuit,7,0000000110001000,"NOR-in(0,1)/NOR-in(0,1)/NOR-mid(1,1)/NOR-out(2,0)|edges=0010000100010000",82,1,0.06539130757972525,0.0009557319404224245,7837,0.0029864147798251113,122443,0.0050826829268292685,416780,0.005378360896902036,1102564,0.005931551219512195,1215968,0.004205512297695422,344852,0.0008270243700725763,33908,0.0,0
4,circuit,7,0000000110001000,"NOR-in(0,1)/NOR-in(0,1)/NOR-mid(2,0)/NOT-in(1,1)|edges=0001001000000010",82,3,0.24411368973737074,0.2906060464892796,2382969,0.1386007628585738,5682631,0.10004789024390244,8203927,0.07119380383618823,14594730,0.014463131707317074,2964942,0.012804939336705838,1050005,0.013720658201935167,562547,0.011514144937299398,94416
4,circuit,7,0000000110001000,"NOR-in(0,1)/NOR-in(0,1)/NOR-mid(2,0)/NOT-in(1,1)|edges=0010000100000010",82,2,0.15475658650267057,0.09028770494822072,740359,0.08738849206773132,3582928,0.08075262195121952,6621715,0.05554301869937046,11386319,0.001646458536585366,337524,0.0,0,0.0,0,0.0,0
4,circuit,7,0000000110001000,"NOR-in(0,1)/NOR-in(0,1)/NOR-out(1,1)/OUT-OR2(2,0)|edges=0010000100010000",82,1,0.012938812502682587,2.5609762343844476e-06,21,0.0004690000228780499,19229,0.0019458048780487806,159556,0.0034899267781961936,715435,0.008328419512195121,1707326,0.009258280713616602,759179,0.009225926604245692,378263,0.009319633009800852,76421
4,circuit,7,0000000110001000,"NOR-in(0,1)/NOR-in(0,1)/NOR-out(2,0)/NOT-mid(1,1)|edges=0010000100000010",82,1,0.012938812502682587,2.5609762343844476e-06,21,0.0004690000228780499,19229,0.0019458048780487806,159556,0.0034899267781961936,715435,0.008328419512195121,1707326,0.009258280713616602,759179,0.009225926604245692,378263,0.009319633009800852,76421
4,circuit,7,0000000110001000,"NOR-in(0,1)/NOR-in(1,1)/NOR-in(2,0)/NOT-in(0,1)|edges=0010001000000100",82,4,-0.1469898103957743,3.353659354551062e-05,275,0.0013013171366496165,53354,0.007242780487804878,593908,0.02956027761619106,6059857,0.048169482926829266,9874744,0.04660895235631591,3821934,0.04923355977479123,2018576,0.05331060325480448,437147
4,circuit,7,0000000110001000,"NOR-in(0,1)/NOR-in(1,1)/NOR-in(2,0)/NOT-in(0,1)|edges=0100001000000010",82,7,-0.1147778740019633,0.0025152445159132967,20625,0.04326144113470445,1773719,0.0737409512195122,6046758,0.11015931058303448,22582659,0.0717518,14709119,0.07362269691762675,6037061,0.07777172981044561,3188641,0.11752730274057284,963724
4,circuit,7,0000000110001000,"NOR-in(0,1)/NOR-in(1,1)/NOR-mid(2,0)/NOT-in(0,1)|edges=0010001000000100",82,7,-0.2133840096129442,0.0002608537221594444,2139,0.0035279757818524773,144647,0.015435195121951219,1265686,0.06114917471489013,12535581,0.10516415609756098,21558652,0.11006003926975705,9024923,0.10911958270440042,4473903,0.10758023078289869,882158
4,circuit,7,0000000110001000,"NOR-in(0,1)/NOR-in(1,1)/NOR-mid(2,0)/NOT-in(0,1)|edges=0100001000000010",82,10,0.2828266682591299,0.3993203412976442,3274426,0.28414950166582936,11650129,0.24323420731707318,19945205,0.1981335678321917,40617382,0.06812865365853658,13966374,0.06675485528670379,5473898,0.05956377903502978,2442115,0.04414682388453367,362004
4,circuit,7,0000000110001000,"NOR-in(0,1)/NOR-in(1,1)/NOR-out(0,1)/OUT-OR2(2,0)|edges=0100000100010000",82,4,-0.01321954322308432,1.890244363474235e-05,155,0.0020306830258869767,83258,0.009000365853658536,738030,0.025329809385417422,5192611,0.09237624390243902,18937130,0.11646864918216218,9550429,0.13052233827994297,5351416,0.1482827867947821,1215919
4,circuit,7,0000000110001000,"NOR-in(0,1)/NOR-in(2,0)/NOT-in(0,1)/NOT-in(1,1)|edges=0001000001000100",82,1,0.15201200309217586,0.025436469618651127,208579,0.059531905343019775,2440808,0.05613396341463415,4602985,0.03457308242088172,7087482,0.0,0,0.0,0,0.0,0,0.0,0
4,circuit,7,0000000110001000,"NOR-in(0,1)/NOR-in(2,0)/NOT-in(0,1)/NOT-in(1,1)|edges=0100000000010100",82,1,-0.07503955926460132,0.0007632928690958217,6259,0.011976049364685335,491018,0.024216463414634147,1985750,0.019503770446286286,3998273,0.002184682926829268,447860,2.3170732272456885e-06,190,0.0,0,0.0,0
4,circuit,7,0000000110001000,"NOR-in(0,1)/NOR-mid(0,1)/NOR-mid(1,1)/NOR-out(2,0)|edges=0010000100010000",82,17,-0.14548697687888792,0.0012552442085961484,10293,0.009543049246002402,391265,0.030078939024390242,2466473,0.06924671605980416,14195577,0.27308248780487804,55981910,0.29071661684674677,23838762,0.28611284668017445,11730627,0.3078355722151741,2524252
4,circuit,7,0000000110001000,"NOR-in(0,1)/NOR-mid(0,1)/NOR-out(1,1)/OUT-OR2(2,0)|edges=0001001000010000",82,5,0.09026496647794248,0.03595927706323831,294866,0.06868995457024168,2816288,0.07170274390243903,5879625,0.07411029647643469,15192611,0.09237624390243902,18937130,0.11646864918216218,9550429,0.13052233827994297,5351416,0.1482827867947821,1215919
4,circuit,7,0000000110001000,"NOR-in(0,1)/NOR-mid(0,1)/NOR-out(2,0)/NOT-mid(1,1)|edges=0001001000000010",82,3,-0.055993684024093805,0.02361171307602758,193616,0.023951488973243364,982011,0.028394560975609755,2328354,0.02762637520546768,5663407,0.04854036097560976,9950774,0.05211885492972817,4273746,0.053643315764797174,2199376,0.04801718926619643,393741
4,circuit,7,0000000110001000,"NOR-in(0,1)/NOR-mid(1,1)/NOR-out(2,0)/NOT-in(0,1)|edges=0010001000000100",82,3,0.15898282131252808,0.14367771797017512,1178157,0.13741854328870942,5634160,0.1256274512195122,10301451,0.0851003938765796,17445581,0.001646458536585366,337524,0.0,0,0.0,0,0.0,0
4,circuit,7,0000000110001000,"NOR-in(0,1)/NOR-mid(1,1)/NOR-out(2,0)/NOT-mid(0,1)|edges=0100001000000010",82,3,-0.24959529579257636,0.0,0,0.000279731720962523,11469,0.0026764146341463416,219466,0.006867351119014374,1407807,0.07810019512195122,16010540,0.08879624606820112,7281292,0.09213236360652771,3777427,0.07677608819803802,629564
4,circuit,7,0000000110001000,"NOR-in(0,1)/NOR-mid(2,0)/NOT-in(0,1)/NOT-in(1,1)|edges=0100000000010100",82,2,0.177466416805938,0.036044764888967046,295567,0.06708656424812509,2750549,0.06371056097560976,5224266,0.05093428705949824,10441529,0.01572128292682927,3222863,0.016009000390463424,1312738,0.013554170401117794,555721,0.011258291309964474,92318
4,circuit,7,0000000110001000,"NOR-in(0,1)/NOR-out(0,1)/NOR-out(1,1)/OUT-OR2(2,0)|edges=0010000100010000",82,11,-0.2716300233721902,9.75609994051218e-07,8,0.002166878154481861,88842,0.015981280487804877,1310465,0.05394043823501798,11057790,0.25841952195121953,52976002,0.2945236657200894,24150940,0.29278474895646955,12004175,0.27703899060500115,2271720
4,circuit,7,0000000110001000,"NOR-in(0,1)/NOR-out(1,1)/NOT-mid(0,1)/OUT-OR2(2,0)|edges=0001000101000000",82,4,-0.19031277503710897,3.1707324806664587e-06,26,0.0011490976170291521,47113,0.0059489024390243905,487810,0.026371633760415115,5406185,0.06037816097560975,12377523,0.06054085513514281,4964350,0.06453092525534329,2645768,0.05684645648213945,466141
4,circuit,7,0000000110001000,"NOR-in(0,1)/NOR-out(1,1)/NOT-out(0,1)/OUT-OR2(2,0)|edges=0100000100010000",82,2,-0.04764637193968041,0.02836134838081668,232563,0.0693916131410543,2845056,0.06771621951219513,5552730,0.04180687255892382,8570409,0.018939351219512197,3882567,0.017229085786075262,1412785,0.017425828843272467,714459,0.01912024157070225,156786
4,circuit,7,0000000110001000,"NOR-in(0,1)/NOR-out(2,0)/NOT-mid(0,1)/NOT-mid(1,1)|edges=0001000001000100",82,1,-0.24405439436942875,0.0,0,0.00014931708045449172,6122,0.0009523414634146341,78092,0.0018785219237289475,385097,0.02339447317073171,4795867,0.025867281118714173,2121117,0.029142340752625836,1194836,0.03953023908167816,324148
4,circuit,7,0000000110001000,"NOR-in(1,1)/NOR-in(2,0)/NOT-in(0,1)/NOT-in(0,1)|edges=0100000001001000",82,1,-0.0026143661315921932,0.005518903785098484,45255,0.008277829672089253,339391,0.010571426829268293,866857,0.01166639007317478,2391610,0.004745229268292683,972772,0.00022457317620910185,18415,0.0,0,0.0,0
4,circuit,7,0000000110001000,"NOR-in(1,1)/NOR-in(2,0)/NOT-in(0,1)/NOT-in(0,1)|edges=0100000010000100",82,2,-0.06167777635511767,0.006488416216686882,53205,0.008587415053044637,352084,0.013241365853658536,1085792,0.030856301987468752,6325542,0.0161356,3307798,0.010676756357969667,875494,0.010173902190880435,417130,0.0,0
4,circuit,7,0000000110001000,"NOR-in(1,1)/NOR-mid(0,1)/NOR-out(2,0)/NOT-in(0,1)|edges=0010001000001000",82,2,0.0545596273126565,0.005570976968530968,45682,0.00867365895969068,355620,0.011660743902439024,956181,0.01692134121578525,3468875,0.010698039024390244,2193098,0.005268658665089236,432030,0.002025902389612137,83062,0.00016414632144557054,1346
4,circuit,7,0000000110001000,"NOR-in(1,1)/NOR-mid(2,0)/NOT-in(0,1)/NOT-in(0,1)|edges=0100000010000100",82,1,0.07995051181148055,0.00208329319104712,17083,0.00723051254782988,296451,0.010223341463414633,838314,0.00781401451979491,1601873,0.016248146341463415,3330870,0.0,0,0.0,0,0.0,0
4,circuit,7,0000000110001000,"NOR-in(1,1)/NOR-out(0,1)/NOT-in(0,1)/OUT-OR2(2,0)|edges=0001000110000000",82,1,-0.16805655721347387,0.0,0,0.00011939024972635364,4895,0.0008694024390243902,71291,0.0016643024146687452,341182,0.024340848780487805,4989874,0.025542646964454803,2094497,0.02708880421734624,1110641,0.01953743664177602,160207
4,circuit,7,0000000110001000,"NOR-in(2,0)/NOT-in(0,1)/NOT-in(0,1)/NOT-in(1,1)|edges=0000000110001000",82,1,-0.04062098613888259,0.02836025081957337,232554,0.06861280822501503,2813125,0.06448164634146342,5287495,0.036157355568428945,7412258,0.002422131707317073,496537,0.0,0,0.0,0,0.0,0
4,circuit,7,0000000110001000,"NOR-mid(0,1)/NOR-mid(1,1)/NOR-out(2,0)/NOT-in(0,1)|edges=0010001000000100",82,6,-0.005502759742137097,0.011793417510589637,96706,0.031035538099294543,1272457,0.04539343902439024,3722262,0.05023154072831892,10297466,0.09060083414634146,18573171,0.09590112429027133,7863892,0.09379872941954319,3845748,0.14851778676612357,1217846
4,circuit,7,0000000110001000,"NOR-mid(0,1)/NOR-out(0,1)/NOR-out(1,1)/OUT-OR2(2,0)|edges=0010000100010000",82,22,-0.39306777200524307,0.036882082166361504,302433,0.09602259004988244,3936926,0.13943576829268292,11433733,0.17748420228071898,36384262,0.43115078536585366,88385911,0.453541998866878,37190443,0.43674035520145477,17906355,0.35211154242542164,2887315
4,circuit,7,0000000110001000,"NOR-mid(0,1)/NOR-out(0,1)/NOT-out(1,1)/OUT-OR2(2,0)|edges=0010000100010000",82,2,0.03649848995960896,0.002084390752290427,17092,0.008009317463869145,328382,0.013457914634146341,1103549,0.013463531510289783,2760024,0.03276536585365854,6716900,0.017229085786075262,1412785,0.017425828843272467,714459,0.01912024157070225,156786
4,circuit,7,0000000110001000,"NOR-mid(0,1)/NOR-out(1,1)/NOT-out(0,1)/OUT-OR2(2,0)|edges=0100000100010000",82,1,-0.08100346144268694,0.00026780494336705934,2196,0.01897390336458065,777930,0.030114134146341464,2469359,0.024203072816540397,4961630,0.0,0,0.0,0,0.0,0,0.0,0
4,circuit,7,0000000110001000,"NOR-mid(1,1)/NOR-out(2,0)/NOT-in(0,1)/NOT-mid(0,1)|edges=0100000010000100",82,3,-0.037153526954359466,0.023610493563535017,193606,0.023396415775434914,959253,0.027286939024390243,2237529,0.027512706914448192,5640105,0.04898727804878049,10042392,0.052126245173810856,4274352,0.05144648655008569,2109306,0.04114828766484297,337416
4,circuit,7,0000000110001000,"NOR-out(0,1)/NOR-out(1,1)/NOT-in(0,1)/OUT-OR2(2,0)|edges=0001000101000000",82,1,-0.33899546001180786,0.0,0,2.9317074600832907e-05,1202,0.0006810121951219512,55843,0.0017983755834384062,368667,0.025299560975609755,5186410,0.026464512840597875,2170090,0.023675731129860215,970705,0.019571217125461327,160484
4,circuit,7,0000000110001000,"NOR-out(0,1)/NOR-out(1,1)/NOT-mid(0,1)/OUT-OR2(2,0)|edges=0001000101000000",82,11,-0.4853197701854996,0.011417929614129175,93627,0.03240700158082935,1328687,0.05662013414634146,4642851,0.0959239059133087,19664401,0.2435153219512195,49920641,0.26548932354852006,21770124,0.27490692012422147,11271184,0.28972959881346355,2375783
4,circuit,7,0000000110001000,"NOR-out(1,1)/NOT-mid(0,1)/NOT-out(0,1)/OUT-OR2(2,0)|edges=0001100000010000",82,2,0.02983225123279451,0.03044354401062049,249637,0.07584332077284492,3109576,0.07470498780487805,6125809,0.043971370088223855,9014131,0.01867027804878049,3827407,0.0,0,0.0,0,0.0,0
4,circuit,7,0000000110001010,"NOR-in(0,1)/NOR-in(1,1)/NOR-in(1,2)/NOR-in(2,0)|edges=0010000101010000",82,5,0.1263158578795055,0.00028792689949436574,2361,0.0021759757159012546,89215,0.00875690243902439,718066,0.031096106862008192,6374702,0.06019671219512195,12340326,0.07331784325165472,6012063,0.07335324211333556,3007483,0.06251974847320141,512662
4,circuit,7,0000000110001010,"NOR-in(0,1)/NOR-in(1,1)/NOR-in(1,2)/NOR-mid(2,0)|edges=0010000101010000",82,4,-0.03213804400696743,0.00027292689583582826,2238,0.019703098522102367,807827,0.03629093902439024,2975857,0.03972631161376129,8143894,0.043288775609756094,8874199,0.04195912297461275,3440648,0.03542721864811662,1452516,0.029536459812626852,242199
4,circuit,7,0000000110001010,"NOR-in(0,1)/NOR-in(1,1)/NOR-in(1,2)/NOR-out(2,0)|edges=0010000101010000",82,1,-0.11201277343324159,0.0,0,2.4390245092207077e-05,1000,0.00044969512195121953,36875,0.006053258448001096,1240918,0.02454850243902439,5032443,0.03189161053394172,2615112,0.03834068199169068,1571968,0.0797416975924759,653882
4,circuit,7,0000000110001010,"NOR-in(0,1)/NOR-in(1,1)/NOR-mid(2,0)/NOT-in(1,2)|edges=0001001000000110",82,1,0.17303352777561337,0.14904576805994343,1222175,0.11174793228038694,4581665,0.07384776829268293,6055517,0.04773424320388912,9785520,0.0,0,0.0,0,0.0,0,0.0,0
4,circuit,7,0000000110001010,"NOR-in(0,1)/NOR-in(1,2)/NOR-mid(1,1)/NOR-out(2,0)|edges=0100001100010000",82,7,0.009714433803328587,0.042168302967878775,345780,0.041038758099451615,1682589,0.04753414634146341,3897800,0.07012762824203471,14376164,0.09025437073170732,18502146,0.0844618679137041,6925873,0.0789619736838543,3237441,0.063213163022785,518348
4,circuit,7,0000000110001010,"NOR-in(0,1)/NOR-mid(1,2)/NOR-out(1,1)/OUT-OR2(2,0)|edges=0100001100010000",82,4,-0.0662757985567527,0.0039653668208211755,32516,0.05725244181719229,2347350,0.10227589024390243,8386623,0.10942442766695959,22432008,0.016551658536585367,3393090,0.011608597844112143,951905,0.009293731480640695,381043,0.00024609753096371573,2018
4,circuit,7,0000000110001010,"NOR-in(0,1)/NOR-mid(2,0)/NOT-in(1,1)/NOT-in(1,2)|edges=0001000001000110",82,1,0.08322879678026891,0.0533900130219544,437798,0.05003005122097811,2051232,0.044874829268292685,3679736,0.029557375177209144,6059262,0.0,0,0.0,0,0.0,0,0.0,0
4,circuit,7,0000000110001010,"NOR-in(1,1)/NOR-in(1,2)/NOR-in(2,0)/NOT-in(0,1)|edges=0010101000000100",82,2,0.08636911448465147,6.560977209994442e-05,538,0.0019415122898298678,79602,0.008115682926829269,665486,0.01312463395427365,2690550,0.021020258536585366,4309153,0.01426571986013951,1169789,0.008861121735094592,363306,0.0012069510723230399,9897
4,circuit,7,0000000110001010,"NOR-in(1,1)/NOR-in(1,2)/NOR-mid(2,0)/NOT-in(0,1)|edges=0010101000000100",82,3,0.021867518881052213,0.1462251576158921,1199046,0.10764188329960406,4413317,0.07344480487804877,6022474,0.054780428466627874,11229988,0.02244467317073171,4601158,0.02154678101333612,1766836,0.022611755546054744,927082,0.03282255697285891,269145
4,circuit,7,0000000110001010,"NOR-in(1,1)/NOR-mid(2,0)/NOT-in(0,1)/NOT-in(1,2)|edges=0100000000011100",82,1,0.0933558639558372,0.10182124434664497,834934,0.09681217545425246,3969299,0.06904406097560975,5661613,0.03614530678811746,7409788,0.0,0,0.0,0,0.0,0,0.0,0
4,circuit,7,0000000110001010,"NOR-in(1,2)/NOR-mid(1,1)/NOR-out(2,0)/NOT-in(0,1)|edges=0110001000001000",82,2,-0.04646319367654226,8.65853869720456e-06,71,0.00048604880419750264,19928,0.0036304634146341465,297698,0.0077578925693966945,1590368,0.029184341463414636,5982790,0.02031814683702797,1666088,0.013257170408361697,543544,0.009473657381261295,77684
4,circuit,7,0000000110001010,"NOR-in(1,2)/NOR-out(2,0)/NOT-in(0,1)/NOT-mid(1,1)|edges=0101000010000100",82,1,-0.04062098613888259,0.02836025081957337,232554,0.06861280822501503,2813125,0.06448164634146342,5287495,0.036157355568428945,7412258,0.002422131707317073,496537,0.0,0,0.0,0,0.0,0
4,circuit,7,0000000110001010,"NOR-mid(1,1)/NOR-out(2,0)/NOT-in(0,1)/NOT-in(1,2)|edges=0100000000011100",82,1,-0.33899546001180786,0.0,0,2.9317074600832907e-05,1202,0.0006810121951219512,55843,0.0017983755834384062,368667,0.025299560975609755,5186410,0.026464512840597875,2170090,0.023675731129860215,970705,0.019571217125461327,160484
4,circuit,7,0000000110011000,"NOR-in(0,1)/NOR-in(0,2)/NOR-in(2,0)/NOR-in(2,1)|edges=0001001100000010",82,2,0.029309675236617982,4.390244973230481e-06,36,0.0004389512409244508,17997,0.0032677073170731706,267952,0.009819116929476337,2012919,0.025780039024390244,5284908,0.030992964170560102,2541423,0.030391804136785265,1246064,0.026587313830815387,218016
4,circuit,7,0000000110011000,"NOR-in(0,1)/NOR-in(0,2)/NOR-in(2,1)/NOR-mid(2,0)|edges=0010001100010000",82,1,-0.04767740178617326,0.0,0,0.0003713414815288528,15225,0.0032286585365853657,264750,0.006602951122883642,1353605,0.01779958048780488,3648914,0.01940075657075016,1590862,0.020655926325465212,846893,0.02525999691951257,207132
4,circuit,7,0000000110011000,"NOR-in(0,1)/NOR-in(0,2)/NOR-mid(2,1)/NOR-out(2,0)|edges=0010001100010000",82,1,-0.043775225490238344,7.926831201666147e-06,65,0.00019580488760023842,8028,0.0007213658536585366,59152,0.002053770701652136,421023,0.01167560487804878,2393499,0.009351988032975317,766863,0.008221755897030345,337092,0.006524511399449829,53501
4,circuit,7,0000000110011000,"NOR-in(0,1)/NOR-in(2,1)/NOR-mid(2,0)/NOT-in(0,2)|edges=0100001000000110",82,1,0.0933558639558372,0.10182124434664497,834934,0.09681217545425246,3969299,0.06904406097560975,5661613,0.03614530678811746,7409788,0.0,0,0.0,0,0.0,0,0.0,0
4,circuit,7,0000000110011000,"NOR-in(0,2)/NOR-in(2,1)/NOR-mid(2,0)/NOT-in(0,1)|edges=0110001000000100",82,2,-0.0730037030456386,0.00026853665086259775,2202,0.019264147281177917,789830,0.03302323170731707,2707905,0.029907194684284957,6130975,0.017508736585365853,3589291,0.010966158804052654,899225,0.005035414511331353,206452,0.0029491459818114657,24183
4,circuit,7,0000000110011000,"NOR-in(0,2)/NOR-in(2,1)/NOR-out(2,0)/NOT-in(0,1)|edges=0110001000000100",82,1,-0.11201277343324159,0.0,0,2.4390245092207077e-05,1000,0.00044969512195121953,36875,0.006053258448001096,1240918,0.02454850243902439,5032443,0.03189161053394172,2615112,0.03834068199169068,1571968,0.0797416975924759,653882
4,circuit,7,0000000110011000,"NOR-in(0,2)/NOR-mid(2,1)/NOR-out(2,0)/NOT-in(0,1)|edges=0110001000000100",82,3,0.1682066654901124,0.04216025418542785,345714,0.040303221478205926,1652432,0.04186951219512195,3433300,0.05309896507660051,10885288,0.01991188780487805,4081937,0.012804939336705838,1050005,0.013720658201935167,562547,0.011514144937299398,94416
4,circuit,7,0000000110011000,"NOR-mid(0,1)/NOR-mid(0,2)/NOR-out(2,1)/OUT-OR2(2,0)|edges=0010001100010000",82,1,-0.04101342167043657,0.0,0,6.117073469125536e-05,2508,0.0006253658536585366,51280,0.003005336541385319,616094,0.013985278048780489,2866982,0.003426634229917908,280984,0.0013008292365651406,53334,0.0017804875877454162,14600
4,circuit,7,0000000111001000,"NOR-in(0,2)/NOR-in(1,1)/NOR-in(1,1)/NOR-in(2,0)|edges=0101001000010000",82,1,-0.13269838516746774,0.0,0,9.602439492801927e-05,3937,0.0007491829268292683,61433,0.013912409552501323,2852044,0.017500536585365854,3587610,0.013801524726866457,1131725,0.01534936547928377,629324,0.026018289509964695,213350
4,circuit,7,0000000111001000,"NOR-in(0,2)/NOR-in(1,1)/NOR-in(1,1)/NOR-mid(2,0)|edges=0101001000010000",82,5,-0.06010438879692344,6.048781963117552e-05,496,0.0021616342517870365,88627,0.009297146341463414,762366,0.04714417004179263,9664555,0.0734266243902439,15052458,0.06911958705169724,5667806,0.0683869251612945,2803864,0.10105267060333285,828632
4,circuit,7,0000000111001000,"NOR-in(0,2)/NOR-in(1,1)/NOR-in(2,0)/NOT-in(1,1)|edges=0110000100000010",82,1,0.12569803973548566,0.0018956102184415167,15544,0.02164875715359791,887599,0.034249341463414636,2808446,0.028535950801912915,5849870,0.0,0,0.0,0,0.0,0,0.0,0
4,circuit,7,0000000111001000,"NOR-in(0,2)/NOR-in(1,1)/NOR-mid(1,1)/NOR-out(2,0)|edges=0101001000010000",82,6,0.18821170591258748,0.0969188041265376,794734,0.09947585851101749,4078510,0.09850423170731708,8077347,0.07999652078053872,16399287,0.03399733170731707,6969453,0.025483171353248082,2089620,0.01640709716080251,672691,0.011422437631410045,93664
4,circuit,7,0000000111001000,"NOR-in(0,2)/NOR-mid(1,1)/NOR-out(1,1)/OUT-OR2(2,0)|edges=0101001000010000",82,3,-0.13996757320971162,1.7682931142178327e-05,145,0.001308219576010711,53637,0.004597609756097561,377004,0.007094521847397241,1454377,0.07384653658536586,15138540,0.08631209966614878,7077592,0.09597807082980316,3935101,0.11852693676500771,971921
4,circuit,7,0000000111001000,"NOR-in(1,1)/NOR-in(1,1)/NOR-in(2,0)/NOT-in(0,2)|edges=0100001000001010",82,1,-0.02148634554575168,7.317074955384135e-07,6,0.0002902439165972642,11900,0.00290909756097561,238546,0.005704121867744558,1169345,0.017508736585365853,3589291,0.010966158804052654,899225,0.005035414511331353,206452,0.0029491459818114657,24183
4,circuit,7,0000000111001000,"NOR-in(1,1)/NOR-in(1,1)/NOR-mid(2,0)/NOT-in(0,2)|edges=0010100000000110",82,1,0.18456364133741268,0.03008793416778882,246721,0.025923342727967938,1062857,0.025066536585365853,2055456,0.022868067958028274,4687954,0.0016188926829268293,331873,0.0,0,0.0,0,0.0,0
4,circuit,7,0000000111001000,"NOR-in(1,1)/NOR-in(1,1)/NOR-mid(2,0)/NOT-in(0,2)|edges=0100001000001010",82,1,0.03626039231171868,0.00010439026936348033,856,0.0004272927037703758,17519,0.0010081829268292683,82671,0.002153799968480976,441529,0.01572128292682927,3222863,0.016009000390463424,1312738,0.013554170401117794,555721,0.011258291309964474,92318
4,circuit,7,0000000111001000,"NOR-in(1,1)/NOR-in(2,0)/NOT-in(0,2)/NOT-in(1,1)|edges=0001000011000100",82,1,-0.07246679101587548,0.0012991466583284533,10653,0.02272619623054616,931774,0.03991189024390244,3272775,0.03420359949945952,7011738,0.001944160975609756,398553,7.810975800267702e-05,6405,4.8780486615110085e-08,2,0.0,0
4,circuit,7,0000000111011000,"NOR-in(0,3)/NOR-in(1,1)/NOR-in(2,1)/NOR-mid(2,0)|edges=0111001000010000",82,1,0.06111840854888855,4.390244973230481e-06,36,0.00020241464402022654,8299,0.0007178780487804878,58866,0.001576878025704224,323260,0.005133248780487805,1052316,0.00500803670751309,410659,0.005182146215069605,212468,0.008714267229967411,71457
4,circuit,7,0000001110001000,"NOR-in(0,2)/NOR-in(1,1)/NOR-in(1,1)/NOR-in(2,0)|edges=0110000100010000",82,6,0.03349890412362024,0.00019682931629983323,1614,0.0017144878885116044,70294,0.008765231707317073,718749,0.032578384889096805,6678569,0.09306146341463414,19077600,0.10676046601854795,8754358,0.1038324608821351,4257131,0.07792669781381734,638999
4,circuit,7,0000001110001000,"NOR-in(0,2)/NOR-in(1,1)/NOR-in(1,1)/NOR-mid(2,0)|edges=0110000100010000",82,6,-0.09594031764219985,1.890244363474235e-05,155,0.00181643911299703,74474,0.007606487804878049,623732,0.023287765512861967,4773992,0.1642349024390244,33668155,0.2014374073521319,16517867,0.21439209233190018,8790076,0.2175909490742745,1784246
4,circuit,7,0000001110001000,"NOR-in(0,2)/NOR-in(1,1)/NOR-mid(1,1)/NOR-out(2,0)|edges=0110000100010000",82,1,0.12477277427451308,5.207318343248376e-05,427,0.00039582928760142867,16229,0.0010893170731707316,89324,0.005254951142610471,1077265,0.005952809756097561,1220326,0.005044085488880134,413615,0.002025902389612137,83062,0.00016414632144557054,1346
4,circuit,7,0000001110001000,"NOR-in(0,2)/NOR-in(1,1)/NOR-mid(2,0)/NOT-in(1,1)|edges=0101001000000010",82,1,0.07687864844894327,0.0001726829689470656,1416,0.0009099268736549695,37307,0.0018801951219512196,154176,0.0029423609325508154,603184,0.0,0,0.0,0,0.0,0,0.0,0
4,circuit,7,0000001110001000,"NOR-in(0,2)/NOR-mid(1,1)/NOR-mid(1,1)/NOR-out(2,0)|edges=0110000100010000",82,2,0.09526076318287215,0.00015865857528257933,1301,0.0015445854411992898,63328,0.003886890243902439,318725,0.016288029029931282,3339046,0.030040043902439025,6158209,0.03160669589284624,2591749,0.03456773086420169,1417277,0.03181743514421523,260903
4,circuit,7,0000001110001000,"NOR-in(1,1)/NOR-in(1,1)/NOR-in(2,0)/NOT-in(0,2)|edges=0010001000001100",82,1,0.06161169928237492,0.003882318020077566,31835,0.0067604149639226814,277177,0.009516524390243902,780355,0.01632408756598896,3346438,0.0,0,0.0,0,0.0,0,0.0,0
4,circuit,7,0000001110001000,"NOR-in(1,1)/NOR-in(2,0)/NOT-in(0,2)/NOT-in(1,1)|edges=0100000010010100",82,1,0.0933558639558372,0.10182124434664497,834934,0.09681217545425246,3969299,0.06904406097560975,5661613,0.03614530678811746,7409788,0.0,0,0.0,0,0.0,0,0.0,0
4,circuit,7,0000001110001000,"NOR-in(1,1)/NOR-mid(1,1)/NOR-out(2,0)/NOT-in(0,2)|edges=0010001000001100",82,1,0.03626039231171868,0.00010439026936348033,856,0.0004272927037703758,17519,0.0010081829268292683,82671,0.002153799968480976,441529,0.01572128292682927,3222863,0.016009000390463424,1312738,0.013554170401117794,555721,0.011258291309964474,92318
4,circuit,7,0000001110001000,"NOR-mid(0,2)/NOR-out(1,1)/NOR-out(1,1)/OUT-OR2(2,0)|edges=0110000100010000",82,4,0.012351604849040129,0.01141500278414702,93603,0.02780900135653665,1140169,0.03990321951219512,3272064,0.05284028215355684,10832258,0.07049858536585366,14452210,0.07401068473196792,6068876,0.07326072992047,3003690,0.05424243240945946,444788
4,circuit,7,0000001110001000,"NOR-out(1,1)/NOT-mid(0,2)/NOT-out(1,1)/OUT-OR2(2,0)|edges=0001101000010000",82,1,0.09583050747532344,0.0009054880257287868,7425,0.003741609938615119,153406,0.007554865853658536,619499,0.00895859986889854,1836513,0.01499410243902439,3073791,1.4634146698393822e-07,12,0.0,0,0.0,0
4,circuit,7,0000001110001010,"NOR-in(0,2)/NOR-in(1,2)/NOR-in(2,0)/NOR-in(2,1)|edges=0101001100000010",82,1,0.07687864844894327,0.0001726829689470656,1416,0.0009099268736549695,37307,0.0018801951219512196,154176,0.0029423609325508154,603184,0.0,0,0.0,0,0.0,0,0.0,0
4,circuit,7,0000001110001010,"NOR-in(0,2)/NOR-in(1,2)/NOR-in(2,1)/NOR-mid(2,0)|edges=0110001100010000",82,2,-0.017335746497118113,0.0,0,0.0003642195299619283,14933,0.004178865853658537,342667,0.020717931404127834,4247176,0.04335555609756098,8887889,0.05622141600540039,4610156,0.058514193694775764,2399082,0.040290604842609164,330383
4,circuit,7,0000001110001010,"NOR-in(0,2)/NOR-in(1,2)/NOR-mid(2,1)/NOR-out(2,0)|edges=0110001100010000",82,2,-0.04941992200400377,7.317074955384135e-07,6,0.0006615853981261169,27125,0.006137756097560975,503296,0.0123070729906282,2522950,0.03530831707317073,7238205,0.030366915374802815,2490087,0.025691340836796566,1053345,0.028209142901324036,231315
5,circuit,4,0000000001000010010010000,"NOR-in(0,1)/NOR-mid(1,1)/NOR-out(2,1)/NOT-mid(0,1)/OUT-OR2(1,0)|edges=0100000100000010010000000",27,2,0.16659262824073273,0.1100153625055751,2220,0.16150933671648893,16295,0.1425229823822385,28759,0.10139334074703997,51150,0.05179317617767629,26128,0.0,0,0.0,0,0.0,0
5,circuit,4,0000000001000011000000010,"NOR-in(0,1)/NOR-in(0,1)/NOR-mid(2,1)/NOR-out(1,1)/OUT-NOT(1,0)|edges=0010000100000100000100000",27,1,0.19232440219375505,0.03394618167401754,685,0.05022201958529913,5067,0.04668335109150829,9420,0.03768105599727239,19009,0.0,0,0.0,0,0.0,0,0.0,0
5,circuit,4,0000000001000100100010000,"NOR-in(0,1)/NOR-in(1,1)/NOR-mid(1,1)/NOR-out(1,1)/OUT-OR2(1,0)|edges=0100000100000100000100000",27,1,0.10111671743179018,0.012042222112096735,243,0.048071204852713795,4850,0.04606883564189608,9296,0.037881265721914636,19110,0.054651633007445466,27570,0.0,0,0.0,0,0.0,0
5,circuit,4,0000000001000100100010000,"NOR-in(1,1)/NOR-mid(1,1)/NOR-out(1,1)/NOT-in(0,1)/OUT-OR2(1,0)|edges=0100000100000011000000000",27,1,0.3391283988363562,0.4928390901432182,9945,0.26400507473337825,26636,0.17756523031939936,35830,0.09649910500306261,48681,1.9822862897151056e-06,1,0.0,0,0.0,0,0.0,0
5,circuit,4,0000000001000100100010000,"NOR-in(1,1)/NOR-mid(1,1)/NOT-in(0,1)/NOT-out(1,1)/OUT-OR2(1,0)|edges=0100000010100000000100000",27,1,-0.03148255957612542,0.011695326824916993,236,0.05657534789676089,5708,0.05028123993359269,10146,0.039056754501249825,19703,0.0,0,0.0,0,0.0,0,0.0,0
5,circuit,4,0000000001000111000010000,"NOR-mid(0,1)/NOR-mid(0,2)/NOR-out(2,1)/NOT-out(1,1)/OUT-OR2(2,0)|edges=0010000110000010000100000",27,1,0.23188664709440227,0.04316368501907924,871,0.05871625104071681,5924,0.061248358401268674,12359,0.055537384705959314,28017,0.024267148758692327,12242,0.012518088290681309,2526,0.0,0,0.0,0
5,circuit,4,0000000001010001000010000,"NOR-in(0,1)/NOR-mid(1,1)/NOR-out(0,1)/NOR-out(1,1)/OUT-OR2(2,0)|edges=0100000010000010000100000",27,2,-0.21001520398432666,0.0,0,0.0009416009197954248,95,0.006412766062888718,1294,0.035655171456833,17987,0.14188412347264842,71576,0.18352924851824687,37034,0.14933642571833528,15067,0.0629367163883245,1270
5,circuit,4,0000000001010001000010000,"NOR-in(0,1)/NOR-mid(1,1)/NOR-out(1,1)/NOT-out(0,1)/OUT-OR2(2,0)|edges=0100000100000010000100000",27,1,-0.1324795269282783,0.0,0,0.012330016255005353,1244,0.024873008400029734,5019,0.04755080073978484,23988,0.0,0,0.0,0,0.0,0,0.0,0
5,circuit,4,0000000001010001000010000,"NOR-mid(1,1)/NOR-out(0,1)/NOR-out(1,1)/NOT-in(0,1)/OUT-OR2(2,0)|edges=0010000001000011000000000",27,3,0.04596972262689807,0.0881609594132514,1779,0.09529992467192641,9615,0.10324850707436133,20834,0.09506988508754716,47960,0.07814172554056947,39420,0.029689575197732274,5991,0.029387569008751845,2965,0.052628970712126466,1062
5,circuit,4,0000000001010001000010000,"NOR-mid(1,1)/NOR-out(1,1)/NOT-in(0,1)/NOT-out(0,1)/OUT-OR2(2,0)|edges=0100000001100000000100000",27,1,-0.20475706466914256,0.0,0,0.011586647107798437,1169,0.023064152439477664,4654,0.04974319633834254,25094,0.02701856212881689,13630,0.0038406644597300138,775,0.0,0,0.0,0
5,circuit,4,0000000001010001000010000,"NOR-out(0,1)/NOR-out(1,1)/NOT-in(0,1)/NOT-mid(1,1)/OUT-OR2(2,0)|edges=0000100001000100100000000",27,2,-0.36103984466729355,0.0,0,0.0009316893311659993,94,0.006650643011125703,1342,0.024528664680427616,12374,0.09352030257617926,47178,0.05069181517235911,10229,0.0694200786972337,7004,0.18999950443530403,3834
5,circuit,4,0000000001010001000010010,"NOR-in(0,1)/NOR-in(1,1)/NOR-mid(1,2)/NOR-out(1,1)/OUT-OR2(2,0)|edges=0100000100000110000100000",27,1,-0.08323323248300137,0.0,0,0.00737422194029259,744,0.01773174418316525,3578,0.03778215199684422,19060,0.009960988605818406,5025,0.0,0,0.0,0,0.0,0
5,circuit,4,0000000001010001000010010,"NOR-in(1,1)/NOR-mid(1,2)/NOR-out(1,1)/NOT-in(0,1)/OUT-OR2(2,0)|edges=0100000101000011000000000",27,1,-0.13602366510860683,0.0,0,0.00679934979978591,686,0.013445003345144585,2713,0.027317724903909244,13781,0.016821681454522387,8486,0.0,0,0.0,0,0.0,0
5,circuit,4,0000000001010001010010000,"NOR-in(1,1)/NOR-mid(1,1)/NOR-out(1,1)/NOT-in(0,2)/OUT-OR2(2,0)|edges=0100000100000011000100000",27,1,-0.1274713539864964,0.0,0,0.007622011656028228,769,0.016591917139529698,3348,0.03399798997365557,17151,0.0,0,0.0,0,0.0,0,0.0,0
5,circuit,4,0000000001010010110010000,"NOR-in(0,2)/NOR-in(1,2)/NOR-mid(2,1)/NOR-out(2,1)/OUT-NOT(1,0)|edges=0110000110000100000100000",27,1,0.2414052625261226,0.011596213885722781,234,0.024412242794275067,2463,0.025804693113957927,5207,0.02691135863112052,13576,0.04268060610385594,21531,0.024124328503181556,4868,0.003419464184829473,345,0.001536250557510283,31
5,circuit,4,0000000001010011000010000,"NOR-out(0,1)/NOR-out(2,1)/NOT-in(0,2)/NOT-mid(1,1)/OUT-OR2(2,0)|edges=0000100001010100100000000",27,1,0.21977945913568522,0.07240200208137172,1461,0.06425682908456568,6483,0.07507991178729836,15150,0.06877699610086606,34696,0.015313161588049193,7725,0.012656847780839297,2554,9.911490390810066e-06,1,0.0,0
5,circuit,4,0000000001010011010010000,"NOR-in(0,2)/NOR-in(1,2)/NOR-out(2,1)/NOT-mid(1,1)/OUT-OR2(2,0)|edges=0100100110000010010000000",27,1,0.2551295584896025,0.06075623172605184,1226,0.057546683582444594,5806,0.07086750749560175,14300,0.06906442590357027,34841,0.02820595161635624,14229,0.044948163419033835,9070,0.002408492164966846,243,0.0,0
5,circuit,4,0000000001010011110010000,"NOR-in(0,3)/NOR-in(1,2)/NOR-mid(2,1)/NOR-out(2,1)/OUT-OR2(2,0)|edges=0110100110000100000100000",27,1,0.3105871316122388,0.06338272461469845,1279,0.07153193513856401,7217,0.08287038184205962,16722,0.0719486353031195,36296,0.0313240879500781,15802,0.03436775229448728,6935,0.0,0,0.0,0
5,circuit,4,0000000001010101000010000,"NOR-in(0,2)/NOR-mid(1,1)/NOR-out(1,1)/NOR-out(1,1)/OUT-OR2(2,0)|edges=0110000010000010000100000",27,1,-0.23086287977046988,0.0,0,0.0,0,0.001357880912852789,274,0.008678397767166002,4378,0.10007572333626712,50485,0.14783832537118163,29832,0.20986589753501234,21174,0.6308538579711581,12730
5,circuit,4,0000000001100001000000110,"NOR-in(0,1)/NOR-mid(1,2)/NOR-out(1,1)/NOR-out(1,1)/OUT-OR2(2,0)|edges=0100000110000010000100000",27,2,-0.2201238276188829,0.0,0,0.0002477897157356381,25,0.005500904427980276,1110,0.023406697312630457,11808,0.17807868883655653,89835,0.2943931254584019,59405,0.32553299039576583,32844,0.06204469993557659,1252
5,circuit,4,0000000001100001000000110,"NOR-mid(1,2)/NOR-out(1,1)/NOR-out(1,1)/NOT-in(0,1)/OUT-OR2(2,0)|edges=0110000001000011000000000",27,1,-0.2498125886159273,0.0,0,1.982317725885105e-05,2,0.0021309809946229896,430,0.011518997127684248,5811,0.10626045656017824,53605,0.16140206553412492,32569,0.2106191708047139,21250,0.0,0
5,circuit,5,0000000000000010000111000,"NOR-in(0,1)/NOR-mid(2,2)/NOR-out(1,0)/NOR-out(1,0)/NOT-in(0,1)|edges=0100000110000000000001000",43,1,-0.10072404792504921,1.3281306030509816e-05,5,0.0007639297652111272,1438,0.0019255007324552723,7249,0.006016038093287159,56622,0.061374921229544785,577651,0.10810449707376638,406985,0.13851648561811505,260739,0.0,0
5,circuit,5,0000000000000010010011000,"NOR-in(0,1)/NOR-in(1,1)/NOR-out(1,0)/NOR-out(1,0)/NOT-mid(1,2)|edges=0100000001000000000000110",43,1,-0.20297689558657397,0.0,0,0.00011049888119882787,208,0.0010024609965907296,3774,0.005264431765854123,49548,0.06576768562069844,618995,0.1276160857982908,480441,0.1956641846865225,368312,0.0,0
5,circuit,5,0000000000000010010011000,"NOR-in(1,1)/NOR-in(1,2)/NOR-mid(1,0)/NOT-in(0,1)/OUT-OR2(1,0)|edges=0100000101000001000000000",43,1,-0.1854198181367469,0.0,0,0.0001668108110405382,314,0.0012455059917895947,4689,0.006195705367769667,58313,0.061348252695726586,577400,0.1159095575600633,436369,0.172359496124031,324444,0.0,0
5,circuit,5,0000000000000010010011000,"NOR-in(1,1)/NOR-mid(1,2)/NOR-out(1,0)/NOT-in(0,1)/NOT-out(1,0)|edges=0100000101000001000000000",43,1,0.23175733617812672,0.023011190828461307,8663,0.02147078260832609,40416,0.023569255206541764,88732,0.024408505795146158,229729,0.04639081769443407,436623,0.0,0,0.0,0,0.0,0
5,circuit,5,0000000000000010100010010,"NOR-in(0,1)/NOR-out(1,0)/NOR-out(1,0)/NOT-in(1,2)/NOT-mid(1,1)|edges=0001000000000000010101000",43,1,0.1343921139693674,0.06896982221643748,25965,0.08262394468256008,155529,0.08042584670634188,302782,0.061858454487442524,582202,0.0,0,0.0,0,0.0,0,0.0,0
5,circuit,5,0000000000000010100010010,"NOR-in(0,1)/NOR-out(1,1)/NOT-in(1,2)/NOT-mid(1,0)/OUT-OR2(1,0)|edges=0010000001010100000000000",43,1,0.1343921139693674,0.06896982221643748,25965,0.08262394468256008,155529,0.08042584670634188,302782,0.061858454487442524,582202,0.0,0,0.0,0,0.0,0,0.0,0
5,circuit,5,0000000000000010100110000,"NOR-in(0,1)/NOR-in(0,2)/NOR-in(2,1)/NOR-mid(1,0)/OUT-OR2(1,0)|edges=0010000101000100000000000",43,1,-0.07084646340477302,0.0,0,0.0005158385271349128,971,0.0021430459248791747,8068,0.00815642676534519,76767,0.03824458997979248,359952,0.03660043184955549,137791,0.037411919454644366,70423,0.09663881171076887,36382
5,circuit,5,0000000000000010100110000,"NOR-in(0,1)/NOR-in(2,1)/NOR-mid(1,0)/NOT-in(0,2)/OUT-OR2(1,0)|edges=0100000100000000100100000",43,2,0.28127681150096084,0.1097434317301026,41315,0.10930942449207702,205761,0.11892576768351558,447724,0.09894556240956871,931260,0.03326777407310642,313111,0.015403466430722783,57990,0.0,0,0.0,0
5,circuit,5,0000000000000010100110000,"NOR-in(0,2)/NOR-in(1,0)/NOR-mid(0,1)/NOR-out(2,1)/OUT-NOT(1,0)|edges=0101000000000100000100000",43,1,0.3276813114096719,0.08082471597927053,30428,0.051193387916947344,96365,0.039306617862877466,147979,0.034599603350757485,325646,0.00012016777588996669,1131,0.0,0,0.0,0,0.0,0
5,circuit,5,0000000000000010110010000,"NOR-in(0,2)/NOR-in(1,0)/NOR-mid(1,1)/NOR-out(1,1)/OUT-NOT(1,0)|edges=0110000000000100000100000",43,2,0.10495777487860389,0.010287699651232904,3873,0.015299845089068473,28800,0.01696533753371751,63870,0.024931888996861613,234655,0.0,0,0.0,0,0.0,0,0.0,0
5,circuit,5,0000000000000010110010000,"NOR-in(0,2)/NOR-in(1,1)/NOT-in(1,1)/NOT-mid(1,0)/OUT-OR2(1,0)|edges=0010100010010000000000000",43,1,0.12564372401208657,0.05753993024658073,21662,0.05828125365230677,109707,0.06563675796570011,247105,0.05241598828369622,493331,0.0,0,0.0,0,0.0,0,0.0,0
5,circuit,5,0000000000000010110010000,"NOR-in(0,2)/NOR-in(1,1)/NOT-in(1,1)/NOT-mid(1,0)/OUT-OR2(1,0)|edges=0100100100000100000000000",43,1,-0.22044565075286662,0.0,0,0.0003973709766188617,748,0.0015435349367219737,5811,0.006199636585484542,58350,0.054246879011237016,510563,0.06043078175181958,227506,0.07029284390724874,132317,0.1669145810866089,62839
5,circuit,5,0000000000000010110011000,"NOR-in(1,1)/NOR-mid(1,2)/NOR-out(1,0)/NOR-out(2,0)/NOT-in(0,2)|edges=0100000110000000000010010",43,1,-0.13730758118945832,0.0,0,0.0005121198147868752,964,0.0019719847479304654,7424,0.005607722696577355,52779,0.06511690964605119,612870,0.10380618885197027,390803,0.03812219502243982,71760,0.0,0
5,circuit,5,0000000000000010110110000,"NOR-in(0,3)/NOR-in(1,0)/NOR-mid(1,1)/NOR-out(2,1)/OUT-OR2(1,0)|edges=0111000000000100000100000",43,1,0.0009041164842579602,0.0009190663773112793,346,0.00532413359314737,10022,0.007151100940703661,26922,0.012135669085817632,114219,0.0,0,0.0,0,0.0,0,0.0,0
5,circuit,5,0000000000000011100001000,"NOR-in(0,1)/NOR-in(0,2)/NOR-in(1,1)/NOR-mid(2,0)/OUT-OR2(1,0)|edges=0010000011000100000000000",43,1,0.08670865014973436,0.000510002151571577,192,0.004164957829801973,7840,0.0073171152816864935,27547,0.012647258634388465,119034,0.0,0,0.0,0,0.0,0,0.0,0
5,circuit,5,0000000000000011100001000,"NOR-in(0,1)/NOR-mid(0,2)/NOR-out(2,0)/NOT-mid(1,1)/NOT-out(1,0)|edges=0001000101000000010000000",43,1,0.09554161933040665,0.04936130199299278,18583,0.04578372393979511,86182,0.04748169525876323,178756,0.04652957412587249,437929,0.004065835791318617,38267,0.0,0,0.0,0,0.0,0
5,circuit,5,0000000000000011100001000,"NOR-in(0,2)/NOR-in(1,0)/NOR-mid(0,1)/NOR-out(1,1)/OUT-OR2(2,0)|edges=0100100000000100000100000",43,1,-0.0996501343794519,1.593756723661178e-05,6,0.0005471819597826572,1030,0.0021457021543349,8078,0.007631343577590869,71825,0.036628115583338054,344738,0.005934810320083448,22343,0.0,0,0.0,0
5,circuit,5,0000000000000011100001000,"NOR-in(0,2)/NOR-in(1,0)/NOR-out(1,1)/NOT-mid(0,1)/OUT-OR2(2,0)|edges=0100100000000010010000000",43,2,-0.19587278035863684,3.187513447322356e-05,12,0.0013435176468838254,2529,0.0039107666276643645,14723,0.013637713000281985,128356,0.10001805172866818,941354,0.08211436814842578,309139,0.07029284390724874,132317,0.1669145810866089,62839
5,circuit,5,0000000000000011100001000,"NOR-in(0,2)/NOR-in(1,1)/NOR-mid(2,0)/NOT-in(0,1)/OUT-OR2(1,0)|edges=0010100100000000100000000",43,1,0.20138961558741408,0.05621179964352974,21162,0.06091569572858075,114666,0.060553531656278595,227968,0.04706708846153601,442988,0.0038168940593025316,35924,0.0,0,0.0,0,0.0,0
5,circuit,5,0000000000000011100001000,"NOR-in(0,2)/NOR-out(1,1)/NOT-in(1,0)/NOT-mid(0,1)/OUT-OR2(2,0)|edges=0010100001000000100000000",43,1,0.12564372401208657,0.05753993024658073,21662,0.05828125365230677,109707,0.06563675796570011,247105,0.05241598828369622,493331,0.0,0,0.0,0,0.0,0,0.0,0
5,circuit,5,0000000000000011110001000,"NOR-in(0,3)/NOR-in(1,0)/NOR-mid(1,1)/NOR-out(1,1)/OUT-OR2(2,0)|edges=0110100000000100000100000",43,1,-0.01211985481413193,2.9218873267121596e-05,11,0.0014221418508137604,2677,0.0029919768589289817,11264,0.0067764630982968055,63779,0.06010195029856539,565670,0.03916103568456442,147431,0.012266995614035088,23091,0.0,0
5,circuit,5,0000000000000011110001000,"NOR-in(0,3)/NOR-in(1,1)/NOR-in(1,1)/NOR-mid(2,0)/OUT-OR2(1,0)|edges=0101100100000100000000000",43,1,-0.01211985481413193,2.9218873267121596e-05,11,0.0014221418508137604,2677,0.0029919768589289817,11264,0.0067764630982968055,63779,0.06010195029856539,565670,0.03916103568456442,147431,0.012266995614035088,23091,0.0,0
5,circuit,5,0000000000000110100010000,"NOR-in(0,2)/NOR-in(1,0)/NOR-in(1,1)/NOR-out(1,1)/OUT-NOT(1,0)|edges=0011000000010000000100000",43,1,0.3276813114096719,0.08082471597927053,30428,0.051193387916947344,96365,0.039306617862877466,147979,0.034599603350757485,325646,0.00012016777588996669,1131,0.0,0,0.0,0,0.0,0
5,circuit,5,0000000000000110100010000,"NOR-in(0,2)/NOR-in(1,1)/NOR-out(1,1)/NOT-in(1,0)/OUT-OR2(1,0)|edges=0110000010000010000000000",43,1,0.0009041164842579602,0.0009190663773112793,346,0.00532413359314737,10022,0.007151100940703661,26922,0.012135669085817632,114219,0.0,0,0.0,0,0.0,0,0.0,0
5,circuit,5,0000000000000110100010010,"NOR-in(0,2)/NOR-in(1,2)/NOR-in(2,1)/NOT-mid(1,0)/OUT-OR2(1,0)|edges=0110000101000100000000000",43,1,0.2536544849169375,0.01403037169063057,5282,0.01703170255401164,32060,0.01987709626308359,74832,0.027687141369351503,260587,0.031769129971490166,299006,0.0,0,0.0,0,0.0,0
5,circuit,5,0000000000000110100010010,"NOR-in(1,2)/NOR-mid(1,0)/NOR-out(2,1)/NOT-in(0,2)/OUT-OR2(1,0)|edges=0110000000000011010000000",43,1,-0.2182151575469809,0.0,0,7.915544855108343e-05,149,0.0010420388154810366,3923,0.004904990967761677,46165,0.06271631660585851,590276,0.09275468644954482,349197,0.09004031092751258,169489,0.1894420331815743,71320
5,circuit,5,0000000000010000100010010,"NOR-in(0,2)/NOR-mid(1,1)/NOR-out(1,0)/NOR-out(2,0)/NOT-mid(0,1)|edges=0110000010000000000000010",43,1,-0.15638997833540463,0.0,0,0.00013546737839279378,255,0.0011413817971251629,4297,0.006257861107315656,58898,0.044201022945457746,416013,0.06217379859469599,234068,0.0827250569495444,155719,0.2645415088425761,99593
5,circuit,5,0000000000010000100010010,"NOR-in(1,0)/NOR-out(0,1)/NOR-out(1,1)/NOT-in(0,2)/OUT-OR2(2,0)|edges=0000000001000011010000000",43,1,-0.13730758118945832,0.0,0,0.0005121198147868752,964,0.0019719847479304654,7424,0.005607722696577355,52779,0.06511690964605119,612870,0.10380618885197027,390803,0.03812219502243982,71760,0.0,0
5,circuit,5,0000000000010000100110000,"NOR-in(0,2)/NOR-in(1,0)/NOR-in(1,1)/NOR-out(0,1)/OUT-OR2(2,0)|edges=0010100000010000000100000",43,1,-0.01211985481413193,2.9218873267121596e-05,11,0.0014221418508137604,2677,0.0029919768589289817,11264,0.0067764630982968055,63779,0.06010195029856539,565670,0.03916103568456442,147431,0.012266995614035088,23091,0.0,0
5,circuit,5,0000000000010000100110000,"NOR-in(0,2)/NOR-in(1,1)/NOR-out(0,1)/NOT-in(1,0)/OUT-OR2(2,0)|edges=0100100010000010000000000",43,1,-0.22044565075286662,0.0,0,0.0003973709766188617,748,0.0015435349367219737,5811,0.006199636585484542,58350,0.054246879011237016,510563,0.06043078175181958,227506,0.07029284390724874,132317,0.1669145810866089,62839
5,circuit,5,0000000000010000100110000,"NOR-in(2,0)/NOR-out(1,1)/NOT-in(0,1)/NOT-in(0,2)/OUT-OR2(1,0)|edges=0000000001100001100000000",43,1,-0.0220825208895289,0.05497132566028013,20695,0.059087151742588606,111224,0.0463902505754057,174647,0.03755513532845112,353463,0.0,0,0.0,0,0.0,0,0.0,0
5,circuit,5,0000000000010001000011000,"NOR-in(0,1)/NOR-in(0,2)/NOR-in(2,0)/NOR-out(0,1)/OUT-OR2(2,0)|edges=0010000101000000000100000",43,1,-0.07084646340477302,0.0,0,0.0005158385271349128,971,0.0021430459248791747,8068,0.00815642676534519,76767,0.03824458997979248,359952,0.03660043184955549,137791,0.037411919454644366,70423,0.09663881171076887,36382
5,circuit,5,0000000000010001000110100,"NOR-in(1,2)/NOR-mid(1,1)/NOR-out(1,0)/NOR-out(2,0)/NOT-in(0,2)|edges=0101000100000000000010010",43,1,-0.2182151575469809,0.0,0,7.915544855108343e-05,149,0.0010420388154810366,3923,0.004904990967761677,46165,0.06271631660585851,590276,0.09275468644954482,349197,0.09004031092751258,169489,0.1894420331815743,71320
5,circuit,5,0000000000010001010111000,"NOR-in(0,3)/NOR-in(1,2)/NOR-in(2,0)/NOR-out(1,1)/OUT-OR2(2,0)|edges=0111000101000000000100000",43,1,0.2536544849169375,0.01403037169063057,5282,0.01703170255401164,32060,0.01987709626308359,74832,0.027687141369351503,260587,0.031769129971490166,299006,0.0,0,0.0,0,0.0,0
5,circuit,5,0000000001000010010010000,"NOR-in(0,1)/NOR-in(0,1)/NOR-in(1,1)/NOR-mid(2,1)/NOR-out(1,0)|edges=0001000100000100000100000",43,1,0.08670865014973436,0.000510002151571577,192,0.004164957829801973,7840,0.0073171152816864935,27547,0.012647258634388465,119034,0.0,0,0.0,0,0.0,0,0.0,0
5,circuit,5,0000000001000010010010000,"NOR-in(0,1)/NOR-in(0,1)/NOR-mid(1,1)/NOR-out(2,1)/OUT-NOT(1,0)|edges=0001000100000100000100000",43,1,0.3276813114096719,0.08082471597927053,30428,0.051193387916947344,96365,0.039306617862877466,147979,0.034599603350757485,325646,0.00012016777588996669,1131,0.0,0,0.0,0,0.0,0
5,circuit,5,0000000001000010010010000,"NOR-in(0,1)/NOR-in(1,1)/NOR-mid(2,1)/NOR-out(1,0)/NOT-in(0,1)|edges=0010000100000100000001000",43,1,0.20138961558741408,0.05621179964352974,21162,0.06091569572858075,114666,0.060553531656278595,227968,0.04706708846153601,442988,0.0038168940593025316,35924,0.0,0,0.0,0,0.0,0
5,circuit,5,0000000001000010010010000,"NOR-in(0,1)/NOR-in(1,1)/NOR-mid(2,1)/NOR-out(1,0)/NOT-in(0,1)|edges=0100000100000100000000100",43,1,0.14705668621472676,0.03385936159418172,12747,0.023296139126591342,43852,0.020513794463620946,77229,0.018126951132413825,170608,1.593737080768789e-06,15,0.0,0,0.0,0,0.0,0
5,circuit,5,0000000001000010010010000,"NOR-in(0,1)/NOR-mid(0,1)/NOR-mid(1,1)/NOR-out(2,1)/OUT-NOT(1,0)|edges=0010000010000100000100000",43,1,0.02982617300751837,0.0010784420496773972,406,0.0030095007788046146,5665,0.004536839910378818,17080,0.008690966125440696,81798,0.0,0,0.0,0,0.0,0,0.0,0
5,circuit,5,0000000001000010010010000,"NOR-in(0,1)/NOR-mid(0,1)/NOR-out(2,1)/NOT-mid(1,1)/OUT-OR2(1,0)|edges=0001000100000010010000000",43,2,-0.003672421945502522,0.049377239560229394,18589,0.046330905899577765,87212,0.049627397413098136,186834,0.05416091770346336,509754,0.040693951374656666,383005,0.005934810320083448,22343,0.0,0,0.0,0
5,circuit,5,0000000001000010010010000,"NOR-in(0,1)/NOR-mid(1,1)/NOR-out(2,1)/NOT-mid(0,1)/OUT-OR2(1,0)|edges=0100000100000010010000000",43,2,-0.15217516013791565,3.187513447322356e-05,12,0.0010816140486577574,2036,0.0035086134880675532,13209,0.0136959375221131,128904,0.0899721956628889,846804,0.08385738499130219,315701,0.0827250569495444,155719,0.2645415088425761,99593
5,circuit,5,0000000001000010010010000,"NOR-in(0,1)/NOR-mid(2,1)/NOR-out(1,0)/NOT-in(0,1)/NOT-in(1,1)|edges=0100000100000000000101000",43,1,-0.09936557727550105,0.0003081262999078277,116,0.003458402483674853,6510,0.005752596132264289,21657,0.011090708917553014,104384,0.02635435511500885,248043,0.0,0,0.0,0,0.0,0
5,circuit,5,0000000001000010010010000,"NOR-in(0,1)/NOR-mid(2,1)/NOT-in(0,1)/NOT-in(1,1)/OUT-OR2(1,0)|edges=0100000001000100100000000",43,1,-0.09936557727550105,0.0003081262999078277,116,0.003458402483674853,6510,0.005752596132264289,21657,0.011090708917553014,104384,0.02635435511500885,248043,0.0,0,0.0,0,0.0,0
5,circuit,5,0000000001000010010010000,"NOR-mid(1,1)/NOR-out(2,1)/NOT-in(0,1)/NOT-in(0,1)/OUT-OR2(1,0)|edges=0100000001010001000000000",43,1,-0.0220825208895289,0.05497132566028013,20695,0.059087151742588606,111224,0.0463902505754057,174647,0.03755513532845112,353463,0.0,0,0.0,0,0.0,0,0.0,0
5,circuit,5,0000000001000010110010000,"NOR-in(0,2)/NOR-in(1,1)/NOR-in(1,1)/NOR-mid(2,1)/NOR-out(1,0)|edges=0110000010000100000100000",43,1,0.05186935104532751,0.0016150068133099936,608,0.0037622744069716295,7082,0.004385700454348048,16511,0.006673826441200351,62813,1.6999862194867082e-06,16,0.0,0,0.0,0,0.0,0
5,circuit,5,0000000001000010110010000,"NOR-in(0,2)/NOR-mid(1,1)/NOR-mid(1,1)/NOR-out(2,1)/OUT-NOT(1,0)|edges=0110000010000100000100000",43,1,0.0427593017770381,0.0019736020761337587,743,0.004564985029526576,8593,0.005572769398111687,20980,0.008942139062682947,84162,0.05084425034379565,478538,0.0,0,0.0,0,0.0,0
5,circuit,5,0000000001000011000000010,"NOR-in(0,1)/NOR-in(0,1)/NOR-in(2,1)/NOR-mid(1,1)/NOR-out(1,0)|edges=0010000100000100000100000",43,1,-0.07084646340477302,0.0,0,0.0005158385271349128,971,0.0021430459248791747,8068,0.00815642676534519,76767,0.03824458997979248,359952,0.03660043184955549,137791,0.037411919454644366,70423,0.09663881171076887,36382
5,circuit,5,0000000001000011000000010,"NOR-in(0,1)/NOR-in(0,1)/NOR-mid(2,1)/NOR-out(1,1)/OUT-NOT(1,0)|edges=0010000100000100000100000",43,2,0.12077454821188836,0.0108242644148655,4075,0.016052618717235487,30217,0.01681419807768674,63301,0.02291474931262127,215670,1.6999862194867082e-06,16,0.0,0,0.0,0,0.0,0
5,circuit,5,0000000001000011000000010,"NOR-in(0,1)/NOR-mid(2,1)/NOR-out(1,1)/NOT-in(0,1)/OUT-NOT(1,0)|edges=0100000100000010100000000",43,1,0.14705668621472676,0.03385936159418172,12747,0.023296139126591342,43852,0.020513794463620946,77229,0.018126951132413825,170608,1.593737080768789e-06,15,0.0,0,0.0,0,0.0,0
5,circuit,5,0000000001000011000000010,"NOR-in(0,1)/NOR-mid(2,1)/NOR-out(1,1)/NOT-in(0,1)/OUT-OR2(1,0)|edges=0100000100000010100000000",43,1,-0.10072404792504921,1.3281306030509816e-05,5,0.0007639297652111272,1438,0.0019255007324552723,7249,0.006016038093287159,56622,0.061374921229544785,577651,0.10810449707376638,406985,0.13851648561811505,260739,0.0,0
5,circuit,5,0000000001000011000000010,"NOR-mid(2,1)/NOR-out(1,1)/NOT-in(0,1)/NOT-in(0,1)/OUT-OR2(1,0)|edges=0100000001100001000000000",43,2,-0.3018511699869053,2.6562612061019633e-06,1,0.0031858739930258205,5997,0.008186499182545385,30820,0.02481023374595536,233510,0.06761259566539639,636359,0.067939141565533,255773,0.04568075955392357,85988,0.11050962350653697,41604
5,circuit,5,0000000001000011000010000,"NOR-in(0,1)/NOR-mid(0,1)/NOR-out(2,1)/NOT-mid(0,1)/OUT-OR2(2,0)|edges=0000100100000010010000000",43,1,-0.0996501343794519,1.593756723661178e-05,6,0.0005471819597826572,1030,0.0021457021543349,8078,0.007631343577590869,71825,0.036628115583338054,344738,0.005934810320083448,22343,0.0,0,0.0,0
5,circuit,5,0000000001000011000010000,"NOR-mid(0,1)/NOR-out(0,1)/NOR-out(2,1)/NOT-mid(0,1)/OUT-OR2(2,0)|edges=0010000001000010010000000",43,1,-0.15638997833540463,0.0,0,0.00013546737839279378,255,0.0011413817971251629,4297,0.006257861107315656,58898,0.044201022945457746,416013,0.06217379859469599,234068,0.0827250569495444,155719,0.2645415088425761,99593
5,circuit,5,0000000001000011000010010,"NOR-in(0,1)/NOR-in(2,2)/NOR-mid(1,1)/NOR-out(2,0)/NOT-in(0,1)|edges=0100000110000100000001000",43,2,0.28127681150096084,0.1097434317301026,41315,0.10930942449207702,205761,0.11892576768351558,447724,0.09894556240956871,931260,0.03326777407310642,313111,0.015403466430722783,57990,0.0,0,0.0,0
5,circuit,5,0000000001000011000010010,"NOR-in(0,1)/NOR-mid(2,2)/NOR-out(1,1)/NOT-in(0,1)/OUT-OR2(2,0)|edges=0100000101000010100000000",43,1,-0.09936557727550105,0.0003081262999078277,116,0.003458402483674853,6510,0.005752596132264289,21657,0.011090708917553014,104384,0.02635435511500885,248043,0.0,0,0.0,0,0.0,0
5,circuit,5,0000000001000011010010000,"NOR-in(0,2)/NOR-mid(1,1)/NOR-out(2,1)/NOT-mid(0,1)/OUT-OR2(2,0)|edges=0100100100000010010000000",43,1,-0.05569020244288404,3.187513447322356e-05,12,0.0009461466702649636,1781,0.0023672316909423906,8912,0.007438076414797444,70006,0.04577117271743116,430791,0.02168358639660619,81633,0.0,0,0.0,0
5,circuit,5,0000000001000100100010000,"NOR-in(0,1)/NOR-in(1,1)/NOR-mid(1,1)/NOR-out(1,0)/NOT-in(1,1)|edges=0000100100000100000001000",43,1,-0.10297477343221503,3.187513447322356e-05,12,0.008600850416389534,16190,0.015568160840006003,58610,0.026899304089465167,253172,0.0,0,0.0,0,0.0,0,0.0,0
5,circuit,5,0000000001000100100010000,"NOR-in(0,1)/NOR-in(1,1)/NOR-mid(1,1)/NOR-out(1,0)/NOT-in(1,1)|edges=0100000001000100000000100",43,1,0.21924978721551933,0.26202423041472206,98644,0.1513122804631603,284826,0.09774100965937842,367969,0.0604274912392282,568734,0.0,0,0.0,0,0.0,0,0.0,0
5,circuit,5,0000000001000100100010000,"NOR-in(0,1)/NOR-in(1,1)/NOR-mid(1,1)/NOR-out(1,1)/OUT-NOT(1,0)|edges=0100000100000100000100000",43,6,0.2471510072809579,0.12856038611412893,48399,0.09811663156910536,184692,0.08674421971267567,326569,0.09327440898391622,877884,0.050967711842985874,479700,0.0,0,0.0,0,0.0,0
5,circuit,5,0000000001000100100010000,"NOR-in(0,1)/NOR-in(1,1)/NOR-mid(1,1)/NOR-out(1,1)/OUT-OR2(1,0)|edges=0100000100000100000100000",43,5,-0.049406438618244036,0.03035840932453934,11429,0.07033041290456934,132388,0.08098179553142519,304875,0.0987775825391034,929679,0.09834654027835787,925622,0.07576146753411991,285222,0.04967891506867945,93514,0.09663881171076887,36382
5,circuit,5,0000000001000100100010000,"NOR-in(0,1)/NOR-in(1,1)/NOR-mid(1,1)/NOT-in(1,1)/OUT-OR2(1,0)|edges=0001000100000010100000000",43,1,-0.10297477343221503,3.187513447322356e-05,12,0.008600850416389534,16190,0.015568160840006003,58610,0.026899304089465167,253172,0.0,0,0.0,0,0.0,0,0.0,0
5,circuit,5,0000000001000100100010000,"NOR-in(0,1)/NOR-in(1,1)/NOR-out(1,0)/NOT-in(1,1)/NOT-mid(1,1)|edges=0100000010000000000100100",43,1,-0.22044565075286662,0.0,0,0.0003973709766188617,748,0.0015435349367219737,5811,0.006199636585484542,58350,0.054246879011237016,510563,0.06043078175181958,227506,0.07029284390724874,132317,0.1669145810866089,62839
5,circuit,5,0000000001000100100010000,"NOR-in(0,1)/NOR-in(1,1)/NOR-out(1,1)/NOT-mid(1,1)/OUT-NOT(1,0)|edges=0100000010000010010000000",43,1,0.026833502976508748,0.034603114731890275,13027,0.028303650925534378,53278,0.023610692386051076,88888,0.019419684265842965,182775,0.0,0,0.0,0,0.0,0,0.0,0
5,circuit,5,0000000001000100100010000,"NOR-in(0,1)/NOR-in(1,1)/NOR-out(1,1)/NOT-mid(1,1)/OUT-OR2(1,0)|edges=0100000010000010010000000",43,1,-0.20297689558657397,0.0,0,0.00011049888119882787,208,0.0010024609965907296,3774,0.005264431765854123,49548,0.06576768562069844,618995,0.1276160857982908,480441,0.1956641846865225,368312,0.0,0
5,circuit,5,0000000001000100100010000,"NOR-in(0,1)/NOR-mid(1,1)/NOR-out(1,1)/NOT-in(1,1)/OUT-NOT(1,0)|edges=0001000100000010100000000",43,1,0.21924978721551933,0.26202423041472206,98644,0.1513122804631603,284826,0.09774100965937842,367969,0.0604274912392282,568734,0.0,0,0.0,0,0.0,0,0.0,0
5,circuit,5,0000000001000100100010000,"NOR-in(0,1)/NOR-mid(1,1)/NOR-out(1,1)/NOT-in(1,1)/OUT-OR2(1,0)|edges=0001000100000010100000000",43,1,0.0009041164842579602,0.0009190663773112793,346,0.00532413359314737,10022,0.007151100940703661,26922,0.012135669085817632,114219,0.0,0,0.0,0,0.0,0,0.0,0
5,circuit,5,0000000001000100100010000,"NOR-in(0,1)/NOR-out(1,1)/NOT-in(1,1)/NOT-mid(1,1)/OUT-OR2(1,0)|edges=0010000001000100100000000",43,2,-0.06247196522863038,0.06896982221643748,25965,0.08302131565917895,156277,0.08196938164306386,308593,0.06805809107292707,640552,0.054246879011237016,510563,0.06043078175181958,227506,0.07029284390724874,132317,0.1669145810866089,62839
5,circuit,5,0000000001000100100010000,"NOR-in(1,1)/NOR-in(1,1)/NOR-mid(1,1)/NOR-out(1,0)/NOT-in(0,1)|edges=0010010000000100000001000",43,1,-0.1854198181367469,0.0,0,0.0001668108110405382,314,0.0012455059917895947,4689,0.006195705367769667,58313,0.061348252695726586,577400,0.1159095575600633,436369,0.172359496124031,324444,0.0,0
5,circuit,5,0000000001000100100010000,"NOR-in(1,1)/NOR-in(1,1)/NOR-mid(1,1)/NOR-out(1,0)/NOT-in(0,1)|edges=0100000100000100000010000",43,1,-0.10729735985697651,2.6562612061019633e-06,1,0.01207306526021424,22726,0.022577419127773935,84998,0.0369012781982528,347309,0.0,0,0.0,0,0.0,0,0.0,0
5,circuit,5,0000000001000100100010000,"NOR-in(1,1)/NOR-in(1,1)/NOR-mid(1,1)/NOT-in(0,1)/OUT-OR2(1,0)|edges=0100000100000011000000000",43,1,-0.10729735985697651,2.6562612061019633e-06,1,0.01207306526021424,22726,0.022577419127773935,84998,0.0369012781982528,347309,0.0,0,0.0,0,0.0,0,0.0,0
5,circuit,5,0000000001000100100010000,"NOR-in(1,1)/NOR-in(1,1)/NOR-out(1,0)/NOT-in(0,1)/NOT-mid(1,1)|edges=0100000001000001000000100",43,1,0.026833502976508748,0.034603114731890275,13027,0.028303650925534378,53278,0.023610692386051076,88888,0.019419684265842965,182775,0.0,0,0.0,0,0.0,0,0.0,0
5,circuit,5,0000000001000100100010000,"NOR-in(1,1)/NOR-mid(1,1)/NOR-out(1,0)/NOT-in(0,1)/NOT-in(1,1)|edges=0100000100000000000110000",43,1,-0.1656398145858979,0.0001381255827173021,52,0.013544081616173636,25495,0.023388100357661295,88050,0.035624057437428296,335288,0.0,0,0.0,0,0.0,0,0.0,0
5,circuit,5,0000000001000100100010000,"NOR-in(1,1)/NOR-mid(1,1)/NOR-out(1,1)/NOT-in(0,1)/OUT-OR2(1,0)|edges=0100000100000011000000000",43,6,0.1621120454581799,0.16526991598245805,62219,0.217055927308736,408580,0.20411742127931978,768448,0.1662035975529551,1564282,0.1780409380056463,1675693,0.1965608753015151,740000,0.1281625059499524,241249,0.1894420331815743,71320
5,circuit,5,0000000001000100100010000,"NOR-in(1,1)/NOR-mid(1,1)/NOT-in(0,1)/NOT-in(1,1)/OUT-OR2(1,0)|edges=0100000001000101000000000",43,1,-0.1656398145858979,0.0001381255827173021,52,0.013544081616173636,25495,0.023388100357661295,88050,0.035624057437428296,335288,0.0,0,0.0,0,0.0,0,0.0,0
5,circuit,5,0000000001000100100010000,"NOR-in(1,1)/NOR-mid(1,1)/NOT-in(0,1)/NOT-out(1,1)/OUT-OR2(1,0)|edges=0100000010100000000100000",43,1,0.23175733617812672,0.023011190828461307,8663,0.02147078260832609,40416,0.023569255206541764,88732,0.024408505795146158,229729,0.04639081769443407,436623,0.0,0,0.0,0,0.0,0
5,circuit,5,0000000001000100100010000,"NOR-in(1,1)/NOR-out(1,1)/NOT-in(0,1)/NOT-mid(1,1)/OUT-OR2(1,0)|edges=0001000001100000100000000",43,1,-0.11104161253796628,0.0001593756723661178,60,0.0021170098152756204,3985,0.004224467326385523,15904,0.008287963185102342,78005,0.051854360905586906,488045,0.029422772427396656,110769,0.0,0,0.0,0
5,circuit,5,0000000001000100100110000,"NOR-in(0,1)/NOR-in(1,2)/NOR-mid(1,1)/NOR-out(2,1)/OUT-OR2(1,0)|edges=0100000110000100000100000",43,2,0.28127681150096084,0.1097434317301026,41315,0.10930942449207702,205761,0.11892576768351558,447724,0.09894556240956871,931260,0.03326777407310642,313111,0.015403466430722783,57990,0.0,0,0.0,0
5,circuit,5,0000000001000100100110000,"NOR-in(1,2)/NOR-out(2,1)/NOT-in(0,1)/NOT-mid(1,1)/OUT-OR2(1,0)|edges=0101000001100000100000000",43,2,0.1793458975338347,0.11030390284459013,41526,0.1145830898462153,215688,0.12966145027472054,488141,0.10527089171280181,990793,0.0037635569916661363,35422,0.0,0,0.0,0,0.0,0
5,circuit,5,0000000001000101000010000,"NOR-in(0,1)/NOR-out(1,1)/NOR-out(1,1)/NOT-mid(0,1)/OUT-OR2(2,0)|edges=0100000001000010010000000",43,1,-0.15638997833540463,0.0,0,0.00013546737839279378,255,0.0011413817971251629,4297,0.006257861107315656,58898,0.044201022945457746,416013,0.06217379859469599,234068,0.0827250569495444,155719,0.2645415088425761,99593
5,circuit,5,0000000001000101000010000,"NOR-mid(0,1)/NOR-out(1,1)/NOR-out(1,1)/NOT-in(0,1)/OUT-OR2(2,0)|edges=0010000001000010100000000",43,1,-0.2182151575469809,0.0,0,7.915544855108343e-05,149,0.0010420388154810366,3923,0.004904990967761677,46165,0.06271631660585851,590276,0.09275468644954482,349197,0.09004031092751258,169489,0.1894420331815743,71320
5,circuit,5,0000000001000101000010000,"NOR-mid(0,1)/NOR-out(1,1)/NOR-out(1,1)/NOT-mid(0,1)/OUT-OR2(2,0)|edges=0010000001000010100000000",43,1,-0.1933409233248954,0.0,0,0.000821304184295134,1546,0.002464715311967509,9279,0.00752711318358298,70844,0.04769321963683832,448881,0.05897516878337052,222026,0.05721941724466204,107708,0.0005365576374464107,202
5,circuit,5,0000000001000101000010100,"NOR-in(0,1)/NOR-in(1,2)/NOR-mid(1,1)/NOR-out(1,1)/OUT-OR2(2,0)|edges=0100000101000100000100000",43,1,-0.1854198181367469,0.0,0,0.0001668108110405382,314,0.0012455059917895947,4689,0.006195705367769667,58313,0.061348252695726586,577400,0.1159095575600633,436369,0.172359496124031,324444,0.0,0
5,circuit,5,0000000001000110100010000,"NOR-in(0,2)/NOR-in(1,1)/NOR-in(1,1)/NOR-mid(2,1)/NOR-out(1,0)|edges=0101000100000100000100000",43,2,0.07766584427519037,0.009238476474822628,3478,0.01371248616107762,25812,0.015420474482267675,58054,0.023017385969717724,216636,0.06010195029856539,565670,0.03916103568456442,147431,0.012266995614035088,23091,0.0,0
5,circuit,5,0000000001000110100010000,"NOR-in(0,2)/NOR-in(1,1)/NOR-out(2,1)/NOT-mid(1,1)/OUT-OR2(1,0)|edges=0110000010000010010000000",43,1,0.2536544849169375,0.01403037169063057,5282,0.01703170255401164,32060,0.01987709626308359,74832,0.027687141369351503,260587,0.031769129971490166,299006,0.0,0,0.0,0,0.0,0
5,circuit,5,0000000001000110100010000,"NOR-in(1,1)/NOR-mid(1,1)/NOR-out(2,1)/NOT-in(0,2)/OUT-OR2(1,0)|edges=0100000100000011010000000",43,2,-0.11386770417184194,0.05497132566028013,20695,0.05959927155737548,112188,0.048362235323336174,182071,0.04316285802502847,406242,0.06511690964605119,612870,0.10380618885197027,390803,0.03812219502243982,71760,0.0,0
5,circuit,5,0000000001000111000000010,"NOR-in(0,2)/NOR-mid(2,1)/NOR-out(2,1)/NOT-in(0,1)/OUT-OR2(1,0)|edges=0110000100000010100000000",43,1,0.0009041164842579602,0.0009190663773112793,346,0.00532413359314737,10022,0.007151100940703661,26922,0.012135669085817632,114219,0.0,0,0.0,0,0.0,0,0.0,0
5,circuit,5,0000000001000111000010000,"NOR-in(0,2)/NOR-in(1,1)/NOR-out(2,1)/NOT-mid(0,1)/OUT-OR2(2,0)|edges=0110000001000010010000000",43,1,0.2536544849169375,0.01403037169063057,5282,0.01703170255401164,32060,0.01987709626308359,74832,0.027687141369351503,260587,0.031769129971490166,299006,0.0,0,0.0,0,0.0,0
5,circuit,5,0000000001000111000010000,"NOR-mid(0,2)/NOR-out(1,1)/NOR-out(2,1)/NOT-in(0,1)/OUT-OR2(2,0)|edges=0110000001000010010000000",43,1,-0.13730758118945832,0.0,0,0.0005121198147868752,964,0.0019719847479304654,7424,0.005607722696577355,52779,0.06511690964605119,612870,0.10380618885197027,390803,0.03812219502243982,71760,0.0,0
5,circuit,5,0000000001000111000010000,"NOR-mid(0,2)/NOR-out(2,1)/NOT-mid(0,1)/NOT-out(1,1)/OUT-OR2(2,0)|edges=0101000001010000000100000",43,1,0.09554161933040665,0.04936130199299278,18583,0.04578372393979511,86182,0.04748169525876323,178756,0.04652957412587249,437929,0.004065835791318617,38267,0.0,0,0.0,0,0.0,0
5,circuit,5,0000000001010000110010000,"NOR-in(0,2)/NOR-in(1,1)/NOR-mid(2,1)/NOR-out(1,1)/OUT-OR2(1,0)|edges=0110000100000100000100000",43,1,-0.11001405392056314,0.0,0,0.00018221690505383634,343,0.0011222569450439408,4225,0.006203780301454275,58389,0.03692593191916438,347541,0.05408399046201634,203612,0.05970033489732082,112378,0.17141688403448843,64534
5,circuit,5,0000000001010000110010000,"NOR-in(0,2)/NOR-in(2,1)/NOR-mid(1,1)/NOR-out(1,0)/NOT-in(1,1)|edges=0100100100000100000001000",43,1,0.02393399102411933,0.02981918829970064,11226,0.045912285138112977,86424,0.03776387979499221,142171,0.030432725071245354,286428,0.0,0,0.0,0,0.0,0,0.0,0
5,circuit,5,0000000001010000110010000,"NOR-in(1,1)/NOR-mid(2,1)/NOR-out(1,1)/NOT-in(0,2)/OUT-OR2(1,0)|edges=0100000100000011100000000",43,1,-0.0220825208895289,0.05497132566028013,20695,0.059087151742588606,111224,0.0463902505754057,174647,0.03755513532845112,353463,0.0,0,0.0,0,0.0,0,0.0,0
5,circuit,5,0000000001010001000010000,"NOR-in(0,1)/NOR-in(1,1)/NOR-mid(0,1)/NOR-out(2,0)/NOT-mid(1,1)|edges=0100000001000100000000010",43,1,-0.0996501343794519,1.593756723661178e-05,6,0.0005471819597826572,1030,0.0021457021543349,8078,0.007631343577590869,71825,0.036628115583338054,344738,0.005934810320083448,22343,0.0,0,0.0,0
5,circuit,5,0000000001010001000010000,"NOR-in(0,1)/NOR-mid(1,1)/NOR-out(0,1)/NOR-out(1,1)/OUT-OR2(2,0)|edges=0100000010000010000100000",43,2,0.029789768727346875,0.056227737210766356,21168,0.08834810547543206,166304,0.08033898800313967,302455,0.05998634486214282,564582,0.03692593191916438,347541,0.05408399046201634,203612,0.05970033489732082,112378,0.17141688403448843,64534
5,circuit,5,0000000001010001000010000,"NOR-in(0,1)/NOR-mid(1,1)/NOR-out(1,1)/NOT-out(0,1)/OUT-OR2(2,0)|edges=0100000100000010000100000",43,1,-0.11925150933039359,0.0,0,0.01831518955870572,34476,0.030765777670938327,115825,0.04076470896982758,383671,0.0,0,0.0,0,0.0,0,0.0,0
5,circuit,5,0000000001010001000010000,"NOR-in(0,1)/NOR-out(0,1)/NOR-out(1,1)/NOT-in(1,1)/OUT-OR2(2,0)|edges=0001000001000010010000000",43,1,0.1343921139693674,0.06896982221643748,25965,0.08262394468256008,155529,0.08042584670634188,302782,0.061858454487442524,582202,0.0,0,0.0,0,0.0,0,0.0,0
5,circuit,5,0000000001010001000010000,"NOR-in(0,1)/NOR-out(0,1)/NOR-out(1,1)/NOT-mid(1,1)/OUT-OR2(2,0)|edges=0001000001000010010000000",43,1,-0.11104161253796628,0.0001593756723661178,60,0.0021170098152756204,3985,0.004224467326385523,15904,0.008287963185102342,78005,0.051854360905586906,488045,0.029422772427396656,110769,0.0,0,0.0,0
5,circuit,5,0000000001010001000010000,"NOR-in(0,1)/NOR-out(1,1)/NOT-in(0,1)/NOT-mid(1,1)/OUT-OR2(2,0)|edges=0000100001000100100000000",43,1,-0.22044565075286662,0.0,0,0.0003973709766188617,748,0.0015435349367219737,5811,0.006199636585484542,58350,0.054246879011237016,510563,0.06043078175181958,227506,0.07029284390724874,132317,0.1669145810866089,62839
5,circuit,5,0000000001010001000010000,"NOR-in(0,1)/NOR-out(1,1)/NOT-mid(1,1)/NOT-out(0,1)/OUT-OR2(2,0)|edges=0010000001010000000100000",43,1,0.09554161933040665,0.04936130199299278,18583,0.04578372393979511,86182,0.04748169525876323,178756,0.04652957412587249,437929,0.004065835791318617,38267,0.0,0,0.0,0,0.0,0
5,circuit,5,0000000001010001000010000,"NOR-in(1,1)/NOR-in(1,1)/NOR-out(0,1)/NOT-in(0,1)/OUT-OR2(2,0)|edges=0000110000000010100000000",43,1,-0.1854198181367469,0.0,0,0.0001668108110405382,314,0.0012455059917895947,4689,0.006195705367769667,58313,0.061348252695726586,577400,0.1159095575600633,436369,0.172359496124031,324444,0.0,0
5,circuit,5,0000000001010001000010000,"NOR-in(1,1)/NOR-out(0,1)/NOR-out(1,1)/NOT-in(0,1)/OUT-OR2(2,0)|edges=0010000001000011000000000",43,1,0.12140066996392607,0.0527639725980094,19864,0.056301836193908536,105981,0.06402469230902043,241036,0.052854903429105586,497462,0.0037635569916661363,35422,0.0,0,0.0,0,0.0,0
5,circuit,5,0000000001010001000010000,"NOR-mid(1,1)/NOR-out(0,1)/NOR-out(1,1)/NOT-in(0,1)/OUT-OR2(2,0)|edges=0010000001000011000000000",43,3,-0.35836802398127565,2.6562612061019633e-06,1,0.004007178177320955,7543,0.010651214494512893,40099,0.03233734692953834,304354,0.1153058153022347,1085240,0.12691431034890352,477799,0.10290017679858561,193696,0.11104618114398339,41806
5,circuit,5,0000000001010001000010010,"NOR-in(0,1)/NOR-in(1,1)/NOR-mid(1,2)/NOR-out(1,1)/OUT-OR2(2,0)|edges=0100000100000110000100000",43,1,-0.10729735985697651,2.6562612061019633e-06,1,0.01207306526021424,22726,0.022577419127773935,84998,0.0369012781982528,347309,0.0,0,0.0,0,0.0,0,0.0,0
5,circuit,5,0000000001010001000010010,"NOR-in(0,1)/NOR-in(1,2)/NOR-out(2,0)/NOT-in(1,1)/NOT-mid(1,1)|edges=0001000101000000100000100",43,1,0.12564372401208657,0.05753993024658073,21662,0.05828125365230677,109707,0.06563675796570011,247105,0.05241598828369622,493331,0.0,0,0.0,0,0.0,0,0.0,0
5,circuit,5,0000000001010001000010010,"NOR-in(1,1)/NOR-mid(1,2)/NOR-out(1,1)/NOT-in(0,1)/OUT-OR2(2,0)|edges=0100000101000011000000000",43,2,-0.190912064985742,0.00017000071719052565,64,0.02214493203256317,41685,0.0389562611976673,146660,0.06252336152689346,588460,0.0,0,0.0,0,0.0,0,0.0,0
5,circuit,5,0000000001010001000010010,"NOR-mid(1,2)/NOR-out(1,1)/NOT-in(0,1)/NOT-in(1,1)/OUT-OR2(2,0)|edges=0100100001000101000000000",43,1,-0.09936557727550105,0.0003081262999078277,116,0.003458402483674853,6510,0.005752596132264289,21657,0.011090708917553014,104384,0.02635435511500885,248043,0.0,0,0.0,0,0.0,0
5,circuit,5,0000000001010001010010000,"NOR-in(0,2)/NOR-in(1,1)/NOR-in(1,1)/NOR-mid(1,1)/NOR-out(2,0)|edges=0100100100000100000100000",43,1,0.3276813114096719,0.08082471597927053,30428,0.051193387916947344,96365,0.039306617862877466,147979,0.034599603350757485,325646,0.00012016777588996669,1131,0.0,0,0.0,0,0.0,0
5,circuit,5,0000000001010001010010000,"NOR-in(0,2)/NOR-in(1,1)/NOR-mid(1,1)/NOR-out(1,1)/OUT-OR2(2,0)|edges=0100100100000100000100000",43,1,-0.07084646340477302,0.0,0,0.0005158385271349128,971,0.0021430459248791747,8068,0.00815642676534519,76767,0.03824458997979248,359952,0.03660043184955549,137791,0.037411919454644366,70423,0.09663881171076887,36382
5,circuit,5,0000000001010001010010000,"NOR-in(0,2)/NOR-in(1,1)/NOR-out(1,1)/NOT-in(1,1)/OUT-OR2(2,0)|edges=0001100100000010100000000",43,1,0.12564372401208657,0.05753993024658073,21662,0.05828125365230677,109707,0.06563675796570011,247105,0.05241598828369622,493331,0.0,0,0.0,0,0.0,0,0.0,0
5,circuit,5,0000000001010001010010000,"NOR-in(0,2)/NOR-in(1,1)/NOR-out(1,1)/NOT-mid(1,1)/OUT-OR2(2,0)|edges=0100100010000010010000000",43,2,0.11050366243075535,0.014046309257867182,5288,0.017578884513794298,33090,0.022022798417418492,82910,0.035318484946942376,332412,0.06839724555482822,643744,0.005934810320083448,22343,0.0,0,0.0,0
5,circuit,5,0000000001010001010110000,"NOR-in(0,3)/NOR-in(1,1)/NOR-mid(2,1)/NOR-out(2,0)/NOT-in(1,1)|edges=0111000001000100000000100",43,1,0.0009041164842579602,0.0009190663773112793,346,0.00532413359314737,10022,0.007151100940703661,26922,0.012135669085817632,114219,0.0,0,0.0,0,0.0,0,0.0,0
5,circuit,5,0000000001010001100010000,"NOR-in(0,1)/NOR-in(0,2)/NOR-mid(2,1)/NOR-out(1,1)/OUT-OR2(2,0)|edges=0010000101000100000100000",43,3,0.17545333681370956,0.05675102066836844,21365,0.06650279540919649,125183,0.07086262379689406,266779,0.06649081019422128,625801,0.06391884435786792,601594,0.03916103568456442,147431,0.012266995614035088,23091,0.0,0
5,circuit,5,0000000001010001100010000,"NOR-in(0,1)/NOR-in(2,1)/NOR-out(1,1)/NOT-in(0,2)/OUT-OR2(2,0)|edges=0100000100000010100100000",43,2,0.28127681150096084,0.1097434317301026,41315,0.10930942449207702,205761,0.11892576768351558,447724,0.09894556240956871,931260,0.03326777407310642,313111,0.015403466430722783,57990,0.0,0,0.0,0
5,circuit,5,0000000001010001110010000,"NOR-in(0,3)/NOR-in(1,1)/NOR-in(2,1)/NOR-out(2,0)/NOT-mid(1,1)|edges=0111000100000010000000010",43,1,0.2536544849169375,0.01403037169063057,5282,0.01703170255401164,32060,0.01987709626308359,74832,0.027687141369351503,260587,0.031769129971490166,299006,0.0,0,0.0,0,0.0,0
5,circuit,5,0000000001010001110010000,"NOR-in(0,3)/NOR-in(1,1)/NOR-mid(2,1)/NOR-out(1,1)/OUT-OR2(2,0)|edges=0110100100000100000100000",43,1,-0.05569020244288404,3.187513447322356e-05,12,0.0009461466702649636,1781,0.0023672316909423906,8912,0.007438076414797444,70006,0.04577117271743116,430791,0.02168358639660619,81633,0.0,0,0.0,0
5,circuit,5,0000000001010011000010000,"NOR-in(0,1)/NOR-in(0,2)/NOR-out(2,1)/NOT-mid(1,1)/OUT-OR2(2,0)|edges=0000100110000010010000000",43,1,0.12564372401208657,0.05753993024658073,21662,0.05828125365230677,109707,0.06563675796570011,247105,0.05241598828369622,493331,0.0,0,0.0,0,0.0,0,0.0,0
5,circuit,5,0000000001010011000010000,"NOR-in(0,2)/NOR-in(1,1)/NOR-mid(2,1)/NOR-out(2,0)/NOT-mid(0,1)|edges=0110000100000100000000010",43,1,-0.05569020244288404,3.187513447322356e-05,12,0.0009461466702649636,1781,0.0023672316909423906,8912,0.007438076414797444,70006,0.04577117271743116,430791,0.02168358639660619,81633,0.0,0,0.0,0
5,circuit,5,0000000001010011000010000,"NOR-in(0,2)/NOR-out(0,1)/NOR-out(2,1)/NOT-mid(1,1)/OUT-OR2(2,0)|edges=0011000001000010010000000",43,1,0.12140066996392607,0.0527639725980094,19864,0.056301836193908536,105981,0.06402469230902043,241036,0.052854903429105586,497462,0.0037635569916661363,35422,0.0,0,0.0,0,0.0,0
5,circuit,5,0000000001010011000010000,"NOR-in(1,1)/NOR-out(0,1)/NOR-out(2,1)/NOT-in(0,2)/OUT-OR2(2,0)|edges=0010000001000011010000000",43,1,-0.2182151575469809,0.0,0,7.915544855108343e-05,149,0.0010420388154810366,3923,0.004904990967761677,46165,0.06271631660585851,590276,0.09275468644954482,349197,0.09004031092751258,169489,0.1894420331815743,71320
5,circuit,5,0000000001010011010010000,"NOR-in(1,2)/NOR-mid(1,1)/NOR-out(2,1)/NOT-in(0,2)/OUT-OR2(2,0)|edges=0110000100000011000100000",43,2,0.28127681150096084,0.1097434317301026,41315,0.10930942449207702,205761,0.11892576768351558,447724,0.09894556240956871,931260,0.03326777407310642,313111,0.015403466430722783,57990,0.0,0,0.0,0
5,circuit,5,0000000001010011100010000,"NOR-in(2,1)/NOR-mid(2,1)/NOR-out(2,0)/NOT-in(0,2)/NOT-in(0,2)|edges=0100000100000001010011000",43,1,-0.0220825208895289,0.05497132566028013,20695,0.059087151742588606,111224,0.0463902505754057,174647,0.03755513532845112,353463,0.0,0,0.0,0,0.0,0,0.0,0
5,circuit,5,0000000001010101000010000,"NOR-in(0,2)/NOR-in(1,1)/NOR-mid(1,1)/NOR-mid(1,1)/NOR-out(2,0)|edges=0110000010000010000100000",43,1,0.02982617300751837,0.0010784420496773972,406,0.0030095007788046146,5665,0.004536839910378818,17080,0.008690966125440696,81798,0.0,0,0.0,0,0.0,0,0.0,0
5,circuit,5,0000000001010101000010000,"NOR-in(0,2)/NOR-mid(1,1)/NOR-out(1,1)/NOR-out(1,1)/OUT-OR2(2,0)|edges=0110000010000010000100000",43,2,-0.26879266290791237,0.0,0,0.0002146228269438772,404,0.0021834206126061994,8220,0.011162852075077334,105063,0.10691733955131626,1006289,0.1549284850442408,583265,0.17276536787705699,325208,0.4539835420241504,170913
5,circuit,5,0000000001010101000010000,"NOR-out(1,1)/NOR-out(1,1)/NOT-in(0,2)/NOT-mid(1,1)/OUT-OR2(2,0)|edges=0000100001010101000000000",43,1,0.1343921139693674,0.06896982221643748,25965,0.08262394468256008,155529,0.08042584670634188,302782,0.061858454487442524,582202,0.0,0,0.0,0,0.0,0,0.0,0
5,circuit,5,0000000001100001000000110,"NOR-in(0,1)/NOR-in(1,2)/NOR-mid(1,1)/NOR-mid(1,1)/NOR-out(2,0)|edges=0100000110000010000100000",43,1,0.0427593017770381,0.0019736020761337587,743,0.004564985029526576,8593,0.005572769398111687,20980,0.008942139062682947,84162,0.05084425034379565,478538,0.0,0,0.0,0,0.0,0
5,circuit,5,0000000001100001000000110,"NOR-in(0,1)/NOR-mid(1,2)/NOR-out(1,1)/NOR-out(1,1)/OUT-OR2(2,0)|edges=0100000110000010000100000",43,2,-0.1707962580259048,1.3281306030509816e-05,5,0.0012760495799980026,2402,0.0038974854803857377,14673,0.011623760789864513,109401,0.12649183087559596,1190521,0.21191068592573664,797788,0.17663868064055488,332499,0.0,0
5,circuit,5,0000000001100001000000110,"NOR-in(0,1)/NOR-mid(1,2)/NOR-out(1,1)/NOT-out(1,1)/OUT-OR2(2,0)|edges=0100000110000010000100000",43,1,0.23175733617812672,0.023011190828461307,8663,0.02147078260832609,40416,0.023569255206541764,88732,0.024408505795146158,229729,0.04639081769443407,436623,0.0,0,0.0,0,0.0,0
5,circuit,5,0000000001100001000000110,"NOR-in(0,1)/NOR-out(1,1)/NOR-out(1,1)/NOT-mid(1,2)/OUT-OR2(2,0)|edges=0001000001000010110000000",43,1,-0.20297689558657397,0.0,0,0.00011049888119882787,208,0.0010024609965907296,3774,0.005264431765854123,49548,0.06576768562069844,618995,0.1276160857982908,480441,0.1956641846865225,368312,0.0,0
5,circuit,5,0000000001100001000000110,"NOR-mid(1,2)/NOR-out(1,1)/NOR-out(1,1)/NOT-in(0,1)/OUT-OR2(2,0)|edges=0110000001000011000000000",43,1,-0.10072404792504921,1.3281306030509816e-05,5,0.0007639297652111272,1438,0.0019255007324552723,7249,0.006016038093287159,56622,0.061374921229544785,577651,0.10810449707376638,406985,0.13851648561811505,260739,0.0,0
5,circuit,6,0000000000000000010011010,"NOR-in(1,1)/NOR-mid(1,0)/NOT-in(0,3)/NOT-mid(1,0)/OUT-OR2(1,0)|edges=0001000000110010000000000",63,1,0.13032289710869266,0.042056392188743574,231554,0.0747845843521533,2058744,0.06905843435882766,3802217,0.04450985122429725,6126555,0.009070868659222086,1248559,0.0,0,0.0,0,0.0,0
5,circuit,6,0000000000000000010111000,"NOR-in(0,2)/NOR-in(1,0)/NOR-in(1,0)/NOR-in(1,2)/NOR-out(1,0)|edges=0101000000000000010100000",63,1,0.095879309073924,0.0004221004838898921,2324,0.001537978746694984,42339,0.002119275490139329,116683,0.003684879853395536,507205,0.016244951021476484,2236035,0.014299474588300727,787300,0.006203389802187011,170773,0.0,0
5,circuit,6,0000000000000000110011100,"NOR-in(0,2)/NOR-in(2,0)/NOR-mid(2,0)/NOT-in(0,3)/OUT-OR2(1,0)|edges=0110000000000000110100000",63,1,0.13032289710869266,0.042056392188743574,231554,0.0747845843521533,2058744,0.06905843435882766,3802217,0.04450985122429725,6126555,0.009070868659222086,1248559,0.0,0,0.0,0,0.0,0
5,circuit,6,0000000000000010000111000,"NOR-in(0,1)/NOR-in(0,1)/NOR-mid(2,2)/NOR-out(1,0)/NOR-out(1,0)|edges=0010000100000110000000000",63,1,0.10141003938065499,0.000591376581560021,3256,0.0021764693211218183,59916,0.005036709764456068,277311,0.011239412086702334,1547048,0.01130581490907318,1556188,0.010501604608829818,578197,0.008412334622919751,231583,0.0,0
5,circuit,6,0000000000000010000111000,"NOR-in(2,2)/NOR-mid(1,0)/NOT-in(0,1)/NOT-in(0,1)/OUT-OR2(1,0)|edges=0100100000100001000000000",63,1,-0.12380465969091613,4.359041141720056e-06,24,0.0007199319960496914,19819,0.0020712533755559846,114039,0.004500166014115653,619425,0.026999259929104104,3716311,0.028050109441926905,1544382,0.02510666849601153,691161,0.008563337878239971,47148
5,circuit,6,0000000000000010010011000,"NOR-in(0,1)/NOR-in(1,1)/NOR-in(1,2)/NOR-out(1,0)/NOT-in(1,0)|edges=0100000100000110000000000",63,1,0.2466091640613717,0.04782649127338126,263323,0.03423765398722053,942528,0.027707198124478517,1525502,0.02478541126275621,3411586,0.01065942709211915,1467216,0.0,0,0.0,0,0.0,0
5,circuit,6,0000000000000010010011000,"NOR-in(0,1)/NOR-in(1,1)/NOR-mid(1,2)/NOR-out(1,0)/NOR-out(1,0)|edges=0100000100000110000000000",63,3,0.048609755830096496,0.0006251591504083514,3442,0.004015803123027874,110551,0.010351072352526202,569909,0.032396196933440084,4459172,0.07347400054085541,10113323,0.08402320775847026,4626147,0.09448729685998912,2601139,0.11313566410094669,622902
5,circuit,6,0000000000000010010011000,"NOR-in(0,1)/NOR-out(1,0)/NOR-out(1,0)/NOT-in(1,1)/NOT-mid(1,2)|edges=0001000000000000000101100",63,1,-0.16172060464176846,3.632534284766713e-07,2,0.0003538815028768401,9742,0.0016849514258308884,92770,0.005262838537552442,724403,0.03740900835709005,5149160,0.04341141037772063,2390144,0.050069706539446555,1378368,0.06663449451550793,366876
5,circuit,6,0000000000000010010011000,"NOR-in(1,1)/NOR-mid(1,2)/NOR-out(1,0)/NOR-out(1,0)/NOT-in(0,1)|edges=0100000110000000000010000",63,1,-0.10546193649187667,7.265068569533426e-07,4,0.0004268227939645731,11750,0.0019310375190569604,106319,0.008997556771473196,1238468,0.03330502111298389,4584267,0.03856173984774992,2123131,0.040077763866377764,1103300,0.011235248956690556,61859
5,circuit,6,0000000000000010100010010,"NOR-in(0,1)/NOR-in(1,0)/NOR-in(1,2)/NOR-out(1,1)/OUT-NOT(1,0)|edges=0010000000010100000100000",63,1,0.095879309073924,0.0004221004838898921,2324,0.001537978746694984,42339,0.002119275490139329,116683,0.003684879853395536,507205,0.016244951021476484,2236035,0.014299474588300727,787300,0.006203389802187011,170773,0.0,0
5,circuit,6,0000000000000010100010010,"NOR-in(0,1)/NOR-in(1,1)/NOR-in(1,2)/NOR-mid(1,0)/OUT-OR2(1,0)|edges=0010000010010010000000000",63,2,-0.06570625813002863,8.718082283440112e-06,48,0.0012242004237787301,33701,0.0035256477958948247,194115,0.009436054604324597,1298825,0.057588859381160894,7926814,0.0785175558697981,4323017,0.08977070382663274,2471296,0.08671678232960642,477445
5,circuit,6,0000000000000010100010010,"NOR-in(0,1)/NOR-in(1,2)/NOR-out(1,1)/NOT-in(1,0)/OUT-NOT(1,0)|edges=0100000110000010000000000",63,1,0.2466091640613717,0.04782649127338126,263323,0.03423765398722053,942528,0.027707198124478517,1525502,0.02478541126275621,3411586,0.01065942709211915,1467216,0.0,0,0.0,0,0.0,0
5,circuit,6,0000000000000010100010010,"NOR-in(1,0)/NOR-in(1,2)/NOR-out(1,1)/NOT-in(0,1)/OUT-OR2(1,0)|edges=0000010100000010100000000",63,1,-0.08081705021574134,0.003437648820388979,18927,0.00860689072163166,236939,0.009429189421396544,519152,0.010005505324780525,1377207,0.01190920804117429,1639242,0.01470195948208549,809460,0.01756203762137073,483465,0.033451106170459974,184175
5,circuit,6,0000000000000010100011000,"NOR-in(0,1)/NOR-in(1,0)/NOR-in(1,2)/NOR-out(0,1)/OUT-OR2(2,0)|edges=0010000000010010000100000",63,3,-0.08536922652623448,9.081335711916784e-06,50,0.0016320977134321932,44930,0.005127777420477585,282325,0.013090929718424339,1801900,0.09305702605619572,12808827,0.12692355676699796,6988153,0.14809534722698237,4076914,0.18344791862104615,1010027
5,circuit,6,0000000000000010100011000,"NOR-in(1,2)/NOR-in(2,0)/NOR-out(1,0)/NOT-in(0,1)/NOT-in(0,1)|edges=0110000000000001000001000",63,1,-0.08081705021574134,0.003437648820388979,18927,0.00860689072163166,236939,0.009429189421396544,519152,0.010005505324780525,1377207,0.01190920804117429,1639242,0.01470195948208549,809460,0.01756203762137073,483465,0.033451106170459974,184175
5,circuit,6,0000000000000010100110000,"NOR-in(0,1)/NOR-in(0,2)/NOR-in(2,1)/NOR-mid(1,0)/NOR-out(1,0)|edges=0010000101000100000000000",63,1,-0.05252870702311037,5.44880142715007e-07,3,0.000444803839327336,12245,0.001732392334791439,95382,0.004141932675148016,570116,0.03294159324629203,4534243,0.044799837959872364,2466588,0.05397308385660915,1485824,0.09589819602865852,527996
5,circuit,6,0000000000000010100110000,"NOR-in(0,1)/NOR-in(0,2)/NOR-in(2,1)/NOR-mid(1,0)/OUT-OR2(1,0)|edges=0010000101000100000000000",63,2,-0.06570625813002863,8.718082283440112e-06,48,0.0012242004237787301,33701,0.0035256477958948247,194115,0.009436054604324597,1298825,0.057588859381160894,7926814,0.0785175558697981,4323017,0.08977070382663274,2471296,0.08671678232960642,477445
5,circuit,6,0000000000000010100110000,"NOR-in(0,1)/NOR-in(0,2)/NOR-mid(2,1)/NOR-out(1,0)/NOT-in(1,0)|edges=0010000101000100000000000",63,1,0.07051498810968163,0.01808693308399618,99583,0.02049784683338716,564285,0.020127441320163527,1108176,0.03181104639661171,4378629,0.0,0,0.0,0,0.0,0,0.0,0
5,circuit,6,0000000000000010100110000,"NOR-in(0,1)/NOR-in(2,1)/NOT-in(0,2)/NOT-mid(1,0)/OUT-OR2(1,0)|edges=0100000010010010000000000",63,1,0.13032289710869266,0.042056392188743574,231554,0.0747845843521533,2058744,0.06905843435882766,3802217,0.04450985122429725,6126555,0.009070868659222086,1248559,0.0,0,0.0,0,0.0,0
5,circuit,6,0000000000000010100110000,"NOR-in(0,2)/NOR-in(1,0)/NOR-mid(2,1)/NOR-out(1,0)/NOT-in(0,1)|edges=0110000000000100000000100",63,1,-0.051128640267370525,8.845220983406947e-05,487,0.0007599261999777762,20920,0.0017371327931523517,95643,0.003987724298321735,548890,0.023587343262741964,3246678,0.029234660989207975,1609601,0.028979714141980046,797782,0.016058892109534734,88417
5,circuit,6,0000000000000010110010000,"NOR-in(0,2)/NOR-in(1,0)/NOR-in(1,1)/NOR-mid(1,1)/NOR-out(1,0)|edges=0110000000000100000100000",63,2,-0.058653528460621704,3.9594623703957175e-05,218,0.001357550762216513,37372,0.0034232284675531155,188476,0.00851507620455479,1172057,0.05515886779433002,7592338,0.07530207208704237,4145979,0.07885257358418025,2170731,0.11024017049666016,606960
5,circuit,6,0000000000000010110010000,"NOR-in(0,2)/NOR-in(1,0)/NOR-in(1,1)/NOR-out(1,1)/OUT-NOT(1,0)|edges=0110000000000100000100000",63,1,0.095879309073924,0.0004221004838898921,2324,0.001537978746694984,42339,0.002119275490139329,116683,0.003684879853395536,507205,0.016244951021476484,2236035,0.014299474588300727,787300,0.006203389802187011,170773,0.0,0
5,circuit,6,0000000000000010110010000,"NOR-in(0,2)/NOR-in(1,0)/NOR-mid(1,1)/NOR-out(1,1)/OUT-NOT(1,0)|edges=0110000000000100000100000",63,2,-0.0865025416643341,0.0001594682551012587,878,0.001861891840633886,51256,0.0039676365093538595,218450,0.008897255214398683,1224662,0.04018738185043529,5531589,0.04836382716419588,2662814,0.050738456319905194,1396778,0.05278055111730418,290599
5,circuit,6,0000000000000010110010000,"NOR-in(0,2)/NOR-in(1,0)/NOR-mid(1,1)/NOR-out(1,1)/OUT-OR2(1,0)|edges=0110000000000100000100000",63,1,0.13032289710869266,0.042056392188743574,231554,0.0747845843521533,2058744,0.06905843435882766,3802217,0.04450985122429725,6126555,0.009070868659222086,1248559,0.0,0,0.0,0,0.0,0
5,circuit,6,0000000000000010110010000,"NOR-in(0,2)/NOR-in(1,1)/NOR-in(1,1)/NOR-mid(1,0)/OUT-OR2(1,0)|edges=0100100100000100000000000",63,2,-0.06987597614815531,0.000751571343518233,4138,0.008806789090583748,242442,0.020342868816787225,1120037,0.0219321857728976,3018854,0.05613471927525753,7726659,0.06777776593167706,3731706,0.07466404223243861,2055425,0.09714161274017186,534842
5,circuit,6,0000000000000010110010000,"NOR-in(0,2)/NOR-in(1,1)/NOR-in(1,1)/NOR-out(1,0)/NOR-out(1,0)|edges=0100100100000100000000000",63,1,-0.045502549437321974,1.634640428145021e-06,9,0.0004963858280447568,13665,0.0024364866214548024,134148,0.007252624982416714,998287,0.03435714856489329,4729087,0.044362825819558506,2442527,0.050782409999120565,1397988,0.09376571638947095,516255
5,circuit,6,0000000000000010110010000,"NOR-in(0,2)/NOR-in(1,1)/NOR-mid(1,1)/NOR-out(1,0)/NOR-out(1,0)|edges=0100100100000100000000000",63,1,-0.045502549437321974,1.634640428145021e-06,9,0.0004963858280447568,13665,0.0024364866214548024,134148,0.007252624982416714,998287,0.03435714856489329,4729087,0.044362825819558506,2442527,0.050782409999120565,1397988,0.09376571638947095,516255
5,circuit,6,0000000000000010110010000,"NOR-in(0,2)/NOR-in(1,1)/NOR-mid(1,1)/NOR-out(1,0)/NOR-out(1,0)|edges=0101000100000010000000000",63,1,-0.05252870702311037,5.44880142715007e-07,3,0.000444803839327336,12245,0.001732392334791439,95382,0.004141932675148016,570116,0.03294159324629203,4534243,0.044799837959872364,2466588,0.05397308385660915,1485824,0.09589819602865852,527996
5,circuit,6,0000000000000010110010000,"NOR-in(0,2)/NOR-in(1,1)/NOR-mid(1,1)/NOR-out(1,0)/NOT-out(1,0)|edges=0101000100000010000000000",63,1,-0.12183995202439145,3.632534284766713e-07,2,0.00111907487775886,30807,0.005508503428759002,303287,0.010529883550662334,1449385,0.008126017232412084,1118505,0.0027281428680430574,150206,3.149408254522752e-05,867,0.0,0
5,circuit,6,0000000000000010110010000,"NOR-in(0,2)/NOR-mid(1,1)/NOR-out(1,1)/NOT-in(1,0)/OUT-NOT(1,0)|edges=0101000100000010000000000",63,1,0.07051498810968163,0.01808693308399618,99583,0.02049784683338716,564285,0.020127441320163527,1108176,0.03181104639661171,4378629,0.0,0,0.0,0,0.0,0,0.0,0
5,circuit,6,0000000000000011100001000,"NOR-in(0,1)/NOR-in(0,2)/NOR-in(1,1)/NOR-mid(2,0)/NOR-out(1,0)|edges=0010000011000100000000000",63,1,-0.04350717418518614,1.4348510424828516e-05,79,0.0012992485848281605,35767,0.004105654682091694,226049,0.008936217785062931,1230025,0.022827722063206386,3142120,0.024721090773293538,1361093,0.02629694139423468,723928,0.029639487253162438,163189
5,circuit,6,0000000000000011100001000,"NOR-in(0,1)/NOR-in(0,2)/NOR-in(1,1)/NOR-mid(2,0)/OUT-OR2(1,0)|edges=0010000011000100000000000",63,2,0.06349296761800072,0.04318974288559079,237794,0.07591292219267479,2089806,0.0763794275222694,4205296,0.05499984954039932,7570450,0.0345498472842307,4755611,0.016754051234764988,922444,0.013099831047142645,360625,0.00019161621832406825,1055
5,circuit,6,0000000000000011100001000,"NOR-in(0,2)/NOR-in(1,0)/NOR-mid(0,1)/NOR-out(1,1)/OUT-OR2(2,0)|edges=0100100000000100000100000",63,2,-0.06987597614815531,0.000751571343518233,4138,0.008806789090583748,242442,0.020342868816787225,1120037,0.0219321857728976,3018854,0.05613471927525753,7726659,0.06777776593167706,3731706,0.07466404223243861,2055425,0.09714161274017186,534842
5,circuit,6,0000000000000011100001000,"NOR-in(0,2)/NOR-in(1,0)/NOR-out(1,1)/NOT-mid(0,1)/OUT-OR2(2,0)|edges=0100100000000010010000000",63,1,-0.16325859755500838,3.632534284766713e-07,2,0.00040248481337255067,11080,0.0019048469406798111,104877,0.004658166757506681,641173,0.01595939017611845,2196729,0.01201871474840326,661726,0.009183376602279612,252809,0.0014279494866955684,7862
5,circuit,6,0000000000000011100001000,"NOR-in(0,2)/NOR-in(1,1)/NOR-mid(2,0)/NOT-in(0,1)/OUT-OR2(1,0)|edges=0010100100000000100000000",63,2,0.06349296761800072,0.04318974288559079,237794,0.07591292219267479,2089806,0.0763794275222694,4205296,0.05499984954039932,7570450,0.0345498472842307,4755611,0.016754051234764988,922444,0.013099831047142645,360625,0.00019161621832406825,1055
5,circuit,6,0000000000000011100101000,"NOR-in(0,1)/NOR-in(0,3)/NOR-mid(2,1)/NOR-out(1,0)/NOR-out(2,0)|edges=0010000111000010000000000",63,1,-0.04350717418518614,1.4348510424828516e-05,79,0.0012992485848281605,35767,0.004105654682091694,226049,0.008936217785062931,1230025,0.022827722063206386,3142120,0.024721090773293538,1361093,0.02629694139423468,723928,0.029639487253162438,163189
5,circuit,6,0000000000000011110001000,"NOR-in(1,0)/NOR-mid(1,1)/NOR-out(1,1)/NOT-in(0,3)/OUT-OR2(2,0)|edges=0000000100000011100100000",63,1,0.13032289710869266,0.042056392188743574,231554,0.0747845843521533,2058744,0.06905843435882766,3802217,0.04450985122429725,6126555,0.009070868659222086,1248559,0.0,0,0.0,0,0.0,0
5,circuit,6,0000000000000110100010000,"NOR-in(0,2)/NOR-in(1,0)/NOR-in(1,1)/NOR-out(1,1)/OUT-OR2(1,0)|edges=0011000000010000000100000",63,1,-0.045502549437321974,1.634640428145021e-06,9,0.0004963858280447568,13665,0.0024364866214548024,134148,0.007252624982416714,998287,0.03435714856489329,4729087,0.044362825819558506,2442527,0.050782409999120565,1397988,0.09376571638947095,516255
5,circuit,6,0000000000000110100010000,"NOR-in(0,2)/NOR-in(1,1)/NOR-in(1,1)/NOR-mid(1,0)/OUT-OR2(1,0)|edges=0110000001000100000000000",63,1,-0.050240022280082605,3.632534284766713e-07,2,0.0004078972896534631,11229,0.0016021296245827602,88210,0.0036548751140997415,503075,0.035468166675034815,4882013,0.048406000897199854,2665136,0.05832464340034962,1605618,0.09673113629143973,532582
5,circuit,6,0000000000000110100010000,"NOR-in(0,2)/NOR-in(1,1)/NOR-mid(1,0)/NOR-out(1,1)/OUT-OR2(1,0)|edges=0101000100000000000100000",63,3,-0.13158078530967152,2.5427739993366992e-06,14,0.0020602645451309526,56717,0.009677382385005243,532817,0.021924441208227063,3017788,0.0754247590435974,10381835,0.09189080664747393,5059321,0.10478698793827494,2884679,0.18966391241812947,1044251
5,circuit,6,0000000000000110100010000,"NOR-in(0,2)/NOR-mid(1,1)/NOR-out(1,0)/NOT-in(1,0)/NOT-in(1,1)|edges=0100100100000000000000010",63,1,0.07051498810968163,0.01808693308399618,99583,0.02049784683338716,564285,0.020127441320163527,1108176,0.03181104639661171,4378629,0.0,0,0.0,0,0.0,0,0.0,0
5,circuit,6,0000000000000110100011000,"NOR-in(0,2)/NOR-in(1,1)/NOR-in(1,2)/NOR-in(2,0)/OUT-OR2(1,0)|edges=0110000010000110000000000",63,2,-0.06570625813002863,8.718082283440112e-06,48,0.0012242004237787301,33701,0.0035256477958948247,194115,0.009436054604324597,1298825,0.057588859381160894,7926814,0.0785175558697981,4323017,0.08977070382663274,2471296,0.08671678232960642,477445
5,circuit,6,0000000000000110100011000,"NOR-in(0,2)/NOR-in(1,1)/NOR-in(1,2)/NOR-mid(1,0)/NOR-mid(2,0)|edges=0110000001000110000000000",63,1,-0.0317552792625386,3.92313702754805e-05,216,0.0009496534725630498,26143,0.0018210988429703551,100266,0.004860201090455048,668982,0.019690701119295204,2710325,0.026896071189842517,1480843,0.020527930183830635,565113,0.013509034205220425,74378
5,circuit,6,0000000000000110100011000,"NOR-in(0,2)/NOR-in(1,1)/NOR-in(1,2)/NOR-mid(2,0)/OUT-OR2(1,0)|edges=0110000010000110000000000",63,1,-0.003793209628154967,1.798104470959523e-05,99,0.0006251954984616399,17211,0.001787788495713981,98432,0.004723298110481693,650138,0.025331781039708685,3486791,0.02759971140961307,1519584,0.030045935953822628,827134,0.041083062088921915,226195
5,circuit,6,0000000000010000100010010,"NOR-in(0,1)/NOR-in(0,2)/NOR-in(1,1)/NOR-in(2,0)/OUT-OR2(1,0)|edges=0001000101000100000000000",63,1,-0.04632803568156842,0.0007512080900897562,4136,0.008398891800930284,231213,0.018740739192204463,1031827,0.018277310658797858,2515779,0.020666552600222713,2844646,0.01937176503447721,1066570,0.01633939883208899,449807,0.00041047644873212725,2260
5,circuit,6,0000000000010000100010010,"NOR-in(0,1)/NOR-in(0,2)/NOR-in(1,1)/NOR-mid(2,0)/NOR-out(1,0)|edges=0001000101000100000000000",63,1,-0.12183995202439145,3.632534284766713e-07,2,0.00111907487775886,30807,0.005508503428759002,303287,0.010529883550662334,1449385,0.008126017232412084,1118505,0.0027281428680430574,150206,3.149408254522752e-05,867,0.0,0
5,circuit,6,0000000000010000100010010,"NOR-in(0,2)/NOR-in(1,0)/NOR-in(1,1)/NOR-out(0,1)/OUT-OR2(2,0)|edges=0110000000000010000100000",63,4,-0.07787238298914771,2.7062380421512013e-05,149,0.0022572932118938333,62141,0.006915565916191566,380757,0.017814227828906033,2452038,0.1183888070959044,16295618,0.15452326817661102,8507737,0.178141283180805,4904048,0.22453098070996805,1236222
5,circuit,6,0000000000010000100010010,"NOR-in(0,2)/NOR-in(1,0)/NOR-out(0,1)/NOR-out(1,1)/OUT-OR2(2,0)|edges=0101000000000010000100000",63,2,-0.07093473642105488,2.179520570860028e-06,12,0.0009411896673720927,25910,0.004168878956246241,229530,0.01139455765756473,1568403,0.06729874181118532,9263330,0.08916266377943087,4909115,0.10475549385572971,2883812,0.18966391241812947,1044251
5,circuit,6,0000000000010000100010010,"NOR-in(0,2)/NOR-in(1,0)/NOR-out(1,1)/NOT-out(0,1)/OUT-OR2(2,0)|edges=0110000000000010000100000",63,1,-0.12183995202439145,3.632534284766713e-07,2,0.00111907487775886,30807,0.005508503428759002,303287,0.010529883550662334,1449385,0.008126017232412084,1118505,0.0027281428680430574,150206,3.149408254522752e-05,867,0.0,0
5,circuit,6,0000000000010000100010010,"NOR-in(0,2)/NOR-in(1,1)/NOR-mid(1,0)/NOR-mid(2,0)/NOT-in(0,1)|edges=0110000010000000000000010",63,1,-0.0700120925016795,7.101604526718925e-05,391,0.0011019656406561099,30336,0.0022305037162015083,122807,0.004909530916076947,675772,0.01660003858769333,2284911,0.0191291661749879,1053213,0.021758742177925148,598996,0.03672165900776945,202182
5,circuit,6,0000000000010000100110000,"NOR-in(0,1)/NOR-in(0,2)/NOR-in(2,0)/NOR-out(1,1)/OUT-OR2(1,0)|edges=0010000110000000000100000",63,1,-0.05252870702311037,5.44880142715007e-07,3,0.000444803839327336,12245,0.001732392334791439,95382,0.004141932675148016,570116,0.03294159324629203,4534243,0.044799837959872364,2466588,0.05397308385660915,1485824,0.09589819602865852,527996
5,circuit,6,0000000000010000100110000,"NOR-in(0,1)/NOR-in(0,2)/NOR-mid(2,0)/NOR-out(1,1)/OUT-OR2(1,0)|edges=0010000110000000000100000",63,1,-0.04350717418518614,1.4348510424828516e-05,79,0.0012992485848281605,35767,0.004105654682091694,226049,0.008936217785062931,1230025,0.022827722063206386,3142120,0.024721090773293538,1361093,0.02629694139423468,723928,0.029639487253162438,163189
5,circuit,6,0000000000010000100110000,"NOR-in(0,2)/NOR-in(1,0)/NOR-in(1,1)/NOR-out(0,1)/OUT-OR2(2,0)|edges=0010100000010000000100000",63,2,-0.06987597614815531,0.000751571343518233,4138,0.008806789090583748,242442,0.020342868816787225,1120037,0.0219321857728976,3018854,0.05613471927525753,7726659,0.06777776593167706,3731706,0.07466404223243861,2055425,0.09714161274017186,534842
5,circuit,6,0000000000010000100110000,"NOR-in(0,2)/NOR-in(1,1)/NOR-mid(1,0)/NOR-mid(2,0)/NOT-in(0,1)|edges=0101000100000000000000010",63,1,-0.051128640267370525,8.845220983406947e-05,487,0.0007599261999777762,20920,0.0017371327931523517,95643,0.003987724298321735,548890,0.023587343262741964,3246678,0.029234660989207975,1609601,0.028979714141980046,797782,0.016058892109534734,88417
5,circuit,6,0000000000010000100110000,"NOR-in(0,2)/NOR-in(2,0)/NOR-out(1,1)/NOT-in(0,1)/OUT-OR2(1,0)|edges=0110000000000010100000000",63,1,-0.08081705021574134,0.003437648820388979,18927,0.00860689072163166,236939,0.009429189421396544,519152,0.010005505324780525,1377207,0.01190920804117429,1639242,0.01470195948208549,809460,0.01756203762137073,483465,0.033451106170459974,184175
5,circuit,6,0000000000010000100110100,"NOR-in(0,2)/NOR-in(1,1)/NOR-in(1,2)/NOR-in(2,0)/OUT-OR2(1,0)|edges=0011000010010010000000000",63,1,-0.050240022280082605,3.632534284766713e-07,2,0.0004078972896534631,11229,0.0016021296245827602,88210,0.0036548751140997415,503075,0.035468166675034815,4882013,0.048406000897199854,2665136,0.05832464340034962,1605618,0.09673113629143973,532582
5,circuit,6,0000000000010000110010010,"NOR-in(0,2)/NOR-in(1,0)/NOR-mid(1,2)/NOR-out(1,1)/OUT-OR2(2,0)|edges=0110000000000110000100000",63,1,0.05758617967948495,0.0001425769706770935,785,0.0028743155079178533,79127,0.006275204458602694,345500,0.010454123400207965,1438957,0.012119597206205668,1668201,0.012514610283376427,689029,0.011707443875238244,322294,2.887865280903019e-05,159
5,circuit,6,0000000000010000110010010,"NOR-in(0,2)/NOR-in(1,1)/NOR-in(1,2)/NOR-mid(2,0)/NOR-out(1,0)|edges=0010100010010100000000000",63,1,-0.045502549437321974,1.634640428145021e-06,9,0.0004963858280447568,13665,0.0024364866214548024,134148,0.007252624982416714,998287,0.03435714856489329,4729087,0.044362825819558506,2442527,0.050782409999120565,1397988,0.09376571638947095,516255
5,circuit,6,0000000000010001000011000,"NOR-in(0,1)/NOR-in(0,2)/NOR-in(2,0)/NOR-out(0,1)/OUT-OR2(2,0)|edges=0010000101000000000100000",63,2,-0.06570625813002863,8.718082283440112e-06,48,0.0012242004237787301,33701,0.0035256477958948247,194115,0.009436054604324597,1298825,0.057588859381160894,7926814,0.0785175558697981,4323017,0.08977070382663274,2471296,0.08671678232960642,477445
5,circuit,6,0000000000010001000011000,"NOR-in(0,1)/NOR-in(2,0)/NOR-out(0,1)/NOT-in(0,2)/OUT-OR2(2,0)|edges=0100000000000010100100000",63,1,0.13032289710869266,0.042056392188743574,231554,0.0747845843521533,2058744,0.06905843435882766,3802217,0.04450985122429725,6126555,0.009070868659222086,1248559,0.0,0,0.0,0,0.0,0
5,circuit,6,0000000000010001010010100,"NOR-in(0,2)/NOR-in(2,0)/NOR-mid(2,1)/NOR-out(1,0)/NOT-in(0,2)|edges=0110000000000100000001100",63,1,0.13032289710869266,0.042056392188743574,231554,0.0747845843521533,2058744,0.06905843435882766,3802217,0.04450985122429725,6126555,0.009070868659222086,1248559,0.0,0,0.0,0,0.0,0
5,circuit,6,0000000000010001010010100,"NOR-in(0,2)/NOR-in(2,1)/NOR-mid(2,0)/NOT-in(0,2)/NOT-mid(1,0)|edges=0110000001000000110000000",63,1,0.13032289710869266,0.042056392188743574,231554,0.0747845843521533,2058744,0.06905843435882766,3802217,0.04450985122429725,6126555,0.009070868659222086,1248559,0.0,0,0.0,0,0.0,0
5,circuit,6,0000000001000010010010000,"NOR-in(0,1)/NOR-in(0,1)/NOR-in(1,1)/NOR-in(2,1)/NOR-mid(1,0)|edges=0010000010000100000100000",63,1,-0.04632803568156842,0.0007512080900897562,4136,0.008398891800930284,231213,0.018740739192204463,1031827,0.018277310658797858,2515779,0.020666552600222713,2844646,0.01937176503447721,1066570,0.01633939883208899,449807,0.00041047644873212725,2260
5,circuit,6,0000000001000010010010000,"NOR-in(0,1)/NOR-in(0,1)/NOR-in(1,1)/NOR-mid(2,1)/NOR-out(1,0)|edges=0001000100000100000100000",63,1,-0.09447033360301364,4.94024662728273e-05,272,0.001667478598651044,45904,0.006317777770472346,347844,0.010526214690288393,1448880,0.02298881772760798,3164294,0.016754051234764988,922444,0.013099831047142645,360625,0.00019161621832406825,1055
5,circuit,6,0000000001000010010010000,"NOR-in(0,1)/NOR-in(0,1)/NOR-in(1,1)/NOR-mid(2,1)/NOR-out(1,0)|edges=0010000010000100000100000",63,3,0.07012629437805887,0.000604453704985181,3328,0.005842386729131244,160835,0.013699906500361701,754289,0.023369478170796595,3216690,0.041960364087825656,5775631,0.041593163074837104,2290035,0.03283140047937118,903815,0.0009682521894650311,5331
5,circuit,6,0000000001000010010010000,"NOR-in(0,1)/NOR-in(0,1)/NOR-in(1,1)/NOR-mid(2,1)/NOT-out(1,0)|edges=0001000100000100000100000",63,1,-0.12183995202439145,3.632534284766713e-07,2,0.00111907487775886,30807,0.005508503428759002,303287,0.010529883550662334,1449385,0.008126017232412084,1118505,0.0027281428680430574,150206,3.149408254522752e-05,867,0.0,0
5,circuit,6,0000000001000010010010000,"NOR-in(0,1)/NOR-in(0,1)/NOR-in(1,1)/NOR-mid(2,1)/OUT-OR2(1,0)|edges=0010000010000100000100000",63,1,0.05758617967948495,0.0001425769706770935,785,0.0028743155079178533,79127,0.006275204458602694,345500,0.010454123400207965,1438957,0.012119597206205668,1668201,0.012514610283376427,689029,0.011707443875238244,322294,2.887865280903019e-05,159
5,circuit,6,0000000001000010010010000,"NOR-in(0,1)/NOR-in(0,1)/NOR-mid(1,1)/NOR-out(2,1)/OUT-NOT(1,0)|edges=0010000010000100000100000",63,1,0.095879309073924,0.0004221004838898921,2324,0.001537978746694984,42339,0.002119275490139329,116683,0.003684879853395536,507205,0.016244951021476484,2236035,0.014299474588300727,787300,0.006203389802187011,170773,0.0,0
5,circuit,6,0000000001000010010010000,"NOR-in(0,1)/NOR-in(1,1)/NOR-mid(0,1)/NOR-out(2,1)/OUT-NOT(1,0)|edges=0100000010000100000100000",63,2,0.24376803297731267,0.048248591757271156,265647,0.03577563273391551,984867,0.029826473614617845,1642185,0.028470291116151746,3918791,0.026904378113595633,3703251,0.014299474588300727,787300,0.006203389802187011,170773,0.0,0
5,circuit,6,0000000001000010010010000,"NOR-in(0,1)/NOR-in(1,1)/NOR-mid(2,1)/NOR-out(1,0)/NOT-in(0,1)|edges=0010000100000100000001000",63,3,-0.017398835253769524,0.018991797374331567,104565,0.024187085112351927,665846,0.02940406426557668,1618928,0.04737227429283588,6520553,0.03275395828081444,4508416,0.024915613030172364,1371803,0.013099831047142645,360625,0.00019161621832406825,1055
5,circuit,6,0000000001000010010010000,"NOR-in(0,1)/NOR-in(1,1)/NOR-mid(2,1)/NOR-out(1,0)/NOT-in(0,1)|edges=0100000100000100000000100",63,3,-0.10235781571308242,0.002114134953734227,11640,0.006531587484015487,179808,0.013300781701583714,732314,0.025122713934917267,3458014,0.03914405239841723,5387980,0.040540508878578824,2232078,0.03901731778593621,1074107,0.04256822400099386,234372
5,circuit,6,0000000001000010010010000,"NOR-in(0,1)/NOR-mid(0,1)/NOR-mid(1,1)/NOR-out(2,1)/OUT-NOT(1,0)|edges=0010000010000100000100000",63,10,0.053317474472914045,0.06439230062563138,354531,0.05828506815124958,1604529,0.059865377884366855,3296066,0.08944944587203878,12312262,0.1280820525153994,17629844,0.14181498928211425,7808045,0.1250876667029557,3443536,0.11814892557789544,650504
5,circuit,6,0000000001000010010010000,"NOR-in(0,1)/NOR-mid(0,1)/NOR-mid(1,1)/NOR-out(2,1)/OUT-OR2(1,0)|edges=0010000010000100000100000",63,1,-0.003793209628154967,1.798104470959523e-05,99,0.0006251954984616399,17211,0.001787788495713981,98432,0.004723298110481693,650138,0.025331781039708685,3486791,0.02759971140961307,1519584,0.030045935953822628,827134,0.041083062088921915,226195
5,circuit,6,0000000001000010010010000,"NOR-in(0,1)/NOR-mid(0,1)/NOR-out(2,1)/NOT-mid(1,1)/OUT-OR2(1,0)|edges=0001000100000010010000000",63,1,0.13032289710869266,0.042056392188743574,231554,0.0747845843521533,2058744,0.06905843435882766,3802217,0.04450985122429725,6126555,0.009070868659222086,1248559,0.0,0,0.0,0,0.0,0
5,circuit,6,0000000001000010010010000,"NOR-in(0,1)/NOR-mid(1,1)/NOR-out(2,1)/NOT-mid(0,1)/OUT-NOT(1,0)|edges=0100000100000010010000000",63,1,0.27701161278742026,0.2222181053500328,1223488,0.10798852802040787,2972815,0.07145972171475201,3934427,0.059310404491347675,8163776,0.0,0,0.0,0,0.0,0,0.0,0
5,circuit,6,0000000001000010010010000,"NOR-in(0,1)/NOR-mid(1,1)/NOR-out(2,1)/NOT-mid(0,1)/OUT-OR2(1,0)|edges=0100000100000010010000000",63,2,-0.023518281051948024,0.04205675544217205,231556,0.07518706916552584,2069824,0.07096328129950748,3907094,0.04916801798180393,6767728,0.025030258835340536,3445288,0.01201871474840326,661726,0.009183376602279612,252809,0.0014279494866955684,7862
5,circuit,6,0000000001000010010010000,"NOR-in(0,1)/NOR-out(2,1)/NOT-mid(0,1)/NOT-mid(1,1)/OUT-OR2(1,0)|edges=0001000001010000100000000",63,1,0.07732835955279294,0.06777128401732138,373135,0.10050481694042597,2766796,0.08057625883643688,4436365,0.045360445625447776,6243635,0.004271599676387624,587964,0.0013896444814244593,76511,0.0,0,0.0,0
5,circuit,6,0000000001000010010010000,"NOR-in(1,1)/NOR-in(2,1)/NOT-in(0,1)/NOT-in(0,1)/NOT-mid(1,0)|edges=0100000001100000100000000",63,1,-0.08081705021574134,0.003437648820388979,18927,0.00860689072163166,236939,0.009429189421396544,519152,0.010005505324780525,1377207,0.01190920804117429,1639242,0.01470195948208549,809460,0.01756203762137073,483465,0.033451106170459974,184175
5,circuit,6,0000000001000010010010000,"NOR-in(1,1)/NOR-mid(2,1)/NOR-out(1,0)/NOT-in(0,1)/NOT-in(0,1)|edges=0100000100000001000001000",63,1,0.13338461721861236,0.04051038559714686,223042,0.07345376904324383,2022108,0.06679814385445798,3677770,0.05573969521374715,7672286,0.0,0,0.0,0,0.0,0,0.0,0
5,circuit,6,0000000001000010010010000,"NOR-in(1,1)/NOR-out(2,1)/NOT-in(0,1)/NOT-mid(0,1)/OUT-OR2(1,0)|edges=0100000001100000100000000",63,1,-0.08081705021574134,0.003437648820388979,18927,0.00860689072163166,236939,0.009429189421396544,519152,0.010005505324780525,1377207,0.01190920804117429,1639242,0.01470195948208549,809460,0.01756203762137073,483465,0.033451106170459974,184175
5,circuit,6,0000000001000010010010000,"NOR-mid(0,1)/NOR-mid(1,1)/NOR-out(2,1)/NOT-in(0,1)/OUT-NOT(1,0)|edges=0010000100000010100000000",63,5,-0.012525574243380773,0.06175526236160499,340012,0.058190113701596526,1601915,0.05376969331250462,2960450,0.05458510848660294,7513363,0.07125594557898726,9808019,0.07576896182890298,4171685,0.07253228879049319,1996740,0.08327695336388174,458506
5,circuit,6,0000000001000010010010000,"NOR-mid(0,1)/NOR-out(2,1)/NOT-in(0,1)/NOT-mid(1,1)/OUT-OR2(1,0)|edges=0100000001000100100000000",63,1,-0.16325859755500838,3.632534284766713e-07,2,0.00040248481337255067,11080,0.0019048469406798111,104877,0.004658166757506681,641173,0.01595939017611845,2196729,0.01201871474840326,661726,0.009183376602279612,252809,0.0014279494866955684,7862
5,circuit,6,0000000001000010010010000,"NOR-mid(1,1)/NOR-out(2,1)/NOT-in(0,1)/NOT-mid(0,1)/OUT-OR2(1,0)|edges=0100000001100000100000000",63,1,-0.22299785095689695,5.44880142715007e-07,3,0.0006600678288621497,18171,0.002214556886926101,121929,0.006528864174153842,898665,0.02469672673211095,3399379,0.030789894585101552,1695229,0.028810801242516025,793132,0.019871055907073946,109406
5,circuit,6,0000000001000010110010000,"NOR-in(0,2)/NOR-in(1,1)/NOR-in(1,1)/NOR-in(2,1)/NOR-mid(1,0)|edges=0110000010000100000100000",63,2,-0.06570625813002863,8.718082283440112e-06,48,0.0012242004237787301,33701,0.0035256477958948247,194115,0.009436054604324597,1298825,0.057588859381160894,7926814,0.0785175558697981,4323017,0.08977070382663274,2471296,0.08671678232960642,477445
5,circuit,6,0000000001000010110010000,"NOR-in(0,2)/NOR-in(1,1)/NOR-in(1,1)/NOR-in(2,1)/NOT-mid(1,0)|edges=0110000010000100000100000",63,1,0.10514240252287128,0.00336990205597808,18554,0.00622768965471271,171442,0.006962752547692144,383355,0.010810947315586404,1488072,0.0,0,0.0,0,0.0,0,0.0,0
5,circuit,6,0000000001000010110010000,"NOR-in(0,2)/NOR-in(1,1)/NOR-in(1,1)/NOR-mid(2,1)/NOR-out(1,0)|edges=0110000010000100000100000",63,6,0.10277033120067498,0.04254006412876026,234217,0.03964442718909873,1091371,0.04328804948428263,2383352,0.06412029497172442,8825833,0.08838608727161099,12165896,0.09265460164920365,5101374,0.08681708923406936,2389986,0.07304719007983768,402183
5,circuit,6,0000000001000010110010000,"NOR-in(0,2)/NOR-in(1,1)/NOR-in(1,1)/NOR-mid(2,1)/NOT-out(1,0)|edges=0110000010000100000100000",63,1,0.09261766474819885,0.0007513897168039946,4137,0.002968870378785069,81730,0.0061390025534360905,338001,0.011546877116178685,1589369,0.0026900810964176443,370276,1.0897605427385286e-06,60,0.0,0,0.0,0
5,circuit,6,0000000001000010110010000,"NOR-in(0,2)/NOR-mid(1,1)/NOR-mid(1,1)/NOR-out(2,1)/OUT-NOT(1,0)|edges=0110000010000100000100000",63,1,-0.0317552792625386,3.92313702754805e-05,216,0.0009496534725630498,26143,0.0018210988429703551,100266,0.004860201090455048,668982,0.019690701119295204,2710325,0.026896071189842517,1480843,0.020527930183830635,565113,0.013509034205220425,74378
5,circuit,6,0000000001000010110010000,"NOR-in(1,1)/NOR-in(1,1)/NOR-in(2,1)/NOR-mid(1,0)/NOT-in(0,2)|edges=0010000100000100000011000",63,1,0.20552615793108814,0.24674261569349257,1358515,0.11011766541807982,3031428,0.06808569593570354,3748660,0.0539440750309699,7425128,0.0,0,0.0,0,0.0,0,0.0,0
5,circuit,6,0000000001000011000000010,"NOR-in(0,1)/NOR-in(0,1)/NOR-in(2,1)/NOR-mid(1,1)/NOR-out(1,0)|edges=0010000100000100000100000",63,7,0.010902776447984163,0.24764602697011406,1363489,0.1234677742796875,3398943,0.09996180934177973,5503694,0.09990837148354809,13751880,0.15878476910891612,21855917,0.20360977004472394,11210340,0.23011527379091873,6334839,0.2797854697512458,1540442
5,circuit,6,0000000001000011000000010,"NOR-in(0,1)/NOR-in(0,1)/NOR-in(2,1)/NOR-mid(1,1)/OUT-OR2(1,0)|edges=0010000100000100000100000",63,1,0.05758617967948495,0.0001425769706770935,785,0.0028743155079178533,79127,0.006275204458602694,345500,0.010454123400207965,1438957,0.012119597206205668,1668201,0.012514610283376427,689029,0.011707443875238244,322294,2.887865280903019e-05,159
5,circuit,6,0000000001000011000000010,"NOR-in(0,1)/NOR-in(0,1)/NOR-in(2,1)/NOR-out(1,0)/NOT-mid(1,1)|edges=0010000100000010000000010",63,1,0.10514240252287128,0.00336990205597808,18554,0.00622768965471271,171442,0.006962752547692144,383355,0.010810947315586404,1488072,0.0,0,0.0,0,0.0,0,0.0,0
5,circuit,6,0000000001000011000000010,"NOR-in(0,1)/NOR-in(0,1)/NOR-mid(2,1)/NOR-out(1,1)/OUT-NOT(1,0)|edges=0010000100000100000100000",63,6,0.13067142560794914,0.06128702869229855,337434,0.059995301679985416,1651610,0.057361253458559414,3158194,0.07870113799040113,10832812,0.06155087262536916,8472165,0.06162192657785566,3392778,0.03751617250198981,1032782,0.023947486621827867,131850
5,circuit,6,0000000001000011000000010,"NOR-in(0,1)/NOR-in(0,1)/NOR-mid(2,1)/NOR-out(1,1)/OUT-OR2(1,0)|edges=0010000100000100000100000",63,3,0.046003065370614306,0.0006393260341189416,3520,0.004511607745565956,124200,0.014649996066872574,806599,0.03045727324397772,4192289,0.041109341041359604,5658492,0.040673078248602966,2239377,0.04037893738238985,1111591,0.008956014905743891,49310
5,circuit,6,0000000001000011000000010,"NOR-in(0,1)/NOR-in(0,1)/NOR-mid(2,1)/NOT-out(1,1)/OUT-OR2(1,0)|edges=0010000100000100000100000",63,2,-0.020864510887745928,0.0007517529702324713,4139,0.004087945256543929,112537,0.011647505982195093,641288,0.022076760666841017,3038754,0.010816098328829729,1488781,0.0027292326285857957,150266,3.149408254522752e-05,867,0.0,0
5,circuit,6,0000000001000011000000010,"NOR-in(0,1)/NOR-in(2,1)/NOR-out(1,0)/NOT-in(0,1)/NOT-mid(1,1)|edges=0100000001000000100000100",63,1,0.13032289710869266,0.042056392188743574,231554,0.0747845843521533,2058744,0.06905843435882766,3802217,0.04450985122429725,6126555,0.009070868659222086,1248559,0.0,0,0.0,0,0.0,0
5,circuit,6,0000000001000011000000010,"NOR-in(0,1)/NOR-mid(2,1)/NOR-out(1,1)/NOT-in(0,1)/OUT-NOT(1,0)|edges=0100000100000010100000000",63,3,-0.06611556361789885,0.0021987730025692914,12106,0.006257149508832308,172253,0.01013905943893642,558236,0.018226237216364582,2508749,0.04688852267930758,6453967,0.053786566438241354,2961379,0.050738456319905194,1396778,0.05278055111730418,290599
5,circuit,6,0000000001000011000000010,"NOR-in(0,1)/NOR-mid(2,1)/NOR-out(1,1)/NOT-in(0,1)/OUT-OR2(1,0)|edges=0100000100000010100000000",63,2,0.014195155974287435,0.040514199758145866,223063,0.07448813321840479,2050583,0.07169699891025762,3947491,0.06662389623062157,9170441,0.015842872981851615,2180691,0.015988603429545445,880300,0.017258575608011063,475111,0.0058465649932244144,32190
5,circuit,6,0000000001000011000000010,"NOR-in(2,1)/NOR-mid(1,1)/NOR-out(1,0)/NOT-in(0,1)/NOT-in(0,1)|edges=0100000100000001000010000",63,3,-0.1754952503197469,0.0015271174133159263,8408,0.011696869797870164,322003,0.024588757518053655,1353807,0.028202791237006187,3881971,0.05671842406738713,7807003,0.059572522901181583,3279942,0.05490704505190366,1511535,0.018124896359237364,99792
5,circuit,6,0000000001000011000010000,"NOR-in(0,1)/NOR-in(0,1)/NOR-mid(0,1)/NOR-mid(2,1)/NOR-out(2,0)|edges=0001000010000010000100000",63,2,-0.012360796378057728,0.00011369832311319813,626,0.001755313280847328,48322,0.00367145775651324,202143,0.009200731720419008,1266434,0.04118186097109969,5668474,0.03986453041391812,2194860,0.04083078846979479,1124030,0.05152151450552935,283667
5,circuit,6,0000000001000011000010000,"NOR-in(0,1)/NOR-mid(0,1)/NOR-mid(2,1)/NOR-out(2,0)/NOT-in(0,1)|edges=0010000010000100000000100",63,3,-0.06611556361789885,0.0021987730025692914,12106,0.006257149508832308,172253,0.01013905943893642,558236,0.018226237216364582,2508749,0.04688852267930758,6453967,0.053786566438241354,2961379,0.050738456319905194,1396778,0.05278055111730418,290599
5,circuit,6,0000000001000011000010000,"NOR-in(0,1)/NOR-mid(0,1)/NOR-out(2,1)/NOT-mid(0,1)/OUT-OR2(2,0)|edges=0000100100000010010000000",63,1,-0.16325859755500838,3.632534284766713e-07,2,0.00040248481337255067,11080,0.0019048469406798111,104877,0.004658166757506681,641173,0.01595939017611845,2196729,0.01201871474840326,661726,0.009183376602279612,252809,0.0014279494866955684,7862
5,circuit,6,0000000001000011000010000,"NOR-in(0,1)/NOR-mid(2,1)/NOR-out(2,0)/NOT-in(0,1)/NOT-mid(0,1)|edges=0100000100000000100000100",63,1,0.13032289710869266,0.042056392188743574,231554,0.0747845843521533,2058744,0.06905843435882766,3802217,0.04450985122429725,6126555,0.009070868659222086,1248559,0.0,0,0.0,0,0.0,0
5,circuit,6,0000000001000011000010000,"NOR-in(2,1)/NOR-out(0,1)/NOT-in(0,1)/NOT-in(0,1)/OUT-OR2(2,0)|edges=0000100001100001000000000",63,1,-0.12380465969091613,4.359041141720056e-06,24,0.0007199319960496914,19819,0.0020712533755559846,114039,0.004500166014115653,619425,0.026999259929104104,3716311,0.028050109441926905,1544382,0.02510666849601153,691161,0.008563337878239971,47148
5,circuit,6,0000000001000011000010000,"NOR-mid(0,1)/NOR-out(0,1)/NOR-out(2,1)/NOT-mid(0,1)/OUT-OR2(2,0)|edges=0010000001000010010000000",63,2,-0.2970259203548082,5.44880142715007e-07,3,0.0009391917734428969,25855,0.0038318341830529267,210973,0.01142645131507285,1572793,0.05018950899030993,6908331,0.06087970883487216,3351913,0.05686734281955442,1565500,0.042493575407883726,233961
5,circuit,6,0000000001000011000010010,"NOR-in(0,1)/NOR-in(0,1)/NOR-mid(2,2)/NOR-out(1,1)/OUT-OR2(2,0)|edges=0010000100000110000100000",63,1,0.05758617967948495,0.0001425769706770935,785,0.0028743155079178533,79127,0.006275204458602694,345500,0.010454123400207965,1438957,0.012119597206205668,1668201,0.012514610283376427,689029,0.011707443875238244,322294,2.887865280903019e-05,159
5,circuit,6,0000000001000011010010000,"NOR-in(0,1)/NOR-in(0,2)/NOR-in(1,1)/NOR-in(2,1)/NOR-mid(2,0)|edges=0001000101000100000100000",63,1,0.05758617967948495,0.0001425769706770935,785,0.0028743155079178533,79127,0.006275204458602694,345500,0.010454123400207965,1438957,0.012119597206205668,1668201,0.012514610283376427,689029,0.011707443875238244,322294,2.887865280903019e-05,159
5,circuit,6,0000000001000011010010000,"NOR-in(0,1)/NOR-in(0,2)/NOR-in(1,1)/NOR-mid(2,1)/NOR-out(2,0)|edges=0001000101000100000100000",63,1,0.095879309073924,0.0004221004838898921,2324,0.001537978746694984,42339,0.002119275490139329,116683,0.003684879853395536,507205,0.016244951021476484,2236035,0.014299474588300727,787300,0.006203389802187011,170773,0.0,0
5,circuit,6,0000000001000011010010000,"NOR-in(0,2)/NOR-mid(0,1)/NOR-mid(1,1)/NOR-out(2,1)/OUT-OR2(2,0)|edges=0010100010000100000100000",63,2,-0.09106153963902978,2.2340085851315287e-05,123,0.0013451274945113314,37030,0.003859041871269965,212471,0.009223464124597347,1269563,0.05233104096881279,7203102,0.05564982085153998,3063966,0.05515260444983416,1518295,0.049646399967161886,273343
5,circuit,6,0000000001000011010010000,"NOR-mid(1,1)/NOR-out(2,1)/NOT-in(0,2)/NOT-mid(0,1)/OUT-OR2(2,0)|edges=0100000001100010100000000",63,1,0.13032289710869266,0.042056392188743574,231554,0.0747845843521533,2058744,0.06905843435882766,3802217,0.04450985122429725,6126555,0.009070868659222086,1248559,0.0,0,0.0,0,0.0,0
5,circuit,6,0000000001000011010010000,"NOR-out(2,1)/NOT-in(0,2)/NOT-mid(0,1)/NOT-mid(1,1)/OUT-OR2(2,0)|edges=0000100011100001000000000",63,1,0.07732835955279294,0.06777128401732138,373135,0.10050481694042597,2766796,0.08057625883643688,4436365,0.045360445625447776,6243635,0.004271599676387624,587964,0.0013896444814244593,76511,0.0,0,0.0,0
5,circuit,6,0000000001000100100010000,"NOR-in(0,1)/NOR-in(1,1)/NOR-in(1,1)/NOR-mid(1,0)/NOT-in(1,1)|edges=0010000001010000000000010",63,1,0.2466091640613717,0.04782649127338126,263323,0.03423765398722053,942528,0.027707198124478517,1525502,0.02478541126275621,3411586,0.01065942709211915,1467216,0.0,0,0.0,0,0.0,0
5,circuit,6,0000000001000100100010000,"NOR-in(0,1)/NOR-in(1,1)/NOR-in(1,1)/NOR-mid(1,1)/NOR-out(1,0)|edges=0100000100000100000100000",63,7,-0.039306438559178355,0.059965331092786185,330157,0.05252975327208711,1446091,0.061510988954604884,3386670,0.09061782896720302,12473084,0.17589176428820066,24210608,0.2198169249511156,12102673,0.2505097082961407,6896277,0.29699405917072497,1635189
5,circuit,6,0000000001000100100010000,"NOR-in(0,1)/NOR-in(1,1)/NOR-in(1,1)/NOR-out(1,0)/NOT-mid(1,1)|edges=0010000001010000000000010",63,1,0.10514240252287128,0.00336990205597808,18554,0.00622768965471271,171442,0.006962752547692144,383355,0.010810947315586404,1488072,0.0,0,0.0,0,0.0,0,0.0,0
5,circuit,6,0000000001000100100010000,"NOR-in(0,1)/NOR-in(1,1)/NOR-in(1,1)/NOR-out(1,0)/NOT-mid(1,1)|edges=0100000100000010000000010",63,1,0.10514240252287128,0.00336990205597808,18554,0.00622768965471271,171442,0.006962752547692144,383355,0.010810947315586404,1488072,0.0,0,0.0,0,0.0,0,0.0,0
5,circuit,6,0000000001000100100010000,"NOR-in(0,1)/NOR-in(1,1)/NOR-in(1,1)/NOR-out(1,1)/OUT-NOT(1,0)|edges=0010000010010000000100000",63,1,0.2466091640613717,0.04782649127338126,263323,0.03423765398722053,942528,0.027707198124478517,1525502,0.02478541126275621,3411586,0.01065942709211915,1467216,0.0,0,0.0,0,0.0,0
5,circuit,6,0000000001000100100010000,"NOR-in(0,1)/NOR-in(1,1)/NOR-in(1,1)/NOR-out(1,1)/OUT-OR2(1,0)|edges=0100000100000100000100000",63,1,-0.045502549437321974,1.634640428145021e-06,9,0.0004963858280447568,13665,0.0024364866214548024,134148,0.007252624982416714,998287,0.03435714856489329,4729087,0.044362825819558506,2442527,0.050782409999120565,1397988,0.09376571638947095,516255
5,circuit,6,0000000001000100100010000,"NOR-in(0,1)/NOR-in(1,1)/NOR-mid(1,0)/NOT-in(1,1)/NOT-in(1,1)|edges=0000100100000000100000010",63,1,-0.1530229374140178,0.0003507211851942262,1931,0.020433115070081217,562503,0.04225112416519121,2326261,0.0314719274569388,4331951,0.0006683428587968023,91994,0.0,0,0.0,0,0.0,0
5,circuit,6,0000000001000100100010000,"NOR-in(0,1)/NOR-in(1,1)/NOR-mid(1,1)/NOR-out(1,0)/NOT-in(1,1)|edges=0000100100000100000001000",63,1,-0.10546193649187667,7.265068569533426e-07,4,0.0004268227939645731,11750,0.0019310375190569604,106319,0.008997556771473196,1238468,0.03330502111298389,4584267,0.03856173984774992,2123131,0.040077763866377764,1103300,0.011235248956690556,61859
5,circuit,6,0000000001000100100010000,"NOR-in(0,1)/NOR-in(1,1)/NOR-mid(1,1)/NOR-out(1,0)/NOT-in(1,1)|edges=0100000001000100000000100",63,1,0.11656930891325427,0.05882707647465454,323890,0.049750174261757305,1369572,0.04042957125532804,2225970,0.030578505467858813,4208976,0.009197251818684977,1265955,0.001504014850384868,82808,0.0,0,0.0,0
5,circuit,6,0000000001000100100010000,"NOR-in(0,1)/NOR-in(1,1)/NOR-mid(1,1)/NOR-out(1,1)/OUT-NOT(1,0)|edges=0100000100000100000100000",63,11,0.23250726574489852,0.35186525186721346,1937299,0.19935857433776447,5488140,0.15208948779383735,8373738,0.1650331495701672,22715975,0.12113519975066861,16673645,0.1255505856218774,6912560,0.0990038824902382,2725476,0.0801404410660255,441237
5,circuit,6,0000000001000100100010000,"NOR-in(0,1)/NOR-in(1,1)/NOR-mid(1,1)/NOR-out(1,1)/OUT-OR2(1,0)|edges=0100000100000100000100000",63,18,-0.17468689057573777,0.0038345031909997425,21112,0.050822207818819645,1399084,0.12169306941536726,6700173,0.1812091258985929,24942516,0.4213623036624795,57998381,0.49181403664977313,27078281,0.5443707851009814,14985973,0.6450808120967773,3551684
5,circuit,6,0000000001000100100010000,"NOR-in(0,1)/NOR-in(1,1)/NOR-mid(1,1)/NOT-out(1,1)/OUT-OR2(1,0)|edges=0100000100000100000100000",63,2,0.02857151294297432,0.0007517529702324713,4139,0.004087945256543929,112537,0.011647505982195093,641288,0.022076760666841017,3038754,0.010816098328829729,1488781,0.0027292326285857957,150266,3.149408254522752e-05,867,0.0,0
5,circuit,6,0000000001000100100010000,"NOR-in(0,1)/NOR-in(1,1)/NOR-out(1,0)/NOT-in(1,1)/NOT-mid(1,1)|edges=0100000010000000000100100",63,2,-0.09878574788888232,0.001450107686478872,7984,0.002816885138789514,77546,0.004527337524104368,249266,0.009891327483915462,1361491,0.03740900835709005,5149160,0.04341141037772063,2390144,0.050069706539446555,1378368,0.06663449451550793,366876
5,circuit,6,0000000001000100100010000,"NOR-in(0,1)/NOR-in(1,1)/NOR-out(1,1)/NOT-mid(1,1)/OUT-NOT(1,0)|edges=0100000010000010010000000",63,1,0.10514240252287128,0.00336990205597808,18554,0.00622768965471271,171442,0.006962752547692144,383355,0.010810947315586404,1488072,0.0,0,0.0,0,0.0,0,0.0,0
5,circuit,6,0000000001000100100010000,"NOR-in(0,1)/NOR-in(1,1)/NOR-out(1,1)/NOT-mid(1,1)/OUT-OR2(1,0)|edges=0100000010000010010000000",63,2,0.149021709500185,0.10982767620606496,604689,0.17528940129257925,4825540,0.14963469319526454,8238582,0.08987029684974503,12370190,0.01334246833560971,1836523,0.0013896444814244593,76511,0.0,0,0.0,0
5,circuit,6,0000000001000100100010000,"NOR-in(0,1)/NOR-mid(1,1)/NOR-out(1,1)/NOT-in(1,1)/OUT-NOT(1,0)|edges=0001000100000010100000000",63,2,0.17253661004996723,0.06525938655940519,359305,0.05771247175114204,1588766,0.04861754158122111,2676783,0.04042146938046868,5563810,0.019936492970924806,2744157,0.011083318786543644,610225,0.0029714866670873144,81802,0.00019197947181852145,1057
5,circuit,6,0000000001000100100010000,"NOR-in(0,1)/NOR-mid(1,1)/NOR-out(1,1)/NOT-in(1,1)/OUT-OR2(1,0)|edges=0001000100000010100000000",63,1,-0.13714658201057814,0.0020763565971726535,11432,0.02417230069727588,665439,0.04390044042127454,2417069,0.032226971656825816,4435879,0.0009713616676055922,133703,0.0,0,0.0,0,0.0,0
5,circuit,6,0000000001000100100010000,"NOR-in(0,1)/NOR-out(1,1)/NOT-in(1,1)/NOT-mid(1,1)/OUT-NOT(1,0)|edges=0010000001000100100000000",63,1,0.025034702962749806,0.0014497444330503952,7982,0.0024630036359126737,67804,0.0028423860982734798,156496,0.004628488946363019,637088,0.0,0,0.0,0,0.0,0,0.0,0
5,circuit,6,0000000001000100100010000,"NOR-in(0,1)/NOR-out(1,1)/NOT-in(1,1)/NOT-mid(1,1)/OUT-OR2(1,0)|edges=0010000001000100100000000",63,1,-0.16172060464176846,3.632534284766713e-07,2,0.0003538815028768401,9742,0.0016849514258308884,92770,0.005262838537552442,724403,0.03740900835709005,5149160,0.04341141037772063,2390144,0.050069706539446555,1378368,0.06663449451550793,366876
5,circuit,6,0000000001000100100010000,"NOR-in(1,1)/NOR-in(1,1)/NOR-mid(1,1)/NOR-out(1,0)/NOT-in(0,1)|edges=0010010000000100000001000",63,1,0.20552615793108814,0.24674261569349257,1358515,0.11011766541807982,3031428,0.06808569593570354,3748660,0.0539440750309699,7425128,0.0,0,0.0,0,0.0,0,0.0,0
5,circuit,6,0000000001000100100010000,"NOR-in(1,1)/NOR-in(1,1)/NOR-mid(1,1)/NOR-out(1,0)/NOT-in(0,1)|edges=0100000100000100000010000",63,1,0.19384714499912756,0.04178758465167084,230074,0.03385794516464081,932075,0.028450923369546136,1566450,0.028832563834065742,3968656,0.0,0,0.0,0,0.0,0,0.0,0
5,circuit,6,0000000001000100100010000,"NOR-in(1,1)/NOR-mid(1,1)/NOR-out(1,0)/NOT-in(0,1)/NOT-in(1,1)|edges=0100000100000000000110000",63,4,0.04782097235177596,0.24114724150795216,1327708,0.15043738075524676,4141389,0.1363593755650295,7507670,0.1278970538411871,17604380,0.0006683428587968023,91994,0.0,0,0.0,0,0.0,0
5,circuit,6,0000000001000100100010000,"NOR-in(1,1)/NOR-mid(1,1)/NOR-out(1,1)/NOT-in(0,1)/OUT-NOT(1,0)|edges=0100000100000011000000000",63,6,0.051285568475716185,0.24313133173429174,1338632,0.13646610850838,3756774,0.10349888146069759,5698438,0.11233795461048683,15462749,0.03295694433941373,4536356,0.03872544004394496,2132144,0.03228717401490451,888833,0.038008484511869944,209267
5,circuit,6,0000000001000100100010000,"NOR-in(1,1)/NOR-mid(1,1)/NOR-out(1,1)/NOT-in(0,1)/OUT-OR2(1,0)|edges=0100000100000011000000000",63,5,-0.18021485347668242,0.04161358625943051,229116,0.08833626254854474,2431808,0.10296335496732018,5668953,0.10529485424823735,14493302,0.109313710165884,15046477,0.11557039510739654,6363071,0.11771147649816752,3240477,0.062232951923218385,342642
5,circuit,6,0000000001000100100010000,"NOR-in(1,1)/NOR-mid(1,1)/NOT-in(0,1)/NOT-in(1,1)/OUT-OR2(1,0)|edges=0100000001000101000000000",63,1,-0.1530229374140178,0.0003507211851942262,1931,0.020433115070081217,562503,0.04225112416519121,2326261,0.0314719274569388,4331951,0.0006683428587968023,91994,0.0,0,0.0,0,0.0,0
5,circuit,6,0000000001000100100010000,"NOR-in(1,1)/NOR-out(1,1)/NOT-in(0,1)/NOT-mid(1,1)/OUT-OR2(1,0)|edges=0001000001100000100000000",63,1,-0.08081705021574134,0.003437648820388979,18927,0.00860689072163166,236939,0.009429189421396544,519152,0.010005505324780525,1377207,0.01190920804117429,1639242,0.01470195948208549,809460,0.01756203762137073,483465,0.033451106170459974,184175
5,circuit,6,0000000001000100100010000,"NOR-mid(1,1)/NOR-out(1,0)/NOT-in(0,1)/NOT-in(1,1)/NOT-in(1,1)|edges=0100000000000100000110000",63,1,-0.24135757781380243,0.0,0,0.004146320084620615,114144,0.013258626131255447,729993,0.01743632794532006,2400022,0.023086896173960533,3177794,0.025468557529557893,1402247,0.02659582641289919,732156,0.02163991879831385,119145
5,circuit,6,0000000001000100100010000,"NOR-mid(1,1)/NOR-out(1,1)/NOT-in(0,1)/NOT-in(1,1)/OUT-OR2(1,0)|edges=0100000001000101000000000",63,1,-0.24135757781380243,0.0,0,0.004146320084620615,114144,0.013258626131255447,729993,0.01743632794532006,2400022,0.023086896173960533,3177794,0.025468557529557893,1402247,0.02659582641289919,732156,0.02163991879831385,119145
5,circuit,6,0000000001000100100110000,"NOR-in(0,1)/NOR-in(1,1)/NOR-in(1,2)/NOR-mid(2,1)/NOR-out(1,0)|edges=0010000010010100000100000",63,2,0.03175482727015472,0.0006821899386791888,3756,0.003863200352181477,106350,0.009142455259926324,503365,0.01647165741428514,2267240,0.030013087079326376,4131149,0.02271298902118925,1250531,0.013745950131608576,378412,0.0005882890342669736,3239
5,circuit,6,0000000001000100100110000,"NOR-in(0,1)/NOR-in(1,2)/NOR-mid(1,1)/NOR-out(2,1)/OUT-OR2(1,0)|edges=0100000110000100000100000",63,1,0.18339692046304518,0.04314034041931796,237522,0.07424544359402374,2043902,0.07006164975179704,3857452,0.044473634850110924,6121570,0.011561029556622726,1591317,0.0,0,0.0,0,0.0,0
5,circuit,6,0000000001000100100110000,"NOR-in(0,1)/NOR-in(1,2)/NOR-out(2,1)/NOT-mid(1,1)/OUT-OR2(1,0)|edges=0100000110000010010000000",63,1,0.14980580649439887,0.06105599951178739,336162,0.0946128461165065,2604596,0.07317395137383115,4028809,0.04537144494149955,6245149,0.011075555777317784,1524494,0.0,0,0.0,0,0.0,0
5,circuit,6,0000000001000100100110000,"NOR-in(1,2)/NOR-mid(1,1)/NOR-out(2,1)/NOT-in(0,1)/OUT-NOT(1,0)|edges=0110000100000011000000000",63,1,0.12428796375546539,0.006432310084750657,35415,0.007962297489384736,219194,0.008187970325893072,450813,0.009842963912609868,1354834,0.010739241152239827,1478202,0.009579303936158776,527417,0.0029714866670873144,81802,0.00019197947181852145,1057
5,circuit,6,0000000001000100100110000,"NOR-in(1,2)/NOR-mid(1,1)/NOR-out(2,1)/NOT-in(0,1)/OUT-OR2(1,0)|edges=0110000100000011000000000",63,2,-0.02181164182935713,0.04314034041931796,237522,0.07453764466250468,2051946,0.07251973179467379,3992789,0.05182610369018917,7133600,0.034641750420998096,4768261,0.014439091076501244,794987,0.004294819339662445,118232,0.00029768623870440555,1639
5,circuit,6,0000000001000100100110000,"NOR-in(1,2)/NOR-out(2,1)/NOT-in(0,1)/NOT-mid(1,1)/OUT-OR2(1,0)|edges=0101000001100000100000000",63,1,0.14980580649439887,0.06105599951178739,336162,0.0946128461165065,2604596,0.07317395137383115,4028809,0.04537144494149955,6245149,0.011075555777317784,1524494,0.0,0,0.0,0,0.0,0
5,circuit,6,0000000001000101000010000,"NOR-in(0,1)/NOR-in(0,1)/NOR-out(1,1)/NOR-out(1,1)/OUT-OR2(2,0)|edges=0001000100000010000100000",63,1,-0.045502549437321974,1.634640428145021e-06,9,0.0004963858280447568,13665,0.0024364866214548024,134148,0.007252624982416714,998287,0.03435714856489329,4729087,0.044362825819558506,2442527,0.050782409999120565,1397988,0.09376571638947095,516255
5,circuit,6,0000000001000101000010000,"NOR-in(0,1)/NOR-in(1,1)/NOR-mid(0,1)/NOR-out(1,1)/OUT-OR2(2,0)|edges=0100000001000100000100000",63,4,-0.07787238298914771,2.7062380421512013e-05,149,0.0022572932118938333,62141,0.006915565916191566,380757,0.017814227828906033,2452038,0.1183888070959044,16295618,0.15452326817661102,8507737,0.178141283180805,4904048,0.22453098070996805,1236222
5,circuit,6,0000000001000101000010000,"NOR-in(0,1)/NOR-in(1,1)/NOR-mid(2,0)/NOT-in(0,1)/NOT-in(1,1)|edges=0000100100000000100000100",63,1,0.12428796375546539,0.006432310084750657,35415,0.007962297489384736,219194,0.008187970325893072,450813,0.009842963912609868,1354834,0.010739241152239827,1478202,0.009579303936158776,527417,0.0029714866670873144,81802,0.00019197947181852145,1057
5,circuit,6,0000000001000101000010000,"NOR-in(0,1)/NOR-mid(0,1)/NOR-out(1,1)/NOR-out(1,1)/OUT-OR2(2,0)|edges=0001000100000010000100000",63,1,-0.045502549437321974,1.634640428145021e-06,9,0.0004963858280447568,13665,0.0024364866214548024,134148,0.007252624982416714,998287,0.03435714856489329,4729087,0.044362825819558506,2442527,0.050782409999120565,1397988,0.09376571638947095,516255
5,circuit,6,0000000001000101000010000,"NOR-in(0,1)/NOR-mid(0,1)/NOR-out(1,1)/NOR-out(1,1)/OUT-OR2(2,0)|edges=0010000010000010000100000",63,1,-0.05252870702311037,5.44880142715007e-07,3,0.000444803839327336,12245,0.001732392334791439,95382,0.004141932675148016,570116,0.03294159324629203,4534243,0.044799837959872364,2466588,0.05397308385660915,1485824,0.09589819602865852,527996
5,circuit,6,0000000001000101000010000,"NOR-in(0,1)/NOR-mid(0,1)/NOR-out(1,1)/NOT-out(1,1)/OUT-OR2(2,0)|edges=0010000010000010000100000",63,1,-0.12183995202439145,3.632534284766713e-07,2,0.00111907487775886,30807,0.005508503428759002,303287,0.010529883550662334,1449385,0.008126017232412084,1118505,0.0027281428680430574,150206,3.149408254522752e-05,867,0.0,0
5,circuit,6,0000000001000101000010000,"NOR-in(0,1)/NOR-mid(1,1)/NOR-mid(1,1)/NOR-out(2,0)/NOT-in(0,1)|edges=0010000010000100000001000",63,2,-0.05920060487429417,0.0008178650942152254,4503,0.002942716130984687,81010,0.004938195411392505,271887,0.00976809010070128,1344528,0.038757514343736664,5334775,0.04971304152948473,2737099,0.05077354661256804,1397744,0.046555294356112296,256324
5,circuit,6,0000000001000101000010000,"NOR-in(0,1)/NOR-mid(1,1)/NOR-mid(1,1)/NOR-out(2,0)/NOT-in(0,1)|edges=0100000010000100000000100",63,1,-0.0700120925016795,7.101604526718925e-05,391,0.0011019656406561099,30336,0.0022305037162015083,122807,0.004909530916076947,675772,0.01660003858769333,2284911,0.0191291661749879,1053213,0.021758742177925148,598996,0.03672165900776945,202182
5,circuit,6,0000000001000101000010000,"NOR-in(0,1)/NOR-mid(1,1)/NOR-out(2,0)/NOT-in(0,1)/NOT-mid(1,1)|edges=0100000100000000000100100",63,1,-0.16325859755500838,3.632534284766713e-07,2,0.00040248481337255067,11080,0.0019048469406798111,104877,0.004658166757506681,641173,0.01595939017611845,2196729,0.01201871474840326,661726,0.009183376602279612,252809,0.0014279494866955684,7862
5,circuit,6,0000000001000101000010000,"NOR-in(0,1)/NOR-out(2,0)/NOT-in(0,1)/NOT-mid(1,1)/NOT-mid(1,1)|edges=0001000000000010100001000",63,1,0.07732835955279294,0.06777128401732138,373135,0.10050481694042597,2766796,0.08057625883643688,4436365,0.045360445625447776,6243635,0.004271599676387624,587964,0.0013896444814244593,76511,0.0,0,0.0,0
5,circuit,6,0000000001000101000010000,"NOR-in(1,1)/NOR-in(1,1)/NOR-mid(2,0)/NOT-in(0,1)/NOT-in(0,1)|edges=0010000100000001000001000",63,1,-0.008364519283857206,0.000855461824062561,4710,0.002021759680313723,55657,0.002958845174940804,162908,0.005035013205935778,693044,0.009765140553206464,1344122,0.008161561795407375,449359,0.0,0,0.0,0
5,circuit,6,0000000001000101000010000,"NOR-in(1,1)/NOR-mid(0,1)/NOR-out(1,1)/NOT-in(0,1)/OUT-OR2(2,0)|edges=0000100100000011000000000",63,1,-0.12380465969091613,4.359041141720056e-06,24,0.0007199319960496914,19819,0.0020712533755559846,114039,0.004500166014115653,619425,0.026999259929104104,3716311,0.028050109441926905,1544382,0.02510666849601153,691161,0.008563337878239971,47148
5,circuit,6,0000000001000101000010000,"NOR-mid(0,1)/NOR-mid(0,1)/NOR-out(1,1)/NOR-out(1,1)/OUT-OR2(2,0)|edges=0001000100000010000100000",63,1,-0.19175799454514955,0.0,0,0.0002791239445807472,7684,0.0016172772961268258,89044,0.004897587140919009,674128,0.025492782258198978,3508952,0.03008981424977061,1656684,0.028056541577038394,772368,0.022622519500809783,124555
5,circuit,6,0000000001000101000010000,"NOR-mid(0,1)/NOR-out(1,1)/NOR-out(1,1)/NOT-in(0,1)/OUT-OR2(2,0)|edges=0010000001000010100000000",63,1,-0.19175799454514955,0.0,0,0.0002791239445807472,7684,0.0016172772961268258,89044,0.004897587140919009,674128,0.025492782258198978,3508952,0.03008981424977061,1656684,0.028056541577038394,772368,0.022622519500809783,124555
5,circuit,6,0000000001000101000010000,"NOR-mid(0,1)/NOR-out(1,1)/NOR-out(1,1)/NOT-mid(0,1)/OUT-OR2(2,0)|edges=0010000001000010100000000",63,2,-0.10562832652992803,0.0011199103199935776,6166,0.004074904457987905,112178,0.009350000155290878,514792,0.021271107989003765,2927860,0.03800429367095935,5231098,0.0484674452291346,2668519,0.04414711172927178,1215325,0.019871055907073946,109406
5,circuit,6,0000000001000101000010000,"NOR-mid(0,1)/NOR-out(1,1)/NOR-out(1,1)/NOT-mid(0,1)/OUT-OR2(2,0)|edges=0100000001000010010000000",63,3,-0.21218576684565663,0.0005130954677232982,2825,0.008119368277563698,223518,0.018426960806598617,1014551,0.02709881298781222,3730014,0.09093531318892617,12516784,0.11219796764381075,6177392,0.12286244812330685,3382278,0.14349693604758765,790065
5,circuit,6,0000000001000101000010000,"NOR-out(1,1)/NOR-out(1,1)/NOT-in(0,1)/NOT-mid(0,1)/OUT-OR2(2,0)|edges=0000100001100000100000000",63,1,-0.19175799454514955,0.0,0,0.0002791239445807472,7684,0.0016172772961268258,89044,0.004897587140919009,674128,0.025492782258198978,3508952,0.03008981424977061,1656684,0.028056541577038394,772368,0.022622519500809783,124555
5,circuit,6,0000000001000101000010000,"NOR-out(1,1)/NOR-out(1,1)/NOT-mid(0,1)/NOT-mid(0,1)/OUT-OR2(2,0)|edges=0000100001100000100000000",63,1,-0.22299785095689695,5.44880142715007e-07,3,0.0006600678288621497,18171,0.002214556886926101,121929,0.006528864174153842,898665,0.02469672673211095,3399379,0.030789894585101552,1695229,0.028810801242516025,793132,0.019871055907073946,109406
5,circuit,6,0000000001000101000010010,"NOR-in(0,1)/NOR-in(0,1)/NOR-in(1,2)/NOR-mid(2,1)/NOR-out(2,0)|edges=0010000010000110000100000",63,1,0.18339692046304518,0.04314034041931796,237522,0.07424544359402374,2043902,0.07006164975179704,3857452,0.044473634850110924,6121570,0.011561029556622726,1591317,0.0,0,0.0,0,0.0,0
5,circuit,6,0000000001000101000010010,"NOR-in(0,1)/NOR-in(1,2)/NOR-mid(2,1)/NOR-out(2,0)/NOT-in(0,1)|edges=0010000110000100000001000",63,1,0.18339692046304518,0.04314034041931796,237522,0.07424544359402374,2043902,0.07006164975179704,3857452,0.044473634850110924,6121570,0.011561029556622726,1591317,0.0,0,0.0,0,0.0,0
5,circuit,6,0000000001000101000010010,"NOR-in(0,1)/NOR-mid(0,1)/NOR-mid(1,2)/NOR-out(2,1)/OUT-OR2(2,0)|edges=0010000010000110000100000",63,2,0.28721016160911644,0.021867493140867136,120398,0.035624700928900806,980712,0.045124750065689855,2484477,0.04690245674301011,6455885,0.04610008821175465,6345443,0.0007296854967420065,40175,0.0,0,0.0,0
5,circuit,6,0000000001000101000010010,"NOR-in(1,2)/NOR-mid(2,1)/NOR-out(2,0)/NOT-in(0,1)/NOT-in(0,1)|edges=0110000100000000100010000",63,1,0.12428796375546539,0.006432310084750657,35415,0.007962297489384736,219194,0.008187970325893072,450813,0.009842963912609868,1354834,0.010739241152239827,1478202,0.009579303936158776,527417,0.0029714866670873144,81802,0.00019197947181852145,1057
5,circuit,6,0000000001000101000010010,"NOR-in(1,2)/NOR-mid(2,1)/NOR-out(2,0)/NOT-in(0,1)/NOT-in(0,1)|edges=0110000100000001000001000",63,1,-0.2140607740326426,0.0,0,0.0002922010684809384,8044,0.0024580820428767376,135337,0.007352468840078241,1012030,0.023080720864375372,3176944,0.014439091076501244,794987,0.004294819339662445,118232,0.00029768623870440555,1639
5,circuit,6,0000000001000101000010010,"NOR-mid(0,1)/NOR-mid(1,2)/NOR-out(2,1)/NOT-in(0,1)/OUT-OR2(2,0)|edges=0010000101000010100000000",63,1,0.1853433556125432,0.012050205982856617,66346,0.019420219173323074,534619,0.023984739574565112,1320551,0.025716488109891914,3539744,0.019628853577532294,2701812,0.00033560992181204223,18478,0.0,0,0.0,0
5,circuit,6,0000000001000101000010100,"NOR-in(0,1)/NOR-in(1,1)/NOR-in(1,2)/NOR-mid(1,1)/NOR-out(2,0)|edges=0010000010010010000100000",63,1,0.095879309073924,0.0004221004838898921,2324,0.001537978746694984,42339,0.002119275490139329,116683,0.003684879853395536,507205,0.016244951021476484,2236035,0.014299474588300727,787300,0.006203389802187011,170773,0.0,0
5,circuit,6,0000000001000101000010100,"NOR-in(0,1)/NOR-in(1,2)/NOR-mid(1,1)/NOR-out(1,1)/OUT-OR2(2,0)|edges=0100000101000100000100000",63,1,-0.003793209628154967,1.798104470959523e-05,99,0.0006251954984616399,17211,0.001787788495713981,98432,0.004723298110481693,650138,0.025331781039708685,3486791,0.02759971140961307,1519584,0.030045935953822628,827134,0.041083062088921915,226195
5,circuit,6,0000000001000101000010100,"NOR-in(0,1)/NOR-in(1,2)/NOR-mid(1,1)/NOR-out(2,0)/NOT-in(1,1)|edges=0100000011000100000000100",63,1,0.2466091640613717,0.04782649127338126,263323,0.03423765398722053,942528,0.027707198124478517,1525502,0.02478541126275621,3411586,0.01065942709211915,1467216,0.0,0,0.0,0,0.0,0
5,circuit,6,0000000001000101000010100,"NOR-in(1,1)/NOR-in(1,2)/NOR-out(2,0)/NOT-in(0,1)/NOT-mid(1,1)|edges=0000110100000000100000100",63,1,-0.08081705021574134,0.003437648820388979,18927,0.00860689072163166,236939,0.009429189421396544,519152,0.010005505324780525,1377207,0.01190920804117429,1639242,0.01470195948208549,809460,0.01756203762137073,483465,0.033451106170459974,184175
5,circuit,6,0000000001000101000010100,"NOR-in(1,2)/NOR-mid(1,1)/NOR-out(1,1)/NOT-in(0,1)/OUT-OR2(2,0)|edges=0100100100000011000000000",63,1,-0.12380465969091613,4.359041141720056e-06,24,0.0007199319960496914,19819,0.0020712533755559846,114039,0.004500166014115653,619425,0.026999259929104104,3716311,0.028050109441926905,1544382,0.02510666849601153,691161,0.008563337878239971,47148
5,circuit,6,0000000001000110100010000,"NOR-in(0,2)/NOR-in(1,1)/NOR-in(1,1)/NOR-in(2,1)/NOR-mid(1,0)|edges=0101000100000100000100000",63,1,-0.050240022280082605,3.632534284766713e-07,2,0.0004078972896534631,11229,0.0016021296245827602,88210,0.0036548751140997415,503075,0.035468166675034815,4882013,0.048406000897199854,2665136,0.05832464340034962,1605618,0.09673113629143973,532582
5,circuit,6,0000000001000110100010000,"NOR-in(0,2)/NOR-in(1,1)/NOR-in(1,1)/NOR-mid(2,1)/NOR-out(1,0)|edges=0101000100000100000100000",63,1,0.05758617967948495,0.0001425769706770935,785,0.0028743155079178533,79127,0.006275204458602694,345500,0.010454123400207965,1438957,0.012119597206205668,1668201,0.012514610283376427,689029,0.011707443875238244,322294,2.887865280903019e-05,159
5,circuit,6,0000000001000110100010000,"NOR-in(0,2)/NOR-in(1,1)/NOR-in(1,1)/NOR-mid(2,1)/OUT-OR2(1,0)|edges=0101000100000100000100000",63,1,0.05758617967948495,0.0001425769706770935,785,0.0028743155079178533,79127,0.006275204458602694,345500,0.010454123400207965,1438957,0.012119597206205668,1668201,0.012514610283376427,689029,0.011707443875238244,322294,2.887865280903019e-05,159
5,circuit,6,0000000001000110100010000,"NOR-in(0,2)/NOR-in(1,1)/NOR-mid(1,1)/NOR-out(2,1)/OUT-NOT(1,0)|edges=0101000100000100000100000",63,1,0.095879309073924,0.0004221004838898921,2324,0.001537978746694984,42339,0.002119275490139329,116683,0.003684879853395536,507205,0.016244951021476484,2236035,0.014299474588300727,787300,0.006203389802187011,170773,0.0,0
5,circuit,6,0000000001000110100010000,"NOR-in(0,2)/NOR-in(1,1)/NOR-out(2,1)/NOT-mid(1,1)/OUT-OR2(1,0)|edges=0110000010000010010000000",63,1,-0.08081705021574134,0.003437648820388979,18927,0.00860689072163166,236939,0.009429189421396544,519152,0.010005505324780525,1377207,0.01190920804117429,1639242,0.01470195948208549,809460,0.01756203762137073,483465,0.033451106170459974,184175
5,circuit,6,0000000001000110100010000,"NOR-in(0,2)/NOR-mid(1,1)/NOR-out(2,1)/NOT-in(1,1)/OUT-NOT(1,0)|edges=0011000100000010100000000",63,1,0.2466091640613717,0.04782649127338126,263323,0.03423765398722053,942528,0.027707198124478517,1525502,0.02478541126275621,3411586,0.01065942709211915,1467216,0.0,0,0.0,0,0.0,0
5,circuit,6,0000000001000111000000010,"NOR-in(0,1)/NOR-in(0,2)/NOR-in(2,1)/NOR-mid(2,1)/NOR-out(1,0)|edges=0010000110000100000100000",63,1,0.22473939448341307,0.009817287158010519,54052,0.01620448175557773,446093,0.021140010491124746,1163926,0.02118596863311819,2916141,0.026471234634222355,3643631,0.0003940755749299643,21697,0.0,0,0.0,0
5,circuit,6,0000000001000111000000010,"NOR-in(0,1)/NOR-in(0,2)/NOR-in(2,1)/NOR-mid(2,1)/OUT-OR2(1,0)|edges=0010000110000100000100000",63,1,0.22473939448341307,0.009817287158010519,54052,0.01620448175557773,446093,0.021140010491124746,1163926,0.02118596863311819,2916141,0.026471234634222355,3643631,0.0003940755749299643,21697,0.0,0,0.0,0
5,circuit,6,0000000001000111000000010,"NOR-in(0,1)/NOR-in(0,2)/NOR-mid(2,1)/NOR-out(2,1)/OUT-OR2(1,0)|edges=0010000110000100000100000",63,1,-0.04350717418518614,1.4348510424828516e-05,79,0.0012992485848281605,35767,0.004105654682091694,226049,0.008936217785062931,1230025,0.022827722063206386,3142120,0.024721090773293538,1361093,0.02629694139423468,723928,0.029639487253162438,163189
5,circuit,6,0000000001000111000000010,"NOR-in(0,1)/NOR-in(2,1)/NOR-mid(2,1)/NOR-out(1,0)/NOT-in(0,2)|edges=0100000100000100000001100",63,1,0.1853433556125432,0.012050205982856617,66346,0.019420219173323074,534619,0.023984739574565112,1320551,0.025716488109891914,3539744,0.019628853577532294,2701812,0.00033560992181204223,18478,0.0,0,0.0,0
5,circuit,6,0000000001000111000000010,"NOR-in(0,1)/NOR-in(2,1)/NOR-mid(2,1)/NOT-in(0,2)/OUT-OR2(1,0)|edges=0100000100000010110000000",63,1,0.1853433556125432,0.012050205982856617,66346,0.019420219173323074,534619,0.023984739574565112,1320551,0.025716488109891914,3539744,0.019628853577532294,2701812,0.00033560992181204223,18478,0.0,0,0.0,0
5,circuit,6,0000000001000111000000010,"NOR-in(0,2)/NOR-mid(2,1)/NOR-out(2,1)/NOT-in(0,1)/OUT-NOT(1,0)|edges=0110000100000010100000000",63,1,0.12428796375546539,0.006432310084750657,35415,0.007962297489384736,219194,0.008187970325893072,450813,0.009842963912609868,1354834,0.010739241152239827,1478202,0.009579303936158776,527417,0.0029714866670873144,81802,0.00019197947181852145,1057
5,circuit,6,0000000001000111000000010,"NOR-in(0,2)/NOR-mid(2,1)/NOR-out(2,1)/NOT-in(0,1)/OUT-OR2(1,0)|edges=0110000100000010100000000",63,1,-0.2140607740326426,0.0,0,0.0002922010684809384,8044,0.0024580820428767376,135337,0.007352468840078241,1012030,0.023080720864375372,3176944,0.014439091076501244,794987,0.004294819339662445,118232,0.00029768623870440555,1639
5,circuit,6,0000000001000111000000010,"NOR-in(2,1)/NOR-mid(2,1)/NOR-out(1,0)/NOT-in(0,1)/NOT-in(0,2)|edges=0100000100000001000011000",63,1,-0.10130147378113162,0.0004914818887289362,2706,0.0015178908313705237,41786,0.002521088364922737,138806,0.005303675496288922,730024,0.0,0,0.0,0,0.0,0,0.0,0
5,circuit,6,0000000001000111000010000,"NOR-in(0,1)/NOR-in(0,2)/NOR-mid(1,1)/NOR-mid(2,1)/NOR-out(2,0)|edges=0001000110000010000100000",63,1,-0.0317552792625386,3.92313702754805e-05,216,0.0009496534725630498,26143,0.0018210988429703551,100266,0.004860201090455048,668982,0.019690701119295204,2710325,0.026896071189842517,1480843,0.020527930183830635,565113,0.013509034205220425,74378
5,circuit,6,0000000001010000110010000,"NOR-in(0,2)/NOR-in(1,1)/NOR-in(2,1)/NOR-mid(1,1)/NOR-out(1,0)|edges=0110000100000100000100000",63,1,0.07172491434279603,0.000729957764523871,4019,0.001914236661578818,52697,0.002619929646149121,144248,0.00520365001187621,716256,0.007427567923120098,1022367,0.009398113083252783,517441,0.009449605127047747,260138,0.003412403326893454,18788
5,circuit,6,0000000001010000110010000,"NOR-in(0,2)/NOR-in(1,1)/NOR-in(2,1)/NOT-in(1,1)/NOT-mid(1,0)|edges=0110000100000100000100000",63,1,0.025034702962749806,0.0014497444330503952,7982,0.0024630036359126737,67804,0.0028423860982734798,156496,0.004628488946363019,637088,0.0,0,0.0,0,0.0,0,0.0,0
5,circuit,6,0000000001010000110010000,"NOR-in(0,2)/NOR-in(1,1)/NOR-mid(2,1)/NOR-out(1,1)/OUT-NOT(1,0)|edges=0110000100000100000100000",63,1,0.10241768729545829,0.000678012524251707,3733,0.0029343976271703986,80781,0.004641726055740489,255564,0.007711305179859814,1061422,0.015033377076078238,2069268,0.008905541317934968,490321,0.0012996485412954443,35778,0.0,0
5,circuit,6,0000000001010000110010000,"NOR-in(0,2)/NOR-in(1,1)/NOR-mid(2,1)/NOR-out(1,1)/OUT-OR2(1,0)|edges=0110000100000100000100000",63,2,0.01000551881104867,0.0011235428542783444,6186,0.004343639354136833,119576,0.011636172472550612,640664,0.02350259604927525,3235013,0.02828727694209654,3893600,0.031484998347287324,1733500,0.02778261207706889,764827,0.0005882890342669736,3239
5,circuit,6,0000000001010000110010000,"NOR-in(1,1)/NOR-in(2,1)/NOR-mid(1,1)/NOR-out(1,0)/NOT-in(0,2)|edges=0100000100000100000011000",63,1,-0.09447033360301364,4.94024662728273e-05,272,0.001667478598651044,45904,0.006317777770472346,347844,0.010526214690288393,1448880,0.02298881772760798,3164294,0.016754051234764988,922444,0.013099831047142645,360625,0.00019161621832406825,1055
5,circuit,6,0000000001010000110010000,"NOR-in(1,1)/NOR-in(2,1)/NOR-out(1,1)/NOT-in(0,2)/OUT-OR2(1,0)|edges=0100000100000011100000000",63,2,0.23658876228461526,0.10419633993110536,573684,0.16885828971053024,4648498,0.1432356011256282,7886261,0.08984507979161048,12366719,0.022636585333940508,3115811,0.0,0,0.0,0,0.0,0
5,circuit,6,0000000001010000110010000,"NOR-in(1,1)/NOR-mid(2,1)/NOR-out(1,1)/NOT-in(0,2)/OUT-NOT(1,0)|edges=0100000100000011100000000",63,1,-0.10130147378113162,0.0004914818887289362,2706,0.0015178908313705237,41786,0.002521088364922737,138806,0.005303675496288922,730024,0.0,0,0.0,0,0.0,0,0.0,0
5,circuit,6,0000000001010000110010000,"NOR-in(1,1)/NOR-mid(2,1)/NOR-out(1,1)/NOT-in(0,2)/OUT-OR2(1,0)|edges=0100000100000011100000000",63,1,-0.13714658201057814,0.0020763565971726535,11432,0.02417230069727588,665439,0.04390044042127454,2417069,0.032226971656825816,4435879,0.0009713616676055922,133703,0.0,0,0.0,0,0.0,0
5,circuit,6,0000000001010001000010000,"NOR-in(0,1)/NOR-in(0,1)/NOR-in(1,1)/NOR-out(1,1)/OUT-OR2(2,0)|edges=0010000001000100000100000",63,1,0.18339692046304518,0.04314034041931796,237522,0.07424544359402374,2043902,0.07006164975179704,3857452,0.044473634850110924,6121570,0.011561029556622726,1591317,0.0,0,0.0,0,0.0,0
5,circuit,6,0000000001010001000010000,"NOR-in(0,1)/NOR-in(0,1)/NOR-mid(1,1)/NOR-out(1,1)/OUT-OR2(2,0)|edges=0000100100000100000100000",63,2,-0.06987597614815531,0.000751571343518233,4138,0.008806789090583748,242442,0.020342868816787225,1120037,0.0219321857728976,3018854,0.05613471927525753,7726659,0.06777776593167706,3731706,0.07466404223243861,2055425,0.09714161274017186,534842
5,circuit,6,0000000001010001000010000,"NOR-in(0,1)/NOR-in(1,1)/NOR-in(1,1)/NOR-mid(0,1)/NOR-out(2,0)|edges=0010000001010000000100000",63,1,0.2466091640613717,0.04782649127338126,263323,0.03423765398722053,942528,0.027707198124478517,1525502,0.02478541126275621,3411586,0.01065942709211915,1467216,0.0,0,0.0,0,0.0,0
5,circuit,6,0000000001010001000010000,"NOR-in(0,1)/NOR-in(1,1)/NOR-mid(0,1)/NOR-mid(1,1)/NOR-out(2,0)|edges=0100000010000010000100000",63,9,0.22946682137399568,0.0846389569686356,466005,0.08823298959507739,2428965,0.09637849505049832,5306404,0.12130013049082915,16696347,0.13613473613022017,18738255,0.09121668077573587,5022205,0.07210797232196862,1985059,0.06844295203764324,376833
5,circuit,6,0000000001010001000010000,"NOR-in(0,1)/NOR-in(1,1)/NOR-mid(1,1)/NOR-out(2,0)/NOT-mid(0,1)|edges=0100000100000100000000010",63,1,-0.16325859755500838,3.632534284766713e-07,2,0.00040248481337255067,11080,0.0019048469406798111,104877,0.004658166757506681,641173,0.01595939017611845,2196729,0.01201871474840326,661726,0.009183376602279612,252809,0.0014279494866955684,7862
5,circuit,6,0000000001010001000010000,"NOR-in(0,1)/NOR-in(1,1)/NOR-out(0,1)/NOR-out(1,1)/OUT-OR2(2,0)|edges=0100000010000010000100000",63,1,-0.045502549437321974,1.634640428145021e-06,9,0.0004963858280447568,13665,0.0024364866214548024,134148,0.007252624982416714,998287,0.03435714856489329,4729087,0.044362825819558506,2442527,0.050782409999120565,1397988,0.09376571638947095,516255
5,circuit,6,0000000001010001000010000,"NOR-in(0,1)/NOR-in(1,1)/NOR-out(1,1)/NOT-in(0,1)/OUT-OR2(2,0)|edges=0000100100000010100000000",63,1,0.18339692046304518,0.04314034041931796,237522,0.07424544359402374,2043902,0.07006164975179704,3857452,0.044473634850110924,6121570,0.011561029556622726,1591317,0.0,0,0.0,0,0.0,0
5,circuit,6,0000000001010001000010000,"NOR-in(0,1)/NOR-in(1,1)/NOR-out(1,1)/NOT-out(0,1)/OUT-OR2(2,0)|edges=0100000100000010000100000",63,1,0.14980580649439887,0.06105599951178739,336162,0.0946128461165065,2604596,0.07317395137383115,4028809,0.04537144494149955,6245149,0.011075555777317784,1524494,0.0,0,0.0,0,0.0,0
5,circuit,6,0000000001010001000010000,"NOR-in(0,1)/NOR-in(1,1)/NOR-out(2,0)/NOT-mid(0,1)/NOT-mid(1,1)|edges=0100000001000000010000100",63,1,0.07732835955279294,0.06777128401732138,373135,0.10050481694042597,2766796,0.08057625883643688,4436365,0.045360445625447776,6243635,0.004271599676387624,587964,0.0013896444814244593,76511,0.0,0,0.0,0
5,circuit,6,0000000001010001000010000,"NOR-in(0,1)/NOR-mid(0,1)/NOR-mid(1,1)/NOR-out(2,0)/NOT-in(1,1)|edges=0000100010000100000000100",63,1,0.11656930891325427,0.05882707647465454,323890,0.049750174261757305,1369572,0.04042957125532804,2225970,0.030578505467858813,4208976,0.009197251818684977,1265955,0.001504014850384868,82808,0.0,0,0.0,0
5,circuit,6,0000000001010001000010000,"NOR-in(0,1)/NOR-mid(1,1)/NOR-out(0,1)/NOR-out(1,1)/OUT-OR2(2,0)|edges=0100000010000010000100000",63,12,-0.14186636442291176,0.04298813723278624,236684,0.0999672381720956,2751997,0.13731745670885379,7560420,0.17048153073166042,23465917,0.2512002022944239,34576432,0.2950738991143643,16246169,0.3221731672523585,8869099,0.3576181613670101,1968973
5,circuit,6,0000000001010001000010000,"NOR-in(0,1)/NOR-mid(1,1)/NOR-out(0,1)/NOT-out(1,1)/OUT-OR2(2,0)|edges=0100000010000010000100000",63,2,-0.020864510887745928,0.0007517529702324713,4139,0.004087945256543929,112537,0.011647505982195093,641288,0.022076760666841017,3038754,0.010816098328829729,1488781,0.0027292326285857957,150266,3.149408254522752e-05,867,0.0,0
5,circuit,6,0000000001010001000010000,"NOR-in(0,1)/NOR-mid(1,1)/NOR-out(1,1)/NOT-out(0,1)/OUT-OR2(2,0)|edges=0100000100000010000100000",63,1,-0.13714658201057814,0.0020763565971726535,11432,0.02417230069727588,665439,0.04390044042127454,2417069,0.032226971656825816,4435879,0.0009713616676055922,133703,0.0,0,0.0,0,0.0,0
5,circuit,6,0000000001010001000010000,"NOR-in(0,1)/NOR-out(1,1)/NOT-in(0,1)/NOT-mid(1,1)/OUT-OR2(2,0)|edges=0000100001000100100000000",63,1,-0.16325859755500838,3.632534284766713e-07,2,0.00040248481337255067,11080,0.0019048469406798111,104877,0.004658166757506681,641173,0.01595939017611845,2196729,0.01201871474840326,661726,0.009183376602279612,252809,0.0014279494866955684,7862
5,circuit,6,0000000001010001000010000,"NOR-in(0,1)/NOR-out(1,1)/NOT-in(0,1)/NOT-mid(1,1)/OUT-OR2(2,0)|edges=0001000001000010100000000",63,1,0.07732835955279294,0.06777128401732138,373135,0.10050481694042597,2766796,0.08057625883643688,4436365,0.045360445625447776,6243635,0.004271599676387624,587964,0.0013896444814244593,76511,0.0,0,0.0,0
5,circuit,6,0000000001010001000010000,"NOR-in(1,1)/NOR-mid(0,1)/NOR-mid(1,1)/NOR-out(2,0)/NOT-in(0,1)|edges=0010000010000100000010000",63,3,-0.10985458244368808,0.001483708628612964,8169,0.005160015138950435,142050,0.008503038261474492,468160,0.0153779810344184,2116701,0.05019106371531137,6908545,0.05861398769046449,3227167,0.05739384251091604,1579994,0.046571822390109915,256415
5,circuit,6,0000000001010001000010000,"NOR-in(1,1)/NOR-mid(1,1)/NOR-out(2,0)/NOT-in(0,1)/NOT-mid(0,1)|edges=0100000100000001000000100",63,1,0.27701161278742026,0.2222181053500328,1223488,0.10798852802040787,2972815,0.07145972171475201,3934427,0.059310404491347675,8163776,0.0,0,0.0,0,0.0,0,0.0,0
5,circuit,6,0000000001010001000010000,"NOR-in(1,1)/NOR-out(0,1)/NOR-out(1,1)/NOT-in(0,1)/OUT-OR2(2,0)|edges=0010000001000011000000000",63,1,-0.2140607740326426,0.0,0,0.0002922010684809384,8044,0.0024580820428767376,135337,0.007352468840078241,1012030,0.023080720864375372,3176944,0.014439091076501244,794987,0.004294819339662445,118232,0.00029768623870440555,1639
5,circuit,6,0000000001010001000010000,"NOR-in(1,1)/NOR-out(1,1)/NOT-in(0,1)/NOT-out(0,1)/OUT-OR2(2,0)|edges=0100000001100000000100000",63,1,0.14980580649439887,0.06105599951178739,336162,0.0946128461165065,2604596,0.07317395137383115,4028809,0.04537144494149955,6245149,0.011075555777317784,1524494,0.0,0,0.0,0,0.0,0
5,circuit,6,0000000001010001000010000,"NOR-mid(1,1)/NOR-out(0,1)/NOR-out(1,1)/NOT-in(0,1)/OUT-OR2(2,0)|edges=0010000001000011000000000",63,5,-0.30640689973568047,0.04051474463828858,223066,0.0795867222003685,2190942,0.0896282639713159,4934750,0.09794155719017371,13481158,0.08670721675229848,11934808,0.08668614662070613,4772763,0.07696002260308872,2118631,0.047655225937316616,262380
5,circuit,6,0000000001010001000010000,"NOR-mid(1,1)/NOR-out(1,1)/NOT-in(0,1)/NOT-out(0,1)/OUT-OR2(2,0)|edges=0100000001100000000100000",63,1,-0.13714658201057814,0.0020763565971726535,11432,0.02417230069727588,665439,0.04390044042127454,2417069,0.032226971656825816,4435879,0.0009713616676055922,133703,0.0,0,0.0,0,0.0,0
5,circuit,6,0000000001010001000010010,"NOR-in(0,1)/NOR-in(1,1)/NOR-mid(1,2)/NOR-out(1,1)/OUT-OR2(2,0)|edges=0100000100000110000100000",63,3,0.22119076078790717,0.022010070111544232,121183,0.038499016436818655,1059839,0.05139995452429255,2829977,0.05735658014321807,7894842,0.05821968541796032,8013644,0.013244295780118435,729204,0.011707443875238244,322294,2.887865280903019e-05,159
5,circuit,6,0000000001010001000010010,"NOR-in(1,1)/NOR-mid(1,2)/NOR-out(1,1)/NOT-in(0,1)/OUT-OR2(2,0)|edges=0100000101000011000000000",63,1,-0.1530229374140178,0.0003507211851942262,1931,0.020433115070081217,562503,0.04225112416519121,2326261,0.0314719274569388,4331951,0.0006683428587968023,91994,0.0,0,0.0,0,0.0,0
5,circuit,6,0000000001010001000110000,"NOR-in(0,1)/NOR-in(0,2)/NOR-in(1,1)/NOR-mid(2,1)/NOR-out(2,0)|edges=0010000011000100000100000",63,1,-0.04350717418518614,1.4348510424828516e-05,79,0.0012992485848281605,35767,0.004105654682091694,226049,0.008936217785062931,1230025,0.022827722063206386,3142120,0.024721090773293538,1361093,0.02629694139423468,723928,0.029639487253162438,163189
5,circuit,6,0000000001010001000110000,"NOR-in(0,1)/NOR-in(0,2)/NOR-mid(2,1)/NOR-out(2,0)/NOT-in(1,1)|edges=0000100110000100000000100",63,1,0.12428796375546539,0.006432310084750657,35415,0.007962297489384736,219194,0.008187970325893072,450813,0.009842963912609868,1354834,0.010739241152239827,1478202,0.009579303936158776,527417,0.0029714866670873144,81802,0.00019197947181852145,1057
5,circuit,6,0000000001010001000110000,"NOR-in(2,1)/NOR-mid(2,0)/NOT-in(0,1)/NOT-in(0,2)/NOT-in(1,1)|edges=0100000000000011100010000",63,1,-0.10130147378113162,0.0004914818887289362,2706,0.0015178908313705237,41786,0.002521088364922737,138806,0.005303675496288922,730024,0.0,0,0.0,0,0.0,0,0.0,0
5,circuit,6,0000000001010001010010000,"NOR-in(0,2)/NOR-in(1,1)/NOR-mid(1,1)/NOR-out(1,1)/OUT-OR2(2,0)|edges=0100100100000100000100000",63,3,-0.1501969910312533,9.081335711916784e-06,50,0.0016266852371512807,44781,0.005430494736574636,298992,0.014094221361831277,1939998,0.07354824955727934,10123543,0.09053627061820135,4984743,0.09895408042891235,2724105,0.08814473181630199,485307
5,circuit,6,0000000001010001010010000,"NOR-in(0,2)/NOR-in(1,1)/NOR-mid(2,0)/NOT-in(1,1)/NOT-in(1,1)|edges=0011000100000000000101000",63,1,0.07051498810968163,0.01808693308399618,99583,0.02049784683338716,564285,0.020127441320163527,1108176,0.03181104639661171,4378629,0.0,0,0.0,0,0.0,0,0.0,0
5,circuit,6,0000000001010001010010000,"NOR-in(1,1)/NOR-out(1,1)/NOT-in(0,2)/NOT-mid(1,1)/OUT-OR2(2,0)|edges=0001000001100010100000000",63,1,0.13032289710869266,0.042056392188743574,231554,0.0747845843521533,2058744,0.06905843435882766,3802217,0.04450985122429725,6126555,0.009070868659222086,1248559,0.0,0,0.0,0,0.0,0
5,circuit,6,0000000001010001100010000,"NOR-in(0,1)/NOR-in(0,2)/NOR-mid(2,1)/NOR-out(1,1)/OUT-OR2(2,0)|edges=0010000101000100000100000",63,2,-0.07079678781659539,6.738351098242253e-05,371,0.0022926740971126835,63115,0.008105566266186326,446276,0.015249512800770085,2099018,0.04832059876731667,6651085,0.04435376264437806,2442028,0.04314576700096527,1187759,0.04127467830724598,227250
5,circuit,6,0000000001010001100010000,"NOR-in(0,1)/NOR-mid(2,1)/NOR-out(1,1)/NOT-in(0,2)/OUT-OR2(2,0)|edges=0100000100000010100100000",63,1,0.13032289710869266,0.042056392188743574,231554,0.0747845843521533,2058744,0.06905843435882766,3802217,0.04450985122429725,6126555,0.009070868659222086,1248559,0.0,0,0.0,0,0.0,0
5,circuit,6,0000000001010001100010000,"NOR-in(0,2)/NOR-in(2,1)/NOR-out(2,0)/NOT-in(0,1)/NOT-mid(1,1)|edges=0110000001000000100000100",63,1,-0.08081705021574134,0.003437648820388979,18927,0.00860689072163166,236939,0.009429189421396544,519152,0.010005505324780525,1377207,0.01190920804117429,1639242,0.01470195948208549,809460,0.01756203762137073,483465,0.033451106170459974,184175
5,circuit,6,0000000001010010110010000,"NOR-in(0,2)/NOR-in(1,2)/NOR-mid(2,1)/NOR-out(2,1)/OUT-OR2(1,0)|edges=0110000110000100000100000",63,1,-0.045502549437321974,1.634640428145021e-06,9,0.0004963858280447568,13665,0.0024364866214548024,134148,0.007252624982416714,998287,0.03435714856489329,4729087,0.044362825819558506,2442527,0.050782409999120565,1397988,0.09376571638947095,516255
5,circuit,6,0000000001010010110010000,"NOR-in(0,2)/NOR-in(2,1)/NOR-mid(2,1)/NOR-out(1,0)/NOT-in(1,2)|edges=0100100100000100000001100",63,1,-0.13714658201057814,0.0020763565971726535,11432,0.02417230069727588,665439,0.04390044042127454,2417069,0.032226971656825816,4435879,0.0009713616676055922,133703,0.0,0,0.0,0,0.0,0
5,circuit,6,0000000001010011000010000,"NOR-in(0,1)/NOR-in(1,1)/NOR-in(2,1)/NOR-mid(2,0)/NOT-in(0,2)|edges=0001000100000100000001100",63,2,0.06349296761800072,0.04318974288559079,237794,0.07591292219267479,2089806,0.0763794275222694,4205296,0.05499984954039932,7570450,0.0345498472842307,4755611,0.016754051234764988,922444,0.013099831047142645,360625,0.00019161621832406825,1055
5,circuit,6,0000000001010011000010000,"NOR-in(0,2)/NOR-in(1,1)/NOR-mid(0,1)/NOR-mid(2,1)/NOR-out(2,0)|edges=0101000010000010000100000",63,2,0.2338067250752635,0.010495299682262225,57785,0.01913887938274813,526874,0.025781736546865233,1419490,0.028897273812978005,3977563,0.04150461171030059,5712899,0.009299616892864933,512018,0.0012996485412954443,35778,0.0,0
5,circuit,6,0000000001010011000010000,"NOR-in(0,2)/NOR-mid(1,1)/NOR-out(0,1)/NOR-out(2,1)/OUT-OR2(2,0)|edges=0101000010000010000100000",63,2,-0.18490692930291852,1.634640428145021e-06,9,0.0007885868965256951,21709,0.00489456866433154,269485,0.014605093822494955,2010317,0.057437869429268665,7906031,0.05880191689605975,3237514,0.05507722933878301,1516220,0.09406340262817536,517894
5,circuit,6,0000000001010011000010000,"NOR-in(0,2)/NOR-out(2,1)/NOT-mid(1,1)/NOT-out(0,1)/OUT-OR2(2,0)|edges=0110000001010000000100000",63,1,0.14980580649439887,0.06105599951178739,336162,0.0946128461165065,2604596,0.07317395137383115,4028809,0.04537144494149955,6245149,0.011075555777317784,1524494,0.0,0,0.0,0,0.0,0
5,circuit,6,0000000001010011000010000,"NOR-in(1,1)/NOR-mid(0,1)/NOR-mid(2,1)/NOR-out(2,0)/NOT-in(0,2)|edges=0010000010000100000010100",63,1,0.1853433556125432,0.012050205982856617,66346,0.019420219173323074,534619,0.023984739574565112,1320551,0.025716488109891914,3539744,0.019628853577532294,2701812,0.00033560992181204223,18478,0.0,0,0.0,0
5,circuit,6,0000000001010011000010000,"NOR-mid(1,1)/NOR-out(0,1)/NOR-out(2,1)/NOT-in(0,2)/OUT-OR2(2,0)|edges=0010000001000011010000000",63,1,-0.19175799454514955,0.0,0,0.0002791239445807472,7684,0.0016172772961268258,89044,0.004897587140919009,674128,0.025492782258198978,3508952,0.03008981424977061,1656684,0.028056541577038394,772368,0.022622519500809783,124555
5,circuit,6,0000000001010011000010010,"NOR-in(0,2)/NOR-in(1,1)/NOR-mid(2,2)/NOR-out(1,1)/OUT-OR2(2,0)|edges=0110000100000110000100000",63,1,0.22473939448341307,0.009817287158010519,54052,0.01620448175557773,446093,0.021140010491124746,1163926,0.02118596863311819,2916141,0.026471234634222355,3643631,0.0003940755749299643,21697,0.0,0,0.0,0
5,circuit,6,0000000001010011000010010,"NOR-in(1,1)/NOR-in(2,2)/NOR-mid(1,1)/NOR-out(2,0)/NOT-in(0,2)|edges=0100000110000100000011000",63,1,0.18339692046304518,0.04314034041931796,237522,0.07424544359402374,2043902,0.07006164975179704,3857452,0.044473634850110924,6121570,0.011561029556622726,1591317,0.0,0,0.0,0,0.0,0
5,circuit,6,0000000001010011000010010,"NOR-in(1,1)/NOR-in(2,2)/NOR-out(2,0)/NOT-in(0,2)/NOT-mid(1,1)|edges=0100000101000001100000100",63,1,0.14980580649439887,0.06105599951178739,336162,0.0946128461165065,2604596,0.07317395137383115,4028809,0.04537144494149955,6245149,0.011075555777317784,1524494,0.0,0,0.0,0,0.0,0
5,circuit,6,0000000001010011000010010,"NOR-in(1,1)/NOR-mid(2,2)/NOR-out(1,1)/NOT-in(0,2)/OUT-OR2(2,0)|edges=0100000101000011100000000",63,1,0.1853433556125432,0.012050205982856617,66346,0.019420219173323074,534619,0.023984739574565112,1320551,0.025716488109891914,3539744,0.019628853577532294,2701812,0.00033560992181204223,18478,0.0,0,0.0,0
5,circuit,6,0000000001010011100010000,"NOR-in(0,2)/NOR-in(0,2)/NOR-mid(2,1)/NOR-out(2,1)/OUT-OR2(2,0)|edges=0011000101000100000100000",63,1,0.18339692046304518,0.04314034041931796,237522,0.07424544359402374,2043902,0.07006164975179704,3857452,0.044473634850110924,6121570,0.011561029556622726,1591317,0.0,0,0.0,0,0.0,0
5,circuit,6,0000000001010101000010000,"NOR-in(0,2)/NOR-in(1,1)/NOR-in(1,1)/NOR-in(1,1)/NOR-mid(2,0)|edges=0110000001000100000100000",63,1,0.095879309073924,0.0004221004838898921,2324,0.001537978746694984,42339,0.002119275490139329,116683,0.003684879853395536,507205,0.016244951021476484,2236035,0.014299474588300727,787300,0.006203389802187011,170773,0.0,0
5,circuit,6,0000000001010101000010000,"NOR-in(0,2)/NOR-in(1,1)/NOR-in(1,1)/NOR-mid(1,1)/NOR-out(2,0)|edges=0110000010000010000100000",63,1,0.095879309073924,0.0004221004838898921,2324,0.001537978746694984,42339,0.002119275490139329,116683,0.003684879853395536,507205,0.016244951021476484,2236035,0.014299474588300727,787300,0.006203389802187011,170773,0.0,0
5,circuit,6,0000000001010101000010000,"NOR-in(0,2)/NOR-in(1,1)/NOR-mid(1,1)/NOR-mid(1,1)/NOR-out(2,0)|edges=0110000010000010000100000",63,2,-0.0865025416643341,0.0001594682551012587,878,0.001861891840633886,51256,0.0039676365093538595,218450,0.008897255214398683,1224662,0.04018738185043529,5531589,0.04836382716419588,2662814,0.050738456319905194,1396778,0.05278055111730418,290599
5,circuit,6,0000000001010101000010000,"NOR-in(0,2)/NOR-in(1,1)/NOR-mid(1,1)/NOR-out(2,0)/NOT-mid(1,1)|edges=0110000001000100000000010",63,1,0.13032289710869266,0.042056392188743574,231554,0.0747845843521533,2058744,0.06905843435882766,3802217,0.04450985122429725,6126555,0.009070868659222086,1248559,0.0,0,0.0,0,0.0,0
5,circuit,6,0000000001010101000010000,"NOR-in(1,1)/NOR-mid(1,1)/NOR-out(2,0)/NOT-in(0,2)/NOT-mid(1,1)|edges=0000100100000001100000100",63,1,0.13032289710869266,0.042056392188743574,231554,0.0747845843521533,2058744,0.06905843435882766,3802217,0.04450985122429725,6126555,0.009070868659222086,1248559,0.0,0,0.0,0,0.0,0
5,circuit,6,0000000001010111000010000,"NOR-in(0,3)/NOR-mid(1,1)/NOR-out(1,1)/NOR-out(2,1)/OUT-OR2(2,0)|edges=0111000010000010000100000",63,1,-0.04350717418518614,1.4348510424828516e-05,79,0.0012992485848281605,35767,0.004105654682091694,226049,0.008936217785062931,1230025,0.022827722063206386,3142120,0.024721090773293538,1361093,0.02629694139423468,723928,0.029639487253162438,163189
5,circuit,6,0000000001100001000000110,"NOR-in(0,1)/NOR-in(1,2)/NOR-mid(1,1)/NOR-mid(1,1)/NOR-out(2,0)|edges=0100000110000010000100000",63,1,-0.0317552792625386,3.92313702754805e-05,216,0.0009496534725630498,26143,0.0018210988429703551,100266,0.004860201090455048,668982,0.019690701119295204,2710325,0.026896071189842517,1480843,0.020527930183830635,565113,0.013509034205220425,74378
5,circuit,6,0000000001100001000000110,"NOR-in(0,1)/NOR-mid(1,2)/NOR-out(1,1)/NOR-out(1,1)/OUT-OR2(2,0)|edges=0100000110000010000100000",63,4,0.003059820756431681,0.0006258856572653046,3446,0.004442625916992448,122301,0.012282109871583163,676228,0.041393753704913286,5697640,0.1067790216538393,14697590,0.12258494760622018,6749278,0.13456506072636687,3704439,0.12437091305763726,684761
5,circuit,6,0000000001100001000000110,"NOR-in(1,1)/NOR-in(1,1)/NOR-in(1,2)/NOR-mid(2,0)/NOT-in(0,1)|edges=0001000010110000000000100",63,1,0.19384714499912756,0.04178758465167084,230074,0.03385794516464081,932075,0.028450923369546136,1566450,0.028832563834065742,3968656,0.0,0,0.0,0,0.0,0,0.0,0
5,circuit,6,0000000001100001000000110,"NOR-out(1,1)/NOR-out(1,1)/NOT-in(0,1)/NOT-mid(1,2)/OUT-OR2(2,0)|edges=0000100001000101100000000",63,1,-0.16172060464176846,3.632534284766713e-07,2,0.0003538815028768401,9742,0.0016849514258308884,92770,0.005262838537552442,724403,0.03740900835709005,5149160,0.04341141037772063,2390144,0.050069706539446555,1378368,0.06663449451550793,366876
5,circuit,6,0000000001100001010000110,"NOR-in(0,1)/NOR-in(1,2)/NOR-in(1,2)/NOR-mid(2,1)/NOR-out(2,0)|edges=0100000110000110000100000",63,1,-0.045502549437321974,1.634640428145021e-06,9,0.0004963858280447568,13665,0.0024364866214548024,134148,0.007252624982416714,998287,0.03435714856489329,4729087,0.044362825819558506,2442527,0.050782409999120565,1397988,0.09376571638947095,516255
5,circuit,7,0000000000000000000111100,"NOR-in(0,1)/NOR-in(1,0)/NOR-in(1,0)/NOR-in(1,3)/OUT-OR2(1,0)|edges=0001000000000000110100000",82,1,0.06789349145154658,1.2195124925640226e-06,10,0.0006053171026983952,24818,0.002722329268292683,223231,0.011657351048916813,2389757,0.022223765853658536,4555872,0.029714269017421194,2436570,0.0364234137457704,1493360,0.03142024007070243,257646
5,circuit,7,0000000000000000010011010,"NOR-in(0,3)/NOR-in(1,0)/NOR-in(1,0)/NOR-mid(1,1)/NOR-out(1,0)|edges=0111000000000000000100000",82,1,-0.11031383645387695,0.0,0,3.1951221070791272e-06,131,0.0003485609756097561,28582,0.0032339560502347895,662961,0.0305494,6262627,0.03551217159785784,2911998,0.03285034066218681,1346864,0.025931582203465586,212639
5,circuit,7,0000000000000000010011010,"NOR-in(0,3)/NOR-in(1,0)/NOR-in(1,1)/NOR-mid(1,0)/NOR-out(1,0)|edges=0111000000000010000000000",82,1,-0.11031383645387695,0.0,0,3.1951221070791272e-06,131,0.0003485609756097561,28582,0.0032339560502347895,662961,0.0305494,6262627,0.03551217159785784,2911998,0.03285034066218681,1346864,0.025931582203465586,212639
5,circuit,7,0000000000000000010011010,"NOR-in(0,3)/NOR-in(1,0)/NOR-in(1,1)/NOT-mid(1,0)/OUT-OR2(1,0)|edges=0110100000000100000000000",82,1,-0.13269838516746774,0.0,0,9.602439492801927e-05,3937,0.0007491829268292683,61433,0.013912409552501323,2852044,0.017500536585365854,3587610,0.013801524726866457,1131725,0.01534936547928377,629324,0.026018289509964695,213350
5,circuit,7,0000000000000000010011100,"NOR-in(0,3)/NOR-in(1,0)/NOR-in(1,0)/NOR-out(0,1)/OUT-OR2(2,0)|edges=0110100000000000000100000",82,2,-0.047318270278419915,1.2195124925640226e-06,10,0.0007013414976264145,28755,0.003471512195121951,284664,0.025569760601418138,5241801,0.03972430243902439,8143482,0.04351579374428765,3568295,0.05177277922505417,2122684,0.05743852958066713,470996
5,circuit,7,0000000000000000010111000,"NOR-in(0,2)/NOR-in(1,0)/NOR-in(1,2)/NOR-mid(1,0)/NOR-out(1,0)|edges=0010100000010100000000000",82,1,-0.027469970916805184,1.0975612433076203e-06,9,0.0007788049160392642,31931,0.003234573170731707,265235,0.005649516990494873,1158151,0.016517219512195123,3386030,0.017229085786075262,1412785,0.017425828843272467,714459,0.01912024157070225,156786
5,circuit,7,0000000000000000010111000,"NOR-in(0,2)/NOR-in(1,2)/NOR-mid(1,0)/NOR-mid(1,0)/NOR-out(1,0)|edges=0110000011000000000000000",82,1,-0.11031383645387695,0.0,0,3.1951221070791272e-06,131,0.0003485609756097561,28582,0.0032339560502347895,662961,0.0305494,6262627,0.03551217159785784,2911998,0.03285034066218681,1346864,0.025931582203465586,212639
5,circuit,7,0000000000000000010111000,"NOR-in(0,2)/NOR-in(1,2)/NOR-mid(1,0)/NOR-mid(1,0)/OUT-OR2(1,0)|edges=0110000011000000000000000",82,1,-0.0819910212213533,0.0,0,1.4000000682926863e-05,574,0.00036679268292682924,30077,0.001079653642736776,221329,0.029788463414634148,6106635,0.03671151309052471,3010344,0.04029477950500538,1652086,0.05635096873768674,462078
5,circuit,7,0000000000000000110011100,"NOR-in(0,2)/NOR-in(0,3)/NOR-in(2,0)/NOR-in(2,0)/OUT-OR2(1,0)|edges=0011000111000000000000000",82,1,0.06789349145154658,1.2195124925640226e-06,10,0.0006053171026983952,24818,0.002722329268292683,223231,0.011657351048916813,2389757,0.022223765853658536,4555872,0.029714269017421194,2436570,0.0364234137457704,1493360,0.03142024007070243,257646
5,circuit,7,0000000000000010000111000,"NOR-in(0,1)/NOR-in(0,1)/NOR-in(2,2)/NOR-mid(1,0)/NOR-mid(1,0)|edges=0010000100000110000000000",82,1,0.05244731603989884,0.00011073173432481324,908,0.0009865122432444996,40447,0.0024389512195121953,199994,0.011913824215895255,2442334,0.016294887804878047,3340452,0.017185097980124343,1409178,0.018989316610016668,778562,0.021162192541196032,173530
5,circuit,7,0000000000000010000111000,"NOR-in(0,1)/NOR-in(0,1)/NOR-mid(2,2)/NOR-out(1,0)/NOR-out(1,0)|edges=0010000100000110000000000",82,1,0.024123217970267223,0.0,0,0.00010353659041641905,4245,0.0005866951219512196,48109,0.00616695112926413,1264225,0.027373834146341463,5611636,0.033233915444729645,2725181,0.039492340500186816,1619186,0.04947731103935231,405714
5,circuit,7,0000000000000010000111000,"NOR-in(0,1)/NOR-in(1,0)/NOR-in(2,2)/NOR-out(1,0)/NOT-in(0,1)|edges=0010000000010100000000100",82,1,0.12477277427451308,5.207318343248376e-05,427,0.00039582928760142867,16229,0.0010893170731707316,89324,0.005254951142610471,1077265,0.005952809756097561,1220326,0.005044085488880134,413615,0.002025902389612137,83062,0.00016414632144557054,1346
5,circuit,7,0000000000000010010011000,"NOR-in(0,1)/NOR-in(1,0)/NOR-mid(1,0)/NOT-in(1,1)/NOT-in(1,2)|edges=0001000000000000000101100",82,1,0.03626039231171868,0.00010439026936348033,856,0.0004272927037703758,17519,0.0010081829268292683,82671,0.002153799968480976,441529,0.01572128292682927,3222863,0.016009000390463424,1312738,0.013554170401117794,555721,0.011258291309964474,92318
5,circuit,7,0000000000000010010011000,"NOR-in(0,1)/NOR-in(1,1)/NOR-in(1,2)/NOR-mid(1,0)/NOR-mid(1,0)|edges=0100000100000110000000000",82,2,0.09526076318287215,0.00015865857528257933,1301,0.0015445854411992898,63328,0.003886890243902439,318725,0.016288029029931282,3339046,0.030040043902439025,6158209,0.03160669589284624,2591749,0.03456773086420169,1417277,0.03181743514421523,260903
5,circuit,7,0000000000000010010011000,"NOR-in(0,1)/NOR-in(1,1)/NOR-in(1,2)/NOR-mid(1,0)/OUT-OR2(1,0)|edges=0100000100000110000000000",82,1,-0.0819910212213533,0.0,0,1.4000000682926863e-05,574,0.00036679268292682924,30077,0.001079653642736776,221329,0.029788463414634148,6106635,0.03671151309052471,3010344,0.04029477950500538,1652086,0.05635096873768674,462078
5,circuit,7,0000000000000010010011000,"NOR-in(0,1)/NOR-in(1,1)/NOR-mid(1,2)/NOR-out(1,0)/NOR-out(1,0)|edges=0100000100000110000000000",82,1,0.024123217970267223,0.0,0,0.00010353659041641905,4245,0.0005866951219512196,48109,0.00616695112926413,1264225,0.027373834146341463,5611636,0.033233915444729645,2725181,0.039492340500186816,1619186,0.04947731103935231,405714
5,circuit,7,0000000000000010010011000,"NOR-in(0,1)/NOR-in(1,1)/NOR-out(1,0)/NOT-mid(1,2)/NOT-out(1,0)|edges=0100000010000000010100000",82,1,0.09583050747532344,0.0009054880257287868,7425,0.003741609938615119,153406,0.007554865853658536,619499,0.00895859986889854,1836513,0.01499410243902439,3073791,1.4634146698393822e-07,12,0.0,0,0.0,0
5,circuit,7,0000000000000010010011000,"NOR-in(1,0)/NOR-in(1,1)/NOR-mid(1,0)/NOT-in(0,1)/NOT-in(1,2)|edges=0000000001000000100010100",82,1,0.18456364133741268,0.03008793416778882,246721,0.025923342727967938,1062857,0.025066536585365853,2055456,0.022868067958028274,4687954,0.0016188926829268293,331873,0.0,0,0.0,0,0.0,0
5,circuit,7,0000000000000010010011000,"NOR-in(1,0)/NOR-in(1,2)/NOR-out(1,0)/NOT-in(0,1)/NOT-in(1,1)|edges=0000010100000000000101000",82,1,0.03626039231171868,0.00010439026936348033,856,0.0004272927037703758,17519,0.0010081829268292683,82671,0.002153799968480976,441529,0.01572128292682927,3222863,0.016009000390463424,1312738,0.013554170401117794,555721,0.011258291309964474,92318
5,circuit,7,0000000000000010010111000,"NOR-in(1,0)/NOR-in(2,2)/NOR-out(1,0)/NOT-in(0,2)/NOT-in(1,1)|edges=0000010100000000100101000",82,1,-0.0026143661315921932,0.005518903785098484,45255,0.008277829672089253,339391,0.010571426829268293,866857,0.01166639007317478,2391610,0.004745229268292683,972772,0.00022457317620910185,18415,0.0,0,0.0,0
5,circuit,7,0000000000000010100010010,"NOR-in(0,1)/NOR-in(1,0)/NOR-in(1,1)/NOR-in(1,2)/NOR-mid(1,0)|edges=0001000000000010110000000",82,1,0.12569803973548566,0.0018956102184415167,15544,0.02164875715359791,887599,0.034249341463414636,2808446,0.028535950801912915,5849870,0.0,0,0.0,0,0.0,0,0.0,0
5,circuit,7,0000000000000010100010010,"NOR-in(0,1)/NOR-in(1,0)/NOR-in(1,1)/NOR-in(1,2)/NOR-mid(1,0)|edges=0001000000010000010100000",82,1,0.14033618908110085,0.04483037678789678,367609,0.04261180695667351,1747084,0.03874113414634146,3176773,0.02340798014524907,4798636,1.7073170731707317e-07,35,0.0,0,0.0,0,0.0,0
5,circuit,7,0000000000000010100010010,"NOR-in(0,1)/NOR-in(1,0)/NOR-in(1,1)/NOR-in(1,2)/OUT-OR2(1,0)|edges=0001000000010000010100000",82,1,-0.020813327851710188,0.0,0,0.00023653659690422424,9698,0.0025498292682926828,209086,0.008242238903772113,1689659,0.020646790243902438,4232592,0.025984927463047012,2130764,0.025209657921715662,1033596,0.017873046600847976,146559
5,circuit,7,0000000000000010100010010,"NOR-in(0,1)/NOR-in(1,0)/NOR-in(1,2)/NOR-mid(1,0)/NOT-in(1,1)|edges=0010000000000110000001000",82,1,0.07699499351665132,0.04545732816032394,372750,0.04477668511105781,1835844,0.042011487804878046,3444942,0.032135038554121385,6587683,0.0016462878048780487,337489,0.0,0,0.0,0,0.0,0
5,circuit,7,0000000000000010100010010,"NOR-in(0,1)/NOR-in(1,0)/NOR-in(1,2)/NOR-mid(1,1)/NOR-out(1,0)|edges=0010000000010100000100000",82,2,-0.014317191940141869,4.390244973230481e-06,36,0.0002164146447031534,8873,0.0010846707317073172,88943,0.0026565316684409998,544589,0.034921712195121954,7158951,0.0417195497980378,3421003,0.04547692572007498,1864554,0.06506523596765415,533535
5,circuit,7,0000000000000010100010010,"NOR-in(0,1)/NOR-in(1,0)/NOR-in(1,2)/NOR-mid(1,1)/NOT-out(1,0)|edges=0010000000010100000100000",82,1,-0.027469970916805184,1.0975612433076203e-06,9,0.0007788049160392642,31931,0.003234573170731707,265235,0.005649516990494873,1158151,0.016517219512195123,3386030,0.017229085786075262,1412785,0.017425828843272467,714459,0.01912024157070225,156786
5,circuit,7,0000000000000010100010010,"NOR-in(0,1)/NOR-in(1,0)/NOR-in(1,2)/NOR-out(1,1)/OUT-NOT(1,0)|edges=0010000000010100000100000",82,1,0.12477277427451308,5.207318343248376e-05,427,0.00039582928760142867,16229,0.0010893170731707316,89324,0.005254951142610471,1077265,0.005952809756097561,1220326,0.005044085488880134,413615,0.002025902389612137,83062,0.00016414632144557054,1346
5,circuit,7,0000000000000010100010010,"NOR-in(0,1)/NOR-in(1,0)/NOR-in(1,2)/NOR-out(1,1)/OUT-OR2(1,0)|edges=0010000000010100000100000",82,1,-0.11391300672446816,0.0,0,2.3658537739440864e-06,97,0.0003010731707317073,24688,0.001700546316577371,348612,0.02924241463414634,5994695,0.034086464246011326,2795090,0.03015692609373351,1236434,0.01819072948893543,149164
5,circuit,7,0000000000000010100010010,"NOR-in(0,1)/NOR-in(1,0)/NOR-mid(1,0)/NOT-in(1,1)/NOT-in(1,2)|edges=0000100000000000010001010",82,1,0.0933558639558372,0.10182124434664497,834934,0.09681217545425246,3969299,0.06904406097560975,5661613,0.03614530678811746,7409788,0.0,0,0.0,0,0.0,0,0.0,0
5,circuit,7,0000000000000010100010010,"NOR-in(0,1)/NOR-in(1,0)/NOR-mid(1,1)/NOR-out(1,0)/NOT-in(1,2)|edges=0000100000000100000001100",82,1,0.18456364133741268,0.03008793416778882,246721,0.025923342727967938,1062857,0.025066536585365853,2055456,0.022868067958028274,4687954,0.0016188926829268293,331873,0.0,0,0.0,0,0.0,0
5,circuit,7,0000000000000010100010010,"NOR-in(0,1)/NOR-in(1,1)/NOR-in(1,2)/NOR-mid(1,0)/NOR-mid(1,0)|edges=0010000001010100000000000",82,1,-0.0819910212213533,0.0,0,1.4000000682926863e-05,574,0.00036679268292682924,30077,0.001079653642736776,221329,0.029788463414634148,6106635,0.03671151309052471,3010344,0.04029477950500538,1652086,0.05635096873768674,462078
5,circuit,7,0000000000000010100010010,"NOR-in(0,1)/NOR-in(1,1)/NOR-in(1,2)/NOR-mid(1,0)/NOR-out(1,0)|edges=0010000010010010000000000",82,1,-0.11391300672446816,0.0,0,2.3658537739440864e-06,97,0.0003010731707317073,24688,0.001700546316577371,348612,0.02924241463414634,5994695,0.034086464246011326,2795090,0.03015692609373351,1236434,0.01819072948893543,149164
5,circuit,7,0000000000000010100010010,"NOR-in(0,1)/NOR-in(1,1)/NOR-in(1,2)/NOR-mid(1,0)/OUT-OR2(1,0)|edges=0010000001010100000000000",82,1,-0.0819910212213533,0.0,0,1.4000000682926863e-05,574,0.00036679268292682924,30077,0.001079653642736776,221329,0.029788463414634148,6106635,0.03671151309052471,3010344,0.04029477950500538,1652086,0.05635096873768674,462078
5,circuit,7,0000000000000010100010010,"NOR-in(0,1)/NOR-in(1,1)/NOR-in(1,2)/NOR-mid(1,0)/OUT-OR2(1,0)|edges=0010000010010010000000000",82,2,0.052422022581467644,1.2195124925640226e-06,10,0.0008418536996026195,34516,0.005272158536585365,432317,0.019899589952688927,4079416,0.04287055609756098,8788464,0.055699196480468206,4567334,0.06163307166748606,2526956,0.049293286671550404,404205
5,circuit,7,0000000000000010100010010,"NOR-in(0,1)/NOR-in(1,1)/NOR-in(1,2)/NOR-out(1,0)/NOR-out(1,0)|edges=0010000010010010000000000",82,1,-0.11391300672446816,0.0,0,2.3658537739440864e-06,97,0.0003010731707317073,24688,0.001700546316577371,348612,0.02924241463414634,5994695,0.034086464246011326,2795090,0.03015692609373351,1236434,0.01819072948893543,149164
5,circuit,7,0000000000000010100010010,"NOR-in(0,1)/NOR-in(1,2)/NOR-mid(1,0)/NOR-out(1,1)/OUT-OR2(1,0)|edges=0100000110000000000100000",82,3,-0.19532018594582456,0.0,0,2.229268401427727e-05,914,0.0011559512195121952,94788,0.006200195031216658,1271040,0.0925054487804878,18963617,0.11095368563301672,9098202,0.10907941197367288,4472256,0.08718120888034038,714886
5,circuit,7,0000000000000010100010010,"NOR-in(0,1)/NOR-in(1,2)/NOR-mid(1,1)/NOR-out(1,0)/NOR-out(1,0)|edges=0100000101000100000000000",82,1,-0.14449548065120046,0.0,0,8.048780880428336e-06,330,0.000402780487804878,33028,0.0012842390055965024,263269,0.030620458536585366,6277194,0.03792690336407081,3110006,0.040817535589816205,1673519,0.03883804404414097,318472
5,circuit,7,0000000000000010100010010,"NOR-in(0,1)/NOR-in(1,2)/NOR-mid(1,1)/NOR-out(1,0)/NOR-out(1,0)|edges=0100000110000010000000000",82,2,-0.13123811562455792,0.0,0,1.4243903133848933e-05,584,0.0007531707317073171,61760,0.004915956025620156,1007771,0.06188499024390244,12686423,0.0730267822689459,5988196,0.06826187638385667,2798737,0.04834316483619941,396414
5,circuit,7,0000000000000010100010010,"NOR-in(1,0)/NOR-in(1,1)/NOR-in(1,2)/NOR-mid(1,0)/NOT-in(0,1)|edges=0000000010110000000000100",82,1,0.27879853944059335,0.2605149415890101,2136222,0.11247317621820371,4611400,0.074286,6091452,0.046941267605737545,9622960,0.0,0,0.0,0,0.0,0,0.0,0
5,circuit,7,0000000000000010100010010,"NOR-in(1,0)/NOR-in(1,1)/NOR-in(1,2)/NOT-in(0,1)/NOT-in(1,0)|edges=0000000001110000010000000",82,1,0.27879853944059335,0.2605149415890101,2136222,0.11247317621820371,4611400,0.074286,6091452,0.046941267605737545,9622960,0.0,0,0.0,0,0.0,0,0.0,0
5,circuit,7,0000000000000010100010010,"NOR-in(1,0)/NOR-in(1,2)/NOR-mid(1,1)/NOR-out(1,0)/NOT-in(0,1)|edges=0000010100000100000001000",82,1,-0.07506861814822623,7.317074955384135e-06,60,0.0009014390683628814,36959,0.0038981951219512197,319652,0.027181106919300875,5572127,0.012422814634146342,2546677,0.01152817101288222,945310,0.00929368270015408,381041,0.00024609753096371573,2018
5,circuit,7,0000000000000010100010010,"NOR-in(1,0)/NOR-in(1,2)/NOR-mid(1,1)/NOT-in(0,1)/OUT-OR2(1,0)|edges=0000010100000010100000000",82,1,-0.07506861814822623,7.317074955384135e-06,60,0.0009014390683628814,36959,0.0038981951219512197,319652,0.027181106919300875,5572127,0.012422814634146342,2546677,0.01152817101288222,945310,0.00929368270015408,381041,0.00024609753096371573,2018
5,circuit,7,0000000000000010100010010,"NOR-in(1,0)/NOR-in(1,2)/NOR-out(1,1)/NOT-in(0,1)/OUT-NOT(1,0)|edges=0000010100000010100000000",82,3,0.09577810175607034,0.005675367237894449,46538,0.009100951663461056,373139,0.012668926829268293,1038852,0.019075141184266228,3910404,0.026419321951219512,5415961,0.02127765905555266,1744768,0.015580072790729932,638783,0.011422437631410045,93664
5,circuit,7,0000000000000010100010010,"NOR-in(1,0)/NOR-in(1,2)/NOR-out(1,1)/NOT-in(0,1)/OUT-OR2(1,0)|edges=0000010100000010100000000",82,1,-0.04767740178617326,0.0,0,0.0003713414815288528,15225,0.0032286585365853657,264750,0.006602951122883642,1353605,0.01779958048780488,3648914,0.01940075657075016,1590862,0.020655926325465212,846893,0.02525999691951257,207132
5,circuit,7,0000000000000010100010010,"NOR-in(1,1)/NOR-in(1,2)/NOR-mid(1,0)/NOR-out(1,0)/NOT-in(0,1)|edges=0010010010000000000001000",82,1,-0.04767740178617326,0.0,0,0.0003713414815288528,15225,0.0032286585365853657,264750,0.006602951122883642,1353605,0.01779958048780488,3648914,0.01940075657075016,1590862,0.020655926325465212,846893,0.02525999691951257,207132
5,circuit,7,0000000000000010100010010,"NOR-in(1,1)/NOR-in(1,2)/NOR-out(1,0)/NOR-out(1,0)/NOT-in(0,1)|edges=0010010010000000000001000",82,1,-0.04767740178617326,0.0,0,0.0003713414815288528,15225,0.0032286585365853657,264750,0.006602951122883642,1353605,0.01779958048780488,3648914,0.01940075657075016,1590862,0.020655926325465212,846893,0.02525999691951257,207132
5,circuit,7,0000000000000010100010010,"NOR-in(1,2)/NOR-mid(1,0)/NOR-out(1,1)/NOT-in(0,1)/OUT-OR2(1,0)|edges=0110000000000011000000000",82,1,-0.11201277343324159,0.0,0,2.4390245092207077e-05,1000,0.00044969512195121953,36875,0.006053258448001096,1240918,0.02454850243902439,5032443,0.03189161053394172,2615112,0.03834068199169068,1571968,0.0797416975924759,653882
5,circuit,7,0000000000000010100010010,"NOR-in(1,2)/NOR-mid(1,1)/NOR-out(1,0)/NOR-out(1,0)/NOT-in(0,1)|edges=0110000010000000000010000",82,1,-0.11201277343324159,0.0,0,2.4390245092207077e-05,1000,0.00044969512195121953,36875,0.006053258448001096,1240918,0.02454850243902439,5032443,0.03189161053394172,2615112,0.03834068199169068,1571968,0.0797416975924759,653882
5,circuit,7,0000000000000010100011000,"NOR-in(0,1)/NOR-in(1,0)/NOR-in(1,2)/NOR-mid(2,0)/NOT-in(0,1)|edges=0010000000010100000000010",82,1,0.14033618908110085,0.04483037678789678,367609,0.04261180695667351,1747084,0.03874113414634146,3176773,0.02340798014524907,4798636,1.7073170731707317e-07,35,0.0,0,0.0,0,0.0,0
5,circuit,7,0000000000000010100011000,"NOR-in(0,1)/NOR-in(1,0)/NOR-in(1,2)/NOR-out(0,1)/OUT-OR2(2,0)|edges=0010000000010010000100000",82,2,0.052422022581467644,1.2195124925640226e-06,10,0.0008418536996026195,34516,0.005272158536585365,432317,0.019899589952688927,4079416,0.04287055609756098,8788464,0.055699196480468206,4567334,0.06163307166748606,2526956,0.049293286671550404,404205
5,circuit,7,0000000000000010100011000,"NOR-in(0,1)/NOR-in(1,2)/NOR-in(2,0)/NOR-out(1,0)/NOT-in(0,1)|edges=0010000110000000000001000",82,1,-0.04767740178617326,0.0,0,0.0003713414815288528,15225,0.0032286585365853657,264750,0.006602951122883642,1353605,0.01779958048780488,3648914,0.01940075657075016,1590862,0.020655926325465212,846893,0.02525999691951257,207132
5,circuit,7,0000000000000010100011000,"NOR-in(0,1)/NOR-in(1,2)/NOR-mid(2,0)/NOR-out(1,0)/NOT-in(0,1)|edges=0010000110000000000001000",82,1,-0.11201277343324159,0.0,0,2.4390245092207077e-05,1000,0.00044969512195121953,36875,0.006053258448001096,1240918,0.02454850243902439,5032443,0.03189161053394172,2615112,0.03834068199169068,1571968,0.0797416975924759,653882
5,circuit,7,0000000000000010100011000,"NOR-in(0,1)/NOR-in(1,2)/NOR-mid(2,0)/NOT-in(0,1)/NOT-in(1,0)|edges=0100000101000000010000000",82,1,0.07699499351665132,0.04545732816032394,372750,0.04477668511105781,1835844,0.042011487804878046,3444942,0.032135038554121385,6587683,0.0016462878048780487,337489,0.0,0,0.0,0,0.0,0
5,circuit,7,0000000000000010100011000,"NOR-in(0,1)/NOR-in(1,2)/NOR-mid(2,0)/NOT-in(0,1)/OUT-OR2(1,0)|edges=0010000101000000100000000",82,1,-0.16805655721347387,0.0,0,0.00011939024972635364,4895,0.0008694024390243902,71291,0.0016643024146687452,341182,0.024340848780487805,4989874,0.025542646964454803,2094497,0.02708880421734624,1110641,0.01953743664177602,160207
5,circuit,7,0000000000000010100011000,"NOR-in(1,0)/NOR-in(1,2)/NOR-mid(0,1)/NOR-out(2,0)/NOT-in(0,1)|edges=0000010010000100000001000",82,1,0.12477277427451308,5.207318343248376e-05,427,0.00039582928760142867,16229,0.0010893170731707316,89324,0.005254951142610471,1077265,0.005952809756097561,1220326,0.005044085488880134,413615,0.002025902389612137,83062,0.00016414632144557054,1346
5,circuit,7,0000000000000010100011000,"NOR-in(1,2)/NOR-in(2,0)/NOR-out(1,0)/NOT-in(0,1)/NOT-in(0,1)|edges=0110000000000000100010000",82,1,-0.0026143661315921932,0.005518903785098484,45255,0.008277829672089253,339391,0.010571426829268293,866857,0.01166639007317478,2391610,0.004745229268292683,972772,0.00022457317620910185,18415,0.0,0,0.0,0
5,circuit,7,0000000000000010100011010,"NOR-in(0,1)/NOR-in(1,1)/NOR-in(1,3)/NOR-in(2,0)/NOR-out(1,0)|edges=0010000010010110000000000",82,1,0.12477277427451308,5.207318343248376e-05,427,0.00039582928760142867,16229,0.0010893170731707316,89324,0.005254951142610471,1077265,0.005952809756097561,1220326,0.005044085488880134,413615,0.002025902389612137,83062,0.00016414632144557054,1346
5,circuit,7,0000000000000010100011010,"NOR-in(1,1)/NOR-in(1,3)/NOR-in(2,0)/NOR-out(1,0)/NOT-in(0,1)|edges=0010010110000000000001000",82,1,0.12477277427451308,5.207318343248376e-05,427,0.00039582928760142867,16229,0.0010893170731707316,89324,0.005254951142610471,1077265,0.005952809756097561,1220326,0.005044085488880134,413615,0.002025902389612137,83062,0.00016414632144557054,1346
5,circuit,7,0000000000000010100110000,"NOR-in(0,1)/NOR-in(0,2)/NOR-in(1,0)/NOR-in(2,1)/OUT-OR2(1,0)|edges=0001000011000000010000000",82,1,0.012938812502682587,2.5609762343844476e-06,21,0.0004690000228780499,19229,0.0019458048780487806,159556,0.0034899267781961936,715435,0.008328419512195121,1707326,0.009258280713616602,759179,0.009225926604245692,378263,0.009319633009800852,76421
5,circuit,7,0000000000000010100110000,"NOR-in(0,1)/NOR-in(0,2)/NOR-in(1,0)/NOR-mid(2,1)/NOR-out(1,0)|edges=0001000110000000000100000",82,1,-0.0819910212213533,0.0,0,1.4000000682926863e-05,574,0.00036679268292682924,30077,0.001079653642736776,221329,0.029788463414634148,6106635,0.03671151309052471,3010344,0.04029477950500538,1652086,0.05635096873768674,462078
5,circuit,7,0000000000000010100110000,"NOR-in(0,1)/NOR-in(0,2)/NOR-in(2,1)/NOR-mid(1,0)/NOR-out(1,0)|edges=0010000101000100000000000",82,1,-0.11391300672446816,0.0,0,2.3658537739440864e-06,97,0.0003010731707317073,24688,0.001700546316577371,348612,0.02924241463414634,5994695,0.034086464246011326,2795090,0.03015692609373351,1236434,0.01819072948893543,149164
5,circuit,7,0000000000000010100110000,"NOR-in(0,1)/NOR-in(0,2)/NOR-in(2,1)/NOR-mid(1,0)/OUT-OR2(1,0)|edges=0010000101000100000000000",82,2,0.052422022581467644,1.2195124925640226e-06,10,0.0008418536996026195,34516,0.005272158536585365,432317,0.019899589952688927,4079416,0.04287055609756098,8788464,0.055699196480468206,4567334,0.06163307166748606,2526956,0.049293286671550404,404205
5,circuit,7,0000000000000010100110000,"NOR-in(0,1)/NOR-in(0,2)/NOR-in(2,1)/NOR-out(1,0)/NOR-out(1,0)|edges=0010000101000100000000000",82,2,-0.11567554484477427,0.0,0,0.00037370733530279684,15322,0.0035297317073170733,289438,0.008303497439461013,1702217,0.047041995121951216,9643609,0.05348722081676148,4385952,0.05081285241919872,2083327,0.043450726408448,356296
5,circuit,7,0000000000000010100110000,"NOR-in(0,1)/NOR-in(0,2)/NOR-in(2,1)/NOT-mid(1,0)/OUT-OR2(1,0)|edges=0010000101000100000000000",82,1,-0.13269838516746774,0.0,0,9.602439492801927e-05,3937,0.0007491829268292683,61433,0.013912409552501323,2852044,0.017500536585365854,3587610,0.013801524726866457,1131725,0.01534936547928377,629324,0.026018289509964695,213350
5,circuit,7,0000000000000010100110000,"NOR-in(0,1)/NOR-in(0,2)/NOR-mid(2,1)/NOR-out(1,0)/NOR-out(1,0)|edges=0010000101000100000000000",82,1,-0.14449548065120046,0.0,0,8.048780880428336e-06,330,0.000402780487804878,33028,0.0012842390055965024,263269,0.030620458536585366,6277194,0.03792690336407081,3110006,0.040817535589816205,1673519,0.03883804404414097,318472
5,circuit,7,0000000000000010100110000,"NOR-in(0,1)/NOR-in(0,2)/NOR-mid(2,1)/NOR-out(1,0)/NOR-out(1,0)|edges=0010000110000010000000000",82,3,-0.1756965741688136,0.0,0,3.863414822605601e-05,1584,0.0012028658536585367,98635,0.010969214473621251,2248689,0.08643349268292683,17718866,0.10491839280288763,8603308,0.10660255837554736,4370705,0.1280848624286753,1050296
5,circuit,7,0000000000000010100110000,"NOR-in(0,2)/NOR-in(1,0)/NOR-in(2,1)/NOR-mid(1,0)/NOT-in(0,1)|edges=0011000000010000000000100",82,1,0.12477277427451308,5.207318343248376e-05,427,0.00039582928760142867,16229,0.0010893170731707316,89324,0.005254951142610471,1077265,0.005952809756097561,1220326,0.005044085488880134,413615,0.002025902389612137,83062,0.00016414632144557054,1346
5,circuit,7,0000000000000010100110000,"NOR-in(0,2)/NOR-in(1,0)/NOR-in(2,1)/NOT-in(0,1)/OUT-OR2(1,0)|edges=0010100000010000010000000",82,1,-0.08639645147671861,6.097562462820113e-07,5,0.00046468294949672924,19052,0.0023845121951219512,195530,0.0073049950150488535,1497524,0.010208356097560975,2092713,0.011938402730204944,978949,0.012866828954467587,527540,0.001971097320597888,16163
5,circuit,7,0000000000000010100110000,"NOR-in(0,2)/NOR-in(1,0)/NOR-mid(0,1)/NOR-out(2,1)/OUT-NOT(1,0)|edges=0101000000000100000100000",82,2,0.14808249299361048,0.05344208620538688,438225,0.05042588050857954,2067461,0.04596414634146342,3769060,0.03481232631981961,7136527,0.005952809756097561,1220326,0.005044085488880134,413615,0.002025902389612137,83062,0.00016414632144557054,1346
5,circuit,7,0000000000000010100110000,"NOR-in(0,2)/NOR-in(1,0)/NOR-mid(2,1)/NOR-out(1,0)/NOT-in(0,1)|edges=0110000000000100000000100",82,1,0.14033618908110085,0.04483037678789678,367609,0.04261180695667351,1747084,0.03874113414634146,3176773,0.02340798014524907,4798636,1.7073170731707317e-07,35,0.0,0,0.0,0,0.0,0
5,circuit,7,0000000000000010100110000,"NOR-in(0,2)/NOR-in(1,0)/NOR-out(2,1)/NOT-mid(0,1)/OUT-OR2(1,0)|edges=0110000000000010010000000",82,1,0.012938812502682587,2.5609762343844476e-06,21,0.0004690000228780499,19229,0.0019458048780487806,159556,0.0034899267781961936,715435,0.008328419512195121,1707326,0.009258280713616602,759179,0.009225926604245692,378263,0.009319633009800852,76421
5,circuit,7,0000000000000010100110000,"NOR-in(0,2)/NOR-mid(2,1)/NOR-out(1,0)/NOT-in(0,1)/NOT-in(1,0)|edges=0100100100000000100000000",82,1,0.07699499351665132,0.04545732816032394,372750,0.04477668511105781,1835844,0.042011487804878046,3444942,0.032135038554121385,6587683,0.0016462878048780487,337489,0.0,0,0.0,0,0.0,0
5,circuit,7,0000000000000010100110000,"NOR-in(2,1)/NOR-mid(1,0)/NOT-in(0,1)/NOT-in(0,2)/NOT-in(1,0)|edges=0100000000100001000100000",82,1,-0.14510531558133075,2.8414641076741727e-05,233,0.0004262439232314109,17476,0.0011813780487804878,96873,0.0030402536140450693,623252,0.016241146341463415,3329435,0.021981683462967888,1802498,0.02952207245068116,1210405,0.07750194176805589,635516
5,circuit,7,0000000000000010100111000,"NOR-in(0,2)/NOR-in(2,2)/NOR-mid(1,0)/NOR-out(2,0)/NOT-in(0,1)|edges=0101000110000000000001000",82,1,-0.11201277343324159,0.0,0,2.4390245092207077e-05,1000,0.00044969512195121953,36875,0.006053258448001096,1240918,0.02454850243902439,5032443,0.03189161053394172,2615112,0.03834068199169068,1571968,0.0797416975924759,653882
5,circuit,7,0000000000000010110010000,"NOR-in(0,2)/NOR-in(1,0)/NOR-in(1,0)/NOR-in(1,1)/NOR-in(1,1)|edges=0101000000000000000100100",82,1,0.11730803864289298,4.804879220702249e-05,394,0.0003984390438262948,16336,0.0009210243902439024,75524,0.0014829560758591793,304006,0.007809760975609756,1601001,0.007410609936844145,607670,0.006299975456098159,258299,0.0038602434316776305,31654
5,circuit,7,0000000000000010110010000,"NOR-in(0,2)/NOR-in(1,0)/NOR-in(1,1)/NOR-in(1,1)/NOR-mid(1,0)|edges=0010100000000100100000000",82,1,0.06973515215819855,2.70731773349213e-05,222,0.00036412196898155945,14929,0.0009259268292682927,75926,0.0014012048575433435,287247,0.014484224390243902,2969266,0.01541117110758954,1263716,0.013095609436692452,536920,0.0,0
5,circuit,7,0000000000000010110010000,"NOR-in(0,2)/NOR-in(1,0)/NOR-in(1,1)/NOR-in(1,1)/NOR-mid(1,0)|edges=0110000000000100000100000",82,3,-0.08819816650634356,3.1707324806664587e-06,26,0.00045478050998929315,18646,0.0036119756097560975,296182,0.010706360818931305,2194804,0.06327949268292683,12972296,0.07550137989027755,6191113,0.0792250956286562,3248229,0.08573816027583411,703053
5,circuit,7,0000000000000010110010000,"NOR-in(0,2)/NOR-in(1,0)/NOR-in(1,1)/NOR-in(1,1)/NOR-out(1,0)|edges=0010100000000100100000000",82,3,0.0739857702638121,0.04483403532537447,367639,0.04385961189559082,1798244,0.04392151219512195,3601564,0.03254742391394014,6672222,0.02484580975609756,5093391,0.026487366499691866,2171964,0.02665175544751816,1092722,0.0284398745805031,233207
5,circuit,7,0000000000000010110010000,"NOR-in(0,2)/NOR-in(1,0)/NOR-in(1,1)/NOR-in(1,1)/NOR-out(1,0)|edges=0110000000000100000100000",82,2,-0.06412312440483409,1.1097563682332606e-05,91,0.0004000488000023805,16402,0.001416719512195122,116171,0.0034382389740745516,704839,0.024519843902439026,5026568,0.022156927369681157,1816868,0.02194241409896551,899639,0.018038656336749226,147917
5,circuit,7,0000000000000010110010000,"NOR-in(0,2)/NOR-in(1,0)/NOR-in(1,1)/NOR-in(1,1)/OUT-OR2(1,0)|edges=0110000000000100000100000",82,1,-0.0819910212213533,0.0,0,1.4000000682926863e-05,574,0.00036679268292682924,30077,0.001079653642736776,221329,0.029788463414634148,6106635,0.03671151309052471,3010344,0.04029477950500538,1652086,0.05635096873768674,462078
5,circuit,7,0000000000000010110010000,"NOR-in(0,2)/NOR-in(1,0)/NOR-in(1,1)/NOR-mid(1,0)/NOT-in(1,1)|edges=0110000000000010000000010",82,1,-0.04634681593297097,3.1707324806664587e-06,26,0.00020424391240214207,8374,0.0006953536585365854,57019,0.0013844682724224156,283816,0.012844239024390244,2633069,0.012804939336705838,1050005,0.013720658201935167,562547,0.011514144937299398,94416
5,circuit,7,0000000000000010110010000,"NOR-in(0,2)/NOR-in(1,0)/NOR-in(1,1)/NOR-mid(1,1)/NOR-out(1,0)|edges=0110000000000100000100000",82,6,0.20378783026614494,0.2624709176758336,2152261,0.13502212853766482,5535907,0.11148230487804878,9141549,0.08675777434013013,17785344,0.0519924487804878,10658452,0.0550045501220622,4510373,0.059196218068384925,2427045,0.06857633310044718,562326
5,circuit,7,0000000000000010110010000,"NOR-in(0,2)/NOR-in(1,0)/NOR-in(1,1)/NOR-mid(1,1)/OUT-OR2(1,0)|edges=0110000000000100000100000",82,1,0.12569803973548566,0.0018956102184415167,15544,0.02164875715359791,887599,0.034249341463414636,2808446,0.028535950801912915,5849870,0.0,0,0.0,0,0.0,0,0.0,0
5,circuit,7,0000000000000010110010000,"NOR-in(0,2)/NOR-in(1,0)/NOR-in(1,1)/NOR-out(1,0)/NOT-in(1,1)|edges=0011000000000010000001000",82,1,0.07699499351665132,0.04545732816032394,372750,0.04477668511105781,1835844,0.042011487804878046,3444942,0.032135038554121385,6587683,0.0016462878048780487,337489,0.0,0,0.0,0,0.0,0
5,circuit,7,0000000000000010110010000,"NOR-in(0,2)/NOR-in(1,0)/NOR-in(1,1)/NOR-out(1,0)/NOT-mid(1,1)|edges=0110000000000010000000010",82,1,-0.13269838516746774,0.0,0,9.602439492801927e-05,3937,0.0007491829268292683,61433,0.013912409552501323,2852044,0.017500536585365854,3587610,0.013801524726866457,1131725,0.01534936547928377,629324,0.026018289509964695,213350
5,circuit,7,0000000000000010110010000,"NOR-in(0,2)/NOR-in(1,0)/NOR-in(1,1)/NOR-out(1,1)/OUT-OR2(1,0)|edges=0110000000000100000100000",82,4,-0.23388454209851015,0.0,0,2.4658537788221355e-05,1011,0.0014570243902439024,119476,0.007900741347794029,1619652,0.12174786341463414,24958312,0.14504014987902805,11893292,0.1392363380674064,5708690,0.1053719383692758,864050
5,circuit,7,0000000000000010110010000,"NOR-in(0,2)/NOR-in(1,0)/NOR-mid(1,1)/NOR-out(1,1)/OUT-NOT(1,0)|edges=0110000000000100000100000",82,3,0.15909638355159628,0.04486184021020493,367867,0.043178343569675294,1770312,0.04038493902439024,3311565,0.026386063028496637,5409143,0.019617643902439023,4021617,0.02041920781510263,1674375,0.018277755651762057,749388,0.008714267229967411,71457
5,circuit,7,0000000000000010110010000,"NOR-in(0,2)/NOR-in(1,0)/NOR-mid(1,1)/NOR-out(1,1)/OUT-OR2(1,0)|edges=0110000000000100000100000",82,3,-0.15637204924835635,0.0,0,8.875610189054155e-05,3639,0.0014236219512195121,116737,0.012292551039621204,2519973,0.06908318048780487,14162052,0.07083041636171747,5808094,0.07249185189044263,2972166,0.10745376738368691,881121
5,circuit,7,0000000000000010110010000,"NOR-in(0,2)/NOR-in(1,0)/NOR-mid(1,1)/NOT-out(1,1)/OUT-OR2(1,0)|edges=0110000000000100000100000",82,1,-0.027469970916805184,1.0975612433076203e-06,9,0.0007788049160392642,31931,0.003234573170731707,265235,0.005649516990494873,1158151,0.016517219512195123,3386030,0.017229085786075262,1412785,0.017425828843272467,714459,0.01912024157070225,156786
5,circuit,7,0000000000000010110010000,"NOR-in(0,2)/NOR-in(1,0)/NOR-out(1,1)/NOT-mid(1,1)/OUT-NOT(1,0)|edges=0101000000000010010000000",82,1,0.13729798449719127,0.02361037161228576,193605,0.022233879133359957,911589,0.02239270731707317,1836202,0.018980428990530308,3890988,0.006506087804878049,1333748,0.003955463511108866,324348,0.001441341428259965,59095,0.0015734144422665315,12902
5,circuit,7,0000000000000010110010000,"NOR-in(0,2)/NOR-in(1,1)/NOR-in(1,1)/NOR-mid(1,0)/NOR-out(1,0)|edges=0100100100000100000000000",82,1,-0.003114607171098278,0.0,0,0.00012768293305770405,5235,0.0016290365853658536,133581,0.012475692500355719,2557517,0.022708765853658535,4655297,0.03023648854235338,2479392,0.033304535773060105,1365486,0.02241755824176119,183824
5,circuit,7,0000000000000010110010000,"NOR-in(0,2)/NOR-in(1,1)/NOR-in(1,1)/NOR-mid(1,0)/OUT-OR2(1,0)|edges=0100100100000100000000000",82,1,0.212728442798573,0.03594037461960357,294711,0.0666592715443547,2733030,0.06270237804878048,5141595,0.04878048709101726,10000000,0.0,0,0.0,0,0.0,0,0.0,0
5,circuit,7,0000000000000010110010000,"NOR-in(0,2)/NOR-in(1,1)/NOR-in(1,1)/NOR-out(1,0)/NOT-in(1,0)|edges=0101000100000010000000000",82,1,0.08322879678026891,0.0533900130219544,437798,0.05003005122097811,2051232,0.044874829268292685,3679736,0.029557375177209144,6059262,0.0,0,0.0,0,0.0,0,0.0,0
5,circuit,7,0000000000000010110010000,"NOR-in(0,2)/NOR-in(1,1)/NOR-in(1,1)/NOT-mid(1,0)/OUT-OR2(1,0)|edges=0100100100000100000000000",82,2,-0.05240666844987858,3.1707324806664587e-06,26,0.0009336829723747791,38281,0.004330317073170732,355086,0.010794921793245047,2212959,0.018536775609756098,3800039,0.021196683443821546,1738128,0.02209275555871328,905803,0.01129073033039874,92584
5,circuit,7,0000000000000010110010000,"NOR-in(0,2)/NOR-in(1,1)/NOR-mid(1,0)/NOR-out(1,1)/OUT-OR2(1,0)|edges=0110000010000000000100000",82,2,-0.15958487076758698,0.0,0,2.7585367199286203e-05,1131,0.0007982560975609756,65457,0.009287214498235885,1903879,0.05509790243902439,11295070,0.06740378213179957,5527110,0.0711910226538775,2918832,0.10567327979594149,866521
5,circuit,7,0000000000000010110010000,"NOR-in(0,2)/NOR-in(1,1)/NOR-mid(1,0)/NOT-in(1,1)/NOT-mid(1,0)|edges=0100100010000000010000000",82,1,0.13729798449719127,0.02361037161228576,193605,0.022233879133359957,911589,0.02239270731707317,1836202,0.018980428990530308,3890988,0.006506087804878049,1333748,0.003955463511108866,324348,0.001441341428259965,59095,0.0015734144422665315,12902
5,circuit,7,0000000000000010110010000,"NOR-in(0,2)/NOR-in(1,1)/NOR-mid(1,1)/NOR-out(1,0)/NOR-out(1,0)|edges=0101000100000010000000000",82,1,-0.11811388606441263,0.0,0,0.000152292690355741,6244,0.0014042317073170731,115147,0.003918809698749126,803356,0.02313888780487805,4743472,0.025326695739675505,2076789,0.024226023799365275,993267,0.018400607512121036,150885
5,circuit,7,0000000000000010110010000,"NOR-in(0,2)/NOR-in(1,1)/NOR-mid(1,1)/NOR-out(1,0)/NOT-out(1,0)|edges=0101000100000010000000000",82,1,-0.027469970916805184,1.0975612433076203e-06,9,0.0007788049160392642,31931,0.003234573170731707,265235,0.005649516990494873,1158151,0.016517219512195123,3386030,0.017229085786075262,1412785,0.017425828843272467,714459,0.01912024157070225,156786
5,circuit,7,0000000000000010110010000,"NOR-in(0,2)/NOR-in(1,1)/NOR-out(1,0)/NOR-out(1,0)/NOT-mid(1,1)|edges=0101000001000000000000100",82,1,-0.08200984520655306,1.2195124925640225e-07,1,0.0010102439517192172,41420,0.00349,286180,0.004613468225168758,945761,0.019342302439024392,3965172,0.022844085923026485,1873215,0.025779121322460456,1056944,0.0211742657104554,173629
5,circuit,7,0000000000000010110010000,"NOR-in(0,2)/NOR-mid(1,1)/NOR-out(1,1)/NOT-in(1,0)/OUT-NOT(1,0)|edges=0101000100000010000000000",82,1,0.07699499351665132,0.04545732816032394,372750,0.04477668511105781,1835844,0.042011487804878046,3444942,0.032135038554121385,6587683,0.0016462878048780487,337489,0.0,0,0.0,0,0.0,0
5,circuit,7,0000000000000010110010000,"NOR-in(1,0)/NOR-in(1,1)/NOR-in(1,1)/NOR-mid(1,0)/NOT-in(0,2)|edges=0000000010010000000010100",82,1,-0.07246679101587548,0.0012991466583284533,10653,0.02272619623054616,931774,0.03991189024390244,3272775,0.03420359949945952,7011738,0.001944160975609756,398553,7.810975800267702e-05,6405,4.8780486615110085e-08,2,0.0,0
5,circuit,7,0000000000000010110010000,"NOR-in(1,0)/NOR-in(1,1)/NOR-in(1,1)/NOT-in(0,2)/NOT-mid(1,0)|edges=0000000100000011100000000",82,1,0.06161169928237492,0.003882318020077566,31835,0.0067604149639226814,277177,0.009516524390243902,780355,0.01632408756598896,3346438,0.0,0,0.0,0,0.0,0,0.0,0
5,circuit,7,0000000000000010110010000,"NOR-in(1,0)/NOR-in(1,1)/NOR-mid(1,1)/NOR-out(1,0)/NOT-in(0,2)|edges=0000000100000100000011000",82,1,0.03706371634668833,0.00024109761977990726,1977,0.0011915854239797768,48855,0.002719719512195122,223017,0.004654995053829341,954274,0.006722565853658537,1378126,0.006150353808545215,504329,0.004579780376102917,187771,0.0007843901482451038,6432
5,circuit,7,0000000000000010110010000,"NOR-in(1,0)/NOR-in(1,1)/NOR-out(1,1)/NOT-in(0,2)/OUT-OR2(1,0)|edges=0000000100000011100000000",82,1,-0.02148634554575168,7.317074955384135e-07,6,0.0002902439165972642,11900,0.00290909756097561,238546,0.005704121867744558,1169345,0.017508736585365853,3589291,0.010966158804052654,899225,0.005035414511331353,206452,0.0029491459818114657,24183
5,circuit,7,0000000000000010110010000,"NOR-in(1,0)/NOR-mid(1,1)/NOR-out(1,0)/NOT-in(0,2)/NOT-in(1,1)|edges=0000000100000001000101000",82,2,-0.03602313354312544,0.1018496589877217,835167,0.09723841937748387,3986775,0.07022543902439024,5758486,0.039185560402162534,8033040,0.016241146341463415,3329435,0.021981683462967888,1802498,0.02952207245068116,1210405,0.07750194176805589,635516
5,circuit,7,0000000000000010110010000,"NOR-in(1,0)/NOR-mid(1,1)/NOR-out(1,1)/NOT-in(0,2)/OUT-NOT(1,0)|edges=0000000100000011100000000",82,1,0.18456364133741268,0.03008793416778882,246721,0.025923342727967938,1062857,0.025066536585365853,2055456,0.022868067958028274,4687954,0.0016188926829268293,331873,0.0,0,0.0,0,0.0,0
5,circuit,7,0000000000000010110010000,"NOR-in(1,1)/NOR-mid(1,1)/NOR-out(1,0)/NOT-in(0,2)/NOT-in(1,0)|edges=0100000100000001000100000",82,1,-0.14510531558133075,2.8414641076741727e-05,233,0.0004262439232314109,17476,0.0011813780487804878,96873,0.0030402536140450693,623252,0.016241146341463415,3329435,0.021981683462967888,1802498,0.02952207245068116,1210405,0.07750194176805589,635516
5,circuit,7,0000000000000010110110000,"NOR-in(0,3)/NOR-in(1,1)/NOR-in(2,1)/NOT-in(1,0)/NOT-mid(1,0)|edges=0110100100000100000000000",82,1,0.13729798449719127,0.02361037161228576,193605,0.022233879133359957,911589,0.02239270731707317,1836202,0.018980428990530308,3890988,0.006506087804878049,1333748,0.003955463511108866,324348,0.001441341428259965,59095,0.0015734144422665315,12902
5,circuit,7,0000000000000011100001000,"NOR-in(0,1)/NOR-in(0,2)/NOR-in(1,0)/NOR-out(1,1)/OUT-OR2(2,0)|edges=0001000101000000000100000",82,1,0.012938812502682587,2.5609762343844476e-06,21,0.0004690000228780499,19229,0.0019458048780487806,159556,0.0034899267781961936,715435,0.008328419512195121,1707326,0.009258280713616602,759179,0.009225926604245692,378263,0.009319633009800852,76421
5,circuit,7,0000000000000011100001000,"NOR-in(0,1)/NOR-in(0,2)/NOR-in(1,0)/NOR-out(2,0)/NOT-mid(1,1)|edges=0000100110000000000000010",82,1,0.012938812502682587,2.5609762343844476e-06,21,0.0004690000228780499,19229,0.0019458048780487806,159556,0.0034899267781961936,715435,0.008328419512195121,1707326,0.009258280713616602,759179,0.009225926604245692,378263,0.009319633009800852,76421
5,circuit,7,0000000000000011100001000,"NOR-in(0,1)/NOR-in(0,2)/NOR-in(1,1)/NOR-in(2,0)/OUT-OR2(1,0)|edges=0010000011000100000000000",82,1,0.012938812502682587,2.5609762343844476e-06,21,0.0004690000228780499,19229,0.0019458048780487806,159556,0.0034899267781961936,715435,0.008328419512195121,1707326,0.009258280713616602,759179,0.009225926604245692,378263,0.009319633009800852,76421
5,circuit,7,0000000000000011100001000,"NOR-in(0,1)/NOR-mid(0,2)/NOR-mid(1,1)/NOR-out(1,0)/NOR-out(2,0)|edges=0010000011000010000000000",82,2,-0.055324284710484596,0.0,0,0.0004918780727745401,20167,0.004531731707317073,371602,0.01630700463940969,3342936,0.032468385365853655,6656019,0.03261265933201608,2674238,0.030870316320236187,1265683,0.0028269508747620882,23181
5,circuit,7,0000000000000011100001000,"NOR-in(0,2)/NOR-in(1,0)/NOR-mid(0,1)/NOR-out(1,1)/OUT-OR2(2,0)|edges=0100100000000100000100000",82,1,0.212728442798573,0.03594037461960357,294711,0.0666592715443547,2733030,0.06270237804878048,5141595,0.04878048709101726,10000000,0.0,0,0.0,0,0.0,0,0.0,0
5,circuit,7,0000000000000011100001000,"NOR-in(0,2)/NOR-in(1,0)/NOR-mid(1,1)/NOR-out(2,0)/NOT-in(0,1)|edges=0101000000000100000000100",82,1,0.08322879678026891,0.0533900130219544,437798,0.05003005122097811,2051232,0.044874829268292685,3679736,0.029557375177209144,6059262,0.0,0,0.0,0,0.0,0,0.0,0
5,circuit,7,0000000000000011100001000,"NOR-in(0,2)/NOR-in(1,0)/NOR-out(1,1)/NOT-mid(0,1)/OUT-OR2(2,0)|edges=0100100000000010010000000",82,3,-0.12070425809632,3.1707324806664587e-06,26,0.0010297073673027984,42218,0.0050795,416519,0.02470733134574637,5065003,0.03603731219512195,7387649,0.034998208170688,2869853,0.037442121037997045,1535127,0.03730901984036344,305934
5,circuit,7,0000000000000011100001000,"NOR-in(0,2)/NOR-in(1,1)/NOR-in(2,0)/NOT-in(0,1)/OUT-OR2(1,0)|edges=0010100100000000100000000",82,1,-0.13269838516746774,0.0,0,9.602439492801927e-05,3937,0.0007491829268292683,61433,0.013912409552501323,2852044,0.017500536585365854,3587610,0.013801524726866457,1131725,0.01534936547928377,629324,0.026018289509964695,213350
5,circuit,7,0000000000000011100001000,"NOR-in(0,2)/NOR-in(1,1)/NOR-mid(2,0)/NOT-in(0,1)/OUT-OR2(1,0)|edges=0010100100000000100000000",82,1,-0.16805655721347387,0.0,0,0.00011939024972635364,4895,0.0008694024390243902,71291,0.0016643024146687452,341182,0.024340848780487805,4989874,0.025542646964454803,2094497,0.02708880421734624,1110641,0.01953743664177602,160207
5,circuit,7,0000000000000011100001000,"NOR-mid(0,2)/NOR-mid(1,1)/NOR-out(1,0)/NOR-out(2,0)/NOT-in(0,1)|edges=0011000010000000000001000",82,1,0.07672756791024549,0.01141500278414702,93603,0.02721358669334569,1115757,0.03478479268292683,2852353,0.030366326384883027,6225097,0.010656365853658537,2184555,0.008164109955222194,669457,0.0028980731000469977,118821,0.0019381704953450615,15893
5,circuit,7,0000000000000011110001000,"NOR-in(0,3)/NOR-in(1,1)/NOR-in(1,1)/NOR-in(2,0)/OUT-OR2(1,0)|edges=0101100100000100000000000",82,1,-0.13269838516746774,0.0,0,9.602439492801927e-05,3937,0.0007491829268292683,61433,0.013912409552501323,2852044,0.017500536585365854,3587610,0.013801524726866457,1131725,0.01534936547928377,629324,0.026018289509964695,213350
5,circuit,7,0000000000000110100010000,"NOR-in(0,2)/NOR-in(1,0)/NOR-in(1,1)/NOR-in(1,1)/NOR-mid(1,0)|edges=0011000000000010100000000",82,1,0.11730803864289298,4.804879220702249e-05,394,0.0003984390438262948,16336,0.0009210243902439024,75524,0.0014829560758591793,304006,0.007809760975609756,1601001,0.007410609936844145,607670,0.006299975456098159,258299,0.0038602434316776305,31654
5,circuit,7,0000000000000110100010000,"NOR-in(0,2)/NOR-in(1,0)/NOR-in(1,1)/NOR-in(1,1)/NOT-in(1,0)|edges=0011000000000010100000000",82,1,-0.04634681593297097,3.1707324806664587e-06,26,0.00020424391240214207,8374,0.0006953536585365854,57019,0.0013844682724224156,283816,0.012844239024390244,2633069,0.012804939336705838,1050005,0.013720658201935167,562547,0.011514144937299398,94416
5,circuit,7,0000000000000110100010000,"NOR-in(0,2)/NOR-in(1,0)/NOR-in(1,1)/NOR-in(1,1)/OUT-OR2(1,0)|edges=0011000000010000000100000",82,1,-0.020813327851710188,0.0,0,0.00023653659690422424,9698,0.0025498292682926828,209086,0.008242238903772113,1689659,0.020646790243902438,4232592,0.025984927463047012,2130764,0.025209657921715662,1033596,0.017873046600847976,146559
5,circuit,7,0000000000000110100010000,"NOR-in(0,2)/NOR-in(1,0)/NOR-in(1,1)/NOR-mid(1,1)/NOR-out(1,0)|edges=0011000000010000000100000",82,2,0.14955932430473587,0.0448574499652317,367831,0.04297592892565507,1762013,0.03966706097560976,3252699,0.024809185002792413,5085883,0.014484395121951219,2969301,0.01541117110758954,1263716,0.013095609436692452,536920,0.0,0
5,circuit,7,0000000000000110100010000,"NOR-in(0,2)/NOR-in(1,0)/NOR-in(1,1)/NOR-out(1,1)/OUT-NOT(1,0)|edges=0011000000010000000100000",82,2,0.15918258537068464,0.09822038980985118,805407,0.09264185817765162,3798316,0.08361596341463415,6856509,0.05296535532245821,10857898,1.7073170731707317e-07,35,0.0,0,0.0,0,0.0,0
5,circuit,7,0000000000000110100010000,"NOR-in(0,2)/NOR-in(1,0)/NOR-in(1,1)/NOR-out(1,1)/OUT-OR2(1,0)|edges=0011000000010000000100000",82,3,-0.008720773449563402,3.6585374776920675e-06,30,0.0013754878719750181,56395,0.006809414634146341,558372,0.021615136269046785,4431103,0.04755440487804878,9748653,0.056723855042045246,4651356,0.059956291220578266,2458208,0.05085743282226429,417031
5,circuit,7,0000000000000110100010000,"NOR-in(0,2)/NOR-in(1,0)/NOR-mid(1,1)/NOR-out(1,0)/NOT-in(1,1)|edges=0010100000000100000001000",82,1,0.07699499351665132,0.04545732816032394,372750,0.04477668511105781,1835844,0.042011487804878046,3444942,0.032135038554121385,6587683,0.0016462878048780487,337489,0.0,0,0.0,0,0.0,0
5,circuit,7,0000000000000110100010000,"NOR-in(0,2)/NOR-in(1,1)/NOR-mid(1,0)/NOR-out(1,1)/OUT-OR2(1,0)|edges=0101000100000000000100000",82,4,-0.15808082229738243,1.0975612433076203e-06,9,0.001304804941697802,53497,0.008168536585365854,669820,0.017871824128705013,3663724,0.08669810243902439,17773111,0.09604300234251226,7875526,0.09246470506183646,3791053,0.08097157549127128,663967
5,circuit,7,0000000000000110100010000,"NOR-in(0,2)/NOR-in(1,1)/NOR-mid(1,1)/NOR-out(1,0)/NOR-out(1,0)|edges=0110000010000010000000000",82,2,-0.15958487076758698,0.0,0,2.7585367199286203e-05,1131,0.0007982560975609756,65457,0.009287214498235885,1903879,0.05509790243902439,11295070,0.06740378213179957,5527110,0.0711910226538775,2918832,0.10567327979594149,866521
5,circuit,7,0000000000000110100010000,"NOR-in(0,2)/NOR-in(1,1)/NOR-out(1,0)/NOT-in(1,0)/NOT-mid(1,1)|edges=0100100010000000000000100",82,1,0.13729798449719127,0.02361037161228576,193605,0.022233879133359957,911589,0.02239270731707317,1836202,0.018980428990530308,3890988,0.006506087804878049,1333748,0.003955463511108866,324348,0.001441341428259965,59095,0.0015734144422665315,12902
5,circuit,7,0000000000000110100010000,"NOR-in(0,2)/NOR-in(1,1)/NOR-out(1,1)/NOT-in(1,0)/OUT-NOT(1,0)|edges=0110000010000010000000000",82,1,0.07699499351665132,0.04545732816032394,372750,0.04477668511105781,1835844,0.042011487804878046,3444942,0.032135038554121385,6587683,0.0016462878048780487,337489,0.0,0,0.0,0,0.0,0
5,circuit,7,0000000000000110100010000,"NOR-in(0,2)/NOR-in(1,1)/NOR-out(1,1)/NOT-mid(1,0)/OUT-OR2(1,0)|edges=0110000010000010000000000",82,1,-0.08200984520655306,1.2195124925640225e-07,1,0.0010102439517192172,41420,0.00349,286180,0.004613468225168758,945761,0.019342302439024392,3965172,0.022844085923026485,1873215,0.025779121322460456,1056944,0.0211742657104554,173629
5,circuit,7,0000000000000110100010000,"NOR-in(1,1)/NOR-mid(1,0)/NOR-mid(1,0)/NOT-in(0,2)/NOT-in(1,1)|edges=0010000000000001000101000",82,1,-0.14510531558133075,2.8414641076741727e-05,233,0.0004262439232314109,17476,0.0011813780487804878,96873,0.0030402536140450693,623252,0.016241146341463415,3329435,0.021981683462967888,1802498,0.02952207245068116,1210405,0.07750194176805589,635516
5,circuit,7,0000000000000110100010010,"NOR-in(0,2)/NOR-in(1,2)/NOR-mid(1,0)/NOR-out(2,1)/OUT-OR2(1,0)|edges=0101000110000000000100000",82,1,-0.11201277343324159,0.0,0,2.4390245092207077e-05,1000,0.00044969512195121953,36875,0.006053258448001096,1240918,0.02454850243902439,5032443,0.03189161053394172,2615112,0.03834068199169068,1571968,0.0797416975924759,653882
5,circuit,7,0000000000000110100011000,"NOR-in(0,2)/NOR-in(1,0)/NOR-in(1,1)/NOR-in(1,2)/NOR-mid(2,0)|edges=0011000000000010100100000",82,1,-0.0819910212213533,0.0,0,1.4000000682926863e-05,574,0.00036679268292682924,30077,0.001079653642736776,221329,0.029788463414634148,6106635,0.03671151309052471,3010344,0.04029477950500538,1652086,0.05635096873768674,462078
5,circuit,7,0000000000000110100011000,"NOR-in(0,2)/NOR-in(1,0)/NOR-in(1,2)/NOR-mid(1,1)/NOR-out(2,0)|edges=0011000000010010000100000",82,1,0.12477277427451308,5.207318343248376e-05,427,0.00039582928760142867,16229,0.0010893170731707316,89324,0.005254951142610471,1077265,0.005952809756097561,1220326,0.005044085488880134,413615,0.002025902389612137,83062,0.00016414632144557054,1346
5,circuit,7,0000000000000110100011000,"NOR-in(0,2)/NOR-in(1,1)/NOR-in(1,2)/NOR-in(2,0)/NOR-mid(1,0)|edges=0110000010000110000000000",82,1,0.06111840854888855,4.390244973230481e-06,36,0.00020241464402022654,8299,0.0007178780487804878,58866,0.001576878025704224,323260,0.005133248780487805,1052316,0.00500803670751309,410659,0.005182146215069605,212468,0.008714267229967411,71457
5,circuit,7,0000000000000110100011000,"NOR-in(0,2)/NOR-in(1,1)/NOR-in(1,2)/NOR-in(2,0)/NOR-out(1,0)|edges=0110000010000110000000000",82,1,-0.11391300672446816,0.0,0,2.3658537739440864e-06,97,0.0003010731707317073,24688,0.001700546316577371,348612,0.02924241463414634,5994695,0.034086464246011326,2795090,0.03015692609373351,1236434,0.01819072948893543,149164
5,circuit,7,0000000000000110100011000,"NOR-in(0,2)/NOR-in(1,1)/NOR-in(1,2)/NOR-in(2,0)/OUT-OR2(1,0)|edges=0110000010000110000000000",82,2,0.052422022581467644,1.2195124925640226e-06,10,0.0008418536996026195,34516,0.005272158536585365,432317,0.019899589952688927,4079416,0.04287055609756098,8788464,0.055699196480468206,4567334,0.06163307166748606,2526956,0.049293286671550404,404205
5,circuit,7,0000000000000110100011000,"NOR-in(0,2)/NOR-in(1,1)/NOR-in(1,2)/NOR-mid(2,0)/NOR-out(1,0)|edges=0110000010000110000000000",82,3,-0.19532018594582456,0.0,0,2.229268401427727e-05,914,0.0011559512195121952,94788,0.006200195031216658,1271040,0.0925054487804878,18963617,0.11095368563301672,9098202,0.10907941197367288,4472256,0.08718120888034038,714886
5,circuit,7,0000000000000110100011000,"NOR-in(0,2)/NOR-in(1,1)/NOR-in(1,2)/NOR-mid(2,0)/OUT-OR2(1,0)|edges=0110000010000110000000000",82,1,0.00983231594799128,1.7682931142178327e-05,145,0.0011748293256014304,48168,0.0033614146341463414,275636,0.00435056578999172,891866,0.0197172243902439,4042031,0.024057939611169258,1972751,0.028594487107451536,1172374,0.04263853138554495,349636
5,circuit,7,0000000000000110100111000,"NOR-in(0,2)/NOR-in(1,2)/NOR-in(2,0)/NOR-in(2,2)/NOT-in(1,0)|edges=0101000110000000010100000",82,1,0.07687864844894327,0.0001726829689470656,1416,0.0009099268736549695,37307,0.0018801951219512196,154176,0.0029423609325508154,603184,0.0,0,0.0,0,0.0,0,0.0,0
5,circuit,7,0000000000000111100011000,"NOR-in(0,2)/NOR-in(1,2)/NOR-in(1,2)/NOR-in(2,0)/NOR-in(2,0)|edges=0110000011000110000000000",82,1,0.06789349145154658,1.2195124925640226e-06,10,0.0006053171026983952,24818,0.002722329268292683,223231,0.011657351048916813,2389757,0.022223765853658536,4555872,0.029714269017421194,2436570,0.0364234137457704,1493360,0.03142024007070243,257646
5,circuit,7,0000000000010000100010010,"NOR-in(0,1)/NOR-in(0,2)/NOR-in(1,0)/NOR-in(1,1)/NOR-mid(2,0)|edges=0000100110000000000100000",82,1,0.11730803864289298,4.804879220702249e-05,394,0.0003984390438262948,16336,0.0009210243902439024,75524,0.0014829560758591793,304006,0.007809760975609756,1601001,0.007410609936844145,607670,0.006299975456098159,258299,0.0038602434316776305,31654
5,circuit,7,0000000000010000100010010,"NOR-in(0,1)/NOR-in(0,2)/NOR-in(1,0)/NOR-out(1,1)/OUT-OR2(2,0)|edges=0000100110000000000100000",82,1,0.012938812502682587,2.5609762343844476e-06,21,0.0004690000228780499,19229,0.0019458048780487806,159556,0.0034899267781961936,715435,0.008328419512195121,1707326,0.009258280713616602,759179,0.009225926604245692,378263,0.009319633009800852,76421
5,circuit,7,0000000000010000100010010,"NOR-in(0,1)/NOR-in(0,2)/NOR-in(1,1)/NOR-in(2,0)/NOR-out(1,0)|edges=0001000101000100000000000",82,1,0.012938812502682587,2.5609762343844476e-06,21,0.0004690000228780499,19229,0.0019458048780487806,159556,0.0034899267781961936,715435,0.008328419512195121,1707326,0.009258280713616602,759179,0.009225926604245692,378263,0.009319633009800852,76421
5,circuit,7,0000000000010000100010010,"NOR-in(0,1)/NOR-in(0,2)/NOR-in(1,1)/NOR-in(2,0)/OUT-OR2(1,0)|edges=0001000101000100000000000",82,1,-0.08639645147671861,6.097562462820113e-07,5,0.00046468294949672924,19052,0.0023845121951219512,195530,0.0073049950150488535,1497524,0.010208356097560975,2092713,0.011938402730204944,978949,0.012866828954467587,527540,0.001971097320597888,16163
5,circuit,7,0000000000010000100010010,"NOR-in(0,1)/NOR-in(0,2)/NOR-in(1,1)/NOR-mid(2,0)/NOR-out(1,0)|edges=0001000101000100000000000",82,1,-0.027469970916805184,1.0975612433076203e-06,9,0.0007788049160392642,31931,0.003234573170731707,265235,0.005649516990494873,1158151,0.016517219512195123,3386030,0.017229085786075262,1412785,0.017425828843272467,714459,0.01912024157070225,156786
5,circuit,7,0000000000010000100010010,"NOR-in(0,2)/NOR-in(1,0)/NOR-in(1,1)/NOR-in(2,0)/NOT-in(0,1)|edges=0110000000000100000000010",82,1,-0.043775225490238344,7.926831201666147e-06,65,0.00019580488760023842,8028,0.0007213658536585366,59152,0.002053770701652136,421023,0.01167560487804878,2393499,0.009351988032975317,766863,0.008221755897030345,337092,0.006524511399449829,53501
5,circuit,7,0000000000010000100010010,"NOR-in(0,2)/NOR-in(1,0)/NOR-in(1,1)/NOR-out(0,1)/OUT-OR2(2,0)|edges=0110000000000010000100000",82,3,0.03401671376186738,1.890244363474235e-05,155,0.00201668302520405,82684,0.008633573170731707,707953,0.02425015574268065,4971282,0.06258778048780488,12830495,0.07975713609163747,6540085,0.09022755877493759,3699330,0.09193181805709535,753841
5,circuit,7,0000000000010000100010010,"NOR-in(0,2)/NOR-in(1,0)/NOR-mid(0,1)/NOR-mid(1,1)/NOR-out(2,0)|edges=0101000000000010000100000",82,2,0.02052268327384322,2.70731773349213e-05,222,0.0004252927036728148,17437,0.0015512926829268294,127206,0.004406541398928663,903341,0.02846950243902439,5836248,0.018837805337507448,1544700,0.014396438673257593,590254,0.0017804875877454162,14600
5,circuit,7,0000000000010000100010010,"NOR-in(0,2)/NOR-in(1,0)/NOR-mid(0,1)/NOR-out(2,0)/NOT-mid(1,1)|edges=0100100000000100000000010",82,1,0.13729798449719127,0.02361037161228576,193605,0.022233879133359957,911589,0.02239270731707317,1836202,0.018980428990530308,3890988,0.006506087804878049,1333748,0.003955463511108866,324348,0.001441341428259965,59095,0.0015734144422665315,12902
5,circuit,7,0000000000010000100010010,"NOR-in(0,2)/NOR-in(1,0)/NOR-out(0,1)/NOR-out(1,1)/OUT-OR2(2,0)|edges=0101000000000010000100000",82,3,-0.11943682862255446,1.2195124925640225e-07,1,0.0012902195751326622,52899,0.006523268292682927,534908,0.021007970424273603,4306634,0.06518995609756098,13363941,0.07840727020505538,6429396,0.08330968089488583,3415697,0.061992431464337625,508338
5,circuit,7,0000000000010000100010010,"NOR-in(0,2)/NOR-in(1,0)/NOR-out(1,1)/NOT-out(0,1)/OUT-OR2(2,0)|edges=0110000000000010000100000",82,1,-0.027469970916805184,1.0975612433076203e-06,9,0.0007788049160392642,31931,0.003234573170731707,265235,0.005649516990494873,1158151,0.016517219512195123,3386030,0.017229085786075262,1412785,0.017425828843272467,714459,0.01912024157070225,156786
5,circuit,7,0000000000010000100010010,"NOR-in(0,2)/NOR-in(1,1)/NOR-in(2,0)/NOT-in(0,1)/OUT-OR2(1,0)|edges=0100100100000000010000000",82,1,-0.13269838516746774,0.0,0,9.602439492801927e-05,3937,0.0007491829268292683,61433,0.013912409552501323,2852044,0.017500536585365854,3587610,0.013801524726866457,1131725,0.01534936547928377,629324,0.026018289509964695,213350
5,circuit,7,0000000000010000100010010,"NOR-in(0,2)/NOR-in(1,1)/NOR-mid(2,0)/NOR-out(1,0)/NOT-in(0,1)|edges=0101000100000000000000100",82,1,-0.11811388606441263,0.0,0,0.000152292690355741,6244,0.0014042317073170731,115147,0.003918809698749126,803356,0.02313888780487805,4743472,0.025326695739675505,2076789,0.024226023799365275,993267,0.018400607512121036,150885
5,circuit,7,0000000000010000100010010,"NOR-in(0,2)/NOR-mid(0,1)/NOR-mid(1,1)/NOR-out(1,0)/NOR-out(2,0)|edges=0011000001000010000000000",82,2,-0.13123811562455792,0.0,0,1.4243903133848933e-05,584,0.0007531707317073171,61760,0.004915956025620156,1007771,0.06188499024390244,12686423,0.0730267822689459,5988196,0.06826187638385667,2798737,0.04834316483619941,396414
5,circuit,7,0000000000010000100010010,"NOR-in(0,2)/NOR-mid(1,1)/NOR-out(1,0)/NOR-out(2,0)/NOT-mid(0,1)|edges=0110000010000000000000010",82,1,-0.14449548065120046,0.0,0,8.048780880428336e-06,330,0.000402780487804878,33028,0.0012842390055965024,263269,0.030620458536585366,6277194,0.03792690336407081,3110006,0.040817535589816205,1673519,0.03883804404414097,318472
5,circuit,7,0000000000010000100010110,"NOR-in(0,3)/NOR-in(1,1)/NOR-in(1,1)/NOR-mid(1,0)/NOR-mid(2,0)|edges=0111000001000010000000000",82,1,-0.11031383645387695,0.0,0,3.1951221070791272e-06,131,0.0003485609756097561,28582,0.0032339560502347895,662961,0.0305494,6262627,0.03551217159785784,2911998,0.03285034066218681,1346864,0.025931582203465586,212639
5,circuit,7,0000000000010000100010110,"NOR-in(0,3)/NOR-in(1,1)/NOR-in(1,1)/NOR-mid(2,0)/OUT-OR2(1,0)|edges=0110100010000100000000000",82,1,0.06789349145154658,1.2195124925640226e-06,10,0.0006053171026983952,24818,0.002722329268292683,223231,0.011657351048916813,2389757,0.022223765853658536,4555872,0.029714269017421194,2436570,0.0364234137457704,1493360,0.03142024007070243,257646
5,circuit,7,0000000000010000100110000,"NOR-in(0,1)/NOR-in(0,2)/NOR-in(1,1)/NOR-mid(1,0)/NOR-mid(2,0)|edges=0000100101000100000000000",82,1,-0.0819910212213533,0.0,0,1.4000000682926863e-05,574,0.00036679268292682924,30077,0.001079653642736776,221329,0.029788463414634148,6106635,0.03671151309052471,3010344,0.04029477950500538,1652086,0.05635096873768674,462078
5,circuit,7,0000000000010000100110000,"NOR-in(0,1)/NOR-in(0,2)/NOR-in(1,1)/NOR-mid(2,0)/OUT-OR2(1,0)|edges=0001000110000010000000000",82,1,-0.0819910212213533,0.0,0,1.4000000682926863e-05,574,0.00036679268292682924,30077,0.001079653642736776,221329,0.029788463414634148,6106635,0.03671151309052471,3010344,0.04029477950500538,1652086,0.05635096873768674,462078
5,circuit,7,0000000000010000100110000,"NOR-in(0,1)/NOR-in(0,2)/NOR-in(2,0)/NOR-mid(1,1)/NOR-out(1,0)|edges=0010000110000000000100000",82,1,0.06111840854888855,4.390244973230481e-06,36,0.00020241464402022654,8299,0.0007178780487804878,58866,0.001576878025704224,323260,0.005133248780487805,1052316,0.00500803670751309,410659,0.005182146215069605,212468,0.008714267229967411,71457
5,circuit,7,0000000000010000100110000,"NOR-in(0,1)/NOR-in(0,2)/NOR-in(2,0)/NOR-out(1,1)/OUT-OR2(1,0)|edges=0010000110000000000100000",82,2,-0.11567554484477427,0.0,0,0.00037370733530279684,15322,0.0035297317073170733,289438,0.008303497439461013,1702217,0.047041995121951216,9643609,0.05348722081676148,4385952,0.05081285241919872,2083327,0.043450726408448,356296
5,circuit,7,0000000000010000100110000,"NOR-in(0,1)/NOR-in(0,2)/NOR-mid(2,0)/NOR-out(1,1)/OUT-OR2(1,0)|edges=0010000110000000000100000",82,4,-0.23000821311817143,0.0,0,4.6682929106484346e-05,1914,0.0016056463414634147,131663,0.012253453479217753,2511958,0.11705395121951219,23996060,0.14284529616695843,11713314,0.14742009396536357,6044224,0.1669229064728163,1368768
5,circuit,7,0000000000010000100110000,"NOR-in(0,2)/NOR-in(1,0)/NOR-in(1,1)/NOR-mid(0,1)/NOR-out(2,0)|edges=0010100000010000000100000",82,1,0.08322879678026891,0.0533900130219544,437798,0.05003005122097811,2051232,0.044874829268292685,3679736,0.029557375177209144,6059262,0.0,0,0.0,0,0.0,0,0.0,0
5,circuit,7,0000000000010000100110000,"NOR-in(0,2)/NOR-in(1,0)/NOR-in(1,1)/NOR-out(0,1)/OUT-OR2(2,0)|edges=0010100000010000000100000",82,5,-0.006443444596450655,0.03594354535208423,294737,0.06792551550856173,2784946,0.07033170731707317,5767200,0.08173005734053575,16754662,0.05668410243902439,11620241,0.06098313563373502,5000617,0.0626517789597127,2568723,0.05518206644121141,452493
5,circuit,7,0000000000010000100110000,"NOR-in(0,2)/NOR-in(1,0)/NOR-in(1,1)/NOR-out(2,0)/NOT-mid(0,1)|edges=0011000000010000000000010",82,1,0.012938812502682587,2.5609762343844476e-06,21,0.0004690000228780499,19229,0.0019458048780487806,159556,0.0034899267781961936,715435,0.008328419512195121,1707326,0.009258280713616602,759179,0.009225926604245692,378263,0.009319633009800852,76421
5,circuit,7,0000000000010000100110000,"NOR-in(0,2)/NOR-in(2,0)/NOR-mid(1,1)/NOR-out(1,0)/NOT-in(0,1)|edges=0110000000000100000001000",82,1,-0.04101342167043657,0.0,0,6.117073469125536e-05,2508,0.0006253658536585366,51280,0.003005336541385319,616094,0.013985278048780489,2866982,0.003426634229917908,280984,0.0013008292365651406,53334,0.0017804875877454162,14600
5,circuit,7,0000000000010000100110000,"NOR-in(0,2)/NOR-in(2,0)/NOR-out(1,1)/NOT-in(0,1)/OUT-NOT(1,0)|edges=0110000000000010100000000",82,1,-0.0026143661315921932,0.005518903785098484,45255,0.008277829672089253,339391,0.010571426829268293,866857,0.01166639007317478,2391610,0.004745229268292683,972772,0.00022457317620910185,18415,0.0,0,0.0,0
5,circuit,7,0000000000010000100110000,"NOR-in(2,0)/NOR-mid(1,0)/NOT-in(0,1)/NOT-in(0,2)/NOT-in(1,1)|edges=0000000000100001000101000",82,1,-0.14510531558133075,2.8414641076741727e-05,233,0.0004262439232314109,17476,0.0011813780487804878,96873,0.0030402536140450693,623252,0.016241146341463415,3329435,0.021981683462967888,1802498,0.02952207245068116,1210405,0.07750194176805589,635516
5,circuit,7,0000000000010000100110100,"NOR-in(0,2)/NOR-in(1,0)/NOR-in(1,2)/NOR-mid(1,1)/NOR-out(2,0)|edges=0010100000010100000100000",82,1,0.14033618908110085,0.04483037678789678,367609,0.04261180695667351,1747084,0.03874113414634146,3176773,0.02340798014524907,4798636,1.7073170731707317e-07,35,0.0,0,0.0,0,0.0,0
5,circuit,7,0000000000010000100110100,"NOR-in(0,2)/NOR-in(1,2)/NOR-mid(1,1)/NOR-out(2,0)/NOT-in(1,0)|edges=0101000101000100000000000",82,1,0.07699499351665132,0.04545732816032394,372750,0.04477668511105781,1835844,0.042011487804878046,3444942,0.032135038554121385,6587683,0.0016462878048780487,337489,0.0,0,0.0,0,0.0,0
5,circuit,7,0000000000010000110010010,"NOR-in(0,2)/NOR-in(1,0)/NOR-in(1,1)/NOR-in(1,2)/NOR-mid(2,0)|edges=0101000000000010010100000",82,1,0.06111840854888855,4.390244973230481e-06,36,0.00020241464402022654,8299,0.0007178780487804878,58866,0.001576878025704224,323260,0.005133248780487805,1052316,0.00500803670751309,410659,0.005182146215069605,212468,0.008714267229967411,71457
5,circuit,7,0000000000010000110010010,"NOR-in(0,2)/NOR-in(1,0)/NOR-mid(1,2)/NOR-out(1,1)/OUT-OR2(2,0)|edges=0110000000000110000100000",82,1,-0.07506861814822623,7.317074955384135e-06,60,0.0009014390683628814,36959,0.0038981951219512197,319652,0.027181106919300875,5572127,0.012422814634146342,2546677,0.01152817101288222,945310,0.00929368270015408,381041,0.00024609753096371573,2018
5,circuit,7,0000000000010000110010010,"NOR-in(0,2)/NOR-in(1,1)/NOR-in(1,2)/NOR-in(2,0)/NOR-out(1,0)|edges=0010100010010100000000000",82,1,-0.003114607171098278,0.0,0,0.00012768293305770405,5235,0.0016290365853658536,133581,0.012475692500355719,2557517,0.022708765853658535,4655297,0.03023648854235338,2479392,0.033304535773060105,1365486,0.02241755824176119,183824
5,circuit,7,0000000000010000110010010,"NOR-in(0,2)/NOR-in(1,1)/NOR-in(1,2)/NOR-mid(2,0)/OUT-OR2(1,0)|edges=0010100010010100000000000",82,1,-0.020813327851710188,0.0,0,0.00023653659690422424,9698,0.0025498292682926828,209086,0.008242238903772113,1689659,0.020646790243902438,4232592,0.025984927463047012,2130764,0.025209657921715662,1033596,0.017873046600847976,146559
5,circuit,7,0000000000010000110010010,"NOR-in(0,2)/NOR-in(1,2)/NOR-mid(1,1)/NOR-out(1,0)/NOR-out(2,0)|edges=0101000101000010000000000",82,2,-0.11567554484477427,0.0,0,0.00037370733530279684,15322,0.0035297317073170733,289438,0.008303497439461013,1702217,0.047041995121951216,9643609,0.05348722081676148,4385952,0.05081285241919872,2083327,0.043450726408448,356296
5,circuit,7,0000000000010000110010010,"NOR-in(1,0)/NOR-in(1,2)/NOR-mid(1,1)/NOR-out(2,0)/NOT-in(0,2)|edges=0000000110000100000011000",82,1,-0.02148634554575168,7.317074955384135e-07,6,0.0002902439165972642,11900,0.00290909756097561,238546,0.005704121867744558,1169345,0.017508736585365853,3589291,0.010966158804052654,899225,0.005035414511331353,206452,0.0029491459818114657,24183
5,circuit,7,0000000000010000110010100,"NOR-in(0,2)/NOR-in(0,2)/NOR-in(2,0)/NOR-in(2,1)/OUT-OR2(1,0)|edges=0011000011000000010000000",82,1,-0.020813327851710188,0.0,0,0.00023653659690422424,9698,0.0025498292682926828,209086,0.008242238903772113,1689659,0.020646790243902438,4232592,0.025984927463047012,2130764,0.025209657921715662,1033596,0.017873046600847976,146559
5,circuit,7,0000000000010000110010100,"NOR-in(0,2)/NOR-in(0,2)/NOR-in(2,1)/NOR-mid(2,0)/NOR-out(1,0)|edges=0011000101000100000000000",82,1,-0.04767740178617326,0.0,0,0.0003713414815288528,15225,0.0032286585365853657,264750,0.006602951122883642,1353605,0.01779958048780488,3648914,0.01940075657075016,1590862,0.020655926325465212,846893,0.02525999691951257,207132
5,circuit,7,0000000000010000110110000,"NOR-in(0,3)/NOR-in(1,1)/NOR-in(2,0)/NOR-out(1,0)/NOT-mid(1,1)|edges=0110100100000000000000010",82,1,0.13729798449719127,0.02361037161228576,193605,0.022233879133359957,911589,0.02239270731707317,1836202,0.018980428990530308,3890988,0.006506087804878049,1333748,0.003955463511108866,324348,0.001441341428259965,59095,0.0015734144422665315,12902
5,circuit,7,0000000000010000110110000,"NOR-in(0,3)/NOR-in(1,1)/NOR-in(2,0)/NOR-out(1,1)/OUT-NOT(1,0)|edges=0111000100000000000100000",82,1,0.12477277427451308,5.207318343248376e-05,427,0.00039582928760142867,16229,0.0010893170731707316,89324,0.005254951142610471,1077265,0.005952809756097561,1220326,0.005044085488880134,413615,0.002025902389612137,83062,0.00016414632144557054,1346
5,circuit,7,0000000000010001000011000,"NOR-in(0,1)/NOR-in(0,2)/NOR-in(2,0)/NOR-out(0,1)/OUT-OR2(2,0)|edges=0010000101000000000100000",82,4,-0.0026862336130775125,3.78048872694847e-06,31,0.0014068781174086888,57682,0.007967146341463414,653306,0.037301926283386445,7646895,0.06869951219512195,14083400,0.07875900192095127,6458238,0.08620836375101552,3534543,0.08463120919131595,693976
5,circuit,7,0000000000010001000011000,"NOR-in(0,2)/NOR-in(2,0)/NOR-out(0,1)/NOT-in(0,1)/OUT-OR2(2,0)|edges=0100100000000010100000000",82,1,-0.08639645147671861,6.097562462820113e-07,5,0.00046468294949672924,19052,0.0023845121951219512,195530,0.0073049950150488535,1497524,0.010208356097560975,2092713,0.011938402730204944,978949,0.012866828954467587,527540,0.001971097320597888,16163
5,circuit,7,0000000000010001000011000,"NOR-mid(0,1)/NOR-mid(0,2)/NOR-out(2,0)/NOR-out(2,0)/NOT-mid(0,1)|edges=0010000110000000000000010",82,1,0.07672756791024549,0.01141500278414702,93603,0.02721358669334569,1115757,0.03478479268292683,2852353,0.030366326384883027,6225097,0.010656365853658537,2184555,0.008164109955222194,669457,0.0028980731000469977,118821,0.0019381704953450615,15893
5,circuit,7,0000000000010001000110100,"NOR-in(0,2)/NOR-in(1,2)/NOR-mid(1,1)/NOR-out(1,0)/NOR-out(2,0)|edges=0100100101000100000000000",82,1,-0.11201277343324159,0.0,0,2.4390245092207077e-05,1000,0.00044969512195121953,36875,0.006053258448001096,1240918,0.02454850243902439,5032443,0.03189161053394172,2615112,0.03834068199169068,1571968,0.0797416975924759,653882
5,circuit,7,0000000000010011010011000,"NOR-in(0,2)/NOR-in(1,2)/NOR-in(1,2)/NOR-mid(2,0)/NOR-out(2,0)|edges=0101000101000110000000000",82,1,-0.11201277343324159,0.0,0,2.4390245092207077e-05,1000,0.00044969512195121953,36875,0.006053258448001096,1240918,0.02454850243902439,5032443,0.03189161053394172,2615112,0.03834068199169068,1571968,0.0797416975924759,653882
5,circuit,7,0000000001000010010010000,"NOR-in(0,1)/NOR-in(0,1)/NOR-in(1,0)/NOR-in(1,1)/NOR-in(2,1)|edges=0001000001000000000100100",82,1,0.012938812502682587,2.5609762343844476e-06,21,0.0004690000228780499,19229,0.0019458048780487806,159556,0.0034899267781961936,715435,0.008328419512195121,1707326,0.009258280713616602,759179,0.009225926604245692,378263,0.009319633009800852,76421
5,circuit,7,0000000001000010010010000,"NOR-in(0,1)/NOR-in(0,1)/NOR-in(1,1)/NOR-in(2,1)/NOR-mid(1,0)|edges=0010000010000100000100000",82,1,0.05244731603989884,0.00011073173432481324,908,0.0009865122432444996,40447,0.0024389512195121953,199994,0.011913824215895255,2442334,0.016294887804878047,3340452,0.017185097980124343,1409178,0.018989316610016668,778562,0.021162192541196032,173530
5,circuit,7,0000000001000010010010000,"NOR-in(0,1)/NOR-in(0,1)/NOR-in(1,1)/NOR-in(2,1)/NOT-in(1,0)|edges=0010000010000100000100000",82,1,0.07439845331750011,0.0004524391347412524,3710,0.0014189025082391468,58175,0.002667841463414634,218763,0.0036574145806232013,749770,0.0,0,0.0,0,0.0,0,0.0,0
5,circuit,7,0000000001000010010010000,"NOR-in(0,1)/NOR-in(0,1)/NOR-in(1,1)/NOR-in(2,1)/NOT-mid(1,0)|edges=0010000010000100000100000",82,3,-0.02763237304515227,0.003915854613623077,32110,0.007594366224115426,311369,0.012781463414634146,1048080,0.025369004506795054,5200646,0.012869365853658537,2638220,0.013406671058699294,1099347,0.013228267970042245,542359,0.0020323168253272164,16665
5,circuit,7,0000000001000010010010000,"NOR-in(0,1)/NOR-in(0,1)/NOR-in(1,1)/NOR-mid(2,1)/NOR-out(1,0)|edges=0001000100000100000100000",82,3,0.19916824204538136,0.005358659843575571,43941,0.009959024876049993,408320,0.014870939024390245,1219417,0.017676643643756436,3623712,0.013762570731707316,2821327,0.012454695425724279,1021285,0.008325877845710296,341361,0.004024389753123201,33000
5,circuit,7,0000000001000010010010000,"NOR-in(0,1)/NOR-in(0,1)/NOR-in(1,1)/NOR-mid(2,1)/NOR-out(1,0)|edges=0010000010000100000100000",82,5,0.06953208197401106,0.0012448783524093543,10208,0.004900488043926246,200920,0.011479048780487805,941282,0.022627819181056306,4638703,0.06433739024390243,13189165,0.06796423336498131,5573067,0.06951382757283348,2850067,0.05683621258094969,466057
5,circuit,7,0000000001000010010010000,"NOR-in(0,1)/NOR-in(0,1)/NOR-in(1,1)/NOR-mid(2,1)/NOT-out(1,0)|edges=0010000010000100000100000",82,1,-0.027469970916805184,1.0975612433076203e-06,9,0.0007788049160392642,31931,0.003234573170731707,265235,0.005649516990494873,1158151,0.016517219512195123,3386030,0.017229085786075262,1412785,0.017425828843272467,714459,0.01912024157070225,156786
5,circuit,7,0000000001000010010010000,"NOR-in(0,1)/NOR-in(0,1)/NOR-mid(1,1)/NOR-out(2,1)/OUT-NOT(1,0)|edges=0010000010000100000100000",82,1,0.06539130757972525,0.0009557319404224245,7837,0.0029864147798251113,122443,0.0050826829268292685,416780,0.005378360896902036,1102564,0.005931551219512195,1215968,0.004205512297695422,344852,0.0008270243700725763,33908,0.0,0
5,circuit,7,0000000001000010010010000,"NOR-in(0,1)/NOR-in(0,1)/NOR-mid(2,1)/NOR-out(1,0)/NOT-in(1,1)|edges=0000100100000100000000100",82,1,0.27879853944059335,0.2605149415890101,2136222,0.11247317621820371,4611400,0.074286,6091452,0.046941267605737545,9622960,0.0,0,0.0,0,0.0,0,0.0,0
5,circuit,7,0000000001000010010010000,"NOR-in(0,1)/NOR-in(0,1)/NOR-mid(2,1)/NOR-out(1,0)/NOT-in(1,1)|edges=0010000001000100000000100",82,2,0.15475658650267057,0.09028770494822072,740359,0.08738849206773132,3582928,0.08075262195121952,6621715,0.05554301869937046,11386319,0.001646458536585366,337524,0.0,0,0.0,0,0.0,0
5,circuit,7,0000000001000010010010000,"NOR-in(0,1)/NOR-in(0,1)/NOR-out(2,1)/NOT-mid(1,1)/OUT-OR2(1,0)|edges=0010000010000010010000000",82,1,0.012938812502682587,2.5609762343844476e-06,21,0.0004690000228780499,19229,0.0019458048780487806,159556,0.0034899267781961936,715435,0.008328419512195121,1707326,0.009258280713616602,759179,0.009225926604245692,378263,0.009319633009800852,76421
5,circuit,7,0000000001000010010010000,"NOR-in(0,1)/NOR-in(1,0)/NOR-in(2,1)/NOT-in(0,1)/NOT-in(1,1)|edges=0010000000010000000100100",82,1,-0.07503955926460132,0.0007632928690958217,6259,0.011976049364685335,491018,0.024216463414634147,1985750,0.019503770446286286,3998273,0.002184682926829268,447860,2.3170732272456885e-06,190,0.0,0,0.0,0
5,circuit,7,0000000001000010010010000,"NOR-in(0,1)/NOR-in(1,1)/NOR-in(2,1)/NOR-mid(1,0)/NOT-in(0,1)|edges=0100000100000100000000100",82,3,0.06366391408573267,0.0022401224975908533,18369,0.023265684061740687,953893,0.038529743902439025,3159439,0.03880946284669079,7955940,0.017279946341463414,3542389,0.016401390643936357,1344914,0.014787999639317082,606308,0.011521218107168524,94474
5,circuit,7,0000000001000010010010000,"NOR-in(0,1)/NOR-in(1,1)/NOR-in(2,1)/NOR-out(1,0)/NOT-in(0,1)|edges=0010000100000100000001000",82,1,-0.04767740178617326,0.0,0,0.0003713414815288528,15225,0.0032286585365853657,264750,0.006602951122883642,1353605,0.01779958048780488,3648914,0.01940075657075016,1590862,0.020655926325465212,846893,0.02525999691951257,207132
5,circuit,7,0000000001000010010010000,"NOR-in(0,1)/NOR-in(1,1)/NOR-in(2,1)/NOR-out(1,0)/NOT-in(0,1)|edges=0100000100000100000000100",82,1,-0.043775225490238344,7.926831201666147e-06,65,0.00019580488760023842,8028,0.0007213658536585366,59152,0.002053770701652136,421023,0.01167560487804878,2393499,0.009351988032975317,766863,0.008221755897030345,337092,0.006524511399449829,53501
5,circuit,7,0000000001000010010010000,"NOR-in(0,1)/NOR-in(1,1)/NOR-in(2,1)/NOT-in(0,1)/NOT-mid(1,0)|edges=0010000100000010100000000",82,3,-0.1411296223810252,3.353659354551062e-05,275,0.0009299756551207636,38129,0.004014121951219512,329158,0.022957326493307416,4706252,0.03036990243902439,6225830,0.027208195785565752,2231072,0.028577633449326012,1171683,0.02805060633529191,230015
5,circuit,7,0000000001000010010010000,"NOR-in(0,1)/NOR-in(1,1)/NOR-mid(2,1)/NOR-out(1,0)/NOT-in(0,1)|edges=0010000100000100000001000",82,6,-0.2075324126377419,0.0002529268909577783,2074,0.003332170894252239,136619,0.014713829268292683,1206534,0.05909540401323799,12114558,0.09348855121951219,19165153,0.10070805123678174,8258060,0.10089782680737008,4136811,0.10105571938344886,828657
5,circuit,7,0000000001000010010010000,"NOR-in(0,1)/NOR-in(1,1)/NOR-mid(2,1)/NOR-out(1,0)/NOT-in(0,1)|edges=0100000100000100000000100",82,6,0.21928606749326246,0.2969603163317845,2435074,0.18238113084786003,7477626,0.14567860975609756,11945646,0.112359652014249,23033729,0.0481892,9878786,0.05394991594999795,4423893,0.045843120833094615,1879568,0.032632678947234275,267588
5,circuit,7,0000000001000010010010000,"NOR-in(0,1)/NOR-in(1,1)/NOR-mid(2,1)/NOT-in(0,1)/OUT-OR2(1,0)|edges=0010000100000010100000000",82,1,-0.07506861814822623,7.317074955384135e-06,60,0.0009014390683628814,36959,0.0038981951219512197,319652,0.027181106919300875,5572127,0.012422814634146342,2546677,0.01152817101288222,945310,0.00929368270015408,381041,0.00024609753096371573,2018
5,circuit,7,0000000001000010010010000,"NOR-in(0,1)/NOR-in(2,1)/NOR-mid(1,0)/NOT-in(0,1)/NOT-in(1,1)|edges=0000100100000000100001000",82,1,0.15201200309217586,0.025436469618651127,208579,0.059531905343019775,2440808,0.05613396341463415,4602985,0.03457308242088172,7087482,0.0,0,0.0,0,0.0,0,0.0,0
5,circuit,7,0000000001000010010010000,"NOR-in(0,1)/NOR-mid(0,1)/NOR-mid(1,1)/NOR-out(2,1)/OUT-NOT(1,0)|edges=0010000010000100000100000",82,9,0.010729797278377435,0.00123756127745397,10148,0.007752512573293296,317853,0.019780414634146343,1621994,0.036890531167455644,7562559,0.09630236097560975,19741984,0.10780691726358335,8840167,0.1056235583994254,4330566,0.1436883971111711,1178245
5,circuit,7,0000000001000010010010000,"NOR-in(0,1)/NOR-mid(0,1)/NOR-mid(1,1)/NOR-out(2,1)/OUT-OR2(1,0)|edges=0010000010000100000100000",82,7,-0.20240836480707056,1.7682931142178327e-05,145,0.0017293659380178505,70904,0.009673158536585366,793199,0.029350848350963195,6016924,0.1627948487804878,33372944,0.17948306535324549,14717611,0.17918845904418393,7346727,0.16236668751625763,1331407
5,circuit,7,0000000001000010010010000,"NOR-in(0,1)/NOR-mid(0,1)/NOR-out(2,1)/NOT-mid(1,1)/OUT-NOT(1,0)|edges=0001000100000010010000000",82,1,0.13729798449719127,0.02361037161228576,193605,0.022233879133359957,911589,0.02239270731707317,1836202,0.018980428990530308,3890988,0.006506087804878049,1333748,0.003955463511108866,324348,0.001441341428259965,59095,0.0015734144422665315,12902
5,circuit,7,0000000001000010010010000,"NOR-in(0,1)/NOR-mid(0,1)/NOR-out(2,1)/NOT-mid(1,1)/OUT-OR2(1,0)|edges=0001000100000010010000000",82,2,-0.1653610003823333,1.3414637418204247e-06,11,0.001717609839883407,70422,0.006001853658536585,492152,0.008645946214937373,1772419,0.04203427317073171,8617026,0.048163391418619306,3949398,0.05220197433653721,2140281,0.0464437748239299,380839
5,circuit,7,0000000001000010010010000,"NOR-in(0,1)/NOR-mid(1,1)/NOR-out(2,1)/NOT-in(0,1)/OUT-NOT(1,0)|edges=0010000100000010100000000",82,3,0.15898282131252808,0.14367771797017512,1178157,0.13741854328870942,5634160,0.1256274512195122,10301451,0.0851003938765796,17445581,0.001646458536585366,337524,0.0,0,0.0,0,0.0,0
5,circuit,7,0000000001000010010010000,"NOR-in(0,1)/NOR-mid(1,1)/NOR-out(2,1)/NOT-mid(0,1)/OUT-OR2(1,0)|edges=0100000100000010010000000",82,3,-0.23660211377734433,0.0,0,0.000279731720962523,11469,0.0026764146341463416,219466,0.006867351119014374,1407807,0.07810019512195122,16010540,0.08879624606820112,7281292,0.09213236360652771,3777427,0.07677608819803802,629564
5,circuit,7,0000000001000010010010000,"NOR-in(0,1)/NOR-mid(2,1)/NOR-out(1,0)/NOT-in(0,1)/NOT-in(1,1)|edges=0100000100000000000101000",82,2,0.177466416805938,0.036044764888967046,295567,0.06708656424812509,2750549,0.06371056097560976,5224266,0.05093428705949824,10441529,0.01572128292682927,3222863,0.016009000390463424,1312738,0.013554170401117794,555721,0.011258291309964474,92318
5,circuit,7,0000000001000010010010000,"NOR-in(0,1)/NOR-out(2,1)/NOT-mid(0,1)/NOT-mid(1,1)/OUT-OR2(1,0)|edges=0001000001010000100000000",82,1,-0.24405439436942875,0.0,0,0.00014931708045449172,6122,0.0009523414634146341,78092,0.0018785219237289475,385097,0.02339447317073171,4795867,0.025867281118714173,2121117,0.029142340752625836,1194836,0.03953023908167816,324148
5,circuit,7,0000000001000010010010000,"NOR-in(1,0)/NOR-in(1,1)/NOR-in(2,1)/NOT-in(0,1)/NOT-in(0,1)|edges=0000000100100000100000100",82,1,-0.002508927898010592,0.006478050360500088,53120,0.007532732074767418,308842,0.009035792682926829,740935,0.02428848744943677,4979140,0.0,0,0.0,0,0.0,0,0.0,0
5,circuit,7,0000000001000010010010000,"NOR-in(1,1)/NOR-in(2,1)/NOR-mid(1,0)/NOT-in(0,1)/NOT-in(0,1)|edges=0100000100000000100010000",82,1,-0.0026143661315921932,0.005518903785098484,45255,0.008277829672089253,339391,0.010571426829268293,866857,0.01166639007317478,2391610,0.004745229268292683,972772,0.00022457317620910185,18415,0.0,0,0.0,0
5,circuit,7,0000000001000010010010000,"NOR-in(1,1)/NOR-in(2,1)/NOR-mid(1,0)/NOT-in(0,1)/NOT-in(0,1)|edges=0100000100000001000001000",82,1,-0.08250869275873363,1.0365856186794192e-05,85,0.0010546829782772185,43242,0.004205573170731707,344857,0.006567814538031983,1346402,0.0161356,3307798,0.010676756357969667,875494,0.010173902190880435,417130,0.0,0
5,circuit,7,0000000001000010010010000,"NOR-in(1,1)/NOR-mid(0,1)/NOR-out(2,1)/NOT-in(0,1)/OUT-NOT(1,0)|edges=0010000100000011000000000",82,2,0.0545596273126565,0.005570976968530968,45682,0.00867365895969068,355620,0.011660743902439024,956181,0.01692134121578525,3468875,0.010698039024390244,2193098,0.005268658665089236,432030,0.002025902389612137,83062,0.00016414632144557054,1346
5,circuit,7,0000000001000010010010000,"NOR-in(1,1)/NOR-mid(2,1)/NOT-in(0,1)/NOT-in(0,1)/NOT-out(1,0)|edges=0100000001100000100000000",82,1,0.07995051181148055,0.00208329319104712,17083,0.00723051254782988,296451,0.010223341463414633,838314,0.00781401451979491,1601873,0.016248146341463415,3330870,0.0,0,0.0,0,0.0,0
5,circuit,7,0000000001000010010010000,"NOR-in(2,1)/NOR-out(1,0)/NOT-in(0,1)/NOT-in(0,1)/NOT-in(1,1)|edges=0100000000000011000010000",82,1,-0.04062098613888259,0.02836025081957337,232554,0.06861280822501503,2813125,0.06448164634146342,5287495,0.036157355568428945,7412258,0.002422131707317073,496537,0.0,0,0.0,0,0.0,0
5,circuit,7,0000000001000010010010000,"NOR-in(2,1)/NOT-in(0,1)/NOT-in(0,1)/NOT-in(1,1)/NOT-mid(1,0)|edges=0000100010100001000000000",82,1,-0.04062098613888259,0.02836025081957337,232554,0.06861280822501503,2813125,0.06448164634146342,5287495,0.036157355568428945,7412258,0.002422131707317073,496537,0.0,0,0.0,0,0.0,0
5,circuit,7,0000000001000010010010000,"NOR-mid(0,1)/NOR-mid(1,1)/NOR-out(2,1)/NOT-in(0,1)/OUT-NOT(1,0)|edges=0010000100000010100000000",82,3,-0.042235510670257756,0.0003607317953004379,2958,0.0026127074445223145,107121,0.006587182926829268,540149,0.012816980300239313,2627481,0.04129145853658536,8464749,0.05060490367329033,4149602,0.0511391694844105,2096706,0.09173401320316912,752219
5,circuit,7,0000000001000010010010000,"NOR-mid(0,1)/NOR-mid(1,1)/NOR-out(2,1)/NOT-in(0,1)/OUT-OR2(1,0)|edges=0010000100000010100000000",82,3,0.023009224588442515,0.011432685715289199,93748,0.028422830654772226,1165336,0.03880625609756098,3182113,0.037414560428079606,7669985,0.049309375609756095,10108422,0.04529622061698099,3714290,0.042659559935132686,1749042,0.05678377356295444,465627
5,circuit,7,0000000001000010010010000,"NOR-mid(1,1)/NOR-out(2,1)/NOT-in(0,1)/NOT-mid(0,1)/OUT-NOT(1,0)|edges=0100000001100000100000000",82,1,0.13729798449719127,0.02361037161228576,193605,0.022233879133359957,911589,0.02239270731707317,1836202,0.018980428990530308,3890988,0.006506087804878049,1333748,0.003955463511108866,324348,0.001441341428259965,59095,0.0015734144422665315,12902
5,circuit,7,0000000001000010010010000,"NOR-mid(1,1)/NOR-out(2,1)/NOT-in(0,1)/NOT-mid(0,1)/OUT-OR2(1,0)|edges=0100000001100000100000000",82,2,-0.14239090364571927,1.2195124925640225e-07,1,0.0011625366420749581,47664,0.004894231707317074,401327,0.008532277923917884,1749117,0.04248119024390244,8708644,0.04817078166270199,3950004,0.05000514512182573,2050211,0.03957487322257643,324514
5,circuit,7,0000000001000010110010000,"NOR-in(0,2)/NOR-in(1,1)/NOR-in(1,1)/NOR-in(2,1)/NOR-mid(1,0)|edges=0110000010000100000100000",82,4,0.013280948795657832,1.3414637418204247e-06,11,0.0010102439517192172,41420,0.0069867682926829265,572915,0.028271531293587348,5795664,0.08373785365853659,17166260,0.098603380453741,8085477,0.09799670492690964,4017865,0.06920779643807361,567504
5,circuit,7,0000000001000010110010000,"NOR-in(0,2)/NOR-in(1,1)/NOR-in(1,1)/NOR-in(2,1)/NOR-out(1,0)|edges=0110000010000100000100000",82,2,-0.059443741408666276,1.2195124925640225e-07,1,0.00016839025211659765,6904,0.001714609756097561,140598,0.00837194134089842,1716248,0.04086729756097561,8377796,0.04290418397327278,3518143,0.03636363325942358,1490909,0.0199145097665232,163299
5,circuit,7,0000000001000010110010000,"NOR-in(0,2)/NOR-in(1,1)/NOR-in(1,1)/NOR-in(2,1)/NOT-mid(1,0)|edges=0110000010000100000100000",82,1,-0.000423005754108848,0.00019109760758478234,1567,0.0005018292927721607,20575,0.0010605853658536585,86968,0.0027299755698052355,559645,0.004190360975609756,859024,0.0031490488572938746,258222,0.00065360974015586,26798,4.6341457763236854e-06,38
5,circuit,7,0000000001000010110010000,"NOR-in(0,2)/NOR-in(1,1)/NOR-in(1,1)/NOR-mid(2,1)/NOR-out(1,0)|edges=0110000010000100000100000",82,6,-0.09594031764219985,1.890244363474235e-05,155,0.00181643911299703,74474,0.007606487804878049,623732,0.023287765512861967,4773992,0.1642349024390244,33668155,0.2014374073521319,16517867,0.21439209233190018,8790076,0.2175909490742745,1784246
5,circuit,7,0000000001000010110010000,"NOR-in(0,2)/NOR-in(1,1)/NOR-mid(1,1)/NOR-out(2,1)/OUT-NOT(1,0)|edges=0110000010000100000100000",82,1,0.12477277427451308,5.207318343248376e-05,427,0.00039582928760142867,16229,0.0010893170731707316,89324,0.005254951142610471,1077265,0.005952809756097561,1220326,0.005044085488880134,413615,0.002025902389612137,83062,0.00016414632144557054,1346
5,circuit,7,0000000001000010110010000,"NOR-in(0,2)/NOR-in(1,1)/NOR-mid(2,1)/NOR-out(1,0)/NOT-in(1,1)|edges=0100100100000100000000100",82,1,0.07687864844894327,0.0001726829689470656,1416,0.0009099268736549695,37307,0.0018801951219512196,154176,0.0029423609325508154,603184,0.0,0,0.0,0,0.0,0,0.0,0
5,circuit,7,0000000001000010110010000,"NOR-in(0,2)/NOR-mid(1,1)/NOR-mid(1,1)/NOR-out(2,1)/OUT-NOT(1,0)|edges=0110000010000100000100000",82,2,0.09526076318287215,0.00015865857528257933,1301,0.0015445854411992898,63328,0.003886890243902439,318725,0.016288029029931282,3339046,0.030040043902439025,6158209,0.03160669589284624,2591749,0.03456773086420169,1417277,0.03181743514421523,260903
5,circuit,7,0000000001000010110010000,"NOR-in(1,1)/NOR-in(1,1)/NOR-in(2,1)/NOT-in(0,2)/NOT-mid(1,0)|edges=0010000100000011100000000",82,1,0.06161169928237492,0.003882318020077566,31835,0.0067604149639226814,277177,0.009516524390243902,780355,0.01632408756598896,3346438,0.0,0,0.0,0,0.0,0,0.0,0
5,circuit,7,0000000001000010110010000,"NOR-in(1,1)/NOR-mid(1,1)/NOR-out(2,1)/NOT-in(0,2)/OUT-NOT(1,0)|edges=0010000100000011100000000",82,1,0.03626039231171868,0.00010439026936348033,856,0.0004272927037703758,17519,0.0010081829268292683,82671,0.002153799968480976,441529,0.01572128292682927,3222863,0.016009000390463424,1312738,0.013554170401117794,555721,0.011258291309964474,92318
5,circuit,7,0000000001000011000000010,"NOR-in(0,1)/NOR-in(0,1)/NOR-in(1,1)/NOR-in(2,1)/NOT-mid(1,0)|edges=0001000010000010010000000",82,1,0.012938812502682587,2.5609762343844476e-06,21,0.0004690000228780499,19229,0.0019458048780487806,159556,0.0034899267781961936,715435,0.008328419512195121,1707326,0.009258280713616602,759179,0.009225926604245692,378263,0.009319633009800852,76421
5,circuit,7,0000000001000011000000010,"NOR-in(0,1)/NOR-in(0,1)/NOR-in(2,1)/NOR-mid(1,0)/NOT-in(1,1)|edges=0010000100000010000000010",82,1,0.07439845331750011,0.0004524391347412524,3710,0.0014189025082391468,58175,0.002667841463414634,218763,0.0036574145806232013,749770,0.0,0,0.0,0,0.0,0,0.0,0
5,circuit,7,0000000001000011000000010,"NOR-in(0,1)/NOR-in(0,1)/NOR-in(2,1)/NOR-mid(1,1)/NOR-out(1,0)|edges=0010000100000100000100000",82,3,0.07563200258621192,0.00011195124681737727,918,0.0018283659428471192,74963,0.007711109756097561,632311,0.03181341416858418,6521750,0.059165443902439024,12128916,0.07288429446059255,5976512,0.08062238827750272,3305518,0.07045547921274643,577735
5,circuit,7,0000000001000011000000010,"NOR-in(0,1)/NOR-in(0,1)/NOR-in(2,1)/NOR-out(1,0)/NOT-mid(1,1)|edges=0010000100000010000000010",82,4,-0.09199593475959246,0.003915854613623077,32110,0.007690390619043445,315306,0.013530646341463415,1109513,0.03928141405929638,8052690,0.03036990243902439,6225830,0.027208195785565752,2231072,0.028577633449326012,1171683,0.02805060633529191,230015
5,circuit,7,0000000001000011000000010,"NOR-in(0,1)/NOR-in(0,1)/NOR-in(2,1)/NOR-out(1,1)/OUT-OR2(1,0)|edges=0010000100000100000100000",82,3,-0.07773341229411461,1.2195124925640225e-07,1,0.0005397317336454504,22129,0.004943268292682927,405348,0.014974892463782061,3069853,0.058666878048780485,12026710,0.06230494054402294,5109005,0.05701955958488879,2337802,0.04517450668603577,370431
5,circuit,7,0000000001000011000000010,"NOR-in(0,1)/NOR-in(0,1)/NOR-in(2,1)/NOT-mid(1,1)/NOT-out(1,0)|edges=0010000100000100000100000",82,1,-0.000423005754108848,0.00019109760758478234,1567,0.0005018292927721607,20575,0.0010605853658536585,86968,0.0027299755698052355,559645,0.004190360975609756,859024,0.0031490488572938746,258222,0.00065360974015586,26798,4.6341457763236854e-06,38
5,circuit,7,0000000001000011000000010,"NOR-in(0,1)/NOR-in(0,1)/NOR-mid(2,1)/NOR-out(1,1)/OUT-NOT(1,0)|edges=0010000100000100000100000",82,5,0.20320448244961625,0.006555489403777904,53755,0.014137025079854882,579618,0.022673341463414633,1859214,0.027709999594487812,5680550,0.026416687804878047,5415421,0.022810561531964917,1870466,0.01373268259188579,563040,0.004808779901368305,39432
5,circuit,7,0000000001000011000000010,"NOR-in(0,1)/NOR-in(0,1)/NOR-mid(2,1)/NOR-out(1,1)/OUT-OR2(1,0)|edges=0010000100000100000100000",82,11,-0.19192585593438113,5.731708715050906e-06,47,0.002146585470565145,88010,0.014852573170731707,1217911,0.05864904304416035,12023054,0.2523787902439024,51737652,0.28849073874367653,23656240,0.30484104134534046,12498483,0.30941227933996596,2537181
5,circuit,7,0000000001000011000000010,"NOR-in(0,1)/NOR-in(0,1)/NOR-mid(2,1)/NOT-out(1,1)/OUT-OR2(1,0)|edges=0010000100000100000100000",82,1,-0.027469970916805184,1.0975612433076203e-06,9,0.0007788049160392642,31931,0.003234573170731707,265235,0.005649516990494873,1158151,0.016517219512195123,3386030,0.017229085786075262,1412785,0.017425828843272467,714459,0.01912024157070225,156786
5,circuit,7,0000000001000011000000010,"NOR-in(0,1)/NOR-in(1,1)/NOR-in(2,1)/NOR-mid(1,0)/NOT-in(0,1)|edges=0010000010010000000000100",82,1,-0.07503955926460132,0.0007632928690958217,6259,0.011976049364685335,491018,0.024216463414634147,1985750,0.019503770446286286,3998273,0.002184682926829268,447860,2.3170732272456885e-06,190,0.0,0,0.0,0
5,circuit,7,0000000001000011000000010,"NOR-in(0,1)/NOR-in(1,1)/NOR-in(2,1)/NOT-in(0,1)/NOT-mid(1,0)|edges=0010000001010000010000000",82,4,-0.06549019724274284,0.007384148142475157,60550,0.011835049357807286,485237,0.019724353658536586,1617397,0.05446449188588549,11165221,0.04270299512195122,8754114,0.025740073798538387,2110686,0.028216194433751354,1156864,0.027989386830562582,229513
5,circuit,7,0000000001000011000000010,"NOR-in(0,1)/NOR-in(2,1)/NOR-mid(1,1)/NOR-out(1,0)/NOT-in(0,1)|edges=0100000100000100000001000",82,5,-0.053650797424783764,0.0022498785975313654,18449,0.025050391465872755,1027066,0.046361841463414634,3801671,0.07655787205037261,15694364,0.05871125853658537,12035808,0.06114594051575465,5013967,0.06437451062501194,2639355,0.08498450183115831,696873
5,circuit,7,0000000001000011000000010,"NOR-in(0,1)/NOR-in(2,1)/NOR-mid(1,1)/NOT-in(0,1)/OUT-OR2(1,0)|edges=0100000100000010100000000",82,2,0.03572784408957789,0.0019029272933969007,15604,0.02255019622196079,924558,0.038147536585365856,3128098,0.05571705772121379,11421997,0.012422814634146342,2546677,0.01152817101288222,945310,0.00929368270015408,381041,0.00024609753096371573,2018
5,circuit,7,0000000001000011000000010,"NOR-in(0,1)/NOR-in(2,1)/NOR-out(1,0)/NOT-in(0,1)/NOT-mid(1,1)|edges=0100000001000000100000100",82,1,-0.18209616216645108,0.0,0,0.00043341465528851976,17770,0.0024122804878048782,197807,0.009136404744345296,1872963,0.024659848780487804,5055269,0.02945911047461245,2415647,0.03471048695828081,1423130,0.05868987089147916,481257
5,circuit,7,0000000001000011000000010,"NOR-in(0,1)/NOR-in(2,1)/NOR-out(1,1)/NOT-in(0,1)/OUT-NOT(1,0)|edges=0100000100000010100000000",82,2,0.05763091708931363,6.000001463414991e-05,492,0.000591634175201667,24257,0.0018106829268292684,148476,0.0073087218442626075,1498288,0.01762841463414634,3613825,0.014396073521855452,1180478,0.01024765828664248,420154,0.0066886577208953996,54847
5,circuit,7,0000000001000011000000010,"NOR-in(0,1)/NOR-in(2,1)/NOR-out(1,1)/NOT-in(0,1)/OUT-OR2(1,0)|edges=0100000100000010100000000",82,1,-0.02148634554575168,7.317074955384135e-07,6,0.0002902439165972642,11900,0.00290909756097561,238546,0.005704121867744558,1169345,0.017508736585365853,3589291,0.010966158804052654,899225,0.005035414511331353,206452,0.0029491459818114657,24183
5,circuit,7,0000000001000011000000010,"NOR-in(0,1)/NOR-mid(2,1)/NOR-out(1,1)/NOT-in(0,1)/OUT-NOT(1,0)|edges=0100000100000010100000000",82,7,0.26819893912764975,0.3514120369297651,2881578,0.20338535138465128,8338799,0.16333280487804877,13393290,0.11735717389233404,24058221,0.042418053658536584,8695701,0.044632220600785866,3659842,0.03517126743484714,1442022,0.025490362745077714,209021
5,circuit,7,0000000001000011000000010,"NOR-in(0,1)/NOR-mid(2,1)/NOR-out(1,1)/NOT-in(0,1)/OUT-OR2(1,0)|edges=0100000100000010100000000",82,2,0.06731961345041566,0.03594037461960357,294711,0.06681156423471045,2739274,0.06410660975609755,5256742,0.05269929678976639,10803356,0.02313888780487805,4743472,0.025326695739675505,2076789,0.024226023799365275,993267,0.018400607512121036,150885
5,circuit,7,0000000001000011000000010,"NOR-in(0,1)/NOR-mid(2,1)/NOT-in(0,1)/NOT-out(1,1)/OUT-OR2(1,0)|edges=0100000010010000000100000",82,1,0.07995051181148055,0.00208329319104712,17083,0.00723051254782988,296451,0.010223341463414633,838314,0.00781401451979491,1601873,0.016248146341463415,3330870,0.0,0,0.0,0,0.0,0
5,circuit,7,0000000001000011000000010,"NOR-in(1,1)/NOR-in(2,1)/NOR-mid(1,0)/NOT-in(0,1)/NOT-in(0,1)|edges=0010010000000000100001000",82,1,-0.07246679101587548,0.0012991466583284533,10653,0.02272619623054616,931774,0.03991189024390244,3272775,0.03420359949945952,7011738,0.001944160975609756,398553,7.810975800267702e-05,6405,4.8780486615110085e-08,2,0.0,0
5,circuit,7,0000000001000011000000010,"NOR-in(2,1)/NOR-mid(1,1)/NOR-out(1,0)/NOT-in(0,1)/NOT-in(0,1)|edges=0100000100000001000010000",82,3,-0.06403958188387106,0.02546964035844887,208851,0.06028400294068307,2471644,0.058433536585365854,4791550,0.03969398478496607,8137267,0.025788278048780488,5286597,0.028516439719913165,2338348,0.03583516985767878,1469242,0.08715364790809171,714660
5,circuit,7,0000000001000011000000010,"NOR-in(2,1)/NOR-out(1,1)/NOT-in(0,1)/NOT-in(0,1)/OUT-OR2(1,0)|edges=0100000001100001000000000",82,1,-0.04062098613888259,0.02836025081957337,232554,0.06861280822501503,2813125,0.06448164634146342,5287495,0.036157355568428945,7412258,0.002422131707317073,496537,0.0,0,0.0,0,0.0,0
5,circuit,7,0000000001000011000000010,"NOR-mid(2,1)/NOR-out(1,1)/NOT-in(0,1)/NOT-in(0,1)/OUT-OR2(1,0)|edges=0100000001100001000000000",82,1,0.07672756791024549,0.01141500278414702,93603,0.02721358669334569,1115757,0.03478479268292683,2852353,0.030366326384883027,6225097,0.010656365853658537,2184555,0.008164109955222194,669457,0.0028980731000469977,118821,0.0019381704953450615,15893
5,circuit,7,0000000001000011000010000,"NOR-in(0,1)/NOR-in(0,1)/NOR-in(2,0)/NOR-in(2,1)/NOT-in(0,1)|edges=0001000100000000010000010",82,1,-0.08639645147671861,6.097562462820113e-07,5,0.00046468294949672924,19052,0.0023845121951219512,195530,0.0073049950150488535,1497524,0.010208356097560975,2092713,0.011938402730204944,978949,0.012866828954467587,527540,0.001971097320597888,16163
5,circuit,7,0000000001000011000010000,"NOR-in(0,1)/NOR-in(0,1)/NOR-in(2,1)/NOR-mid(2,0)/NOT-in(0,1)|edges=0010000010000100000000100",82,1,-0.043775225490238344,7.926831201666147e-06,65,0.00019580488760023842,8028,0.0007213658536585366,59152,0.002053770701652136,421023,0.01167560487804878,2393499,0.009351988032975317,766863,0.008221755897030345,337092,0.006524511399449829,53501
5,circuit,7,0000000001000011000010000,"NOR-in(0,1)/NOR-in(0,1)/NOR-mid(0,1)/NOR-mid(2,1)/NOR-out(2,0)|edges=0001000010000010000100000",82,8,-0.13098769726587078,0.0002587805509220856,2122,0.0029477074608637785,120856,0.012358195121951219,1013372,0.034313511692972996,7034270,0.16456690731707316,33736216,0.1759858823411191,14430842,0.17390206892921783,7129985,0.15272449357018372,1252341
5,circuit,7,0000000001000011000010000,"NOR-in(0,1)/NOR-in(0,1)/NOR-mid(2,1)/NOR-out(2,0)/NOT-mid(0,1)|edges=0010000100000100000000010",82,2,-0.22142532624511668,0.0,0,0.00012743903060678197,5225,0.0012721829268292682,104319,0.0029485414202652474,604451,0.054961307317073174,11267068,0.06346955032852562,5204503,0.06790633980716244,2784160,0.05837548068591699,478679
5,circuit,7,0000000001000011000010000,"NOR-in(0,1)/NOR-in(0,1)/NOR-out(2,1)/NOT-mid(0,1)/OUT-OR2(2,0)|edges=0010000001000010010000000",82,1,0.012938812502682587,2.5609762343844476e-06,21,0.0004690000228780499,19229,0.0019458048780487806,159556,0.0034899267781961936,715435,0.008328419512195121,1707326,0.009258280713616602,759179,0.009225926604245692,378263,0.009319633009800852,76421
5,circuit,7,0000000001000011000010000,"NOR-in(0,1)/NOR-mid(0,1)/NOR-mid(2,1)/NOR-out(2,0)/NOT-in(0,1)|edges=0010000010000100000000100",82,2,0.05033417616625059,0.00033231715422369615,2725,0.0021864635212909033,89645,0.0054058048780487805,443276,0.009776726686194243,2004229,0.02505031219512195,5135314,0.028623220210322445,2347104,0.02161709703372934,886301,0.01423207143511324,116703
5,circuit,7,0000000001000011000010000,"NOR-in(0,1)/NOR-mid(2,1)/NOR-out(2,0)/NOT-in(0,1)/NOT-mid(0,1)|edges=0100000100000000100000100",82,1,-0.11811388606441263,0.0,0,0.000152292690355741,6244,0.0014042317073170731,115147,0.003918809698749126,803356,0.02313888780487805,4743472,0.025326695739675505,2076789,0.024226023799365275,993267,0.018400607512121036,150885
5,circuit,7,0000000001000011000010000,"NOR-mid(0,1)/NOR-mid(0,1)/NOR-out(0,1)/NOR-out(2,1)/OUT-OR2(2,0)|edges=0001000010000010000100000",82,3,-0.17279861139004707,0.0,0,4.865853895895312e-05,1995,0.0014132195121951219,115884,0.00761362427882501,1560793,0.0808207756097561,16568259,0.08610095331953545,7060278,0.07942887611149083,3256584,0.06055023651826384,496512
5,circuit,7,0000000001000011000010000,"NOR-mid(0,1)/NOR-mid(2,1)/NOR-out(2,0)/NOT-in(0,1)/NOT-in(0,1)|edges=0010000100000000100001000",82,1,0.07672756791024549,0.01141500278414702,93603,0.02721358669334569,1115757,0.03478479268292683,2852353,0.030366326384883027,6225097,0.010656365853658537,2184555,0.008164109955222194,669457,0.0028980731000469977,118821,0.0019381704953450615,15893
5,circuit,7,0000000001000011000010000,"NOR-mid(0,1)/NOR-out(0,1)/NOR-out(2,1)/NOT-mid(0,1)/OUT-OR2(2,0)|edges=0010000001000010010000000",82,4,-0.25164128292812965,1.3414637418204247e-06,11,0.0018779513111195762,76996,0.007808865853658537,640327,0.013848994919283002,2839044,0.09579361951219512,19637692,0.11141699052236562,9136193,0.11724553372571869,4807067,0.1036824263801919,850196
5,circuit,7,0000000001000011000010000,"NOR-out(0,1)/NOR-out(2,1)/NOT-mid(0,1)/NOT-mid(0,1)/OUT-OR2(2,0)|edges=0000100001010000100000000",82,1,-0.24405439436942875,0.0,0,0.00014931708045449172,6122,0.0009523414634146341,78092,0.0018785219237289475,385097,0.02339447317073171,4795867,0.025867281118714173,2121117,0.029142340752625836,1194836,0.03953023908167816,324148
5,circuit,7,0000000001000011000010010,"NOR-in(0,1)/NOR-in(0,1)/NOR-in(2,2)/NOR-mid(1,1)/NOR-out(2,0)|edges=0010000100000110000100000",82,2,-0.059443741408666276,1.2195124925640225e-07,1,0.00016839025211659765,6904,0.001714609756097561,140598,0.00837194134089842,1716248,0.04086729756097561,8377796,0.04290418397327278,3518143,0.03636363325942358,1490909,0.0199145097665232,163299
5,circuit,7,0000000001000011000010010,"NOR-in(0,1)/NOR-in(0,1)/NOR-mid(2,2)/NOR-out(1,1)/OUT-OR2(2,0)|edges=0010000100000110000100000",82,1,-0.07506861814822623,7.317074955384135e-06,60,0.0009014390683628814,36959,0.0038981951219512197,319652,0.027181106919300875,5572127,0.012422814634146342,2546677,0.01152817101288222,945310,0.00929368270015408,381041,0.00024609753096371573,2018
5,circuit,7,0000000001000011000010010,"NOR-in(0,1)/NOR-in(1,1)/NOR-in(2,0)/NOR-in(2,2)/NOT-in(0,1)|edges=0001000100000000110000010",82,1,0.12477277427451308,5.207318343248376e-05,427,0.00039582928760142867,16229,0.0010893170731707316,89324,0.005254951142610471,1077265,0.005952809756097561,1220326,0.005044085488880134,413615,0.002025902389612137,83062,0.00016414632144557054,1346
5,circuit,7,0000000001000011000010010,"NOR-in(0,1)/NOR-in(2,2)/NOR-mid(1,1)/NOR-out(2,0)/NOT-in(0,1)|edges=0100000110000100000001000",82,1,-0.043775225490238344,7.926831201666147e-06,65,0.00019580488760023842,8028,0.0007213658536585366,59152,0.002053770701652136,421023,0.01167560487804878,2393499,0.009351988032975317,766863,0.008221755897030345,337092,0.006524511399449829,53501
5,circuit,7,0000000001000011000010010,"NOR-in(1,1)/NOR-in(2,2)/NOR-mid(2,0)/NOT-in(0,1)/NOT-in(0,1)|edges=0010010100000000100001000",82,1,-0.1180276414358909,4.756098720999688e-06,39,0.00032585367443188656,13360,0.0011181951219512195,91692,0.002080648750039287,426533,0.009547131707317073,1957162,0.006534756256945274,535850,0.006313097406997624,258837,0.009651706140035837,79144
5,circuit,7,0000000001000011000010010,"NOR-in(2,2)/NOR-out(2,0)/NOT-in(0,1)/NOT-in(0,1)/NOT-mid(1,1)|edges=0100100000100001000001000",82,1,-0.04062098613888259,0.02836025081957337,232554,0.06861280822501503,2813125,0.06448164634146342,5287495,0.036157355568428945,7412258,0.002422131707317073,496537,0.0,0,0.0,0,0.0,0
5,circuit,7,0000000001000011010010000,"NOR-in(0,1)/NOR-in(0,2)/NOR-in(1,1)/NOR-mid(2,1)/NOR-out(2,0)|edges=0001000101000100000100000",82,1,0.06539130757972525,0.0009557319404224245,7837,0.0029864147798251113,122443,0.0050826829268292685,416780,0.005378360896902036,1102564,0.005931551219512195,1215968,0.004205512297695422,344852,0.0008270243700725763,33908,0.0,0
5,circuit,7,0000000001000011010010000,"NOR-in(0,2)/NOR-in(1,1)/NOR-in(2,0)/NOR-in(2,1)/NOT-in(0,1)|edges=0110000010000000010000010",82,1,-0.13269838516746774,0.0,0,9.602439492801927e-05,3937,0.0007491829268292683,61433,0.013912409552501323,2852044,0.017500536585365854,3587610,0.013801524726866457,1131725,0.01534936547928377,629324,0.026018289509964695,213350
5,circuit,7,0000000001000011010010000,"NOR-in(0,2)/NOR-in(1,1)/NOR-in(2,1)/NOR-mid(2,0)/NOT-in(0,1)|edges=0101000100000100000000100",82,2,-0.13304619385788777,7.317074955384135e-06,60,0.0009258293134550885,37959,0.004347890243902439,356527,0.03323436536730197,6813045,0.03697131707317073,7579120,0.04341978154682394,3560422,0.04763436469184476,1953009,0.07998779512343962,655900
5,circuit,7,0000000001000011010010000,"NOR-in(0,2)/NOR-in(1,1)/NOR-mid(2,1)/NOR-out(2,0)/NOT-in(0,1)|edges=0101000100000100000000100",82,2,0.15475658650267057,0.09028770494822072,740359,0.08738849206773132,3582928,0.08075262195121952,6621715,0.05554301869937046,11386319,0.001646458536585366,337524,0.0,0,0.0,0,0.0,0
5,circuit,7,0000000001000011010010000,"NOR-in(0,2)/NOR-mid(0,1)/NOR-mid(1,1)/NOR-out(2,1)/OUT-OR2(2,0)|edges=0010100010000100000100000",82,2,-0.051366332018002836,1.7682931142178327e-05,145,0.0011888293262843574,48742,0.0037282073170731705,305713,0.005430219432728496,1113195,0.049505687804878046,10148666,0.06076945270169397,4983095,0.06888926661245691,2824460,0.0989895001232317,811714
5,circuit,7,0000000001000011010010000,"NOR-in(0,2)/NOR-mid(1,1)/NOR-out(2,1)/NOT-mid(0,1)/OUT-OR2(2,0)|edges=0100100100000010010000000",82,1,-0.16805655721347387,0.0,0,0.00011939024972635364,4895,0.0008694024390243902,71291,0.0016643024146687452,341182,0.024340848780487805,4989874,0.025542646964454803,2094497,0.02708880421734624,1110641,0.01953743664177602,160207
5,circuit,7,0000000001000100100010000,"NOR-in(0,1)/NOR-in(1,0)/NOR-in(1,1)/NOR-in(1,1)/NOT-in(1,1)|edges=0001000000010000000100100",82,1,0.3047930373220285,0.1461845478498897,1198713,0.10669241983865463,4374389,0.07022709756097562,5758622,0.04852916514347563,9948479,0.0,0,0.0,0,0.0,0,0.0,0
5,circuit,7,0000000001000100100010000,"NOR-in(0,1)/NOR-in(1,0)/NOR-in(1,1)/NOT-in(1,1)/NOT-in(1,1)|edges=0000100000010000010000010",82,1,0.03626039231171868,0.00010439026936348033,856,0.0004272927037703758,17519,0.0010081829268292683,82671,0.002153799968480976,441529,0.01572128292682927,3222863,0.016009000390463424,1312738,0.013554170401117794,555721,0.011258291309964474,92318
5,circuit,7,0000000001000100100010000,"NOR-in(0,1)/NOR-in(1,1)/NOR-in(1,1)/NOR-in(1,1)/NOR-mid(1,0)|edges=0010000001000100100000000",82,1,0.08087121398312973,4.7926840957766086e-05,393,0.0005580731979547901,22881,0.0014479390243902438,118731,0.004374204814036027,896712,0.013745156097560976,2817757,0.014421597912721901,1182571,0.015578414254185019,638715,0.010655242603019194,87373
5,circuit,7,0000000001000100100010000,"NOR-in(0,1)/NOR-in(1,1)/NOR-in(1,1)/NOR-in(1,1)/NOR-mid(1,0)|edges=0100000100000100000100000",82,3,0.14633490006348362,7.951221451517427e-05,652,0.0009649756568280808,39564,0.002564829268292683,210316,0.004461038959106747,914513,0.027427234146341465,5622583,0.027829817751946775,2282045,0.024577731107860216,1007687,0.012574510661645041,103111
5,circuit,7,0000000001000100100010000,"NOR-in(0,1)/NOR-in(1,1)/NOR-in(1,1)/NOR-in(1,1)/NOT-in(1,0)|edges=0100000100000100000100000",82,1,0.14033618908110085,0.04483037678789678,367609,0.04261180695667351,1747084,0.03874113414634146,3176773,0.02340798014524907,4798636,1.7073170731707317e-07,35,0.0,0,0.0,0,0.0,0
5,circuit,7,0000000001000100100010000,"NOR-in(0,1)/NOR-in(1,1)/NOR-in(1,1)/NOR-in(1,1)/NOT-mid(1,0)|edges=0010000001000100100000000",82,1,-0.000423005754108848,0.00019109760758478234,1567,0.0005018292927721607,20575,0.0010605853658536585,86968,0.0027299755698052355,559645,0.004190360975609756,859024,0.0031490488572938746,258222,0.00065360974015586,26798,4.6341457763236854e-06,38
5,circuit,7,0000000001000100100010000,"NOR-in(0,1)/NOR-in(1,1)/NOR-in(1,1)/NOR-in(1,1)/NOT-mid(1,0)|edges=0100000100000100000100000",82,1,0.012938812502682587,2.5609762343844476e-06,21,0.0004690000228780499,19229,0.0019458048780487806,159556,0.0034899267781961936,715435,0.008328419512195121,1707326,0.009258280713616602,759179,0.009225926604245692,378263,0.009319633009800852,76421
5,circuit,7,0000000001000100100010000,"NOR-in(0,1)/NOR-in(1,1)/NOR-in(1,1)/NOR-mid(1,0)/NOT-in(1,1)|edges=0000100010010000000000100",82,3,0.06975821745427657,0.10837892887290948,888707,0.1287031282294209,5276828,0.12181654878048781,9988957,0.08128764271286376,16663967,0.001944160975609756,398553,7.810975800267702e-05,6405,4.8780486615110085e-08,2,0.0,0
5,circuit,7,0000000001000100100010000,"NOR-in(0,1)/NOR-in(1,1)/NOR-in(1,1)/NOR-mid(1,0)/NOT-in(1,1)|edges=0010000010000010000001000",82,1,0.3047930373220285,0.1461845478498897,1198713,0.10669241983865463,4374389,0.07022709756097562,5758622,0.04852916514347563,9948479,0.0,0,0.0,0,0.0,0,0.0,0
5,circuit,7,0000000001000100100010000,"NOR-in(0,1)/NOR-in(1,1)/NOR-in(1,1)/NOR-mid(1,0)/NOT-in(1,1)|edges=0100000100000010000000010",82,2,0.11215466976174873,0.05384245215669565,441508,0.051448953729217255,2109407,0.047542670731707315,3898499,0.03321478975783235,6809032,0.0,0,0.0,0,0.0,0,0.0,0
5,circuit,7,0000000001000100100010000,"NOR-in(0,1)/NOR-in(1,1)/NOR-in(1,1)/NOR-mid(1,1)/NOR-out(1,0)|edges=0010000010010000000100000",82,5,0.10030745835797406,0.0014900003634147228,12218,0.016155269080744834,662366,0.034433231707317075,2823525,0.04755788710890897,9749367,0.043584165853658534,8934754,0.04570272062689563,3747623,0.04876497442036648,1999364,0.05016487193111318,411352
5,circuit,7,0000000001000100100010000,"NOR-in(0,1)/NOR-in(1,1)/NOR-in(1,1)/NOR-mid(1,1)/NOR-out(1,0)|edges=0100000100000100000100000",82,11,0.15860683755231028,0.03808939953399989,312333,0.09127000445219534,3742070,0.10925142682926829,8958617,0.1243417250096333,25490054,0.15016885365853658,30784615,0.18371093131002272,15064296,0.19930245855359857,8171401,0.19011363535199569,1558932
5,circuit,7,0000000001000100100010000,"NOR-in(0,1)/NOR-in(1,1)/NOR-in(1,1)/NOR-mid(1,1)/OUT-OR2(1,0)|edges=0010000010010000000100000",82,1,-0.07503955926460132,0.0007632928690958217,6259,0.011976049364685335,491018,0.024216463414634147,1985750,0.019503770446286286,3998273,0.002184682926829268,447860,2.3170732272456885e-06,190,0.0,0,0.0,0
5,circuit,7,0000000001000100100010000,"NOR-in(0,1)/NOR-in(1,1)/NOR-in(1,1)/NOR-mid(1,1)/OUT-OR2(1,0)|edges=0100000100000100000100000",82,1,0.12569803973548566,0.0018956102184415167,15544,0.02164875715359791,887599,0.034249341463414636,2808446,0.028535950801912915,5849870,0.0,0,0.0,0,0.0,0,0.0,0
5,circuit,7,0000000001000100100010000,"NOR-in(0,1)/NOR-in(1,1)/NOR-in(1,1)/NOR-out(1,0)/NOT-in(1,1)|edges=0000100010010000000000100",82,1,0.18456364133741268,0.03008793416778882,246721,0.025923342727967938,1062857,0.025066536585365853,2055456,0.022868067958028274,4687954,0.0016188926829268293,331873,0.0,0,0.0,0,0.0,0
5,circuit,7,0000000001000100100010000,"NOR-in(0,1)/NOR-in(1,1)/NOR-in(1,1)/NOR-out(1,0)/NOT-mid(1,1)|edges=0010000001010000000000010",82,2,0.02831362563781308,0.003915244857376795,32105,0.007129683274618696,292317,0.010396951219512195,852550,0.0180640094917462,3703122,0.002661009756097561,545507,0.0014682683284943496,120398,0.0003614390155746582,14819,6.12195047293287e-05,502
5,circuit,7,0000000001000100100010000,"NOR-in(0,1)/NOR-in(1,1)/NOR-in(1,1)/NOR-out(1,0)/NOT-mid(1,1)|edges=0100000100000010000000010",82,4,-0.03763225020345818,0.0009086587582094532,7451,0.0047713173059179175,195624,0.012634365853658536,1036018,0.03366593121464491,6901516,0.051031414634146344,10461440,0.03499835451215499,2869865,0.037442121037997045,1535127,0.03730901984036344,305934
5,circuit,7,0000000001000100100010000,"NOR-in(0,1)/NOR-in(1,1)/NOR-in(1,1)/NOR-out(1,1)/OUT-NOT(1,0)|edges=0010000010010000000100000",82,1,0.1491931332730753,0.012069149285158362,98967,0.014175634837835845,581201,0.016107621951219512,1320825,0.02884642884614982,5913518,0.005448756097560976,1116995,0.0,0,0.0,0,0.0,0
5,circuit,7,0000000001000100100010000,"NOR-in(0,1)/NOR-in(1,1)/NOR-in(1,1)/NOR-out(1,1)/OUT-NOT(1,0)|edges=0100000100000100000100000",82,2,-0.06412312440483409,1.1097563682332606e-05,91,0.0004000488000023805,16402,0.001416719512195122,116171,0.0034382389740745516,704839,0.024519843902439026,5026568,0.022156927369681157,1816868,0.02194241409896551,899639,0.018038656336749226,147917
5,circuit,7,0000000001000100100010000,"NOR-in(0,1)/NOR-in(1,1)/NOR-in(1,1)/NOR-out(1,1)/OUT-OR2(1,0)|edges=0010000010010000000100000",82,1,0.03186485366825858,1.2195124925640225e-07,1,0.0001660243983426536,6807,0.0014135365853658536,115910,0.006671395024321049,1367636,0.01162488292682927,2383101,0.008817719727261458,723053,0.006206707165690069,254475,0.001723780277587771,14135
5,circuit,7,0000000001000100100010000,"NOR-in(0,1)/NOR-in(1,1)/NOR-in(1,1)/NOR-out(1,1)/OUT-OR2(1,0)|edges=0100000100000100000100000",82,2,-0.11267778637211186,7.317074955384135e-07,6,0.00029260977037120833,11997,0.003210170731707317,263234,0.007404668184321929,1517957,0.0467511512195122,9583986,0.045052623050063974,3694315,0.03519234060506486,1442886,0.021139875470746895,173347
5,circuit,7,0000000001000100100010000,"NOR-in(0,1)/NOR-in(1,1)/NOR-in(1,1)/NOT-in(1,0)/NOT-in(1,1)|edges=0100000001000100000000100",82,1,0.07699499351665132,0.04545732816032394,372750,0.04477668511105781,1835844,0.042011487804878046,3444942,0.032135038554121385,6587683,0.0016462878048780487,337489,0.0,0,0.0,0,0.0,0
5,circuit,7,0000000001000100100010000,"NOR-in(0,1)/NOR-in(1,1)/NOR-in(1,1)/NOT-in(1,0)/NOT-in(1,1)|edges=0100000100000010000000010",82,1,0.08322879678026891,0.0533900130219544,437798,0.05003005122097811,2051232,0.044874829268292685,3679736,0.029557375177209144,6059262,0.0,0,0.0,0,0.0,0,0.0,0
5,circuit,7,0000000001000100100010000,"NOR-in(0,1)/NOR-in(1,1)/NOR-in(1,1)/NOT-mid(1,1)/NOT-out(1,0)|edges=0010000010010000000100000",82,1,-0.000423005754108848,0.00019109760758478234,1567,0.0005018292927721607,20575,0.0010605853658536585,86968,0.0027299755698052355,559645,0.004190360975609756,859024,0.0031490488572938746,258222,0.00065360974015586,26798,4.6341457763236854e-06,38
5,circuit,7,0000000001000100100010000,"NOR-in(0,1)/NOR-in(1,1)/NOR-in(1,1)/NOT-mid(1,1)/NOT-out(1,0)|edges=0100000100000100000100000",82,2,0.06865334247346357,0.007383538386228875,60545,0.011274342013382538,462248,0.016590658536585364,1360434,0.033247087318335304,6815653,0.01499410243902439,3073791,1.4634146698393822e-07,12,0.0,0,0.0,0
5,circuit,7,0000000001000100100010000,"NOR-in(0,1)/NOR-in(1,1)/NOR-mid(1,1)/NOR-out(1,0)/NOT-in(1,1)|edges=0000100100000100000001000",82,3,0.34066679073142075,0.17351662768698237,1422836,0.1878730823352723,7702796,0.16061040243902439,13170053,0.11163819836627027,22885831,0.0,0,0.0,0,0.0,0,0.0,0
5,circuit,7,0000000001000100100010000,"NOR-in(0,1)/NOR-in(1,1)/NOR-mid(1,1)/NOR-out(1,0)/NOT-in(1,1)|edges=0100000001000100000000100",82,7,0.267735981923359,0.38297399584731606,3140386,0.22988198682351155,9425161,0.18553806097560976,15214121,0.1268712957043225,26008616,0.01935049756097561,3966852,0.016760402847814704,1374353,0.015161999630195131,621642,0.01308755937956593,107318
5,circuit,7,0000000001000100100010000,"NOR-in(0,1)/NOR-in(1,1)/NOR-mid(1,1)/NOR-out(1,1)/OUT-NOT(1,0)|edges=0100000100000100000100000",82,17,0.30582862915122094,0.3701627732104325,3035334,0.23146032836391844,9489873,0.18587134146341464,15241450,0.15660163185461026,32103335,0.12415956097560976,25452710,0.12690538114403369,10406241,0.11061426559477401,4535185,0.08444450189701197,692445
5,circuit,7,0000000001000100100010000,"NOR-in(0,1)/NOR-in(1,1)/NOR-mid(1,1)/NOR-out(1,1)/OUT-OR2(1,0)|edges=0100000100000100000100000",82,19,-0.1708045754150341,0.03625171615895516,297264,0.09368922408240117,3841258,0.1324829512195122,10863602,0.17237182674577814,35336225,0.38383945853658535,78687089,0.42290480299767813,34678193,0.4394986478171061,18019445,0.4255712895644769,3489685
5,circuit,7,0000000001000100100010000,"NOR-in(0,1)/NOR-in(1,1)/NOR-mid(1,1)/NOT-in(1,1)/OUT-OR2(1,0)|edges=0001000100000010100000000",82,1,0.12569803973548566,0.0018956102184415167,15544,0.02164875715359791,887599,0.034249341463414636,2808446,0.028535950801912915,5849870,0.0,0,0.0,0,0.0,0,0.0,0
5,circuit,7,0000000001000100100010000,"NOR-in(0,1)/NOR-in(1,1)/NOR-mid(1,1)/NOT-out(1,1)/OUT-OR2(1,0)|edges=0100000100000100000100000",82,1,-0.027469970916805184,1.0975612433076203e-06,9,0.0007788049160392642,31931,0.003234573170731707,265235,0.005649516990494873,1158151,0.016517219512195123,3386030,0.017229085786075262,1412785,0.017425828843272467,714459,0.01912024157070225,156786
5,circuit,7,0000000001000100100010000,"NOR-in(0,1)/NOR-in(1,1)/NOR-out(1,0)/NOT-in(1,1)/NOT-in(1,1)|edges=0000100100000000100000010",82,1,0.03626039231171868,0.00010439026936348033,856,0.0004272927037703758,17519,0.0010081829268292683,82671,0.002153799968480976,441529,0.01572128292682927,3222863,0.016009000390463424,1312738,0.013554170401117794,555721,0.011258291309964474,92318
5,circuit,7,0000000001000100100010000,"NOR-in(0,1)/NOR-in(1,1)/NOR-out(1,0)/NOT-in(1,1)/NOT-mid(1,1)|edges=0100000010000000000100100",82,1,-0.11605156196587921,0.0,0,0.00015017073903271898,6157,0.000831890243902439,68215,0.015874911962806167,3254357,0.017669760975609756,3622301,0.01430607351966033,1173098,0.016041706925812027,657710,0.03193682537355788,261882
5,circuit,7,0000000001000100100010000,"NOR-in(0,1)/NOR-in(1,1)/NOR-out(1,1)/NOT-mid(1,1)/OUT-NOT(1,0)|edges=0100000010000010010000000",82,2,0.02831362563781308,0.003915244857376795,32105,0.007129683274618696,292317,0.010396951219512195,852550,0.0180640094917462,3703122,0.002661009756097561,545507,0.0014682683284943496,120398,0.0003614390155746582,14819,6.12195047293287e-05,502
5,circuit,7,0000000001000100100010000,"NOR-in(0,1)/NOR-in(1,1)/NOR-out(1,1)/NOT-mid(1,1)/OUT-OR2(1,0)|edges=0100000010000010010000000",82,7,-0.17541265503444947,0.0009103660756990429,7465,0.006345341772943501,260159,0.019180463414634145,1572798,0.05928413571779314,12153248,0.11908422439024391,24412266,0.11357406374570887,9313073,0.12625153350606017,5176313,0.13997059268651307,1147759
5,circuit,7,0000000001000100100010000,"NOR-in(0,1)/NOR-in(1,1)/NOT-mid(1,1)/NOT-out(1,1)/OUT-NOT(1,0)|edges=0100000100000100000100000",82,2,-0.0014946830488705594,0.00666914796808487,54687,0.00803456136753958,329417,0.010096378048780488,827903,0.027018463019242003,5538785,0.004190360975609756,859024,0.0031490488572938746,258222,0.00065360974015586,26798,4.6341457763236854e-06,38
5,circuit,7,0000000001000100100010000,"NOR-in(0,1)/NOR-in(1,1)/NOT-mid(1,1)/NOT-out(1,1)/OUT-OR2(1,0)|edges=0100000100000100000100000",82,1,0.09583050747532344,0.0009054880257287868,7425,0.003741609938615119,153406,0.007554865853658536,619499,0.00895859986889854,1836513,0.01499410243902439,3073791,1.4634146698393822e-07,12,0.0,0,0.0,0
5,circuit,7,0000000001000100100010000,"NOR-in(0,1)/NOR-mid(1,1)/NOR-out(1,0)/NOT-in(1,1)/NOT-in(1,1)|edges=0000100100000000100000010",82,1,0.03626039231171868,0.00010439026936348033,856,0.0004272927037703758,17519,0.0010081829268292683,82671,0.002153799968480976,441529,0.01572128292682927,3222863,0.016009000390463424,1312738,0.013554170401117794,555721,0.011258291309964474,92318
5,circuit,7,0000000001000100100010000,"NOR-in(0,1)/NOR-mid(1,1)/NOR-out(1,0)/NOT-in(1,1)/NOT-in(1,1)|edges=0001000100000000000101000",82,1,0.0933558639558372,0.10182124434664497,834934,0.09681217545425246,3969299,0.06904406097560975,5661613,0.03614530678811746,7409788,0.0,0,0.0,0,0.0,0,0.0,0
5,circuit,7,0000000001000100100010000,"NOR-in(0,1)/NOR-mid(1,1)/NOR-out(1,1)/NOT-in(1,1)/OUT-NOT(1,0)|edges=0001000100000010100000000",82,10,0.4036881613172904,0.6075650262353722,4982032,0.41232994694292424,16905527,0.3264638536585366,26770036,0.22960864542036127,47069773,0.022615678048780487,4636214,0.016760402847814704,1374353,0.015161999630195131,621642,0.01308755937956593,107318
5,circuit,7,0000000001000100100010000,"NOR-in(0,1)/NOR-out(1,1)/NOT-in(1,1)/NOT-mid(1,1)/OUT-OR2(1,0)|edges=0010000001000100100000000",82,1,-0.11605156196587921,0.0,0,0.00015017073903271898,6157,0.000831890243902439,68215,0.015874911962806167,3254357,0.017669760975609756,3622301,0.01430607351966033,1173098,0.016041706925812027,657710,0.03193682537355788,261882
5,circuit,7,0000000001000100100010000,"NOR-in(1,0)/NOR-in(1,1)/NOR-in(1,1)/NOT-in(0,1)/NOT-in(1,1)|edges=0000000001100000100000100",82,1,0.18456364133741268,0.03008793416778882,246721,0.025923342727967938,1062857,0.025066536585365853,2055456,0.022868067958028274,4687954,0.0016188926829268293,331873,0.0,0,0.0,0,0.0,0
5,circuit,7,0000000001000100100010000,"NOR-in(1,0)/NOR-in(1,1)/NOT-in(0,1)/NOT-in(1,1)/NOT-in(1,1)|edges=0000000001000100100010000",82,1,0.17303352777561337,0.14904576805994343,1222175,0.11174793228038694,4581665,0.07384776829268293,6055517,0.04773424320388912,9785520,0.0,0,0.0,0,0.0,0,0.0,0
5,circuit,7,0000000001000100100010000,"NOR-in(1,1)/NOR-in(1,1)/NOR-in(1,1)/NOR-mid(1,0)/NOT-in(0,1)|edges=0001000100100000000001000",82,1,0.1491931332730753,0.012069149285158362,98967,0.014175634837835845,581201,0.016107621951219512,1320825,0.02884642884614982,5913518,0.005448756097560976,1116995,0.0,0,0.0,0,0.0,0
5,circuit,7,0000000001000100100010000,"NOR-in(1,1)/NOR-in(1,1)/NOR-in(1,1)/NOR-out(1,0)/NOT-in(0,1)|edges=0001000100100000000001000",82,1,0.1491931332730753,0.012069149285158362,98967,0.014175634837835845,581201,0.016107621951219512,1320825,0.02884642884614982,5913518,0.005448756097560976,1116995,0.0,0,0.0,0,0.0,0
5,circuit,7,0000000001000100100010000,"NOR-in(1,1)/NOR-in(1,1)/NOR-in(1,1)/NOT-in(0,1)/NOT-mid(1,0)|edges=0010010000000010100000000",82,1,-0.002508927898010592,0.006478050360500088,53120,0.007532732074767418,308842,0.009035792682926829,740935,0.02428848744943677,4979140,0.0,0,0.0,0,0.0,0,0.0,0
5,circuit,7,0000000001000100100010000,"NOR-in(1,1)/NOR-in(1,1)/NOR-mid(1,0)/NOT-in(0,1)/NOT-in(1,1)|edges=0010010000000000000101000",82,1,-0.07503955926460132,0.0007632928690958217,6259,0.011976049364685335,491018,0.024216463414634147,1985750,0.019503770446286286,3998273,0.002184682926829268,447860,2.3170732272456885e-06,190,0.0,0,0.0,0
5,circuit,7,0000000001000100100010000,"NOR-in(1,1)/NOR-in(1,1)/NOR-mid(1,0)/NOT-in(0,1)/NOT-in(1,1)|edges=0100000001000001000000100",82,1,0.27879853944059335,0.2605149415890101,2136222,0.11247317621820371,4611400,0.074286,6091452,0.046941267605737545,9622960,0.0,0,0.0,0,0.0,0,0.0,0
5,circuit,7,0000000001000100100010000,"NOR-in(1,1)/NOR-in(1,1)/NOR-mid(1,1)/NOR-out(1,0)/NOT-in(0,1)|edges=0010010000000100000001000",82,5,-0.04011147414310309,0.1091525875981921,895051,0.14173386057238344,5811088,0.15023858536585366,12319564,0.10735922769718204,22008642,0.020264443902439023,4154211,0.01075718318919959,882089,0.01017395097136705,417132,0.0,0
5,circuit,7,0000000001000100100010000,"NOR-in(1,1)/NOR-in(1,1)/NOR-mid(1,1)/NOR-out(1,0)/NOT-in(0,1)|edges=0100000100000100000010000",82,6,0.13274155582516417,0.2617260394453755,2146153,0.11854827407552557,4860479,0.09264923170731708,7597237,0.07355376477726198,15078522,0.05921558048780488,12139194,0.03397029351147057,2785564,0.018578267839554442,761709,0.006556828468679455,53766
5,circuit,7,0000000001000100100010000,"NOR-in(1,1)/NOR-in(1,1)/NOR-mid(1,1)/NOT-in(0,1)/OUT-OR2(1,0)|edges=0010010000000010100000000",82,2,-0.09886461665575698,0.002062439527424275,16912,0.034702245595231496,1422792,0.06412835365853659,5258525,0.053707369945745806,11010011,0.004128843902439025,846413,8.042683122992271e-05,6595,4.8780486615110085e-08,2,0.0,0
5,circuit,7,0000000001000100100010000,"NOR-in(1,1)/NOR-in(1,1)/NOR-out(1,0)/NOT-in(0,1)/NOT-mid(1,1)|edges=0000110000000000100000100",82,2,0.02831362563781308,0.003915244857376795,32105,0.007129683274618696,292317,0.010396951219512195,852550,0.0180640094917462,3703122,0.002661009756097561,545507,0.0014682683284943496,120398,0.0003614390155746582,14819,6.12195047293287e-05,502
5,circuit,7,0000000001000100100010000,"NOR-in(1,1)/NOR-in(1,1)/NOR-out(1,0)/NOT-in(0,1)/NOT-mid(1,1)|edges=0100000001000001000000100",82,4,-0.031932233638712934,0.004788415802052634,39265,0.011062732246962548,453572,0.020205085365853657,1656817,0.046500092002437675,9532519,0.04270299512195122,8754114,0.025740073798538387,2110686,0.028216194433751354,1156864,0.027989386830562582,229513
5,circuit,7,0000000001000100100010000,"NOR-in(1,1)/NOR-in(1,1)/NOR-out(1,1)/NOT-in(0,1)/OUT-NOT(1,0)|edges=0010010000000010100000000",82,1,0.18456364133741268,0.03008793416778882,246721,0.025923342727967938,1062857,0.025066536585365853,2055456,0.022868067958028274,4687954,0.0016188926829268293,331873,0.0,0,0.0,0,0.0,0
5,circuit,7,0000000001000100100010000,"NOR-in(1,1)/NOR-in(1,1)/NOR-out(1,1)/NOT-in(0,1)/OUT-OR2(1,0)|edges=0100000100000011000000000",82,1,-0.04767740178617326,0.0,0,0.0003713414815288528,15225,0.0032286585365853657,264750,0.006602951122883642,1353605,0.01779958048780488,3648914,0.01940075657075016,1590862,0.020655926325465212,846893,0.02525999691951257,207132
5,circuit,7,0000000001000100100010000,"NOR-in(1,1)/NOR-in(1,1)/NOT-in(0,1)/NOT-mid(1,1)/NOT-out(1,0)|edges=0100000010100000000100000",82,2,0.06865334247346357,0.007383538386228875,60545,0.011274342013382538,462248,0.016590658536585364,1360434,0.033247087318335304,6815653,0.01499410243902439,3073791,1.4634146698393822e-07,12,0.0,0,0.0,0
5,circuit,7,0000000001000100100010000,"NOR-in(1,1)/NOR-mid(1,0)/NOT-in(0,1)/NOT-in(1,1)/NOT-in(1,1)|edges=0000100000000101000001000",82,1,0.17303352777561337,0.14904576805994343,1222175,0.11174793228038694,4581665,0.07384776829268293,6055517,0.04773424320388912,9785520,0.0,0,0.0,0,0.0,0,0.0,0
5,circuit,7,0000000001000100100010000,"NOR-in(1,1)/NOR-mid(1,1)/NOR-out(1,0)/NOT-in(0,1)/NOT-in(1,1)|edges=0000100100000001000001000",82,3,0.2579377582937257,0.2245910303880562,1841646,0.1824479601194127,7480366,0.14092579268292682,11555915,0.10273734971603879,21061157,0.003265180487804878,669362,0.0,0,0.0,0,0.0,0
5,circuit,7,0000000001000100100010000,"NOR-in(1,1)/NOR-mid(1,1)/NOR-out(1,1)/NOT-in(0,1)/OUT-NOT(1,0)|edges=0100000100000011000000000",82,7,-0.050064787310489155,0.1523501591097949,1249271,0.11895866433944705,4877305,0.09147636585365854,7501062,0.0823618085508028,16884171,0.05575795609756098,11430381,0.05695279407201937,4670129,0.06327985211512556,2594474,0.11610559559687858,952066
5,circuit,7,0000000001000100100010000,"NOR-in(1,1)/NOR-mid(1,1)/NOR-out(1,1)/NOT-in(0,1)/OUT-OR2(1,0)|edges=0100000100000011000000000",82,8,-0.12854503053730132,0.025719152614427466,210897,0.08322251625475689,3412123,0.10705471951219513,8778487,0.10375531067675155,21269839,0.11246980487804878,23056310,0.11724501505475647,9614091,0.12007150926654855,4922932,0.111608644925775,915191
5,circuit,7,0000000001000100100010000,"NOR-in(1,1)/NOR-mid(1,1)/NOT-in(0,1)/NOT-out(1,1)/OUT-OR2(1,0)|edges=0100000010100000000100000",82,1,0.07995051181148055,0.00208329319104712,17083,0.00723051254782988,296451,0.010223341463414633,838314,0.00781401451979491,1601873,0.016248146341463415,3330870,0.0,0,0.0,0,0.0,0
5,circuit,7,0000000001000100100010000,"NOR-in(1,1)/NOR-out(1,1)/NOT-in(0,1)/NOT-in(1,1)/OUT-NOT(1,0)|edges=0100000001000101000000000",82,1,0.03626039231171868,0.00010439026936348033,856,0.0004272927037703758,17519,0.0010081829268292683,82671,0.002153799968480976,441529,0.01572128292682927,3222863,0.016009000390463424,1312738,0.013554170401117794,555721,0.011258291309964474,92318
5,circuit,7,0000000001000100100010000,"NOR-in(1,1)/NOR-out(1,1)/NOT-in(0,1)/NOT-in(1,1)/OUT-OR2(1,0)|edges=0100000001000101000000000",82,1,-0.04062098613888259,0.02836025081957337,232554,0.06861280822501503,2813125,0.06448164634146342,5287495,0.036157355568428945,7412258,0.002422131707317073,496537,0.0,0,0.0,0,0.0,0
5,circuit,7,0000000001000100100010000,"NOR-in(1,1)/NOR-out(1,1)/NOT-in(0,1)/NOT-mid(1,1)/OUT-OR2(1,0)|edges=0001000001100000100000000",82,4,-0.3386210101278489,2.804878732897252e-06,23,0.001420463483925048,58239,0.006520292682926829,534664,0.02691573619147703,5517726,0.09479695121951219,19433375,0.10691820992483439,8767293,0.11859548491230525,4862415,0.1462870553308469,1199554
5,circuit,7,0000000001000100100010000,"NOR-mid(1,1)/NOR-out(1,1)/NOT-in(0,1)/NOT-in(1,1)/OUT-NOT(1,0)|edges=0100000001000101000000000",82,3,-0.008091207054767999,0.10195404925708519,836023,0.09766571208125424,4004294,0.07123362195121952,5841157,0.04133936037064351,8474569,0.03196242926829268,6552298,0.037990683853431316,3115236,0.04307624285179895,1766126,0.08876023307802036,727834
5,circuit,7,0000000001000100100010000,"NOR-mid(1,1)/NOR-out(1,1)/NOT-in(0,1)/NOT-in(1,1)/OUT-OR2(1,0)|edges=0100000001000101000000000",82,1,0.212728442798573,0.03594037461960357,294711,0.0666592715443547,2733030,0.06270237804878048,5141595,0.04878048709101726,10000000,0.0,0,0.0,0,0.0,0,0.0,0
5,circuit,7,0000000001000100100110000,"NOR-in(0,1)/NOR-in(1,1)/NOR-in(1,2)/NOR-in(2,1)/NOR-mid(1,0)|edges=0010000010010100000100000",82,1,0.10497200794370862,0.0002314634710886515,1898,0.001213512254317671,49754,0.002770841463414634,227209,0.003546346289565664,727001,0.0057550975609756095,1179795,0.007044305049861099,577633,0.007630999813878053,312871,0.013350730079179259,109476
5,circuit,7,0000000001000100100110000,"NOR-in(0,1)/NOR-in(1,1)/NOR-in(1,2)/NOR-mid(2,1)/NOR-out(1,0)|edges=0010000010010100000100000",82,3,-0.02403730659234444,0.00027219518834028985,2232,0.0194128546055051,795927,0.033381841463414635,2737311,0.034022189746016736,6974549,0.025780039024390244,5284908,0.030992964170560102,2541423,0.030391804136785265,1246064,0.026587313830815387,218016
5,circuit,7,0000000001000100100110000,"NOR-in(0,1)/NOR-in(1,1)/NOR-in(1,2)/NOR-out(2,1)/OUT-OR2(1,0)|edges=0010000010010100000100000",82,1,-0.11201277343324159,0.0,0,2.4390245092207077e-05,1000,0.00044969512195121953,36875,0.006053258448001096,1240918,0.02454850243902439,5032443,0.03189161053394172,2615112,0.03834068199169068,1571968,0.0797416975924759,653882
5,circuit,7,0000000001000100100110000,"NOR-in(0,1)/NOR-in(1,1)/NOR-mid(2,1)/NOR-out(1,0)/NOT-in(1,2)|edges=0000100100000100000001100",82,1,0.17303352777561337,0.14904576805994343,1222175,0.11174793228038694,4581665,0.07384776829268293,6055517,0.04773424320388912,9785520,0.0,0,0.0,0,0.0,0,0.0,0
5,circuit,7,0000000001000100100110000,"NOR-in(0,1)/NOR-in(1,2)/NOR-mid(1,1)/NOR-out(2,1)/OUT-NOT(1,0)|edges=0100000110000100000100000",82,4,0.12397969938404345,0.042168181016629516,345779,0.040499026365806164,1660460,0.042590878048780485,3492452,0.055152735778252644,11306311,0.03158749268292683,6475436,0.022156927369681157,1816868,0.02194241409896551,899639,0.018038656336749226,147917
5,circuit,7,0000000001000100100110000,"NOR-in(0,1)/NOR-in(1,2)/NOR-mid(1,1)/NOR-out(2,1)/OUT-OR2(1,0)|edges=0100000110000100000100000",82,3,-0.07324980320253054,1.2195124925640225e-07,1,0.0005397317336454504,22129,0.004943268292682927,405348,0.014974892463782061,3069853,0.058666878048780485,12026710,0.06230494054402294,5109005,0.05701955958488879,2337802,0.04517450668603577,370431
5,circuit,7,0000000001000100100110000,"NOR-in(0,1)/NOR-mid(2,1)/NOR-out(1,0)/NOT-in(1,1)/NOT-in(1,2)|edges=0000100100000000100001010",82,1,0.08322879678026891,0.0533900130219544,437798,0.05003005122097811,2051232,0.044874829268292685,3679736,0.029557375177209144,6059262,0.0,0,0.0,0,0.0,0,0.0,0
5,circuit,7,0000000001000100100110000,"NOR-in(1,1)/NOR-in(1,2)/NOR-in(2,1)/NOR-mid(1,0)/NOT-in(0,1)|edges=0010010100000100000001000",82,2,0.08636911448465147,6.560977209994442e-05,538,0.0019415122898298678,79602,0.008115682926829269,665486,0.01312463395427365,2690550,0.021020258536585366,4309153,0.01426571986013951,1169789,0.008861121735094592,363306,0.0012069510723230399,9897
5,circuit,7,0000000001000100100110000,"NOR-in(1,1)/NOR-in(1,2)/NOR-mid(2,1)/NOR-out(1,0)/NOT-in(0,1)|edges=0010010100000100000001000",82,3,0.021867518881052213,0.1462251576158921,1199046,0.10764188329960406,4413317,0.07344480487804877,6022474,0.054780428466627874,11229988,0.02244467317073171,4601158,0.02154678101333612,1766836,0.022611755546054744,927082,0.03282255697285891,269145
5,circuit,7,0000000001000100100110000,"NOR-in(1,1)/NOR-mid(2,1)/NOR-out(1,0)/NOT-in(0,1)/NOT-in(1,2)|edges=0100000100000000000111000",82,1,0.0933558639558372,0.10182124434664497,834934,0.09681217545425246,3969299,0.06904406097560975,5661613,0.03614530678811746,7409788,0.0,0,0.0,0,0.0,0,0.0,0
5,circuit,7,0000000001000100100110000,"NOR-in(1,2)/NOR-mid(1,1)/NOR-out(2,1)/NOT-in(0,1)/OUT-NOT(1,0)|edges=0110000100000011000000000",82,1,-0.043775225490238344,7.926831201666147e-06,65,0.00019580488760023842,8028,0.0007213658536585366,59152,0.002053770701652136,421023,0.01167560487804878,2393499,0.009351988032975317,766863,0.008221755897030345,337092,0.006524511399449829,53501
5,circuit,7,0000000001000100100110000,"NOR-in(1,2)/NOR-mid(1,1)/NOR-out(2,1)/NOT-in(0,1)/OUT-OR2(1,0)|edges=0110000100000011000000000",82,1,-0.02148634554575168,7.317074955384135e-07,6,0.0002902439165972642,11900,0.00290909756097561,238546,0.005704121867744558,1169345,0.017508736585365853,3589291,0.010966158804052654,899225,0.005035414511331353,206452,0.0029491459818114657,24183
5,circuit,7,0000000001000100100110000,"NOR-in(1,2)/NOR-out(2,1)/NOT-in(0,1)/NOT-mid(1,1)/OUT-OR2(1,0)|edges=0101000001100000100000000",82,1,-0.04062098613888259,0.02836025081957337,232554,0.06861280822501503,2813125,0.06448164634146342,5287495,0.036157355568428945,7412258,0.002422131707317073,496537,0.0,0,0.0,0,0.0,0
5,circuit,7,0000000001000100100110000,"NOR-mid(1,1)/NOR-out(2,1)/NOT-in(0,1)/NOT-in(1,2)/OUT-OR2(1,0)|edges=0100000001000101100000000",82,1,-0.33899546001180786,0.0,0,2.9317074600832907e-05,1202,0.0006810121951219512,55843,0.0017983755834384062,368667,0.025299560975609755,5186410,0.026464512840597875,2170090,0.023675731129860215,970705,0.019571217125461327,160484
5,circuit,7,0000000001000101000010000,"NOR-in(0,1)/NOR-in(0,1)/NOR-in(1,1)/NOR-in(1,1)/NOR-mid(2,0)|edges=0010000010000010000100000",82,2,0.12990673324711569,0.001003780732629447,8231,0.003384853823651406,138779,0.006003707317073171,492304,0.0068613169727612154,1406570,0.013741312195121952,2816969,0.011616122234539566,952522,0.007126999826170736,292207,0.0038602434316776305,31654
5,circuit,7,0000000001000101000010000,"NOR-in(0,1)/NOR-in(0,1)/NOR-in(1,1)/NOR-mid(2,0)/NOT-in(1,1)|edges=0000100100000100000000010",82,1,-0.04634681593297097,3.1707324806664587e-06,26,0.00020424391240214207,8374,0.0006953536585365854,57019,0.0013844682724224156,283816,0.012844239024390244,2633069,0.012804939336705838,1050005,0.013720658201935167,562547,0.011514144937299398,94416
5,circuit,7,0000000001000101000010000,"NOR-in(0,1)/NOR-in(0,1)/NOR-in(1,1)/NOR-mid(2,0)/NOT-in(1,1)|edges=0010000001000100000000010",82,2,0.15475658650267057,0.09028770494822072,740359,0.08738849206773132,3582928,0.08075262195121952,6621715,0.05554301869937046,11386319,0.001646458536585366,337524,0.0,0,0.0,0,0.0,0
5,circuit,7,0000000001000101000010000,"NOR-in(0,1)/NOR-in(0,1)/NOR-mid(1,1)/NOR-mid(1,1)/NOR-out(2,0)|edges=0010000010000010000100000",82,5,0.009317595638409538,0.00039524399883999973,3241,0.0031881952774729405,130716,0.008798036585365853,721439,0.01642819975958732,3367781,0.08222054146341463,16855211,0.09575792916482755,7852150,0.09130614411448429,3743552,0.09375389100562305,768782
5,circuit,7,0000000001000101000010000,"NOR-in(0,1)/NOR-in(1,1)/NOR-in(1,1)/NOR-mid(2,0)/NOT-in(0,1)|edges=0100000010000100000000100",82,1,-0.043775225490238344,7.926831201666147e-06,65,0.00019580488760023842,8028,0.0007213658536585366,59152,0.002053770701652136,421023,0.01167560487804878,2393499,0.009351988032975317,766863,0.008221755897030345,337092,0.006524511399449829,53501
5,circuit,7,0000000001000101000010000,"NOR-in(0,1)/NOR-in(1,1)/NOR-mid(0,1)/NOR-out(1,1)/OUT-OR2(2,0)|edges=0100000001000100000100000",82,3,0.03401671376186738,1.890244363474235e-05,155,0.00201668302520405,82684,0.008633573170731707,707953,0.02425015574268065,4971282,0.06258778048780488,12830495,0.07975713609163747,6540085,0.09022755877493759,3699330,0.09193181805709535,753841
5,circuit,7,0000000001000101000010000,"NOR-in(0,1)/NOR-in(1,1)/NOR-mid(2,0)/NOT-in(0,1)/NOT-in(1,1)|edges=0100000100000000000100100",82,1,0.212728442798573,0.03594037461960357,294711,0.0666592715443547,2733030,0.06270237804878048,5141595,0.04878048709101726,10000000,0.0,0,0.0,0,0.0,0,0.0,0
5,circuit,7,0000000001000101000010000,"NOR-in(0,1)/NOR-mid(0,1)/NOR-out(1,1)/NOR-out(1,1)/OUT-OR2(2,0)|edges=0001000100000010000100000",82,3,-0.14298053693317375,1.2195124925640225e-07,1,0.001383951287022014,56742,0.007019731707317073,575618,0.01291696566462977,2647978,0.06638429756097561,13608781,0.07633130673978797,6259167,0.07659197374165917,3140271,0.0646249921189034,529925
5,circuit,7,0000000001000101000010000,"NOR-in(0,1)/NOR-mid(0,1)/NOR-out(1,1)/NOR-out(1,1)/OUT-OR2(2,0)|edges=0010000010000010000100000",82,5,-0.19703663099553245,0.0,0,0.0003186097716395011,13063,0.004236134146341463,347363,0.027363716672726097,5609562,0.1322811463414634,27117635,0.1604815770849165,13159489,0.16413311794797272,6729458,0.16890302818255754,1385005
5,circuit,7,0000000001000101000010000,"NOR-in(0,1)/NOR-mid(0,1)/NOR-out(1,1)/NOT-out(1,1)/OUT-OR2(2,0)|edges=0010000010000010000100000",82,1,-0.027469970916805184,1.0975612433076203e-06,9,0.0007788049160392642,31931,0.003234573170731707,265235,0.005649516990494873,1158151,0.016517219512195123,3386030,0.017229085786075262,1412785,0.017425828843272467,714459,0.01912024157070225,156786
5,circuit,7,0000000001000101000010000,"NOR-in(0,1)/NOR-mid(1,1)/NOR-mid(1,1)/NOR-out(2,0)/NOT-in(0,1)|edges=0010000010000100000001000",82,4,-0.10050933746735524,0.00022085371240334448,1811,0.002586292809087454,106038,0.007699829268292683,631386,0.015319887580684572,3140577,0.06823149756097562,13987457,0.07532747744701164,6176853,0.08541975401415235,3502210,0.1465796162707785,1201953
5,circuit,7,0000000001000101000010000,"NOR-in(0,1)/NOR-mid(1,1)/NOR-mid(1,1)/NOR-out(2,0)/NOT-in(0,1)|edges=0100000010000100000000100",82,1,0.04646087486137619,0.00015756101403927172,1292,0.0012356585968613949,50662,0.002908817073170732,238523,0.004545326762751316,931792,0.011712970731707318,2401159,0.012409536888037484,1017582,0.005480902305343846,224717,0.0,0
5,circuit,7,0000000001000101000010000,"NOR-in(0,1)/NOR-mid(1,1)/NOR-out(2,0)/NOT-in(0,1)/NOT-mid(1,1)|edges=0000100100000000100000100",82,2,0.03899071941552855,0.023610493563535017,193606,0.023244123085079175,953009,0.02588270731707317,2122382,0.023593897215699065,4836749,0.02584839024390244,5298920,0.02679954943413535,2197563,0.02722046275072042,1116039,0.02274768015272193,186531
5,circuit,7,0000000001000101000010000,"NOR-in(0,1)/NOR-out(1,1)/NOR-out(1,1)/NOT-mid(0,1)/OUT-OR2(2,0)|edges=0010000001000010100000000",82,2,-0.16105732259705188,1.2195124925640225e-07,1,0.0010182927325996455,41750,0.003892780487804878,319208,0.00589770723076526,1209030,0.049962760975609755,10242366,0.0607709892870973,4983221,0.06659665691227666,2730463,0.06001230975459637,492101
5,circuit,7,0000000001000101000010000,"NOR-in(0,1)/NOR-out(1,1)/NOR-out(1,1)/NOT-mid(0,1)/OUT-OR2(2,0)|edges=0100000001000010010000000",82,1,-0.11811388606441263,0.0,0,0.000152292690355741,6244,0.0014042317073170731,115147,0.003918809698749126,803356,0.02313888780487805,4743472,0.025326695739675505,2076789,0.024226023799365275,993267,0.018400607512121036,150885
5,circuit,7,0000000001000101000010000,"NOR-in(1,1)/NOR-in(1,1)/NOR-mid(2,0)/NOT-in(0,1)/NOT-in(0,1)|edges=0010000100000000100010000",82,1,-0.08078568986622657,4.512196222486884e-06,37,0.0008240000401951239,33784,0.004414012195121951,361949,0.008179292563229865,1676755,0.009485112195121952,1944448,0.009946451462108572,815609,0.009039268072212973,370610,0.0006334145569006638,5194
5,circuit,7,0000000001000101000010000,"NOR-in(1,1)/NOR-in(1,1)/NOR-mid(2,0)/NOT-in(0,1)/NOT-in(0,1)|edges=0010000100000001000001000",82,2,-0.17286033291519015,7.317074955384135e-06,60,0.001020829318089235,41854,0.00476759756097561,390943,0.028845409333969618,5913309,0.03676366341463415,7536551,0.03707081797733702,3039807,0.03638248691750032,1491682,0.019783534172739734,162225
5,circuit,7,0000000001000101000010000,"NOR-in(1,1)/NOR-out(1,1)/NOT-in(0,1)/NOT-mid(0,1)/OUT-OR2(2,0)|edges=0000100001100000100000000",82,1,-0.16805655721347387,0.0,0,0.00011939024972635364,4895,0.0008694024390243902,71291,0.0016643024146687452,341182,0.024340848780487805,4989874,0.025542646964454803,2094497,0.02708880421734624,1110641,0.01953743664177602,160207
5,circuit,7,0000000001000101000010000,"NOR-mid(0,1)/NOR-out(1,1)/NOR-out(1,1)/NOT-mid(0,1)/OUT-OR2(2,0)|edges=0010000001000010100000000",82,3,-0.3464623539347851,1.2195124925640226e-06,10,0.003159561129734689,129542,0.011698,959236,0.016982892434396695,3481493,0.06998256585365854,14346426,0.07532255061762319,6176449,0.07297182748849201,2991845,0.0564241394604708,462678
5,circuit,7,0000000001000101000010000,"NOR-mid(0,1)/NOR-out(1,1)/NOR-out(1,1)/NOT-mid(0,1)/OUT-OR2(2,0)|edges=0100000001000010010000000",82,1,0.07672756791024549,0.01141500278414702,93603,0.02721358669334569,1115757,0.03478479268292683,2852353,0.030366326384883027,6225097,0.010656365853658537,2184555,0.008164109955222194,669457,0.0028980731000469977,118821,0.0019381704953450615,15893
5,circuit,7,0000000001000101000010000,"NOR-mid(0,1)/NOR-out(1,1)/NOT-mid(0,1)/NOT-out(1,1)/OUT-OR2(2,0)|edges=0001000001010000000100000",82,1,0.07995051181148055,0.00208329319104712,17083,0.00723051254782988,296451,0.010223341463414633,838314,0.00781401451979491,1601873,0.016248146341463415,3330870,0.0,0,0.0,0,0.0,0
5,circuit,7,0000000001000101000010000,"NOR-out(1,1)/NOR-out(1,1)/NOT-in(0,1)/NOT-mid(0,1)/OUT-OR2(2,0)|edges=0000100001010001000000000",82,1,-0.33899546001180786,0.0,0,2.9317074600832907e-05,1202,0.0006810121951219512,55843,0.0017983755834384062,368667,0.025299560975609755,5186410,0.026464512840597875,2170090,0.023675731129860215,970705,0.019571217125461327,160484
5,circuit,7,0000000001000101000010000,"NOR-out(1,1)/NOR-out(1,1)/NOT-mid(0,1)/NOT-mid(0,1)/OUT-OR2(2,0)|edges=0000100001100000100000000",82,4,-0.3513231264453212,2.804878732897252e-06,23,0.001420463483925048,58239,0.006520292682926829,534664,0.02691573619147703,5517726,0.09479695121951219,19433375,0.10691820992483439,8767293,0.11859548491230525,4862415,0.1462870553308469,1199554
5,circuit,7,0000000001000101000010010,"NOR-in(0,1)/NOR-in(0,1)/NOR-in(1,2)/NOR-mid(2,1)/NOR-out(2,0)|edges=0010000010000110000100000",82,1,-0.043775225490238344,7.926831201666147e-06,65,0.00019580488760023842,8028,0.0007213658536585366,59152,0.002053770701652136,421023,0.01167560487804878,2393499,0.009351988032975317,766863,0.008221755897030345,337092,0.006524511399449829,53501
5,circuit,7,0000000001000101000010010,"NOR-in(0,1)/NOR-in(1,2)/NOR-in(2,1)/NOR-mid(2,0)/NOT-in(0,1)|edges=0100000110000100000000100",82,1,-0.08100346144268694,0.00026780494336705934,2196,0.01897390336458065,777930,0.030114134146341464,2469359,0.024203072816540397,4961630,0.0,0,0.0,0,0.0,0,0.0,0
5,circuit,7,0000000001000101000010010,"NOR-in(0,1)/NOR-in(1,2)/NOR-in(2,1)/NOR-out(2,0)/NOT-in(0,1)|edges=0100000110000100000000100",82,1,-0.11201277343324159,0.0,0,2.4390245092207077e-05,1000,0.00044969512195121953,36875,0.006053258448001096,1240918,0.02454850243902439,5032443,0.03189161053394172,2615112,0.03834068199169068,1571968,0.0797416975924759,653882
5,circuit,7,0000000001000101000010010,"NOR-in(0,1)/NOR-in(1,2)/NOR-mid(2,1)/NOR-out(2,0)/NOT-in(0,1)|edges=0010000110000100000001000",82,1,-0.043775225490238344,7.926831201666147e-06,65,0.00019580488760023842,8028,0.0007213658536585366,59152,0.002053770701652136,421023,0.01167560487804878,2393499,0.009351988032975317,766863,0.008221755897030345,337092,0.006524511399449829,53501
5,circuit,7,0000000001000101000010010,"NOR-in(0,1)/NOR-in(1,2)/NOR-mid(2,1)/NOR-out(2,0)/NOT-in(0,1)|edges=0100000110000100000000100",82,2,0.07287175185314508,0.012072320017639028,98993,0.014379878750237989,589575,0.016802975609756098,1377844,0.03023089711857224,6197334,0.01829299512195122,3750064,0.012804939336705838,1050005,0.013720658201935167,562547,0.011514144937299398,94416
5,circuit,7,0000000001000101000010100,"NOR-in(0,1)/NOR-in(1,1)/NOR-in(1,1)/NOR-in(1,2)/NOR-mid(2,0)|edges=0001000100000010100100000",82,1,-0.027469970916805184,1.0975612433076203e-06,9,0.0007788049160392642,31931,0.003234573170731707,265235,0.005649516990494873,1158151,0.016517219512195123,3386030,0.017229085786075262,1412785,0.017425828843272467,714459,0.01912024157070225,156786
5,circuit,7,0000000001000101000010100,"NOR-in(0,1)/NOR-in(1,1)/NOR-in(1,1)/NOR-mid(2,0)/NOT-in(1,2)|edges=0000100010010000000000110",82,1,0.18456364133741268,0.03008793416778882,246721,0.025923342727967938,1062857,0.025066536585365853,2055456,0.022868067958028274,4687954,0.0016188926829268293,331873,0.0,0,0.0,0,0.0,0
5,circuit,7,0000000001000101000010100,"NOR-in(0,1)/NOR-in(1,1)/NOR-in(1,2)/NOR-in(2,0)/NOT-in(1,1)|edges=0010000001010100000000010",82,1,0.12569803973548566,0.0018956102184415167,15544,0.02164875715359791,887599,0.034249341463414636,2808446,0.028535950801912915,5849870,0.0,0,0.0,0,0.0,0,0.0,0
5,circuit,7,0000000001000101000010100,"NOR-in(0,1)/NOR-in(1,2)/NOR-mid(1,1)/NOR-out(1,1)/OUT-OR2(2,0)|edges=0100000101000100000100000",82,2,-0.051366332018002836,1.7682931142178327e-05,145,0.0011888293262843574,48742,0.0037282073170731705,305713,0.005430219432728496,1113195,0.049505687804878046,10148666,0.06076945270169397,4983095,0.06888926661245691,2824460,0.0989895001232317,811714
5,circuit,7,0000000001000101000010100,"NOR-in(1,1)/NOR-in(1,1)/NOR-in(1,2)/NOR-mid(2,0)/NOT-in(0,1)|edges=0100000010100100000000100",82,1,-0.07506861814822623,7.317074955384135e-06,60,0.0009014390683628814,36959,0.0038981951219512197,319652,0.027181106919300875,5572127,0.012422814634146342,2546677,0.01152817101288222,945310,0.00929368270015408,381041,0.00024609753096371573,2018
5,circuit,7,0000000001000101000010100,"NOR-in(1,1)/NOR-in(1,1)/NOR-mid(2,0)/NOT-in(0,1)/NOT-in(1,2)|edges=0100000100000000000110100",82,1,0.03626039231171868,0.00010439026936348033,856,0.0004272927037703758,17519,0.0010081829268292683,82671,0.002153799968480976,441529,0.01572128292682927,3222863,0.016009000390463424,1312738,0.013554170401117794,555721,0.011258291309964474,92318
5,circuit,7,0000000001000101000010100,"NOR-in(1,1)/NOR-in(1,2)/NOR-mid(1,1)/NOR-out(2,0)/NOT-in(0,1)|edges=0010010010000100000001000",82,2,0.0545596273126565,0.005570976968530968,45682,0.00867365895969068,355620,0.011660743902439024,956181,0.01692134121578525,3468875,0.010698039024390244,2193098,0.005268658665089236,432030,0.002025902389612137,83062,0.00016414632144557054,1346
5,circuit,7,0000000001000101000010100,"NOR-in(1,2)/NOR-mid(1,1)/NOR-out(1,1)/NOT-in(0,1)/OUT-OR2(2,0)|edges=0100100100000011000000000",82,1,-0.16805655721347387,0.0,0,0.00011939024972635364,4895,0.0008694024390243902,71291,0.0016643024146687452,341182,0.024340848780487805,4989874,0.025542646964454803,2094497,0.02708880421734624,1110641,0.01953743664177602,160207
5,circuit,7,0000000001000101000010110,"NOR-in(0,1)/NOR-in(1,1)/NOR-in(1,3)/NOR-in(2,1)/NOR-mid(2,0)|edges=0010000010010110000100000",82,1,0.06111840854888855,4.390244973230481e-06,36,0.00020241464402022654,8299,0.0007178780487804878,58866,0.001576878025704224,323260,0.005133248780487805,1052316,0.00500803670751309,410659,0.005182146215069605,212468,0.008714267229967411,71457
5,circuit,7,0000000001000110100010000,"NOR-in(0,2)/NOR-in(1,1)/NOR-in(1,1)/NOR-in(2,1)/NOT-mid(1,0)|edges=0101000100000100000100000",82,1,-0.13269838516746774,0.0,0,9.602439492801927e-05,3937,0.0007491829268292683,61433,0.013912409552501323,2852044,0.017500536585365854,3587610,0.013801524726866457,1131725,0.01534936547928377,629324,0.026018289509964695,213350
5,circuit,7,0000000001000110100010000,"NOR-in(0,2)/NOR-in(1,1)/NOR-in(1,1)/NOR-mid(2,1)/NOR-out(1,0)|edges=0101000100000100000100000",82,3,-0.13371096485883824,7.317074955384135e-06,60,0.0009870000481463437,40467,0.0049732560975609755,407807,0.03623970190868729,7429139,0.05095659512195122,10446102,0.04684641577674185,3841406,0.048935193928409906,2006343,0.08176828271118504,670500
5,circuit,7,0000000001000110100010000,"NOR-in(0,2)/NOR-in(1,1)/NOR-in(1,1)/NOR-mid(2,1)/NOT-out(1,0)|edges=0101000100000100000100000",82,1,-0.027469970916805184,1.0975612433076203e-06,9,0.0007788049160392642,31931,0.003234573170731707,265235,0.005649516990494873,1158151,0.016517219512195123,3386030,0.017229085786075262,1412785,0.017425828843272467,714459,0.01912024157070225,156786
5,circuit,7,0000000001000110100010000,"NOR-in(0,2)/NOR-in(1,1)/NOR-in(1,1)/NOR-mid(2,1)/OUT-OR2(1,0)|edges=0101000100000100000100000",82,1,-0.07506861814822623,7.317074955384135e-06,60,0.0009014390683628814,36959,0.0038981951219512197,319652,0.027181106919300875,5572127,0.012422814634146342,2546677,0.01152817101288222,945310,0.00929368270015408,381041,0.00024609753096371573,2018
5,circuit,7,0000000001000110100010000,"NOR-in(0,2)/NOR-in(1,1)/NOR-in(2,1)/NOR-mid(1,0)/NOT-in(1,1)|edges=0110000001000100000000100",82,1,0.12569803973548566,0.0018956102184415167,15544,0.02164875715359791,887599,0.034249341463414636,2808446,0.028535950801912915,5849870,0.0,0,0.0,0,0.0,0,0.0,0
5,circuit,7,0000000001000110100010000,"NOR-in(0,2)/NOR-in(1,1)/NOR-mid(1,1)/NOR-out(2,1)/OUT-NOT(1,0)|edges=0101000100000100000100000",82,6,0.18821170591258748,0.0969188041265376,794734,0.09947585851101749,4078510,0.09850423170731708,8077347,0.07999652078053872,16399287,0.03399733170731707,6969453,0.025483171353248082,2089620,0.01640709716080251,672691,0.011422437631410045,93664
5,circuit,7,0000000001000110100010000,"NOR-in(1,0)/NOR-in(1,1)/NOR-in(2,1)/NOT-in(0,2)/NOT-in(1,1)|edges=0000000001100000110000100",82,1,-0.07246679101587548,0.0012991466583284533,10653,0.02272619623054616,931774,0.03991189024390244,3272775,0.03420359949945952,7011738,0.001944160975609756,398553,7.810975800267702e-05,6405,4.8780486615110085e-08,2,0.0,0
5,circuit,7,0000000001000110100010000,"NOR-in(1,1)/NOR-in(1,1)/NOR-in(2,1)/NOR-out(1,0)/NOT-in(0,2)|edges=0100000100000100000010100",82,1,-0.02148634554575168,7.317074955384135e-07,6,0.0002902439165972642,11900,0.00290909756097561,238546,0.005704121867744558,1169345,0.017508736585365853,3589291,0.010966158804052654,899225,0.005035414511331353,206452,0.0029491459818114657,24183
5,circuit,7,0000000001000111000000010,"NOR-in(0,1)/NOR-in(0,2)/NOR-mid(2,1)/NOR-out(2,1)/OUT-NOT(1,0)|edges=0010000110000100000100000",82,1,-0.043775225490238344,7.926831201666147e-06,65,0.00019580488760023842,8028,0.0007213658536585366,59152,0.002053770701652136,421023,0.01167560487804878,2393499,0.009351988032975317,766863,0.008221755897030345,337092,0.006524511399449829,53501
5,circuit,7,0000000001000111000000010,"NOR-in(0,1)/NOR-in(2,1)/NOR-mid(2,1)/NOR-out(1,0)/NOT-in(0,2)|edges=0100000100000100000001100",82,1,0.0933558639558372,0.10182124434664497,834934,0.09681217545425246,3969299,0.06904406097560975,5661613,0.03614530678811746,7409788,0.0,0,0.0,0,0.0,0,0.0,0
5,circuit,7,0000000001000111000000010,"NOR-in(0,2)/NOR-in(2,1)/NOR-mid(2,1)/NOR-out(1,0)/NOT-in(0,1)|edges=0110000100000100000001000",82,1,-0.08100346144268694,0.00026780494336705934,2196,0.01897390336458065,777930,0.030114134146341464,2469359,0.024203072816540397,4961630,0.0,0,0.0,0,0.0,0,0.0,0
5,circuit,7,0000000001000111000000010,"NOR-in(0,2)/NOR-in(2,1)/NOR-out(2,1)/NOT-in(0,1)/OUT-OR2(1,0)|edges=0110000100000010100000000",82,1,-0.11201277343324159,0.0,0,2.4390245092207077e-05,1000,0.00044969512195121953,36875,0.006053258448001096,1240918,0.02454850243902439,5032443,0.03189161053394172,2615112,0.03834068199169068,1571968,0.0797416975924759,653882
5,circuit,7,0000000001000111000000010,"NOR-in(0,2)/NOR-mid(2,1)/NOR-out(2,1)/NOT-in(0,1)/OUT-NOT(1,0)|edges=0110000100000010100000000",82,3,0.1682066654901124,0.04216025418542785,345714,0.040303221478205926,1652432,0.04186951219512195,3433300,0.05309896507660051,10885288,0.01991188780487805,4081937,0.012804939336705838,1050005,0.013720658201935167,562547,0.011514144937299398,94416
5,circuit,7,0000000001000111000010000,"NOR-in(0,2)/NOR-in(2,1)/NOR-mid(1,1)/NOR-out(2,0)/NOT-in(0,1)|edges=0110000010000100000001000",82,1,0.12477277427451308,5.207318343248376e-05,427,0.00039582928760142867,16229,0.0010893170731707316,89324,0.005254951142610471,1077265,0.005952809756097561,1220326,0.005044085488880134,413615,0.002025902389612137,83062,0.00016414632144557054,1346
5,circuit,7,0000000001000111000010000,"NOR-mid(0,1)/NOR-mid(0,2)/NOR-out(1,1)/NOR-out(2,1)/OUT-OR2(2,0)|edges=0001000110000010000100000",82,3,6.5160746576128e-05,0.01141500278414702,93603,0.027705464766120232,1135924,0.039316524390243905,3223955,0.04667333102429272,9568033,0.043124751219512196,8840574,0.04077676928723827,3343695,0.033768389420283186,1384504,0.0047651213701071496,39074
5,circuit,7,0000000001000111000010000,"NOR-mid(0,2)/NOR-out(1,1)/NOR-out(2,1)/NOT-mid(0,1)/OUT-OR2(2,0)|edges=0110000001000010010000000",82,1,0.07672756791024549,0.01141500278414702,93603,0.02721358669334569,1115757,0.03478479268292683,2852353,0.030366326384883027,6225097,0.010656365853658537,2184555,0.008164109955222194,669457,0.0028980731000469977,118821,0.0019381704953450615,15893
5,circuit,7,0000000001000111000010010,"NOR-in(0,1)/NOR-in(0,2)/NOR-in(2,1)/NOR-in(2,2)/NOR-mid(2,0)|edges=0001000110000010010100000",82,1,-0.020813327851710188,0.0,0,0.00023653659690422424,9698,0.0025498292682926828,209086,0.008242238903772113,1689659,0.020646790243902438,4232592,0.025984927463047012,2130764,0.025209657921715662,1033596,0.017873046600847976,146559
5,circuit,7,0000000001000111000010010,"NOR-in(0,1)/NOR-in(0,2)/NOR-in(2,2)/NOR-mid(2,1)/NOR-out(2,0)|edges=0010000110000110000100000",82,1,-0.04767740178617326,0.0,0,0.0003713414815288528,15225,0.0032286585365853657,264750,0.006602951122883642,1353605,0.01779958048780488,3648914,0.01940075657075016,1590862,0.020655926325465212,846893,0.02525999691951257,207132
5,circuit,7,0000000001000111000010010,"NOR-in(0,2)/NOR-in(2,2)/NOR-mid(2,1)/NOR-out(2,0)/NOT-in(0,1)|edges=0110000110000100000001000",82,1,-0.02148634554575168,7.317074955384135e-07,6,0.0002902439165972642,11900,0.00290909756097561,238546,0.005704121867744558,1169345,0.017508736585365853,3589291,0.010966158804052654,899225,0.005035414511331353,206452,0.0029491459818114657,24183
5,circuit,7,0000000001000111100010000,"NOR-in(0,2)/NOR-in(1,1)/NOR-in(1,2)/NOR-mid(2,1)/NOR-out(2,0)|edges=0011000010010010000100000",82,1,0.12477277427451308,5.207318343248376e-05,427,0.00039582928760142867,16229,0.0010893170731707316,89324,0.005254951142610471,1077265,0.005952809756097561,1220326,0.005044085488880134,413615,0.002025902389612137,83062,0.00016414632144557054,1346
5,circuit,7,0000000001000111100010000,"NOR-in(1,1)/NOR-in(1,2)/NOR-mid(2,1)/NOR-out(2,0)/NOT-in(0,2)|edges=0010010010000100000001100",82,1,0.03626039231171868,0.00010439026936348033,856,0.0004272927037703758,17519,0.0010081829268292683,82671,0.002153799968480976,441529,0.01572128292682927,3222863,0.016009000390463424,1312738,0.013554170401117794,555721,0.011258291309964474,92318
5,circuit,7,0000000001010000110010000,"NOR-in(0,2)/NOR-in(1,1)/NOR-in(2,1)/NOR-mid(1,0)/NOT-in(1,1)|edges=0110000100000010000000010",82,2,0.15231269785972112,0.023783054581232824,195021,0.023143806007014926,948896,0.02427290243902439,1990378,0.021922789923081124,4494172,0.006506087804878049,1333748,0.003955463511108866,324348,0.001441341428259965,59095,0.0015734144422665315,12902
5,circuit,7,0000000001010000110010000,"NOR-in(0,2)/NOR-in(1,1)/NOR-in(2,1)/NOR-mid(1,1)/NOR-out(1,0)|edges=0110000100000100000100000",82,3,0.10451339545426444,0.0004176830287031777,3425,0.0036691221302010794,150434,0.01167740243902439,957547,0.014358390033779658,2943470,0.020822546341463414,4268622,0.016265939421120475,1333807,0.014466219159360508,593115,0.014393534830056728,118027
5,circuit,7,0000000001010000110010000,"NOR-in(0,2)/NOR-in(1,1)/NOR-in(2,1)/NOT-in(1,1)/NOT-mid(1,0)|edges=0110000100000100000100000",82,1,-0.11605156196587921,0.0,0,0.00015017073903271898,6157,0.000831890243902439,68215,0.015874911962806167,3254357,0.017669760975609756,3622301,0.01430607351966033,1173098,0.016041706925812027,657710,0.03193682537355788,261882
5,circuit,7,0000000001010000110010000,"NOR-in(0,2)/NOR-in(1,1)/NOR-mid(2,1)/NOR-out(1,1)/OUT-NOT(1,0)|edges=0110000100000100000100000",82,4,0.11780483713055412,0.14622954786086534,1199082,0.1078442979436243,4421616,0.07416268292682927,6081340,0.0563573064923321,11553248,0.02757792195121951,5653474,0.02655481772084921,2177495,0.027793901761124347,1139550,0.04153682420282632,340602
5,circuit,7,0000000001010000110010000,"NOR-in(0,2)/NOR-in(1,1)/NOR-mid(2,1)/NOR-out(1,1)/OUT-OR2(1,0)|edges=0110000100000100000100000",82,4,-0.11066866429471352,0.00026780494336705934,2196,0.019372537530367686,794274,0.03495304878048781,2866150,0.04761867247387309,9761828,0.06229134146341463,12769725,0.06929558705598993,5682238,0.06968119342240991,2856929,0.052497676524673596,430481
5,circuit,7,0000000001010000110010000,"NOR-in(0,2)/NOR-in(2,1)/NOR-mid(1,1)/NOR-out(1,0)/NOT-in(1,1)|edges=0100100100000100000001000",82,1,-0.1015467629999924,0.0,0,0.0024228781669696667,99338,0.008505134146341464,697421,0.011152038861189675,2286168,0.021991034146341463,4508162,0.023538732281432495,1930176,0.02287324334455504,937803,0.011583413221534973,94984
5,circuit,7,0000000001010000110010000,"NOR-in(1,1)/NOR-in(1,1)/NOR-in(2,1)/NOT-in(0,2)/NOT-mid(1,0)|edges=0000100100100000110000000",82,1,-0.022003907347001635,3.292683729922861e-05,270,0.00036926831069601516,15140,0.0008804268292682927,72195,0.0017399219257572401,356684,0.002661009756097561,545507,0.0014682683284943496,120398,0.0003614390155746582,14819,6.12195047293287e-05,502
5,circuit,7,0000000001010000110010000,"NOR-in(1,1)/NOR-in(1,1)/NOR-in(2,1)/NOT-in(0,2)/NOT-mid(1,0)|edges=0010000001010001010000000",82,1,0.06161169928237492,0.003882318020077566,31835,0.0067604149639226814,277177,0.009516524390243902,780355,0.01632408756598896,3346438,0.0,0,0.0,0,0.0,0,0.0,0
5,circuit,7,0000000001010000110010000,"NOR-in(1,1)/NOR-in(2,1)/NOR-mid(1,0)/NOT-in(0,2)/NOT-in(1,1)|edges=0010010000000000100101000",82,1,-0.0026143661315921932,0.005518903785098484,45255,0.008277829672089253,339391,0.010571426829268293,866857,0.01166639007317478,2391610,0.004745229268292683,972772,0.00022457317620910185,18415,0.0,0,0.0,0
5,circuit,7,0000000001010000110010000,"NOR-in(1,1)/NOR-in(2,1)/NOR-out(1,0)/NOT-in(0,2)/NOT-mid(1,1)|edges=0100000001000001100000100",82,1,-0.07455180327054788,1.5853662403332294e-06,13,0.00013036586001784683,5345,0.0006438170731707317,52793,0.011868331533634173,2433008,0.024050658536585365,4930385,0.026272512835914946,2154346,0.02831980418732185,1161112,0.022797436244215093,186939
5,circuit,7,0000000001010000110010000,"NOR-in(1,1)/NOR-mid(2,1)/NOR-out(1,1)/NOT-in(0,2)/OUT-NOT(1,0)|edges=0100000100000011100000000",82,2,0.19095071655122645,0.2508670124065884,2057109,0.2085601077346394,8550964,0.1428918292682927,11717130,0.08387954999200659,17195308,0.0,0,0.0,0,0.0,0,0.0,0
5,circuit,7,0000000001010000110010000,"NOR-in(2,1)/NOR-out(1,1)/NOT-in(0,2)/NOT-in(1,1)/OUT-NOT(1,0)|edges=0100000001100101000000000",82,1,-0.0026143661315921932,0.005518903785098484,45255,0.008277829672089253,339391,0.010571426829268293,866857,0.01166639007317478,2391610,0.004745229268292683,972772,0.00022457317620910185,18415,0.0,0,0.0,0
5,circuit,7,0000000001010000110010000,"NOR-mid(2,1)/NOR-out(1,1)/NOT-in(0,2)/NOT-in(1,1)/OUT-NOT(1,0)|edges=0100000001100101000000000",82,1,0.08322879678026891,0.0533900130219544,437798,0.05003005122097811,2051232,0.044874829268292685,3679736,0.029557375177209144,6059262,0.0,0,0.0,0,0.0,0,0.0,0
5,circuit,7,0000000001010000110110000,"NOR-in(0,3)/NOR-in(1,1)/NOR-in(2,1)/NOR-mid(2,1)/NOR-out(1,0)|edges=0111000100000100000100000",82,1,0.06111840854888855,4.390244973230481e-06,36,0.00020241464402022654,8299,0.0007178780487804878,58866,0.001576878025704224,323260,0.005133248780487805,1052316,0.00500803670751309,410659,0.005182146215069605,212468,0.008714267229967411,71457
5,circuit,7,0000000001010001000010000,"NOR-in(0,1)/NOR-in(0,1)/NOR-in(1,1)/NOR-in(1,1)/NOR-mid(2,0)|edges=0000100100000100000100000",82,1,0.11730803864289298,4.804879220702249e-05,394,0.0003984390438262948,16336,0.0009210243902439024,75524,0.0014829560758591793,304006,0.007809760975609756,1601001,0.007410609936844145,607670,0.006299975456098159,258299,0.0038602434316776305,31654
5,circuit,7,0000000001010001000010000,"NOR-in(0,1)/NOR-in(0,1)/NOR-in(1,1)/NOR-mid(1,1)/NOR-out(2,0)|edges=0010000001000100000100000",82,1,0.06539130757972525,0.0009557319404224245,7837,0.0029864147798251113,122443,0.0050826829268292685,416780,0.005378360896902036,1102564,0.005931551219512195,1215968,0.004205512297695422,344852,0.0008270243700725763,33908,0.0,0
5,circuit,7,0000000001010001000010000,"NOR-in(0,1)/NOR-in(0,1)/NOR-in(1,1)/NOR-mid(2,0)/NOT-in(1,1)|edges=0010000010000010000000010",82,1,-0.04634681593297097,3.1707324806664587e-06,26,0.00020424391240214207,8374,0.0006953536585365854,57019,0.0013844682724224156,283816,0.012844239024390244,2633069,0.012804939336705838,1050005,0.013720658201935167,562547,0.011514144937299398,94416
5,circuit,7,0000000001010001000010000,"NOR-in(0,1)/NOR-in(0,1)/NOR-in(1,1)/NOR-out(2,0)/NOT-mid(1,1)|edges=0001000100000010000000010",82,1,0.012938812502682587,2.5609762343844476e-06,21,0.0004690000228780499,19229,0.0019458048780487806,159556,0.0034899267781961936,715435,0.008328419512195121,1707326,0.009258280713616602,759179,0.009225926604245692,378263,0.009319633009800852,76421
5,circuit,7,0000000001010001000010000,"NOR-in(0,1)/NOR-in(0,1)/NOR-mid(1,1)/NOR-out(1,1)/OUT-OR2(2,0)|edges=0000100100000100000100000",82,2,0.13794551182976708,0.03594037461960357,294711,0.06689580814125894,2742728,0.06525220731707317,5350681,0.05702272599478938,11689659,0.020646790243902438,4232592,0.025984927463047012,2130764,0.025209657921715662,1033596,0.017873046600847976,146559
5,circuit,7,0000000001010001000010000,"NOR-in(0,1)/NOR-in(0,1)/NOR-mid(1,1)/NOR-out(1,1)/OUT-OR2(2,0)|edges=0010000001000100000100000",82,1,-0.0819910212213533,0.0,0,1.4000000682926863e-05,574,0.00036679268292682924,30077,0.001079653642736776,221329,0.029788463414634148,6106635,0.03671151309052471,3010344,0.04029477950500538,1652086,0.05635096873768674,462078
5,circuit,7,0000000001010001000010000,"NOR-in(0,1)/NOR-in(0,1)/NOR-mid(1,1)/NOR-out(2,0)/NOT-in(1,1)|edges=0001000001000100000000100",82,3,0.17640378211815547,0.14367771797017512,1178157,0.13741854328870942,5634160,0.1256274512195122,10301451,0.0851003938765796,17445581,0.001646458536585366,337524,0.0,0,0.0,0,0.0,0
5,circuit,7,0000000001010001000010000,"NOR-in(0,1)/NOR-in(0,1)/NOR-mid(2,0)/NOT-in(1,1)/NOT-in(1,1)|edges=0010000001000000010000010",82,1,0.03626039231171868,0.00010439026936348033,856,0.0004272927037703758,17519,0.0010081829268292683,82671,0.002153799968480976,441529,0.01572128292682927,3222863,0.016009000390463424,1312738,0.013554170401117794,555721,0.011258291309964474,92318
5,circuit,7,0000000001010001000010000,"NOR-in(0,1)/NOR-in(0,1)/NOR-out(1,1)/NOT-mid(1,1)/OUT-OR2(2,0)|edges=0000100010000010010000000",82,1,-0.08639645147671861,6.097562462820113e-07,5,0.00046468294949672924,19052,0.0023845121951219512,195530,0.0073049950150488535,1497524,0.010208356097560975,2092713,0.011938402730204944,978949,0.012866828954467587,527540,0.001971097320597888,16163
5,circuit,7,0000000001010001000010000,"NOR-in(0,1)/NOR-in(0,1)/NOR-out(1,1)/NOT-mid(1,1)/OUT-OR2(2,0)|edges=0001000001000010010000000",82,1,0.012938812502682587,2.5609762343844476e-06,21,0.0004690000228780499,19229,0.0019458048780487806,159556,0.0034899267781961936,715435,0.008328419512195121,1707326,0.009258280713616602,759179,0.009225926604245692,378263,0.009319633009800852,76421
5,circuit,7,0000000001010001000010000,"NOR-in(0,1)/NOR-in(1,1)/NOR-in(1,1)/NOR-mid(2,0)/NOT-in(0,1)|edges=0001000010010000000000100",82,1,0.09865441301061931,0.005258537867936066,43120,0.00916475654462227,375755,0.01286059756097561,1054569,0.010938736425286784,2242441,0.0,0,0.0,0,0.0,0,0.0,0
5,circuit,7,0000000001010001000010000,"NOR-in(0,1)/NOR-in(1,1)/NOR-in(1,1)/NOR-mid(2,0)/NOT-in(0,1)|edges=0001000100000100000001000",82,1,0.06539130757972525,0.0009557319404224245,7837,0.0029864147798251113,122443,0.0050826829268292685,416780,0.005378360896902036,1102564,0.005931551219512195,1215968,0.004205512297695422,344852,0.0008270243700725763,33908,0.0,0
5,circuit,7,0000000001010001000010000,"NOR-in(0,1)/NOR-in(1,1)/NOR-in(1,1)/NOR-mid(2,0)/NOT-in(0,1)|edges=0010000010010000000000010",82,1,0.1491931332730753,0.012069149285158362,98967,0.014175634837835845,581201,0.016107621951219512,1320825,0.02884642884614982,5913518,0.005448756097560976,1116995,0.0,0,0.0,0,0.0,0
5,circuit,7,0000000001010001000010000,"NOR-in(0,1)/NOR-in(1,1)/NOR-in(1,1)/NOR-mid(2,0)/NOT-in(0,1)|edges=0100000100000100000000010",82,3,0.14221382977089117,0.0361162283210313,296153,0.06777344233041183,2778711,0.06527792682926829,5352790,0.05310731629599049,10887000,0.012844239024390244,2633069,0.012804939336705838,1050005,0.013720658201935167,562547,0.011514144937299398,94416
5,circuit,7,0000000001010001000010000,"NOR-in(0,1)/NOR-in(1,1)/NOR-in(1,1)/NOR-out(0,1)/OUT-OR2(2,0)|edges=0100000100000010000100000",82,1,-0.0819910212213533,0.0,0,1.4000000682926863e-05,574,0.00036679268292682924,30077,0.001079653642736776,221329,0.029788463414634148,6106635,0.03671151309052471,3010344,0.04029477950500538,1652086,0.05635096873768674,462078
5,circuit,7,0000000001010001000010000,"NOR-in(0,1)/NOR-in(1,1)/NOR-mid(0,1)/NOR-mid(1,1)/NOR-out(2,0)|edges=0100000010000010000100000",82,11,0.0178328178208916,0.0011862198015170247,9727,0.007858366236993476,322193,0.022308439024390243,1829292,0.04266112620495913,8745531,0.1689427756097561,34633269,0.18295299226714615,15002145,0.17740606884375443,7273649,0.15925973667564186,1305930
5,circuit,7,0000000001010001000010000,"NOR-in(0,1)/NOR-in(1,1)/NOR-mid(0,1)/NOR-out(2,0)/NOT-mid(1,1)|edges=0100000001000100000000010",82,1,-0.08200984520655306,1.2195124925640225e-07,1,0.0010102439517192172,41420,0.00349,286180,0.004613468225168758,945761,0.019342302439024392,3965172,0.022844085923026485,1873215,0.025779121322460456,1056944,0.0211742657104554,173629
5,circuit,7,0000000001010001000010000,"NOR-in(0,1)/NOR-in(1,1)/NOR-mid(1,1)/NOR-out(2,0)/NOT-mid(0,1)|edges=0100000100000100000000010",82,2,-0.18302685016858355,0.0,0,0.00016034147123616932,6574,0.0018070121951219511,148175,0.005203048704345629,1066625,0.05375934634146341,11020666,0.06325359910374632,5186795,0.06504355938918148,2666786,0.057238651556262,469357
5,circuit,7,0000000001010001000010000,"NOR-in(0,1)/NOR-in(1,1)/NOR-mid(2,0)/NOT-in(0,1)/NOT-in(1,1)|edges=0010000001000000100000100",82,1,0.18456364133741268,0.03008793416778882,246721,0.025923342727967938,1062857,0.025066536585365853,2055456,0.022868067958028274,4687954,0.0016188926829268293,331873,0.0,0,0.0,0,0.0,0
5,circuit,7,0000000001010001000010000,"NOR-in(0,1)/NOR-in(1,1)/NOR-out(0,1)/NOR-out(1,1)/OUT-OR2(2,0)|edges=0100000010000010000100000",82,8,-0.2019010820793445,8.536587447948158e-07,7,0.000876658579349199,35943,0.009458012195121952,775557,0.032932467810744374,6751156,0.19322956585365852,39612061,0.21611639551503403,17721544,0.2094750680615837,8588478,0.2150465591406635,1763382
5,circuit,7,0000000001010001000010000,"NOR-in(0,1)/NOR-mid(1,1)/NOR-out(0,1)/NOR-out(1,1)/OUT-OR2(2,0)|edges=0100000010000010000100000",82,16,-0.2644188035837252,0.025465615967223406,208818,0.06689368618993591,2742641,0.0962535,7892787,0.12830161275656177,26301831,0.31229328780487803,64020124,0.32784580067916586,26883355,0.32160094337558676,13185639,0.2642438702141622,2166800
5,circuit,7,0000000001010001000010000,"NOR-in(0,1)/NOR-mid(1,1)/NOR-out(0,1)/NOT-out(1,1)/OUT-OR2(2,0)|edges=0100000010000010000100000",82,2,0.010704230452217831,0.002084390752290427,17092,0.008009317463869145,328382,0.013457914634146341,1103549,0.013463531510289783,2760024,0.03276536585365854,6716900,0.017229085786075262,1412785,0.017425828843272467,714459,0.01912024157070225,156786
5,circuit,7,0000000001010001000010000,"NOR-in(0,1)/NOR-mid(1,1)/NOR-out(1,1)/NOT-in(0,1)/OUT-OR2(2,0)|edges=0000100100000010100000000",82,2,0.1586378815949477,0.03595805755074574,294856,0.06783410086995614,2781198,0.06606379268292682,5417231,0.05313105288100898,10891866,0.0197172243902439,4042031,0.024057939611169258,1972751,0.028594487107451536,1172374,0.04263853138554495,349636
5,circuit,7,0000000001010001000010000,"NOR-in(0,1)/NOR-mid(1,1)/NOR-out(1,1)/NOT-out(0,1)/OUT-OR2(2,0)|edges=0100000100000010000100000",82,1,-0.08100346144268694,0.00026780494336705934,2196,0.01897390336458065,777930,0.030114134146341464,2469359,0.024203072816540397,4961630,0.0,0,0.0,0,0.0,0,0.0,0
5,circuit,7,0000000001010001000010000,"NOR-in(0,1)/NOR-mid(1,1)/NOR-out(2,0)/NOT-in(1,1)/NOT-mid(0,1)|edges=0001000100000000100000100",82,1,0.13729798449719127,0.02361037161228576,193605,0.022233879133359957,911589,0.02239270731707317,1836202,0.018980428990530308,3890988,0.006506087804878049,1333748,0.003955463511108866,324348,0.001441341428259965,59095,0.0015734144422665315,12902
5,circuit,7,0000000001010001000010000,"NOR-in(0,1)/NOR-out(0,1)/NOR-out(1,1)/NOT-mid(1,1)/OUT-OR2(2,0)|edges=0001000001000010010000000",82,5,-0.34168333720567545,2.926829982153654e-06,24,0.0024307074356442653,99659,0.010010292682926828,820844,0.03152920441664579,6463487,0.11413925365853658,23398547,0.12976229584786086,10640508,0.1443746062347657,5919359,0.16746132104130232,1373183
5,circuit,7,0000000001010001000010000,"NOR-in(1,1)/NOR-in(1,1)/NOR-in(2,0)/NOT-in(0,1)/NOT-in(0,1)|edges=0100000100000001000000100",82,1,-0.07506861814822623,7.317074955384135e-06,60,0.0009014390683628814,36959,0.0038981951219512197,319652,0.027181106919300875,5572127,0.012422814634146342,2546677,0.01152817101288222,945310,0.00929368270015408,381041,0.00024609753096371573,2018
5,circuit,7,0000000001010001000010000,"NOR-in(1,1)/NOR-in(1,1)/NOR-mid(2,0)/NOT-in(0,1)/NOT-in(0,1)|edges=0100000100000001000000100",82,1,0.27879853944059335,0.2605149415890101,2136222,0.11247317621820371,4611400,0.074286,6091452,0.046941267605737545,9622960,0.0,0,0.0,0,0.0,0,0.0,0
5,circuit,7,0000000001010001000010000,"NOR-in(1,1)/NOR-mid(0,1)/NOR-mid(1,1)/NOR-out(2,0)/NOT-in(0,1)|edges=0010000010000100000010000",82,6,-0.15991748001281647,0.0006467074748067012,5303,0.004259780695599059,174651,0.013040646341463414,1069333,0.03352870194836046,6873384,0.06698143414634146,13731194,0.07237703835065948,5934917,0.07583546156498874,3109254,0.11621827850996604,952990
5,circuit,7,0000000001010001000010000,"NOR-in(1,1)/NOR-mid(0,1)/NOR-out(2,0)/NOT-in(0,1)/NOT-mid(1,1)|edges=0000100100000001000000100",82,1,-0.1505214333991748,1.2195124925640226e-06,10,0.0007073658881641897,29002,0.002511853658536585,205972,0.004032477989768615,826658,0.02269197073170732,4651854,0.025319305495592817,2076183,0.026422853014076757,1083337,0.0252695091134745,207210
5,circuit,7,0000000001010001000010000,"NOR-in(1,1)/NOR-mid(1,1)/NOR-out(2,0)/NOT-in(0,1)/NOT-mid(0,1)|edges=0100000100000001000000100",82,1,-0.16805655721347387,0.0,0,0.00011939024972635364,4895,0.0008694024390243902,71291,0.0016643024146687452,341182,0.024340848780487805,4989874,0.025542646964454803,2094497,0.02708880421734624,1110641,0.01953743664177602,160207
5,circuit,7,0000000001010001000010000,"NOR-in(1,1)/NOR-out(0,1)/NOR-out(1,1)/NOT-in(0,1)/OUT-OR2(2,0)|edges=0010000001000011000000000",82,3,-0.10683541744357493,7.317074955384135e-07,6,0.0006859756432183241,28125,0.006587451219512195,540171,0.018360331438629297,3763868,0.059856819512195125,12270648,0.06225852590874453,5105199,0.06403202282848725,2625313,0.10795084049379994,885197
5,circuit,7,0000000001010001000010000,"NOR-in(1,1)/NOR-out(1,1)/NOT-in(0,1)/NOT-out(0,1)/OUT-OR2(2,0)|edges=0100000001100000000100000",82,1,-0.04062098613888259,0.02836025081957337,232554,0.06861280822501503,2813125,0.06448164634146342,5287495,0.036157355568428945,7412258,0.002422131707317073,496537,0.0,0,0.0,0,0.0,0
5,circuit,7,0000000001010001000010000,"NOR-in(1,1)/NOR-out(2,0)/NOT-in(0,1)/NOT-mid(0,1)/NOT-mid(1,1)|edges=0000100000100000100001000",82,1,-0.24405439436942875,0.0,0,0.00014931708045449172,6122,0.0009523414634146341,78092,0.0018785219237289475,385097,0.02339447317073171,4795867,0.025867281118714173,2121117,0.029142340752625836,1194836,0.03953023908167816,324148
5,circuit,7,0000000001010001000010000,"NOR-mid(0,1)/NOR-mid(1,1)/NOR-out(2,0)/NOT-in(0,1)/NOT-in(1,1)|edges=0010000100000000000101000",82,1,-0.14510531558133075,2.8414641076741727e-05,233,0.0004262439232314109,17476,0.0011813780487804878,96873,0.0030402536140450693,623252,0.016241146341463415,3329435,0.021981683462967888,1802498,0.02952207245068116,1210405,0.07750194176805589,635516
5,circuit,7,0000000001010001000010000,"NOR-mid(1,1)/NOR-out(0,1)/NOR-out(1,1)/NOT-in(0,1)/OUT-OR2(2,0)|edges=0010000001000011000000000",82,4,-0.05925316600641494,0.011415124735396277,93604,0.028410537971245754,1164832,0.04033907317073171,3307804,0.041596272562005765,8527236,0.07207334146341464,14775035,0.06940906266851372,5691543,0.06407021794950687,2626879,0.053720115399985925,440505
5,circuit,7,0000000001010001000010000,"NOR-mid(1,1)/NOR-out(0,1)/NOT-in(0,1)/NOT-out(1,1)/OUT-OR2(2,0)|edges=0001000001100000000100000",82,1,0.07995051181148055,0.00208329319104712,17083,0.00723051254782988,296451,0.010223341463414633,838314,0.00781401451979491,1601873,0.016248146341463415,3330870,0.0,0,0.0,0,0.0,0
5,circuit,7,0000000001010001000010000,"NOR-out(0,1)/NOR-out(1,1)/NOT-in(0,1)/NOT-in(1,1)/OUT-OR2(2,0)|edges=0000100001000100100000000",82,1,-0.33899546001180786,0.0,0,2.9317074600832907e-05,1202,0.0006810121951219512,55843,0.0017983755834384062,368667,0.025299560975609755,5186410,0.026464512840597875,2170090,0.023675731129860215,970705,0.019571217125461327,160484
5,circuit,7,0000000001010001000010000,"NOR-out(0,1)/NOR-out(1,1)/NOT-in(0,1)/NOT-mid(1,1)/OUT-OR2(2,0)|edges=0000100001000100100000000",82,2,-0.3224454871492618,0.0,0,0.00017948781363355187,7359,0.0015129024390243902,124058,0.017673287546244573,3623024,0.04296932195121951,8808711,0.0407705863602582,3343188,0.039717438055672245,1628415,0.051508042499019205,422366
5,circuit,7,0000000001010001000010010,"NOR-in(0,1)/NOR-in(1,1)/NOR-in(1,1)/NOR-in(1,2)/NOR-mid(2,0)|edges=0100000010000010010100000",82,1,-0.020813327851710188,0.0,0,0.00023653659690422424,9698,0.0025498292682926828,209086,0.008242238903772113,1689659,0.020646790243902438,4232592,0.025984927463047012,2130764,0.025209657921715662,1033596,0.017873046600847976,146559
5,circuit,7,0000000001010001000010010,"NOR-in(0,1)/NOR-in(1,1)/NOR-in(1,2)/NOR-mid(1,1)/NOR-out(2,0)|edges=0100000100000110000100000",82,5,-0.032337758001327016,0.012080368800089952,99059,0.014744073889954823,604507,0.019238951219512194,1577594,0.04065660916112279,8334605,0.07083589756097561,14521359,0.06506111134295393,5335011,0.05830604735838909,2390548,0.03795316610327243,311216
5,circuit,7,0000000001010001000010010,"NOR-in(0,1)/NOR-in(1,1)/NOR-in(1,2)/NOR-mid(2,0)/NOT-in(1,1)|edges=0000100010010100000000100",82,1,0.3047930373220285,0.1461845478498897,1198713,0.10669241983865463,4374389,0.07022709756097562,5758622,0.04852916514347563,9948479,0.0,0,0.0,0,0.0,0,0.0,0
5,circuit,7,0000000001010001000010010,"NOR-in(0,1)/NOR-in(1,1)/NOR-mid(1,2)/NOR-out(1,1)/OUT-OR2(2,0)|edges=0100000100000110000100000",82,4,-0.049668119980684065,0.0039653668208211755,32516,0.05725244181719229,2347350,0.10227589024390243,8386623,0.10942442766695959,22432008,0.016551658536585367,3393090,0.011608597844112143,951905,0.009293731480640695,381043,0.00024609753096371573,2018
5,circuit,7,0000000001010001000010010,"NOR-in(0,1)/NOR-in(1,1)/NOR-mid(2,0)/NOT-in(1,1)/NOT-in(1,2)|edges=0001000100000000000101100",82,1,0.0933558639558372,0.10182124434664497,834934,0.09681217545425246,3969299,0.06904406097560975,5661613,0.03614530678811746,7409788,0.0,0,0.0,0,0.0,0,0.0,0
5,circuit,7,0000000001010001000010010,"NOR-in(0,1)/NOR-in(1,1)/NOR-mid(2,0)/NOT-in(1,1)/NOT-in(1,2)|edges=0100000001000000010000110",82,1,0.08322879678026891,0.0533900130219544,437798,0.05003005122097811,2051232,0.044874829268292685,3679736,0.029557375177209144,6059262,0.0,0,0.0,0,0.0,0,0.0,0
5,circuit,7,0000000001010001000010010,"NOR-in(1,1)/NOR-in(1,1)/NOR-mid(2,0)/NOT-in(0,1)/NOT-in(1,2)|edges=0000100100000001000001100",82,1,0.17303352777561337,0.14904576805994343,1222175,0.11174793228038694,4581665,0.07384776829268293,6055517,0.04773424320388912,9785520,0.0,0,0.0,0,0.0,0,0.0,0
5,circuit,7,0000000001010001000010010,"NOR-in(1,1)/NOR-in(1,2)/NOR-mid(1,1)/NOR-out(2,0)/NOT-in(0,1)|edges=0100000110000100000010000",82,1,-0.04767740178617326,0.0,0,0.0003713414815288528,15225,0.0032286585365853657,264750,0.006602951122883642,1353605,0.01779958048780488,3648914,0.01940075657075016,1590862,0.020655926325465212,846893,0.02525999691951257,207132
5,circuit,7,0000000001010001000010010,"NOR-in(1,1)/NOR-mid(1,2)/NOR-out(1,1)/NOT-in(0,1)/OUT-OR2(2,0)|edges=0100000101000011000000000",82,2,-0.011223331408377819,0.0019029272933969007,15604,0.02255019622196079,924558,0.038147536585365856,3128098,0.05571705772121379,11421997,0.012422814634146342,2546677,0.01152817101288222,945310,0.00929368270015408,381041,0.00024609753096371573,2018
5,circuit,7,0000000001010001000010010,"NOR-in(1,2)/NOR-out(2,0)/NOT-in(0,1)/NOT-in(1,1)/NOT-mid(1,1)|edges=0100100000000101000001000",82,1,-0.04062098613888259,0.02836025081957337,232554,0.06861280822501503,2813125,0.06448164634146342,5287495,0.036157355568428945,7412258,0.002422131707317073,496537,0.0,0,0.0,0,0.0,0
5,circuit,7,0000000001010001000110000,"NOR-in(0,1)/NOR-in(0,2)/NOR-in(1,1)/NOR-mid(2,1)/NOR-out(2,0)|edges=0010000011000100000100000",82,1,-0.043775225490238344,7.926831201666147e-06,65,0.00019580488760023842,8028,0.0007213658536585366,59152,0.002053770701652136,421023,0.01167560487804878,2393499,0.009351988032975317,766863,0.008221755897030345,337092,0.006524511399449829,53501
5,circuit,7,0000000001010001000110000,"NOR-in(0,1)/NOR-in(0,2)/NOR-mid(2,1)/NOR-out(2,0)/NOT-in(1,1)|edges=0000100110000100000000100",82,2,0.09798480435634363,0.030091104900269488,246747,0.02612758664037008,1071231,0.02576189024390244,2112475,0.024252536230450688,4971770,0.014463131707317074,2964942,0.012804939336705838,1050005,0.013720658201935167,562547,0.011514144937299398,94416
5,circuit,7,0000000001010001000110000,"NOR-in(0,1)/NOR-mid(0,2)/NOR-mid(1,1)/NOR-out(2,1)/OUT-OR2(2,0)|edges=0010000011000100000100000",82,1,-0.04101342167043657,0.0,0,6.117073469125536e-05,2508,0.0006253658536585366,51280,0.003005336541385319,616094,0.013985278048780489,2866982,0.003426634229917908,280984,0.0013008292365651406,53334,0.0017804875877454162,14600
5,circuit,7,0000000001010001000110000,"NOR-in(0,2)/NOR-in(1,1)/NOR-in(2,1)/NOR-mid(2,0)/NOT-in(0,1)|edges=0011000100000100000001000",82,1,-0.04767740178617326,0.0,0,0.0003713414815288528,15225,0.0032286585365853657,264750,0.006602951122883642,1353605,0.01779958048780488,3648914,0.01940075657075016,1590862,0.020655926325465212,846893,0.02525999691951257,207132
5,circuit,7,0000000001010001010010000,"NOR-in(0,2)/NOR-in(1,1)/NOR-in(1,1)/NOR-mid(2,0)/NOT-in(1,1)|edges=0101000100000010000000010",82,1,0.14033618908110085,0.04483037678789678,367609,0.04261180695667351,1747084,0.03874113414634146,3176773,0.02340798014524907,4798636,1.7073170731707317e-07,35,0.0,0,0.0,0,0.0,0
5,circuit,7,0000000001010001010010000,"NOR-in(0,2)/NOR-in(1,1)/NOR-mid(1,1)/NOR-out(1,1)/OUT-OR2(2,0)|edges=0100100100000100000100000",82,2,0.052422022581467644,1.2195124925640226e-06,10,0.0008418536996026195,34516,0.005272158536585365,432317,0.019899589952688927,4079416,0.04287055609756098,8788464,0.055699196480468206,4567334,0.06163307166748606,2526956,0.049293286671550404,404205
5,circuit,7,0000000001010001010010000,"NOR-in(0,2)/NOR-in(1,1)/NOR-mid(2,0)/NOT-in(1,1)/NOT-in(1,1)|edges=0011000001000000100000100",82,1,0.07699499351665132,0.04545732816032394,372750,0.04477668511105781,1835844,0.042011487804878046,3444942,0.032135038554121385,6587683,0.0016462878048780487,337489,0.0,0,0.0,0,0.0,0
5,circuit,7,0000000001010001010010000,"NOR-in(0,2)/NOR-in(1,1)/NOR-out(1,1)/NOT-mid(1,1)/OUT-OR2(2,0)|edges=0100100010000010010000000",82,1,-0.13269838516746774,0.0,0,9.602439492801927e-05,3937,0.0007491829268292683,61433,0.013912409552501323,2852044,0.017500536585365854,3587610,0.013801524726866457,1131725,0.01534936547928377,629324,0.026018289509964695,213350
5,circuit,7,0000000001010001100010000,"NOR-in(0,1)/NOR-in(0,2)/NOR-mid(2,1)/NOR-out(1,1)/OUT-OR2(2,0)|edges=0010000101000100000100000",82,2,-0.11206804169814848,1.7682931142178327e-05,145,0.0012942195753277842,53063,0.004230817073170732,346927,0.006014868204660465,1233048,0.04405807317073171,9031905,0.049600586575624064,4067248,0.055683291324797775,2283015,0.06217596802732097,509843
5,circuit,7,0000000001010001100010000,"NOR-in(0,2)/NOR-in(1,1)/NOR-in(2,1)/NOR-mid(2,0)/NOT-in(0,1)|edges=0011000010010000000000100",82,2,0.05983276735621384,5.207318343248376e-05,427,0.000457000022292684,18737,0.0017146829268292682,140604,0.00826028768399579,1693359,0.01993808780487805,4087308,0.008470719718798042,694599,0.0033267316261772774,136396,0.0019446339091909867,15946
5,circuit,7,0000000001010001100010000,"NOR-in(0,2)/NOR-in(2,1)/NOR-mid(1,1)/NOR-out(2,0)/NOT-in(0,1)|edges=0101000100000100000001000",82,1,-0.0026143661315921932,0.005518903785098484,45255,0.008277829672089253,339391,0.010571426829268293,866857,0.01166639007317478,2391610,0.004745229268292683,972772,0.00022457317620910185,18415,0.0,0,0.0,0
5,circuit,7,0000000001010001100110000,"NOR-in(0,1)/NOR-in(0,3)/NOR-in(2,1)/NOR-in(2,1)/NOR-mid(2,0)|edges=0010000111000100000100000",82,1,0.06111840854888855,4.390244973230481e-06,36,0.00020241464402022654,8299,0.0007178780487804878,58866,0.001576878025704224,323260,0.005133248780487805,1052316,0.00500803670751309,410659,0.005182146215069605,212468,0.008714267229967411,71457
5,circuit,7,0000000001010001110010000,"NOR-in(0,3)/NOR-in(1,1)/NOR-in(2,1)/NOR-mid(1,1)/NOR-out(2,0)|edges=0110100100000100000100000",82,1,0.12477277427451308,5.207318343248376e-05,427,0.00039582928760142867,16229,0.0010893170731707316,89324,0.005254951142610471,1077265,0.005952809756097561,1220326,0.005044085488880134,413615,0.002025902389612137,83062,0.00016414632144557054,1346
5,circuit,7,0000000001010010110010000,"NOR-in(0,2)/NOR-in(1,2)/NOR-in(2,1)/NOR-in(2,1)/NOR-mid(1,0)|edges=0110000110000100000100000",82,1,0.07687864844894327,0.0001726829689470656,1416,0.0009099268736549695,37307,0.0018801951219512196,154176,0.0029423609325508154,603184,0.0,0,0.0,0,0.0,0,0.0,0
5,circuit,7,0000000001010010110010000,"NOR-in(0,2)/NOR-in(1,2)/NOR-in(2,1)/NOR-mid(2,1)/NOR-out(1,0)|edges=0110000110000100000100000",82,2,-0.017335746497118113,0.0,0,0.0003642195299619283,14933,0.004178865853658537,342667,0.020717931404127834,4247176,0.04335555609756098,8887889,0.05622141600540039,4610156,0.058514193694775764,2399082,0.040290604842609164,330383
5,circuit,7,0000000001010010110010000,"NOR-in(0,2)/NOR-in(1,2)/NOR-mid(2,1)/NOR-out(2,1)/OUT-OR2(1,0)|edges=0110000110000100000100000",82,2,-0.04941992200400377,7.317074955384135e-07,6,0.0006615853981261169,27125,0.006137756097560975,503296,0.0123070729906282,2522950,0.03530831707317073,7238205,0.030366915374802815,2490087,0.025691340836796566,1053345,0.028209142901324036,231315
5,circuit,7,0000000001010011000010000,"NOR-in(0,1)/NOR-in(1,1)/NOR-in(2,0)/NOR-in(2,1)/NOT-in(0,2)|edges=0010000010000000010001010",82,1,-0.022003907347001635,3.292683729922861e-05,270,0.00036926831069601516,15140,0.0008804268292682927,72195,0.0017399219257572401,356684,0.002661009756097561,545507,0.0014682683284943496,120398,0.0003614390155746582,14819,6.12195047293287e-05,502
5,circuit,7,0000000001010011000010000,"NOR-in(0,1)/NOR-mid(2,1)/NOR-out(2,0)/NOT-in(0,2)/NOT-in(1,1)|edges=0010000100000000100101000",82,1,0.08322879678026891,0.0533900130219544,437798,0.05003005122097811,2051232,0.044874829268292685,3679736,0.029557375177209144,6059262,0.0,0,0.0,0,0.0,0,0.0,0
5,circuit,7,0000000001010011000010000,"NOR-in(0,2)/NOR-in(1,1)/NOR-mid(0,1)/NOR-mid(2,1)/NOR-out(2,0)|edges=0101000010000010000100000",82,3,-0.14102993597125352,4.060976600238195e-05,333,0.0009838780967745414,40339,0.003877756097560976,317976,0.0089489315763571,1834531,0.04138045853658537,8482994,0.03462095206392566,2838918,0.0337787552736889,1384929,0.04502962865492333,369243
5,circuit,7,0000000001010011000010000,"NOR-in(0,2)/NOR-in(1,1)/NOR-out(0,1)/NOR-out(2,1)/OUT-OR2(2,0)|edges=0101000010000010000100000",82,1,-0.11201277343324159,0.0,0,2.4390245092207077e-05,1000,0.00044969512195121953,36875,0.006053258448001096,1240918,0.02454850243902439,5032443,0.03189161053394172,2615112,0.03834068199169068,1571968,0.0797416975924759,653882
5,circuit,7,0000000001010011000010000,"NOR-in(0,2)/NOR-mid(1,1)/NOR-out(0,1)/NOR-out(2,1)/OUT-OR2(2,0)|edges=0101000010000010000100000",82,4,-0.07933738506632887,8.536587447948158e-07,7,0.0008299756502427146,34029,0.007852365853658536,643894,0.02067901433152662,4239198,0.07617561463414634,15616001,0.07327109934807559,6008230,0.06205497409622014,2544254,0.04812365266784724,394614
5,circuit,7,0000000001010011000010000,"NOR-in(0,2)/NOR-out(2,1)/NOT-mid(1,1)/NOT-out(0,1)/OUT-OR2(2,0)|edges=0110000001010000000100000",82,1,-0.04062098613888259,0.02836025081957337,232554,0.06861280822501503,2813125,0.06448164634146342,5287495,0.036157355568428945,7412258,0.002422131707317073,496537,0.0,0,0.0,0,0.0,0
5,circuit,7,0000000001010011000010000,"NOR-in(2,0)/NOR-in(2,1)/NOT-in(0,1)/NOT-in(0,2)/NOT-in(1,1)|edges=0000010000100000100101000",82,1,-0.0026143661315921932,0.005518903785098484,45255,0.008277829672089253,339391,0.010571426829268293,866857,0.01166639007317478,2391610,0.004745229268292683,972772,0.00022457317620910185,18415,0.0,0,0.0,0
5,circuit,7,0000000001010011000010000,"NOR-in(2,1)/NOR-mid(0,1)/NOR-out(2,0)/NOT-in(0,2)/NOT-in(1,1)|edges=0010000100000001000110000",82,1,-0.0026143661315921932,0.005518903785098484,45255,0.008277829672089253,339391,0.010571426829268293,866857,0.01166639007317478,2391610,0.004745229268292683,972772,0.00022457317620910185,18415,0.0,0,0.0,0
5,circuit,7,0000000001010011000010000,"NOR-mid(1,1)/NOR-out(0,1)/NOR-out(2,1)/NOT-in(0,2)/OUT-OR2(2,0)|edges=0010000001000011010000000",82,1,-0.33899546001180786,0.0,0,2.9317074600832907e-05,1202,0.0006810121951219512,55843,0.0017983755834384062,368667,0.025299560975609755,5186410,0.026464512840597875,2170090,0.023675731129860215,970705,0.019571217125461327,160484
5,circuit,7,0000000001010011010010000,"NOR-in(0,2)/NOR-in(1,1)/NOR-in(1,2)/NOR-in(2,1)/NOR-mid(2,0)|edges=0010100010010100000100000",82,1,0.12477277427451308,5.207318343248376e-05,427,0.00039582928760142867,16229,0.0010893170731707316,89324,0.005254951142610471,1077265,0.005952809756097561,1220326,0.005044085488880134,413615,0.002025902389612137,83062,0.00016414632144557054,1346
5,circuit,7,0000000001010101000010000,"NOR-in(0,2)/NOR-in(1,1)/NOR-in(1,1)/NOR-in(1,1)/NOR-mid(2,0)|edges=0110000010000010000100000",82,2,-0.014392040914282964,7.926831201666147e-06,65,0.00029934147801665746,12273,0.0013080609756097562,107261,0.008220721830916267,1685248,0.039049439024390245,8005135,0.04258590347770496,3492044,0.04771409639721716,1956278,0.05600182243880214,459215
5,circuit,7,0000000001010101000010000,"NOR-in(0,2)/NOR-in(1,1)/NOR-in(1,1)/NOR-mid(2,0)/NOT-in(1,1)|edges=0110000001000100000000010",82,1,0.27879853944059335,0.2605149415890101,2136222,0.11247317621820371,4611400,0.074286,6091452,0.046941267605737545,9622960,0.0,0,0.0,0,0.0,0,0.0,0
5,circuit,7,0000000001010101000010000,"NOR-in(0,2)/NOR-in(1,1)/NOR-mid(1,1)/NOR-mid(1,1)/NOR-out(2,0)|edges=0110000010000010000100000",82,2,-0.1379784265371104,0.0,0,1.719512279000599e-05,705,0.0007153536585365853,58659,0.004313609692971565,884290,0.060337863414634145,12369262,0.07222368468838256,5922342,0.07314512016719218,2998950,0.08228255094115232,674717
5,circuit,7,0000000001010101000010000,"NOR-in(0,2)/NOR-in(1,1)/NOR-mid(1,1)/NOR-out(1,1)/OUT-OR2(2,0)|edges=0110000001000100000100000",82,1,-0.0819910212213533,0.0,0,1.4000000682926863e-05,574,0.00036679268292682924,30077,0.001079653642736776,221329,0.029788463414634148,6106635,0.03671151309052471,3010344,0.04029477950500538,1652086,0.05635096873768674,462078
5,circuit,7,0000000001010101000010000,"NOR-in(0,2)/NOR-in(1,1)/NOR-out(1,1)/NOR-out(1,1)/OUT-OR2(2,0)|edges=0101000100000010000100000",82,2,-0.11567554484477427,0.0,0,0.00037370733530279684,15322,0.0035297317073170733,289438,0.008303497439461013,1702217,0.047041995121951216,9643609,0.05348722081676148,4385952,0.05081285241919872,2083327,0.043450726408448,356296
5,circuit,7,0000000001010101000010000,"NOR-in(0,2)/NOR-mid(1,1)/NOR-out(1,1)/NOR-out(1,1)/OUT-OR2(2,0)|edges=0101000100000010000100000",82,1,-0.14449548065120046,0.0,0,8.048780880428336e-06,330,0.000402780487804878,33028,0.0012842390055965024,263269,0.030620458536585366,6277194,0.03792690336407081,3110006,0.040817535589816205,1673519,0.03883804404414097,318472
5,circuit,7,0000000001010101000010000,"NOR-in(0,2)/NOR-mid(1,1)/NOR-out(1,1)/NOR-out(1,1)/OUT-OR2(2,0)|edges=0110000010000010000100000",82,3,-0.1756965741688136,0.0,0,3.863414822605601e-05,1584,0.0012028658536585367,98635,0.010969214473621251,2248689,0.08643349268292683,17718866,0.10491839280288763,8603308,0.10660255837554736,4370705,0.1280848624286753,1050296
5,circuit,7,0000000001010101000010000,"NOR-in(1,1)/NOR-in(1,1)/NOR-in(1,1)/NOR-mid(2,0)/NOT-in(0,2)|edges=0100000010000100000010100",82,1,0.03706371634668833,0.00024109761977990726,1977,0.0011915854239797768,48855,0.002719719512195122,223017,0.004654995053829341,954274,0.006722565853658537,1378126,0.006150353808545215,504329,0.004579780376102917,187771,0.0007843901482451038,6432
5,circuit,7,0000000001010101000010010,"NOR-in(1,1)/NOR-in(1,2)/NOR-in(2,1)/NOR-mid(2,0)/NOT-in(0,2)|edges=0100000110000100000010100",82,1,-0.02148634554575168,7.317074955384135e-07,6,0.0002902439165972642,11900,0.00290909756097561,238546,0.005704121867744558,1169345,0.017508736585365853,3589291,0.010966158804052654,899225,0.005035414511331353,206452,0.0029491459818114657,24183
5,circuit,7,0000000001010101000010010,"NOR-in(1,1)/NOR-in(1,2)/NOR-mid(2,1)/NOR-out(2,0)/NOT-in(0,2)|edges=0100000110000100000010100",82,1,0.18456364133741268,0.03008793416778882,246721,0.025923342727967938,1062857,0.025066536585365853,2055456,0.022868067958028274,4687954,0.0016188926829268293,331873,0.0,0,0.0,0,0.0,0
5,circuit,7,0000000001010101000110000,"NOR-in(0,2)/NOR-in(1,1)/NOR-in(1,2)/NOR-in(2,0)/NOR-in(2,1)|edges=0110000001000110000000010",82,2,0.029309675236617982,4.390244973230481e-06,36,0.0004389512409244508,17997,0.0032677073170731706,267952,0.009819116929476337,2012919,0.025780039024390244,5284908,0.030992964170560102,2541423,0.030391804136785265,1246064,0.026587313830815387,218016
5,circuit,7,0000000001010101000110000,"NOR-in(1,1)/NOR-in(2,1)/NOR-mid(2,0)/NOT-in(0,2)/NOT-in(1,2)|edges=0100000100000001000101100",82,1,0.0933558639558372,0.10182124434664497,834934,0.09681217545425246,3969299,0.06904406097560975,5661613,0.03614530678811746,7409788,0.0,0,0.0,0,0.0,0,0.0,0
5,circuit,7,0000000001010111000010000,"NOR-in(1,1)/NOR-in(1,1)/NOR-in(2,0)/NOR-in(2,1)/NOT-in(0,3)|edges=0001000100000000010011010",82,1,0.06161169928237492,0.003882318020077566,31835,0.0067604149639226814,277177,0.009516524390243902,780355,0.01632408756598896,3346438,0.0,0,0.0,0,0.0,0,0.0,0
5,circuit,7,0000000001100001000000110,"NOR-in(0,1)/NOR-in(1,1)/NOR-in(1,1)/NOR-in(1,2)/NOR-in(2,0)|edges=0001000001000010110000000",82,1,-0.000423005754108848,0.00019109760758478234,1567,0.0005018292927721607,20575,0.0010605853658536585,86968,0.0027299755698052355,559645,0.004190360975609756,859024,0.0031490488572938746,258222,0.00065360974015586,26798,4.6341457763236854e-06,38
5,circuit,7,0000000001100001000000110,"NOR-in(0,1)/NOR-in(1,1)/NOR-in(1,1)/NOR-in(1,2)/NOR-mid(2,0)|edges=0001000001000010110000000",82,1,0.06789349145154658,1.2195124925640226e-06,10,0.0006053171026983952,24818,0.002722329268292683,223231,0.011657351048916813,2389757,0.022223765853658536,4555872,0.029714269017421194,2436570,0.0364234137457704,1493360,0.03142024007070243,257646
5,circuit,7,0000000001100001000000110,"NOR-in(0,1)/NOR-in(1,1)/NOR-in(1,2)/NOR-mid(2,0)/NOT-in(1,1)|edges=0010000010010010000000010",82,1,0.07687864844894327,0.0001726829689470656,1416,0.0009099268736549695,37307,0.0018801951219512196,154176,0.0029423609325508154,603184,0.0,0,0.0,0,0.0,0,0.0,0
5,circuit,7,0000000001100001000000110,"NOR-in(0,1)/NOR-in(1,1)/NOR-in(2,0)/NOT-in(1,1)/NOT-in(1,2)|edges=0000100100000000010001010",82,1,0.0933558639558372,0.10182124434664497,834934,0.09681217545425246,3969299,0.06904406097560975,5661613,0.03614530678811746,7409788,0.0,0,0.0,0,0.0,0,0.0,0
5,circuit,7,0000000001100001000000110,"NOR-in(0,1)/NOR-in(1,2)/NOR-mid(1,1)/NOR-mid(1,1)/NOR-out(2,0)|edges=0100000110000010000100000",82,2,0.08377300180277382,0.00015865857528257933,1301,0.0015445854411992898,63328,0.003886890243902439,318725,0.016288029029931282,3339046,0.030040043902439025,6158209,0.03160669589284624,2591749,0.03456773086420169,1417277,0.03181743514421523,260903
5,circuit,7,0000000001100001000000110,"NOR-in(0,1)/NOR-mid(1,2)/NOR-out(1,1)/NOR-out(1,1)/OUT-OR2(2,0)|edges=0100000110000010000100000",82,1,0.024123217970267223,0.0,0,0.00010353659041641905,4245,0.0005866951219512196,48109,0.00616695112926413,1264225,0.027373834146341463,5611636,0.033233915444729645,2725181,0.039492340500186816,1619186,0.04947731103935231,405714
5,circuit,7,0000000001100001000000110,"NOR-in(0,1)/NOR-out(1,1)/NOT-mid(1,2)/NOT-out(1,1)/OUT-OR2(2,0)|edges=0010000001010100000100000",82,1,0.09583050747532344,0.0009054880257287868,7425,0.003741609938615119,153406,0.007554865853658536,619499,0.00895859986889854,1836513,0.01499410243902439,3073791,1.4634146698393822e-07,12,0.0,0,0.0,0
5,circuit,7,0000000001100001000000110,"NOR-in(1,1)/NOR-mid(1,1)/NOR-out(2,0)/NOT-in(0,1)/NOT-in(1,2)|edges=0010000100000000000111000",82,1,0.03626039231171868,0.00010439026936348033,856,0.0004272927037703758,17519,0.0010081829268292683,82671,0.002153799968480976,441529,0.01572128292682927,3222863,0.016009000390463424,1312738,0.013554170401117794,555721,0.011258291309964474,92318
5,circuit,7,0000000001100001010000110,"NOR-in(0,1)/NOR-in(1,2)/NOR-in(1,2)/NOR-in(2,1)/NOR-mid(2,0)|edges=0100000110000110000100000",82,2,-0.017335746497118113,0.0,0,0.0003642195299619283,14933,0.004178865853658537,342667,0.020717931404127834,4247176,0.04335555609756098,8887889,0.05622141600540039,4610156,0.058514193694775764,2399082,0.040290604842609164,330383
5,circuit,7,0000000001100001010000110,"NOR-in(0,1)/NOR-in(1,2)/NOR-in(1,2)/NOR-mid(2,1)/NOR-out(2,0)|edges=0100000110000110000100000",82,1,-0.02148634554575168,7.317074955384135e-07,6,0.0002902439165972642,11900,0.00290909756097561,238546,0.005704121867744558,1169345,0.017508736585365853,3589291,0.010966158804052654,899225,0.005035414511331353,206452,0.0029491459818114657,24183
5,circuit,7,0000000011000111000010000,"NOR-in(0,2)/NOR-in(0,2)/NOR-in(2,1)/NOR-in(2,1)/NOR-mid(2,0)|edges=0011000110000010000100000",82,1,0.06789349145154658,1.2195124925640226e-06,10,0.0006053171026983952,24818,0.002722329268292683,223231,0.011657351048916813,2389757,0.022223765853658536,4555872,0.029714269017421194,2436570,0.0364234137457704,1493360,0.03142024007070243,257646
5,circuit,7,0000000011010011000010000,"NOR-in(0,2)/NOR-in(1,2)/NOR-in(2,1)/NOR-mid(2,0)/NOT-in(1,1)|edges=0110000101000100000000010",82,1,0.07687864844894327,0.0001726829689470656,1416,0.0009099268736549695,37307,0.0018801951219512196,154176,0.0029423609325508154,603184,0.0,0,0.0,0,0.0,0,0.0,0
